epoch,lr_backbone,lr_main,solver_strength,train_total,train_count,train_flat_dm16,train_allocation,train_dm16,train_dm32,train_dm64,train_cell,train_region_nb,train_hurdle_bce,train_trunc_nb,train_curvature,train_hard_bg,train_fg_bce,train_scale_align,train_spectral,train_spectral_dc,train_spectral_ac,train_cell_carrier,train_cell_fine,train_kd_total,train_kd_spatial,train_kd_count,region_mu_mean,region_dispersion_mean,region_dispersion_p10,region_dispersion_p50,region_dispersion_p90,region_weight_mean,region_weight_std,region_weight_min,region_weight_max,solver_weight_mean,solver_weight_std,weight_clip_low_fraction,weight_clip_high_fraction,solver_energy_before,solver_energy_after,solver_energy_reduction,weight_mean_16,weight_mean_32,weight_mean_64,weight_mean_64_32,weight_mean_128,scale_pi_16,scale_pi_32,scale_pi_64,scale_pi_64_32,scale_pi_128,val_mae,val_rmse,val_nae,val_bias,val_game0,val_game1,val_game2,val_game3,val_mae_sparse,val_mae_moderate,val_mae_dense,pearson_rate_var_error,spearman_rate_var_error,spearman_weight_error,spearman_pred_weight_error,spearman_rate_var_error_16,spearman_rate_var_error_32,spearman_rate_var_error_64,spearman_rate_var_error_128,mean_std_residual,coverage_50,coverage_80,coverage_95,calib_gap_50,calib_gap_80,calib_gap_95,dispersion_sat_low_fraction,dispersion_sat_high_fraction,solver_help_fraction,solver_harm_fraction,energy_monotonic_fraction,mae_reg_y0,mae_reg_y1,mae_reg_y2,curvature_alpha,effective_curvature
1,1.0000000000000002e-06,1e-05,0.0,104.97208878800676,19.089893237964528,3.7886665962837838,3.7886665962837838,3.7886665962837838,0.0,0.0,0.3332923940710119,5.860757776208826,0.17327674659522804,4.10047417718011,0.07792222177660144,0.0002778686734067427,0.0,0.6589752918965107,399.2268528293919,1.3587494927483637,397.8681112753378,0.0,0.0,0.0,0.0,0.0,2.126461982727051,49.997013092041016,50.00431823730469,50.00431823730469,50.00431823730469,1.0,0.007447354029864073,0.9022793173789978,1.017252802848816,0.3327053487300873,0.0026362130884081125,0.0,0.0,0.0,0.0,0.0,,0.3325756788253784,0.33285069465637207,,0.33458077907562256,,0.3325756788253784,0.3328530192375183,,0.33457130193710327,,,,,,,,,,,,,,,,,,,,,,,,,,,,,,,,,,,,
2,2.0000000000000003e-06,2e-05,0.0,106.22889833192568,19.644974992081927,3.7826682425834037,3.7826682425834037,3.7826682425834037,0.0,0.0,0.33263618881637985,6.085165075353674,0.1732497215270996,4.088770273569468,0.08043015325391614,0.00027526927658834974,0.0,0.6575398831754118,402.54848500844594,1.4147515168061127,401.1337098817568,0.0,0.0,0.0,0.0,0.0,2.13299298286438,49.893165588378906,49.80937194824219,49.9067497253418,49.9067497253418,1.0,0.006032149773091078,0.9577058553695679,1.0142590999603271,0.33144858479499817,0.002693470800295472,0.0,0.0,0.0,0.0,0.0,,0.33109423518180847,0.33170315623283386,,0.33722934126853943,,0.33109572529792786,0.3317163586616516,,0.3371879458427429,,,,,,,,,,,,,,,,,,,,,,,,,,,,,,,,,,,,
3,3e-06,3e-05,0.0,102.38175675675676,17.89064479518581,3.805544054186022,3.805544054186022,3.805544054186022,0.0,0.0,0.33183497351569097,5.666908882759713,0.17319817156405062,3.899287868190456,0.07580273860209696,0.00027459733993620485,0.0,0.6457911826468803,392.5943306587838,1.26895894231023,391.32538006756755,0.0,0.0,0.0,0.0,0.0,2.1411333084106445,49.670013427734375,49.61518478393555,49.71218490600586,49.71218490600586,1.0,0.0053492337465286255,0.9601230621337891,1.0139243602752686,0.3297666311264038,0.0034136325120925903,0.0,0.0,0.0,0.0,0.0,,0.32910457253456116,0.3302055597305298,,0.3407366871833801,,0.3291119933128357,0.33023399114608765,,0.34065401554107666,,,,,,,,,,,,,,,,,,,,,,,,,,,,,,,,,,,,
4,4.000000000000001e-06,4e-05,0.0,105.37274994721284,19.735727671030407,3.7688120249155403,3.7688120249155403,3.7688120249155403,0.0,0.0,0.33235034427127325,6.072677199904983,0.1731398685558422,4.055377857105152,0.08144631901302853,0.0002671617108422357,0.0,0.6544579686345281,397.9281830658784,1.3899362924936656,396.53829708614865,0.0,0.0,0.0,0.0,0.0,2.1497764587402344,49.51555252075195,49.421749114990234,49.518367767333984,49.61518478393555,1.0000001192092896,0.0050903260707855225,0.9300509095191956,1.0115278959274292,0.327340304851532,0.0047263153828680515,0.0,0.0,0.0,0.0,0.0,,0.32613956928253174,0.32854729890823364,,0.3453481197357178,,0.32615309953689575,0.3285853862762451,,0.34526148438453674,,,,,,,,,,,,,,,,,,,,,,,,,,,,,,,,,,,,
5,5e-06,5e-05,0.0,102.9445602829392,18.21353396853885,3.803140588708826,3.803140588708826,3.803140588708826,0.0,0.0,0.33228750486631653,5.67283754091005,0.1730412921390018,3.843125626847551,0.07730290696427629,0.0002648120343282416,0.0,0.6409037306502059,393.8525918496622,1.300078211603938,392.55247043918916,0.0,0.0,0.0,0.0,0.0,2.162797212600708,49.173194885253906,49.037147521972656,49.22907257080078,49.3253173828125,1.0000001192092896,0.003830944886431098,0.9790547490119934,1.0131713151931763,0.32456550002098083,0.006246626377105713,0.0,0.0,0.0,0.0,0.0,,0.3227452039718628,0.32666099071502686,,0.35064393281936646,,0.32276514172554016,0.32671308517456055,,0.3505218029022217,250.55430502419944,374.19354382657764,0.6733813796841042,-115.2661872276893,250.55430449446624,323.1247143927473,388.277247448884,425.6214502719945,195.90484619140625,145.78323435228924,552.6850512960683,0.03719334284962064,0.2515304052591777,0.27867451714689884,0.29698334469378873,0.0,0.33455671609629356,0.28829585660453294,0.16359210258750287,1.3906733386043133,0.736103477336851,0.7826572862848559,0.8316294749184713,0.236103477336851,-0.017342713715144176,-0.11837052508152868,0.0,0.0,0.532967032967033,0.46703296703296704,1.0,2.3333164708954945,2.2752033531010807,2.232291864497321,-8.000384330749512,0.0003352775238454342
6,6e-06,6e-05,0.05,105.2122703758446,19.210236420502532,3.767649882548564,3.767649882548564,3.7684326171875,0.0,0.0,0.3352355441531619,5.896646448083826,0.1729192862639556,4.006569114891258,0.0820802353523873,0.00023675886159007614,0.0,0.6459617614746094,399.97730152027026,1.3271564792942356,398.65020586993245,0.0,0.0,0.0,0.0,0.0,2.1960015296936035,48.6209831237793,48.371280670166016,48.65553665161133,48.845970153808594,1.0,0.004553886130452156,0.9750498533248901,1.0288063287734985,0.33167412877082825,0.006285079754889011,0.0,0.0,1.6440201997756958,0.98366779088974,0.4016692793531685,,0.3336407244205475,0.32009419798851013,,0.3462774157524109,,0.3336236774921417,0.32020077109336853,,0.34617558121681213,,,,,,,,,,,,,,,,,,,,,,,,,,,,,,,,,,,,
7,7e-06,7e-05,0.1,104.68827861064189,19.34256393845017,3.7970725394584037,3.7970725394584037,3.7987959578230575,0.0,0.0,0.33323148778966954,5.792332417256123,0.17276745873528557,3.932787508577914,0.08120485254236169,0.00022477402376967507,0.0,0.6540893348487647,396.7319203969595,1.2919370290395376,395.4399282094595,0.0,0.0,0.0,0.0,0.0,2.230661153793335,47.74018859863281,47.158565521240234,47.807735443115234,48.27689743041992,1.0,0.009670060127973557,0.9693193435668945,1.0656836032867432,0.34256210923194885,0.016242418438196182,0.0,0.0,1.5667917728424072,0.6466953754425049,0.5872486780618604,,0.34989628195762634,0.31224578619003296,,0.3379308581352234,,0.3498411774635315,0.31221258640289307,,0.33794620633125305,,,,,,,,,,,,,,,,,,,,,,,,,,,,,,,,,,,,
8,8.000000000000001e-06,8e-05,0.15,107.66694599873311,20.26898853198902,3.745709805875211,3.745709805875211,3.748687744140625,0.0,0.0,0.3371355726912215,6.09824969317462,0.17263054203342748,4.185413669895482,0.08569755425324312,0.00022830011172069085,0.0,0.6822848448882232,406.6633762668919,1.3582303846204602,405.3051889780405,0.0,0.0,0.0,0.0,0.0,2.3375327587127686,45.75803756713867,44.73611831665039,45.88654327392578,46.60914993286133,1.0,0.021530956029891968,0.9462991952896118,1.1956839561462402,0.36346253752708435,0.03748343884944916,0.0,0.0,1.5419365167617798,0.498392790555954,0.6767747665755861,,0.3811590075492859,0.2968842685222626,,0.3221116364002228,,0.380720853805542,0.2970599830150604,,0.3222191631793976,,,,,,,,,,,,,,,,,,,,,,,,,,,,,,,,,,,,
9,9e-06,9e-05,0.2,104.04277079814189,19.1567663244299,3.7840316360061235,3.7840316360061235,3.7870268950591215,0.0,0.0,0.33384743252316035,5.642891136375633,0.17231028788798564,3.7005124478726774,0.0802103699864568,0.00024314499082597526,0.0,0.7095030191782359,394.8676889780405,1.254970344337257,393.6127005912162,0.0,0.0,0.0,0.0,0.0,2.439335346221924,43.079994201660156,41.21284866333008,43.27513122558594,44.73611831665039,1.0,0.04772244766354561,0.8750606775283813,1.3571780920028687,0.3774997889995575,0.05572398006916046,0.0,0.0,1.1962738037109375,0.3497684597969055,0.7076183907798569,,0.4019269347190857,0.2877005338668823,,0.31077325344085693,,0.4009295701980591,0.28807541728019714,,0.3109950125217438,,,,,,,,,,,,,,,,,,,,,,,,,,,,,,,,,,,,
10,1e-05,0.0001,0.25,104.47181825380068,19.01183422191723,3.743334383577914,3.743334383577914,3.7425281421558276,0.0,0.0,0.3324743992573506,5.5452546815614445,0.17207143113419815,3.4753669532569678,0.0787786728626973,0.0002646209370042827,0.0,0.7304684922501847,398.2656513935811,1.267312951990076,396.99831081081084,0.0,0.0,0.0,0.0,0.0,2.6884093284606934,38.997005462646484,33.76859664916992,39.789127349853516,42.68750762939453,1.0,0.11781833320856094,0.7731192708015442,1.8423560857772827,0.388860285282135,0.08827832341194153,0.0,0.0,0.8730062246322632,0.24208348989486694,0.7227013014748664,,0.4180257320404053,0.2838711142539978,,0.29895418882369995,,0.41495847702026367,0.28510868549346924,,0.2999328374862671,250.56329138200363,373.8061381825501,0.6760207449924819,-113.46885163443429,250.56329159704703,323.422743683817,388.79109495513,426.2656690794328,197.17627716064453,146.47734906691915,550.5805882992952,0.035952102817028216,0.2606157230571692,0.1673966835528029,0.3052166398501223,0.0,0.36685343546596283,0.26672007505689815,0.1336831637380394,1.3865802063690122,0.7197244512843062,0.7639881279542706,0.8325088857132388,0.21972445128430618,-0.03601187204572942,-0.11749111428676118,0.0,0.0,0.5384615384615384,0.46153846153846156,1.0,2.335163237629356,2.276573068165517,2.233520528117379,-7.999782085418701,0.000335479446221143
11,1e-05,0.0001,0.3,101.42473210515203,16.946523305532093,3.732556729703336,3.732556729703336,3.7257212046030403,0.0,0.0,0.3324141889005094,4.993432947107263,0.1699710278897672,2.974562361433699,0.0790591304366653,0.0003094803038481119,0.0,0.7454710779963313,394.4599873310811,1.171183611895587,393.2887721706081,0.0,0.0,0.0,0.0,0.0,2.902250051498413,35.6088981628418,26.661033630371094,37.30549621582031,41.78017044067383,1.0,0.1641516238451004,0.6163753867149353,2.301262378692627,0.39079007506370544,0.10724277049303055,0.0,0.0,0.7144186496734619,0.27305227518081665,0.6177979461963652,,0.4195414185523987,0.28928273916244507,,0.29301705956459045,,0.4156799912452698,0.2903645932674408,,0.2939554452896118,,,,,,,,,,,,,,,,,,,,,,,,,,,,,,,,,,,,
12,9.999976083776368e-06,9.999976083776368e-05,0.35,101.8156936233108,17.02647606102196,3.757793529613598,3.757793529613598,3.747296719937711,0.0,0.0,0.33409595489501953,4.772900967984586,0.16749796996245514,2.7900363819019214,0.08218428895280168,0.0003514918372840495,0.0,0.7483576697272223,396.2823321368243,1.2010449589909733,395.08129222972974,0.0,0.0,0.0,0.0,0.0,2.922912359237671,34.64199447631836,23.299631118774414,36.58394241333008,42.93836212158203,1.0,0.23313124477863312,0.5544740557670593,2.829212188720703,0.39363086223602295,0.14214962720870972,0.0,0.0,0.9700430631637573,0.4373060464859009,0.549189038000391,,0.42264118790626526,0.29266342520713806,,0.28829970955848694,,0.4157531261444092,0.294171005487442,,0.2900758683681488,,,,,,,,,,,,,,,,,,,,,,,,,,,,,,,,,,,,
13,9.999904335346307e-06,9.999904335346306e-05,0.4,99.44571500211148,14.53338623046875,3.704826973580025,3.704826973580025,3.6873428757126265,0.0,0.0,0.33198423643369934,4.31279857738598,0.1635142403679925,2.5283671198664486,0.07829119708086993,0.00045037566608673816,0.0,0.766806782902898,397.89685388513516,1.081906086689717,396.8149546030405,0.0,0.0,0.0,0.0,0.0,2.709213972091675,35.58894729614258,21.506589889526367,38.48969650268555,43.69981002807617,1.0,0.2073737382888794,0.5802500247955322,2.6627578735351562,0.38900265097618103,0.12192956358194351,0.0,0.0,0.900965690612793,0.37456947565078735,0.5842577807862768,,0.41539621353149414,0.29797521233558655,,0.28934910893440247,,0.4110424518585205,0.2986675500869751,,0.2902899980545044,,,,,,,,,,,,,,,,,,,,,,,,,,,,,,,,,,,,
14,9.99978475543232e-06,9.99978475543232e-05,0.45,99.90330711570945,14.2328161291174,3.6888642182221285,3.6888642182221285,3.6701874604096285,0.0,0.0,0.3320214297320392,4.066246238914696,0.16071041210277662,2.501889203045819,0.07419643530974517,0.0004953414302419971,0.0,0.774875022269584,402.05014780405406,1.0486941981959987,401.0013724662162,0.0,0.0,0.0,0.0,0.0,2.8073439598083496,34.65890121459961,19.46756935119629,38.19016647338867,45.17513656616211,1.0,0.22959715127944946,0.34627383947372437,2.291724920272827,0.3964308202266693,0.14060744643211365,0.0,0.0,1.060793399810791,0.49051064252853394,0.537600212618193,,0.42473265528678894,0.301384836435318,,0.277804970741272,,0.41878974437713623,0.30226588249206543,,0.27894437313079834,,,,,,,,,,,,,,,,,,,,,,,,,,,,,,,,,,,,
15,9.999617345238583e-06,9.999617345238582e-05,0.5,97.6334129539696,13.360980884448901,3.6823639740815035,3.6823639740815035,3.6613649935335726,0.0,0.0,0.3318656715186867,3.887156718486064,0.15664056829504064,2.4619724170581714,0.07954858444832466,0.0005936708704039857,0.0,0.7926385724866712,395.29568728885135,1.0013832917084564,394.29431482263516,0.0,0.0,0.0,0.0,0.0,2.589710235595703,36.065269470214844,17.864444732666016,40.73270034790039,47.158565521240234,0.9999998807907104,0.28233885765075684,0.3395894169807434,2.9585957527160645,0.39469727873802185,0.15638290345668793,0.0,0.0,0.9116897583007812,0.37757813930511475,0.585847997230056,,0.4215502440929413,0.305635005235672,,0.27701085805892944,,0.41457319259643555,0.3063141107559204,,0.27911269664764404,250.44495821523142,373.3836708901622,0.6775552581849689,-112.1797435257461,250.44495824035923,323.3634520334721,388.84224030101024,426.3954823348851,198.0377927507673,146.87333546128383,548.8708167698072,0.03861021026787657,0.33739304920142044,0.1903754648635241,0.31764871359886415,0.0,0.3934920349191997,0.2971311979360064,0.19693368235012018,1.3838675429719491,0.7170129346671064,0.7568978784214576,0.8323989593638929,0.21701293466710636,-0.04310212157854243,-0.1176010406361071,0.0,0.0,0.532967032967033,0.46703296703296704,1.0,2.3308289352354112,2.2721357499505137,2.2293634047875037,-7.998020648956299,0.0003360708069521934
16,9.999402106450908e-06,9.999402106450908e-05,0.55,96.21227697423987,12.01515074033995,3.64745062750739,3.64745062750739,3.6237537280933276,0.0,0.0,0.3321135752909892,3.61970025139886,0.15481573826557882,2.3694709571632178,0.07961921434144716,0.0007122525492229977,0.0,0.8022728481808225,395.4512510557432,0.9305531269795185,394.52071896114865,0.0,0.0,0.0,0.0,0.0,2.6962645053863525,35.13657760620117,16.782093048095703,38.79157638549805,47.43569564819336,1.0,0.3332405090332031,0.2977980673313141,3.1173083782196045,0.404471218585968,0.193078875541687,0.0,0.0,1.2718136310577393,0.5706740021705627,0.5512911733019045,,0.4336933493614197,0.3103848099708557,,0.26339009404182434,,0.4224616587162018,0.31147679686546326,,0.26606154441833496,,,,,,,,,,,,,,,,,,,,,,,,,,,,,,,,,,,,
17,9.999139041236748e-06,9.999139041236749e-05,0.6,97.76932669974663,12.371072305215371,3.661871420370566,3.661871420370566,3.6409895613386825,0.0,0.0,0.3321583464338973,3.492427516627956,0.15279668086283915,2.351578171188767,0.07612193597329629,0.0007639807221051809,0.0,0.8086455061629012,401.5380595439189,0.9663058100519953,400.5717377533784,0.0,0.0,0.0,0.0,0.0,2.477261543273926,36.96778106689453,16.167579650878906,42.355308532714844,48.94146728515625,1.0,0.3519573509693146,0.3105771541595459,3.5137124061584473,0.39753642678260803,0.18686115741729736,0.0,0.0,1.1727460622787476,0.5374486446380615,0.5417178007029484,,0.42385900020599365,0.312980055809021,,0.2695606052875519,,0.4164835512638092,0.31309646368026733,,0.27041998505592346,,,,,,,,,,,,,,,,,,,,,,,,,,,,,,,,,,,,
18,9.99882815224517e-06,9.998828152245169e-05,0.65,94.13242979307432,10.997974292652026,3.683872532200169,3.683872532200169,3.664071985193201,0.0,0.0,0.33110085049191035,3.3061958519188135,0.15252161026000977,2.2473119787267737,0.07450691429344383,0.0009296990528300002,0.0,0.8272890657991976,390.40157833614865,0.8129275038435653,389.5887088260135,0.0,0.0,0.0,0.0,0.0,2.7391364574432373,34.361915588378906,15.460390090942383,37.01518249511719,48.371280670166016,1.00005304813385,0.383211225271225,0.25,3.220184087753296,0.4098706841468811,0.20663918554782867,0.0019230769230769232,0.0,1.3095166683197021,0.7238907217979431,0.44720770700322676,,0.4394344687461853,0.31853243708610535,,0.24947002530097961,,0.42832082509994507,0.31882065534591675,,0.25285854935646057,,,,,,,,,,,,,,,,,,,,,,,,,,,,,,,,,,,,
19,9.99846944260682e-06,9.998469442606819e-05,0.7,96.5232131545608,11.0144513104413,3.611919506176098,3.611919506176098,3.590704428183066,0.0,0.0,0.33027767490696264,3.2814469208588473,0.14954516694352432,2.270702465160473,0.07674387338999156,0.001196474743050498,0.0,0.8466221577412373,402.62716427364865,0.869350124049831,401.7578388935811,0.0,0.0,0.0,0.0,0.0,2.5408480167388916,35.060306549072266,14.955485343933105,39.789127349853516,48.65553665161133,1.0000216960906982,0.3566221594810486,0.25,2.8308820724487305,0.4071328341960907,0.189904123544693,0.0008097165991902834,0.0,0.9443227052688599,0.3835945129394531,0.5937887431921494,,0.4356456995010376,0.3194740116596222,,0.25044697523117065,,0.4270104169845581,0.31962859630584717,,0.2533609867095947,,,,,,,,,,,,,,,,,,,,,,,,,,,,,,,,,,,,
20,9.9980629159339e-06,9.9980629159339e-05,0.75,94.27498812288852,10.913530504381335,3.6519466090846704,3.6519466090846704,3.629807755753801,0.0,0.0,0.3316873344215187,3.1800248429581925,0.15114535512150945,2.2197051177153715,0.07749690880646577,0.0012139096050649077,0.0,0.8453919694230363,391.8370196368243,0.8482051540065456,390.9888355152027,0.0,0.0,0.0,0.0,0.0,2.5155608654022217,34.85047912597656,16.814903259277344,37.3784294128418,47.62135314941406,1.0000519752502441,0.4959956705570221,0.25,3.851158380508423,0.416609525680542,0.2640696167945862,0.0018218623481781376,0.0,1.3510245084762573,0.659984290599823,0.5114934729465558,,0.44724148511886597,0.32381755113601685,,0.24193347990512848,,0.4297747015953064,0.3236808776855469,,0.24654437601566315,249.6148452758789,372.7414475674726,0.672353469649166,-113.80093258029812,249.61484448823586,321.8680511007527,387.01743857431927,424.40314828991967,195.89974648611886,145.50988349618837,549.7354052999746,0.04802478208167869,0.33764921543634563,0.25674397827684475,0.3033856588419916,0.0,0.38043101910070676,0.2691731696816991,0.22200492160241278,1.3758621637837596,0.7204756146715035,0.7636583489062329,0.8346707705837089,0.22047561467150345,-0.03634165109376719,-0.11532922941629109,0.0,0.0,0.5164835164835165,0.4835164835164835,1.0,2.3102143511667355,2.2534085652985416,2.212202073453547,-7.996407985687256,0.00033661312772892416
21,9.99760857632013e-06,9.99760857632013e-05,0.8,96.74369853251689,11.778906744879645,3.6148388836834884,3.6148388836834884,3.5964277112806164,0.0,0.0,0.3304752916903109,3.236840531632707,0.15056090741544156,2.238143714698585,0.08011500899856155,0.0015319939199331645,0.0,0.8598619409509607,399.9568728885135,0.9177463634594066,399.0390888935811,0.0,0.0,0.0,0.0,0.0,2.7892942428588867,32.71687698364258,13.912845611572266,35.52769470214844,45.52945327758789,0.9999998807907104,0.393396258354187,0.30395060777664185,2.8186280727386475,0.42195209860801697,0.22830113768577576,0.0,0.0,1.2465758323669434,0.48366671800613403,0.6120037743008631,,0.4541405141353607,0.32595086097717285,,0.23148755729198456,,0.4387189745903015,0.32656151056289673,,0.23471951484680176,,,,,,,,,,,,,,,,,,,,,,,,,,,,,,,,,,,,
22,9.997106428340707e-06,9.997106428340706e-05,0.85,96.47687262457771,11.648269240920609,3.615421604465794,3.615421604465794,3.609708631360853,0.0,0.0,0.33107061643858215,3.1204386530695736,0.14942575145412135,2.1667041263064823,0.08226510640737172,0.0017055536846856813,0.0,0.8645262847075591,399.45333614864865,0.900917878022065,398.55247043918916,0.0,0.0,0.0,0.0,0.0,2.932854652404785,30.609468460083008,13.831562995910645,33.63694763183594,43.359737396240234,1.0000629425048828,0.41433295607566833,0.25,3.2454898357391357,0.4209977388381958,0.2284984290599823,0.001417004048582996,0.0,1.3139922618865967,0.6888178586959839,0.47578240856076526,,0.45226192474365234,0.3295043408870697,,0.22795864939689636,,0.4393977224826813,0.32949012517929077,,0.23111215233802795,,,,,,,,,,,,,,,,,,,,,,,,,,,,,,,,,,,,
23,9.99655647705225e-06,9.99655647705225e-05,0.9,93.33127243454392,10.384836557749155,3.663058306719806,3.663058306719806,3.665816023543074,0.0,0.0,0.3258617504222973,3.1451892337283573,0.14762301058382601,2.0961023279138513,0.07589559297303895,0.002431524363723961,0.0,0.9120327717549092,389.8676097972973,0.8189670459644215,389.04861697635135,0.0,0.0,0.0,0.0,0.0,2.80788254737854,30.334915161132812,13.432220458984375,32.92198181152344,42.68750762939453,1.0000001192092896,0.3174537420272827,0.31249457597732544,2.3332886695861816,0.4175628423690796,0.17984430491924286,0.0,0.0,1.0006613731384277,0.4057007133960724,0.5945674288159525,,0.4471437633037567,0.33247607946395874,,0.22811861336231232,,0.43905240297317505,0.3322248160839081,,0.22872275114059448,,,,,,,,,,,,,,,,,,,,,,,,,,,,,,,,,,,,
24,9.995958727992769e-06,9.995958727992767e-05,0.95,94.15084591427365,10.49313107052365,3.6533553664748735,3.6533553664748735,3.6841414168074325,0.0,0.0,0.3271306527627481,3.044069444811022,0.14581836236489787,2.087833920040646,0.07930473379186682,0.0022021044750471373,0.0,0.9090792681719806,393.57200168918916,0.8376799918509819,392.7342958192568,0.0,0.0,0.0,0.0,0.0,2.7183139324188232,29.248544692993164,13.458480834960938,32.15934753417969,39.866920471191406,1.0000001192092896,0.4202597737312317,0.2644922435283661,3.141397714614868,0.4228708744049072,0.24199756979942322,0.0,0.0,0.8674664497375488,0.5209277868270874,0.39948364921237745,,0.4532686471939087,0.33674412965774536,,0.22218291461467743,,0.4374811053276062,0.3364129960536957,,0.22610591351985931,,,,,,,,,,,,,,,,,,,,,,,,,,,,,,,,,,,,
25,9.995313187181584e-06,9.995313187181583e-05,1.0,93.48335224873311,9.913347398912585,3.6401857943148226,3.6401857943148226,3.690994675095017,0.0,0.0,0.3250434463088577,3.113870362977724,0.14706944130562447,2.0903662604254647,0.07601993148391312,0.0028428368874498316,0.0,0.9420156736631651,393.1310177364865,0.7646008568841058,392.36647487331084,0.0,0.0,0.0,0.0,0.0,2.949007511138916,27.419458389282227,12.493337631225586,29.858943939208984,37.59808349609375,1.0000001192092896,0.3170056641101837,0.29994359612464905,2.832465887069702,0.4249057173728943,0.18562684953212738,0.0,0.0,1.1136951446533203,0.49873730540275574,0.552177893746671,,0.4552825689315796,0.34179946780204773,,0.21075795590877533,,0.445480614900589,0.3416418433189392,,0.21287751197814941,247.4228657732953,370.72441602850495,0.6582987668472725,-118.29951506394606,247.42286662722415,318.0211786964145,382.45593275651424,419.33778641463186,190.50418308803015,141.9454485871071,551.879770030146,0.07507482288377279,0.3300113944630638,0.3046004854878618,0.3048760220076167,0.0,0.3681849216684148,0.2676888201599856,0.2595877637555589,1.3528056820508845,0.7286651276977758,0.7887581986735553,0.8562163350555128,0.2286651276977758,-0.0112418013264447,-0.0937836649444872,0.0,0.0,0.4835164835164835,0.5164835164835165,1.0,2.2482214524195743,2.1994146901172598,2.163552360875266,-7.995277404785156,0.0003369938349351287
26,9.99461986111929e-06,9.994619861119289e-05,1.0,95.39636560388513,10.153936437658361,3.6183785103462838,3.6183785103462838,3.656780346019848,0.0,0.0,0.32835666553394216,3.081432651829075,0.14381014334188924,2.1179595122466215,0.08088382514747414,0.00267007081089793,0.0,0.9494496938344594,401.5864389780405,0.8377905665217219,400.74865392736484,0.0,0.0,0.0,0.0,0.0,2.8170034885406494,26.93966293334961,13.56403636932373,28.715063095092773,36.51255798339844,1.0,0.36411288380622864,0.3649349808692932,3.0086662769317627,0.42729172110557556,0.20802056789398193,0.0,0.0,0.9485719799995422,0.5665966272354126,0.4026846257511359,,0.45741233229637146,0.3468219041824341,,0.20606361329555511,,0.4456937313079834,0.34625816345214844,,0.20804810523986816,,,,,,,,,,,,,,,,,,,,,,,,,,,,,,,,,,,,
27,9.993878756787668e-06,9.993878756787667e-05,1.0,93.99957110430744,10.015389107369089,3.6202578157991976,3.6202578157991976,3.6617142960831925,0.0,0.0,0.32586845191749364,3.0904957539326436,0.14596719999571103,2.0828630602037586,0.07823592907673604,0.0030142165519095755,0.0,0.9783690169050887,395.31619510135135,0.8154115419130068,394.50079180743245,0.0,0.0,0.0,0.0,0.0,2.494349479675293,26.688556671142578,14.382550239562988,27.995149612426758,35.52769470214844,1.0000102519989014,0.40546977519989014,0.25,2.9018118381500244,0.429212749004364,0.23195800185203552,0.0005060728744939271,0.0,0.5814480781555176,0.32507190108299255,0.4409270349397442,,0.4594050645828247,0.34998369216918945,,0.20087993144989014,,0.44430580735206604,0.3494250178337097,,0.20626914501190186,,,,,,,,,,,,,,,,,,,,,,,,,,,,,,,,,,,,
28,9.993089881649631e-06,9.993089881649632e-05,1.0,92.88101113809121,9.706762365392736,3.614407513592694,3.614407513592694,3.6655586861275338,0.0,0.0,0.32591726973250107,2.9373115333350928,0.1428061175990749,2.0526904544314823,0.07835027978226945,0.0028208022987520373,0.0,0.9896190746410473,391.4776182432432,0.7696389894227724,390.7080078125,0.0,0.0,0.0,0.0,0.0,3.032602071762085,24.036670684814453,11.135700225830078,24.850818634033203,34.43462371826172,1.0000001192092896,0.3631916046142578,0.25,3.3444364070892334,0.43599385023117065,0.2163805216550827,0.00010121457489878542,0.0,1.6147210597991943,1.237549066543579,0.23358337402406834,,0.4678601622581482,0.3536321520805359,,0.18921533226966858,,0.45511746406555176,0.3532080054283142,,0.19167453050613403,,,,,,,,,,,,,,,,,,,,,,,,,,,,,,,,,,,,
29,9.992253243649145e-06,9.992253243649144e-05,1.0,93.62878088048987,9.399918014938766,3.622699634448902,3.622699634448902,3.6849950841955237,0.0,0.0,0.323985177117425,2.9195119496938347,0.14223026584934545,2.0246546977275126,0.07750996383460793,0.0037320042784149583,0.0,1.0230009749129012,396.75316722972974,0.7844441903604044,395.9686708192568,0.0,0.0,0.0,0.0,0.0,2.916630744934082,23.155555725097656,11.73869514465332,24.489456176757812,31.728836059570312,1.0000282526016235,0.35354870557785034,0.25,2.585831642150879,0.44174498319625854,0.21677520871162415,0.0010121457489878543,0.0,1.3318668603897095,0.5776637196540833,0.5662751759698739,,0.475077360868454,0.3560959994792938,,0.18130967020988464,,0.4608832597732544,0.3558671772480011,,0.1832495629787445,,,,,,,,,,,,,,,,,,,,,,,,,,,,,,,,,,,,
30,9.991368851211145e-06,9.991368851211145e-05,1.0,94.63700907939189,9.77550527211782,3.5928064294763513,3.5928064294763513,3.642357078758446,0.0,0.0,0.32631582827181427,2.9229222890493034,0.1411333212981353,2.05895150674356,0.07936061395181192,0.0035891291257497426,0.0,1.0386272121120144,400.0145956503378,0.8174013704866976,399.1971600506757,0.0,0.0,0.0,0.0,0.0,2.8712236881256104,22.701934814453125,10.769930839538574,24.18050765991211,31.291902542114258,1.0,0.39974963665008545,0.25,2.850010633468628,0.4456016719341278,0.24059320986270905,0.00010121457489878542,0.0,0.995049774646759,0.49784085154533386,0.49968246390280674,,0.479926735162735,0.3576635718345642,,0.1762077361345291,,0.4627765715122223,0.3573070466518402,,0.1799164116382599,241.64930016653878,363.68293008826254,0.6383146243748627,-118.66399496728248,241.64930090481073,310.32754362361493,373.8503621547694,410.4363716378963,184.66144016810827,137.10782374892125,543.4920279461404,0.12954688077401735,0.31439952872635535,0.3162699682320412,0.27887668938993176,0.0,0.3433468708311835,0.24185300438886934,0.2538919074891242,1.3055285653406938,0.7329156132058188,0.808416694148254,0.8726503242827306,0.23291561320581877,0.008416694148253967,-0.07734967571726936,0.0,0.0,0.489010989010989,0.510989010989011,1.0,2.1590046054059333,2.1161728288446153,2.0873433472691003,-7.996250152587891,0.00033666627132333815
31,9.99043671324145e-06,9.990436713241451e-05,1.0,91.85722392314189,9.552217225770693,3.6752113136085303,3.6752113136085303,3.7421817264041386,0.0,0.0,0.32468244191762563,2.8374058491474874,0.1416569013853331,2.009862745130384,0.07711444029936919,0.003513765093442556,0.0,1.0588707795014252,386.9590899493243,0.7240835138269373,386.2349556587838,0.0,0.0,0.0,0.0,0.0,2.7644002437591553,21.12645721435547,10.814192771911621,22.189281463623047,29.22428321838379,1.000020980834961,0.3951156437397003,0.25,2.7169418334960938,0.44665563106536865,0.23165911436080933,0.0012145748987854252,0.0,1.3807520866394043,0.6623243093490601,0.52031627128583,,0.48125746846199036,0.3591320216655731,,0.16992977261543274,,0.46554476022720337,0.3586690127849579,,0.17578622698783875,,,,,,,,,,,,,,,,,,,,,,,,,,,,,,,,,,,,
32,9.989456839126684e-06,9.989456839126684e-05,1.0,92.83806218327703,9.333973652607686,3.589185147672086,3.589185147672086,3.6488466005067566,0.0,0.0,0.322444554921743,2.7919528033282304,0.1437617637015678,1.9775229789115287,0.08062364604022051,0.003851391979165979,0.0,1.0652303953428526,393.45631862331084,0.7349575661324166,392.7213893581081,0.0,0.0,0.0,0.0,0.0,2.8411600589752197,19.789939880371094,10.481474876403809,20.203571319580078,28.26987648010254,1.0000118017196655,0.41995859146118164,0.25,2.6994400024414062,0.45191022753715515,0.2528934180736542,0.0006072874493927126,0.0,0.9851500988006592,0.5282203555107117,0.46381738564125674,,0.4882976710796356,0.3591887056827545,,0.16403372585773468,,0.47008952498435974,0.3592120409011841,,0.1706984043121338,,,,,,,,,,,,,,,,,,,,,,,,,,,,,,,,,,,,
33,9.988429238734164e-06,9.988429238734165e-05,1.0,94.62864891258445,9.5947546056799,3.593652261270059,3.593652261270059,3.657162640545819,0.0,0.0,0.3233453132010795,2.8172990953600086,0.14031283919875687,2.0145859589447848,0.07863933331257589,0.004350402870693723,0.0,1.08130728231894,401.0206397804054,0.7870497316927523,400.23358319256755,0.0,0.0,0.0,0.0,0.0,3.061634063720703,18.734891891479492,7.942798614501953,19.240766525268555,27.88600730895996,1.000006914138794,0.3985874652862549,0.25,2.896106243133545,0.4531875252723694,0.24174317717552185,0.0004048582995951417,0.0,1.0330791473388672,0.6373295783996582,0.3830776857306912,,0.4898638129234314,0.3605540096759796,,0.15924246609210968,,0.4729514718055725,0.36056217551231384,,0.16648635268211365,,,,,,,,,,,,,,,,,,,,,,,,,,,,,,,,,,,,
34,9.987353922411819e-06,9.987353922411818e-05,1.0,92.68399625211148,9.097036000844595,3.6246214170713684,3.6246214170713684,3.6995140281883447,0.0,0.0,0.3224154807425834,2.7573471069335938,0.14057931384524783,1.9780285809491132,0.08213954358487516,0.005044479225132917,0.0,1.1034406713537268,393.71508129222974,0.7518280132396801,392.96326013513516,0.0,0.0,0.0,0.0,0.0,2.5665268898010254,17.893936157226562,9.54349136352539,18.39556121826172,24.086238861083984,1.000038504600525,0.3560013175010681,0.25,2.4265921115875244,0.45106878876686096,0.21266008913516998,0.0012145748987854252,0.0,1.0786893367767334,0.6636128425598145,0.3847970681319818,,0.486908495426178,0.36135151982307434,,0.16013848781585693,,0.47456711530685425,0.3609810471534729,,0.16445183753967285,,,,,,,,,,,,,,,,,,,,,,,,,,,,,,,,,,,,
35,9.986230900988068e-06,9.986230900988069e-05,1.0,90.57409338048987,8.974003147434544,3.651605142129434,3.651605142129434,3.7308658909153296,0.0,0.0,0.3223589819830817,2.6592780448294975,0.13934475666767843,1.9483046660552155,0.07964035627004262,0.004623221787246498,0.0,1.1280603151063662,383.7747043918919,0.6875753660459776,383.08715160472974,0.0,0.0,0.0,0.0,0.0,2.9747464656829834,16.26372718811035,6.954946994781494,17.013113021850586,23.20879364013672,1.0000311136245728,0.3884367346763611,0.25,2.370295286178589,0.4582065939903259,0.23470249772071838,0.0011133603238866396,0.0,0.9671206474304199,0.6940784454345703,0.28232486062758144,,0.49673524498939514,0.3604123890399933,,0.15162722766399384,,0.48184072971343994,0.36052989959716797,,0.15762940049171448,234.47685294098906,356.21244121108367,0.6009962752303734,-128.15274997333904,234.4768530577718,299.2333427022536,360.676431737548,395.9205342075826,170.9600088936942,127.9697959071906,542.8252934994905,0.2034669064197798,0.3181478575469785,0.3306184460605245,0.269109506174995,0.0,0.3405694611606265,0.26026177958874197,0.265823584679301,1.250106404573793,0.7367447143747022,0.8166062071745264,0.892638598805467,0.23674471437470224,0.016606207174526322,-0.057361401194532924,0.0,0.0,0.4725274725274725,0.5274725274725275,1.0,2.049539490715488,2.0223330495121714,2.0071571240058312,-7.99713659286499,0.0003363679861649871
36,9.985060185771726e-06,9.985060185771726e-05,1.0,91.88062183277027,9.613689525707349,3.6063100453969597,3.6063100453969597,3.6784886540593327,0.0,0.0,0.3213438858857026,2.63290735193201,0.13664240450472445,1.9944721943623311,0.07665362229218355,0.004387756457199922,0.0,1.1455944164379224,387.32260874155406,0.716969412726325,386.6056271114865,0.0,0.0,0.0,0.0,0.0,2.800992488861084,16.19444465637207,7.77245569229126,16.71666717529297,23.39082145690918,1.0001806020736694,0.43817421793937683,0.25,2.6863317489624023,0.4629799723625183,0.267392098903656,0.004554655870445344,0.0,1.16476571559906,0.6322862505912781,0.45715585364213623,,0.5031307339668274,0.36004456877708435,,0.14819762110710144,,0.4835169017314911,0.3600955307483673,,0.1563875675201416,,,,,,,,,,,,,,,,,,,,,,,,,,,,,,,,,,,,
37,9.983841788551883e-06,9.983841788551883e-05,1.0,92.11724028716216,8.725975242820946,3.57758599358636,3.57758599358636,3.6567419928473397,0.0,0.0,0.32214010083997574,2.5665633742873735,0.13778231595013593,1.9479693850955448,0.08043884586643528,0.004878712264267174,0.0,1.1510159260517843,393.1871040962838,0.6993521097544078,392.4877797719595,0.0,0.0,0.0,0.0,0.0,2.729543447494507,15.546991348266602,7.818131446838379,15.43022346496582,23.712814331054688,1.0001609325408936,0.465144544839859,0.25,2.7096598148345947,0.4646562933921814,0.2781646251678467,0.005060728744939271,0.0,0.9663990139961243,0.6170011758804321,0.3615461450761511,,0.5056521892547607,0.3588269352912903,,0.14658738672733307,,0.48551133275032043,0.35905569791793823,,0.15543298423290253,,,,,,,,,,,,,,,,,,,,,,,,,,,,,,,,,,,,
38,9.982575721597784e-06,9.982575721597784e-05,1.0,91.83835251266892,8.30118787610853,3.596859493771115,3.596859493771115,3.670547072951858,0.0,0.0,0.32304475114152237,2.526898564519109,0.13482801334278002,1.9365626154719173,0.08045356338088577,0.005154048268859451,0.0,1.1726554664405617,393.8648120777027,0.6783495722590266,393.1864442567568,0.0,0.0,0.0,0.0,0.0,3.266427516937256,13.90804672241211,5.097797870635986,14.438841819763184,20.68268585205078,1.0000072717666626,0.409267783164978,0.25,2.6908204555511475,0.466678649187088,0.25193604826927185,0.0005060728744939271,0.0,1.3525100946426392,0.9655178785324097,0.28612889296954247,,0.5085844993591309,0.3581303060054779,,0.14324721693992615,,0.4924696683883667,0.3585241436958313,,0.1490062177181244,,,,,,,,,,,,,,,,,,,,,,,,,,,,,,,,,,,,
39,9.981261997658713e-06,9.981261997658712e-05,1.0,93.07602011190879,8.812883531725085,3.5783811002164274,3.5783811002164274,3.657196044921875,0.0,0.0,0.31994443326383026,2.513321335251267,0.13580346751857447,1.9290649826462205,0.07928244487659351,0.005336280610110308,0.0,1.1744030101879224,397.6176889780405,0.7193014815046981,396.8983319256757,0.0,0.0,0.0,0.0,0.0,3.0946123600006104,12.874918937683105,5.394348621368408,13.353744506835938,18.758380889892578,1.0001453161239624,0.40851888060569763,0.25,2.5567069053649902,0.4710792601108551,0.25426140427589417,0.00354251012145749,0.0,1.3074007034301758,0.8432717323303223,0.3550013166446496,,0.5150370597839355,0.3561174273490906,,0.13685570657253265,,0.49819138646125793,0.35691699385643005,,0.144891619682312,,,,,,,,,,,,,,,,,,,,,,,,,,,,,,,,,,,,
40,9.979900629963849e-06,9.979900629963848e-05,1.0,92.63201409417229,8.450628332189611,3.5739185230152026,3.5739185230152026,3.6508834426467485,0.0,0.0,0.3223647298039617,2.475432318610114,0.1369437398137273,1.9222352311417863,0.07999154039331384,0.005491073469857912,0.0,1.1959356359533362,397.2622466216216,0.6885520831958668,396.5736908783784,0.0,0.0,0.0,0.0,0.0,3.024268865585327,11.455231666564941,5.112755298614502,11.6929292678833,16.425386428833008,1.000278353691101,0.40915194153785706,0.25,2.6424243450164795,0.47412317991256714,0.2520468235015869,0.007894736842105263,0.0,0.9598709940910339,0.681885302066803,0.28960734696173857,,0.5196082592010498,0.35434767603874207,,0.13204757869243622,,0.5041064023971558,0.3550049960613251,,0.14088863134384155,224.87521173665812,346.8308135696425,0.5572645637684885,-135.62212476625547,224.87521077089443,284.65319997644707,341.79091017982034,375.7769389082409,153.93168476649694,118.32295691320138,534.4805500196373,0.24728873645483263,0.30317720896345185,0.31351759028490656,0.24772340974303694,0.0,0.3093535241009306,0.2284858485742581,0.2536258500448916,1.19844600289275,0.7381737569161995,0.8229819354365908,0.9049686709904364,0.23817375691619946,0.022981935436590772,-0.045031329009563525,0.0,0.0,0.45054945054945056,0.5494505494505495,1.0,1.9568640838612568,1.9396235625167468,1.9307742973605355,-8.000356674194336,0.00033528677886351943
41,9.978491632222153e-06,9.978491632222152e-05,1.0,92.37412241342905,8.498211010082349,3.55986517828864,3.55986517828864,3.6342715701541386,0.0,0.0,0.32113041748871674,2.5057420472841003,0.1361788543494972,1.9493616464975718,0.08266822067466942,0.005895004481882663,0.0,1.2089331343367293,395.74099978885135,0.7033145492141312,395.0376372466216,0.0,0.0,0.0,0.0,0.0,2.713052749633789,11.207423210144043,5.8105082511901855,10.941666603088379,16.332605361938477,1.0002729892730713,0.3887619078159332,0.25,2.4975903034210205,0.47454744577407837,0.2414788454771042,0.0057692307692307696,0.0,1.0227967500686646,0.6809756755828857,0.3342023471064324,,0.520220160484314,0.35313862562179565,,0.13629299402236938,,0.507033109664917,0.35325559973716736,,0.13971130549907684,,,,,,,,,,,,,,,,,,,,,,,,,,,,,,,,,,,,
42,9.977035018622216e-06,9.977035018622216e-05,1.0,93.07494457347973,9.24181386586782,3.5728442217852616,3.5728442217852616,3.661689552100929,0.0,0.0,0.3235137269303605,2.440619185164168,0.1356063275723844,1.949395463273332,0.08056013004199879,0.0048013675857234645,0.0,1.219484483873522,395.5249683277027,0.710246060345624,394.81471706081084,0.0,0.0,0.0,0.0,0.0,3.2100086212158203,9.877915382385254,4.360803127288818,9.827221870422363,14.723621368408203,1.0001235008239746,0.3580182194709778,0.25,2.4476912021636963,0.4782395660877228,0.223893404006958,0.003137651821862348,0.0,1.2266521453857422,0.8192095756530762,0.3321582008928363,,0.5257148742675781,0.3512899577617645,,0.13007578253746033,,0.5145663022994995,0.3514142334461212,,0.13401944935321808,,,,,,,,,,,,,,,,,,,,,,,,,,,,,,,,,,,,
43,9.975530803832124e-06,9.975530803832123e-05,1.0,91.09600665118244,8.238225163640204,3.519839312579181,3.519839312579181,3.5885327313397384,0.0,0.0,0.31546017930314346,2.4462851447028084,0.1356067013096165,1.9259447664827913,0.08139294547003668,0.007197283409737252,0.0,1.2422482258564718,390.9414326435811,0.6625989965490393,390.27892736486484,0.0,0.0,0.0,0.0,0.0,2.477518081665039,9.840604782104492,5.782770156860352,9.71273136138916,13.804574012756348,1.0001837015151978,0.39474067091941833,0.25,2.5316402912139893,0.4818934500217438,0.2495047152042389,0.005566801619433198,0.0,1.0165014266967773,0.6890150308609009,0.32217012906718306,,0.5311926007270813,0.34861505031585693,,0.12702061235904694,,0.5167994499206543,0.34945181012153625,,0.13374871015548706,,,,,,,,,,,,,,,,,,,,,,,,,,,,,,,,,,,,
44,9.973979002999299e-06,9.973979002999299e-05,1.0,91.99673379434121,8.181533401076859,3.5229949951171875,3.5229949951171875,3.584754737647804,0.0,0.0,0.32040260933540965,2.41082949251742,0.1344784788183264,1.933704066920925,0.08122750875112172,0.005874688963632326,0.0,1.2500613444560282,395.72825168918916,0.6899413547000369,395.0382442989865,0.0,0.0,0.0,0.0,0.0,2.8099300861358643,9.335795402526855,4.373170852661133,9.304226875305176,13.804574012756348,1.0001776218414307,0.4403301775455475,0.25,2.3895843029022217,0.4854743778705597,0.2747097909450531,0.005364372469635627,0.0,1.1073637008666992,0.700352668762207,0.3675495519547347,,0.536523699760437,0.3462162911891937,,0.12373244762420654,,0.5192776918411255,0.34758320450782776,,0.13313908874988556,,,,,,,,,,,,,,,,,,,,,,,,,,,,,,,,,,,,
45,9.97237963175036e-06,9.972379631750359e-05,1.0,91.09156593116555,8.813119424355996,3.55289026208826,3.55289026208826,3.620319263355152,0.0,0.0,0.3194399911004144,2.4363524978225297,0.1353797654847841,1.9598003078151394,0.08254171062160183,0.006525704184093991,0.0,1.2769651670713682,387.8348025760135,0.7151697519663218,387.1196421030405,0.0,0.0,0.0,0.0,0.0,2.4403955936431885,8.65732479095459,4.774928569793701,8.488157272338867,12.39853286743164,1.0002981424331665,0.4145312011241913,0.25,2.52423095703125,0.48625776171684265,0.25921279191970825,0.007793522267206478,0.0,1.0164027214050293,0.6719392538070679,0.33890451131593846,,0.5378050208091736,0.34480753540992737,,0.12481611222028732,,0.5233848094940186,0.3453786373138428,,0.13123652338981628,199.76190227466626,318.7309188373635,0.48688272072424377,-124.36742065765046,199.7619019623456,255.4379901422221,309.67904410788077,343.5642032314684,137.15393229893274,102.33771003309147,482.5005237745202,0.32115192015622607,0.2962553152271671,0.2714959144381637,0.19245720776820827,0.0,0.276833225227566,0.18124226825204073,0.16426269036196897,1.1105222284604443,0.7433036532190099,0.8375471767249276,0.9209812758784948,0.24330365321900993,0.03754717672492758,-0.02901872412150519,0.0,0.0,0.4945054945054945,0.5054945054945055,0.9697802197802198,1.830862086880338,1.8120178894682244,1.7989045948117643,-8.001136779785156,0.00033502536825835705
46,9.970732706190957e-06,9.970732706190958e-05,1.0,91.36238386824324,7.855389569256757,3.5355818464949325,3.5355818464949325,3.6077097299936653,0.0,0.0,0.31977382866111964,2.3718296772724874,0.13412877675649282,1.927731075802365,0.08044055345896128,0.006377527842650542,0.0,1.2714882927971918,394.1672825168919,0.6033040639516469,393.5640308277027,0.0,0.0,0.0,0.0,0.0,2.5373075008392334,8.087549209594727,4.283982276916504,7.827300548553467,11.946864128112793,1.000672698020935,0.3839429020881653,0.25,2.4850521087646484,0.48936983942985535,0.2490900754928589,0.014574898785425101,0.0,1.1731300354003906,0.7808259129524231,0.3344080456639862,,0.5424398183822632,0.3423372209072113,,0.12369828671216965,,0.5284931063652039,0.3426852822303772,,0.12882158160209656,,,,,,,,,,,,,,,,,,,,,,,,,,,,,,,,,,,,
47,9.969038242905615e-06,9.969038242905614e-05,1.0,92.05837600295608,8.629410202438766,3.5496463260135136,3.5496463260135136,3.622601895718961,0.0,0.0,0.3169865994840055,2.4149576135583826,0.1342371992162756,1.9439278679925043,0.07857759578807934,0.006509416006706856,0.0,1.2875499209842167,393.6549831081081,0.6870072339032147,392.96795819256755,0.0,0.0,0.0,0.0,0.0,2.6703267097473145,8.062954902648926,4.1367974281311035,7.638514518737793,12.49577522277832,1.000931739807129,0.4235767424106598,0.25,2.446439504623413,0.49251654744148254,0.2686321437358856,0.01589068825910931,0.0,1.292529821395874,0.8779661059379578,0.32073822096437676,,0.5471752882003784,0.34038102626800537,,0.11911623924970627,,0.5316197276115417,0.3409391939640045,,0.12744106352329254,,,,,,,,,,,,,,,,,,,,,,,,,,,,,,,,,,,,
48,9.967296258957556e-06,9.967296258957556e-05,1.0,91.47639754011824,8.096108926309121,3.5424186087943412,3.5424186087943412,3.6258169638144,0.0,0.0,0.3200619414046004,2.346167074667441,0.13378959088712125,1.9304527076514992,0.08048921662407953,0.00584711174707155,0.0,1.2926187257508974,393.51691828547297,0.6494153512490762,392.86755701013516,0.0,0.0,0.0,0.0,0.0,2.9767043590545654,7.091848850250244,3.7187180519104004,6.8739190101623535,10.565738677978516,1.000210165977478,0.37056872248649597,0.25,2.3909637928009033,0.49570953845977783,0.2447318136692047,0.005566801619433198,0.0,1.5587375164031982,1.0492994785308838,0.3268273410444676,,0.5522183179855347,0.33702847361564636,,0.11608273535966873,,0.5400866270065308,0.3377978801727295,,0.12211546301841736,,,,,,,,,,,,,,,,,,,,,,,,,,,,,,,,,,,,
49,9.96550677188854e-06,9.965506771888541e-05,1.0,89.56917757601352,7.160894445470862,3.5146109091269,3.5146109091269,3.575663386164485,0.0,0.0,0.31713331067884293,2.3490322216137036,0.1342056635263804,1.9091485513223183,0.08043421925725164,0.007329256953419866,0.0,1.3226740038072742,388.8130278716216,0.5682115812559385,388.2448268581081,0.0,0.0,0.0,0.0,0.0,2.7177746295928955,6.271981716156006,3.2154548168182373,6.072139263153076,9.231820106506348,1.0001039505004883,0.33671656250953674,0.25,2.5190677642822266,0.4947337806224823,0.22537097334861755,0.003036437246963563,0.0,0.7227205038070679,0.5359101891517639,0.25848210154720264,,0.5513255596160889,0.3349018096923828,,0.1187649741768837,,0.5413246154785156,0.3354724049568176,,0.12320302426815033,,,,,,,,,,,,,,,,,,,,,,,,,,,,,,,,,,,,
50,9.963669799718686e-06,9.963669799718686e-05,1.0,91.20817937077703,8.310494912637246,3.5240297059755066,3.5240297059755066,3.6038055419921875,0.0,0.0,0.32080861684438344,2.3301682343354098,0.13155344370249156,1.958595894478463,0.08144781396195695,0.005979014812289058,0.0,1.3160498335554793,391.1746463260135,0.6867449992411846,390.48793813344594,0.0,0.0,0.0,0.0,0.0,2.6838037967681885,6.253592014312744,3.152954339981079,5.989686489105225,9.506284713745117,1.0009971857070923,0.437814861536026,0.25,2.379147529602051,0.5015854239463806,0.2806704640388489,0.018319838056680162,0.0,1.6867547035217285,1.1011128425598145,0.3472003722528051,,0.5608183145523071,0.3334037959575653,,0.1121588870882988,,0.5450223684310913,0.3340940475463867,,0.12088359892368317,177.25527272905623,292.1203532481412,0.41983929441567125,-116.96097244011177,177.25527260264667,228.3198707779772,277.66139146899917,311.00829684491055,120.04109791346959,86.86057299236919,439.45995728865915,0.39980085228477535,0.3098574977386694,0.25760581499612273,0.16974886673586045,0.0,0.26370956615988184,0.1834244724459159,0.14245113791581254,1.0353210628075518,0.7514015609541607,0.8517459968487779,0.9357297277490748,0.25140156095416066,0.0517459968487779,-0.014270272250925142,0.0,0.0,0.5054945054945055,0.4945054945054945,0.9258241758241759,1.7159259145731454,1.6923238880686708,1.6717570643503588,-8.002280235290527,0.00033464256557635963
51,9.96178536094628e-06,9.961785360946278e-05,1.0,91.57766971072635,8.301833694045609,3.509432818438556,3.509432818438556,3.5876988591374577,0.0,0.0,0.3212978259937183,2.259596541121199,0.13373899459838867,1.9290437440614443,0.08059498426076528,0.005699324446755486,0.0,1.332977294921875,393.2342166385135,0.6352345234638935,392.5990287162162,0.0,0.0,0.0,0.0,0.0,2.770064115524292,5.153376579284668,2.5171937942504883,4.914968013763428,7.834944248199463,1.0006110668182373,0.3811534643173218,0.25,2.6291966438293457,0.5054491758346558,0.2538110315799713,0.010020242914979757,0.0,1.0340609550476074,0.7580379843711853,0.26693104437321513,,0.5673025846481323,0.3275927007198334,,0.10905364900827408,,0.5546901226043701,0.32883286476135254,,0.11647699773311615,,,,,,,,,,,,,,,,,,,,,,,,,,,,,,,,,,,,
52,9.959853474547597e-06,9.959853474547597e-05,1.0,91.10424144847973,8.196238749736064,3.52025707347973,3.52025707347973,3.5820572311813765,0.0,0.0,0.3177851857365789,2.289625837996199,0.13282741082681193,1.9390493856894004,0.07864196236069138,0.0066098385565989725,0.0,1.3479521467879012,391.3106524493243,0.6642359140756968,390.6464315878378,0.0,0.0,0.0,0.0,0.0,2.5911736488342285,5.268404483795166,2.344449758529663,4.975332260131836,8.389266967773438,1.0001697540283203,0.3685385286808014,0.25,2.573563575744629,0.5044988989830017,0.24408330023288727,0.004959514170040486,0.0,1.6668713092803955,1.1188212633132935,0.3287896569554014,,0.5662577152252197,0.3263140320777893,,0.11146663874387741,,0.5564627647399902,0.3265737295150757,,0.1169634759426117,,,,,,,,,,,,,,,,,,,,,,,,,,,,,,,,,,,,
53,9.957874159976716e-06,9.957874159976717e-05,1.0,91.71851905616555,8.288422455658784,3.504183795001056,3.504183795001056,3.576161152607686,0.0,0.0,0.3188019829827386,2.2838771923168286,0.13138246536254883,1.953193458350929,0.07942971667727909,0.0064242901028813545,0.0,1.3621385935190562,393.9858002533784,0.7242391431653822,393.2616131756757,0.0,0.0,0.0,0.0,0.0,2.720381259918213,4.861099720001221,2.056882381439209,4.403597831726074,8.291528701782227,1.0003242492675781,0.42249584197998047,0.25,2.5563507080078125,0.5093713998794556,0.2800856828689575,0.0072874493927125505,0.0,1.1901025772094727,0.9520530700683594,0.20002436067257895,,0.5735273957252502,0.3223954439163208,,0.10969354212284088,,0.5590507388114929,0.3237359821796417,,0.11721329391002655,,,,,,,,,,,,,,,,,,,,,,,,,,,,,,,,,,,,
54,9.955847437165313e-06,9.955847437165312e-05,1.0,90.7957664695946,7.474068306587838,3.5019906533731,3.5019906533731,3.5679622340846704,0.0,0.0,0.3172109964731577,2.252633996911951,0.13162174740353147,1.9380990105706293,0.08255203994544777,0.0078082841795844,0.0,1.3492235750765413,393.4994721283784,0.5929639661634291,392.90643475506755,0.0,0.0,0.0,0.0,0.0,2.9106242656707764,4.527929782867432,1.8911914825439453,4.173316478729248,7.476156234741211,1.0003770589828491,0.41430947184562683,0.25,2.5334746837615967,0.513547956943512,0.2754085659980774,0.00819838056680162,0.0,1.851452112197876,1.2107511758804321,0.34605320445305054,,0.5799094438552856,0.3190496861934662,,0.10515531897544861,,0.5674977898597717,0.3200549781322479,,0.11244724690914154,,,,,,,,,,,,,,,,,,,,,,,,,,,,,,,,,,,,
55,9.95377332652246e-06,9.95377332652246e-05,1.0,90.25196632179055,7.153952933646537,3.501326277449324,3.501326277449324,3.5621111070787586,0.0,0.0,0.3170255197061075,2.201969662228146,0.13205833692808408,1.9168020712362754,0.08204920871837719,0.007957659057668737,0.0,1.3759329512312606,392.45096072635135,0.5979228664088894,391.8530933277027,0.0,0.0,0.0,0.0,0.0,2.446291446685791,3.8403944969177246,1.703550934791565,3.631155490875244,6.054375648498535,1.0010613203048706,0.4462181627750397,0.25,2.8448710441589355,0.5184248685836792,0.3034912049770355,0.025101214574898785,0.0,0.6590067744255066,0.5300933718681335,0.1956177198174543,,0.5873081684112549,0.31440210342407227,,0.10430852323770523,,0.5703882575035095,0.3161514401435852,,0.11346032470464706,157.56720473740128,266.5043130937133,0.37759981130964737,-103.36131756122296,157.5672058107385,202.31147055970743,245.18451277543272,278.2397354347958,116.85489055088588,77.16948921735897,389.22571563720703,0.4571095847113931,0.33040471976339897,0.2622380026316728,0.16744321712449242,0.0,0.26258565314510923,0.20994132561575715,0.13320669199784493,0.967766229925514,0.758565094719871,0.8714594554981496,0.9471620680810524,0.258565094719871,0.07145945549814958,-0.002837931918947545,0.0,0.0,0.554945054945055,0.44505494505494503,0.8919413919413919,1.622840011185342,1.582495316044315,1.546311263199691,-8.004046440124512,0.00033405216527171433
56,9.951651848934432e-06,9.951651848934431e-05,1.0,89.73073928420608,7.5035111710831925,3.5162967991184546,3.5162967991184546,3.5715855778874577,0.0,0.0,0.3202044255024678,2.1995812493401603,0.1317387915946342,1.933953568742082,0.0804327629707955,0.006678232470074216,0.0,1.3966157243058488,387.9994721283784,0.5770829174969647,387.4223236908784,0.0,0.0,0.0,0.0,0.0,2.9449501037597656,3.7378742694854736,1.5639532804489136,3.4903430938720703,6.173787593841553,1.0012189149856567,0.37301015853881836,0.25,2.5873279571533203,0.5196890234947205,0.2606481611728668,0.01811740890688259,0.0,1.4651488065719604,1.1298024654388428,0.22888210373507015,,0.5889620780944824,0.314576655626297,,0.10293019562959671,,0.5775585770606995,0.3150116801261902,,0.10742975771427155,,,,,,,,,,,,,,,,,,,,,,,,,,,,,,,,,,,,
57,9.949483025764483e-06,9.949483025764483e-05,1.0,92.69859190244932,7.948583654455237,3.4365700386665963,3.4365700386665963,3.496751115128801,0.0,0.0,0.3164133896698823,2.238895931759396,0.13158946423917203,1.96938756994299,0.08434924563846073,0.00808412561545501,0.0,1.3839666005727407,400.93908361486484,0.6726166493183857,400.2664959881757,0.0,0.0,0.0,0.0,0.0,2.747924566268921,3.5207555294036865,1.4832900762557983,3.2692816257476807,5.879574775695801,1.0008962154388428,0.39796438813209534,0.25,2.773632287979126,0.5241177678108215,0.2772623598575592,0.016194331983805668,0.0,1.382580280303955,1.0182602405548096,0.2635073311396074,,0.5958662629127502,0.31021276116371155,,0.09918759763240814,,0.5823804140090942,0.31196221709251404,,0.10565739870071411,,,,,,,,,,,,,,,,,,,,,,,,,,,,,,,,,,,,
58,9.947266878852637e-06,9.947266878852636e-05,1.0,89.68657622466216,7.669064908414273,3.475634188265414,3.475634188265414,3.527417569547086,0.0,0.0,0.31589234841836467,2.1992771045581714,0.13151421418061127,1.9497507456186656,0.08303659671061747,0.007901241650452485,0.0,1.4184466181574642,387.13653399493245,0.6189618497281462,386.5176309121622,0.0,0.0,0.0,0.0,0.0,2.9218432903289795,3.3886046409606934,1.1787484884262085,3.056246519088745,5.949459552764893,1.0004085302352905,0.37568554282188416,0.25,2.4716293811798096,0.5223148465156555,0.26317015290260315,0.00819838056680162,0.0,1.7601101398468018,1.3053126335144043,0.2583915040521172,,0.5937349200248718,0.3086419105529785,,0.10275968164205551,,0.5838735699653625,0.30936312675476074,,0.10676330327987671,,,,,,,,,,,,,,,,,,,,,,,,,,,,,,,,,,,,
59,9.945003430515472e-06,9.945003430515471e-05,1.0,91.22552655194256,8.294839395059121,3.4890627474398226,3.4890627474398226,3.5509206411000847,0.0,0.0,0.31895379762391785,2.19736047693201,0.1332650700130978,1.9568627847207558,0.08343812581655141,0.007230289884515711,0.0,1.4116283107448269,391.6228885135135,0.6261805972537479,390.99670080236484,0.0,0.0,0.0,0.0,0.0,2.450406789779663,2.8933708667755127,1.0283704996109009,2.6951534748077393,4.841602325439453,1.0005865097045898,0.4245540499687195,0.25,2.9111111164093018,0.5293646454811096,0.29361116886138916,0.01305668016194332,0.0,0.6974859237670898,0.5319794416427612,0.23729006777718983,,0.6043121218681335,0.3034118711948395,,0.09701500833034515,,0.591705322265625,0.3045596182346344,,0.1037350594997406,,,,,,,,,,,,,,,,,,,,,,,,,,,,,,,,,,,,
60,9.942692703545886e-06,9.942692703545886e-05,1.0,90.7145798141892,7.731339738175675,3.4725242820945947,3.4725242820945947,3.5255819784628377,0.0,0.0,0.31628992750838,2.17526946196685,0.13035080883954023,1.9602859084670607,0.08351335654387602,0.008984224216358081,0.0,1.4164256534060917,391.9925834037162,0.6528949737548828,391.33965899493245,0.0,0.0,0.0,0.0,0.0,3.171759843826294,2.922093152999878,0.9618198275566101,2.6800618171691895,5.078419208526611,1.0003328323364258,0.428038626909256,0.25,2.894331216812134,0.5282039642333984,0.29557493329048157,0.0072874493927125505,0.0,1.830191731452942,1.4726176261901855,0.19537521622332296,,0.6026456952095032,0.3035879135131836,,0.0996364876627922,,0.5909640789031982,0.3048572838306427,,0.10417865216732025,140.3725893838065,244.02371905653862,0.33529468864962714,-82.78723976638291,140.37258865056683,179.5810196113706,215.78898528559105,249.73977280649984,95.28831372942243,71.67292688059253,339.8909892206607,0.45138829004565706,0.34423678750027464,0.27603292303316185,0.174348094037171,0.0,0.2694657433076619,0.2636875640239283,0.12604866272305307,0.9276759101652224,0.7609651533472573,0.8870873181634972,0.9558279286211572,0.26096515334725734,0.08708731816349713,0.005827928621157219,0.0,0.0,0.5769230769230769,0.4230769230769231,0.8772893772893773,1.5784181841127165,1.510050546991956,1.453471710721215,-8.004695892333984,0.0003338353126309812
61,9.940334721212874e-06,9.940334721212874e-05,1.0,89.48993744721284,7.273632152660473,3.483138625686233,3.483138625686233,3.537460739548142,0.0,0.0,0.31629549490438924,2.120921985523121,0.13024642016436602,1.9404987644504856,0.08083473025141535,0.008187449461704976,0.0,1.4288420806059967,388.1831714527027,0.5593962282747835,387.62375950168916,0.0,0.0,0.0,0.0,0.0,2.7291078567504883,2.7345223426818848,0.9391034841537476,2.597604990005493,4.623953342437744,1.0006695985794067,0.4646749198436737,0.25,2.731924057006836,0.5333359837532043,0.3214876651763916,0.014676113360323886,0.0,1.514836072921753,1.2047264575958252,0.20471496610705947,,0.6103260517120361,0.30025455355644226,,0.09366112947463989,,0.5937204360961914,0.303078293800354,,0.10320127755403519,,,,,,,,,,,,,,,,,,,,,,,,,,,,,,,,,,,,
62,9.93792950726129e-06,9.937929507261291e-05,1.0,89.624267578125,6.953559669288429,3.4452891994167016,3.4452891994167016,3.497412191854941,0.0,0.0,0.31640496125092377,2.1285185942778715,0.13193741360226194,1.940735894280511,0.07969102988371977,0.007414249954996882,0.0,1.4560045809359163,390.63207347972974,0.5348278251854149,390.0971811655405,0.0,0.0,0.0,0.0,0.0,2.9903724193573,2.773317813873291,0.7721743583679199,2.4041521549224854,5.188705921173096,1.0007970333099365,0.4725330173969269,0.25,3.3414924144744873,0.5339368581771851,0.31493744254112244,0.015283400809716598,0.0,1.5536503791809082,1.2278002500534058,0.20973195352952712,,0.6113682985305786,0.29922789335250854,,0.09307794272899628,,0.5977278351783752,0.30049824714660645,,0.1017739325761795,,,,,,,,,,,,,,,,,,,,,,,,,,,,,,,,,,,,
63,9.935477085911616e-06,9.935477085911616e-05,1.0,90.40353805954392,7.165763236380912,3.452907252956081,3.452907252956081,3.5104361869193412,0.0,0.0,0.3178464786426441,2.1300094192092485,0.1319406354749525,1.96120885900549,0.08252679979478991,0.007985938239741969,0.0,1.4469788010055955,393.3984375,0.600054560480891,392.7984322212838,0.0,0.0,0.0,0.0,0.0,2.929959774017334,2.5055830478668213,0.8127760291099548,2.3370208740234375,4.343801975250244,1.000314712524414,0.4586099684238434,0.25,3.376865863800049,0.5354114770889282,0.3189593553543091,0.0069838056680161945,0.0,1.2668099403381348,1.0318495035171509,0.18547410257790417,,0.6137738227844238,0.29700469970703125,,0.09327446669340134,,0.599700927734375,0.2998092770576477,,0.1004897952079773,,,,,,,,,,,,,,,,,,,,,,,,,,,,,,,,,,,,
64,9.932977481859705e-06,9.932977481859704e-05,1.0,91.20941327069256,8.405562117293075,3.4621850091057853,3.4621850091057853,3.5115673993084884,0.0,0.0,0.31822967529296875,2.1442811295792863,0.13181700577607025,1.9792084565033783,0.08202583081013448,0.007596717492954151,0.0,1.4565120387721706,391.1484902871622,0.6482999646985853,390.5001319679054,0.0,0.0,0.0,0.0,0.0,3.2382447719573975,2.524348020553589,0.6506965160369873,2.3318912982940674,4.556713104248047,1.0006221532821655,0.49613285064697266,0.25,3.578453540802002,0.5388578176498413,0.3398479223251343,0.013967611336032389,0.0,1.4052784442901611,1.2431527376174927,0.11536909808259524,,0.6189435720443726,0.29461026191711426,,0.08974279463291168,,0.6037133932113647,0.29784050583839417,,0.09844611585140228,,,,,,,,,,,,,,,,,,,,,,,,,,,,,,,,,,,,
65,9.930430720276543e-06,9.930430720276542e-05,1.0,91.35330447635135,7.392498944256757,3.3990136223870353,3.3990136223870353,3.4329831922376477,0.0,0.0,0.3168544511537294,2.1353671099688554,0.12991833042454076,1.9859596458641258,0.08373710271474477,0.008876947937784967,0.0,1.4560229327227618,397.2504750844595,0.5908879976014834,396.65952280405406,0.0,0.0,0.0,0.0,0.0,2.3945882320404053,2.4388439655303955,0.653099775314331,2.13777494430542,4.637519836425781,1.0004336833953857,0.5402771830558777,0.25,3.1959054470062256,0.5412572026252747,0.3694850504398346,0.01417004048582996,0.0,1.15011727809906,0.9297122955322266,0.19163696325919374,,0.6224175095558167,0.29297709465026855,,0.08958335965871811,,0.6037448644638062,0.2971888482570648,,0.09906625747680664,132.08161012418978,219.47642469421925,0.3532660949013516,-30.067818945580786,132.08160996389128,165.93524785627665,199.05348447308995,234.51076242166332,105.60182298932757,80.68793948861055,280.23687147057575,0.4117576985854231,0.36629636306445434,0.2932492197318874,0.18927620626603767,0.0,0.2932644348123509,0.34295289631620973,0.18036391745225075,0.8858128080078296,0.7597559635044521,0.8997471693965043,0.9628632149792972,0.25975596350445207,0.0997471693965043,0.01286321497929721,1.8321058224323037e-05,0.0,0.7472527472527473,0.25274725274725274,0.8818681318681318,1.5821343781528892,1.4766903467230745,1.399016770032736,-8.004742622375488,0.00033381968387402594
66,9.92783682680799e-06,9.92783682680799e-05,1.0,90.37070444467905,7.160626385663007,3.4476745193069047,3.4476745193069047,3.5023444923194678,0.0,0.0,0.31737935865247574,2.104434039141681,0.12922335959769585,1.960060738228463,0.08206087189751703,0.007845328466312305,0.0,1.4658305193926837,393.3121040962838,0.626172246159734,392.68586359797297,0.0,0.0,0.0,0.0,0.0,3.055675983428955,2.7410411834716797,0.6106761693954468,2.5041985511779785,5.18364143371582,1.0014199018478394,0.566997230052948,0.25,3.9313976764678955,0.5450842380523682,0.3787553608417511,0.03390688259109312,0.0,2.2089595794677734,1.5964233875274658,0.27729624282572524,,0.6277421116828918,0.2923915386199951,,0.08430087566375732,,0.6092597842216492,0.2958374619483948,,0.09490275382995605,,,,,,,,,,,,,,,,,,,,,,,,,,,,,,,,,,,,
67,9.925195827574523e-06,9.925195827574523e-05,1.0,90.85403689822635,7.367016766522382,3.3980042741105363,3.3980042741105363,3.4498115745750635,0.0,0.0,0.31426187463708827,2.1291508030247046,0.12971294248426282,1.9765563140044342,0.08590663445962442,0.009544321814098873,0.0,1.469547477928368,394.8994932432432,0.6376664960706556,394.2618243243243,0.0,0.0,0.0,0.0,0.0,2.406073570251465,2.409661293029785,0.5924804210662842,1.9583830833435059,4.752133846282959,1.0013331174850464,0.5230077505111694,0.25,3.59765887260437,0.5438594818115234,0.34908151626586914,0.02803643724696356,0.0,1.2825188636779785,1.0775701999664307,0.15980167583952778,,0.6263900399208069,0.29060080647468567,,0.08817322552204132,,0.6101306080818176,0.29323849081993103,,0.09663088619709015,,,,,,,,,,,,,,,,,,,,,,,,,,,,,,,,,,,,
68,9.922507749170978e-06,9.922507749170979e-05,1.0,90.06000580658784,7.2877518937394425,3.4447722563872465,3.4447722563872465,3.4973594046927787,0.0,0.0,0.3164155032183673,2.1042228904930322,0.1299941604201858,1.9537198865735852,0.08118918779734019,0.007902976628896352,0.0,1.4814646952861064,391.14421452702703,0.5848686630661423,390.55933277027026,0.0,0.0,0.0,0.0,0.0,2.862631320953369,2.7618701457977295,0.5378288626670837,2.1310012340545654,5.908353805541992,1.0013402700424194,0.5849627256393433,0.25,4.0,0.5459668636322021,0.39704033732414246,0.033097165991902835,0.0011133603238866396,1.4231698513031006,1.2252802848815918,0.13904845316974265,,0.6291870474815369,0.2902623116970062,,0.08798602968454361,,0.6103329062461853,0.2931573688983917,,0.09650970250368118,,,,,,,,,,,,,,,,,,,,,,,,,,,,,,,,,,,,
69,9.919772618666274e-06,9.919772618666273e-05,1.0,88.50298907305744,6.535211923960093,3.4868419750316724,3.4868419750316724,3.5549192686338684,0.0,0.0,0.3159245671452703,2.05747820879962,0.12929016834980733,1.9252618325723183,0.08155897501352671,0.00811127875302289,0.0,1.4918338672534839,386.9844805743243,0.4899466746562236,386.4945629222973,0.0,0.0,0.0,0.0,0.0,3.0097553730010986,2.9474940299987793,0.5225813984870911,2.5269222259521484,5.919904708862305,1.001859426498413,0.5666316747665405,0.25,3.954317808151245,0.5482823848724365,0.3776954710483551,0.03228744939271255,0.0,1.5785269737243652,1.3843257427215576,0.1230268688691525,,0.6326603293418884,0.28889894485473633,,0.08448714762926102,,0.6150295734405518,0.29135411977767944,,0.09361627697944641,,,,,,,,,,,,,,,,,,,,,,,,,,,,,,,,,,,,
70,9.916990463603144e-06,9.916990463603143e-05,1.0,90.40675147804055,6.895386566986909,3.4199824977565454,3.4199824977565454,3.466925956107475,0.0,0.0,0.3157800983738255,2.09594540982633,0.12852096557617188,1.9464802097629856,0.08202952951998324,0.008249975539542534,0.0,1.4791042224780933,394.97983530405406,0.5700702667236328,394.4097603462838,0.0,0.0,0.0,0.0,0.0,3.218762159347534,3.0385582447052,0.5979734063148499,2.60713529586792,5.995538711547852,1.0019121170043945,0.5805197954177856,0.25,3.5252106189727783,0.549485981464386,0.38624516129493713,0.04736842105263158,0.0,1.3889508247375488,1.240155816078186,0.1071276290054967,,0.634231686592102,0.2890620231628418,,0.08325596153736115,,0.61398845911026,0.2918400168418884,,0.09417150169610977,124.70591262146667,209.83435636753538,0.3140007671290863,-38.9434701688997,124.70590982819532,154.5036389045422,182.36505508485553,216.42914073008754,86.07013920375279,72.81640447572221,276.1014988111413,0.4148599380896923,0.40385868148407444,0.32410490089033417,0.22015860937621912,0.0,0.3268894330649837,0.4177868576866578,0.26254041751808954,0.8499744440009327,0.7760617053240996,0.9169323220109193,0.9698985013374373,0.27606170532409957,0.1169323220109193,0.019898501337437313,3.6642116448646074e-05,0.0,0.6868131868131868,0.3131868131868132,0.8626373626373627,1.5071721984134925,1.4029304955031845,1.3256754195624656,-8.006349563598633,0.0003332837950438261
71,9.914161311997858e-06,9.914161311997857e-05,1.0,89.94928473395271,7.469851932010135,3.431605777224979,3.431605777224979,3.4737952979835303,0.0,0.0,0.3163581023345122,2.1208236281936235,0.1305285659996239,1.9650718070365287,0.08126396101874274,0.00837318881137951,0.0,1.5088282404719173,389.7104360219595,0.5781054110140413,389.1323110219595,0.0,0.0,0.0,0.0,0.0,2.2274887561798096,2.702651262283325,0.506676435470581,2.091825485229492,5.772048473358154,1.0016913414001465,0.6009600162506104,0.25,3.6248207092285156,0.5499016642570496,0.40057551860809326,0.04291497975708502,0.0,0.9987211227416992,0.8453656435012817,0.15355185321346213,,0.6354127526283264,0.2861591875553131,,0.08389914780855179,,0.6154834628105164,0.2899242341518402,,0.09459232538938522,,,,,,,,,,,,,,,,,,,,,,,,,,,,,,,,,,,,
72,9.911285192339942e-06,9.911285192339942e-05,1.0,90.03563133445945,7.360994906038852,3.436777063318201,3.436777063318201,3.4872391159470015,0.0,0.0,0.31582417359223236,2.0971372449720227,0.12961714976542704,1.949398556271115,0.08389525800137906,0.008849046520284704,0.0,1.5010678059345968,390.6967113597973,0.5872763556403082,390.1094541807432,0.0,0.0,0.0,0.0,0.0,3.0073013305664062,3.1019372940063477,0.5847206115722656,2.571105480194092,6.470073699951172,1.0019851922988892,0.5233809351921082,0.25,2.7554638385772705,0.5492013692855835,0.35419225692749023,0.046761133603238865,0.0,1.8895176649093628,1.4705106019973755,0.22175345099622892,,0.6339096426963806,0.2888892590999603,,0.0831923857331276,,0.6177555322647095,0.29065030813217163,,0.09159418940544128,,,,,,,,,,,,,,,,,,,,,,,,,,,,,,,,,,,,
73,9.90836213359189e-06,9.90836213359189e-05,1.0,90.15462019636824,7.16661937816723,3.436815004091005,3.436815004091005,3.4907927641997465,0.0,0.0,0.3177494616121859,2.1011476258973816,0.1300977629584235,1.9536652436127533,0.08109712600708008,0.008028803644953546,0.0,1.494486834551837,392.2593433277027,0.5650588886157887,391.6942567567568,0.0,0.0,0.0,0.0,0.0,2.8620450496673584,2.931239604949951,0.4998939335346222,2.3744029998779297,6.228288650512695,1.0011626482009888,0.5421059131622314,0.25,4.0,0.549625039100647,0.3641037940979004,0.038866396761133605,0.002327935222672065,1.4738718271255493,1.323838472366333,0.10179538817281156,,0.635013997554779,0.28620317578315735,,0.08454866707324982,,0.6212501525878906,0.2880251705646515,,0.09072468429803848,,,,,,,,,,,,,,,,,,,,,,,,,,,,,,,,,,,,
74,9.90539216518887e-06,9.90539216518887e-05,1.0,89.87213629645271,6.963515822951858,3.408074868691934,3.408074868691934,3.4552651482659416,0.0,0.0,0.31556150075551626,2.090748554951436,0.12934419271108266,1.945351265572213,0.08397102355957031,0.008268972506394258,0.0,1.4995661555109798,392.0220122466216,0.5198769956021696,391.50213788006755,0.0,0.0,0.0,0.0,0.0,2.585170269012451,3.037867307662964,0.51197350025177,2.573617696762085,6.301705360412598,1.0018725395202637,0.5951883792877197,0.25,3.2491843700408936,0.5515329241752625,0.401283323764801,0.046153846153846156,0.0,1.5966624021530151,1.3212858438491821,0.1724701213810147,,0.6378428339958191,0.2850557863712311,,0.08242280036211014,,0.6168659925460815,0.28907498717308044,,0.09405900537967682,,,,,,,,,,,,,,,,,,,,,,,,,,,,,,,,,,,,
75,9.90237531703843e-06,9.90237531703843e-05,1.0,91.7307326858108,6.84442138671875,3.3838653564453125,3.3838653564453125,3.433341567580764,0.0,0.0,0.3147173443356076,2.1115419542467273,0.1270396645004685,1.9560390163112331,0.08274401845158758,0.009283145537247529,0.0,1.4877953400483002,402.00857791385135,0.5590622876141522,401.44948268581084,0.0,0.0,0.0,0.0,0.0,2.8896262645721436,3.1186747550964355,0.6342280507087708,2.6637539863586426,6.283270835876465,1.001915454864502,0.5912677645683289,0.25,4.0,0.5529044270515442,0.40510568022727966,0.03724696356275304,0.0004048582995951417,2.6834685802459717,2.000121831893921,0.2546505494353185,,0.6397246718406677,0.2846854627132416,,0.08178453147411346,,0.6184456944465637,0.2887730896472931,,0.09278126060962677,132.56658153743535,205.00792563544258,0.3655673232796668,17.46258220043811,132.56657883557133,159.26315852569263,185.42838326043056,219.9851190692488,95.79594911847796,91.77148242329442,252.56576007345447,0.39264891282066794,0.4388126075356987,0.345017342512253,0.2498830094596996,0.0,0.3698016830236515,0.5056900856383209,0.32923865211642406,0.829553826238133,0.767634018540911,0.9214942655087758,0.9738924920303397,0.26763401854091096,0.12149426550877573,0.023892492030339718,5.496317467296911e-05,0.0,0.7857142857142857,0.21428571428571427,0.8800366300366301,1.5608123825801599,1.435923423085894,1.3486233017929308,-8.006814956665039,0.0003331287298351526
76,9.8993116195202e-06,9.8993116195202e-05,1.0,90.28280062288852,6.675934662690034,3.406281548577386,3.406281548577386,3.4576422201620565,0.0,0.0,0.31398249961234426,2.0909817669842696,0.12904812838580157,1.9296897681983742,0.08339644122768093,0.009789698027275704,0.0,1.5154473588273332,395.5380331503378,0.5400210715628959,394.9980732685811,0.0,0.0,0.0,0.0,0.0,2.7108211517333984,2.732241630554199,0.5305517911911011,2.2034826278686523,5.687559604644775,1.0006260871887207,0.5637707114219666,0.25,3.892643451690674,0.5524539351463318,0.39022570848464966,0.01325910931174089,0.0,1.6461248397827148,1.4154748916625977,0.1401169234227475,,0.6395730376243591,0.2821139991283417,,0.08520837873220444,,0.6213234663009644,0.28586098551750183,,0.0928155705332756,,,,,,,,,,,,,,,,,,,,,,,,,,,,,,,,,,,,
77,9.896201103485577e-06,9.896201103485577e-05,1.0,89.36128853462837,6.972972972972973,3.451147955817145,3.451147955817145,3.4972109407991976,0.0,0.0,0.3146984254991686,2.078022931073163,0.12799268155484586,1.9257874359955658,0.08361166876715583,0.009807597946476293,0.0,1.526062939618085,389.2334776182432,0.5744500546842009,388.6590477195946,0.0,0.0,0.0,0.0,0.0,2.1569676399230957,2.853548765182495,0.5750373601913452,2.2745392322540283,6.013129711151123,1.001599907875061,0.5577620267868042,0.25,3.465822458267212,0.5549226403236389,0.3874145746231079,0.026619433198380567,0.0,1.1121470928192139,0.9349461793899536,0.15933226330706718,,0.6432933211326599,0.28052401542663574,,0.08177126199007034,,0.6236257553100586,0.2841392159461975,,0.0922350287437439,,,,,,,,,,,,,,,,,,,,,,,,,,,,,,,,,,,,
78,9.893043800257426e-06,9.893043800257425e-05,1.0,89.88199429898648,6.622804796373522,3.3836970973659204,3.3836970973659204,3.43059271735114,0.0,0.0,0.31362353144465266,2.06430569210568,0.12803951469627586,1.9281574970967061,0.08366560935974121,0.009130340170215917,0.0,1.5146878216717694,393.94219805743245,0.5014760300919816,393.44077280405406,0.0,0.0,0.0,0.0,0.0,2.5935745239257812,3.443920373916626,0.4998939335346222,2.561081647872925,7.534792423248291,1.0016471147537231,0.5617153644561768,0.25,3.426575183868408,0.5552251935005188,0.37444213032722473,0.043218623481781376,0.0,1.240383267402649,1.0218971967697144,0.1761440003060041,,0.6436906456947327,0.28090107440948486,,0.07987161725759506,,0.6279643774032593,0.2833079695701599,,0.08872762322425842,,,,,,,,,,,,,,,,,,,,,,,,,,,,,,,,,,,,
79,9.889839741629753e-06,9.889839741629753e-05,1.0,90.47472814611487,6.7444429139833195,3.376317823255384,3.376317823255384,3.424032262853674,0.0,0.0,0.31627938554093643,2.07286937816723,0.12719453347695842,1.9211848490947,0.08255417282516891,0.008119654816550177,0.0,1.5161462732263513,396.3299725506757,0.5514938251392262,395.7784786739865,0.0,0.0,0.0,0.0,0.0,2.615671157836914,3.6743836402893066,0.5573725700378418,2.832091808319092,8.08365249633789,1.0021101236343384,0.6358739733695984,0.25,4.0,0.5579546689987183,0.42185112833976746,0.04949392712550607,0.00010121457489878542,2.5287880897521973,1.788434624671936,0.29277006961576224,,0.647485077381134,0.2799926996231079,,0.07841828465461731,,0.6270080208778381,0.28348350524902344,,0.08950851857662201,,,,,,,,,,,,,,,,,,,,,,,,,,,,,,,,,,,,
80,9.886588959867394e-06,9.886588959867394e-05,1.0,89.7003272804054,6.53738073400549,3.396736557419236,3.396736557419236,3.4409627141179264,0.0,0.0,0.31465579367972707,2.0622973055452913,0.12697436358477618,1.9137600048168286,0.08358169890738823,0.009355719025070602,0.0,1.5201098467852618,393.4088893581081,0.48904583905194254,392.9197899070946,0.0,0.0,0.0,0.0,0.0,2.871757984161377,3.897343158721924,0.689103901386261,3.2170255184173584,8.131155967712402,1.0022977590560913,0.5834912657737732,0.25,3.602391242980957,0.5583411455154419,0.3947347402572632,0.04230769230769231,0.0,3.143707275390625,2.2236618995666504,0.292662546232029,,0.6480129957199097,0.2798497974872589,,0.07846240699291229,,0.6294574737548828,0.2827829122543335,,0.08775965124368668,127.97000677507002,196.35047346629636,0.35558500433803997,23.648875121231917,127.97000652869458,154.13390921486987,178.08720844331398,210.99548539833984,95.70979690551758,90.45179375936819,238.09328825577447,0.3834361143570526,0.46707551760301497,0.36506077261135456,0.2706502201859514,0.0,0.39788243121227235,0.5355601088814113,0.3514738591916174,0.7996726537006219,0.7815030596167235,0.9322304056282291,0.9788025356344583,0.2815030596167235,0.13223040562822908,0.028802535634458337,0.00018321058224323036,0.0,0.8076923076923077,0.19230769230769232,0.8763736263736264,1.5102315705556135,1.38890363407004,1.3039223613974813,-8.008420944213867,0.0003325942379888147
81,9.883291487705685e-06,9.883291487705685e-05,1.0,90.14300042229729,7.171098863756335,3.4218714946025126,3.4218714946025126,3.47508074786212,0.0,0.0,0.31521895125105576,2.0695788409258866,0.12631818410512563,1.9315146368903082,0.0851872933877481,0.009449554456246866,0.0,1.523215628959037,392.2969277871622,0.5783389838966163,391.7186708192568,0.0,0.0,0.0,0.0,0.0,3.1242077350616455,3.8594770431518555,0.8108831644058228,3.2123160362243652,7.834944248199463,1.0013604164123535,0.6125185489654541,0.25,3.8564364910125732,0.5595073699951172,0.4181458055973053,0.03168016194331984,0.0,2.488558530807495,2.109125852584839,0.15247086758274347,,0.6499121785163879,0.2784581184387207,,0.0770007073879242,,0.6287213563919067,0.2834451198577881,,0.0878334641456604,,,,,,,,,,,,,,,,,,,,,,,,,,,,,,,,,,,,
82,9.879947358350133e-06,9.879947358350133e-05,1.0,88.46834089949324,6.6562912399704395,3.421808809847445,3.421808809847445,3.470872208878801,0.0,0.0,0.3153438310365419,2.039326848210515,0.12700342487644506,1.9010828379038218,0.08330350953179437,0.008584970558011855,0.0,1.5439125267235008,386.55825063344594,0.5086636414399018,386.0496463260135,0.0,0.0,0.0,0.0,0.0,2.6417317390441895,4.158906936645508,0.6896424293518066,3.481832504272461,8.774721145629883,1.0023233890533447,0.5245630145072937,0.25,3.7907187938690186,0.5577067136764526,0.35588109493255615,0.046153846153846156,0.0,2.1990811824798584,1.50404691696167,0.31605666541806005,,0.6469085216522217,0.2808411419391632,,0.07958316802978516,,0.6327654123306274,0.28123319149017334,,0.08600138127803802,,,,,,,,,,,,,,,,,,,,,,,,,,,,,,,,,,,,
83,9.876556605476086e-06,9.876556605476085e-05,1.0,90.17048273859797,6.838497677364865,3.377884529732369,3.377884529732369,3.423195710053315,0.0,0.0,0.312754167092813,2.0737205711570947,0.12650272008535024,1.9108294925174198,0.07930340638031831,0.008803078451672115,0.0,1.5381066605851457,394.3515097128378,0.5482828294908678,393.8032094594595,0.0,0.0,0.0,0.0,0.0,2.4163706302642822,3.603151321411133,0.6478117108345032,2.832091808319092,7.773972034454346,1.0015548467636108,0.5733621120452881,0.25,4.0,0.5596877336502075,0.4018442630767822,0.03319838056680162,0.0004048582995951417,1.475113034248352,1.3353440761566162,0.09475135453803071,,0.6506210565567017,0.27588126063346863,,0.07947328686714172,,0.6321213245391846,0.2796419858932495,,0.08823666721582413,,,,,,,,,,,,,,,,,,,,,,,,,,,,,,,,,,,,
84,9.873119263228384e-06,9.873119263228384e-05,1.0,89.67438239020271,7.105410189241977,3.3811352704022384,3.3811352704022384,3.4255070041965796,0.0,0.0,0.3145385690637537,2.0611405243744723,0.12526170627490893,1.9121108183989655,0.07994345072153453,0.008245485859948236,0.0,1.562857962943412,390.52019108952703,0.542195345904376,389.97790857263516,0.0,0.0,0.0,0.0,0.0,2.7071027755737305,3.8369317054748535,0.8721199631690979,3.3599095344543457,7.490772247314453,1.0010418891906738,0.5283914804458618,0.25,3.449108839035034,0.5587738752365112,0.3749442994594574,0.02297570850202429,0.0,3.7614893913269043,2.423577070236206,0.35568685217499335,,0.6490443348884583,0.2773857116699219,,0.08045822381973267,,0.6331269145011902,0.27989375591278076,,0.08697932958602905,,,,,,,,,,,,,,,,,,,,,,,,,,,,,,,,,,,,
85,9.869635366221029e-06,9.86963536622103e-05,1.0,89.35639252533784,6.420127250052787,3.4002415425068624,3.4002415425068624,3.444690601245777,0.0,0.0,0.3149578764631942,2.0619482091955237,0.12582237656052048,1.9001930855415963,0.08256198264457085,0.009828181685628119,0.0,1.5564878309095227,392.2647804054054,0.49013560527079814,391.77465160472974,0.0,0.0,0.0,0.0,0.0,3.0212607383728027,4.190479278564453,0.7843247652053833,3.5314857959747314,8.488157272338867,1.001539945602417,0.5686792731285095,0.25,3.8016552925109863,0.5604569911956787,0.3889998495578766,0.037044534412955465,0.0,3.139091968536377,2.294799327850342,0.26896078520429345,,0.6514344215393066,0.27682992815971375,,0.07855340093374252,,0.6357403993606567,0.2791743278503418,,0.08508527278900146,124.34618530692634,192.54017755749274,0.33168164032530617,17.819987768655295,124.34618516874448,149.51878232204945,173.06426619489068,205.3368459718251,78.61491775512695,86.11376746125923,238.52228911026666,0.3842054810938424,0.49837865353135663,0.38296771081706515,0.28977430495334394,0.0,0.4292739139695605,0.5617515512462977,0.39904286751753343,0.7777701807184898,0.7963797588948738,0.9407496977025392,0.9825949946868932,0.2963797588948738,0.1407496977025392,0.0325949946868932,0.0005862738631783372,0.0,0.7802197802197802,0.21978021978021978,0.8608058608058607,1.4675444010849839,1.3522782862841427,1.2737311059302026,-8.009406089782715,0.00033226681989617646
86,9.866104949536824e-06,9.866104949536824e-05,1.0,90.31099556587837,6.9366776749894425,3.3753183725717903,3.3753183725717903,3.4222531705289274,0.0,0.0,0.31407866606841217,2.0811827376082137,0.12553657067788615,1.907968469568201,0.08168909356400773,0.008719084230629174,0.0,1.5418814581793707,394.5616290118243,0.5576428078316353,394.0039326435811,0.0,0.0,0.0,0.0,0.0,2.5779550075531006,4.440180778503418,0.665006160736084,3.8427624702453613,9.213807106018066,1.0034818649291992,0.608538031578064,0.25,4.0,0.5641927123069763,0.41480863094329834,0.06629554655870445,0.0003036437246963563,1.5982885360717773,1.2352991104125977,0.22711132406125087,,0.6569992303848267,0.2742225229740143,,0.07554565370082855,,0.6372091770172119,0.2773473858833313,,0.08544343709945679,,,,,,,,,,,,,,,,,,,,,,,,,,,,,,,,,,,,
87,9.862528048727025e-06,9.862528048727025e-05,1.0,88.72587626689189,6.940908895956503,3.4111930228568412,3.4111930228568412,3.4666046967377535,0.0,0.0,0.3157189601176494,2.0369277129302152,0.1248724653914168,1.8940796723236908,0.08217238091133736,0.008240794007842606,0.0,1.5529232540646114,386.4862225506757,0.5602723198968012,385.9258604307432,0.0,0.0,0.0,0.0,0.0,2.9311821460723877,4.314423084259033,0.7415058016777039,3.654277801513672,8.947787284851074,1.0028064250946045,0.5825463533401489,0.25,4.0,0.5625730156898499,0.4063462018966675,0.05313765182186235,0.00010121457489878542,1.9516985416412354,1.6434553861618042,0.15793584352439044,,0.654661238193512,0.27485740184783936,,0.0776599645614624,,0.6361702680587769,0.2776971459388733,,0.08613260090351105,,,,,,,,,,,,,,,,,,,,,,,,,,,,,,,,,,,,
88,9.858904699810983e-06,9.858904699810983e-05,1.0,88.83683488175676,6.600145082216005,3.3923059411951013,3.3923059411951013,3.435322941960515,0.0,0.0,0.31310767096442144,2.03993390057538,0.1233650542594291,1.8798603367161106,0.08230492875382707,0.009728778858442564,0.0,1.559438860094225,388.85475612331084,0.5056602374927418,388.3491870777027,0.0,0.0,0.0,0.0,0.0,2.3662338256835938,3.974790096282959,0.698743462562561,3.050283193588257,8.774721145629883,1.0025678873062134,0.5343338251113892,0.25,4.0,0.5619720816612244,0.36984482407569885,0.04190283400809717,0.00010121457489878542,1.9853113889694214,1.5934779644012451,0.19736623017690827,,0.654101550579071,0.2737536132335663,,0.0785602554678917,,0.6376303434371948,0.27575424313545227,,0.0866154134273529,,,,,,,,,,,,,,,,,,,,,,,,,,,,,,,,,,,,
89,9.855234939275784e-06,9.855234939275784e-05,1.0,88.85532358530405,6.464786838840794,3.382274936985325,3.382274936985325,3.4234458304740287,0.0,0.0,0.3155845435889992,2.0430343215529985,0.12371141846115524,1.8876819095096073,0.08212388528359903,0.008365358855273272,0.0,1.5602287086280617,389.6580447635135,0.47851820249815247,389.1796083192568,0.0,0.0,0.0,0.0,0.0,3.1187987327575684,4.823189735412598,0.8316850662231445,4.268113136291504,9.693778991699219,1.0028096437454224,0.5989199280738831,0.25,4.0,0.5645585060119629,0.41111794114112854,0.05506072874493927,0.0006072874493927126,3.504150867462158,2.6358413696289062,0.2477945529959774,,0.6575361490249634,0.27398839592933655,,0.07530802488327026,,0.6385005712509155,0.27678513526916504,,0.08471432328224182,,,,,,,,,,,,,,,,,,,,,,,,,,,,,,,,,,,,
90,9.851518804075874e-06,9.851518804075873e-05,1.0,88.64488096494932,6.394305254961993,3.4016074103278084,3.4016074103278084,3.4434670113228463,0.0,0.0,0.3133612452326594,2.03064624683277,0.12153500479620856,1.8799937480204814,0.08253444207681192,0.009870870693309887,0.0,1.5661786053631757,388.8847128378378,0.47258134790368983,388.4121885557432,0.0,0.0,0.0,0.0,0.0,2.8068063259124756,4.827198028564453,0.7145980596542358,4.04491662979126,10.119386672973633,1.0038535594940186,0.6674294471740723,0.25,4.0,0.5678383708000183,0.45812833309173584,0.08097165991902834,0.0010121457489878543,2.8216381072998047,1.9686226844787598,0.30231212876457314,,0.6625028252601624,0.2709991931915283,,0.07429379969835281,,0.6367567777633667,0.2759440541267395,,0.0872991681098938,123.95023360619179,187.28697822701335,0.3219901692812747,27.981111065372005,123.95023740981212,146.7587825991732,168.83006841822186,201.33906362595775,72.75368663242885,85.01895372257677,240.9178626019022,0.368217240313999,0.5145855593961315,0.3950689714725215,0.30082128673407676,0.0,0.4426432806670025,0.5594658962495069,0.42112550503057916,0.7510001864113742,0.8090029680114323,0.9487743212047928,0.9858561430508226,0.30900296801143234,0.14877432120479273,0.03585614305082263,0.0012458319592539666,0.0,0.7637362637362637,0.23626373626373626,0.8782051282051281,1.4305056752739371,1.3173942621592636,1.244783220219088,-8.010599136352539,0.0003318707167636603
91,9.847756331632695e-06,9.847756331632693e-05,1.0,87.28914827913852,6.283054661106419,3.411544181205131,3.411544181205131,3.4581535957955025,0.0,0.0,0.31449075647302577,2.011077880859375,0.12206422960436022,1.8743921228357263,0.08245876673105601,0.009147954148215216,0.0,1.5736393284153294,382.6336307010135,0.46787957887391785,382.1657252956081,0.0,0.0,0.0,0.0,0.0,2.371537685394287,4.677241802215576,0.7931343913078308,3.9492878913879395,9.506284713745117,1.0027714967727661,0.6143780946731567,0.25,4.0,0.5665931701660156,0.42594534158706665,0.054757085020242915,0.0009109311740890688,1.1607065200805664,0.8664485812187195,0.2535162280654907,,0.6608344912528992,0.27077093720436096,,0.07667724788188934,,0.6417844891548157,0.2733989953994751,,0.08481651544570923,,,,,,,,,,,,,,,,,,,,,,,,,,,,,,,,,,,,
92,9.843947559834298e-06,9.843947559834297e-05,1.0,87.99188397381756,6.593504622175887,3.3890405603357263,3.3890405603357263,3.4369983157596073,0.0,0.0,0.3140150534140097,2.027866672825169,0.12192197748132654,1.8904823097022805,0.08227278735186602,0.008745606686617877,0.0,1.5971035312961888,384.6707400760135,0.4964143907701647,384.1743559966216,0.0,0.0,0.0,0.0,0.0,2.449963331222534,4.806872367858887,0.6923078298568726,4.017360210418701,10.121356964111328,1.0031789541244507,0.6174190640449524,0.25,4.0,0.5674601197242737,0.42128103971481323,0.06740890688259109,0.0003036437246963563,1.6086275577545166,1.3981783390045166,0.13082532232866015,,0.6621847152709961,0.27003124356269836,,0.07544302940368652,,0.6429177522659302,0.2724720239639282,,0.0846102237701416,,,,,,,,,,,,,,,,,,,,,,,,,,,,,,,,,,,,
93,9.840092527034976e-06,9.840092527034975e-05,1.0,89.98763460726352,6.742511233767948,3.3801591203019425,3.3801591203019425,3.42572207064242,0.0,0.0,0.31448557570173935,2.046536419842694,0.1208911199827452,1.887364980336782,0.08081463220957164,0.00865519288423899,0.0,1.5713287559715476,393.9429634712838,0.5562899306013778,393.3865867820946,0.0,0.0,0.0,0.0,0.0,3.3306145668029785,5.131049633026123,0.8080275654792786,4.2994890213012695,10.709098815917969,0.9988973140716553,0.6757168769836426,0.25,4.0,0.5687393546104431,0.4889218807220459,0.07408906882591093,0.006174089068825911,3.6118881702423096,2.81894850730896,0.2195360502759292,,0.6643127799034119,0.26773345470428467,,0.07650010287761688,,0.6370559334754944,0.2740650177001953,,0.0888790637254715,,,,,,,,,,,,,,,,,,,,,,,,,,,,,,,,,,,,
94,9.836191272054868e-06,9.836191272054868e-05,1.0,89.40555057010135,6.57103832347973,3.3812569283150338,3.3812569283150338,3.422095015242293,0.0,0.0,0.31297299668595596,2.0302445695206925,0.12020388165035763,1.8728460363439612,0.08130339674047522,0.0098334873044813,0.0,1.5615954012484163,391.91957875844594,0.5143753257957665,391.4052470439189,0.0,0.0,0.0,0.0,0.0,2.749870777130127,5.44177770614624,0.9825304746627808,4.6784586906433105,11.027483940124512,1.0021554231643677,0.5692647695541382,0.25,3.8329319953918457,0.5669441819190979,0.40642422437667847,0.04200404858299595,0.0,4.360936164855957,2.765780448913574,0.365782863046121,,0.6618924736976624,0.2678336203098297,,0.07826316356658936,,0.6426411867141724,0.27110162377357483,,0.08625724911689758,,,,,,,,,,,,,,,,,,,,,,,,,,,,,,,,,,,,
95,9.832243834179566e-06,9.832243834179565e-05,1.0,87.42098421663852,5.983529580605997,3.377501410406989,3.377501410406989,3.4183627979175464,0.0,0.0,0.3118927156603014,2.0202337728964315,0.12118116584984032,1.8525264843090161,0.08224081993103027,0.010551281877466151,0.0,1.582476332380965,384.9775390625,0.4240668786538614,384.55347339527026,0.0,0.0,0.0,0.0,0.0,2.0374197959899902,5.320276260375977,0.827482283115387,4.084611415863037,11.970219612121582,1.0037099123001099,0.5325852632522583,0.25,4.0,0.5691491961479187,0.37294551730155945,0.05344129554655871,0.00020242914979757084,1.0287721157073975,0.7782473564147949,0.24351822475314502,,0.6652002930641174,0.2661508619785309,,0.0766916573047638,,0.6496953964233398,0.2668055295944214,,0.08349908888339996,115.94605992914556,183.45382899594273,0.29635947735101226,4.612501207288805,115.9460579146904,140.16050996025703,162.334961606204,193.97722822170837,68.39058576311383,76.11421582125878,234.8851079526155,0.35692811893836335,0.5282475233730445,0.4173650169441129,0.33038668404103577,0.0,0.4588286988596539,0.5735544028239737,0.4323909399686111,0.7308703847117594,0.8251254992488366,0.954233996555641,0.9873218277087684,0.3251254992488366,0.15423399655564096,0.03732182770876846,0.0038657432853321607,0.0,0.7252747252747253,0.27472527472527475,0.8836996336996336,1.3723404823423742,1.2654198763462214,1.201247201352329,-8.012588500976562,0.0003312112530693412
96,9.828250253159725e-06,9.828250253159726e-05,1.0,88.57212046030405,6.179405006202492,3.3863475902660474,3.3863475902660474,3.4440742698875635,0.0,0.0,0.31270810720082876,2.0248450201910897,0.11948251724243164,1.8691927935626056,0.08209150546305888,0.009530524144301543,0.0,1.5788198935019004,389.68924197635135,0.4388884982547244,389.25036951013516,0.0,0.0,0.0,0.0,0.0,2.8879950046539307,5.766694068908691,0.9742315411567688,4.72437047958374,12.254085540771484,1.002524971961975,0.6556271314620972,0.25,4.0,0.5724145174026489,0.4619303345680237,0.05374493927125506,0.002226720647773279,2.2711434364318848,1.8360556364059448,0.19157213632860257,,0.6703274250030518,0.26288139820098877,,0.07344852387905121,,0.6472854614257812,0.2679644227027893,,0.08475017547607422,,,,,,,,,,,,,,,,,,,,,,,,,,,,,,,,,,,,
97,9.824210569210664e-06,9.824210569210665e-05,1.0,88.13039748733108,6.392382235140414,3.376558458482897,3.376558458482897,3.4203495334934546,0.0,0.0,0.3146735010920344,2.003476941907728,0.11660205995714343,1.8645306149044552,0.07975083428460199,0.008260189681439786,0.0,1.5871565535261825,386.49192356418916,0.47619757781157623,386.0156777871622,0.0,0.0,0.0,0.0,0.0,3.009589433670044,5.829528331756592,1.091962218284607,5.095807075500488,11.333175659179688,0.9988977313041687,0.5938795208930969,0.25,4.0,0.5678682327270508,0.4223770797252655,0.026012145748987855,0.004858299595141701,2.94040584564209,2.2857680320739746,0.22263518981175315,,0.6640836000442505,0.2638069689273834,,0.07706882059574127,,0.6476924419403076,0.268008828163147,,0.08429870009422302,,,,,,,,,,,,,,,,,,,,,,,,,,,,,,,,,,,,
98,9.820124823011957e-06,9.820124823011956e-05,1.0,89.44766812711148,6.299294136665963,3.3592964378563135,3.3592964378563135,3.4053590104386613,0.0,0.0,0.3130912780761719,2.0277685216955237,0.11703261813601933,1.8754627124683276,0.0836199038737529,0.010418299082163218,0.0,1.5640592832823057,393.5929317989865,0.5232736742174303,393.06970544763516,0.0,0.0,0.0,0.0,0.0,2.803600311279297,6.251125812530518,1.1013528108596802,5.390134811401367,12.767145156860352,1.0035165548324585,0.5961070656776428,0.25,4.0,0.5724256634712219,0.4164264500141144,0.05840080971659919,0.00020242914979757084,3.320931911468506,2.010607957839966,0.39456513670258264,,0.6703153252601624,0.26279550790786743,,0.07436239719390869,,0.6506959199905396,0.26589876413345337,,0.0834052786231041,,,,,,,,,,,,,,,,,,,,,,,,,,,,,,,,,,,,
99,9.815993055707015e-06,9.815993055707015e-05,1.0,88.70156777871621,6.468917434279983,3.3815309679186023,3.3815309679186023,3.4427317026499153,0.0,0.0,0.31327263084617823,2.008093756598395,0.1174823657886402,1.8660123670423352,0.08172715676797403,0.00949046982301248,0.0,1.5791723921492293,388.93340899493245,0.4606146425814242,388.4727354307432,0.0,0.0,0.0,0.0,0.0,2.8791935443878174,5.657078266143799,1.185776710510254,4.801113128662109,11.579297065734863,1.0016002655029297,0.601291298866272,0.25,3.68202805519104,0.5722947120666504,0.4324125051498413,0.03137651821862348,0.0,3.3377885818481445,2.592496871948242,0.2232890704800817,,0.6704766750335693,0.26101502776145935,,0.07607309520244598,,0.6512411832809448,0.26518505811691284,,0.0835738405585289,,,,,,,,,,,,,,,,,,,,,,,,,,,,,,,,,,,,
100,9.811815308902698e-06,9.811815308902698e-05,1.0,87.59916728251689,6.049419918575802,3.365464906434755,3.365464906434755,3.4143534479914486,0.0,0.0,0.3126175339157517,2.00318042652027,0.11856742807336755,1.8555409199482686,0.08246802639316868,0.009478610109638524,0.0,1.5937040174329602,385.6102459881757,0.4366870055327544,385.17351140202703,0.0,0.0,0.0,0.0,0.0,3.1448755264282227,6.047738075256348,1.1457082033157349,5.203929901123047,12.040563583374023,1.003425121307373,0.5971871614456177,0.25,4.0,0.5733684301376343,0.42599496245384216,0.05445344129554656,0.0008097165991902834,2.692918539047241,2.459092617034912,0.08682992768695376,,0.6716653108596802,0.2618957459926605,,0.07577656954526901,,0.6513523459434509,0.26498061418533325,,0.08366706222295761,121.63065459702041,188.1558443027951,0.3159116745157783,17.43573480124002,121.6306561125008,144.7370015287184,167.072365681592,197.46018707521435,60.90027182442801,85.53995531658794,232.08310865319294,0.35913620329884627,0.5499322631519356,0.4296659832613396,0.3490890840282754,0.0,0.48553398563383376,0.5998163298737114,0.48666127032351997,0.7285713903786892,0.8246491517350042,0.9558828917958301,0.9890440071818548,0.3246491517350042,0.15588289179583004,0.039044007181854856,0.006540617786083324,0.0,0.7252747252747253,0.27472527472527475,0.8507326007326006,1.3868398753168818,1.2835231033655314,1.221307947576701,-8.014144897460938,0.0003306962607894093
101,9.807591624668865e-06,9.807591624668864e-05,1.0,88.90599266258445,6.087138820338893,3.3208267624313765,3.3208267624313765,3.364901568438556,0.0,0.0,0.3128518027228278,2.0162619513434334,0.11722966786977407,1.865916277911212,0.08360266041111301,0.009553124775757661,0.0,1.5780030327874262,392.15648754222974,0.43548011779785156,391.72104624155406,0.0,0.0,0.0,0.0,0.0,2.4521708488464355,5.893733978271484,1.0039093494415283,5.036439418792725,12.254085540771484,1.0049927234649658,0.6086021661758423,0.25,3.8042004108428955,0.575225830078125,0.43065309524536133,0.06963562753036437,0.0,1.8070359230041504,1.6585469245910645,0.0821726876166506,,0.6745867729187012,0.25971344113349915,,0.07531570643186569,,0.654191255569458,0.2623482048511505,,0.08346058428287506,,,,,,,,,,,,,,,,,,,,,,,,,,,,,,,,,,,,
102,9.803322045537968e-06,9.803322045537969e-05,1.0,90.12436655405405,6.830191122519003,3.36481558310019,3.36481558310019,3.4192583238756336,0.0,0.0,0.3135320560352222,2.0520627820813977,0.11815697438008077,1.8879301741316512,0.08433112582644901,0.010421677215679272,0.0,1.5724516172666807,394.2520850929054,0.5289575215932485,393.7231313344595,0.0,0.0,0.0,0.0,0.0,2.740607976913452,5.458621978759766,0.9434672594070435,4.486067771911621,11.311062812805176,1.0030463933944702,0.5888935327529907,0.25,4.0,0.5736815333366394,0.4093322455883026,0.05465587044534413,0.0017206477732793523,1.6424500942230225,1.5328779220581055,0.0667126341009169,,0.6731415390968323,0.2575124204158783,,0.07484595477581024,,0.6563081741333008,0.2599744498729706,,0.08371736109256744,,,,,,,,,,,,,,,,,,,,,,,,,,,,,,,,,,,,
103,9.799006614504628e-06,9.799006614504627e-05,1.0,88.02557538006756,6.287677661792652,3.3613945213524072,3.3613945213524072,3.406314334353885,0.0,0.0,0.3151977384412611,2.0032160990947,0.11598353772550016,1.867299054120038,0.07999692736445246,0.008487953527553662,0.0,1.5853172508445945,386.5633182010135,0.4591304160453178,386.10414907094594,0.0,0.0,0.0,0.0,0.0,2.8572793006896973,5.865982532501221,1.0680347681045532,4.8577070236206055,12.019410133361816,1.0003931522369385,0.673541784286499,0.25,4.0,0.5736345052719116,0.4719659090042114,0.05050607287449393,0.0038461538461538464,2.4619603157043457,2.1063756942749023,0.14443150003728378,,0.6732316613197327,0.25676625967025757,,0.07531847059726715,,0.6534036993980408,0.26111066341400146,,0.08548560738563538,,,,,,,,,,,,,,,,,,,,,,,,,,,,,,,,,,,,
104,9.79464537502518e-06,9.794645375025178e-05,1.0,89.38981999577703,6.433448997703758,3.3407215427707984,3.3407215427707984,3.387837384198163,0.0,0.0,0.3110745404217694,2.0243229221653296,0.11492529430904903,1.8632292876372467,0.08278326086095862,0.011355884171820976,0.0,1.5833900039260451,392.7441934121622,0.4954010215965477,392.24878589527026,0.0,0.0,0.0,0.0,0.0,3.538268566131592,7.1342291831970215,1.1419522762298584,6.565547943115234,14.021965026855469,1.0037891864776611,0.6409527063369751,0.25,4.0,0.5756295323371887,0.4486089050769806,0.07591093117408906,0.002327935222672065,4.2103729248046875,2.6415209770202637,0.37261591213020645,,0.6753000020980835,0.2593385577201843,,0.07322356849908829,,0.6554732322692871,0.26176953315734863,,0.08275723457336426,,,,,,,,,,,,,,,,,,,,,,,,,,,,,,,,,,,,
105,9.79023837101726e-06,9.79023837101726e-05,1.0,87.9697265625,6.4472549026076855,3.3716319316142314,3.3716319316142314,3.419925998997044,0.0,0.0,0.31336232778188344,2.0005484916068412,0.11551576047330289,1.8439444464606207,0.08264496519758895,0.009532845503575093,0.0,1.5969970290725295,385.4556059966216,0.4594144563417177,384.9961465371622,0.0,0.0,0.0,0.0,0.0,2.829313039779663,6.561442852020264,1.206333875656128,5.659855842590332,12.842171669006348,1.0028289556503296,0.5874664783477783,0.25,4.0,0.5748376250267029,0.41904720664024353,0.04777327935222672,0.00010121457489878542,2.514239549636841,1.9549713134765625,0.22244031450426416,,0.674784243106842,0.2567523717880249,,0.0752556249499321,,0.6568881273269653,0.2596779465675354,,0.08343392610549927,116.5440657060225,182.94862751977584,0.2888002254530109,9.233379657451923,116.54406149370153,139.02262203997387,160.45136759327275,191.20835203445912,44.705945696149556,80.01634724934895,229.9123813795007,0.3309175369601557,0.5576099622775774,0.4409120641017708,0.35966964064086526,0.0,0.4903768994407272,0.5913266716478848,0.4779145862561228,0.708768070354336,0.8376387820160492,0.960298266827892,0.9905646550144737,0.33763878201604924,0.16029826682789194,0.040564655014473705,0.009362060752629072,0.0,0.7087912087912088,0.29120879120879123,0.8434065934065934,1.3329821934739312,1.2333832126069855,1.1782400907723458,-8.015907287597656,0.0003301140677649528
106,9.78578564685935e-06,9.785785646859351e-05,1.0,88.36504302153716,6.826536023938978,3.3668311866554053,3.3668311866554053,3.418716018264358,0.0,0.0,0.3143546645705764,2.0268416533599027,0.11842038180377032,1.8776979188661318,0.0821187367310395,0.008883291805112685,0.0,1.5809319985879433,385.5015308277027,0.5164132504849821,384.98516680743245,0.0,0.0,0.0,0.0,0.0,2.410168170928955,6.270205497741699,1.1801303625106812,5.1107587814331055,13.327689170837402,1.0017797946929932,0.6090888381004333,0.25,4.0,0.5760477185249329,0.4360570013523102,0.05101214574898785,0.0015182186234817814,2.5680625438690186,1.6984477043151855,0.33862681484528007,,0.6769101619720459,0.25400370359420776,,0.07668371498584747,,0.6583288908004761,0.2572730779647827,,0.08439800143241882,,,,,,,,,,,,,,,,,,,,,,,,,,,,,,,,,,,,
107,9.781287247390335e-06,9.781287247390335e-05,1.0,88.15755648226352,6.184694857210727,3.357758599358636,3.357758599358636,3.4168787775812923,0.0,0.0,0.3123247816755965,2.002897107923353,0.11546213562424118,1.8527898015202702,0.0797960242709598,0.009427096392657305,0.0,1.590780206628748,387.77707981418916,0.4516140705830342,387.32538006756755,0.0,0.0,0.0,0.0,0.0,2.225984811782837,6.673304557800293,1.0570521354675293,5.324737548828125,14.27340316772461,1.0026655197143555,0.6450639963150024,0.25,4.0,0.5776715278625488,0.4537835717201233,0.06437246963562752,0.003137651821862348,2.8502249717712402,1.7579176425933838,0.38323547789950574,,0.6794790625572205,0.2522865831851959,,0.07511050999164581,,0.6586438417434692,0.2561618685722351,,0.08519430458545685,,,,,,,,,,,,,,,,,,,,,,,,,,,,,,,,,,,,
108,9.776743217909046e-06,9.776743217909046e-05,1.0,88.37295449746621,6.282237697292018,3.375935322529561,3.375935322529561,3.4307046838708826,0.0,0.0,0.3130534404032939,2.001532064901816,0.11501600935652449,1.8516992105020058,0.08140689617878683,0.009412560914013837,0.0,1.5894142357078758,388.2726192989865,0.47253443743731527,387.8000950168919,0.0,0.0,0.0,0.0,0.0,3.09472918510437,7.210660457611084,1.389040470123291,6.520819187164307,13.858603477478027,0.999360203742981,0.5337209701538086,0.25,4.0,0.5740590691566467,0.38655832409858704,0.03188259109311741,0.002631578947368421,3.441437244415283,2.4352338314056396,0.29237883522138797,,0.674708366394043,0.25242140889167786,,0.07700863480567932,,0.6620507836341858,0.25545534491539,,0.0824938490986824,,,,,,,,,,,,,,,,,,,,,,,,,,,,,,,,,,,,
109,9.772153604173808e-06,9.772153604173808e-05,1.0,88.1728317673142,6.104143709749789,3.36543438885663,3.36543438885663,3.4173505628431164,0.0,0.0,0.3128266463408599,2.014161187249261,0.1139261142627613,1.851925411739865,0.0814437028524038,0.009502546207324878,0.0,1.590589884165171,388.2027290962838,0.4307254327310098,387.7720122466216,0.0,0.0,0.0,0.0,0.0,2.5534114837646484,6.42932653427124,1.1586055755615234,5.400672435760498,13.018954277038574,1.0018134117126465,0.7163845896720886,0.25,4.0,0.5810060501098633,0.5134098529815674,0.050404858299595144,0.0038461538461538464,1.7991224527359009,1.6319787502288818,0.09290290510956933,,0.6845789551734924,0.24883410334587097,,0.0749884694814682,,0.6582307815551758,0.25575363636016846,,0.08601557463407516,,,,,,,,,,,,,,,,,,,,,,,,,,,,,,,,,,,,
110,9.767518452401981e-06,9.76751845240198e-05,1.0,87.52266548775337,6.08327545990815,3.372420646048881,3.372420646048881,3.4357437958588473,0.0,0.0,0.3110237121582031,1.9875861502982475,0.11412605079444679,1.8464701884501689,0.0829714891072866,0.010515900882514747,0.0,1.590775979531778,385.0531566722973,0.44637561488795924,384.6067356418919,0.0,0.0,0.0,0.0,0.0,2.9223430156707764,7.294771671295166,1.140364170074463,6.597684860229492,14.354485511779785,1.0018662214279175,0.6215243935585022,0.25,4.0,0.5776076912879944,0.44213759899139404,0.07742914979757085,0.0032388663967611335,1.7258994579315186,1.4578524827957153,0.1553085690501671,,0.6795366406440735,0.25180548429489136,,0.07458440214395523,,0.662555456161499,0.25411516427993774,,0.08332931995391846,108.6745260469206,181.4269436839045,0.265841475383554,-6.980907356346046,108.67452525953254,133.63147399499417,156.29806260638617,188.09126615599058,54.034253801618306,70.3561510780985,224.44740162725034,0.32455683437096666,0.5395956870186406,0.4418087895241923,0.357291615532899,0.0,0.47081764071588905,0.5499811224276171,0.49538375181887545,0.7021699170998947,0.8462313583232568,0.9612509618555568,0.9898318126855007,0.3462313583232568,0.16125096185555676,0.039831812685500734,0.011542266681323514,0.0,0.6593406593406593,0.34065934065934067,0.8553113553113553,1.2816648737087355,1.1880029171377748,1.1407613454611747,-8.018885612487793,0.000329132511978969
111,9.762837809269491e-06,9.762837809269491e-05,1.0,88.60661687077703,6.103921426309122,3.359945554991026,3.359945554991026,3.4224645253774284,0.0,0.0,0.31150652911211996,2.0055455388249577,0.11395549774169922,1.838443034404033,0.08174546989234718,0.01015585580387631,0.0,1.5901337700921137,390.42443517736484,0.42801867304621516,389.99641047297297,0.0,0.0,0.0,0.0,0.0,2.774200201034546,7.076249122619629,1.5787616968154907,6.191901206970215,13.69714641571045,0.9987263083457947,0.6351298093795776,0.25,4.0,0.5783623456954956,0.46921002864837646,0.05425101214574899,0.005870445344129555,2.9234254360198975,2.0667874813079834,0.2930254160606146,,0.6812230944633484,0.2486676424741745,,0.07493545114994049,,0.6599040627479553,0.25499290227890015,,0.08510306477546692,,,,,,,,,,,,,,,,,,,,,,,,,,,,,,,,,,,,
112,9.758111721910364e-06,9.758111721910365e-05,1.0,88.66499287373311,6.3532991151551945,3.3359443045951225,3.3359443045951225,3.384998218433277,0.0,0.0,0.3105943267409866,2.01931247195682,0.11456351666837125,1.8463138889622044,0.08383190309679187,0.01001153765497981,0.0,1.5803967037716427,389.56711887668916,0.49095633223250107,389.076171875,0.0,0.0,0.0,0.0,0.0,2.5998075008392334,6.954865455627441,1.1266865730285645,6.075105667114258,14.04937744140625,1.0015588998794556,0.5274450182914734,0.25,3.983189105987549,0.5760875940322876,0.385315477848053,0.02894736842105263,0.0,3.0415310859680176,2.1185431480407715,0.3034616158241532,,0.677731990814209,0.2506391108036041,,0.07702134549617767,,0.665939211845398,0.2518760859966278,,0.08218466490507126,,,,,,,,,,,,,,,,,,,,,,,,,,,,,,,,,,,,
113,9.753340237916249e-06,9.753340237916249e-05,1.0,88.6522117820946,6.546700967324747,3.3446273803710938,3.3446273803710938,3.403964274638408,0.0,0.0,0.3130341607171136,1.9937896728515625,0.11216710064862226,1.8452373195338894,0.08001399040222168,0.008808612018018155,0.0,1.594631813667916,388.52129961993245,0.4902316428519584,388.0311180320946,0.0,0.0,0.0,0.0,0.0,2.698355197906494,6.7676239013671875,1.3318219184875488,5.879574775695801,13.643745422363281,1.0022917985916138,0.5846236348152161,0.25,4.0,0.5788496136665344,0.42083117365837097,0.04129554655870445,0.0003036437246963563,2.3933722972869873,2.0356104373931885,0.14948023769613303,,0.6818612813949585,0.24829119443893433,,0.07643124461174011,,0.6655926704406738,0.25057268142700195,,0.08383463323116302,,,,,,,,,,,,,,,,,,,,,,,,,,,,,,,,,,,,
114,9.748523405335934e-06,9.748523405335933e-05,1.0,88.93893185177365,6.5631437559385555,3.3287440119562923,3.3287440119562923,3.3802919130067566,0.0,0.0,0.3124299436002164,1.99836895916913,0.1133297585152291,1.8510389585752745,0.0830963302303005,0.010342758249592137,0.0,1.5951663867847339,389.93383129222974,0.47727476583944783,389.4565033783784,0.0,0.0,0.0,0.0,0.0,1.9104259014129639,7.7611589431762695,1.4187904596328735,6.954946994781494,15.43022346496582,1.003859281539917,0.5549853444099426,0.25,3.8918843269348145,0.5807680487632751,0.3988182842731476,0.05637651821862348,0.0,0.8816612362861633,0.6189901828765869,0.29792741542775564,,0.6846469640731812,0.2470071166753769,,0.076046884059906,,0.6702885627746582,0.2474929839372635,,0.0822184681892395,,,,,,,,,,,,,,,,,,,,,,,,,,,,,,,,,,,,
115,9.743661272674867e-06,9.743661272674867e-05,1.0,87.90030484586148,6.13010633313978,3.3444215929186023,3.3444215929186023,3.39498571447424,0.0,0.0,0.31149003312394424,1.981220142261402,0.11248346277185388,1.8291248630832981,0.07841570312912399,0.009377496468054282,0.0,1.6013128950789168,386.88012035472974,0.42067391163594015,386.4594858530405,0.0,0.0,0.0,0.0,0.0,2.377016305923462,7.498063564300537,1.40328848361969,6.363547325134277,15.190999984741211,1.0021653175354004,0.595895528793335,0.25,4.0,0.582465410232544,0.44045329093933105,0.04827935222672065,0.003036437246963563,1.370378017425537,1.1219918727874756,0.1812537427480722,,0.6878624558448792,0.24247413873672485,,0.07657904177904129,,0.6690635681152344,0.2464393973350525,,0.08449704200029373,116.74446311363808,185.44213118141428,0.2898205662766788,21.636246356335317,116.7444628334839,139.49955164118484,161.67493620938419,192.23361368611427,48.8059572492327,79.45534450324007,231.65459010912025,0.3147834473686816,0.5749031133188631,0.4630188035323434,0.3925573805075419,0.0,0.5108019873002647,0.6094809965660488,0.5072698399300475,0.7020081450171949,0.8394708878384816,0.9613608882049027,0.9907661866549412,0.33947088783848156,0.16136088820490269,0.04076618665494125,0.01320948297973691,0.0,0.7307692307692307,0.2692307692307692,0.8543956043956044,1.3100399584560605,1.2175899604847142,1.170078659450615,-8.020586967468262,0.0003285731072537601
116,9.738753888894675e-06,9.738753888894675e-05,1.0,86.58690086570945,5.954126718881968,3.3649300240181588,3.3649300240181588,3.422733822384396,0.0,0.0,0.31179433255582245,1.9521311167124156,0.1111629718058818,1.8096853720175254,0.0795040968302134,0.009619738604571368,0.0,1.603324271537162,381.13547825168916,0.4292529595864786,380.70629222972974,0.0,0.0,0.0,0.0,0.0,1.904006838798523,8.049098014831543,1.4860813617706299,6.985578536987305,16.110830307006836,1.000686764717102,0.5954074859619141,0.25,4.0,0.5817498564720154,0.4305777847766876,0.04230769230769231,0.002327935222672065,0.7562909126281738,0.5642842054367065,0.25387943182369865,,0.6871354579925537,0.24185892939567566,,0.07562670111656189,,0.6708986163139343,0.2453276365995407,,0.08377374708652496,,,,,,,,,,,,,,,,,,,,,,,,,,,,,,,,,,,,
117,9.733801303412658e-06,9.733801303412658e-05,1.0,87.38531989020271,6.0968904237489445,3.3643089500633447,3.3643089500633447,3.4227602159654773,0.0,0.0,0.3105924967172983,1.98397497228674,0.11165930773760821,1.8242230801968962,0.07956013164004765,0.00910703555957691,0.0,1.602789595320418,384.3736275337838,0.4155081156137827,383.9581397804054,0.0,0.0,0.0,0.0,0.0,2.721883535385132,8.296124458312988,1.528806447982788,7.447009563446045,15.920031547546387,1.004899024963379,0.7157585024833679,0.25,4.0,0.5886443257331848,0.5255894660949707,0.09261133603238866,0.004858299595141701,2.9727940559387207,2.498027801513672,0.15970371491984556,,0.6962174773216248,0.2414129227399826,,0.07332369685173035,,0.6658423542976379,0.24800297617912292,,0.08615466207265854,,,,,,,,,,,,,,,,,,,,,,,,,,,,,,,,,,,,
118,9.728803566101293e-06,9.728803566101293e-05,1.0,88.04268501900337,6.135432062922297,3.343172228014147,3.343172228014147,3.3983383178710938,0.0,0.0,0.310193293803447,1.9844890285182644,0.11278388306901262,1.8208725387985643,0.0818310428310085,0.010601376359527176,0.0,1.6023192534575592,387.57004856418916,0.4448048359638936,387.12521114864865,0.0,0.0,0.0,0.0,0.0,2.9285778999328613,7.765152931213379,1.3420381546020508,6.626743316650391,15.43022346496582,1.0041817426681519,0.6306899189949036,0.25,4.0,0.5854013562202454,0.45884039998054504,0.07823886639676113,0.0016194331983805667,3.5032432079315186,2.6455130577087402,0.24483888194825704,,0.6920098662376404,0.24117521941661835,,0.07520101219415665,,0.6693523526191711,0.24510058760643005,,0.08554702997207642,,,,,,,,,,,,,,,,,,,,,,,,,,,,,,,,,,,,
119,9.723760727287744e-06,9.723760727287744e-05,1.0,87.80691775760135,6.161416955896326,3.350963901829075,3.350963901829075,3.4063075297587626,0.0,0.0,0.3107702152149097,1.9847843067066089,0.11089785034592087,1.825064994193412,0.08475220525586927,0.011223060859216226,0.0,1.5876318441854942,386.21326013513516,0.48264508634000214,385.7306271114865,0.0,0.0,0.0,0.0,0.0,2.1318483352661133,7.633115291595459,1.5250414609909058,6.668940544128418,15.370065689086914,1.0033495426177979,0.6701746582984924,0.25,4.0,0.586153507232666,0.48189133405685425,0.06305668016194332,0.0004048582995951417,3.4277684688568115,3.011631488800049,0.12140171771740106,,0.6934773921966553,0.23868483304977417,,0.07681144028902054,,0.6731220483779907,0.24172094464302063,,0.08515699207782745,,,,,,,,,,,,,,,,,,,,,,,,,,,,,,,,,,,,
120,9.718672837753336e-06,9.718672837753336e-05,1.0,89.14564637880068,6.1597013731260555,3.343569162729624,3.343569162729624,3.414738010715794,0.0,0.0,0.31074907973005966,1.9947806693412162,0.11073100889051282,1.8384017944335938,0.08063543809426797,0.010472473260518667,0.0,1.5837982796333931,392.94106313344594,0.47040640341269,392.4706239442568,0.0,0.0,0.0,0.0,0.0,2.0197794437408447,8.271745681762695,1.3874478340148926,7.288721084594727,16.044893264770508,1.0042563676834106,0.5565040707588196,0.25,3.8932831287384033,0.5835534334182739,0.40265390276908875,0.06032388663967611,0.0,1.0865415334701538,0.7592324018478394,0.3012394110485288,,0.6896398663520813,0.24025332927703857,,0.07933802157640457,,0.6759310960769653,0.23939836025238037,,0.0846705511212349,131.33815719269134,195.9755916732673,0.3555656650286072,66.70033444415083,131.33815910045413,152.43368252970703,173.69406729721354,203.76162421101114,70.98094831194196,98.65235457309457,232.18530936863112,0.3281459553492583,0.5953524378068316,0.479844788934471,0.4234829809978523,0.0,0.5380566335144542,0.6361218991259272,0.5415179669579873,0.7141509156393137,0.8213330401964017,0.9568905499981679,0.990986039353633,0.32133304019640174,0.15689054999816787,0.0409860393536331,0.012769777582353157,0.0,0.8186813186813187,0.1813186813186813,0.8699633699633699,1.3714386034797836,1.2782732533229577,1.2296161252063709,-8.022584915161133,0.00032791736884973943
121,9.713539948733065e-06,9.713539948733066e-05,1.0,87.97805373733108,5.977033460462415,3.3645813400680953,3.3645813400680953,3.44852014490076,0.0,0.0,0.3117816770398939,1.9736093057168496,0.11197153297630516,1.8262430139490076,0.0867338244979446,0.011813442449311953,0.0,1.59652380041174,387.9221653293919,0.4093046961603938,387.5128272804054,0.0,0.0,0.0,0.0,0.0,2.598151206970215,8.259116172790527,1.8437772989273071,7.579071044921875,16.139183044433594,1.0042946338653564,0.5803642272949219,0.25,4.0,0.586288332939148,0.44011828303337097,0.05526315789473684,0.00020242914979757084,32.25624465942383,9.199444770812988,0.714801122451019,,0.6936363577842712,0.23810815811157227,,0.07973986119031906,,0.6738896369934082,0.24000847339630127,,0.08610185980796814,,,,,,,,,,,,,,,,,,,,,,,,,,,,,,,,,,,,
122,9.708362111915066e-06,9.708362111915065e-05,1.0,87.89432010135135,5.766759099187078,3.3239636807828337,3.3239636807828337,3.37761791332348,0.0,0.0,0.30937187091724294,1.9745974154085726,0.10889182219634184,1.816779884132179,0.08307252059111724,0.010673078330787452,0.0,1.5886523272540118,388.7858424831081,0.41449943748680323,388.37135768581084,0.0,0.0,0.0,0.0,0.0,2.1479525566101074,8.602458953857422,1.5683125257492065,7.728555202484131,16.71666717529297,1.0034968852996826,0.6288650035858154,0.25,4.0,0.5876906514167786,0.44986915588378906,0.05910931174089069,0.0012145748987854252,1.795215368270874,1.2991348505020142,0.27633482117896396,,0.6963924765586853,0.23469321429729462,,0.07671189308166504,,0.6796174645423889,0.23634620010852814,,0.08403633534908295,,,,,,,,,,,,,,,,,,,,,,,,,,,,,,,,,,,,
123,9.703139379440095e-06,9.703139379440095e-05,1.0,88.4698585304054,6.175813004777238,3.30837497195682,3.30837497195682,3.363391566920925,0.0,0.0,0.31118001164616765,1.9857544770111908,0.11000967025756836,1.8396224975585938,0.0831093659272065,0.010027155682847306,0.0,1.5930057216334987,389.65648754222974,0.4885361130173142,389.1679951435811,0.0,0.0,0.0,0.0,0.0,1.9391982555389404,8.688274383544922,1.8097938299179077,7.842602729797363,16.6514949798584,0.9950032234191895,0.6630730032920837,0.25,4.0,0.5858153104782104,0.4939785301685333,0.05344129554655871,0.00931174089068826,1.1071844100952148,0.8689961433410645,0.2151297151426354,,0.6955122351646423,0.2280779778957367,,0.077085480093956,,0.6803933382034302,0.23368772864341736,,0.08591900020837784,,,,,,,,,,,,,,,,,,,,,,,,,,,,,,,,,,,,
124,9.697871803901013e-06,9.697871803901013e-05,1.0,88.43289432010135,5.982614053262247,3.325005196236275,3.325005196236275,3.3835403854782515,0.0,0.0,0.31139657304093643,1.9779891967773438,0.10928767436259501,1.8345493625950169,0.08186552331254289,0.010952742518605414,0.0,1.604218560296136,390.3667652027027,0.44338009808514567,389.9233794341216,0.0,0.0,0.0,0.0,0.0,2.6124541759490967,8.990893363952637,2.043867349624634,7.865609169006348,17.450618743896484,1.0022788047790527,0.6382390260696411,0.25,4.0,0.5900428891181946,0.47926145792007446,0.04625506072874494,0.002631578947368421,16.244400024414062,4.1735124588012695,0.743079925849597,,0.7003539800643921,0.23012833297252655,,0.0792640969157219,,0.6776136755943298,0.23503310978412628,,0.08735322952270508,,,,,,,,,,,,,,,,,,,,,,,,,,,,,,,,,,,,
125,9.692559438342248e-06,9.692559438342247e-05,1.0,86.6363624366554,5.749390473236909,3.3692084647513725,3.3692084647513725,3.439925941261085,0.0,0.0,0.31030582737278295,1.9477106042810388,0.10874360316508525,1.8026316874736064,0.08228066160872176,0.010023158949774664,0.0,1.6015958012761295,382.3946896114865,0.3983169246364284,381.9963840793919,0.0,0.0,0.0,0.0,0.0,3.1744461059570312,10.070939064025879,2.136314630508423,10.23867130279541,17.93436622619629,1.0063490867614746,0.6347129940986633,0.25,3.941788911819458,0.5908425450325012,0.4608047604560852,0.08562753036437247,0.0,4.328207969665527,2.3679018020629883,0.4529140423337898,,0.7006673812866211,0.2338760495185852,,0.07606266438961029,,0.6819071769714355,0.23445533215999603,,0.08363747596740723,121.23784457196246,190.16874028102708,0.3255363461846102,37.82882711389563,121.23784433218408,143.9682457967654,166.83002118100995,197.6595928699828,74.16072082519531,85.74975213339162,227.92270958941916,0.38899487908516406,0.5883738543094132,0.48334262424803415,0.42079959221567254,0.0,0.5294262817235207,0.6220641000669695,0.5553204289249372,0.71048403251083,0.8330951595764171,0.9594921402660218,0.9901982338499872,0.3330951595764171,0.15949214026602176,0.04019823384998722,0.014510278113663845,0.0,0.7582417582417582,0.24175824175824176,0.8745421245421245,1.3211013212963776,1.232174155803827,1.1891497724003843,-8.025506019592285,0.00032696101698093116
126,9.687202336259257e-06,9.687202336259259e-05,1.0,87.99740683065879,6.032457093934755,3.3164270761850716,3.3164270761850716,3.3786963385504647,0.0,0.0,0.3108083364125845,1.9640422511745144,0.10843139081387906,1.818910753404772,0.08078416618140968,0.010259807915300937,0.0,1.5986794136665963,388.0191353462838,0.4385415154534417,387.5805268158784,0.0,0.0,0.0,0.0,0.0,2.082425594329834,8.614294052124023,1.6132440567016602,7.396279335021973,17.180070877075195,1.0032135248184204,0.7455228567123413,0.25,4.0,0.594270646572113,0.5363392233848572,0.08188259109311741,0.004149797570850202,1.3261806964874268,1.0737030506134033,0.19037952108845005,,0.7073282599449158,0.22443291544914246,,0.07519197463989258,,0.6833750605583191,0.2299181967973709,,0.08670671284198761,,,,,,,,,,,,,,,,,,,,,,,,,,,,,,,,,,,,
127,9.681800551598005e-06,9.681800551598005e-05,1.0,87.05695734797297,5.769420726879223,3.3289075284390837,3.3289075284390837,3.3912534971494934,0.0,0.0,0.31003972646352407,1.950654107171136,0.10923050545357368,1.8063688535948057,0.08123446799613335,0.010105673525784467,0.0,1.5987812763935811,384.5961254222973,0.3843741288056245,384.2117557010135,0.0,0.0,0.0,0.0,0.0,2.5361032485961914,9.48855972290039,2.115966558456421,8.843542098999023,17.48473358154297,1.001118540763855,0.6441559195518494,0.25,4.0,0.591576874256134,0.47485920786857605,0.0597165991902834,0.0024291497975708503,2.5182108879089355,1.8773934841156006,0.2544732877100119,,0.7037460803985596,0.22459539771080017,,0.07680709660053253,,0.6875998973846436,0.22745981812477112,,0.08494026958942413,,,,,,,,,,,,,,,,,,,,,,,,,,,,,,,,,,,,
128,9.6763541387544e-06,9.6763541387544e-05,1.0,88.87576541385135,5.935546462600295,3.3045827504750847,3.3045827504750847,3.3660659790039062,0.0,0.0,0.3115357321661872,1.9848606006519214,0.10692209166449469,1.8260646510768581,0.08151718732473012,0.010156603278340521,0.0,1.5951046299290013,392.9246727195946,0.4151680662825301,392.50955447635135,0.0,0.0,0.0,0.0,0.0,2.2195231914520264,9.40867805480957,1.9023051261901855,8.809063911437988,17.621868133544922,1.0040656328201294,0.6446319818496704,0.25,4.0,0.5952418446540833,0.46927759051322937,0.07246963562753037,0.0004048582995951417,1.2519283294677734,0.9051554203033447,0.2769910233694054,,0.7090944051742554,0.22182989120483398,,0.07698604464530945,,0.6920174956321716,0.2231917381286621,,0.08479078114032745,,,,,,,,,,,,,,,,,,,,,,,,,,,,,,,,,,,,
129,9.670863152573759e-06,9.670863152573758e-05,1.0,86.52692145270271,5.909863858609586,3.3583681261217273,3.3583681261217273,3.4275941591005066,0.0,0.0,0.30906664358602987,1.9491420436549831,0.1090887688301705,1.7986625465186867,0.07839277628305796,0.009604193068839409,0.0,1.619466833166174,381.1104043496622,0.3935893033001874,380.716796875,0.0,0.0,0.0,0.0,0.0,2.254650831222534,9.044045448303223,1.8967400789260864,8.243087768554688,16.94678497314453,1.0022943019866943,0.5711710453033447,0.25,4.0,0.5956360101699829,0.4401724934577942,0.04878542510121457,0.0013157894736842105,1.4572854042053223,1.0058541297912598,0.30977547233462766,,0.7104595899581909,0.21775014698505402,,0.07887821644544601,,0.6934446096420288,0.22073978185653687,,0.08581559360027313,,,,,,,,,,,,,,,,,,,,,,,,,,,,,,,,,,,,
130,9.665327648350252e-06,9.665327648350251e-05,1.0,87.04641971072635,5.897927773965372,3.310596156764675,3.310596156764675,3.3756025159681164,0.0,0.0,0.30976777463345917,1.96136474609375,0.11083763998907965,1.8124583476298564,0.08710433985735919,0.011175112949835288,0.0,1.605415962837838,383.95824535472974,0.4058346877226958,383.55239125844594,0.0,0.0,0.0,0.0,0.0,3.039203643798828,9.466682434082031,2.2479300498962402,9.124265670776367,16.39333724975586,0.9918679594993591,0.7197986245155334,0.25,4.0,0.5905174016952515,0.5395068526268005,0.052530364372469635,0.01609311740890688,4.143833160400391,3.399979829788208,0.1795085134509395,,0.7042513489723206,0.21663862466812134,,0.07672873139381409,,0.6922357678413391,0.2223634272813797,,0.08540081977844238,144.138486799303,209.58248078111168,0.4115068107390275,88.27171749073071,144.13848619252235,164.4295108153847,184.99851817356694,214.8476581412905,90.25491768973214,111.89188597923102,242.7688452679178,0.3942426955770113,0.6086614764510616,0.49799234594947295,0.4486811772059411,0.0,0.5539227651290546,0.6587243906403928,0.5886922291807628,0.7293894416881055,0.8098457366897512,0.9545820966619032,0.9906562603055953,0.30984573668975124,0.15458209666190315,0.040656260305595326,0.011652193030669451,0.0,0.8571428571428571,0.14285714285714285,0.911172161172161,1.4225492891702023,1.3281259160120409,1.2802657237747213,-8.027081489562988,0.00032644643215462565
131,9.659747681826346e-06,9.659747681826346e-05,1.0,88.02416332347973,5.996430680558488,3.325242738466005,3.325242738466005,3.38778171023807,0.0,0.0,0.31014839378563136,1.9415050197292019,0.10683282645973,1.8066818649704393,0.08141585298486657,0.010504662185101895,0.0,1.6056744343525655,388.32260874155406,0.4275993140968117,387.8950591216216,0.0,0.0,0.0,0.0,0.0,2.4298782348632812,9.032195091247559,2.2022993564605713,7.989474773406982,17.281030654907227,1.000077486038208,0.7336989045143127,0.25,4.0,0.6000837087631226,0.561202883720398,0.06072874493927125,0.0072874493927125505,13.39877986907959,4.0543646812438965,0.6974079191643288,,0.7172194123268127,0.21297034621238708,,0.08035235106945038,,0.6913249492645264,0.2196575403213501,,0.08901755511760712,,,,,,,,,,,,,,,,,,,,,,,,,,,,,,,,,,,,
132,9.654123309192241e-06,9.654123309192241e-05,1.0,87.90448822846284,6.020508637299409,3.3208032556482263,3.3208032556482263,3.3914722751926734,0.0,0.0,0.3086146535100164,1.9454743668839738,0.10633171571267618,1.8087492246885557,0.08055556142652356,0.01099064462893718,0.0,1.6161117553710938,387.62325802364865,0.4406511976912215,387.1825644003378,0.0,0.0,0.0,0.0,0.0,2.3814144134521484,9.387045860290527,2.481922149658203,8.91290283203125,16.589807510375977,1.0024080276489258,0.6108741164207458,0.25,4.0,0.599007248878479,0.47520291805267334,0.039473684210526314,0.0008097165991902834,2.8918399810791016,2.3519344329833984,0.18669966237005797,,0.7158632874488831,0.21291951835155487,,0.08005072176456451,,0.6980255842208862,0.21612124145030975,,0.0858532190322876,,,,,,,,,,,,,,,,,,,,,,,,,,,,,,,,,,,,
133,9.648454587085307e-06,9.648454587085307e-05,1.0,88.53336808488176,5.979727255331503,3.3161416955896326,3.3161416955896326,3.390121047561233,0.0,0.0,0.30930464976542704,1.9712058402396537,0.10795274940696922,1.8169992807749156,0.08329593813097155,0.010862969868891948,0.0,1.583378044334618,390.9598289695946,0.4486453597610061,390.5111908783784,0.0,0.0,0.0,0.0,0.0,2.878913402557373,10.015941619873047,2.4270339012145996,9.646566390991211,17.621868133544922,1.0011193752288818,0.5165154337882996,0.25,4.0,0.5970326066017151,0.41555848717689514,0.020748987854251014,0.0005060728744939271,5.145883560180664,2.7312326431274414,0.4692393228129025,,0.7133119702339172,0.2128465473651886,,0.08065357059240341,,0.7003284692764282,0.21492543816566467,,0.08474612981081009,,,,,,,,,,,,,,,,,,,,,,,,,,,,,,,,,,,,
134,9.642741572589514e-06,9.642741572589513e-05,1.0,87.57281329180744,5.90474102948163,3.306094607791385,3.306094607791385,3.378957799963049,0.0,0.0,0.30802546320734797,1.964999430888408,0.10953240781217008,1.8226755503061656,0.08270250784384238,0.011845251998385868,0.0,1.6246313146642737,386.57551203547297,0.4028127515638197,386.1726932010135,0.0,0.0,0.0,0.0,0.0,2.398185968399048,9.96863079071045,2.3186087608337402,9.432306289672852,18.039758682250977,1.0036814212799072,0.7232807874679565,0.25,4.0,0.6060394644737244,0.5566300749778748,0.09969635627530364,0.008502024291497975,2.587820053100586,2.417449712753296,0.0658354664742479,,0.7265095710754395,0.20679327845573425,,0.07662460952997208,,0.6997663974761963,0.21256202459335327,,0.08767154812812805,,,,,,,,,,,,,,,,,,,,,,,,,,,,,,,,,,,,
135,9.636984323234855e-06,9.636984323234853e-05,1.0,88.18633208403716,6.302415590028505,3.320142178922086,3.320142178922086,3.3864108936206714,0.0,0.0,0.30954701191670186,1.9606046934385557,0.10671817934190905,1.8192786139410895,0.08146364624435837,0.011229813904375644,0.0,1.6029812580830343,387.59889674831084,0.445874446147197,387.1530299831081,0.0,0.0,0.0,0.0,0.0,2.4495248794555664,9.858161926269531,2.343190908432007,8.930327415466309,18.39556121826172,1.0054551362991333,0.6850840449333191,0.25,4.0,0.6053853034973145,0.51750248670578,0.08582995951417004,0.0016194331983805667,2.1273880004882812,1.6354726552963257,0.23122972634942493,,0.725644588470459,0.2065213918685913,,0.07834920287132263,,0.7022699117660522,0.2102457880973816,,0.08748435974121094,124.21286186805138,194.0284945873846,0.3252851602363239,35.69129482730404,124.21285903545622,144.6499452660542,166.87604227305906,195.90478744370486,57.802403041294646,89.1001188292984,232.78714586340863,0.4201155287634412,0.6227063552880628,0.5064816146541536,0.4495537148656615,0.0,0.5677930399518555,0.6529939445957263,0.5961735866670356,0.7028366073178474,0.8367960133377303,0.9597486350811623,0.990582976072698,0.33679601333773035,0.15974863508116222,0.04058297607269801,0.014986625627496244,0.0,0.7307692307692307,0.2692307692307692,0.869047619047619,1.3188843584650165,1.2301606106889116,1.1905443856676856,-8.029008865356445,0.0003258179349359125
136,9.631182896996762e-06,9.631182896996763e-05,1.0,88.40204682221284,5.721365851324958,3.2744565396695524,3.2744565396695524,3.3344320348791174,0.0,0.0,0.30874087359454183,1.9547063466664907,0.1073356834617821,1.8087921142578125,0.0853097760999525,0.012013110760095957,0.0,1.5952735076079498,391.82105152027026,0.3960033880697714,391.42506862331084,0.0,0.0,0.0,0.0,0.0,2.875176429748535,11.035920143127441,2.8315393924713135,10.856517791748047,19.278383255004883,1.0005290508270264,0.6191983819007874,0.25,4.0,0.6024423837661743,0.4831981658935547,0.06508097165991902,0.004251012145748988,2.9749510288238525,2.0765583515167236,0.3019857028242608,,0.7222756147384644,0.2042398601770401,,0.08072766661643982,,0.7060246467590332,0.20721890032291412,,0.08675643801689148,,,,,,,,,,,,,,,,,,,,,,,,,,,,,,,,,,,,
137,9.625337352295538e-06,9.625337352295538e-05,1.0,87.89815376900337,6.148147170608108,3.3468751649598816,3.3468751649598816,3.4258495021510766,0.0,0.0,0.3102912645082216,1.9400746113545186,0.10594218486064189,1.8053240389437288,0.08274104788496688,0.011072588933480752,0.0,1.610664161475929,386.82361169763516,0.48694873500514674,386.33672930743245,0.0,0.0,0.0,0.0,0.0,2.3311233520507812,11.074714660644531,2.71284556388855,10.625760078430176,19.620256423950195,1.0033382177352905,0.6317600011825562,0.25,4.0,0.6051355600357056,0.4929315447807312,0.05242914979757085,0.0004048582995951417,3.4472336769104004,2.017209768295288,0.4148323098005871,,0.726165771484375,0.20228460431098938,,0.08128844201564789,,0.7074075937271118,0.20515139400959015,,0.08744103461503983,,,,,,,,,,,,,,,,,,,,,,,,,,,,,,,,,,,,
138,9.619447747995754e-06,9.619447747995753e-05,1.0,86.34255569045608,5.819771431587838,3.3294974662162162,3.3294974662162162,3.3984948235589103,0.0,0.0,0.30953775869833455,1.9050981676256336,0.10553177627357277,1.779624320365287,0.08125973392177273,0.009913528287732924,0.0,1.6119429098593223,380.84148015202703,0.4060771014239337,380.4354940878378,0.0,0.0,0.0,0.0,0.0,2.3486270904541016,10.394365310668945,2.38230037689209,9.827221870422363,18.868616104125977,1.0031861066818237,0.6090749502182007,0.25,4.0,0.6068384051322937,0.48883765935897827,0.05020242914979757,0.0027327935222672063,1.2734301090240479,1.113023042678833,0.125964562333264,,0.7291638851165771,0.19859375059604645,,0.08235477656126022,,0.7102655172348022,0.20156320929527283,,0.08817122131586075,,,,,,,,,,,,,,,,,,,,,,,,,,,,,,,,,,,,
139,9.613514143405655e-06,9.613514143405655e-05,1.0,87.93604175464527,5.750887071764147,3.3145591117240287,3.3145591117240287,3.373607532398121,0.0,0.0,0.31020043347332926,1.9457721194705448,0.10680698704075169,1.7778307940508868,0.07888767525956437,0.010906511061900371,0.0,1.6249461818385769,389.18879328547297,0.40759370133683487,388.7812763935811,0.0,0.0,0.0,0.0,0.0,2.748695135116577,10.665985107421875,2.476111888885498,10.2787446975708,19.240766525268555,1.0025534629821777,0.6301791667938232,0.25,4.0,0.6072466969490051,0.4993579685688019,0.06923076923076923,0.006376518218623482,2.207864999771118,1.8016650676727295,0.18397860926302018,,0.7301395535469055,0.1969900280237198,,0.08087482303380966,,0.7099934220314026,0.20150278508663177,,0.08850379288196564,,,,,,,,,,,,,,,,,,,,,,,,,,,,,,,,,,,,
140,9.607536598276576e-06,9.607536598276576e-05,1.0,87.33783783783784,5.785701442409206,3.301405623152449,3.301405623152449,3.3677896035684123,0.0,0.0,0.3099953419453389,1.9298524598817568,0.10511942167539855,1.8005575231603674,0.08359894881377349,0.010713337240992365,0.0,1.5975585112700592,386.0792599239865,0.4024538864960542,385.6767842060811,0.0,0.0,0.0,0.0,0.0,2.577057361602783,10.492480278015137,2.763516426086426,9.469223976135254,19.353836059570312,1.0039408206939697,0.7381618618965149,0.25,4.0,0.6131434440612793,0.5770938992500305,0.10060728744939271,0.003947368421052632,4.189173698425293,3.90368390083313,0.06814942949237901,,0.7384896278381348,0.1939963549375534,,0.07947982102632523,,0.7094479203224182,0.20052212476730347,,0.09002991765737534,120.50391169956752,188.92110681963158,0.30729325175975997,18.60442142696171,120.50391079618355,142.46384102505675,163.49471338083714,191.77145356068328,47.83254895891462,83.97777557373047,233.9945877738621,0.47751525701599085,0.6283500426814832,0.5168980476809626,0.4573534426820534,0.0,0.5731732341736198,0.6541270069156511,0.615801379512495,0.7027363031307904,0.8408632882635301,0.959565424498919,0.9900333443259682,0.3408632882635301,0.15956542449891897,0.04003334432596828,0.01484005716170166,0.0,0.6978021978021978,0.3021978021978022,0.8717948717948717,1.2834063940323317,1.1987367837311147,1.1631694187174786,-8.029985427856445,0.00032550000469200313
141,9.60151517280233e-06,9.60151517280233e-05,1.0,88.78609982052365,5.982796333931588,3.273844538508235,3.273844538508235,3.338096824852196,0.0,0.0,0.30653430320121144,1.9663739591031462,0.10604533633670292,1.812478967615076,0.08158453735145363,0.012522537160564113,0.0,1.6078607713853992,392.43383129222974,0.4422668250831398,391.99158044763516,0.0,0.0,0.0,0.0,0.0,2.4708263874053955,11.062346458435059,2.549851655960083,11.377533912658691,19.81279945373535,1.001193881034851,0.6398053765296936,0.25,4.0,0.6116188764572144,0.5158534646034241,0.06487854251012146,0.002631578947368421,2.086266040802002,1.7337310314178467,0.16897893293064092,,0.7374069690704346,0.18963471055030823,,0.08231376856565475,,0.713345468044281,0.1964445412158966,,0.09021001309156418,,,,,,,,,,,,,,,,,,,,,,,,,,,,,,,,,,,,
142,9.595449927618607e-06,9.595449927618606e-05,1.0,89.00966664907095,5.9742109968855575,3.2678008208403715,3.2678008208403715,3.3390152389938765,0.0,0.0,0.3072738131961307,1.9739699492583405,0.10721994735099175,1.8110697978251689,0.08524664672645363,0.011482871062046773,0.0,1.5908410355851457,393.6119087837838,0.4361815581450591,393.1758076435811,0.0,0.0,0.0,0.0,0.0,2.8865296840667725,10.921937942504883,2.845954418182373,10.35936164855957,19.543764114379883,1.0033100843429565,0.5613131523132324,0.25,4.0,0.6097815632820129,0.45809030532836914,0.05708502024291498,0.00010121457489878542,3.1103169918060303,2.7285566329956055,0.12274001647296812,,0.7344347238540649,0.19210359454154968,,0.0829625129699707,,0.7168455719947815,0.19451740384101868,,0.08863706886768341,,,,,,,,,,,,,,,,,,,,,,,,,,,,,,,,,,,,
143,9.589340923802355e-06,9.589340923802354e-05,1.0,87.65181587837837,5.962923204576647,3.293084634316934,3.293084634316934,3.3550468651024072,0.0,0.0,0.3078764322641733,1.9470711785393793,0.10661663235844793,1.7900205045133024,0.08168390634897593,0.011791881677266714,0.0,1.6158284367741764,386.80194256756755,0.43334146448083827,386.3685863597973,0.0,0.0,0.0,0.0,0.0,2.948296070098877,11.892829895019531,2.8428988456726074,12.254085540771484,20.286596298217773,1.0031697750091553,0.6161120533943176,0.25,4.0,0.6117258667945862,0.49668341875076294,0.07439271255060728,0.004352226720647773,2.7267041206359863,1.9733593463897705,0.2762840194302061,,0.737427830696106,0.19002726674079895,,0.08280148357152939,,0.7177047729492188,0.193215012550354,,0.08908022940158844,,,,,,,,,,,,,,,,,,,,,,,,,,,,,,,,,,,,
144,9.583188222871176e-06,9.583188222871175e-05,1.0,87.03621199324324,5.963639130463472,3.323716447160051,3.323716447160051,3.395999186747783,0.0,0.0,0.30862333967879013,1.9401577098949536,0.1069608379054714,1.781687762286212,0.0834232149897395,0.010800236785734023,0.0,1.6265713459736593,383.5740867820946,0.42865773793813344,383.1454286317568,0.0,0.0,0.0,0.0,0.0,2.7364015579223633,11.603736877441406,2.86547589302063,11.212090492248535,20.885652542114258,1.0067110061645508,0.6705818772315979,0.25,4.0,0.616472601890564,0.5265771746635437,0.09595141700404858,0.0003036437246963563,1.7263550758361816,1.470628261566162,0.1481310640258378,,0.744457483291626,0.18625597655773163,,0.08188832551240921,,0.7210125923156738,0.1891290247440338,,0.08985839039087296,,,,,,,,,,,,,,,,,,,,,,,,,,,,,,,,,,,,
145,9.5769918867827e-06,9.576991886782698e-05,1.0,88.12084301097973,5.710944510794975,3.323066092826225,3.323066092826225,3.401909080711571,0.0,0.0,0.3073231980607316,1.9386487393765837,0.10467410087585449,1.792958233807538,0.08263589240409233,0.011502603421340117,0.0,1.617073677681588,390.2624049831081,0.39733768153834986,389.8651288006757,0.0,0.0,0.0,0.0,0.0,2.108050584793091,11.616729736328125,3.0206401348114014,11.35533332824707,20.04634666442871,1.0012233257293701,0.6033010482788086,0.25,4.0,0.6118539571762085,0.47730860114097595,0.040283400809716596,0.0010121457489878543,1.6354258060455322,1.2795100212097168,0.21762881784067084,,0.7388105392456055,0.18440307676792145,,0.08473549783229828,,0.7263362407684326,0.18513688445091248,,0.0885268896818161,133.04670149415404,200.48529893191423,0.3554569368311139,62.632662553053635,133.04670512721106,153.05700997622444,173.28822332460237,201.82279904169744,57.181114196777344,99.30247627672298,239.22200941002887,0.44850870193965237,0.6423959741343175,0.5247667759197937,0.47836113055302343,0.0,0.5915763417270242,0.6802983142909761,0.6334519318218135,0.7182017946021765,0.8226155142721043,0.9557729654464842,0.9903997654904547,0.32261551427210433,0.1557729654464841,0.040399765490454764,0.010901029643472207,0.0,0.7802197802197802,0.21978021978021978,0.8754578754578755,1.350407199545221,1.2609081409134708,1.2220742528910165,-8.032358169555664,0.0003247286658734083
146,9.570751977933964e-06,9.570751977933963e-05,1.0,87.90090529983108,5.847925134607263,3.28492241936761,3.28492241936761,3.365093334301098,0.0,0.0,0.3072942269814981,1.9449664966480151,0.10606284399290343,1.7962114488756336,0.08267951011657715,0.01110776695045265,0.0,1.6084473068649705,388.6606313344595,0.41766919316472234,388.2430057010135,0.0,0.0,0.0,0.0,0.0,2.915776014328003,11.09777545928955,2.61019229888916,10.399907112121582,20.12480354309082,1.0076245069503784,0.715654194355011,0.25,4.0,0.6193909645080566,0.5642774105072021,0.11993927125506072,0.005566801619433198,3.3756370544433594,2.663738250732422,0.21089317134194369,,0.7488182187080383,0.1834389567375183,,0.08285272866487503,,0.7215418219566345,0.18719689548015594,,0.09126131981611252,,,,,,,,,,,,,,,,,,,,,,,,,,,,,,,,,,,,
147,9.564468559160777e-06,9.564468559160776e-05,1.0,87.4450485641892,5.604913247598184,3.3046961603937923,3.3046961603937923,3.3832003619219804,0.0,0.0,0.30648332028775604,1.9170253856762036,0.10603944030967918,1.7805790256809544,0.08309559564332704,0.01192069214743537,0.0,1.6077598365577492,387.54164907094594,0.37420888849206874,387.1674936655405,0.0,0.0,0.0,0.0,0.0,3.0228188037872314,11.349340438842773,2.7289209365844727,11.201141357421875,19.774139404296875,1.0011886358261108,0.509219229221344,0.25,4.0,0.610637903213501,0.42949774861335754,0.024190283400809715,0.0003036437246963563,1.7726151943206787,1.4774999618530273,0.1664857851908173,,0.7373223900794983,0.1841147243976593,,0.08459629863500595,,0.7257981300354004,0.1855214536190033,,0.08868046849966049,,,,,,,,,,,,,,,,,,,,,,,,,,,,,,,,,,,,
148,9.5581416937371e-06,9.5581416937371e-05,1.0,86.9998878272804,5.701806558145059,3.292263958905194,3.292263958905194,3.3627010036159204,0.0,0.0,0.3086113285373997,1.9312799814585093,0.10798458150915198,1.786349528544658,0.0825096980945484,0.0116089856302416,0.0,1.6278989637220227,384.86407305743245,0.3773119900677655,384.4867768158784,0.0,0.0,0.0,0.0,0.0,1.9711992740631104,12.452264785766602,2.8376286029815674,12.13499927520752,21.973642349243164,1.0042451620101929,0.645889163017273,0.25,4.0,0.6186730265617371,0.5143424272537231,0.06022267206477733,0.0005060728744939271,0.9988561272621155,0.7766997218132019,0.2224108151169365,,0.7492131590843201,0.17761802673339844,,0.08373969048261642,,0.7302064299583435,0.17952823638916016,,0.09026531875133514,,,,,,,,,,,,,,,,,,,,,,,,,,,,,,,,,,,,
149,9.551771445374397e-06,9.551771445374397e-05,1.0,88.50171558277027,6.220271342509502,3.3403543008340373,3.3403543008340373,3.436568801467483,0.0,0.0,0.31140587780926676,1.9535233781144425,0.10521794009853054,1.8134056297508445,0.08440580883541622,0.010473074945243629,0.0,1.6104933248983848,389.4859058277027,0.4723620028109164,389.0136190878378,0.0,0.0,0.0,0.0,0.0,3.3478426933288574,11.804612159729004,3.3895702362060547,12.064103126525879,19.739398956298828,1.0027834177017212,0.5778104066848755,0.25,4.0,0.6134878396987915,0.4723140597343445,0.055465587044534415,0.0020242914979757085,2.6904633045196533,2.0817575454711914,0.22624570200452457,,0.7416278719902039,0.1812639981508255,,0.08507586270570755,,0.7281837463378906,0.18258315324783325,,0.08923310041427612,,,,,,,,,,,,,,,,,,,,,,,,,,,,,,,,,,,,
150,9.545357878220998e-06,9.545357878220998e-05,1.0,87.24872650971284,5.8540414346231,3.3171652716559334,3.3171652716559334,3.3963447777000635,0.0,0.0,0.30880402229927684,1.9212475338497677,0.10464178549276816,1.7892548844620988,0.08237949577537743,0.010930325533892657,0.0,1.6045116733860325,385.23748944256755,0.39805853044664535,384.8394478462838,0.0,0.0,0.0,0.0,0.0,2.717913866043091,11.99786376953125,3.237194776535034,12.064103126525879,20.723121643066406,0.996091365814209,0.6781144738197327,0.25,4.0,0.6124619841575623,0.5362203121185303,0.09190283400809716,0.008906882591093117,2.7681570053100586,2.3139290809631348,0.16409037618733124,,0.7414941787719727,0.17640401422977448,,0.08415906876325607,,0.7280275821685791,0.18064916133880615,,0.09132327139377594,134.0979327107524,205.69097169909207,0.3327772208113112,62.67806197784759,134.09793111016975,153.28234245953107,171.84800062643998,199.52409430365236,39.66713169642857,96.31404190654902,254.42700925080672,0.43729158432772386,0.6498373806369185,0.5279278501257989,0.4712626857644613,0.0,0.5958455018599627,0.6684898342548481,0.623637084767591,0.7051557402400133,0.8355868234949251,0.9580814187827489,0.9901066285588656,0.3355868234949251,0.15808141878274884,0.0401066285588656,0.007987981385804845,0.0,0.7637362637362637,0.23626373626373626,0.8791208791208791,1.3332791614990969,1.238010116985866,1.1997019953125125,-8.03402328491211,0.00032418849878013134
151,9.538901056861453e-06,9.538901056861452e-05,1.0,89.05902924408784,5.825158196526605,3.243755443676098,3.243755443676098,3.310064985945418,0.0,0.0,0.30575932683171453,1.9554690799197636,0.1036597135904673,1.8244191762563344,0.08344940237096839,0.012766804244067217,0.0,1.6067001755173143,394.73463893581084,0.43277699238545186,394.3019161739865,0.0,0.0,0.0,0.0,0.0,3.547220468521118,11.706680297851562,3.23371958732605,11.80767822265625,19.851533889770508,1.0059950351715088,0.58726567029953,0.25,4.0,0.6185149550437927,0.4816623032093048,0.0715587044534413,0.000708502024291498,3.647101402282715,3.112812042236328,0.14649698517073748,,0.7489801645278931,0.17734412848949432,,0.08558444678783417,,0.7303939461708069,0.17882052063941956,,0.09078553318977356,,,,,,,,,,,,,,,,,,,,,,,,,,,,,,,,,,,,
152,9.532401046315878e-06,9.532401046315879e-05,1.0,86.13229122677365,5.573510247307855,3.3543224850216427,3.3543224850216427,3.443086778795397,0.0,0.0,0.3075567967182881,1.8763192666543496,0.10356340537200102,1.765735316920925,0.08039109126941578,0.011011186483744028,0.0,1.6174183407345333,380.94591955236484,0.3451129810230152,380.60079708614865,0.0,0.0,0.0,0.0,0.0,2.4698736667633057,12.184148788452148,3.1440374851226807,12.064103126525879,20.602052688598633,1.0038301944732666,0.6592562198638916,0.25,4.0,0.6194388270378113,0.5314571857452393,0.07338056680161943,0.003036437246963563,2.2355353832244873,1.76313054561615,0.21131619796907486,,0.7509604096412659,0.174106165766716,,0.08490096777677536,,0.7319080829620361,0.17685145139694214,,0.09124048799276352,,,,,,,,,,,,,,,,,,,,,,,,,,,,,,,,,,,,
153,9.525857912039313e-06,9.525857912039312e-05,1.0,86.48483028927365,5.661664395718961,3.3205483926309123,3.3205483926309123,3.4003349510399072,0.0,0.0,0.30792677080309067,1.9020874435837205,0.10371047097283441,1.770133353568412,0.08194790659724055,0.011689189318064097,0.0,1.613007725896062,382.4022381756757,0.38714888289168076,382.0151499155405,0.0,0.0,0.0,0.0,0.0,2.6642770767211914,11.164586067199707,2.8376286029815674,10.688203811645508,20.164148330688477,0.9919487237930298,0.7439223527908325,0.25,4.0,0.6154438257217407,0.599367082118988,0.09858299595141701,0.012145748987854251,4.603598117828369,3.670987129211426,0.20258305889152614,,0.7469648122787476,0.16890345513820648,,0.08646482229232788,,0.7278333902359009,0.1772211194038391,,0.0949455201625824,,,,,,,,,,,,,,,,,,,,,,,,,,,,,,,,,,,,
154,9.519271719921043e-06,9.519271719921044e-05,1.0,86.56831318623311,5.53758363466005,3.3188639460383236,3.3188639460383236,3.4010170601509713,0.0,0.0,0.30801020441828547,1.906149993071685,0.10388402681092958,1.7780712230785474,0.08300721323167956,0.011447415158555314,0.0,1.6128018353436444,383.43391047297297,0.3844868685748126,383.04943517736484,0.0,0.0,0.0,0.0,0.0,2.527451992034912,12.078211784362793,3.2660906314849854,11.923551559448242,20.642330169677734,1.0082998275756836,0.6990604400634766,0.25,4.0,0.6242766976356506,0.5547004342079163,0.11670040485829959,0.00010121457489878542,5.264983177185059,4.068662166595459,0.22722219052354442,,0.7577976584434509,0.1715216040611267,,0.08460992574691772,,0.7330857515335083,0.17403745651245117,,0.09287677705287933,,,,,,,,,,,,,,,,,,,,,,,,,,,,,,,,,,,,
155,9.512642536283953e-06,9.512642536283953e-05,1.0,87.8512985641892,6.288426579655828,3.2972416233372046,3.2972416233372046,3.3831226245777026,0.0,0.0,0.3065442265690984,1.9305351875923775,0.10640570279714223,1.792319632865287,0.07938505507804253,0.011300212628132588,0.0,1.612216330863334,386.17578125,0.4487548003325591,385.7269847972973,0.0,0.0,0.0,0.0,0.0,3.592724323272705,13.045726776123047,4.263947486877441,14.29852294921875,20.481689453125,1.0052258968353271,0.6048537492752075,0.25,4.0,0.6161258816719055,0.4882701635360718,0.0708502024291498,0.00010121457489878542,3.491424322128296,2.755510091781616,0.21077765474752794,,0.7458221912384033,0.17755641043186188,,0.08633051067590714,,0.7311395406723022,0.17750057578086853,,0.0913599282503128,102.88083091148964,164.1676091534838,0.258738921249737,16.53487106993958,102.88083085970896,123.03139136539056,144.9780303736099,174.77972670305095,41.00208500453404,71.99839487001877,198.90225418754247,0.3774056923871994,0.6177650950497936,0.5311122125220731,0.4599604443236686,0.0,0.5587487741134112,0.6212277585335361,0.5895484980697631,0.6860947690005145,0.8521673811879374,0.9647136418599538,0.9908211498296141,0.35216738118793744,0.16471364185995374,0.040821149829614156,0.007071928474588692,0.0,0.7087912087912088,0.29120879120879123,0.8946886446886446,1.1624173783993983,1.0854249753794827,1.0570996014790222,-8.035715103149414,0.00032364059006795287
156,9.505970427883846e-06,9.505970427883845e-05,1.0,87.85300095016892,5.690769917256123,3.284725704708615,3.284725704708615,3.3574928077491553,0.0,0.0,0.30731028479498784,1.9309644956846495,0.10512149011766589,1.7812357722101986,0.08187775998502164,0.011324198664845648,0.0,1.597849974761138,389.24197635135135,0.41352609685949376,388.8284153293919,0.0,0.0,0.0,0.0,0.0,2.5550637245178223,13.993699073791504,4.048868656158447,15.734557151794434,22.58277702331543,1.0007375478744507,0.606115460395813,0.25,4.0,0.6176468133926392,0.5059943199157715,0.07459514170040486,0.006174089068825911,2.7760043144226074,2.1856446266174316,0.21266526306821218,,0.7493706345558167,0.1702757477760315,,0.0885024219751358,,0.7336839437484741,0.17256808280944824,,0.09374794363975525,,,,,,,,,,,,,,,,,,,,,,,,,,,,,,,,,,,,
157,9.49925546190878e-06,9.49925546190878e-05,1.0,85.98569467905405,5.780957196209882,3.2657126349371834,3.2657126349371834,3.3231467169684334,0.0,0.0,0.3048464800860431,1.898013346904033,0.10487794876098633,1.760401132944468,0.0806372745617016,0.011628121943087192,0.0,1.6152453035921663,379.6079233530405,0.40202313500481685,379.2058963260135,0.0,0.0,0.0,0.0,0.0,2.267498254776001,13.357234954833984,3.796138286590576,13.511155128479004,22.40703582763672,1.004479169845581,0.6626902222633362,0.25,3.7941555976867676,0.6228019595146179,0.5397149324417114,0.06852226720647774,0.0,3.151083469390869,1.722652554512024,0.4533142104150522,,0.7570305466651917,0.1659814566373825,,0.08792407810688019,,0.7351706624031067,0.16957172751426697,,0.09525762498378754,,,,,,,,,,,,,,,,,,,,,,,,,,,,,,,,,,,,
158,9.49249770597839e-06,9.49249770597839e-05,1.0,87.02991052576013,5.766324429898648,3.2830765182907515,3.2830765182907515,3.3573864086254224,0.0,0.0,0.3080264168816644,1.8956284394135345,0.10431283873480719,1.7687330503721495,0.08055859643059808,0.011852288568342055,0.0,1.6091619955526817,384.80339421452703,0.35363555598903346,384.4497730152027,0.0,0.0,0.0,0.0,0.0,2.06050443649292,14.112068176269531,3.788731098175049,15.370065689086914,22.848976135253906,1.0027189254760742,0.6110367178916931,0.25,4.0,0.6204048991203308,0.49316999316215515,0.043218623481781376,0.0017206477732793523,1.5175037384033203,1.1539225578308105,0.23959162100981762,,0.7542424201965332,0.16438758373260498,,0.08950962871313095,,0.7414658069610596,0.16484075784683228,,0.09369346499443054,,,,,,,,,,,,,,,,,,,,,,,,,,,,,,,,,,,,
159,9.4856972281432e-06,9.485697228143199e-05,1.0,87.12851034628379,5.52712971455342,3.306445972339527,3.306445972339527,3.389859173748944,0.0,0.0,0.307417225193333,1.915164225810283,0.10487452713218895,1.7609384897592906,0.0820916021192396,0.011717076237137252,0.0,1.6016861168113914,386.3631492820946,0.3567863412805506,386.0063344594595,0.0,0.0,0.0,0.0,0.0,2.4023337364196777,14.541358947753906,4.164360523223877,15.340075492858887,23.57427978515625,1.0006979703903198,0.6344369649887085,0.25,4.0,0.6195338368415833,0.5134819746017456,0.06973684210526315,0.0034412955465587046,1.9180949926376343,1.3965648412704468,0.2719000640578361,,0.7534003257751465,0.16337399184703827,,0.08872345089912415,,0.7401924133300781,0.16482950747013092,,0.09497807174921036,,,,,,,,,,,,,,,,,,,,,,,,,,,,,,,,,,,,
160,9.478854096883946e-06,9.478854096883945e-05,1.0,86.98194679054055,5.826865531302787,3.2852185223553634,3.2852185223553634,3.3574897147513725,0.0,0.0,0.3077685639664933,1.9287010399070945,0.10461405805639319,1.7970690340609163,0.08173534676835344,0.011225289589649922,0.0,1.6119330122664168,384.1861011402027,0.41589412173709356,383.77024387668916,0.0,0.0,0.0,0.0,0.0,2.468050956726074,13.228436470031738,3.5835976600646973,13.831562995910645,22.40703582763672,1.005624771118164,0.7351406216621399,0.25,4.0,0.6277593970298767,0.5905340313911438,0.10394736842105264,0.004453441295546558,2.531135082244873,2.2740602493286133,0.1015650388316135,,0.7650632262229919,0.15861575305461884,,0.08915520459413528,,0.7393092513084412,0.1636240929365158,,0.09706669300794601,123.57164081112369,189.0644304854381,0.31140105735505763,54.27654605907398,123.57164139037839,140.6626616270499,159.90557617138415,187.8259549652246,44.34561702183315,87.48892176428507,236.81626958432406,0.3852845976943965,0.6450337685935184,0.5403195392963642,0.4794949211619333,0.0,0.5894471304189971,0.6608192915813744,0.6237844862197768,0.6951369927833506,0.8430068520757759,0.9605181195265838,0.990637939247371,0.34300685207577586,0.1605181195265838,0.040637939247371024,0.005679528049540142,0.0,0.7527472527472527,0.24725274725274726,0.891941391941392,1.2557637345987362,1.1667891254464349,1.1331430266682918,-8.03727912902832,0.0003231349110137671
161,9.471968381110888e-06,9.471968381110888e-05,1.0,87.53194283150337,5.86482774889147,3.2794100787188554,3.2794100787188554,3.3599849391627954,0.0,0.0,0.3080372939238677,1.9178136877111487,0.10377426405210753,1.792529750514675,0.08188689721597207,0.012072263537226496,0.0,1.5982811386520799,386.7928895692568,0.4283607328260267,386.36452174831084,0.0,0.0,0.0,0.0,0.0,2.875765800476074,13.247657775878906,3.661421775817871,13.643745422363281,21.973642349243164,0.9899461269378662,0.7586038708686829,0.25,4.0,0.6135000586509705,0.5981929302215576,0.11437246963562753,0.014574898785425101,7.177645683288574,4.799173355102539,0.33137221216195406,,0.7463158369064331,0.16027706861495972,,0.08981212228536606,,0.7368065118789673,0.1650066077709198,,0.09818688780069351,,,,,,,,,,,,,,,,,,,,,,,,,,,,,,,,,,,,
162,9.465040150163103e-06,9.465040150163102e-05,1.0,86.70057801942568,5.718939291464316,3.283932453877217,3.283932453877217,3.35414474074905,0.0,0.0,0.3065015174247123,1.9113449921479095,0.10392062084094898,1.7798890809755068,0.08315339603939571,0.01207552568332569,0.0,1.59079494991818,383.3643897804054,0.399096256977803,382.9653188344595,0.0,0.0,0.0,0.0,0.0,3.2178592681884766,14.550037384033203,4.476877689361572,15.734557151794434,23.62036895751953,1.0083507299423218,0.7076475024223328,0.25,4.0,0.6267464756965637,0.5684168338775635,0.11831983805668016,0.001417004048582996,10.360408782958984,4.955315589904785,0.5217065567861192,,0.7630615234375,0.16130280494689941,,0.09054455161094666,,0.7371255159378052,0.16438356041908264,,0.09849095344543457,,,,,,,,,,,,,,,,,,,,,,,,,,,,,,,,,,,,
163,9.458069473807803e-06,9.458069473807803e-05,1.0,86.47062394425676,5.783510362779772,3.3255660598342485,3.3255660598342485,3.4122695922851562,0.0,0.0,0.30898558126913533,1.903212057577597,0.10339419906203812,1.7691217370935388,0.08079407021806047,0.010890341288334614,0.0,1.6152530360866237,381.6972920185811,0.412241961504962,381.2850242820946,0.0,0.0,0.0,0.0,0.0,2.712068557739258,13.374746322631836,3.766596794128418,13.67042064666748,22.059646606445312,1.0019149780273438,0.6829488277435303,0.25,4.0,0.6215614676475525,0.5539159774780273,0.07661943319838056,0.00951417004048583,3.5000290870666504,2.9992258548736572,0.1430854486448605,,0.7568732500076294,0.15885868668556213,,0.09244965016841888,,0.7418954372406006,0.1601565182209015,,0.09794799983501434,,,,,,,,,,,,,,,,,,,,,,,,,,,,,,,,,,,,
164,9.451056422239619e-06,9.451056422239618e-05,1.0,86.87501319679055,5.630223867055532,3.2574920654296875,3.2574920654296875,3.3275476404138513,0.0,0.0,0.30671519202155034,1.9019789824614655,0.1041372080106993,1.7708723738386825,0.0828086943239779,0.012481986670880704,0.0,1.6027112393765837,384.82775548986484,0.40601580851786845,384.4217166385135,0.0,0.0,0.0,0.0,0.0,2.3622024059295654,14.630244255065918,4.092596530914307,16.265764236450195,23.11831283569336,1.005532145500183,0.6107649207115173,0.25,4.0,0.6256150007247925,0.49692296981811523,0.06923076923076923,0.00010121457489878542,1.2836241722106934,0.957112193107605,0.25436727211264676,,0.7630055546760559,0.15514786541461945,,0.09138670563697815,,0.7496591806411743,0.15426716208457947,,0.09607361257076263,,,,,,,,,,,,,,,,,,,,,,,,,,,,,,,,,,,,
165,9.444001066079904e-06,9.444001066079904e-05,1.0,86.38650100295608,5.4396696348448055,3.289465414511191,3.289465414511191,3.3759876972920186,0.0,0.0,0.3048909419291728,1.879274522936022,0.1020222096829801,1.7498457625105575,0.08095755448212495,0.012567385628416732,0.0,1.610954490867821,383.2299408783784,0.31893485301249735,382.91094805743245,0.0,0.0,0.0,0.0,0.0,2.846991777420044,14.43313217163086,4.07982873916626,15.780729293823242,23.163509368896484,1.010279655456543,0.7271433472633362,0.25,4.0,0.628882884979248,0.576408326625824,0.14281376518218625,0.005161943319838057,2.4611763954162598,2.0116374492645264,0.18265206304959003,,0.7668317556381226,0.15693888068199158,,0.09048669040203094,,0.7461917400360107,0.15618443489074707,,0.09762383252382278,102.19819091964554,160.6729935610383,0.2592190116393373,12.289793203165242,102.19818847137076,120.79705149072574,141.13336486301182,170.42758249654287,43.983798435756135,69.89769384103228,201.63873158330503,0.4185838336824775,0.6335918925588584,0.5390491158371563,0.46249835444819354,0.0,0.5740276334009863,0.6282790450426398,0.5937289529062687,0.6793217127758463,0.8563262614048588,0.9634861309589242,0.9903631233740061,0.3563262614048588,0.16348613095892417,0.04036312337400616,0.0044153750320618515,0.0,0.6648351648351648,0.33516483516483514,0.86996336996337,1.1383252774293606,1.0640071717264887,1.0385500046086835,-8.03917121887207,0.00032252416713163257
166,9.436903476376016e-06,9.436903476376015e-05,1.0,87.51321658572635,5.724258010451858,3.302993980613915,3.302993980613915,3.388355358226879,0.0,0.0,0.3054721162125871,1.9170383762668919,0.10297192109597696,1.774743363663957,0.08046363495491646,0.011821932083851582,0.0,1.5993025496199325,387.3129750844595,0.4042080801886481,386.9087573902027,0.0,0.0,0.0,0.0,0.0,2.823422431945801,14.737421035766602,4.692185401916504,16.013586044311523,23.436552047729492,1.0023645162582397,0.534758985042572,0.25,4.0,0.6225348711013794,0.45766526460647583,0.045748987854251015,0.0017206477732793523,2.4701290130615234,1.7898950576782227,0.27538397864498837,,0.7593622207641602,0.15318816900253296,,0.09420689195394516,,0.7502667903900146,0.1525414139032364,,0.09719173610210419,,,,,,,,,,,,,,,,,,,,,,,,,,,,,,,,,,,,
167,9.429763724600604e-06,9.429763724600603e-05,1.0,86.85074429898648,5.72862449852196,3.3103035591744088,3.3103035591744088,3.3929214477539062,0.0,0.0,0.3052610191139015,1.9129180908203125,0.10400359695022171,1.7638378658810177,0.08317904858975797,0.012036992085946573,0.0,1.594972765123522,383.9514622043919,0.383329236829603,383.56809543918916,0.0,0.0,0.0,0.0,0.0,3.000147581100464,14.211057662963867,4.267696857452393,14.368517875671387,23.712814331054688,1.0022813081741333,0.7804688215255737,0.25,4.0,0.6260970234870911,0.6097811460494995,0.12236842105263158,0.00860323886639676,6.6699652671813965,3.1863858699798584,0.5222784913651632,,0.7642781734466553,0.15221965312957764,,0.09202295541763306,,0.7473012804985046,0.15342554450035095,,0.09927316009998322,,,,,,,,,,,,,,,,,,,,,,,,,,,,,,,,,,,,
168,9.42258188265089e-06,9.422581882650889e-05,1.0,87.45693887246621,5.532637312605575,3.2582898526578337,3.2582898526578337,3.33278717865815,0.0,0.0,0.30608664332209407,1.9083142667203337,0.10342811893772434,1.788423692857897,0.08272689097636454,0.012510445472356435,0.0,1.5835786767908044,388.20433910472974,0.3979050146566855,387.80645586993245,0.0,0.0,0.0,0.0,0.0,2.8497934341430664,14.694803237915039,4.451157093048096,15.310144424438477,23.85216522216797,1.0052852630615234,0.6842747330665588,0.25,4.0,0.6253810524940491,0.5453145503997803,0.09524291497975708,0.0025303643724696357,4.806228160858154,2.449561357498169,0.49033602327759684,,0.7631681561470032,0.1521024852991104,,0.09628582000732422,,0.7502402067184448,0.15030033886432648,,0.09945940971374512,,,,,,,,,,,,,,,,,,,,,,,,,,,,,,,,,,,,
169,9.415358022847941e-06,9.41535802284794e-05,1.0,86.14760610219595,5.335298692857897,3.2673230557828337,3.2673230557828337,3.3391329791094804,0.0,0.0,0.3055319914946685,1.870267713392103,0.10112614889402648,1.7547421842008024,0.08344008471514727,0.012030100500261461,0.0,1.5913410702267208,382.6700802364865,0.32034791482461467,382.3496621621622,0.0,0.0,0.0,0.0,0.0,2.111496925354004,14.439292907714844,4.206048011779785,15.014019012451172,23.80562400817871,1.0020960569381714,0.6955817937850952,0.25,4.0,0.6295818090438843,0.5722950100898743,0.08036437246963563,0.005465587044534413,3.021336078643799,2.111212730407715,0.30123207896971704,,0.7705857157707214,0.14404097199440002,,0.09370393306016922,,0.7521144151687622,0.1473076343536377,,0.1005779430270195,,,,,,,,,,,,,,,,,,,,,,,,,,,,,,,,,,,,
170,9.408092217935945e-06,9.408092217935944e-05,1.0,86.21940324113176,5.61209147685283,3.281543422389675,3.281543422389675,3.3546000300226986,0.0,0.0,0.30705096270586996,1.8788899602116764,0.10145014685553473,1.7713860176705025,0.08170496450888144,0.011208924892786387,0.0,1.6049802625501477,381.54621516047297,0.38667214883340373,381.1595755912162,0.0,0.0,0.0,0.0,0.0,2.139467239379883,14.053874015808105,3.500241994857788,13.590554237365723,24.46554183959961,1.00545334815979,0.6843571066856384,0.25,4.0,0.6295272707939148,0.5578880906105042,0.10941295546558705,0.005364372469635627,1.5278466939926147,1.2006675004959106,0.21414399414754737,,0.769875168800354,0.14624308049678802,,0.096153624355793,,0.7522514462471008,0.14665022492408752,,0.10109832882881165,134.68037670261256,201.79986916325637,0.34972730501593047,78.0122920864231,134.68037488703015,150.51801253837715,168.53027762044195,195.80535178605854,51.84101322719029,98.64523268115613,248.34144459600034,0.4379417838997732,0.6666547913513956,0.55012582580462,0.49834514524185947,0.0,0.6121117369509848,0.6887524686924493,0.6588787151530725,0.7064519900892648,0.831611153860247,0.9568172657652706,0.9905096918398006,0.331611153860247,0.15681726576527055,0.04050969183980069,0.00289472719944304,0.0,0.7912087912087912,0.2087912087912088,0.8782051282051283,1.2992446628900676,1.2137570134722269,1.1803020974928207,-8.040692329406738,0.0003220340295229107
171,9.40078454108148e-06,9.40078454108148e-05,1.0,86.25402502111487,5.44113860259185,3.2728052912531673,3.2728052912531673,3.347360353212099,0.0,0.0,0.3071303754239469,1.8705491761903505,0.10279520137889965,1.748341534588788,0.0791594917709763,0.011004286037909018,0.0,1.6004710841823269,382.65603885135135,0.33895807008485535,382.31711887668916,0.0,0.0,0.0,0.0,0.0,1.864798665046692,15.598586082458496,4.394576549530029,16.6514949798584,24.99685287475586,1.0040090084075928,0.610234260559082,0.25,4.0,0.6289417147636414,0.504656195640564,0.06700404858299595,0.0024291497975708503,1.0354779958724976,0.700086772441864,0.32389990397432994,,0.769707441329956,0.14376553893089294,,0.0960582047700882,,0.7557648420333862,0.14359211921691895,,0.10064306855201721,,,,,,,,,,,,,,,,,,,,,,,,,,,,,,,,,,,,
172,9.393435065872768e-06,9.393435065872768e-05,1.0,87.83136481207771,5.5996469033731,3.2678051510372677,3.2678051510372677,3.352915995829814,0.0,0.0,0.304502822257377,1.9182611413904138,0.10262640746864113,1.785790726945207,0.08452762784184636,0.01403478512892852,0.0,1.5738390329721812,389.6875791807432,0.4014544100374789,389.2861328125,0.0,0.0,0.0,0.0,0.0,1.9685951471328735,14.39336109161377,3.8664777278900146,14.955485343933105,23.759174346923828,1.0021940469741821,0.61698317527771,0.25,4.0,0.627599835395813,0.5135353207588196,0.06325910931174089,0.0029352226720647774,0.7854627370834351,0.6712062358856201,0.14546393584763798,,0.7680889368057251,0.14294332265853882,,0.09775757044553757,,0.7559753656387329,0.14270968735218048,,0.10131499171257019,,,,,,,,,,,,,,,,,,,,,,,,,,,,,,,,,,,,
173,9.386043866318943e-06,9.386043866318942e-05,1.0,85.35951356630068,5.787300728462838,3.3167120443808065,3.3167120443808065,3.408397571460621,0.0,0.0,0.30696239986935175,1.8807804004566089,0.10352234582643251,1.7643352199245144,0.0777317188881539,0.01079923881066812,0.0,1.5889363675504118,376.2135768581081,0.39660873928585566,375.81703969594594,0.0,0.0,0.0,0.0,0.0,2.024409055709839,14.960524559020996,4.173316478729248,15.310144424438477,24.561296463012695,1.00338876247406,0.7097827792167664,0.25,4.0,0.6301320791244507,0.5724242329597473,0.10192307692307692,0.004352226720647773,2.2305991649627686,1.6963307857513428,0.23951787824700607,,0.7719277143478394,0.14087016880512238,,0.0958123654127121,,0.7557013034820557,0.14183242619037628,,0.10246625542640686,,,,,,,,,,,,,,,,,,,,,,,,,,,,,,,,,,,,
174,9.378611016849303e-06,9.378611016849302e-05,1.0,86.10159549197635,5.629152865023227,3.27433797475454,3.27433797475454,3.3482826851509713,0.0,0.0,0.3056162756842536,1.8691191802153717,0.10306161803168219,1.7556170901736698,0.08016074025953138,0.011636597079199713,0.0,1.59025831480284,380.9435177364865,0.3875673654917124,380.55598078547297,0.0,0.0,0.0,0.0,0.0,3.707099676132202,15.01494312286377,4.874338150024414,15.765318870544434,24.705631256103516,1.0111445188522339,0.6445337533950806,0.25,4.0,0.6300788521766663,0.5332279801368713,0.1125506072874494,0.00010121457489878542,4.922399520874023,3.5831520557403564,0.272072077744691,,0.7701523303985596,0.14758780598640442,,0.09844557195901871,,0.7479157447814941,0.14779043197631836,,0.10429374873638153,,,,,,,,,,,,,,,,,,,,,,,,,,,,,,,,,,,,
175,9.37113659231256e-06,9.371136592312559e-05,1.0,85.70591612119932,5.614640519425675,3.310970821896115,3.310970821896115,3.396116102063978,0.0,0.0,0.3069427335584486,1.8743770702465161,0.10439912048546043,1.7492484015387457,0.08449625968933105,0.011749693670788326,0.0,1.5834415538890942,378.8423775337838,0.3720765500455289,378.47036000844594,0.0,0.0,0.0,0.0,0.0,2.670285940170288,15.932685852050781,4.8738627433776855,17.04637336730957,25.14375114440918,1.004707932472229,0.6742650270462036,0.25,4.0,0.6292800903320312,0.544594943523407,0.08552631578947369,0.0008097165991902834,3.3268370628356934,2.491032600402832,0.25123095800803885,,0.7708724737167358,0.14039945602416992,,0.09719429910182953,,0.7570855021476746,0.1402965784072876,,0.10261796414852142,129.87152380471701,199.18128141225748,0.3222693708778157,61.60645298381428,129.87152531002792,146.8397817191491,164.43957720566823,191.43655967078482,35.137010846819194,94.6973015245541,242.92839912746263,0.4202002011710794,0.6688583454753727,0.5483153225855787,0.4900416151591733,0.0,0.6140162030198614,0.6759117612518935,0.6428683086886362,0.699340568733338,0.8408816093217544,0.9569088710563922,0.9896119599868088,0.3408816093217544,0.15690887105639217,0.03961195998680889,0.002070279579348503,0.0,0.7692307692307693,0.23076923076923078,0.8717948717948719,1.2715378546125287,1.1854269056693538,1.1547697365775214,-8.041361808776855,0.00032181854476220906
176,9.363620667976085e-06,9.363620667976085e-05,1.0,87.08435388513513,5.548628523543075,3.2487658938846073,3.2487658938846073,3.3211156484243034,0.0,0.0,0.30373245960957296,1.9014659572292019,0.10340661615938754,1.7660541018924198,0.08381685050758156,0.014610910737836684,0.0,1.5786865852974556,386.34108424831084,0.380440041825578,385.96062077702703,0.0,0.0,0.0,0.0,0.0,2.5308380126953125,15.361319541931152,4.538505554199219,16.473587036132812,24.705631256103516,1.0060371160507202,0.6947941780090332,0.25,4.0,0.6321588754653931,0.565985381603241,0.08562753036437247,0.0038461538461538464,3.2181167602539062,2.454927444458008,0.2371540166664691,,0.774924099445343,0.13887512683868408,,0.09729019552469254,,0.7567508220672607,0.14008308947086334,,0.10316610336303711,,,,,,,,,,,,,,,,,,,,,,,,,,,,,,,,,,,,
177,9.356063319525153e-06,9.356063319525154e-05,1.0,86.73791173986487,5.80841435612859,3.2779555449614652,3.2779555449614652,3.3514092935098185,0.0,0.0,0.30633686684273387,1.9006774489944045,0.10217231028788798,1.7838390453441724,0.08145503095678382,0.011966120552372289,0.0,1.5847755638328758,383.1474345439189,0.4178001816208298,382.72967694256755,0.0,0.0,0.0,0.0,0.0,2.3276822566986084,15.70828628540039,4.451157093048096,16.55421257019043,25.489871978759766,1.0059540271759033,0.7604670524597168,0.25,4.0,0.6322891712188721,0.6011074781417847,0.11133603238866396,0.004858299595141701,7.909523963928223,3.0556159019470215,0.6136789121719196,,0.7748961448669434,0.1391436755657196,,0.09989149868488312,,0.7551229000091553,0.139674112200737,,0.1052030399441719,,,,,,,,,,,,,,,,,,,,,,,,,,,,,,,,,,,,
178,9.34846462306218e-06,9.348464623062179e-05,1.0,88.33618823902027,5.635277000633446,3.2396667068069047,3.2396667068069047,3.305667155497783,0.0,0.0,0.3070446220604149,1.9146617167704814,0.10180562251322978,1.7854045146220439,0.0823672204404264,0.013190283163173779,0.0,1.556903736011402,392.1826171875,0.3952783893894505,391.78729413006755,0.0,0.0,0.0,0.0,0.0,2.4894237518310547,15.159173965454102,4.673892021179199,16.52191162109375,24.322608947753906,1.0049079656600952,0.6152070164680481,0.25,4.0,0.6289550065994263,0.5076972246170044,0.07854251012145749,0.002631578947368421,1.437387466430664,1.058634877204895,0.26350069001665327,,0.7707894444465637,0.13841865956783295,,0.09972642362117767,,0.7584729194641113,0.13771477341651917,,0.1038123071193695,,,,,,,,,,,,,,,,,,,,,,,,,,,,,,,,,,,,
179,9.340824655105955e-06,9.340824655105954e-05,1.0,86.7281593116554,5.69799433527766,3.2752598942937077,3.2752598942937077,3.3607132370407515,0.0,0.0,0.3048936483022329,1.8575379655167863,0.1022214953963821,1.7536918021537162,0.08183751879511653,0.012126400664046005,0.0,1.5664459434715476,383.7445629222973,0.384132127504091,383.36056271114865,0.0,0.0,0.0,0.0,0.0,2.3658387660980225,14.943480491638184,4.368902683258057,15.190999984741211,24.75393295288086,1.0005357265472412,0.7509791254997253,0.25,4.0,0.6314429640769958,0.612434983253479,0.10688259109311742,0.006072874493927126,8.42945384979248,4.0304951667785645,0.521855717037019,,0.7750762701034546,0.13339529931545258,,0.10142850875854492,,0.7565104365348816,0.13637647032737732,,0.10711310803890228,,,,,,,,,,,,,,,,,,,,,,,,,,,,,,,,,,,,
180,9.333143492590867e-06,9.333143492590866e-05,1.0,88.3464553420608,5.586757763012035,3.228284062565984,3.228284062565984,3.302772315772804,0.0,0.0,0.3028219068372572,1.9133018287452492,0.10117979307432433,1.7852500709327492,0.08337259936977078,0.014621599300487622,0.0,1.564015259613862,392.5404349662162,0.42103393657787425,392.11940456081084,0.0,0.0,0.0,0.0,0.0,2.822427749633789,15.051146507263184,4.534517765045166,15.43022346496582,24.99685287475586,1.008354902267456,0.7312902808189392,0.25,4.0,0.6372150778770447,0.6023586988449097,0.11649797570850202,0.0057692307692307696,4.694586753845215,3.798837661743164,0.1908046733545537,,0.7830031514167786,0.13171465694904327,,0.09916065633296967,,0.7607877850532532,0.13321709632873535,,0.10599511116743088,125.81416241153256,196.6816984635175,0.3022214844887814,56.88811245593396,125.81416403602722,143.39466852253827,161.68245769482576,188.41262273558215,25.989900861467635,89.2750981648763,243.4730562956437,0.4003632526118443,0.6625061119310655,0.5478113727770632,0.49021814233659466,0.0,0.6059620704340126,0.6680230414622236,0.6461732428912846,0.6974124952407693,0.8423106518632516,0.9571836869297571,0.9895936389285845,0.3423106518632516,0.15718368692975704,0.039593638928584585,0.0016855373566377193,0.0,0.7252747252747253,0.27472527472527475,0.8672161172161172,1.2367153676984075,1.1541366490361455,1.1253101253411273,-8.043676376342773,0.00032107465085573494
181,9.325421212866142e-06,9.325421212866141e-05,1.0,88.26305822423987,5.470352585251267,3.2312733418232686,3.2312733418232686,3.2952687031513936,0.0,0.0,0.3036309577323295,1.9193851367847339,0.10073013563413878,1.7745596395956504,0.0820836505374393,0.012936257832759136,0.0,1.5615764308620144,392.6985325168919,0.3606191841331688,392.3377850506757,0.0,0.0,0.0,0.0,0.0,2.601591110229492,15.325648307800293,4.632993221282959,15.951155662536621,24.850818634033203,1.0016793012619019,0.6805047392845154,0.25,4.0,0.6307510137557983,0.5609626173973083,0.06153846153846154,0.00354251012145749,2.6363565921783447,2.002768039703369,0.2403273344564742,,0.7744548916816711,0.13222891092300415,,0.10152645409107208,,0.7631608843803406,0.13195189833641052,,0.10488726198673248,,,,,,,,,,,,,,,,,,,,,,,,,,,,,,,,,,,,
182,9.317657893695048e-06,9.31765789369505e-05,1.0,87.05380331503379,5.672772794156461,3.2781767974028715,3.2781767974028715,3.3589535275021114,0.0,0.0,0.30792354893040014,1.8917471395956504,0.10319959150778281,1.7710101153399493,0.0787938929892875,0.012051648384815938,0.0,1.581155725427576,385.4287109375,0.39427757263183594,385.03449641047297,0.0,0.0,0.0,0.0,0.0,1.887569546699524,16.38072967529297,4.565176486968994,17.07969856262207,26.765382766723633,1.000796914100647,0.7539593577384949,0.25,4.0,0.6332895159721375,0.6041843891143799,0.11356275303643724,0.010425101214574899,1.5706470012664795,1.1777994632720947,0.2501182873539472,,0.7787631750106812,0.12811273336410522,,0.09991554170846939,,0.764370322227478,0.12913165986537933,,0.10649805516004562,,,,,,,,,,,,,,,,,,,,,,,,,,,,,,,,,,,,
183,9.309853613254126e-06,9.309853613254124e-05,1.0,86.39441247888513,5.621569659258868,3.263881374049831,3.263881374049831,3.3351386817725928,0.0,0.0,0.30478510985503326,1.8873272457638302,0.10225267023653598,1.7719565726615287,0.08370660446785591,0.012632376438862569,0.0,1.570077844568201,382.4610958614865,0.3816865714820656,382.07941828547297,0.0,0.0,0.0,0.0,0.0,2.8520188331604004,16.36311912536621,4.683029651641846,17.65631866455078,26.661033630371094,1.0138040781021118,0.6374954581260681,0.25,4.0,0.6357806921005249,0.5265457034111023,0.11204453441295546,0.0017206477732793523,2.214202642440796,1.8571031093597412,0.16127680738715536,,0.7805952429771423,0.13342459499835968,,0.10237981379032135,,0.7633302211761475,0.13054853677749634,,0.10612119734287262,,,,,,,,,,,,,,,,,,,,,,,,,,,,,,,,,,,,
184,9.302008450132389e-06,9.30200845013239e-05,1.0,87.81111433699324,5.613689113307643,3.2292874310467696,3.2292874310467696,3.2980845683329814,0.0,0.0,0.30468017990524704,1.8937532579576648,0.10166918264852988,1.7658402726456925,0.08172253015879039,0.01247545432400059,0.0,1.5660681853423248,389.7633815456081,0.360254751669394,389.4031619510135,0.0,0.0,0.0,0.0,0.0,1.9258779287338257,16.314735412597656,4.8222575187683105,16.361351013183594,26.980560302734375,1.0053671598434448,0.7325223088264465,0.25,4.0,0.6393517255783081,0.6095061898231506,0.0860323886639676,0.0034412955465587046,2.8827459812164307,1.97331964969635,0.31547223981779016,,0.787541389465332,0.123389832675457,,0.10223294049501419,,0.7642977237701416,0.12705877423286438,,0.10864342749118805,,,,,,,,,,,,,,,,,,,,,,,,,,,,,,,,,,,,
185,9.294122483330547e-06,9.294122483330546e-05,1.0,87.13487119932432,5.371077254011825,3.2589123700116134,3.2589123700116134,3.3469737284892314,0.0,0.0,0.3036543871905353,1.882190601245777,0.10153428928272144,1.7555356412320524,0.08416032146763157,0.01462297504012649,0.0,1.5557002505740605,387.4664009712838,0.3728129154927022,387.0936444256757,0.0,0.0,0.0,0.0,0.0,3.4889919757843018,16.069419860839844,5.068510055541992,16.55421257019043,26.145362854003906,1.0043306350708008,0.7909029722213745,0.25,4.0,0.6300591230392456,0.6304045915603638,0.10779352226720648,0.00708502024291498,9.190845489501953,6.460755348205566,0.2970445041661046,,0.772807240486145,0.13438217341899872,,0.10651674121618271,,0.7550531625747681,0.1343173086643219,,0.11062952876091003,114.92449580182085,178.44975784724323,0.2790199505807358,19.086470320984557,114.92449478402266,132.10082025487466,149.98944475141943,176.90774652569414,25.39848872593471,82.39572241139966,219.7700135604195,0.4230411451658731,0.6621417828290873,0.5506124670053691,0.4858979593508404,0.0,0.6100186928368493,0.6506638884826518,0.6280193856301787,0.6879152405184806,0.8534315342054157,0.9589974716939651,0.9887508702502656,0.35343153420541573,0.15899747169396505,0.03875087025026569,0.0012458319592539666,0.0,0.6208791208791209,0.3791208791208791,0.8470695970695972,1.1601362225118574,1.0884476102642962,1.06609537845457,-8.045329093933105,0.00032054452458396554
186,9.286195792260194e-06,9.286195792260194e-05,1.0,86.40999788851352,5.4834013242979305,3.282202643317145,3.282202643317145,3.3659863858609587,0.0,0.0,0.303897728791108,1.8713640780062288,0.10224408716768832,1.752512957598712,0.08371556771768106,0.0131930410861969,0.0,1.5593226664775126,383.1782358530405,0.32838055894181534,382.84979413006755,0.0,0.0,0.0,0.0,0.0,3.126560926437378,15.970434188842773,4.912568092346191,16.71666717529297,25.891281127929688,1.009678602218628,0.8087998628616333,0.25,4.0,0.6352629661560059,0.6454397439956665,0.1798582995951417,0.013157894736842105,6.6980085372924805,5.020327568054199,0.2504745940375355,,0.7804241180419922,0.13101820647716522,,0.10373739898204803,,0.7567105889320374,0.1317126601934433,,0.11157676577568054,,,,,,,,,,,,,,,,,,,,,,,,,,,,,,,,,,,,
187,9.278228456743023e-06,9.278228456743023e-05,1.0,85.89818016258445,5.366659215978674,3.274961110707876,3.274961110707876,3.3633544509475297,0.0,0.0,0.3034401970940667,1.8425719802444045,0.09948886407388223,1.742364213273332,0.08110306714032148,0.012909659662762203,0.0,1.5554699253391575,381.2881387246622,0.33041420498409785,380.95766469594594,0.0,0.0,0.0,0.0,0.0,2.1909217834472656,16.763317108154297,5.218688488006592,18.004560470581055,26.87013816833496,0.9980730414390564,0.5810999274253845,0.25,4.0,0.6317838430404663,0.5081458687782288,0.04251012145748988,0.004251012145748988,3.1024816036224365,2.818870782852173,0.09141418290413764,,0.7782330513000488,0.12112095952033997,,0.10446859896183014,,0.7720394134521484,0.1210065633058548,,0.10695401579141617,,,,,,,,,,,,,,,,,,,,,,,,,,,,,,,,,,,,
188,9.270220557010016e-06,9.270220557010015e-05,1.0,87.23318728885135,5.790957889041385,3.2442748611037797,3.2442748611037797,3.32424225678315,0.0,0.0,0.3027977299045872,1.894706107474662,0.10230848595902726,1.7656571671769425,0.0846621088079504,0.013820968769692086,0.0,1.5517699782912795,385.91134396114865,0.3978448300748258,385.5135399070946,0.0,0.0,0.0,0.0,0.0,1.6758164167404175,17.733888626098633,5.363879680633545,19.658615112304688,27.668996810913086,1.0025520324707031,0.7090194225311279,0.25,4.0,0.6341667771339417,0.5679281949996948,0.10374493927125505,0.006882591093117409,0.9916223883628845,0.6393768787384033,0.35522141669876944,,0.7811403870582581,0.12177057564258575,,0.10452607274055481,,0.7708792090415955,0.12008658051490784,,0.10903420299291611,,,,,,,,,,,,,,,,,,,,,,,,,,,,,,,,,,,,
189,9.262172173700632e-06,9.262172173700633e-05,1.0,85.38763592694256,5.545321077913852,3.2779786393449113,3.2779786393449113,3.367935593063767,0.0,0.0,0.3048586716523042,1.8764716483451225,0.10206652331996609,1.76852932491818,0.08426668837263777,0.012819501999262217,0.0,1.538365853799356,377.7587098817568,0.37506095783130544,377.3836570945946,0.0,0.0,0.0,0.0,0.0,2.0047552585601807,17.04653549194336,5.004570007324219,18.97949981689453,26.81770896911621,0.9950867295265198,0.6678838729858398,0.25,4.0,0.6262381076812744,0.5456050634384155,0.08623481781376519,0.01103238866396761,0.949654221534729,0.7511377334594727,0.2090408104061659,,0.7706636190414429,0.1227772906422615,,0.1055399551987648,,0.7677453756332397,0.1223510354757309,,0.10990360379219055,,,,,,,,,,,,,,,,,,,,,,,,,,,,,,,,,,,,
190,9.254083387862003e-06,9.254083387862002e-05,1.0,85.70187790329392,5.54946569494299,3.2661831829998946,3.2661831829998946,3.3510434949720227,0.0,0.0,0.30468773197483373,1.8598356504698057,0.10074884827072556,1.7458405365815033,0.07975084072834737,0.011355530571293187,0.0,1.5414399842958193,379.42013302364865,0.3653495376174514,379.0548194679054,0.0,0.0,0.0,0.0,0.0,2.776338577270508,17.01143455505371,5.676462173461914,17.864444732666016,27.08088493347168,1.0069290399551392,0.6323872208595276,0.25,4.0,0.6290597319602966,0.5186067223548889,0.08977732793522267,0.0017206477732793523,3.448474884033203,2.4617714881896973,0.2861274705557651,,0.7726949453353882,0.1286495476961136,,0.10985458642244339,,0.7629473209381104,0.12475863099098206,,0.11229399591684341,97.76786357753879,156.24731150137887,0.23612185428392354,-14.755030181381729,97.7678626437787,115.88306542766848,134.75191985505387,163.2579991283555,26.247203281947545,66.01234302964322,197.7049673329229,0.41302628264786123,0.6320881025053876,0.5457164810132995,0.46764686509100517,0.0,0.5755167531918222,0.6064749321067867,0.5996774364545508,0.6818876134227478,0.8611996628925287,0.9626616833388296,0.9883478069693306,0.3611996628925287,0.16266168333882958,0.0383478069693306,0.0006595580960756293,0.0,0.5494505494505495,0.45054945054945056,0.8507326007326008,1.063377096266537,1.0032881098789173,0.9865344034937712,-8.048086166381836,0.00031966212554834783
191,9.245954280948111e-06,9.245954280948111e-05,1.0,87.48650628167229,5.438605643607475,3.267589878391575,3.267589878391575,3.3536731616870776,0.0,0.0,0.3038483697014886,1.8772185042097762,0.09955111065426388,1.7602718456371411,0.08278643118368613,0.012708040508064063,0.0,1.5187158326844912,388.8585567989865,0.32651024895745356,388.53201541385135,0.0,0.0,0.0,0.0,0.0,2.2847840785980225,17.280332565307617,5.426577568054199,18.68524932861328,27.45367431640625,1.007522702217102,0.7315348386764526,0.25,4.0,0.6306772828102112,0.5780224204063416,0.13218623481781377,0.007489878542510121,1.675100564956665,1.3791171312332153,0.1766959189886649,,0.7755969762802124,0.12560252845287323,,0.10769785195589066,,0.7649672627449036,0.12211484462022781,,0.11291788518428802,,,,,,,,,,,,,,,,,,,,,,,,,,,,,,,,,,,,
192,9.237784934818974e-06,9.237784934818973e-05,1.0,86.60137114653716,5.480266674144848,3.277555517248205,3.277555517248205,3.359951740986592,0.0,0.0,0.3033570212286872,1.8725282823717273,0.09971235249493574,1.761894432274071,0.08295144905915132,0.01261489455764358,0.0,1.5258765349516998,384.1767314189189,0.3605647473721891,383.81616870777026,0.0,0.0,0.0,0.0,0.0,3.358527183532715,17.44345474243164,5.636690616607666,18.4315242767334,28.104719161987305,1.0095247030258179,0.7338435649871826,0.25,4.0,0.6312660574913025,0.5901261568069458,0.11963562753036437,0.0037449392712550606,6.934454441070557,6.153293609619141,0.11264921243477355,,0.775454044342041,0.12890565395355225,,0.11017538607120514,,0.7596815228462219,0.12575417757034302,,0.11456433683633804,,,,,,,,,,,,,,,,,,,,,,,,,,,,,,,,,,,,
193,9.229575431739816e-06,9.229575431739816e-05,1.0,85.24125712626689,5.284542599239865,3.279511529046136,3.279511529046136,3.364190385148332,0.0,0.0,0.30519866943359375,1.8425525974582981,0.10142778705906223,1.7317797686602618,0.0824539919157286,0.012302070050626187,0.0,1.5235998823836043,378.40163112331084,0.312070099083153,378.08957981418916,0.0,0.0,0.0,0.0,0.0,3.070614814758301,16.569194793701172,4.879100799560547,16.782093048095703,27.995149612426758,0.9971156120300293,0.7076191306114197,0.25,4.0,0.6256455183029175,0.5869853496551514,0.130668016194332,0.015283400809716598,4.3806047439575195,3.0891122817993164,0.29482058702959923,,0.7696325182914734,0.1227048933506012,,0.11115973442792892,,0.7589980363845825,0.12414786219596863,,0.11685407161712646,,,,,,,,,,,,,,,,,,,,,,,,,,,,,,,,,,,,
194,9.22132585438024e-06,9.221325854380241e-05,1.0,86.62744800464527,5.422631341057855,3.2197362538930534,3.2197362538930534,3.2857536109718115,0.0,0.0,0.3032441525845914,1.8815792186840161,0.10165925283689757,1.7653730237806164,0.08391856502842258,0.013892162490535426,0.0,1.5176319431614231,384.86987964527026,0.35415989643818624,384.5157041807432,0.0,0.0,0.0,0.0,0.0,2.382582426071167,17.70212173461914,5.3691205978393555,18.942466735839844,28.82745361328125,1.005401372909546,0.7473408579826355,0.25,4.0,0.6317123174667358,0.590266227722168,0.15799595141700404,0.009210526315789473,3.0865955352783203,2.234039068222046,0.2762125640732513,,0.7778143286705017,0.12117432057857513,,0.11063241958618164,,0.7661606669425964,0.11853654682636261,,0.11530278623104095,,,,,,,,,,,,,,,,,,,,,,,,,,,,,,,,,,,,
195,9.213036285813404e-06,9.213036285813403e-05,1.0,86.23552312077703,5.493943910341005,3.23865405933277,3.23865405933277,3.3194314080315666,0.0,0.0,0.3030570262187236,1.8502659153293919,0.10155853709659061,1.7383280573664486,0.08019530450975573,0.011344289457475816,0.0,1.5099894549395587,382.5311444256757,0.3568944157780828,382.1742504222973,0.0,0.0,0.0,0.0,0.0,2.1604301929473877,18.637887954711914,5.754602909088135,20.401838302612305,28.659034729003906,1.0065011978149414,0.7017799615859985,0.25,4.0,0.6284791231155396,0.5405352711677551,0.11609311740890688,0.004554655870445344,1.0688964128494263,0.7997130155563354,0.25183300650762896,,0.7731216549873352,0.12278454750776291,,0.1137823536992073,,0.769349992275238,0.11556321382522583,,0.11508682370185852,105.40121141370837,163.6726401601619,0.2561624121917755,-16.37291751065097,105.4012118641605,121.84227400352061,140.09569342032788,166.69191561158007,26.256815229143417,71.62208728642426,212.17333719004756,0.4385355395943347,0.6442133771570667,0.5453431547658687,0.4721632604296844,0.0,0.593592296995166,0.61032574967112,0.6186064246838588,0.6806099920661833,0.8613279103000989,0.9618372357187351,0.9885676596680224,0.3613279103000989,0.1618372357187351,0.03856765966802245,0.0006778791542999524,0.0,0.5274725274725275,0.4725274725274725,0.8241758241758241,1.0834331281565048,1.0214313968688578,1.004153495470246,-8.049321174621582,0.00031926765223033726
196,9.204706809515164e-06,9.204706809515165e-05,1.0,86.75137906461148,5.297409470016892,3.2069685652449325,3.2069685652449325,3.2724298013223185,0.0,0.0,0.30232901186556427,1.8680370433910474,0.1012631622520653,1.74588528194943,0.08337770281611262,0.013645761721842998,0.0,1.5153232265163112,386.21706081081084,0.3289026569675755,385.8881967905405,0.0,0.0,0.0,0.0,0.0,2.1983134746551514,18.755922317504883,5.632287502288818,20.521730422973633,29.91731834411621,1.0137126445770264,0.7399863004684448,0.25,4.0,0.6393378973007202,0.5912661552429199,0.14868421052631578,0.005060728744939271,2.5502376556396484,2.2141475677490234,0.13178775207376786,,0.7884066700935364,0.11753731966018677,,0.11178857088088989,,0.7690190076828003,0.11416853964328766,,0.11681248247623444,,,,,,,,,,,,,,,,,,,,,,,,,,,,,,,,,,,,
197,9.19633750936326e-06,9.19633750936326e-05,1.0,87.60026921452703,5.2983122129698055,3.2092907879803634,3.2092907879803634,3.2853377058699325,0.0,0.0,0.30313033026617925,1.8821349272856842,0.1010875315279574,1.757757857039168,0.08267530879458866,0.013449773595139786,0.0,1.4914966273952175,390.42543813344594,0.3497250273421004,390.0757495777027,0.0,0.0,0.0,0.0,0.0,3.5360164642333984,19.045936584472656,5.995538711547852,20.561853408813477,30.26997184753418,1.0065512657165527,0.6335169672966003,0.25,4.0,0.6313684582710266,0.5326420664787292,0.07469635627530365,0.0018218623481781376,8.62836742401123,4.773050308227539,0.4468188391068073,,0.7776894569396973,0.11897680163383484,,0.11450488865375519,,0.7637413740158081,0.11807123571634293,,0.11818736046552658,,,,,,,,,,,,,,,,,,,,,,,,,,,,,,,,,,,,
198,9.187928469636449e-06,9.187928469636448e-05,1.0,86.28503088048987,5.556011715450802,3.2530249518317147,3.2530249518317147,3.3332053519584037,0.0,0.0,0.3027930904079128,1.8682747918206293,0.1007794882800128,1.7476788082638302,0.08491425900845914,0.014553814320950894,0.0,1.5002688846072636,382.3583720439189,0.404036418811695,381.95433910472974,0.0,0.0,0.0,0.0,0.0,1.9403877258300781,18.894973754882812,5.914126396179199,20.401838302612305,29.800682067871094,0.9967476725578308,0.7045455574989319,0.25,4.0,0.6283738613128662,0.5693579316139221,0.07773279352226721,0.00840080971659919,1.544921636581421,1.266926646232605,0.17994115932246182,,0.7755233645439148,0.11195825785398483,,0.11374082416296005,,0.7742720246315002,0.10935661196708679,,0.11637138575315475,,,,,,,,,,,,,,,,,,,,,,,,,,,,,,,,,,,,
199,9.179479775013668e-06,9.179479775013667e-05,1.0,87.34173089104729,5.183829642630912,3.222920598210515,3.222920598210515,3.290525281751478,0.0,0.0,0.30326582934405355,1.862142614416174,0.09920538438333047,1.740845757561761,0.08077798662958918,0.013322659440942713,0.0,1.5109184883736275,389.6743823902027,0.3278104421254751,389.3466005067568,0.0,0.0,0.0,0.0,0.0,2.621387481689453,18.801137924194336,6.336884498596191,20.164148330688477,29.281417846679688,1.0028431415557861,0.6892457604408264,0.25,4.0,0.6307513117790222,0.5635227560997009,0.10141700404858299,0.006882591093117409,2.7622036933898926,2.1589999198913574,0.21837773041214717,,0.7779081463813782,0.11465245485305786,,0.11451750248670578,,0.7699204683303833,0.1122068241238594,,0.11787272989749908,,,,,,,,,,,,,,,,,,,,,,,,,,,,,,,,,,,,
200,9.170991510573178e-06,9.170991510573176e-05,1.0,87.52347049197635,5.3252761428420605,3.229739421122783,3.229739421122783,3.3072452029666386,0.0,0.0,0.3014781797254408,1.8847400562183276,0.1004707619950578,1.7643240851324957,0.08212260297826819,0.014191601727459882,0.0,1.4983230797020164,389.7986697635135,0.3488457138473923,389.44982580236484,0.0,0.0,0.0,0.0,0.0,3.203191041946411,19.355751037597656,6.362926483154297,21.008390426635742,30.26997184753418,1.009985089302063,0.7091519832611084,0.25,4.0,0.6276721954345703,0.5529082417488098,0.1118421052631579,0.0019230769230769232,3.1519980430603027,2.613253355026245,0.17092164419968536,,0.7720324397087097,0.12201607972383499,,0.11833538860082626,,0.7643217444419861,0.11554834246635437,,0.12012991309165955,91.78378624968477,149.06419773610344,0.22979315333326383,-47.310505395407205,91.78378602721519,110.24411627382354,128.6664136139921,156.66070066063747,31.664711543491908,62.23222877443299,183.8051870594854,0.39621501652557506,0.6271909920826129,0.5418777032555651,0.4616192861981161,0.0,0.5678542105499222,0.6007258620846151,0.613071593008281,0.6720825656544975,0.8682715913671174,0.9623502253490162,0.9881279542706387,0.3682715913671174,0.1623502253490161,0.03812795427063875,0.00027481587336484554,0.0,0.45604395604395603,0.5439560439560439,0.8287545787545787,1.0020951491135817,0.9547080802065986,0.9449487703514623,-8.050552368164062,0.0003188748669344932
201,9.162463761791707e-06,9.162463761791706e-05,1.0,86.16598263302365,5.266175141205659,3.2515283533044763,3.2515283533044763,3.33395715661951,0.0,0.0,0.30322208920040644,1.8657453382337414,0.10107441206236144,1.740694200670397,0.08212101781690442,0.013360042024303126,0.0,1.5091076412716427,383.23376794763516,0.3073918883864944,382.9263619087838,0.0,0.0,0.0,0.0,0.0,2.186894655227661,18.9520263671875,5.692561149597168,20.203571319580078,29.858943939208984,1.0026053190231323,0.7282118797302246,0.25,4.0,0.6315457224845886,0.5825964212417603,0.1007085020242915,0.008704453441295546,2.8652234077453613,2.1963248252868652,0.23345425025158895,,0.7796956300735474,0.11088348180055618,,0.11678995192050934,,0.7741307020187378,0.10677304863929749,,0.11909624934196472,,,,,,,,,,,,,,,,,,,,,,,,,,,,,,,,,,,,
202,9.153896614543592e-06,9.153896614543592e-05,1.0,85.68734163851352,5.675860430743243,3.2570145065720015,3.2570145065720015,3.3402124353357263,0.0,0.0,0.30280242095122467,1.844000532820418,0.10046522037403004,1.756926459235114,0.08101121799365894,0.012856565617226265,0.0,1.507351643330342,378.77515308277026,0.4186973056277713,378.3564453125,0.0,0.0,0.0,0.0,0.0,1.9492244720458984,19.89906120300293,5.948880672454834,21.781373977661133,30.98780632019043,1.0020960569381714,0.6873953342437744,0.25,4.0,0.6337677240371704,0.5614836812019348,0.08977732793522267,0.008704453441295546,3.0619311332702637,2.644883632659912,0.13620407594370953,,0.7835162878036499,0.10689466446638107,,0.1161799505352974,,0.7781866788864136,0.10367859154939651,,0.11813473701477051,,,,,,,,,,,,,,,,,,,,,,,,,,,,,,,,,,,,
203,9.145290155099908e-06,9.145290155099908e-05,1.0,88.06026314400337,5.3733231828019425,3.208926226641681,3.208926226641681,3.2814819748337203,0.0,0.0,0.3024728104874894,1.8840880522856842,0.09837507557224583,1.7721885474952492,0.08348405683362806,0.014603974045933905,0.0,1.4860883145718962,392.33728357263516,0.37089213809451543,391.9664009712838,0.0,0.0,0.0,0.0,0.0,3.1932213306427,18.18338394165039,6.196742057800293,18.630596160888672,29.511075973510742,1.003970742225647,0.6115396618843079,0.25,4.0,0.6276752948760986,0.5137922167778015,0.07914979757085021,0.0037449392712550606,2.4657018184661865,1.9405847787857056,0.2129685900167503,,0.7738109827041626,0.11402399092912674,,0.12023014575242996,,0.7690086960792542,0.11005133390426636,,0.12093997001647949,,,,,,,,,,,,,,,,,,,,,,,,,,,,,,,,,,,,
204,9.136644470127611e-06,9.13664447012761e-05,1.0,84.92183540962837,5.312444326039907,3.2730644844673775,3.2730644844673775,3.3594018059807853,0.0,0.0,0.303479426615947,1.8220449911581504,0.10007741644575789,1.7312815898173564,0.0813196156475995,0.01255725444974126,0.0,1.5030363959235113,376.73112858952703,0.3519723222062394,376.37911739864865,0.0,0.0,0.0,0.0,0.0,2.5618016719818115,20.30539894104004,6.482723236083984,22.893646240234375,30.92734146118164,1.001977801322937,0.6892803907394409,0.25,4.0,0.6227518916130066,0.5382494330406189,0.11072874493927126,0.009412955465587045,2.3538193702697754,1.8198186159133911,0.2268656469995748,,0.7671427130699158,0.11531679332256317,,0.12098446488380432,,0.7687422037124634,0.10895775258541107,,0.12230010330677032,,,,,,,,,,,,,,,,,,,,,,,,,,,,,,,,,,,,
205,9.127959646688646e-06,9.127959646688647e-05,1.0,86.76224662162163,5.566495740735853,3.2131077534443624,3.2131077534443624,3.2927557455526815,0.0,0.0,0.3005049937480205,1.8696720020191089,0.10045472995654957,1.772228550266575,0.08503254684242043,0.014294124938346245,0.0,1.4828182942158468,384.87579180743245,0.3653382224005622,384.51037267736484,0.0,0.0,0.0,0.0,0.0,1.6047378778457642,20.48983383178711,6.382217884063721,23.254167556762695,30.74665641784668,0.9998965859413147,0.641126275062561,0.25,4.0,0.632289469242096,0.5320762991905212,0.062246963562753034,0.005870445344129555,0.5983608961105347,0.42056024074554443,0.29714618137771037,,0.7824662923812866,0.10271074622869492,,0.1187240481376648,,0.7802150249481201,0.099637970328331,,0.1201469898223877,103.77675565782484,161.34935602096988,0.25408310805478523,-30.86162797697298,103.77675790210057,117.97814590822807,135.95562592057232,162.28965190086456,22.926543644496373,71.1411915564722,207.60152203103772,0.3954853117130186,0.6456146993078989,0.5469347922550895,0.47652969103421106,0.0,0.5967937070061518,0.615153017121672,0.6096037767418039,0.6784576899177551,0.8637462899857096,0.9594738192077974,0.98741343299989,0.36374628998570957,0.15947381920779735,0.037413432999890084,0.00045802645560807595,0.0,0.489010989010989,0.510989010989011,0.8406593406593407,1.0451864631293895,0.9912015003162425,0.9789734518789983,-8.052722930908203,0.00031818359275348485
206,9.119235772239096e-06,9.119235772239095e-05,1.0,86.76199588260135,5.4051789979676945,3.22374828441723,3.22374828441723,3.307531202161634,0.0,0.0,0.3021957809860642,1.871945149189717,0.09977707347354374,1.7770534206081081,0.08044615307369747,0.012763774878269917,0.0,1.4870832288587414,385.62853673986484,0.33843331723599823,385.2900918496622,0.0,0.0,0.0,0.0,0.0,3.0683720111846924,16.30754280090332,5.029066562652588,16.91371726989746,27.240026473999023,1.0011515617370605,0.7349159121513367,0.25,4.0,0.62882000207901,0.5981435775756836,0.1208502024291498,0.0072874493927125505,20.20871925354004,15.385651588439941,0.23866270814045884,,0.7766019701957703,0.10816177725791931,,0.12126284092664719,,0.768566906452179,0.1065133586525917,,0.12491971254348755,,,,,,,,,,,,,,,,,,,,,,,,,,,,,,,,,,,,
207,9.110472934628274e-06,9.110472934628274e-05,1.0,87.68144267314189,5.924603848843961,3.2422584327491553,3.2422584327491553,3.3334936193517737,0.0,0.0,0.2973898810309333,1.91863168252481,0.10317509238784378,1.9022748792493664,0.08786528819316142,0.0206581305813145,0.0,1.4730206051388302,387.3535684121622,0.497609112713788,386.8558910472973,0.0,0.0,0.0,0.0,0.0,6.75879430770874,10.582904815673828,3.4560861587524414,10.563681602478027,18.110363006591797,1.0156090259552002,0.7039772868156433,0.25,3.947397470474243,0.6286647915840149,0.5689951181411743,0.14200404858299595,0.0,498.33636474609375,299.1771545410156,0.39964815793957015,,0.7743686437606812,0.11564638465642929,,0.12678225338459015,,0.7584788799285889,0.11193475127220154,,0.1295863687992096,,,,,,,,,,,,,,,,,,,,,,,,,,,,,,,,,,,,
208,9.10167122209786e-06,9.101671222097859e-05,1.0,92.50742979307432,9.061717265361064,3.3017763704866976,3.3017763704866976,3.4025039672851562,0.0,0.0,0.2952059926213445,2.991049895415435,0.4100108017792573,3.297784341348184,0.09458772556201832,0.02321485893146412,0.0,1.2396405194256757,392.92401288006755,1.0005615852974556,391.9234322212838,0.0,0.0,0.0,0.0,0.0,113.8604965209961,0.9628115296363831,0.4998939335346222,0.4998939335346222,2.0954034328460693,1.005603313446045,0.3570229113101959,0.25,3.128242254257202,0.5376691818237305,0.29355284571647644,0.03694331983805668,0.0,103112.5546875,102991.0625,0.0011782482537475924,,0.6378470063209534,0.18646997213363647,,0.18560709059238434,,0.6325632333755493,0.1851464956998825,,0.18229031562805176,,,,,,,,,,,,,,,,,,,,,,,,,,,,,,,,,,,,
209,9.092830723281e-06,9.092830723281e-05,1.0,88.07650839315879,5.674882218644425,3.2592684771563554,3.2592684771563554,3.3454051662135766,0.0,0.0,0.3072752823700776,3.0304662343618034,0.32593621434392156,3.493415213919975,0.0860741138458252,0.010325797506280848,0.0,1.0742799913561023,387.7653346706081,0.42965303884970174,387.33567356418916,0.0,0.0,0.0,0.0,0.0,111.37535095214844,0.8469163179397583,0.4998939335346222,0.4998939335346222,1.8205180168151855,1.002536416053772,0.3361288011074066,0.25,3.027144193649292,0.5273122191429138,0.26838502287864685,0.033704453441295544,0.0,112578.890625,112572.28125,5.8708830432659095e-05,,0.6229255795478821,0.19206461310386658,,0.1915224939584732,,0.6195343732833862,0.19025489687919617,,0.1902107298374176,,,,,,,,,,,,,,,,,,,,,,,,,,,,,,,,,,,,
210,9.083951527201422e-06,9.083951527201421e-05,1.0,87.4420067039696,5.402963999155405,3.2880644927153715,3.2880644927153715,3.391264013341955,0.0,0.0,0.30655670166015625,2.8203813707506336,0.15640434058936867,3.3617236163165116,0.08580873463604902,0.01168139882989832,0.0,1.0584687928895693,386.2402871621622,0.3564032219551705,385.8838682432432,0.0,0.0,0.0,0.0,0.0,67.874267578125,1.2777798175811768,0.4998939335346222,0.4998939335346222,3.012096405029297,1.014976978302002,0.4297952950000763,0.25,3.051082134246826,0.5334093570709229,0.3037858009338379,0.10091093117408907,0.0,44324.8671875,44339.8046875,-0.0003370004457500666,,0.6303457617759705,0.19365349411964417,,0.19237257540225983,,0.6222192049026489,0.18732275068759918,,0.19045805931091309,109.24174101274092,167.92194967771425,0.27308156386568644,20.05326151585841,109.2417421810719,125.74866339584524,145.4581847328245,174.53786061527921,29.523725237165177,80.24712833138399,202.68372245456862,0.4410311962750215,0.7643455484925851,0.6364812912787859,0.5898088552270233,0.0,0.7408647548192948,0.7162651070879663,0.6945278990523561,0.7195894621224326,0.8095525997581621,0.9437909933677769,0.9879081015719468,0.3095525997581621,0.1437909933677769,0.037908101571946795,0.00032977904803781465,0.0,0.46153846153846156,0.5384615384615384,0.7142857142857143,1.040993372981365,1.0105161662776392,1.0184553832961962,-8.053752899169922,0.0003178560873493552
211,9.075033723272529e-06,9.075033723272529e-05,1.0,92.69907358530405,10.30788772170608,3.51786639239337,3.51786639239337,3.837832476641681,0.0,0.0,0.30698015883162216,2.916231103845545,0.17603823945328995,3.1594316637193836,0.08502092876949825,0.012984189632776621,0.0,1.1220149478396855,386.9326435810811,0.4890742946315456,386.44354413006755,0.0,0.0,0.0,0.0,0.0,27.76853370666504,6.865876197814941,0.4998939335346222,5.058620452880859,15.520899772644043,1.0255076885223389,0.9045745730400085,0.25,4.0,0.567202627658844,0.5973147749900818,0.2843117408906883,0.02327935222672065,15159.876953125,15179.169921875,-0.001272633597861955,,0.6804606318473816,0.16836778819561005,,0.1773431897163391,,0.6623855829238892,0.16063612699508667,,0.17697826027870178,,,,,,,,,,,,,,,,,,,,,,,,,,,,,,,,,,,,
212,9.066077401296507e-06,9.066077401296508e-05,1.0,88.92399968327703,6.637825218406883,3.3385448971310177,3.3385448971310177,3.5071753424567147,0.0,0.0,0.30289856163231105,2.3328601734058276,0.14270970628068252,2.5475171063397384,0.08526343268317145,0.013392818940652383,0.0,1.2222050847233952,388.5004750844595,0.44469261169433594,388.0557960304054,0.0,0.0,0.0,0.0,0.0,14.046278953552246,9.66370964050293,0.6587045788764954,6.363547325134277,22.98324966430664,1.008279800415039,0.7986520528793335,0.25,4.0,0.5921918749809265,0.5865423679351807,0.16224696356275303,0.012449392712550607,2707.9970703125,2708.008544921875,-4.237304944231658e-06,,0.7217633724212646,0.13451619446277618,,0.152577206492424,,0.719222903251648,0.12883974611759186,,0.15193741023540497,,,,,,,,,,,,,,,,,,,,,,,,,,,,,,,,,,,,
213,9.057082651463422e-06,9.057082651463422e-05,1.0,87.14726958403716,5.764110668285473,3.2847652950802364,3.2847652950802364,3.4023621017868453,0.0,0.0,0.30119916555043813,2.059772594555004,0.125285445032893,2.200850821830131,0.08145914851008235,0.013613755638534958,0.0,1.3374418310216956,384.86742504222974,0.3737369485803553,384.4936919341216,0.0,0.0,0.0,0.0,0.0,1.7813491821289062,14.318950653076172,4.503625869750977,13.643745422363281,26.145362854003906,1.007332682609558,0.6508936285972595,0.25,4.0,0.6194068193435669,0.5301432013511658,0.08795546558704453,0.000708502024291498,6.631202697753906,5.670964241027832,0.14480607824751343,,0.7637997269630432,0.10840888321399689,,0.1339573860168457,,0.7643013000488281,0.10254451632499695,,0.13315421342849731,,,,,,,,,,,,,,,,,,,,,,,,,,,,,,,,,,,,
214,9.048049564350303e-06,9.048049564350303e-05,1.0,86.49635108741555,5.517712567303632,3.223724365234375,3.223724365234375,3.3078607095254435,0.0,0.0,0.30090223776327596,1.9972637279613599,0.11924640552417652,2.0875996770085514,0.08355574994473844,0.014523978168899948,0.0,1.3904896297970333,383.31033572635135,0.37950046642406565,382.93087521114865,0.0,0.0,0.0,0.0,0.0,14.172468185424805,11.364617347717285,0.9395765066146851,7.389056205749512,26.718358993530273,1.0049564838409424,0.6475167870521545,0.25,4.0,0.6061297059059143,0.5164077281951904,0.08228744939271256,0.00010121457489878542,1662.096435546875,1663.1405029296875,-0.000628162939576351,,0.743043065071106,0.1228940337896347,,0.13989050686359406,,0.7427863478660583,0.11873166263103485,,0.138482004404068,,,,,,,,,,,,,,,,,,,,,,,,,,,,,,,,,,,,
215,9.038978230920239e-06,9.038978230920238e-05,1.0,86.78018105996621,5.607812005120355,3.2903079471072636,3.2903079471072636,3.392288414207665,0.0,0.0,0.301938855970228,2.0370912294130066,0.11716697022721574,2.0546689420133024,0.08663611798673063,0.01540493159680753,0.0,1.4017747415078652,383.92652027027026,0.4084007417833483,383.5181587837838,0.0,0.0,0.0,0.0,0.0,6.156185626983643,14.852906227111816,2.7315871715545654,13.858603477478027,28.60311508178711,1.0011436939239502,0.5636236667633057,0.25,4.0,0.6245096921920776,0.4951566457748413,0.026720647773279354,0.00010121457489878542,367.07952880859375,366.416259765625,0.001806881045972461,,0.7723473310470581,0.10131458938121796,,0.12750987708568573,,0.7720004320144653,0.10002748668193817,,0.1279720813035965,229.538850239345,335.7195045087868,0.5442445239528058,186.5351698948787,229.53884937271738,239.4374304832478,257.6388321458962,285.4485992148128,29.019210270472936,170.5823642819427,425.3872017238451,0.5966975616791531,0.837438254935795,0.6475065305273255,0.6150365277168931,0.0,0.8275041559211838,0.7675969476384745,0.7247757625269379,0.770043353328375,0.7455754644388259,0.8955699681213587,0.9766772928804368,0.24557546443882594,0.09556996812135865,0.026677292880436854,0.00021985269869187644,0.0,0.19230769230769232,0.8076923076923077,0.8333333333333331,1.19113993873963,1.2616632645438006,1.3776512743680032,-8.054200172424316,0.000317713973345235
216,9.029868742521454e-06,9.029868742521454e-05,1.0,86.19879645270271,5.8654034588788,3.2375863564981,3.2375863564981,3.3246274381070524,0.0,0.0,0.30317997288059545,2.0115005905563765,0.11233092643119194,2.0268486641548775,0.08078807753485602,0.012587440174979132,0.0,1.4064958933237437,380.0635293496622,0.38953943510313294,379.67401288006755,0.0,0.0,0.0,0.0,0.0,8.347830772399902,14.325247764587402,2.3255248069763184,13.22397232055664,28.26987648010254,1.0027189254760742,0.6363404393196106,0.25,3.63096022605896,0.6197071075439453,0.5252353549003601,0.05637651821862348,0.0,634.8565063476562,634.1315307617188,0.001141951887849903,,0.7645629644393921,0.10749772936105728,,0.13074126839637756,,0.7650965452194214,0.10433978587388992,,0.1305636465549469,,,,,,,,,,,,,,,,,,,,,,,,,,,,,,,,,,,,
217,9.020721190886395e-06,9.020721190886395e-05,1.0,86.89038745777027,5.84684217298353,3.25697677199905,3.25697677199905,3.3433536838840796,0.0,0.0,0.3030933431676916,2.0027228690482475,0.11348475636662664,1.9961255047772382,0.0825753791912182,0.014350477102640513,0.0,1.4210978327570736,383.5469805743243,0.3870282559781461,383.15997149493245,0.0,0.0,0.0,0.0,0.0,7.976990699768066,13.989530563354492,1.6493656635284424,10.856517791748047,30.26997184753418,1.0023225545883179,0.6557058691978455,0.25,4.0,0.6203442215919495,0.5468836426734924,0.056882591093117406,0.0012145748987854252,676.220703125,676.3814697265625,-0.00023774279731388548,,0.7653078436851501,0.10767827928066254,,0.13136139512062073,,0.7595640420913696,0.10792762786149979,,0.13250832259655,,,,,,,,,,,,,,,,,,,,,,,,,,,,,,,,,,,,
218,9.011535668130808e-06,9.011535668130807e-05,1.0,87.95880621832771,5.694632040487753,3.195928418958509,3.195928418958509,3.268446226377745,0.0,0.0,0.3039126782803922,1.9666038719383445,0.11509136251501136,1.9392013549804688,0.08124865067971719,0.013698188034263818,0.0,1.4344245292044975,390.0460304054054,0.3889386460587785,389.6570682010135,0.0,0.0,0.0,0.0,0.0,3.8871572017669678,17.7274169921875,4.040968418121338,16.57039451599121,33.50580596923828,1.0026293992996216,0.6003413796424866,0.25,3.8628368377685547,0.6301395297050476,0.5145673751831055,0.04838056680161943,0.0,354.8179626464844,354.4985046386719,0.0009003433913823169,,0.7804996371269226,0.09800761193037033,,0.12470510601997375,,0.7774865627288818,0.09624386578798294,,0.12626957893371582,,,,,,,,,,,,,,,,,,,,,,,,,,,,,,,,,,,,
219,9.002312266752803e-06,9.002312266752802e-05,1.0,85.44644082559121,5.513521349107897,3.2517714629302152,3.2517714629302152,3.343155525826119,0.0,0.0,0.3003623550002639,1.9374511306350295,0.1134420987722036,1.900720957163218,0.0827725835748621,0.015018273044276881,0.0,1.453111287709829,378.17847339527026,0.3829069137573242,377.79558171452703,0.0,0.0,0.0,0.0,0.0,6.134236812591553,15.486136436462402,3.162205219268799,14.382550239562988,30.686662673950195,1.001576542854309,0.5646196007728577,0.25,4.0,0.6234818696975708,0.4898771047592163,0.03582995951417004,0.00010121457489878542,667.74169921875,667.5089721679688,0.00034852855685594885,,0.7702820301055908,0.10435889661312103,,0.12813058495521545,,0.7695597410202026,0.10203441232442856,,0.12840582430362701,,,,,,,,,,,,,,,,,,,,,,,,,,,,,,,,,,,,
220,8.993051079631929e-06,8.993051079631929e-05,1.0,86.46472497888513,5.5337384198163,3.245059039141681,3.245059039141681,3.3286516344225086,0.0,0.0,0.3030520774222709,1.962164595320418,0.11313031170819257,1.9011339754671663,0.08237340643599227,0.013826257473713643,0.0,1.4619996354386613,383.17029138513516,0.34856852969607793,382.8217377533784,0.0,0.0,0.0,0.0,0.0,3.3794138431549072,17.936016082763672,4.272283554077148,16.99651527404785,34.30705261230469,1.0013320446014404,0.5329510569572449,0.25,4.0,0.6277802586555481,0.4690858721733093,0.03137651821862348,0.002327935222672065,245.34457397460938,245.69924926757812,-0.0014456211002467705,,0.7770248055458069,0.09972386807203293,,0.12551042437553406,,0.7796714305877686,0.095496267080307,,0.12483229488134384,138.33408527583867,197.6179368042663,0.35669614938528205,51.23696694007287,138.33408665218056,161.84355905335542,181.6861557015927,211.6682099590118,33.89149420601981,107.22383138375689,241.47149591860563,0.6806666893949846,0.7729208832776427,0.6254033996483549,0.5673261394576906,0.0,0.7642694101757836,0.6773708251858722,0.6511516825862237,0.7088025503385922,0.8056318932981569,0.9334212744128101,0.9863691326811037,0.3056318932981569,0.13342127441281004,0.036369132681103755,0.00045802645560807595,0.0,0.2857142857142857,0.7142857142857143,0.8150183150183149,0.9820998446954475,0.9899875885182685,1.0525951361754438,-8.054950714111328,0.0003174756420776248
221,8.983752200028242e-06,8.983752200028241e-05,1.0,85.70424012880068,5.577391753325591,3.3046386306350297,3.3046386306350297,3.4081142528637036,0.0,0.0,0.30110250936972127,1.9634118982263513,0.11252090093251821,1.8872994087837838,0.08093599371007971,0.013940919089961696,0.0,1.4745109145705764,378.86985325168916,0.37277773264292124,378.4970703125,0.0,0.0,0.0,0.0,0.0,8.097830772399902,15.92978572845459,2.7206718921661377,13.657083511352539,33.31005859375,1.0018634796142578,0.6414491534233093,0.25,4.0,0.6278662085533142,0.5495821833610535,0.054048582995951416,0.0027327935222672063,687.5953979492188,687.3026123046875,0.00042581094260446637,,0.7765618562698364,0.10190132260322571,,0.1267573982477188,,0.7703467011451721,0.1016867384314537,,0.12796653807163239,,,,,,,,,,,,,,,,,,,,,,,,,,,,,,,,,,,,
222,8.974415721581351e-06,8.97441572158135e-05,1.0,87.57437051309121,5.677953771642737,3.2374739775786527,3.2374739775786527,3.322149122083509,0.0,0.0,0.3024562371743692,1.992756817791913,0.11221653706318624,1.907504313700908,0.08253307600279113,0.015290110497861295,0.0,1.465372137121252,387.9981260557432,0.392751745275549,387.6053631756757,0.0,0.0,0.0,0.0,0.0,5.1499433517456055,17.345062255859375,2.634263515472412,17.587482452392578,32.729644775390625,1.0020132064819336,0.5833868980407715,0.25,3.314027786254883,0.6244174242019653,0.48674488067626953,0.036639676113360324,0.0,177.09628295898438,177.28970336914062,-0.001092176565902551,,0.7716915011405945,0.10356801748275757,,0.12769876420497894,,0.7748515605926514,0.09888708591461182,,0.12626132369041443,,,,,,,,,,,,,,,,,,,,,,,,,,,,,,,,,,,,
223,8.965041738309492e-06,8.965041738309492e-05,1.0,86.30518237964527,5.169834858662373,3.2582962448532515,3.2582962448532515,3.3454202188027873,0.0,0.0,0.3024674750663139,1.9467759003510345,0.11123628874082823,1.8623108734955658,0.08287490380776895,0.013651654526994034,0.0,1.4685968966097445,384.1797138935811,0.327852996619972,383.85187922297297,0.0,0.0,0.0,0.0,0.0,5.693014621734619,17.431922912597656,3.2498648166656494,17.07969856262207,33.63694763183594,1.0021662712097168,0.5112674832344055,0.25,3.2447597980499268,0.6260140538215637,0.4471803903579712,0.042408906882591094,0.0,224.65740966796875,224.2616424560547,0.0017616477128396726,,0.7742286324501038,0.10186383873224258,,0.1260053515434265,,0.7776193618774414,0.0976882204413414,,0.12469242513179779,,,,,,,,,,,,,,,,,,,,,,,,,,,,,,,,,,,,
224,8.955630344608575e-06,8.955630344608574e-05,1.0,86.40423089104729,5.174694576778927,3.2343479878193624,3.2343479878193624,3.3097222817910685,0.0,0.0,0.3012871097873997,1.9632067293734163,0.11078066439241976,1.878445393330342,0.08516752397691882,0.015151569972167144,0.0,1.4688223761481207,384.73419024493245,0.2868746937932195,384.4473184121622,0.0,0.0,0.0,0.0,0.0,3.8408901691436768,17.549270629882812,3.449342727661133,17.07969856262207,33.50580596923828,1.0025701522827148,0.5961498618125916,0.25,3.847931146621704,0.6280616521835327,0.5076611638069153,0.048987854251012146,0.0,142.857666015625,141.6058807373047,0.00876246485913748,,0.7774683237075806,0.09958577156066895,,0.12453603744506836,,0.7789261341094971,0.09627541899681091,,0.12479840964078903,,,,,,,,,,,,,,,,,,,,,,,,,,,,,,,,,,,,
225,8.946181635251226e-06,8.946181635251224e-05,1.0,85.93835119298987,5.252398516680743,3.225335404679582,3.225335404679582,3.3046384244351774,0.0,0.0,0.3006268836356498,1.9326409004830025,0.11093340693293391,1.858831044789907,0.08296232610135465,0.014386334934750118,0.0,1.481547381426837,382.1160789695946,0.3189295949162664,381.7971653293919,0.0,0.0,0.0,0.0,0.0,4.720235824584961,17.168333053588867,3.4325411319732666,16.029239654541016,33.70270538330078,1.0011991262435913,0.5298677682876587,0.25,3.589840888977051,0.6296290159225464,0.46861305832862854,0.031174089068825912,0.0,238.85772705078125,238.99472045898438,-0.0005735355933199521,,0.7798471450805664,0.09814857691526413,,0.12398725003004074,,0.78029865026474,0.09577365219593048,,0.12392766773700714,141.22096137162094,210.1374150437943,0.3538055136453054,75.69249027377957,141.22096234141998,161.36916065568064,180.80093926674158,210.09779974522186,29.805713653564453,107.04978381016458,254.00332309888756,0.7422173634419127,0.7996571717229547,0.624446458507211,0.5714870005947624,0.0,0.7901464967772512,0.709283489489935,0.6916737506073279,0.7041740426839719,0.8003004653548789,0.9349785643618775,0.9880363489795171,0.30030046535487886,0.1349785643618775,0.03803634897951713,0.001484005716170166,0.0,0.2857142857142857,0.7142857142857143,0.8836996336996336,0.9970464978244279,1.0136397802731494,1.0809411669334212,-8.056541442871094,0.00031697109807282686
226,8.936695705385847e-06,8.936695705385846e-05,1.0,86.30829682221284,5.444067052892737,3.235095874683277,3.235095874683277,3.321537327122044,0.0,0.0,0.3009503081038192,1.9475431700010557,0.10930643854914485,1.8666396269927155,0.07945988629315351,0.013893390024030531,0.0,1.4819480277396537,382.94494298986484,0.35110318982923355,382.5938819679054,0.0,0.0,0.0,0.0,0.0,2.1673238277435303,19.74433708190918,5.295697212219238,19.81279945373535,35.60408401489258,1.0043597221374512,0.5535936951637268,0.25,3.954599142074585,0.6439674496650696,0.5050812363624573,0.04362348178137652,0.0,30.48579216003418,30.225664138793945,0.008532762405342814,,0.8010295629501343,0.08762014657258987,,0.11828428506851196,,0.7928704023361206,0.08716271817684174,,0.11996692419052124,,,,,,,,,,,,,,,,,,,,,,,,,,,,,,,,,,,,
227,8.927172650535642e-06,8.927172650535642e-05,1.0,85.68826541385135,5.175067386111698,3.2170455520217485,3.2170455520217485,3.2884315284522803,0.0,0.0,0.30202210916055217,1.9275403409390837,0.10965416882489179,1.8535673811629012,0.0825838398289036,0.014682723058236612,0.0,1.4934025326290645,381.29901288006755,0.3180161811210014,380.9809702280405,0.0,0.0,0.0,0.0,0.0,2.343259811401367,19.609663009643555,5.107764720916748,20.04634666442871,34.569393157958984,1.001396894454956,0.470454603433609,0.25,3.403921365737915,0.6378814578056335,0.44088298082351685,0.027125506072874495,0.0,14.293689727783203,13.887224197387695,0.028436711453547567,,0.7924584150314331,0.09045939147472382,,0.1199529767036438,,0.794386625289917,0.08680088818073273,,0.11881250888109207,,,,,,,,,,,,,,,,,,,,,,,,,,,,,,,,,,,,
228,8.917612566597672e-06,8.917612566597672e-05,1.0,86.91779059332771,5.214887051968961,3.1927539722339526,3.1927539722339526,3.261393779032939,0.0,0.0,0.3011699882713524,1.9434387619430955,0.10944130613997176,1.8639344911317568,0.08486913345955513,0.014795243740081787,0.0,1.4871474601127006,387.3406619510135,0.3380175667840081,387.00256017736484,0.0,0.0,0.0,0.0,0.0,4.561008930206299,18.029983520507812,2.967717170715332,18.68524932861328,34.23344802856445,1.0009595155715942,0.5613076686859131,0.25,4.0,0.6335015296936035,0.4953460097312927,0.02651821862348178,0.0009109311740890688,162.0455780029297,162.3878631591797,-0.0021122770548160945,,0.7857000827789307,0.09495190531015396,,0.12147858738899231,,0.7848324775695801,0.09326060116291046,,0.12190686166286469,,,,,,,,,,,,,,,,,,,,,,,,,,,,,,,,,,,,
229,8.908015549841876e-06,8.908015549841876e-05,1.0,87.33073796452703,5.503235275680955,3.2070370235958614,3.2070370235958614,3.2809790533942147,0.0,0.0,0.3016397373096363,1.9627141179265202,0.10820249609045081,1.8683042783994932,0.08404316773285737,0.015004045254475361,0.0,1.4966676041886613,387.8676625844595,0.34052549826132283,387.52707981418916,0.0,0.0,0.0,0.0,0.0,3.0999364852905273,18.648723602294922,4.520811080932617,17.690837860107422,34.772544860839844,1.0007725954055786,0.545342206954956,0.25,4.0,0.6374613046646118,0.48633578419685364,0.01730769230769231,0.00020242914979757084,36.971595764160156,36.88543701171875,0.002330403940122259,,0.7919758558273315,0.0905846357345581,,0.11825326085090637,,0.7932779788970947,0.0881565660238266,,0.11856542527675629,,,,,,,,,,,,,,,,,,,,,,,,,,,,,,,,,,,,
230,8.898381696910102e-06,8.898381696910102e-05,1.0,85.88211966849663,5.446373192039696,3.23192328375739,3.23192328375739,3.303756301467483,0.0,0.0,0.3006069853499129,1.9300928889094173,0.10734285535039129,1.840320277858425,0.08283907658344991,0.014406790604462495,0.0,1.5025812097497888,380.8500052787162,0.36395060049520955,380.48611697635135,0.0,0.0,0.0,0.0,0.0,3.2803616523742676,16.492778778076172,3.449679374694824,15.581646919250488,31.971464157104492,1.0041080713272095,0.5560629963874817,0.25,4.0,0.6381921172142029,0.49757644534111023,0.06680161943319839,0.0012145748987854252,19.79337501525879,19.412172317504883,0.019259105506768584,,0.7923539876937866,0.09289363026618958,,0.11865606904029846,,0.7891878485679626,0.09079855680465698,,0.12001357227563858,134.2401461339259,199.0930183306054,0.33899230785954576,82.92011550232604,134.2401438185843,150.25207228518497,168.4934192591197,198.16388228541913,24.86375972202846,105.17999693404796,232.3791450832201,0.7699498279574416,0.8048176816850348,0.6067250383039261,0.5477812500945212,0.0,0.790323830532798,0.714490792113459,0.713754863367291,0.7032376651863639,0.7984317174159979,0.9414642189732879,0.991150928877652,0.29843171741599794,0.14146421897328787,0.04115092887765204,0.0027298376754241326,0.0,0.3516483516483517,0.6483516483516484,0.913003663003663,1.032253921523199,1.0390573608187528,1.0851897834749011,-8.057511329650879,0.0003166638780385256
231,8.888711104815145e-06,8.888711104815145e-05,1.0,86.30278716216216,5.547791764542863,3.190161215292441,3.190161215292441,3.258120974978885,0.0,0.0,0.29941262425603093,1.9186857068860852,0.10606425517314189,1.8567857484559755,0.08286258981034562,0.014971986010267928,0.0,1.5032887845425993,382.65295080236484,0.33221417504387935,382.3207084037162,0.0,0.0,0.0,0.0,0.0,3.5844497680664062,19.35802459716797,3.682219982147217,19.50562858581543,35.736473083496094,1.003432035446167,0.5636230111122131,0.25,4.0,0.6414973139762878,0.4949641823768616,0.04554655870445344,0.0006072874493927126,66.6345443725586,66.55521392822266,0.00119053030350737,,0.7975427508354187,0.08915465325117111,,0.11736533790826797,,0.7950016856193542,0.08695046603679657,,0.11804784834384918,,,,,,,,,,,,,,,,,,,,,,,,,,,,,,,,,,,,
232,8.879003870939762e-06,8.879003870939762e-05,1.0,86.60689400337837,5.478043839738175,3.2095470943966427,3.2095470943966427,3.2881242906725086,0.0,0.0,0.3012891202359586,1.9266297623917863,0.10728846369562922,1.8612998756202492,0.0832351607245368,0.014039447178711762,0.0,1.4959763191841744,384.4090741131757,0.3518113316716375,384.05724767736484,0.0,0.0,0.0,0.0,0.0,2.4481725692749023,19.572505950927734,5.058620452880859,19.620256423950195,34.84052658081055,1.0032061338424683,0.6039137840270996,0.25,3.7971065044403076,0.6392320394515991,0.5123342275619507,0.054048582995951416,0.0,22.441524505615234,22.218482971191406,0.009938787107267134,,0.7941596508026123,0.09107959270477295,,0.11778352409601212,,0.7983839511871338,0.08520421385765076,,0.11641179025173187,,,,,,,,,,,,,,,,,,,,,,,,,,,,,,,,,,,,
233,8.869260093035687e-06,8.869260093035688e-05,1.0,86.60793654983108,5.310748950855152,3.230492669182855,3.230492669182855,3.304072818240604,0.0,0.0,0.3014752671525285,1.9314513335356842,0.10821669810527079,1.8344648206556164,0.08599975946787242,0.01426372818044714,0.0,1.5221077171531883,385.15358424831084,0.3287860509511587,384.8247730152027,0.0,0.0,0.0,0.0,0.0,3.571763753890991,17.0671329498291,3.8139753341674805,15.703855514526367,33.31005859375,0.9982494115829468,0.6144194006919861,0.25,4.0,0.635493278503418,0.5387469530105591,0.05495951417004048,0.004959514170040486,34.925445556640625,34.631587982177734,0.008413853274579552,,0.7888466119766235,0.09253127127885818,,0.12108398973941803,,0.7896822094917297,0.0902702808380127,,0.12004747241735458,,,,,,,,,,,,,,,,,,,,,,,,,,,,,,,,,,,,
234,8.859479869222656e-06,8.859479869222656e-05,1.0,86.07003536739865,5.301858025628167,3.254217817976668,3.254217817976668,3.3439339302681588,0.0,0.0,0.3014625600866369,1.9269013275971283,0.10628818821262669,1.8254046053499788,0.08199673085599332,0.014484162266189987,0.0,1.523950937631968,382.41387774493245,0.31997587874129013,382.0938555743243,0.0,0.0,0.0,0.0,0.0,4.091134071350098,18.895273208618164,4.036630630493164,18.831798553466797,35.182430267333984,1.0024504661560059,0.5593459606170654,0.25,4.0,0.6403464674949646,0.4978700876235962,0.04200404858299595,0.0006072874493927126,138.00230407714844,138.15072631835938,-0.0010755055301682785,,0.7958229184150696,0.09025917202234268,,0.11701387166976929,,0.7945665717124939,0.08810518682003021,,0.1173282265663147,,,,,,,,,,,,,,,,,,,,,,,,,,,,,,,,,,,,
235,8.849663297987415e-06,8.849663297987415e-05,1.0,86.88643501900337,5.25400110193201,3.195071246172931,3.195071246172931,3.2696479591163428,0.0,0.0,0.30010380616059174,1.914842141641153,0.10647088772541768,1.8285318323083826,0.08395466289004765,0.015677083182979275,0.0,1.52739210386534,387.03647592905406,0.33715214600434174,386.6993243243243,0.0,0.0,0.0,0.0,0.0,4.351726055145264,16.258878707885742,3.600435733795166,15.102250099182129,31.722658157348633,1.004818320274353,0.5566495060920715,0.25,4.0,0.6377406120300293,0.4928140938282013,0.06022267206477733,0.0003036437246963563,96.3314437866211,96.43773651123047,-0.0011034063274793081,,0.7915038466453552,0.09398847818374634,,0.11892136186361313,,0.7894209623336792,0.09128599613904953,,0.11929304897785187,105.84912440541027,158.5187555914209,0.2766817173660458,47.60888944353376,105.8491217957242,124.11285688126688,142.59999525129297,172.4142054545491,28.780827113560267,83.62144878298737,179.91104258661684,0.7907713036351379,0.7867187301640541,0.5909899140573294,0.5264827116628266,0.0,0.7676276090519758,0.6954287994839384,0.708607055401052,0.6893284886596897,0.816752775640321,0.953775970100033,0.9924150818951303,0.316752775640321,0.15377597010003297,0.042415081895130324,0.003096258839910593,0.0,0.4835164835164835,0.5164835164835165,0.9175824175824175,1.0133515820725933,0.9940122740936803,1.0076271500233764,-8.05785083770752,0.00031655639759264886
236,8.839810478182728e-06,8.839810478182727e-05,1.0,86.66792915962837,5.474818874049831,3.2051688529349662,3.2051688529349662,3.2774946882918075,0.0,0.0,0.29947693283493454,1.9272353713576857,0.10440376642588023,1.8358240900812923,0.08086293452494853,0.014546724590095313,0.0,1.5202564548801731,384.78254328547297,0.36512109395619985,384.4173880912162,0.0,0.0,0.0,0.0,0.0,2.1526248455047607,20.697906494140625,5.168477535247803,21.29758644104004,36.58394241333008,1.0028976202011108,0.5941003561019897,0.25,4.0,0.6466430425643921,0.5209946036338806,0.058299595141700404,0.0010121457489878543,7.364377021789551,6.943419933319092,0.057161262551461006,,0.8053854703903198,0.08487167209386826,,0.11291281878948212,,0.8040010929107666,0.08194883167743683,,0.11405009031295776,,,,,,,,,,,,,,,,,,,,,,,,,,,,,,,,,,,,
237,8.829921509026378e-06,8.829921509026379e-05,1.0,85.78705658783784,5.339963758313978,3.225575421307538,3.225575421307538,3.306712176348712,0.0,0.0,0.30061796549204234,1.9023291098104942,0.10549108402149097,1.803439372294658,0.08155130051277779,0.013637729593225428,0.0,1.543711688067462,380.9974926097973,0.33753371883083033,380.6600242820946,0.0,0.0,0.0,0.0,0.0,3.908393621444702,17.269512176513672,3.439251661300659,15.310144424438477,34.09998321533203,1.0061551332473755,0.5824476480484009,0.25,3.964155673980713,0.6386247873306274,0.5052425861358643,0.0694331983805668,0.0,31.91794776916504,31.518386840820312,0.012518377786517034,,0.7924917936325073,0.09461122751235962,,0.1189679205417633,,0.790428638458252,0.09067923575639725,,0.11889208108186722,,,,,,,,,,,,,,,,,,,,,,,,,,,,,,,,,,,,
238,8.819996490100178e-06,8.819996490100178e-05,1.0,87.11213972761824,5.139296660552153,3.212649783572635,3.212649783572635,3.294670311180321,0.0,0.0,0.2993509447252428,1.9150994790566933,0.1057312552993362,1.825040662610853,0.08416941359236434,0.01693729935465632,0.0,1.5159763645481419,388.6573849239865,0.32665549097834407,388.3307643581081,0.0,0.0,0.0,0.0,0.0,1.9192510843276978,20.259124755859375,5.731049537658691,21.339223861694336,33.967041015625,1.0029641389846802,0.5363611578941345,0.25,3.575543165206909,0.6477397084236145,0.48392564058303833,0.03714574898785425,0.0,3.998178005218506,3.738170862197876,0.06503140747642129,,0.8071557283401489,0.08339282870292664,,0.1126234233379364,,0.8068029880523682,0.08021150529384613,,0.1129855215549469,,,,,,,,,,,,,,,,,,,,,,,,,,,,,,,,,,,,
239,8.810035521348958e-06,8.810035521348958e-05,1.0,85.63551124366555,5.541987238703547,3.2291294819599874,3.2291294819599874,3.312471544420397,0.0,0.0,0.3002531979535077,1.880552137220228,0.10395112553158321,1.816199019148543,0.0824636833087818,0.013260857478992359,0.0,1.542949779613598,379.220703125,0.34937276066960515,378.87133129222974,0.0,0.0,0.0,0.0,0.0,4.478102207183838,18.50790786743164,3.310727834701538,16.586576461791992,36.65546417236328,1.0008115768432617,0.5604217648506165,0.25,4.0,0.6384493112564087,0.500495433807373,0.02408906882591093,0.002226720647773279,40.29030227661133,40.080284118652344,0.005212623040579686,,0.7930753231048584,0.09148327261209488,,0.11746527254581451,,0.792784571647644,0.08959729969501495,,0.11761819571256638,,,,,,,,,,,,,,,,,,,,,,,,,,,,,,,,,,,,
240,8.80003870307956e-06,8.800038703079561e-05,1.0,86.64742134712837,5.345465995169975,3.2017607817778715,3.2017607817778715,3.280666042018581,0.0,0.0,0.2993716678103885,1.9079911515519425,0.1045631589116277,1.8143656962626689,0.08139143118987212,0.014783408190753008,0.0,1.5295384381268475,385.3809913429054,0.35206268929146434,385.02892736486484,0.0,0.0,0.0,0.0,0.0,6.664867401123047,17.41155433654785,2.63838267326355,13.432220458984375,35.94648361206055,1.0016758441925049,0.5572332739830017,0.25,4.0,0.632756233215332,0.4837588667869568,0.024291497975708502,0.0006072874493927126,163.7775421142578,163.48373413085938,0.0017939454921937052,,0.7843688726425171,0.09690771251916885,,0.11982161551713943,,0.7852102518081665,0.0947440043091774,,0.12004578113555908,107.25008046496045,159.73906165762807,0.27264179475593775,36.493120067722195,107.25007667144342,123.06975218319249,140.39480371403286,169.0494053720555,26.170814514160156,82.27544814117195,189.6257854959239,0.7958090856132445,0.7837780984873295,0.5761951462547316,0.5140322357869225,0.0,0.7628111766543886,0.7001866156510091,0.7138021057758855,0.6852820165092868,0.8243376937451907,0.9577333186764867,0.9925799714191492,0.3243376937451907,0.15773331867648666,0.042579971419149265,0.0037924590524348687,0.0,0.5604395604395604,0.43956043956043955,0.9038461538461539,1.0289177215033836,1.0020598487539605,1.0060416458399741,-8.059233665466309,0.0003161190543323755
241,8.790006135959837e-06,8.790006135959836e-05,1.0,85.659912109375,5.2860305373733105,3.2463607788085938,3.2463607788085938,3.321942716031461,0.0,0.0,0.30144786834716797,1.8985082265493032,0.10394384409930255,1.7964201231260557,0.08199689839337324,0.014326305002779574,0.0,1.5323895634831608,380.5383762668919,0.29422296060098185,380.2440614442568,0.0,0.0,0.0,0.0,0.0,3.797253370285034,19.542600631713867,4.080226421356201,20.401838302612305,35.04526901245117,1.001093864440918,0.46843257546424866,0.25,3.744050979614258,0.6443338990211487,0.45542407035827637,0.02034412955465587,0.0,41.69835662841797,41.41435623168945,0.006810829483264712,,0.8019999265670776,0.08621756732463837,,0.11493079364299774,,0.799409031867981,0.08546335250139236,,0.11512763798236847,,,,,,,,,,,,,,,,,,,,,,,,,,,,,,,,,,,,
242,8.779937921017624e-06,8.779937921017623e-05,1.0,86.58100849873311,5.400925507416597,3.2310966285499365,3.2310966285499365,3.309345348461254,0.0,0.0,0.3006213677896036,1.9016340101087414,0.1031592085554793,1.801655743573163,0.08115712372032372,0.014166738535906817,0.0,1.5265252396867082,384.64331714527026,0.33013784563219223,384.3131862331081,0.0,0.0,0.0,0.0,0.0,2.5193378925323486,19.738340377807617,5.7265729904174805,20.44172477722168,33.70270538330078,1.0061240196228027,0.5836822986602783,0.25,3.468571662902832,0.6489315032958984,0.5085588693618774,0.07398785425101215,0.0,42.3352165222168,42.16109848022461,0.004112841655145742,,0.8082989454269409,0.08496149629354477,,0.11303724348545074,,0.8040798902511597,0.08190412074327469,,0.11401599645614624,,,,,,,,,,,,,,,,,,,,,,,,,,,,,,,,,,,,
243,8.769834159639737e-06,8.769834159639735e-05,1.0,86.30155986064189,5.425826613967483,3.2318900855811865,3.2318900855811865,3.3071082862647803,0.0,0.0,0.30101997787887985,1.8991903356603674,0.10387005032719793,1.7967840658651817,0.08242201805114746,0.014840080931379989,0.0,1.5409773749274176,383.1163429054054,0.33234763789821314,382.78396853885135,0.0,0.0,0.0,0.0,0.0,3.524384021759033,18.925912857055664,4.197840690612793,18.075027465820312,35.59715270996094,0.9965261816978455,0.6450234651565552,0.25,4.0,0.6330673098564148,0.534731924533844,0.06184210526315789,0.0057692307692307696,28.774253845214844,28.350465774536133,0.014728029889441838,,0.7858591675758362,0.09274188429117203,,0.11756342649459839,,0.7974449396133423,0.08655104041099548,,0.11600400507450104,,,,,,,,,,,,,,,,,,,,,,,,,,,,,,,,,,,,
244,8.759694953570939e-06,8.75969495357094e-05,1.0,86.77627480996621,5.353539956582559,3.214323920172614,3.214323920172614,3.2949591971732475,0.0,0.0,0.29956477397197,1.900612702240815,0.10516949602075525,1.8089426401499156,0.08512176049722207,0.015941552213720372,0.0,1.5447843396985852,385.9200274493243,0.34280452212771856,385.5771748310811,0.0,0.0,0.0,0.0,0.0,4.097805023193359,16.731332778930664,3.4463119506835938,14.882645606994629,32.86414337158203,1.00460946559906,0.6225576400756836,0.25,4.0,0.6366044282913208,0.5288957357406616,0.0680161943319838,0.0017206477732793523,26.471330642700195,26.365673065185547,0.003991396539175671,,0.7895435690879822,0.09606549143791199,,0.11919184774160385,,0.7902731895446777,0.09118660539388657,,0.11854016035795212,,,,,,,,,,,,,,,,,,,,,,,,,,,,,,,,,,,,
245,8.749520404912924e-06,8.749520404912923e-05,1.0,85.86162505278716,5.485638592694257,3.2357876751873946,3.2357876751873946,3.3141199060388513,0.0,0.0,0.301430573334565,1.8904091087547508,0.10325792673471812,1.7946816521721918,0.07879941527907913,0.012693158678106359,0.0,1.5469904719172298,380.61739864864865,0.35792407474002325,380.25952808277026,0.0,0.0,0.0,0.0,0.0,2.269526958465576,20.707311630249023,5.615810394287109,20.92648696899414,36.58394241333008,1.0022305250167847,0.622740626335144,0.25,4.0,0.6450691819190979,0.534890353679657,0.06356275303643724,0.002834008097165992,16.5274715423584,16.20925521850586,0.019253781380713906,,0.8033275008201599,0.08486271649599075,,0.11364619433879852,,0.8055474162101746,0.08074258267879486,,0.1137099638581276,122.30377754798302,183.73376597164648,0.3114598845087193,70.0505989410065,122.30377787273117,136.22081947511913,153.17443745026594,181.6686271097063,33.80651528494699,92.96250927355862,218.0538741402004,0.8024621485702413,0.798500758441755,0.5532028852062421,0.4969422210986353,0.0,0.7773464480792126,0.7209587715697725,0.7286204375017782,0.6935057888166116,0.8110366054743322,0.9559378549705031,0.9933128137481221,0.3110366054743322,0.15593785497050305,0.043312813748122125,0.005074933128137481,0.0,0.6428571428571429,0.35714285714285715,0.8727106227106227,1.1193155575912077,1.0848194386114132,1.0813001529364796,-8.059354782104492,0.00031608075369149446
246,8.739310616123284e-06,8.739310616123283e-05,1.0,85.7317092483108,5.220602499472128,3.2300388233081714,3.2300388233081714,3.30932802767367,0.0,0.0,0.3009575508736275,1.8854524767076648,0.10394305151862067,1.7950785868876689,0.08082214561668602,0.014711553986008102,0.0,1.5516037812104095,381.3194151182432,0.32688205306594437,380.99255701013516,0.0,0.0,0.0,0.0,0.0,3.375591516494751,18.905351638793945,4.96950626373291,19.240766525268555,33.18019485473633,1.005982756614685,0.5740779042243958,0.25,3.6859793663024902,0.6424413919448853,0.49593648314476013,0.06467611336032389,0.0,43.84733581542969,43.7368049621582,0.002520811155705133,,0.7985630631446838,0.09035427868366241,,0.11564013361930847,,0.7987008094787598,0.08546272665262222,,0.11583642661571503,,,,,,,,,,,,,,,,,,,,,,,,,,,,,,,,,,,,
247,8.729065690014477e-06,8.729065690014478e-05,1.0,86.21841348184121,5.22746771735114,3.192843669169658,3.192843669169658,3.265121047561233,0.0,0.0,0.2983516229165567,1.8933686952333193,0.10215670353657491,1.8073773770718962,0.0815783320246516,0.015850801725645323,0.0,1.5600572534509607,383.88692989864865,0.3071965913514833,383.57976140202703,0.0,0.0,0.0,0.0,0.0,3.9202349185943604,19.191425323486328,3.974047899246216,18.90550422668457,36.22841262817383,1.001238465309143,0.4838137924671173,0.25,2.9579150676727295,0.6391093730926514,0.4461580514907837,0.025506072874493926,0.0,18.05609893798828,17.665634155273438,0.021625091004200455,,0.7942867875099182,0.0902119055390358,,0.11617857217788696,,0.7975720763206482,0.08705516904592514,,0.11537276208400726,,,,,,,,,,,,,,,,,,,,,,,,,,,,,,,,,,,,
248,8.718785729752798e-06,8.718785729752799e-05,1.0,86.98639410895271,5.38687463708826,3.203447908968539,3.203447908968539,3.282632570008974,0.0,0.0,0.30081184490306956,1.9085120123785895,0.10299110412597656,1.813831226245777,0.08082548347679344,0.014458690140698408,0.0,1.555935627705342,386.8526182432432,0.3612819104581266,386.4913429054054,0.0,0.0,0.0,0.0,0.0,4.067381858825684,19.845352172851562,3.7772793769836426,20.164148330688477,36.72712707519531,1.0058238506317139,0.6929718852043152,0.25,4.0,0.6438149213790894,0.5745189785957336,0.07925101214574899,0.0015182186234817814,30.613388061523438,30.424114227294922,0.006182714368240908,,0.8003361821174622,0.09022939950227737,,0.11605581641197205,,0.7978824973106384,0.08607557415962219,,0.11604192852973938,,,,,,,,,,,,,,,,,,,,,,,,,,,,,,,,,,,,
249,8.70847083885733e-06,8.70847083885733e-05,1.0,86.08988993876689,5.353151476061022,3.21619312183277,3.21619312183277,3.2914055489205025,0.0,0.0,0.2999506254453917,1.8888920964421452,0.10321973465584419,1.784159686114337,0.08061823329410038,0.014005256665719522,0.0,1.5526319967733848,382.52797719594594,0.3371393616135056,382.1908519847973,0.0,0.0,0.0,0.0,0.0,5.356642246246338,16.66845703125,3.0473055839538574,12.569208145141602,35.52769470214844,1.0061514377593994,0.6330662965774536,0.25,4.0,0.635214626789093,0.5335777401924133,0.08168016194331984,0.0008097165991902834,65.8919906616211,65.64498138427734,0.003748699574311404,,0.7874236702919006,0.09726374596357346,,0.12023599445819855,,0.7835979461669922,0.09473113715648651,,0.1216709166765213,,,,,,,,,,,,,,,,,,,,,,,,,,,,,,,,,,,,
250,8.698121121198912e-06,8.698121121198913e-05,1.0,86.2956740920608,5.110711999841638,3.2135688163138725,3.2135688163138725,3.2920641512484163,0.0,0.0,0.2983063878239812,1.8781732095254433,0.10064159212885676,1.8007288752375423,0.08245271605414313,0.016988852539578,0.0,1.53216975444072,384.7801150760135,0.3126355506278373,384.46740392736484,0.0,0.0,0.0,0.0,0.0,3.027418851852417,20.43138885498047,3.904802083969116,20.763633728027344,37.3784294128418,1.0014111995697021,0.6329599022865295,0.25,4.0,0.6439071297645569,0.5482833385467529,0.07105263157894737,0.005668016194331984,11.158363342285156,10.863271713256836,0.02644578061999974,,0.8014489412307739,0.08612241595983505,,0.1154155507683754,,0.799875020980835,0.08400662243366241,,0.11611834168434143,102.4167101095011,151.82807841640923,0.2590535847659867,6.808687859839136,102.41670812480116,116.6907205034726,132.93494431913433,161.20356537093153,29.532457624162948,75.65687022837558,188.55169080651325,0.8146105844716842,0.7349174615820884,0.5454633153087729,0.46898119163293434,0.0,0.7033759666184026,0.6597864584921849,0.6738852150834482,0.6666872892794048,0.8534864973800886,0.9652632736066835,0.9922685134293356,0.35348649738008864,0.16526327360668347,0.042268513429335686,0.004433696090286175,0.0,0.5164835164835165,0.4835164835164835,0.8406593406593407,1.0085876223805186,0.9750921700026963,0.9701855597751481,-8.059713363647461,0.0003159674524795264
251,8.687736680999084e-06,8.687736680999083e-05,1.0,85.61203415329392,5.222676457585515,3.20070710053315,3.20070710053315,3.2789257152660474,0.0,0.0,0.29963782026961044,1.8648347596864443,0.1023076547158731,1.7999496459960938,0.08511710166931152,0.015369012549116805,0.0,1.5395914026208826,380.8690614442568,0.3048394692910684,380.5641627956081,0.0,0.0,0.0,0.0,0.0,2.1793313026428223,20.362680435180664,6.125144958496094,19.240766525268555,36.1577262878418,1.0163965225219727,0.7121261954307556,0.25,3.858776569366455,0.6521565914154053,0.5805526375770569,0.151417004048583,0.0,10.103982925415039,9.663413047790527,0.04360358493048567,,0.8114412426948547,0.08841591328382492,,0.11683309078216553,,0.8033928871154785,0.08102777600288391,,0.11557935178279877,,,,,,,,,,,,,,,,,,,,,,,,,,,,,,,,,,,,
252,8.677317622829044e-06,8.677317622829044e-05,1.0,86.65219198690879,5.504719089817357,3.2027233226879224,3.2027233226879224,3.2731455210092903,0.0,0.0,0.29896759342502904,1.8853337055928,0.10145991557353251,1.7879484021985852,0.080345546877062,0.014380208543829015,0.0,1.5352636801229942,384.65685705236484,0.3891937410509264,384.2676836993243,0.0,0.0,0.0,0.0,0.0,3.51338791847229,18.989849090576172,4.516839504241943,18.181245803833008,35.04526901245117,1.0021555423736572,0.5479307174682617,0.25,3.8798911571502686,0.6319537162780762,0.46947187185287476,0.03714574898785425,0.0,9.046415328979492,8.614253044128418,0.04777166083306785,,0.7833632826805115,0.09634311497211456,,0.12191016972064972,,0.7901046872138977,0.09022095799446106,,0.11967434734106064,,,,,,,,,,,,,,,,,,,,,,,,,,,,,,,,,,,,
253,8.666864051608594e-06,8.666864051608593e-05,1.0,86.02327913851352,5.1789839461043075,3.2417610787056588,3.2417610787056588,3.3296851080817147,0.0,0.0,0.2990656156797667,1.8742405659443624,0.10194255854632403,1.7726770349451013,0.08118984505936906,0.01426903943757753,0.0,1.5313891849002323,382.970703125,0.3042986586287215,382.66638513513516,0.0,0.0,0.0,0.0,0.0,2.683924674987793,20.591415405273438,5.549842357635498,21.401844024658203,36.08717346191406,1.0035213232040405,0.5913146138191223,0.25,4.0,0.6420748829841614,0.5096505880355835,0.04868421052631579,0.0009109311740890688,4.169894695281982,3.806863784790039,0.08705997081957341,,0.7984760403633118,0.08819980919361115,,0.1180010586977005,,0.8016327023506165,0.08275450766086578,,0.11561278998851776,,,,,,,,,,,,,,,,,,,,,,,,,,,,,,,,,,,,
254,8.656376072605079e-06,8.656376072605077e-05,1.0,87.66487410261824,5.269324225348395,3.223098961082665,3.223098961082665,3.3034232887061865,0.0,0.0,0.2996481302622202,1.9008918968406883,0.10077081499872981,1.7932788745777026,0.0821829808724893,0.015575727900943241,0.0,1.534523628853463,390.76778927364865,0.334784172676705,390.43298669763516,0.0,0.0,0.0,0.0,0.0,2.1324658393859863,21.924924850463867,6.382217884063721,22.75989532470703,37.31275939941406,1.0015555620193481,0.5767547488212585,0.25,4.0,0.6414685845375061,0.4967769682407379,0.03785425101214575,0.001417004048582996,2.2655792236328125,1.6119580268859863,0.28850070212894924,,0.7980400919914246,0.08708323538303375,,0.11639542132616043,,0.8049097061157227,0.08072234690189362,,0.11436793208122253,,,,,,,,,,,,,,,,,,,,,,,,,,,,,,,,,,,,
255,8.645853791432327e-06,8.645853791432326e-05,1.0,84.59547218116555,5.126257406698691,3.2037316399651603,3.2037316399651603,3.2699028221336572,0.0,0.0,0.29798399435507283,1.8437211320206925,0.10191334260476602,1.759213215595967,0.0799410343170166,0.014566998224000673,0.0,1.5509158985034839,376.3300517314189,0.3012550199354017,376.0287953969595,0.0,0.0,0.0,0.0,0.0,2.0182957649230957,22.507976531982422,6.873248100280762,23.80562400817871,37.45150375366211,1.0016510486602783,0.5365417003631592,0.25,3.8409461975097656,0.6461741924285889,0.48524272441864014,0.030263157894736843,0.0,5.287501811981201,4.800296306610107,0.09214285359999531,,0.8052330613136292,0.08255478739738464,,0.11472183465957642,,0.8081809282302856,0.07820511609315872,,0.11361395567655563,93.77122254424043,145.10120801488873,0.24145025764887362,7.547076298640325,93.77122447052845,108.86476789341125,126.78457725986704,155.5957521504831,35.066885811941965,68.88171848030977,172.5033177914827,0.820875145662918,0.7267185567297286,0.5451789549461232,0.4675765965233596,0.0,0.6908273711319536,0.65155119995551,0.6792551009147316,0.6604694291830042,0.862298926385988,0.9685061009123886,0.9931112821076545,0.36229892638598804,0.1685061009123886,0.04311128210765458,0.0037558169359862225,0.0,0.5934065934065934,0.4065934065934066,0.8241758241758241,1.0006459478166077,0.9598854669666552,0.9504204987660869,-8.060575485229492,0.00031569524435326457
256,8.6352973140496e-06,8.635297314049599e-05,1.0,85.69328679265203,5.212426675332559,3.231485109071474,3.231485109071474,3.318457526129645,0.0,0.0,0.29941785657728043,1.8671910053974874,0.10190548767914644,1.779012731603674,0.08118095269074312,0.014990589103183231,0.0,1.5342308250633445,381.20333614864865,0.31916827124518315,380.8841849662162,0.0,0.0,0.0,0.0,0.0,3.043210029602051,20.594459533691406,6.072139263153076,20.164148330688477,36.23546600341797,1.0061049461364746,0.6318344473838806,0.25,4.0,0.642420768737793,0.5309497714042664,0.07904858299595141,0.0005060728744939271,16.266687393188477,16.061452865600586,0.012616860619933636,,0.7985785603523254,0.08966930955648422,,0.11796106398105621,,0.7979386448860168,0.08455640822649002,,0.11750492453575134,,,,,,,,,,,,,,,,,,,,,,,,,,,,,,,,,,,,
257,8.624706746760503e-06,8.624706746760502e-05,1.0,86.87181957347973,5.007435154270482,3.171200520283467,3.171200520283467,3.239132855389569,0.0,0.0,0.2998624492335964,1.8830022038640202,0.10147308658909153,1.7779926609348606,0.08402669751966321,0.015144386807003536,0.0,1.5219974002322636,388.40255489864865,0.3012259715312236,388.10137774493245,0.0,0.0,0.0,0.0,0.0,3.718165159225464,18.903188705444336,5.063562870025635,18.199018478393555,34.84052658081055,1.0068992376327515,0.5703026652336121,0.25,3.6527292728424072,0.6344187259674072,0.48472562432289124,0.07196356275303643,0.0,23.915124893188477,23.35991859436035,0.023215697233772727,,0.7862874269485474,0.09722298383712769,,0.12264787405729294,,0.7885078191757202,0.09088337421417236,,0.1206088438630104,,,,,,,,,,,,,,,,,,,,,,,,,,,,,,,,,,,,
258,8.614082196211931e-06,8.614082196211931e-05,1.0,84.95557960304055,5.026391519082559,3.2301501712283573,3.2301501712283573,3.31683535189242,0.0,0.0,0.2982638591044658,1.8439186714790963,0.10118902696145547,1.7579446741052576,0.08193581813090556,0.01639902752798957,0.0,1.5408299420330975,378.49480046452703,0.2937622585812131,378.20098711993245,0.0,0.0,0.0,0.0,0.0,3.896317958831787,19.526569366455078,4.330672264099121,19.774139404296875,35.182430267333984,1.0066384077072144,0.6119338870048523,0.25,3.612907648086548,0.6385794281959534,0.5155643224716187,0.09625506072874494,0.0,38.10582733154297,37.716468811035156,0.010217820941667682,,0.7927449941635132,0.09299419820308685,,0.12028715014457703,,0.7909111976623535,0.08868922293186188,,0.12039957195520401,,,,,,,,,,,,,,,,,,,,,,,,,,,,,,,,,,,,
259,8.603423769392993e-06,8.603423769392994e-05,1.0,86.52962679476352,5.2284879942198055,3.205556921056799,3.205556921056799,3.283878841915646,0.0,0.0,0.29862509547053157,1.871575639054582,0.10157773945782636,1.779120161726668,0.08351463884920687,0.016075941356452735,0.0,1.5302836443926837,385.4263619087838,0.34354980571849925,385.0829022381757,0.0,0.0,0.0,0.0,0.0,3.906550884246826,19.35189437866211,5.0487494468688965,18.539838790893555,35.38918685913086,1.0057425498962402,0.6157114505767822,0.25,4.0,0.6349659562110901,0.5179480910301208,0.08319838056680162,0.0005060728744939271,50.292030334472656,50.21378707885742,0.0015557784224432586,,0.7874119877815247,0.09514858573675156,,0.12391028553247452,,0.7861340641975403,0.09111472964286804,,0.12275119870901108,,,,,,,,,,,,,,,,,,,,,,,,,,,,,,,,,,,,
260,8.592731573633927e-06,8.592731573633927e-05,1.0,86.54009184966216,5.100885339685388,3.1774234256228886,3.1774234256228886,3.2499072100665116,0.0,0.0,0.2977429725028373,1.8838715424408783,0.10093031058440337,1.7846702369483742,0.0813738590962178,0.01624830671258875,0.0,1.5323558498073269,386.24675358952703,0.32014689574370514,385.9265994510135,0.0,0.0,0.0,0.0,0.0,4.030274868011475,18.377418518066406,4.9510979652404785,16.489673614501953,34.711456298828125,1.0054705142974854,0.5354036092758179,0.25,4.0,0.6303562521934509,0.45818135142326355,0.07176113360323887,0.0004048582995951417,16.470714569091797,15.995691299438477,0.02884047730052512,,0.780404269695282,0.09939086437225342,,0.125686913728714,,0.7844101786613464,0.09279404580593109,,0.12279580533504486,84.36271177019391,135.59562253039877,0.21672244313391556,-15.468000013749679,84.36271175456677,101.28856897760436,119.13549438735694,148.4544395236773,33.935624258858816,60.37139656007752,159.31639165463656,0.8002358929181989,0.7046183610511825,0.5481043598201546,0.4691330623368423,0.0,0.6646768111808602,0.6360614032262097,0.6720288221795155,0.6505613018482768,0.8715877029057199,0.9717855703345425,0.9932578505734492,0.37158770290571985,0.17178557033454245,0.04325785057344922,0.0027664797918727784,0.0,0.5604395604395604,0.43956043956043955,0.8086080586080585,0.9573543679255706,0.917660367849109,0.9082826398886167,-8.060463905334473,0.00031573043088428676
261,8.582005716605026e-06,8.582005716605026e-05,1.0,87.90299039273648,5.27756438384185,3.1611134297138936,3.1611134297138936,3.228753373429582,0.0,0.0,0.29637205278551254,1.8914516552074536,0.09964419055629421,1.7850018063107052,0.08288628990585739,0.016202013234834414,0.0,1.5088663874445736,392.2577597128378,0.3311865780804608,391.9265994510135,0.0,0.0,0.0,0.0,0.0,3.6274185180664062,20.009111404418945,5.024158000946045,17.314815521240234,38.640342712402344,1.0035254955291748,0.5609498620033264,0.25,3.66965913772583,0.6344228386878967,0.48728448152542114,0.054757085020242915,0.0,15.760661125183105,15.952320098876953,-0.012160592260156282,,0.7872292995452881,0.09343670308589935,,0.12166415899991989,,0.7887446880340576,0.08982905000448227,,0.12142632156610489,,,,,,,,,,,,,,,,,,,,,,,,,,,,,,,,,,,,
262,8.571246306315551e-06,8.571246306315551e-05,1.0,85.23485008445945,5.099580919420397,3.2208517950934334,3.2208517950934334,3.302431261217272,0.0,0.0,0.2986785785571949,1.8473199380410683,0.1009877501307307,1.7582084037162162,0.0835297172133987,0.016053120832185488,0.0,1.5270774428908889,379.56672297297297,0.28425087799897064,379.28249049831084,0.0,0.0,0.0,0.0,0.0,2.2316298484802246,22.745054244995117,6.727812767028809,23.345182418823242,38.41459655761719,1.0080289840698242,0.685991644859314,0.25,4.0,0.647941529750824,0.570549488067627,0.11366396761133603,0.0020242914979757085,6.132243633270264,5.99796199798584,0.02189763540311473,,0.8068473935127258,0.08483672142028809,,0.11712732911109924,,0.8043997287750244,0.07938577234745026,,0.11621449142694473,,,,,,,,,,,,,,,,,,,,,,,,,,,,,,,,,,,,
263,8.560453451112646e-06,8.560453451112646e-05,1.0,86.64806798986487,5.283415923247466,3.211420213853991,3.211420213853991,3.284892314189189,0.0,0.0,0.29955956742570206,1.8834653287320524,0.101655760326901,1.7669716912346918,0.08225829536850388,0.015838594050020784,0.0,1.5089225769042969,385.7212573902027,0.3572665549613334,385.36399387668916,0.0,0.0,0.0,0.0,0.0,1.6465649604797363,23.783170700073242,7.834944248199463,24.46554183959961,39.479488372802734,1.0059338808059692,0.6649985313415527,0.25,4.0,0.6472212672233582,0.5563936829566956,0.0931174089068826,0.003137651821862348,1.052739143371582,0.7855433225631714,0.2538100938782129,,0.8064281344413757,0.08279889076948166,,0.11655251681804657,,0.8070930242538452,0.07731777429580688,,0.11558916419744492,,,,,,,,,,,,,,,,,,,,,,,,,,,,,,,,,,,,
264,8.549627259680238e-06,8.549627259680237e-05,1.0,85.75415698902027,5.236789600269215,3.211784981392525,3.211784981392525,3.2914381284971497,0.0,0.0,0.2992205748686919,1.8636922063054264,0.10196234728838946,1.7614702791781038,0.08116514618332321,0.014746798051370157,0.0,1.5238381463128168,381.5088154560811,0.3194565386385531,381.1893475506757,0.0,0.0,0.0,0.0,0.0,2.205608367919922,22.703428268432617,6.754144191741943,23.028181076049805,39.789127349853516,1.0072529315948486,0.7153934240341187,0.25,4.0,0.6420405507087708,0.5833753347396851,0.10323886639676114,0.004149797570850202,3.1264452934265137,2.95098876953125,0.05612013242776664,,0.7983786463737488,0.08811718970537186,,0.11942462623119354,,0.7985022068023682,0.08226381242275238,,0.11923398077487946,,,,,,,,,,,,,,,,,,,,,,,,,,,,,,,,,,,,
265,8.53876784103796e-06,8.538767841037959e-05,1.0,86.02578652871621,5.079610876134924,3.1921632096574113,3.1921632096574113,3.2674201759132178,0.0,0.0,0.29630026946196686,1.8501646712019637,0.09992042747703758,1.767758137470967,0.08349726651165937,0.01678393015990386,0.0,1.5078447702768687,383.7631967905405,0.30300078520903717,383.46014569256755,0.0,0.0,0.0,0.0,0.0,3.8696963787078857,19.086597442626953,4.468578338623047,18.359668731689453,35.666744232177734,1.0081305503845215,0.6058789491653442,0.25,4.0,0.6301993131637573,0.4998844265937805,0.10607287449392712,0.0029352226720647774,5.48985481262207,5.109719276428223,0.06924327676569045,,0.7800434231758118,0.09993123263120651,,0.12632548809051514,,0.7813796997070312,0.09325620532035828,,0.12536410987377167,97.12417552235362,147.5561138436633,0.2554854857799717,31.660839206569797,97.12417488214703,111.83074796987304,129.6551020310653,158.94883547876984,39.5879396711077,73.49406959474548,172.14672586192256,0.79290981669249,0.7300424178572286,0.5430932573630841,0.4761183658701928,0.0,0.6923131656181112,0.6597958160832709,0.7084536109644035,0.6618630809631612,0.8587079989740207,0.9692572642995859,0.9937525191455059,0.3587079989740207,0.16925726429958587,0.04375251914550593,0.0032977904803781466,0.0,0.6923076923076923,0.3076923076923077,0.7939560439560439,1.0321484363668567,0.9864796355857954,0.9729751879042321,-8.06185245513916,0.00031529238913208246
266,8.527875304540034e-06,8.527875304540033e-05,1.0,85.73665144636824,5.196852812895903,3.20952523721231,3.20952523721231,3.2893344776050464,0.0,0.0,0.29914799252071894,1.860847266944679,0.10129972406335779,1.7558432914115287,0.08336375855110786,0.015799504679602547,0.0,1.51010039046004,381.6383815456081,0.31752153345056483,381.3208139780405,0.0,0.0,0.0,0.0,0.0,3.737456798553467,23.257957458496094,5.693116664886475,22.75989532470703,41.86185073852539,1.0035897493362427,0.6190972924232483,0.25,4.0,0.6398436427116394,0.5339854955673218,0.06356275303643724,0.0034412955465587046,78.81233978271484,78.63494110107422,0.0022508998226637112,,0.795619785785675,0.08730845898389816,,0.12187498807907104,,0.7916713953018188,0.08568862080574036,,0.12263999879360199,,,,,,,,,,,,,,,,,,,,,,,,,,,,,,,,,,,,
267,8.516949759874182e-06,8.516949759874182e-05,1.0,85.10096864442568,5.201134759026605,3.1991049276815877,3.1991049276815877,3.2734422425966003,0.0,0.0,0.29973349700102936,1.8385867557010136,0.1022055213515823,1.7497944187473606,0.08258225466753985,0.015418598780760894,0.0,1.5263403815192145,378.51528188344594,0.2899395195213524,378.22532200168916,0.0,0.0,0.0,0.0,0.0,2.869431495666504,22.928943634033203,6.332551002502441,23.39082145690918,40.57390213012695,1.0088531970977783,0.6371569037437439,0.25,4.0,0.6404756903648376,0.5287601351737976,0.08896761133603238,0.0011133603238866396,9.515010833740234,8.809650421142578,0.07413133047588845,,0.7957357168197632,0.0899176225066185,,0.12355240434408188,,0.7936558723449707,0.08439210057258606,,0.12195202708244324,,,,,,,,,,,,,,,,,,,,,,,,,,,,,,,,,,,,
268,8.505991317060517e-06,8.505991317060517e-05,1.0,86.12371991131756,5.44894739099451,3.1800483497413428,3.1800483497413428,3.2478767601219385,0.0,0.0,0.29630949690535263,1.866220422693201,0.10056721841966784,1.7785988885003168,0.08505544791350493,0.017727304149318387,0.0,1.499591724292652,382.43686655405406,0.3498577169469885,382.0869932432432,0.0,0.0,0.0,0.0,0.0,3.3419699668884277,21.199535369873047,5.400145530700684,19.203222274780273,39.711490631103516,1.008233904838562,0.6402652859687805,0.25,4.0,0.634185254573822,0.5301440954208374,0.10091093117408907,0.002327935222672065,7.511488437652588,7.243339538574219,0.03569850387231219,,0.7863843441009521,0.09485068917274475,,0.12575796246528625,,0.7852583527565002,0.08942548930644989,,0.12531615793704987,,,,,,,,,,,,,,,,,,,,,,,,,,,,,,,,,,,,
269,8.49500008645044e-06,8.49500008645044e-05,1.0,86.08568016258445,5.304856171479097,3.220541051916174,3.220541051916174,3.299446518356736,0.0,0.0,0.3000506065987252,1.839415472906989,0.09986844578304806,1.7486232035868876,0.08247400618888237,0.014206016385877455,0.0,1.5100709038811762,382.8189400337838,0.33615086529705973,382.48276499155406,0.0,0.0,0.0,0.0,0.0,1.9334555864334106,24.91044044494629,8.488157272338867,26.24769401550293,39.789127349853516,1.0061819553375244,0.5453649759292603,0.25,3.4054110050201416,0.6404195427894592,0.4690980315208435,0.06548582995951417,0.0,1.2499377727508545,0.7765172719955444,0.37875525572237845,,0.7964032292366028,0.08703646808862686,,0.12227600812911987,,0.8007990121841431,0.07953435182571411,,0.11966665089130402,,,,,,,,,,,,,,,,,,,,,,,,,,,,,,,,,,,,
270,8.483976178725517e-06,8.483976178725516e-05,1.0,85.80830342060811,5.119824383709882,3.165477855785473,3.165477855785473,3.2329944919895484,0.0,0.0,0.29677318882297826,1.8331515337969806,0.09865450859069824,1.7620814555400126,0.08240621154372757,0.015039534182161899,0.0,1.4958034206081081,382.6372730152027,0.29914616249703074,382.33815456081084,0.0,0.0,0.0,0.0,0.0,2.310206413269043,23.064529418945312,6.988307476043701,22.848976135253906,40.49473190307617,1.0103827714920044,0.6904059052467346,0.25,4.0,0.6412982940673828,0.5664116740226746,0.12763157894736843,0.005566801619433198,8.435222625732422,8.000897407531738,0.05148947899439365,,0.7968240976333618,0.08976441621780396,,0.12364216893911362,,0.7919406890869141,0.084220752120018,,0.12383857369422913,102.9027354481456,157.67820041055583,0.2776235886240829,50.92197703267192,102.90273137053698,116.20427677574496,135.31538062313433,164.50518148288316,42.53961617606027,80.51988019130026,174.85773899244225,0.7825672778327708,0.7357877410281952,0.5459338537196865,0.4878845073999828,0.0,0.6971463557744497,0.6815089621345058,0.7438827553957786,0.671234913813762,0.8503535964237294,0.9678465428163131,0.9937708402037302,0.35035359642372943,0.16784654281631306,0.04377084020373023,0.0028031219083214246,0.0,0.7527472527472527,0.24725274725274726,0.8095238095238094,1.0770283596856254,1.0256062576567733,1.0087792631852759,-8.062156677246094,0.000315196521114558
271,8.472919704896379e-06,8.472919704896378e-05,1.0,85.16069072001689,5.140576336834882,3.237832971521326,3.237832971521326,3.32785549679318,0.0,0.0,0.29940886110872833,1.8315842087204393,0.10048111709388527,1.7291310284588788,0.08193663004282359,0.01494589850709245,0.0,1.4980157388223183,378.9614125844595,0.3175523603284681,378.64387141047297,0.0,0.0,0.0,0.0,0.0,1.953011155128479,25.25154685974121,8.194930076599121,25.941898345947266,41.69865036010742,1.0086623430252075,0.6339017748832703,0.25,3.8855173587799072,0.6462855339050293,0.5354543328285217,0.08856275303643725,0.0,2.4260501861572266,2.220928907394409,0.08454947879199559,,0.8048648238182068,0.08337515592575073,,0.12098448723554611,,0.7996693849563599,0.079161137342453,,0.12116946280002594,,,,,,,,,,,,,,,,,,,,,,,,,,,,,,,,,,,,
272,8.461830776301593e-06,8.461830776301593e-05,1.0,84.95521669130068,5.016479079787795,3.253207438700908,3.253207438700908,3.3386560388513513,0.0,0.0,0.2982280061051652,1.8188196130701013,0.09850227510606921,1.726106798326647,0.0813503394255767,0.015142553561442607,0.0,1.492451642010663,378.5001055743243,0.2991162635184623,378.2010135135135,0.0,0.0,0.0,0.0,0.0,3.3922393321990967,23.76038932800293,5.59337043762207,25.790340423583984,41.45503616333008,1.0060315132141113,0.5672080516815186,0.25,3.4399547576904297,0.6334993839263916,0.4859641194343567,0.06953441295546559,0.0,6.341370105743408,5.844947814941406,0.07828312849180495,,0.7860508561134338,0.0922858864068985,,0.12678736448287964,,0.786505937576294,0.08771857619285583,,0.12577548623085022,,,,,,,,,,,,,,,,,,,,,,,,,,,,,,,,,,,,
273,8.45070950460655e-06,8.450709504606548e-05,1.0,84.9218552048142,5.178363284549198,3.2072135306693412,3.2072135306693412,3.28356273754223,0.0,0.0,0.29893522004823425,1.821797345135663,0.10061796291454418,1.7310461095861487,0.08110154641641153,0.0158236880560179,0.0,1.4961751989416174,377.7422930743243,0.3027371071480416,377.4394795185811,0.0,0.0,0.0,0.0,0.0,2.5946967601776123,24.196393966674805,6.887357711791992,25.04572296142578,41.95186233520508,1.008445143699646,0.66359543800354,0.25,4.0,0.6413018703460693,0.551654577255249,0.09706477732793523,0.0020242914979757085,7.512040615081787,7.158018589019775,0.04712727795311012,,0.7973061800003052,0.08772408962249756,,0.12364745140075684,,0.7909739017486572,0.08410602807998657,,0.12492009997367859,,,,,,,,,,,,,,,,,,,,,,,,,,,,,,,,,,,,
274,8.439556001802328e-06,8.439556001802327e-05,1.0,86.17547772381756,5.213569022513725,3.204557264173353,3.204557264173353,3.2781516410209037,0.0,0.0,0.298783946681667,1.8334431003879856,0.09908647150606723,1.740712140057538,0.0801946987976899,0.015830752011891956,0.0,1.4896830996951542,383.83131862331084,0.31137793772929423,383.51990076013516,0.0,0.0,0.0,0.0,0.0,2.6771087646484375,21.79430389404297,6.648781776428223,19.929229736328125,40.101200103759766,0.9964277148246765,0.7320495247840881,0.25,4.0,0.6325848698616028,0.599932849407196,0.1507085020242915,0.010728744939271255,8.32313346862793,8.098252296447754,0.02701881124792866,,0.7858654856681824,0.08854056894779205,,0.12457170337438583,,0.783987283706665,0.08801223337650299,,0.12800045311450958,,,,,,,,,,,,,,,,,,,,,,,,,,,,,,,,,,,,
275,8.428370380204577e-06,8.428370380204577e-05,1.0,85.64662953969595,5.165858913112331,3.2320981412320524,3.2320981412320524,3.320187130489865,0.0,0.0,0.2986666705157306,1.8304645435230151,0.09972978926993706,1.7432102512668919,0.08367430197226035,0.017178230994456523,0.0,1.4920452221019849,381.27808277027026,0.31966977506070526,380.9584565033784,0.0,0.0,0.0,0.0,0.0,3.3592796325683594,24.068147659301758,7.029374599456787,25.192909240722656,41.05216979980469,1.0069527626037598,0.6010324954986572,0.25,4.0,0.6280516386032104,0.48244374990463257,0.07651821862348178,0.00010121457489878542,9.923126220703125,9.221435546875,0.07071266234265487,,0.7774012088775635,0.09854622185230255,,0.1303752362728119,,0.7851470112800598,0.08901691436767578,,0.1258360743522644,89.37636729649135,144.9018442670458,0.2278075948025846,-5.5488844232244805,89.37636473743771,106.4537274974133,124.79758993203039,153.0216025297849,34.555497305733816,62.74107029641321,172.41331083878228,0.7644015360509616,0.6918284945855735,0.5420693862875141,0.4736362995654647,0.0,0.6461548704549721,0.6437628037865641,0.6784497504868751,0.6577374292615702,0.8714777765563739,0.9703015646183724,0.992176908138214,0.37147777655637393,0.17030156461837231,0.042176908138214064,0.0017588215895350116,0.0,0.5934065934065934,0.4065934065934066,0.7866300366300366,0.9913237798181209,0.9467652280415807,0.934023111649267,-8.061298370361328,0.0003154671285301447
276,8.417152752452386e-06,8.417152752452385e-05,1.0,86.78604043496621,5.134658401076858,3.1571028425886825,3.1571028425886825,3.224663399361275,0.0,0.0,0.29551493154989705,1.8549697463576857,0.09901794227393898,1.754496600176837,0.08391331981968235,0.017204542417783995,0.0,1.4820751499485325,387.4803631756757,0.29849374616468277,387.18187816722974,0.0,0.0,0.0,0.0,0.0,3.5134575366973877,22.20661735534668,5.7935099601745605,20.481689453125,41.45503616333008,1.0025320053100586,0.49282440543174744,0.25,4.0,0.6289784908294678,0.4538073241710663,0.03917004048582996,0.000708502024291498,3.5141208171844482,3.22550106048584,0.08213142681014983,,0.7795570492744446,0.09482105076313019,,0.12856122851371765,,0.7818055748939514,0.09120723605155945,,0.12698718905448914,,,,,,,,,,,,,,,,,,,,,,,,,,,,,,,,,,,,
277,8.40590323150714e-06,8.40590323150714e-05,1.0,85.56670317778716,5.140715727934966,3.2394157615867822,3.2394157615867822,3.334854332176415,0.0,0.0,0.2992907085934201,1.833276078507707,0.09821237744511785,1.7481724507099874,0.0808189108565047,0.014901675082541801,0.0,1.4954705109467377,380.96698163006755,0.28496646881103516,380.68198374155406,0.0,0.0,0.0,0.0,0.0,3.6882123947143555,22.658308029174805,5.782206058502197,22.737689971923828,41.13242721557617,1.0059499740600586,0.5417356491088867,0.25,3.7495577335357666,0.6297647953033447,0.46590474247932434,0.07601214574898786,0.0,6.049025058746338,5.486770153045654,0.09294967374746023,,0.7800852060317993,0.096653051674366,,0.12960627675056458,,0.7828249931335449,0.09064725041389465,,0.12652772665023804,,,,,,,,,,,,,,,,,,,,,,,,,,,,,,,,,,,,
278,8.39462193065139e-06,8.394621930651389e-05,1.0,87.06936892947635,5.559851569098395,3.20200286040435,3.20200286040435,3.2728133330474027,0.0,0.0,0.2981650378253009,1.8686948209195524,0.09970229380839579,1.7522991283519849,0.07963335836255872,0.016177203204180743,0.0,1.4979340836808488,386.5355521537162,0.39045184367411845,386.1452174831081,0.0,0.0,0.0,0.0,0.0,3.676544666290283,20.17934799194336,5.948880672454834,19.091032028198242,36.65546417236328,1.0099847316741943,0.6357954144477844,0.25,3.617314100265503,0.624376118183136,0.5093215107917786,0.11963562753036437,0.0,7.011378288269043,6.3805999755859375,0.0899649522175234,,0.771642804145813,0.10271182656288147,,0.13154324889183044,,0.7731754779815674,0.09546396881341934,,0.1313605159521103,,,,,,,,,,,,,,,,,,,,,,,,,,,,,,,,,,,,
279,8.383308963487709e-06,8.383308963487708e-05,1.0,85.18399625211148,5.209443375870988,3.1909018851615287,3.1909018851615287,3.2637595099371834,0.0,0.0,0.30021747382911473,1.8337524001662795,0.10094339783127243,1.7466733777845227,0.08274721454929661,0.014836229182578422,0.0,1.4974862176018793,378.9444942989865,0.33153271030735326,378.6128853462838,0.0,0.0,0.0,0.0,0.0,3.829218626022339,22.44045639038086,5.637790203094482,22.189281463623047,40.1090087890625,1.0108267068862915,0.5629943013191223,0.25,4.0,0.6344841718673706,0.48275166749954224,0.10526315789473684,0.00010121457489878542,8.38516616821289,7.785490989685059,0.07151619496833887,,0.7865303158760071,0.09506647288799286,,0.1294361650943756,,0.7806084156036377,0.09082449227571487,,0.12856708467006683,,,,,,,,,,,,,,,,,,,,,,,,,,,,,,,,,,,,
280,8.37196444393755e-06,8.371964443937551e-05,1.0,85.61423141891892,5.330690538561022,3.2147717862515837,3.2147717862515837,3.2973795710383236,0.0,0.0,0.29979757360509923,1.8293852934966217,0.09979510307312012,1.7556430713550464,0.08459603464281237,0.01650662035555453,0.0,1.4877083237106736,380.36351879222974,0.3074190294420397,380.0561127533784,0.0,0.0,0.0,0.0,0.0,3.897958278656006,21.69126319885254,5.527667045593262,20.02678871154785,40.336856842041016,1.006491780281067,0.604428768157959,0.25,4.0,0.6271343231201172,0.5049745440483093,0.07793522267206478,0.00010121457489878542,5.685957908630371,4.746364116668701,0.16524810894845307,,0.7761073112487793,0.09864603728055954,,0.1321728378534317,,0.7732685804367065,0.09513560682535172,,0.13159579038619995,85.06147460099105,134.48837959626496,0.2170887861616843,-15.189456772018264,85.06147659719107,100.92254439238461,117.83488051653434,146.6064384147182,31.13782283238002,60.375434934630874,162.495489369268,0.7412133074590969,0.6911544674063718,0.5492437622875478,0.47941285550183677,0.0,0.6457862162047201,0.6311397432461606,0.668668668511822,0.6459150735463074,0.8766076728591844,0.9713275438789345,0.9922501923711113,0.3766076728591844,0.17132754387893445,0.042250192371111384,0.0013557583085999048,0.0,0.5439560439560439,0.45604395604395603,0.750915750915751,0.9488889913965057,0.9100216389684886,0.8998321921943309,-8.06210708618164,0.00031521214987151325
281,8.360588486240105e-06,8.360588486240105e-05,1.0,87.08251953125,5.23483317607158,3.1800854657147384,3.1800854657147384,3.2531152673669763,0.0,0.0,0.2980632781982422,1.8467634046399914,0.09830336957364469,1.7514464919631545,0.0823204130739779,0.01616982028291032,0.0,1.4844330452583931,388.3564717060811,0.33542063429548935,388.0209828969595,0.0,0.0,0.0,0.0,0.0,2.2767791748046875,26.33837890625,7.417975902557373,28.60311508178711,43.79376983642578,1.0103404521942139,0.6634103059768677,0.25,4.0,0.6435228586196899,0.5426239967346191,0.10323886639676114,0.00010121457489878542,4.218650817871094,3.8829379081726074,0.07957826428211022,,0.8006234765052795,0.08573883026838303,,0.12367992103099823,,0.7966736555099487,0.07993470877408981,,0.12339164316654205,,,,,,,,,,,,,,,,,,,,,,,,,,,,,,,,,,,,
282,8.349181204951135e-06,8.349181204951135e-05,1.0,86.54235509923987,5.100137659021326,3.1860365996489652,3.1860365996489652,3.2665702201224662,0.0,0.0,0.2976267531111434,1.8443034404032939,0.09899343026650918,1.7523321203283362,0.08505343102120064,0.017873907411420666,0.0,1.4736767330685177,386.29621516047297,0.3223517392132733,385.97381756756755,0.0,0.0,0.0,0.0,0.0,3.794762134552002,23.472209930419922,6.072139263153076,24.60931396484375,40.65322494506836,1.0070148706436157,0.555077314376831,0.25,3.9862561225891113,0.6297200918197632,0.47005495429039,0.07682186234817814,0.0,8.131762504577637,7.7475714683532715,0.047245727603098524,,0.7800527215003967,0.09604736417531967,,0.13190077245235443,,0.7798103094100952,0.09034647047519684,,0.12984322011470795,,,,,,,,,,,,,,,,,,,,,,,,,,,,,,,,,,,,
283,8.33774271494184e-06,8.33774271494184e-05,1.0,86.10955975506756,5.134807277370143,3.183468586689717,3.183468586689717,3.2450367695576436,0.0,0.0,0.2968063869991818,1.8344571912610852,0.0987523890830375,1.7357484972154773,0.08004480439263421,0.01590642735764787,0.0,1.4860930571684967,384.0112964527027,0.30282685563370987,383.7084037162162,0.0,0.0,0.0,0.0,0.0,2.8069846630096436,24.0793399810791,7.35306453704834,25.094688415527344,40.65322494506836,1.0103893280029297,0.6371755599975586,0.25,4.0,0.6359577775001526,0.5188531279563904,0.09412955465587045,0.0008097165991902834,5.74141788482666,5.350582599639893,0.06807295567522818,,0.7890163064002991,0.09273350983858109,,0.12853334844112396,,0.7875722646713257,0.08543582260608673,,0.12699191272258759,,,,,,,,,,,,,,,,,,,,,,,,,,,,,,,,,,,,
284,8.326273131397686e-06,8.326273131397685e-05,1.0,85.5017287795608,5.19952763737859,3.1766499699773014,3.1766499699773014,3.2463279930320947,0.0,0.0,0.29644254735998204,1.8225565729914486,0.09853232873452676,1.746351706015097,0.0816638791883314,0.016132077655276737,0.0,1.4795051780906883,380.68227407094594,0.3209593747113202,380.361328125,0.0,0.0,0.0,0.0,0.0,2.7223498821258545,24.52356719970703,7.029374599456787,25.094688415527344,41.78017044067383,1.0118491649627686,0.6903097629547119,0.25,4.0,0.6371138095855713,0.5535421371459961,0.12550607287449392,0.00010121457489878542,4.13962459564209,3.8334274291992188,0.07396737539080579,,0.7905277609825134,0.09237803518772125,,0.1296616941690445,,0.7879858613014221,0.0844496488571167,,0.12756448984146118,,,,,,,,,,,,,,,,,,,,,,,,,,,,,,,,,,,,
285,8.31477256981725e-06,8.31477256981725e-05,1.0,85.35781777871621,5.14100152093011,3.209330790751689,3.209330790751689,3.285548854518581,0.0,0.0,0.2974230534321553,1.834099022117821,0.09916213396433238,1.7398372340846706,0.08194120510204418,0.016137765871511923,0.0,1.4829915020916913,380.0825327280405,0.30242894146893473,379.7802206503378,0.0,0.0,0.0,0.0,0.0,3.1041972637176514,23.16718101501465,6.89274263381958,22.804391860961914,40.65322494506836,1.0128686428070068,0.7374123334884644,0.25,4.0,0.630817711353302,0.5730509161949158,0.14068825910931174,0.005566801619433198,3.4164443016052246,3.0966715812683105,0.09359810730315962,,0.7809382677078247,0.09820789098739624,,0.13227547705173492,,0.7807785272598267,0.0887201651930809,,0.13050130009651184,85.75899002578232,132.72468505536813,0.22597799127100196,0.13546803233387705,85.75899320896468,102.55315930621754,119.53471422100067,148.8424005155521,35.36163439069475,63.620588731396104,155.51193038277003,0.7224556083546144,0.7007183538867111,0.5553920611632045,0.4987423827356675,0.0,0.6570069103949419,0.6549929697981561,0.6872437653741718,0.6474212508346135,0.8726686453409549,0.9705030962588399,0.9921952291964384,0.3726686453409549,0.17050309625883986,0.04219522919643848,0.0011725477263566744,0.0,0.5934065934065934,0.4065934065934066,0.7518315018315017,0.9730323282080692,0.9302236103749537,0.9183699686776151,-8.062535285949707,0.00031507722451351583
286,8.303241146011063e-06,8.303241146011061e-05,1.0,85.10344304265203,5.041155840899493,3.189655200855152,3.189655200855152,3.259677165263408,0.0,0.0,0.29764144485061234,1.8071703524202913,0.09794671471054489,1.7311158051361908,0.0817148105518238,0.015543596164600269,0.0,1.4634580869932432,379.45001055743245,0.2902701094343856,379.1597339527027,0.0,0.0,0.0,0.0,0.0,2.507007122039795,26.662227630615234,8.405668258666992,28.547304153442383,43.10641860961914,1.004083275794983,0.5445082187652588,0.25,4.0,0.633267343044281,0.4677202105522156,0.05728744939271255,0.0012145748987854252,3.5379528999328613,2.963042974472046,0.16249790252202773,,0.7864202857017517,0.08872178941965103,,0.13006028532981873,,0.7887837290763855,0.08367893844842911,,0.127537339925766,,,,,,,,,,,,,,,,,,,,,,,,,,,,,,,,,,,,
287,8.291678976100432e-06,8.291678976100432e-05,1.0,86.05266839104729,5.1803865174989445,3.1915848190720015,3.1915848190720015,3.2680470234638936,0.0,0.0,0.29812049865722656,1.8364317610457137,0.09897732090305637,1.7555214134422508,0.07990194011378933,0.015470269564035776,0.0,1.471188107052365,383.4375791807432,0.3075912063186233,383.1300147804054,0.0,0.0,0.0,0.0,0.0,1.9127860069274902,26.130496978759766,9.523012161254883,26.453556060791016,42.68750762939453,1.009717345237732,0.6900174021720886,0.25,4.0,0.6395947933197021,0.5576716065406799,0.11447368421052631,0.0033400809716599192,1.0038820505142212,0.6919478178024292,0.31072797103206407,,0.7952108383178711,0.08641110360622406,,0.12774527072906494,,0.794621467590332,0.07941988855600357,,0.125958651304245,,,,,,,,,,,,,,,,,,,,,,,,,,,,,,,,,,,,
288,8.280086176516281e-06,8.28008617651628e-05,1.0,86.30336782094595,5.2251570418074325,3.1766477017789274,3.1766477017789274,3.248288128827069,0.0,0.0,0.29749947625237544,1.8302956658440668,0.09829140353847195,1.7461661261481207,0.0790664376439275,0.014661310492335138,0.0,1.4694977837639887,384.5624208192568,0.30939419205124313,384.2530616554054,0.0,0.0,0.0,0.0,0.0,2.557467222213745,23.314167022705078,7.653448104858398,22.189281463623047,40.57390213012695,1.0123552083969116,0.7167392373085022,0.25,4.0,0.6327000260353088,0.5736808180809021,0.1451417004048583,0.009109311740890687,1.8186122179031372,1.5943950414657593,0.1232902617886845,,0.7843880653381348,0.09373753517866135,,0.13258732855319977,,0.7812320590019226,0.08682253211736679,,0.1319454312324524,,,,,,,,,,,,,,,,,,,,,,,,,,,,,,,,,,,,
289,8.268462863997972e-06,8.268462863997972e-05,1.0,85.07606630067568,5.123675784549198,3.214045962771854,3.214045962771854,3.2941465635557434,0.0,0.0,0.2967324901271511,1.826409623429582,0.09837515934093578,1.7407964757970862,0.07886751278026684,0.015984266190915496,0.0,1.4809237299738705,378.7540646114865,0.30381243937724345,378.4502480996622,0.0,0.0,0.0,0.0,0.0,2.18294095993042,25.868572235107422,8.538037300109863,25.539705276489258,43.95661163330078,0.9969216585159302,0.6592172384262085,0.25,4.0,0.6287170052528381,0.5457912087440491,0.10425101214574899,0.010728744939271255,4.33976411819458,3.7674763202667236,0.1318707151682563,,0.7811474800109863,0.08634621649980545,,0.12969309091567993,,0.7900928854942322,0.08119155466556549,,0.1287156045436859,,,,,,,,,,,,,,,,,,,,,,,,,,,,,,,,,,,,
290,8.256809155592134e-06,8.256809155592135e-05,1.0,85.69051546663852,5.022815601245777,3.1858706087679476,3.1858706087679476,3.257291845373205,0.0,0.0,0.2961841789451805,1.843727936615815,0.09957642168612094,1.743116636533995,0.08286592122670766,0.016865403265566438,0.0,1.453010352882179,382.44898120777026,0.30459674629005223,382.1444520692568,0.0,0.0,0.0,0.0,0.0,3.2539658546447754,22.431562423706055,7.345887660980225,21.506589889526367,39.796875,1.0101025104522705,0.6853968501091003,0.25,4.0,0.6247042417526245,0.5521425604820251,0.15384615384615385,0.006174089068825911,5.729315757751465,3.6173746585845947,0.3686201264626625,,0.7727177143096924,0.09849787503480911,,0.13808168470859528,,0.7702128291130066,0.09253808856010437,,0.13724908232688904,83.10532865419492,129.94733856521398,0.21418622256652567,-15.497697180444067,83.10532882938243,99.58887866001169,116.18504155536186,145.7255279366709,30.751912798200333,60.04410635778146,155.74384142004925,0.6697737157872927,0.6747312043247096,0.5512375620070759,0.4867474956598677,0.0,0.6235516603770347,0.634400381686424,0.6525154123060125,0.6461527228044857,0.8769008097907736,0.9696969696969697,0.9917555237990546,0.37690080979077356,0.16969696969696968,0.04175552379905467,0.0005129896302810451,0.0,0.5494505494505495,0.45054945054945056,0.7957875457875458,0.9418389767735869,0.9022941918491008,0.8926740870043471,-8.06307601928711,0.0003149069380015135
291,8.245125168651482e-06,8.245125168651482e-05,1.0,84.75690851984797,5.127088804502745,3.2134226206186653,3.2134226206186653,3.2934704342403927,0.0,0.0,0.29997859130034576,1.80634390341269,0.1001617650727968,1.724449467014622,0.08078340581945471,0.015220804794414624,0.0,1.4599467097101986,377.1727723817568,0.3118173238393423,376.8609322212838,0.0,0.0,0.0,0.0,0.0,2.5652048587799072,25.73569679260254,7.623610019683838,27.77728843688965,42.604209899902344,1.0051047801971436,0.571323573589325,0.25,4.0,0.6306434273719788,0.49033230543136597,0.062246963562753034,0.0018218623481781376,1.7157480716705322,1.3428032398223877,0.217365729856265,,0.7828624844551086,0.08880776166915894,,0.1333065778017044,,0.7848987579345703,0.08340553939342499,,0.1316957175731659,,,,,,,,,,,,,,,,,,,,,,,,,,,,,,,,,,,,
292,8.233411020833634e-06,8.233411020833634e-05,1.0,85.42592641469595,5.175278122360642,3.2029552975216427,3.2029552975216427,3.2882424431878166,0.0,0.0,0.2977478181993639,1.8205805598078548,0.09919621493365313,1.7362400776631124,0.0851228430464461,0.01576220989227295,0.0,1.446546812315245,380.30138830236484,0.3338288487614812,379.9676678631757,0.0,0.0,0.0,0.0,0.0,3.7767343521118164,24.004045486450195,6.089954853057861,23.62036895751953,42.85457992553711,1.0080894231796265,0.6335954666137695,0.25,4.0,0.621147096157074,0.5129162073135376,0.10566801619433198,0.003036437246963563,5.1895036697387695,4.544757843017578,0.12424036434945748,,0.7676976919174194,0.0996447429060936,,0.14161397516727448,,0.7679513692855835,0.0933191329240799,,0.13872945308685303,,,,,,,,,,,,,,,,,,,,,,,,,,,,,,,,,,,,
293,8.221666830099928e-06,8.221666830099928e-05,1.0,85.01785525760135,5.267496057458826,3.199138538257496,3.199138538257496,3.277721714329075,0.0,0.0,0.29644736728152715,1.8070039491395693,0.09867920746674409,1.7266065236684438,0.08369934881055677,0.017664480853725125,0.0,1.4465666075010557,377.84789379222974,0.32403064418483424,377.5238334037162,0.0,0.0,0.0,0.0,0.0,2.23789381980896,27.059083938598633,8.878154754638672,28.049880981445312,44.21493148803711,1.0067709684371948,0.5721448063850403,0.25,4.0,0.6301716566085815,0.4795148968696594,0.07834008097165993,0.00020242914979757084,2.2396469116210938,1.9253814220428467,0.14031921190236923,,0.78205406665802,0.08939900249242783,,0.13455604016780853,,0.7850133776664734,0.08276606351137161,,0.1322205662727356,,,,,,,,,,,,,,,,,,,,,,,,,,,,,,,,,,,,
294,8.209892714714233e-06,8.209892714714233e-05,1.0,85.37069784628379,4.992882805901605,3.1819674517657304,3.1819674517657304,3.25866039379223,0.0,0.0,0.29802526010049357,1.8115797300596495,0.09724073796658902,1.7320991722313133,0.08161469407983728,0.015864169275438465,0.0,1.4390401066960514,381.0663270692568,0.2940645475645323,380.77224978885135,0.0,0.0,0.0,0.0,0.0,2.7939066886901855,25.747575759887695,7.727047443389893,27.40010643005371,43.27513122558594,1.0137627124786377,0.6862378120422363,0.25,4.0,0.6367865800857544,0.548738420009613,0.1326923076923077,0.0003036437246963563,8.850062370300293,8.523665428161621,0.03688075049437158,,0.790740430355072,0.08865995705127716,,0.13431529700756073,,0.7836055159568787,0.08316133916378021,,0.13323315978050232,,,,,,,,,,,,,,,,,,,,,,,,,,,,,,,,,,,,
295,8.198088793241763e-06,8.198088793241764e-05,1.0,86.83071157094595,5.157466166728252,3.1728591918945312,3.1728591918945312,3.2443361024598816,0.0,0.0,0.29634565920443146,1.8359766779719173,0.0967273389970934,1.7497987489442568,0.08074409252888448,0.016591213844917917,0.0,1.4305933359506968,387.55489864864865,0.32624412227321314,387.2286739864865,0.0,0.0,0.0,0.0,0.0,3.017026901245117,25.315410614013672,7.316534519195557,25.2915096282959,43.61454391479492,1.0117276906967163,0.7407004237174988,0.25,4.0,0.6317694783210754,0.5883822441101074,0.13876518218623482,0.0033400809716599192,6.522243499755859,5.795732498168945,0.1113897390697095,,0.7834352850914001,0.09178731590509415,,0.1367732137441635,,0.7756298184394836,0.08717097342014313,,0.13719919323921204,82.72514234270368,128.46192468622527,0.21667180569452466,-21.036331763634315,82.72514308860363,98.34356038276806,115.4698351438139,144.03862873743634,38.61197880336216,58.80162941393002,156.52786652938178,0.6459302109142592,0.673171438753166,0.5488667601281775,0.4842000412262594,0.0,0.622840596165291,0.625530921818465,0.6533971632858012,0.6428898488377498,0.8774870836539519,0.969715290755194,0.9921952291964384,0.3774870836539519,0.16971529075519398,0.04219522919643848,0.00040306328093510683,0.0,0.489010989010989,0.510989010989011,0.7866300366300366,0.9272057871733393,0.8919119448452205,0.8838119508473428,-8.06385612487793,0.0003146614180877805
296,8.186255184547876e-06,8.186255184547875e-05,1.0,85.60750765413852,4.999032922693201,3.2152852238835514,3.2152852238835514,3.2940626402158997,0.0,0.0,0.296586088232092,1.819398003655511,0.09966712384610563,1.7212571840028505,0.08356740668013289,0.016924337760822195,0.0,1.4380868447793496,382.0528135557432,0.29472796981399124,381.75812922297297,0.0,0.0,0.0,0.0,0.0,2.196709156036377,25.438297271728516,8.21095085144043,25.34095573425293,43.70832061767578,1.0094125270843506,0.6962830424308777,0.25,4.0,0.6366167664527893,0.5742104053497314,0.1152834008097166,0.0057692307692307696,3.599915027618408,3.729708194732666,-0.03605450854214327,,0.7912301421165466,0.08599300682544708,,0.13267633318901062,,0.782721757888794,0.08291175961494446,,0.1343664824962616,,,,,,,,,,,,,,,,,,,,,,,,,,,,,,,,,,,,
297,8.174392007796878e-06,8.174392007796878e-05,1.0,85.69319441511824,5.076868830500422,3.1845315469277873,3.1845315469277873,3.2598691373258024,0.0,0.0,0.29660601229281036,1.8104134636956293,0.09814419617524019,1.7273734840186867,0.08020293390428698,0.015982392671945934,0.0,1.4317066089527026,382.2601879222973,0.29878283835746144,381.9614125844595,0.0,0.0,0.0,0.0,0.0,3.880699634552002,23.517154693603516,6.060290813446045,23.254167556762695,43.359737396240234,1.0058716535568237,0.710202157497406,0.25,4.0,0.6189978718757629,0.5566871166229248,0.10890688259109312,0.009109311740890687,4.329054832458496,3.743159294128418,0.13534029043410026,,0.7650142908096313,0.09944061189889908,,0.14101111888885498,,0.7663742303848267,0.09370721876621246,,0.1399185061454773,,,,,,,,,,,,,,,,,,,,,,,,,,,,,,,,,,,,
298,8.16249938245083e-06,8.162499382450829e-05,1.0,85.0351364548142,5.439830470729518,3.1956875775311446,3.1956875775311446,3.2693906217008024,0.0,0.0,0.2976389446774045,1.8067119701488599,0.09754677720972009,1.73018893680057,0.07914695224246464,0.014785149612942257,0.0,1.43349889806799,377.1010082347973,0.3475125029280379,376.7534839527027,0.0,0.0,0.0,0.0,0.0,2.665696382522583,24.45011329650879,8.003533363342285,25.192909240722656,40.73270034790039,1.0108987092971802,0.7349938154220581,0.25,4.0,0.6205596327781677,0.5632225275039673,0.1355263157894737,0.004453441295546558,2.6694865226745605,2.2927794456481934,0.14111593140726708,,0.7670438289642334,0.09923747181892395,,0.1415005475282669,,0.7710441946983337,0.0894780233502388,,0.13947774469852448,,,,,,,,,,,,,,,,,,,,,,,,,,,,,,,,,,,,
299,8.150577428268332e-06,8.150577428268332e-05,1.0,84.65982633023648,4.92390606854413,3.21019002553579,3.21019002553579,3.279096036343961,0.0,0.0,0.29656446302259293,1.8006109289220862,0.09807930121550688,1.7094890491382495,0.07699924546319085,0.015784895097887195,0.0,1.4540014524717588,377.7602671030405,0.26774932242728566,377.49255701013516,0.0,0.0,0.0,0.0,0.0,1.684061050415039,29.20915985107422,10.481474876403809,31.414377212524414,44.73611831665039,1.006028652191162,0.5916892290115356,0.25,4.0,0.6331952214241028,0.4955770671367645,0.07823886639676113,0.0008097165991902834,0.5879484415054321,0.44859594106674194,0.23701483089551262,,0.7874772548675537,0.08286572992801666,,0.13440175354480743,,0.7919485569000244,0.07656630873680115,,0.13148516416549683,,,,,,,,,,,,,,,,,,,,,,,,,,,,,,,,,,,,
300,8.138626265303336e-06,8.138626265303335e-05,1.0,84.24804027660473,5.087017162426098,3.2899967915303,3.2899967915303,3.397637856973184,0.0,0.0,0.29816109425312765,1.802554568728885,0.09908957739134093,1.724385235760663,0.08320884446840028,0.016642507669088,0.0,1.4355607934900232,374.4538112331081,0.31391803638355154,374.14001794763516,0.0,0.0,0.0,0.0,0.0,3.1282098293304443,25.072925567626953,7.668410301208496,25.094688415527344,43.44450378417969,1.0137159824371338,0.6564610600471497,0.25,4.0,0.6230134963989258,0.5126375555992126,0.122165991902834,0.0018218623481781376,9.768446922302246,9.112588882446289,0.06714046204812496,,0.7703481912612915,0.09808895736932755,,0.1438187211751938,,0.7675724029541016,0.09042318165302277,,0.14200441539287567,91.92144435840649,140.41154253134027,0.2334274963511225,13.58947271829123,91.92144425934936,107.1448821989563,125.74292055327497,153.98006931593437,23.860633850097656,68.9563172806141,166.6807284147843,0.6527101588947065,0.6970526721812011,0.556957884781672,0.5104731676675576,0.0,0.652357570904861,0.6610224632722576,0.7198414049011256,0.6534656781045939,0.8678685280861823,0.9684511377377157,0.9917555237990546,0.3678685280861823,0.1684511377377157,0.04175552379905467,0.00042138433915942983,0.0,0.6428571428571429,0.35714285714285715,0.7866300366300366,1.0091673053882935,0.9616297693042964,0.9470709936468156,-8.064605712890625,0.0003144256479572505
301,8.126646013903917e-06,8.126646013903917e-05,1.0,85.65820972339527,5.1989469785948055,3.1775570431271114,3.1775570431271114,3.251953125,0.0,0.0,0.29596156042975347,1.8207834604624156,0.09838552088350863,1.7334466882654138,0.08357848992218843,0.01697853288135013,0.0,1.4109166119549725,381.4907622466216,0.3292544854653848,381.16150232263516,0.0,0.0,0.0,0.0,0.0,2.5720553398132324,26.24334716796875,9.106462478637695,26.922672271728516,43.69981002807617,1.005378246307373,0.6367879509925842,0.25,4.0,0.6193957924842834,0.5037096738815308,0.07874493927125506,0.002125506072874494,3.352644205093384,2.853689193725586,0.1488243251728825,,0.7661361694335938,0.09617692977190018,,0.144022136926651,,0.7710253596305847,0.08802013099193573,,0.14095449447631836,,,,,,,,,,,,,,,,,,,,,,,,,,,,,,,,,,,,
302,8.114636794711075e-06,8.114636794711075e-05,1.0,86.60376636402027,5.045684814453125,3.199019973342483,3.199019973342483,3.2749992576805322,0.0,0.0,0.2975719812754038,1.8248812701251056,0.09872196171734784,1.73214391759924,0.08251723083289894,0.018129144165966962,0.0,1.419437614647118,386.8702491554054,0.2846451321163693,386.58559438344594,0.0,0.0,0.0,0.0,0.0,2.683948040008545,24.338045120239258,8.636996269226074,24.227781295776367,40.972068786621094,1.0081850290298462,0.5715326070785522,0.25,4.0,0.6217430233955383,0.4866306483745575,0.07702429149797571,0.0057692307692307696,1.1109930276870728,0.7707663774490356,0.30623653052651456,,0.7692988514900208,0.09559369087219238,,0.14383526146411896,,0.7684292793273926,0.08982785791158676,,0.14174290001392365,,,,,,,,,,,,,,,,,,,,,,,,,,,,,,,,,,,,
303,8.102598728657515e-06,8.102598728657516e-05,1.0,85.91255806587837,5.06138734559755,3.16382021517367,3.16382021517367,3.233809187605574,0.0,0.0,0.2959680041751346,1.8146737588418496,0.09785055469822239,1.7300023259343327,0.08358088055172481,0.01779169971878464,0.0,1.41904624732765,383.5262088260135,0.31341073319718643,383.2128378378378,0.0,0.0,0.0,0.0,0.0,2.9024782180786133,25.2828426361084,7.5642828941345215,25.74001693725586,43.870845794677734,1.0100529193878174,0.7256759405136108,0.25,4.0,0.6240243911743164,0.5652329921722412,0.13228744939271256,0.0020242914979757085,3.7251570224761963,2.956760883331299,0.20627214759235227,,0.7723739147186279,0.09527912735939026,,0.1424703598022461,,0.7688450813293457,0.08921653777360916,,0.14193834364414215,,,,,,,,,,,,,,,,,,,,,,,,,,,,,,,,,,,,
304,8.090531936966428e-06,8.090531936966427e-05,1.0,86.76916173986487,5.03322663178315,3.1714640436945736,3.1714640436945736,3.2412585696658573,0.0,0.0,0.29723881386421824,1.8299735816749367,0.09761742643407874,1.7307287680136192,0.08202173258807208,0.01799392216914409,0.0,1.4025719101364549,387.9005489864865,0.30283768112595016,387.5976826435811,0.0,0.0,0.0,0.0,0.0,2.3027939796447754,27.427738189697266,8.655570983886719,27.668996810913086,46.15619659423828,1.0079048871994019,0.7019211649894714,0.25,4.0,0.6288517117500305,0.5635218620300293,0.11589068825910931,0.005161943319838057,2.914336681365967,1.917877435684204,0.34191631051176846,,0.7802222967147827,0.0887584313750267,,0.14015647768974304,,0.7761523723602295,0.08412294834852219,,0.1397247165441513,,,,,,,,,,,,,,,,,,,,,,,,,,,,,,,,,,,,
305,8.078436541150269e-06,8.078436541150268e-05,1.0,85.60986987964527,4.911447885874155,3.1577362885346285,3.1577362885346285,3.2295008478937923,0.0,0.0,0.2976561108150998,1.80246487179318,0.09715026133769267,1.725559440818993,0.08428441511618125,0.0165552915753545,0.0,1.414277257146062,382.8059543918919,0.27625988625191356,382.52963999155406,0.0,0.0,0.0,0.0,0.0,2.000958204269409,28.374723434448242,9.8080472946167,30.26997184753418,45.35194778442383,1.0078401565551758,0.7253450751304626,0.25,4.0,0.6278036832809448,0.5650855302810669,0.12206477732793522,0.005870445344129555,4.4871320724487305,4.367353439331055,0.02669380601768422,,0.7789409756660461,0.08835670351982117,,0.14071445167064667,,0.7813855409622192,0.0804370641708374,,0.13817736506462097,95.85168184552874,142.06884533466604,0.251615651505751,20.52833972134433,95.85168403383669,110.4849625866531,127.38856574753535,154.50974422766745,32.66387176513672,73.59537630302961,167.88164022694463,0.6265602869730273,0.7052557679584985,0.5563823314815203,0.5095628534839557,0.0,0.6618571020328805,0.6551413245574453,0.7003422859131802,0.6477726849494326,0.8680150965519768,0.9684511377377157,0.9926898977684951,0.36801509655197684,0.1684511377377157,0.04268989776849519,0.00032977904803781465,0.0,0.6153846153846154,0.38461538461538464,0.7564102564102565,1.015457957819268,0.9707068114817797,0.9567788387392904,-8.063674926757812,0.0003147183742839843
306,8.066312663009543e-06,8.066312663009543e-05,1.0,87.02233556798987,5.168766743427998,3.180831496779983,3.180831496779983,3.2586830757759713,0.0,0.0,0.29712079022381754,1.8347784506308067,0.09834189672727843,1.7436704893369932,0.08245809658153637,0.017071472631918418,0.0,1.4024761303051099,388.4236697635135,0.3276879336382892,388.09601984797297,0.0,0.0,0.0,0.0,0.0,1.8494259119033813,29.38335609436035,10.52249813079834,31.846817016601562,45.26345443725586,1.008648157119751,0.6244927048683167,0.25,4.0,0.629601001739502,0.5107697248458862,0.09767206477732794,0.0033400809716599192,1.2531039714813232,0.8635507225990295,0.31087065219480053,,0.7817150354385376,0.08630245923995972,,0.14104191958904266,,0.7820858955383301,0.07948097586631775,,0.1384330540895462,,,,,,,,,,,,,,,,,,,,,,,,,,,,,,,,,,,,
307,8.054160424631568e-06,8.054160424631568e-05,1.0,85.0465186866554,5.0315444533889355,3.165767360377956,3.165767360377956,3.232795509132179,0.0,0.0,0.29740570686958934,1.80434850744299,0.09818017804944837,1.7226895512761295,0.08284604871595228,0.016565649896054656,0.0,1.4102086247624577,379.35430743243245,0.278563911850388,379.0756967905405,0.0,0.0,0.0,0.0,0.0,2.7348403930664062,24.658355712890625,9.213807106018066,24.227781295776367,41.374149322509766,1.016297698020935,0.6977326273918152,0.25,3.96138858795166,0.619145393371582,0.5329699516296387,0.1396761133603239,0.0,5.21988582611084,4.358352184295654,0.16504836897114378,,0.7645583152770996,0.10022464394569397,,0.15006989240646362,,0.7606655359268188,0.09183763712644577,,0.14749687910079956,,,,,,,,,,,,,,,,,,,,,,,,,,,,,,,,,,,,
308,8.041979948389248e-06,8.041979948389248e-05,1.0,85.4062697951858,5.057614713101773,3.20044130892367,3.20044130892367,3.283016926533467,0.0,0.0,0.2974365079725111,1.7968756185995567,0.09764182245409167,1.716524381895323,0.08241260373914563,0.016850399004446494,0.0,1.3939571896114864,380.8681376689189,0.2925923321698163,380.5755912162162,0.0,0.0,0.0,0.0,0.0,2.03439998626709,28.984033584594727,9.562149047851562,30.86699676513672,47.158565521240234,1.0117838382720947,0.7254480719566345,0.25,4.0,0.6326829791069031,0.5789356231689453,0.1360323886639676,0.004048582995951417,6.774423599243164,6.480222225189209,0.043428251827479926,,0.7857197523117065,0.08615375310182571,,0.14086255431175232,,0.7761987447738647,0.08203300088644028,,0.14176830649375916,,,,,,,,,,,,,,,,,,,,,,,,,,,,,,,,,,,,
309,8.029771356939846e-06,8.029771356939846e-05,1.0,86.24467509501689,5.134076505093961,3.1702981897302576,3.1702981897302576,3.245953740300359,0.0,0.0,0.29639233769597234,1.8206358213682432,0.09727469650474754,1.7201839137721706,0.0817115693478971,0.01687125740824519,0.0,1.3908509950380068,384.80642947635135,0.32259796761177684,384.4838471283784,0.0,0.0,0.0,0.0,0.0,2.3984837532043457,27.312841415405273,8.638681411743164,26.609012603759766,47.343135833740234,1.0125255584716797,0.6357704401016235,0.25,4.0,0.6323842406272888,0.5351715087890625,0.1090080971659919,0.0015182186234817814,1.830505609512329,1.5129129886627197,0.17349994405874575,,0.7852539420127869,0.08641602098941803,,0.14126461744308472,,0.7729564905166626,0.08464892953634262,,0.1423945426940918,,,,,,,,,,,,,,,,,,,,,,,,,,,,,,,,,,,,
310,8.01753477322374e-06,8.01753477322374e-05,1.0,85.45012273015203,5.16342493005701,3.207906774572424,3.207906774572424,3.284876024400866,0.0,0.0,0.29644749615643473,1.804284379288957,0.09763606818946632,1.71148258930928,0.08277505152934306,0.016610414595217317,0.0,1.3983214094832137,380.5192409206081,0.3082051148285737,380.2110430743243,0.0,0.0,0.0,0.0,0.0,2.399367094039917,27.006505966186523,9.865684509277344,27.18687629699707,44.73611831665039,1.0085731744766235,0.6974497437477112,0.25,4.0,0.617729663848877,0.53395015001297,0.13481781376518218,0.005566801619433198,1.3406487703323364,0.9668845534324646,0.27879354024038566,,0.7638757824897766,0.0959242731332779,,0.14752258360385895,,0.7674916982650757,0.08725399523973465,,0.14525428414344788,91.69662033332573,139.8406766557179,0.2330119514471424,2.5900812463445977,91.69662082747719,104.71678161155836,122.16255269640357,150.4344092492665,22.19057900565011,69.15197786434676,165.4966457201087,0.5610565548132375,0.6908839879987799,0.5577208195867637,0.5087063609552385,0.0,0.6421747001538942,0.6589841373694327,0.6755279328833304,0.6469195426428307,0.8743358616393683,0.9682129639807995,0.9915906342750357,0.3743358616393683,0.16821296398079943,0.04159063427503573,0.0001465684657945843,0.0,0.5824175824175825,0.4175824175824176,0.8012820512820513,0.9871718474141844,0.9437599932099436,0.9314027287802853,-8.06479549407959,0.00031436598510481417
311,8.005270320463192e-06,8.005270320463192e-05,1.0,85.3399559227196,5.018190950960727,3.177606118691934,3.177606118691934,3.26055062783731,0.0,0.0,0.2976143553450301,1.7906933346310177,0.09762024879455566,1.72222054971231,0.07967051299842628,0.015644415004833323,0.0,1.3930620760531038,380.8559438344595,0.2875416987651103,380.5683329814189,0.0,0.0,0.0,0.0,0.0,2.6782944202423096,26.214588165283203,7.989474773406982,25.2915096282959,45.7970085144043,1.0089184045791626,0.7603670358657837,0.25,4.0,0.6192836761474609,0.5942586064338684,0.15465587044534412,0.00840080971659919,2.5264415740966797,1.9787358045578003,0.21678940655285475,,0.7661438584327698,0.0948147401213646,,0.1473003774881363,,0.7607094049453735,0.09067091345787048,,0.1486196219921112,,,,,,,,,,,,,,,,,,,,,,,,,,,,,,,,,,,,
312,7.992978122161107e-06,7.992978122161107e-05,1.0,84.74641047297297,4.940375663138725,3.207094347154772,3.207094347154772,3.2793350219726562,0.0,0.0,0.2965139698337864,1.7963617685678843,0.09783073373743005,1.7169517310889992,0.0839378447146029,0.0170686116089692,0.0,1.3928014394399282,378.1204075168919,0.25620542990194783,377.8642314189189,0.0,0.0,0.0,0.0,0.0,2.613626003265381,27.142803192138672,8.131155967712402,27.77728843688965,46.883052825927734,1.006765365600586,0.7399992346763611,0.25,4.0,0.6260481476783752,0.5916370749473572,0.11447368421052631,0.0038461538461538464,2.7643985748291016,2.393475294113159,0.1341786542987468,,0.7764856815338135,0.08842185139656067,,0.14432308077812195,,0.7712264060974121,0.08506262302398682,,0.14371100068092346,,,,,,,,,,,,,,,,,,,,,,,,,,,,,,,,,,,,
313,7.980658302099786e-06,7.980658302099785e-05,1.0,86.51396880278716,5.218649786871833,3.16097692541174,3.16097692541174,3.2371434392155827,0.0,0.0,0.295491682516562,1.8289114462362754,0.09889280473863757,1.7428638355152026,0.08567549731280352,0.018614153604249697,0.0,1.3783482731999577,385.73904666385135,0.3015200640704181,385.4374736064189,0.0,0.0,0.0,0.0,0.0,3.9647653102874756,25.998321533203125,6.565547943115234,24.99685287475586,46.60914993286133,1.0088748931884766,0.6558680534362793,0.25,4.0,0.6193966269493103,0.5264620780944824,0.1097165991902834,0.0027327935222672063,10.414710998535156,9.30642318725586,0.10641560878983383,,0.7657039165496826,0.09704259783029556,,0.1485459804534912,,0.7555840015411377,0.09438953548669815,,0.15002645552158356,,,,,,,,,,,,,,,,,,,,,,,,,,,,,,,,,,,,
314,7.968310984339677e-06,7.968310984339676e-05,1.0,87.28289959881756,5.232922528241132,3.170481707598712,3.170481707598712,3.2513819514094173,0.0,0.0,0.29663176149935333,1.8260671254750844,0.09687530672228015,1.7400918909021326,0.08348242656604664,0.017391971639684728,0.0,1.3850640992860537,389.4733424831081,0.3170951637061867,389.1561972128378,0.0,0.0,0.0,0.0,0.0,4.265387058258057,23.156360626220703,7.698424339294434,21.548635482788086,41.943695068359375,1.0106710195541382,0.6454774737358093,0.25,4.0,0.6020704507827759,0.493789941072464,0.10840080971659918,0.00010121457489878542,7.982961654663086,6.201568603515625,0.2231493934468414,,0.7394152283668518,0.11200380325317383,,0.15873625874519348,,0.737510085105896,0.10472685843706131,,0.15776309370994568,,,,,,,,,,,,,,,,,,,,,,,,,,,,,,,,,,,,
315,7.955936293218135e-06,7.955936293218135e-05,1.0,84.40453441722973,4.951583037505278,3.2281333304740287,3.2281333304740287,3.316351400839316,0.0,0.0,0.2961691779059333,1.7906329180743243,0.09695225148587613,1.7216415405273438,0.08273328317178262,0.017817788832896465,0.0,1.3917536348909945,376.2547508445946,0.2730801298811629,375.98168285472974,0.0,0.0,0.0,0.0,0.0,2.0720620155334473,28.76356315612793,9.981977462768555,29.7716064453125,47.250762939453125,1.0060621500015259,0.6853377223014832,0.25,4.0,0.6235979199409485,0.5442579984664917,0.09706477732793523,0.0038461538461538464,1.5518001317977905,1.0839344263076782,0.3014986891050723,,0.7732236981391907,0.08884438872337341,,0.14460265636444092,,0.774371862411499,0.08200562000274658,,0.1436225026845932,82.16050250713641,129.30337644932425,0.21526732554058756,-10.179109175126632,82.1605024304181,96.81963803226088,114.13709514965085,144.13442180595388,29.101429530552455,62.23047596539638,146.1254358706267,0.489448470913628,0.675238646239543,0.5622441213175179,0.5035747092602119,0.0,0.6235150090878021,0.6364597981620657,0.64448932566019,0.6426413412461742,0.8772855520134843,0.9689274852515481,0.9917005606243816,0.37728555201348435,0.1689274852515481,0.041700560624381655,5.496317467296911e-05,0.0,0.5714285714285714,0.42857142857142855,0.8287545787545788,0.9438989554623981,0.9030130674223323,0.8916621842718386,-8.064478874206543,0.0003144655202049762
316,7.943534353348162e-06,7.943534353348161e-05,1.0,84.39416833826013,4.976015245592272,3.2090365435626054,3.2090365435626054,3.2889567194758236,0.0,0.0,0.29609064153722814,1.7755661010742188,0.09749704438286859,1.709669370908995,0.08371413076246106,0.016604141609088796,0.0,1.3914566040039062,376.2017525337838,0.2836988036696975,375.9180479307432,0.0,0.0,0.0,0.0,0.0,2.1122241020202637,29.084375381469727,9.844513893127441,30.26997184753418,47.250762939453125,1.0093337297439575,0.7383312582969666,0.25,4.0,0.6236919164657593,0.5704662203788757,0.12813765182186235,0.006174089068825911,1.3818135261535645,1.0629563331604004,0.2307526934410169,,0.7730799913406372,0.08952035009860992,,0.1466866433620453,,0.7714552879333496,0.08304102718830109,,0.1455036699771881,,,,,,,,,,,,,,,,,,,,,,,,,,,,,,,,,,,,
317,7.931105289617156e-06,7.931105289617156e-05,1.0,84.10277000633445,5.110164333034206,3.1637734078072213,3.1637734078072213,3.2319711221231,0.0,0.0,0.29637687270705765,1.7716784090609163,0.09816647220302273,1.7113042264371305,0.08257584314088563,0.015591405533455513,0.0,1.3917293033084355,374.3051097972973,0.28045393969561605,374.02465160472974,0.0,0.0,0.0,0.0,0.0,3.0347707271575928,26.23967742919922,8.488157272338867,25.14375114440918,45.985206604003906,1.010177493095398,0.7499844431877136,0.25,4.0,0.6113690733909607,0.56069415807724,0.15323886639676113,0.004251012145748988,3.2687575817108154,2.262096405029297,0.3079644640257012,,0.7540319561958313,0.10174515843391418,,0.1535400003194809,,0.7551871538162231,0.09274174273014069,,0.15207111835479736,,,,,,,,,,,,,,,,,,,,,,,,,,,,,,,,,,,,
318,7.918649227185646e-06,7.918649227185645e-05,1.0,85.58869562922297,5.050128421267948,3.177319707097234,3.177319707097234,3.2464339797561235,0.0,0.0,0.2946031415784681,1.8101594254777238,0.09735603590269347,1.7124636882060282,0.0838671503840266,0.016984406355265026,0.0,1.3779395850929055,381.9315878378378,0.28579240231900604,381.64571896114865,0.0,0.0,0.0,0.0,0.0,2.7664906978607178,28.269983291625977,8.893776893615723,28.46380615234375,48.08868408203125,1.0113223791122437,0.7754963040351868,0.25,4.0,0.6197845935821533,0.5848637223243713,0.1396761133603239,0.009109311740890687,3.655869960784912,2.961254358291626,0.19000008477986258,,0.7666072249412537,0.09513649344444275,,0.1493624895811081,,0.7662481665611267,0.08626370131969452,,0.14748816192150116,,,,,,,,,,,,,,,,,,,,,,,,,,,,,,,,,,,,
319,7.906166291486047e-06,7.906166291486048e-05,1.0,85.95065060177365,5.02110496727196,3.169303481643264,3.169303481643264,3.240152101258974,0.0,0.0,0.29631509007634343,1.8116778811892948,0.09753079672117491,1.7255036637589738,0.08054161716151882,0.016562666441943194,0.0,1.3781417640479836,383.91620038006755,0.2918844223022461,383.62426097972974,0.0,0.0,0.0,0.0,0.0,1.6609935760498047,30.81211280822754,11.201141357421875,32.98634719848633,47.99485397338867,1.0049855709075928,0.6644787788391113,0.25,4.0,0.6259159445762634,0.5370638966560364,0.12024291497975709,0.008299595141700405,0.8026225566864014,0.5941019058227539,0.259799141111256,,0.7775471806526184,0.0829969123005867,,0.14508411288261414,,0.780782163143158,0.07690198719501495,,0.14231589436531067,,,,,,,,,,,,,,,,,,,,,,,,,,,,,,,,,,,,
320,7.893656608221384e-06,7.893656608221385e-05,1.0,85.16302655194256,5.1120588972761825,3.1850899361275338,3.1850899361275338,3.2612927411053634,0.0,0.0,0.2963113784790039,1.7925012949350718,0.09731047217910355,1.7247900060705237,0.0811826989457414,0.016475759647987986,0.0,1.380625853667388,379.4622043918919,0.29108947032206767,379.17113597972974,0.0,0.0,0.0,0.0,0.0,1.699019432067871,31.326820373535156,10.899008750915527,32.474937438964844,50.00431823730469,1.0047581195831299,0.5957924127578735,0.25,4.0,0.628790557384491,0.5125134587287903,0.06346153846153846,0.0006072874493927126,0.709415853023529,0.5287889838218689,0.254613522423877,,0.7815409898757935,0.08191458880901337,,0.14417774975299835,,0.7807798385620117,0.07739374786615372,,0.14182645082473755,83.19404583186893,127.47271917883431,0.22179456702809885,-28.85070932828463,83.19404750349992,96.68147364436635,113.16450106851876,141.49948180075282,39.4753303527832,60.600878220195916,153.20599431576937,0.4737808940770202,0.6785203102056679,0.5629457539663952,0.5110540961153249,0.0,0.630167262517544,0.6409216320252876,0.6578016835600989,0.636966223155664,0.8767908834414275,0.9678099006998644,0.9915173500421385,0.3767908834414275,0.16780990069986434,0.04151735004213852,3.6642116448646074e-05,0.0,0.46703296703296704,0.532967032967033,0.8003663003663005,0.9074245763349009,0.8769442213105632,0.8701284603103177,-8.065876007080078,0.00031402657623402774
321,7.881120303364025e-06,7.881120303364025e-05,1.0,85.7041015625,5.120289158176732,3.211515271985853,3.211515271985853,3.2894532487199113,0.0,0.0,0.29715179752659154,1.8010818893845018,0.09764479302071236,1.714803747228674,0.08170200682975151,0.01599466478502428,0.0,1.3824121629869617,381.9920291385135,0.3089345210307353,381.6831450591216,0.0,0.0,0.0,0.0,0.0,2.1834206581115723,29.72896957397461,8.982807159423828,31.109086990356445,48.95099639892578,1.0169707536697388,0.7344405055046082,0.25,4.0,0.6279581785202026,0.566973090171814,0.15040485829959513,0.002226720647773279,3.5299782752990723,3.0379104614257812,0.1393968391580544,,0.7780744433403015,0.09094946831464767,,0.14969907701015472,,0.770835280418396,0.08263720571994781,,0.1465274691581726,,,,,,,,,,,,,,,,,,,,,,,,,,,,,,,,,,,,
322,7.868557503154422e-06,7.868557503154421e-05,1.0,84.79535077069256,4.967404752164273,3.174257639292124,3.174257639292124,3.2444546673748946,0.0,0.0,0.2957385037396405,1.8003672006967906,0.09819062336071117,1.718862482019373,0.08373674186500343,0.0170998798834311,0.0,1.3753886867213894,378.39474239864865,0.28458458668476827,378.11016680743245,0.0,0.0,0.0,0.0,0.0,2.5987539291381836,29.22496223449707,8.982807159423828,30.329153060913086,48.65553665161133,1.0039591789245605,0.6805588603019714,0.25,4.0,0.6182646155357361,0.5360457301139832,0.1034412955465587,0.006376518218623482,2.741779088973999,2.2140579223632812,0.1924739920633782,,0.7655545473098755,0.09132960438728333,,0.14917980134487152,,0.7690286636352539,0.08500012755393982,,0.14597120881080627,,,,,,,,,,,,,,,,,,,,,,,,,,,,,,,,,,,,
323,7.855968334099833e-06,7.855968334099833e-05,1.0,84.07355231207771,5.004401954444679,3.1958496506149703,3.1958496506149703,3.2652674494562923,0.0,0.0,0.29733748049349396,1.765988117939717,0.09840458148234599,1.6995179459855363,0.08219682203756797,0.016764297678663925,0.0,1.388588570259713,374.54333826013516,0.26526051598626216,374.2780299831081,0.0,0.0,0.0,0.0,0.0,3.686361312866211,24.580062866210938,8.291528701782227,24.13332748413086,42.02569580078125,1.016661286354065,0.6484031081199646,0.25,4.0,0.6072044372558594,0.4988495409488678,0.13582995951417004,0.0015182186234817814,5.704921722412109,5.402446746826172,0.05302000453356746,,0.7463021278381348,0.11036704480648041,,0.16058467328548431,,0.7392222881317139,0.10169154405593872,,0.15908615291118622,,,,,,,,,,,,,,,,,,,,,,,,,,,,,,,,,,,,
324,7.843352922973051e-06,7.84335292297305e-05,1.0,84.9712112014358,4.998430819124789,3.1871787406302787,3.1871787406302787,3.261427595808699,0.0,0.0,0.29607074325149124,1.7822894534549198,0.0967115389334189,1.7160148620605469,0.0812819648433376,0.017168344678105536,0.0,1.3816146850585938,379.07976140202703,0.2850704708614865,378.79468433277026,0.0,0.0,0.0,0.0,0.0,2.003295660018921,29.40361785888672,9.980030059814453,30.74665641784668,48.56059646606445,1.0109251737594604,0.6613005995750427,0.25,4.0,0.6334000825881958,0.5500568151473999,0.11720647773279352,0.0020242914979757085,1.0175557136535645,0.7303537130355835,0.2822469539154505,,0.7873216867446899,0.08271963894367218,,0.14328762888908386,,0.7802528142929077,0.07822515070438385,,0.14152196049690247,,,,,,,,,,,,,,,,,,,,,,,,,,,,,,,,,,,,
325,7.830711396811129e-06,7.830711396811128e-05,1.0,84.61050332559121,5.185000857791385,3.2219405303130277,3.2219405303130277,3.302963050636085,0.0,0.0,0.29586005855251,1.7925996522645693,0.0984348219794196,1.7109113126187712,0.08015574635686101,0.016266956522658065,0.0,1.39548667701515,376.1640097128378,0.2996371758950723,375.8643633868243,0.0,0.0,0.0,0.0,0.0,3.3710477352142334,26.79329490661621,8.372897148132324,26.043434143066406,46.42744064331055,1.0089116096496582,0.6597293019294739,0.25,4.0,0.6104137301445007,0.5102396607398987,0.10850202429149798,0.003137651821862348,4.6172919273376465,3.5892369747161865,0.22265322808260068,,0.7524033188819885,0.10312677919864655,,0.1550593227148056,,0.752768874168396,0.0945172905921936,,0.1527138352394104,86.31106125129448,131.6523403799891,0.22646868116235822,-34.4707089308854,86.31106010421514,99.2225170457029,114.97396313695994,142.6851735439343,37.27467509678432,61.901335664497786,162.22648089864978,0.4404869711281513,0.6847569577887993,0.5653587288416755,0.5204941266543068,0.0,0.6399931501883814,0.6515304406783816,0.653890207066966,0.6362364418487557,0.877157304605914,0.9676450111758456,0.9911142867612033,0.377157304605914,0.16764501117584552,0.04111428676120332,3.6642116448646074e-05,0.0,0.4340659340659341,0.5659340659340659,0.7646520146520146,0.9065270029254012,0.8789666630737074,0.8733010053798392,-8.065814018249512,0.00031404601759277284
326,7.81804388291409e-06,7.818043882914089e-05,1.0,86.84520164695945,5.105891872096706,3.1599894343195736,3.1599894343195736,3.2397675385346285,0.0,0.0,0.2960208171122783,1.8134435705236487,0.09641669247601484,1.726602605871252,0.08323735804171176,0.01814674847834819,0.0,1.3593869595914274,388.0067567567568,0.3073290489815377,387.6993507179054,0.0,0.0,0.0,0.0,0.0,2.2320897579193115,29.874231338500977,11.397553443908691,31.230844497680664,47.06654739379883,1.0079416036605835,0.6534254550933838,0.25,4.0,0.6127278208732605,0.49645522236824036,0.1048582995951417,0.003137651821862348,1.445077896118164,0.8783347606658936,0.3921886404703044,,0.7568713426589966,0.09692879766225815,,0.15421593189239502,,0.765295147895813,0.08634886145591736,,0.14835602045059204,,,,,,,,,,,,,,,,,,,,,,,,,,,,,,,,,,,,
327,7.80535050884366e-06,7.805350508843659e-05,1.0,85.55946473817568,4.999799573743665,3.1965329969251477,3.1965329969251477,3.273284912109375,0.0,0.0,0.29619745306066564,1.78651778762405,0.09563612937927246,1.706350481187975,0.08081776386982686,0.017427454123625886,0.0,1.370550722689242,381.9767208614865,0.271993688634924,381.70473500844594,0.0,0.0,0.0,0.0,0.0,2.7923128604888916,27.972387313842773,9.523012161254883,27.77728843688965,47.43569564819336,1.01363205909729,0.7106755971908569,0.25,4.0,0.6162911653518677,0.5385164618492126,0.12854251012145748,0.000708502024291498,2.3396377563476562,1.7863843441009521,0.23646968884207642,,0.7607970833778381,0.10031083971261978,,0.15150325000286102,,0.7636261582374573,0.08885782957077026,,0.14751601219177246,,,,,,,,,,,,,,,,,,,,,,,,,,,,,,,,,,,,
328,7.792631402421977e-06,7.792631402421977e-05,1.0,85.30726747255068,5.090911865234375,3.1982912630648226,3.1982912630648226,3.282093769795186,0.0,0.0,0.2973973300005939,1.8015328484612543,0.09817082173115499,1.7261481413970123,0.07915205568880648,0.017003136712151604,0.0,1.3899931005529456,380.2118876689189,0.30422099860938817,379.9077280405405,0.0,0.0,0.0,0.0,0.0,2.0644357204437256,30.23181915283203,10.963057518005371,32.6657829284668,46.60914993286133,1.0083670616149902,0.6600582003593445,0.25,4.0,0.6201304793357849,0.5148621201515198,0.10910931174089068,0.0037449392712550606,0.9185067415237427,0.6912811994552612,0.24738581852053598,,0.7680241465568542,0.09117598831653595,,0.14847706258296967,,0.7718824148178101,0.08281785994768143,,0.14529970288276672,,,,,,,,,,,,,,,,,,,,,,,,,,,,,,,,,,,,
329,7.7798866917303e-06,7.779886691730299e-05,1.0,86.40654032939189,5.068299164643159,3.139040147936022,3.139040147936022,3.20729044321421,0.0,0.0,0.29481691927523224,1.8108611235747467,0.09732921059067184,1.7292474282754433,0.0854415378055057,0.018882968941250362,0.0,1.3526617514120567,386.1043338260135,0.28140730471224396,385.82289907094594,0.0,0.0,0.0,0.0,0.0,2.186464786529541,28.890275955200195,9.580842971801758,30.03441047668457,46.974708557128906,1.0067633390426636,0.7235137224197388,0.25,4.0,0.6224839687347412,0.5891319513320923,0.11791497975708502,0.009210526315789473,3.912365436553955,3.7159619331359863,0.05020070507292965,,0.7714381217956543,0.08960548043251038,,0.1480514109134674,,0.7661124467849731,0.08568413555622101,,0.14820343255996704,,,,,,,,,,,,,,,,,,,,,,,,,,,,,,,,,,,,
330,7.767116505107723e-06,7.767116505107724e-05,1.0,85.36507601351352,4.997594060124578,3.15642279547614,3.15642279547614,3.2206996196025126,0.0,0.0,0.2961389954025681,1.7878356108794342,0.09747523874849887,1.70817400958087,0.0815623579798518,0.015930285324921478,0.0,1.3796337230785474,381.20932749155406,0.2740506868104677,380.93530933277026,0.0,0.0,0.0,0.0,0.0,3.726968765258789,25.52155113220215,8.963531494140625,23.11831283569336,45.70764923095703,1.0160773992538452,0.6760902404785156,0.25,4.0,0.6046687960624695,0.5163719654083252,0.14544534412955465,0.004352226720647773,3.7873075008392334,2.382845640182495,0.3708338602940274,,0.7426354289054871,0.11203578114509583,,0.16092337667942047,,0.739254355430603,0.10247316211462021,,0.15827246010303497,90.45167118114429,133.21731128572128,0.24120900156960284,5.86788072690859,90.4516711790229,105.14518321805333,122.63517465078986,150.88405997674903,32.56248801095145,71.52255804963814,152.34471196713656,0.4510032785761233,0.7039911336791937,0.5701865048478225,0.5310554697826324,0.0,0.66074209367575,0.6698937673716246,0.6744157805108192,0.6432711929434192,0.8697555970832875,0.9667289582646293,0.9914990289839141,0.36975559708328753,0.1667289582646293,0.04149902898391411,3.6642116448646074e-05,0.0,0.5439560439560439,0.45604395604395603,0.8003663003663003,0.9759316432115795,0.9390746401725235,0.9283303324501593,-8.066030502319336,0.00031397806014865637
331,7.754320971149887e-06,7.754320971149887e-05,1.0,83.47257047086148,4.921157012114653,3.184853012497361,3.184853012497361,3.26019101529508,0.0,0.0,0.2962685662346917,1.7548203339447845,0.09730540739523398,1.6961216282200169,0.07832012949763117,0.015426260394019049,0.0,1.3884883571315456,372.0380067567568,0.27339512593037374,371.7646484375,0.0,0.0,0.0,0.0,0.0,2.1278090476989746,30.830509185791016,9.504430770874023,32.92198181152344,50.10207748413086,1.0112025737762451,0.8006056547164917,0.25,4.0,0.6278777122497559,0.6135653853416443,0.155668016194332,0.007894736842105263,2.3633861541748047,1.7056388854980469,0.2783071515904753,,0.7787815928459167,0.08825540542602539,,0.1461723893880844,,0.7740880250930786,0.08122481405735016,,0.1446872055530548,,,,,,,,,,,,,,,,,,,,,,,,,,,,,,,,,,,,
332,7.741500218707673e-06,7.741500218707674e-05,1.0,84.85046716638513,4.994297749287373,3.185314075366871,3.185314075366871,3.2614828573690877,0.0,0.0,0.2968570090628959,1.7933673343142948,0.09833386782053355,1.7152568714038745,0.0837206711640229,0.017881085743775237,0.0,1.3722983695365287,378.48854518581084,0.2650732607454867,378.2234744510135,0.0,0.0,0.0,0.0,0.0,2.5707108974456787,28.47504425048828,8.689447402954102,28.2147159576416,49.2386589050293,1.0224647521972656,0.8500557541847229,0.25,4.0,0.6265846490859985,0.6288002133369446,0.21842105263157896,0.007793522267206478,2.8653712272644043,2.578737258911133,0.1000337986317129,,0.7747834920883179,0.09736379235982895,,0.15016895532608032,,0.7666172385215759,0.08578818291425705,,0.1475946009159088,,,,,,,,,,,,,,,,,,,,,,,,,,,,,,,,,,,,
333,7.72865437688592e-06,7.728654376885918e-05,1.0,86.40901472761824,5.061241356102196,3.1613561269399284,3.1613561269399284,3.229908092601879,0.0,0.0,0.29524460354366816,1.8146488086597339,0.09633278846740723,1.7231418506519214,0.08378244735099175,0.017288485088863888,0.0,1.368310361295133,386.0435494087838,0.30673148180987386,385.7368032094595,0.0,0.0,0.0,0.0,0.0,1.666215419769287,31.27408790588379,10.605026245117188,33.18019485473633,48.845970153808594,1.0116808414459229,0.7591388821601868,0.25,4.0,0.6301053762435913,0.5928797721862793,0.14554655870445343,0.002834008097165992,0.9495804309844971,0.6803990602493286,0.28347400804804823,,0.7825631499290466,0.08442492038011551,,0.14574207365512848,,0.780225932598114,0.07693715393543243,,0.14283694326877594,,,,,,,,,,,,,,,,,,,,,,,,,,,,,,,,,,,,
334,7.715783575042108e-06,7.715783575042108e-05,1.0,83.78944520692568,5.017120361328125,3.249095195048564,3.249095195048564,3.340914752032306,0.0,0.0,0.2967173859879777,1.7739369160420186,0.09824822400067304,1.6954933372703758,0.08017431723104941,0.017023041441633895,0.0,1.3795021675728463,372.7977459881757,0.24882826933989655,372.5489336993243,0.0,0.0,0.0,0.0,0.0,2.4952876567840576,27.257783889770508,9.672977447509766,27.668996810913086,44.21493148803711,1.0082513093948364,0.7679707407951355,0.25,4.0,0.6132307648658752,0.5835244059562683,0.14554655870445343,0.009210526315789473,1.4888757467269897,1.1765923500061035,0.20974443126458464,,0.7576330900192261,0.09681626409292221,,0.15246686339378357,,0.7586274147033691,0.08932062983512878,,0.15205195546150208,,,,,,,,,,,,,,,,,,,,,,,,,,,,,,,,,,,,
335,7.70288794278507e-06,7.70288794278507e-05,1.0,85.2777198585304,5.099777634079392,3.1621143237964526,3.1621143237964526,3.2344216011665963,0.0,0.0,0.29491138458251953,1.7921823037637246,0.09713692922849913,1.7178118937724345,0.08094919050062024,0.017502448043307743,0.0,1.37355629173485,380.22439822635135,0.3162650546512088,379.9081503378378,0.0,0.0,0.0,0.0,0.0,2.116171360015869,30.076093673706055,10.33914852142334,29.39602279663086,50.99056625366211,1.0176702737808228,0.7241796851158142,0.25,4.0,0.6300793886184692,0.577750027179718,0.16882591093117408,0.00465587044534413,1.8218740224838257,1.257365107536316,0.30985068560223206,,0.7815180420875549,0.08818590641021729,,0.14831484854221344,,0.7697123289108276,0.08274726569652557,,0.14754043519496918,84.2694764818464,136.12434337035563,0.21172019197716271,-39.219783720079356,84.26947860135454,98.68318264967799,114.97768642095049,142.63908518783427,32.83114896501814,57.55583409745564,167.01139300802478,0.35499430736912946,0.6751002648439077,0.5668592881244787,0.51994206430874,0.0,0.6259738012643978,0.649835614677661,0.6340015066710776,0.6421268830504857,0.877322194129933,0.9666190319152834,0.9901432706753142,0.37732219412993295,0.16661903191528338,0.0401432706753142,1.8321058224323037e-05,0.0,0.4230769230769231,0.5769230769230769,0.8342490842490843,0.9108827481721784,0.8821312732748933,0.8762419805913181,-8.065995216369629,0.0003139891196042299
336,7.689967609973683e-06,7.689967609973682e-05,1.0,84.00225665118244,5.05384331780511,3.193007185652449,3.193007185652449,3.2676026627824113,0.0,0.0,0.29605045834103144,1.7839351344752956,0.09736709336976747,1.7094582222603463,0.08165333722088788,0.016963589835811307,0.0,1.3784849837019637,373.93327702702703,0.29665928917962153,373.6366659628378,0.0,0.0,0.0,0.0,0.0,2.509232521057129,30.440244674682617,9.267952919006348,31.69171142578125,50.593753814697266,1.013437032699585,0.7269287109375,0.25,4.0,0.6261328458786011,0.5694019794464111,0.13168016194331983,0.0020242914979757085,7.159730911254883,6.471303939819336,0.09615263198695921,,0.776085615158081,0.08960920572280884,,0.1488519012928009,,0.767622709274292,0.0834086686372757,,0.14896857738494873,,,,,,,,,,,,,,,,,,,,,,,,,,,,,,,,,,,,
337,7.67702270671555e-06,7.677022706715548e-05,1.0,83.44273252744932,4.9106070028769,3.232603949469489,3.232603949469489,3.314054334485853,0.0,0.0,0.29645095000395905,1.779734637286212,0.09798307676573058,1.7060533472009607,0.07761241938616778,0.015522876301327267,0.0,1.3804726471772064,371.6708984375,0.242516362989271,371.42834142736484,0.0,0.0,0.0,0.0,0.0,2.7229394912719727,28.832843780517578,9.769808769226074,29.800682067871094,48.27689743041992,1.0067514181137085,0.633206844329834,0.25,4.0,0.6087425947189331,0.49836286902427673,0.08866396761133603,0.003137651821862348,1.5249992609024048,1.2126293182373047,0.20483284856168255,,0.7511069774627686,0.09902166575193405,,0.15721406042575836,,0.7566339373588562,0.0903434231877327,,0.1530226767063141,,,,,,,,,,,,,,,,,,,,,,,,,,,,,,,,,,,,
338,7.664053363365703e-06,7.664053363365704e-05,1.0,84.20263012035473,5.043154329866977,3.1814907177074536,3.1814907177074536,3.2515312401024072,0.0,0.0,0.295464902310758,1.780976372796136,0.09779394639504922,1.7116102270177893,0.08217587342133394,0.01682307752403053,0.0,1.3742355140479836,375.04816828547297,0.29082715833509293,374.7573902027027,0.0,0.0,0.0,0.0,0.0,3.6446075439453125,27.132482528686523,8.020745277404785,24.850818634033203,48.65553665161133,1.005702257156372,0.6975589394569397,0.25,4.0,0.6042296886444092,0.5310797691345215,0.12651821862348178,0.005566801619433198,8.114115715026855,7.686619281768799,0.05268552338566714,,0.7441615462303162,0.10345135629177094,,0.15934403240680695,,0.7399619817733765,0.09942544251680374,,0.160612553358078,,,,,,,,,,,,,,,,,,,,,,,,,,,,,,,,,,,,
339,7.651059710525292e-06,7.651059710525291e-05,1.0,85.08725058065879,5.033934309675887,3.1962515341269,3.1962515341269,3.281173087455131,0.0,0.0,0.2951852437612173,1.7934673412426099,0.09767824250298578,1.7079311061549831,0.08224930634369722,0.017037865277883167,0.0,1.3498254724451013,379.44122149493245,0.2863060461508261,379.1548775337838,0.0,0.0,0.0,0.0,0.0,1.6096774339675903,33.92022705078125,12.544681549072266,36.79893112182617,51.290218353271484,1.005786657333374,0.6298788785934448,0.25,4.0,0.6249058246612549,0.5044050216674805,0.08714574898785425,0.0006072874493927126,0.6049418449401855,0.45652663707733154,0.245337976045497,,0.7761926054954529,0.08248886466026306,,0.1485220491886139,,0.7822538614273071,0.07451582700014114,,0.1432303786277771,,,,,,,,,,,,,,,,,,,,,,,,,,,,,,,,,,,,
340,7.638041879040251e-06,7.638041879040251e-05,1.0,85.54542335304055,5.122544159760347,3.1626510620117188,3.1626510620117188,3.234694815970756,0.0,0.0,0.29501541240795237,1.8015848108240076,0.09789712364609177,1.7112314378893054,0.0804492847339527,0.017395170959266456,0.0,1.371570484058277,381.4447318412162,0.2922632629806931,381.1524229307432,0.0,0.0,0.0,0.0,0.0,2.454451322555542,30.389137268066406,10.709098815917969,31.475791931152344,49.133018493652344,1.0051196813583374,0.5896888375282288,0.25,4.0,0.6137485504150391,0.4853811264038086,0.07105263157894737,0.0019230769230769232,1.2482978105545044,0.9683988094329834,0.22422453901219894,,0.7594338059425354,0.09149714559316635,,0.15462863445281982,,0.761406660079956,0.0864819884300232,,0.15211136639118195,86.00569146544069,139.18662000574767,0.21143830578530598,-44.41537611825125,86.00569105130936,99.78152997172029,114.93716429670131,142.33224222120498,33.67405210222517,57.425046521563864,174.11927131984544,0.3438287293163945,0.6610111145949978,0.5604420264009152,0.5045164143308869,0.0,0.6054083181974333,0.6309200441351259,0.6456666668329891,0.6412618716226406,0.8786413103220843,0.9675167637682752,0.9904913707815763,0.37864131032208426,0.16751676376827518,0.040491370781576386,0.0,0.0,0.41208791208791207,0.5879120879120879,0.8296703296703297,0.8943541677116038,0.8689996949755229,0.8647711926272937,-8.06624698638916,0.0003139101027045399
341,7.625e-06,7.625e-05,1.0,86.15830869932432,5.095546825512035,3.1871752352327913,3.1871752352327913,3.2688217163085938,0.0,0.0,0.29662740552747574,1.8033412211650126,0.09636823551074879,1.7179430368784312,0.08398889206551216,0.017416291945689433,0.0,1.3588704289616764,384.50409100506755,0.31492818368447795,384.18918918918916,0.0,0.0,0.0,0.0,0.0,2.588636636734009,29.45477294921875,10.35936164855957,29.568769454956055,48.94146728515625,1.0125796794891357,0.7185426950454712,0.25,4.0,0.6138210296630859,0.5456095933914185,0.15030364372469635,0.005060728744939271,1.4969632625579834,1.0917388200759888,0.27069765345447055,,0.7580124735832214,0.09762343019247055,,0.15619996190071106,,0.7605128884315491,0.08790291845798492,,0.151584193110466,,,,,,,,,,,,,,,,,,,,,,,,,,,,,,,,,,,,
342,7.611934204736119e-06,7.611934204736119e-05,1.0,84.5760399070946,5.1442887589738175,3.226351145151499,3.226351145151499,3.3137285387193836,0.0,0.0,0.2968966509844806,1.8111442359718117,0.09662399420867095,1.7389815046980575,0.08213398263261125,0.016933721465033455,0.0,1.3728404689479519,376.1250527871622,0.30733827642492345,375.81762035472974,0.0,0.0,0.0,0.0,0.0,2.122145891189575,32.332889556884766,10.440611839294434,34.30037307739258,51.59162521362305,1.0071557760238647,0.705233097076416,0.25,4.0,0.6240097880363464,0.5534800887107849,0.10870445344129555,0.00465587044534413,3.8028173446655273,3.2759130001068115,0.1385563114930673,,0.7742835283279419,0.08579961955547333,,0.148177832365036,,0.7753136157989502,0.07863367348909378,,0.14605268836021423,,,,,,,,,,,,,,,,,,,,,,,,,,,,,,,,,,,,
343,7.5988446248210156e-06,7.598844624821016e-05,1.0,85.2653610641892,5.064981409021326,3.2004654343063765,3.2004654343063765,3.282577308448585,0.0,0.0,0.29701995849609375,1.7965654940218538,0.09749723125148464,1.7143341270652976,0.08199382472682644,0.017215148822681325,0.0,1.3695516844053526,380.1370090793919,0.3047507002546981,379.83224239864865,0.0,0.0,0.0,0.0,0.0,2.7924447059631348,30.44652557373047,9.562149047851562,31.291902542114258,52.506526947021484,1.006111741065979,0.6490904092788696,0.25,3.798323631286621,0.6139717698097229,0.5170717835426331,0.08370445344129554,0.0,1.2994580268859863,1.0497512817382812,0.19216222454379758,,0.7594075202941895,0.09317262470722198,,0.15307536721229553,,0.7619283199310303,0.08709864318370819,,0.15097308158874512,,,,,,,,,,,,,,,,,,,,,,,,,,,,,,,,,,,,
344,7.58573139206662e-06,7.58573139206662e-05,1.0,85.64198426942568,4.951288171716638,3.1608447513064823,3.1608447513064823,3.232639622043919,0.0,0.0,0.29515451998324005,1.7999504707955025,0.09676703891238651,1.7252125095676731,0.08236930177018449,0.018264718957849452,0.0,1.3533014864534945,382.7798247466216,0.2909200771434887,382.4888355152027,0.0,0.0,0.0,0.0,0.0,2.6999075412750244,32.42041778564453,10.730035781860352,34.43462371826172,52.404075622558594,1.0041786432266235,0.5820622444152832,0.25,4.0,0.6135570406913757,0.47378209233283997,0.061133603238866394,0.0004048582995951417,3.714250326156616,2.723458766937256,0.2667541151553452,,0.7590227127075195,0.0920591950416565,,0.1552830934524536,,0.7633061408996582,0.08552360534667969,,0.1511702835559845,,,,,,,,,,,,,,,,,,,,,,,,,,,,,,,,,,,,
345,7.572594638523036e-06,7.572594638523035e-05,1.0,86.02666411528716,5.173605841559333,3.2079113109691724,3.2079113109691724,3.291262652422931,0.0,0.0,0.2952279013556403,1.8028042767498944,0.09701399545411805,1.717501975394584,0.08309076927803657,0.017841244066083752,0.0,1.36168165464659,383.3573163006757,0.3146191674309808,383.0426784206081,0.0,0.0,0.0,0.0,0.0,4.718601703643799,25.7752685546875,7.758803367614746,23.050691604614258,47.43569564819336,1.0075535774230957,0.5977039933204651,0.25,4.0,0.5945355296134949,0.46773409843444824,0.08340080971659919,0.0003036437246963563,8.588029861450195,7.277679443359375,0.152578698401213,,0.7288864254951477,0.11388958990573883,,0.166659876704216,,0.7278552055358887,0.10765942931175232,,0.16448532044887543,82.81559833065494,133.7168510895367,0.20609183333615425,-23.045258364834627,82.81560129809753,97.66143178495543,114.19655329799185,143.05855802682518,24.759532383510045,59.38595847196357,157.35507666546366,0.4056779803564636,0.6761374490890207,0.5701127129681174,0.522013589379097,0.0,0.623291741780809,0.6561416133752578,0.6382481269936905,0.6481527399056388,0.8763328569858195,0.9674068374189293,0.9901066285588656,0.37633285698581953,0.16740683741892926,0.0401066285588656,1.8321058224323037e-05,0.0,0.5439560439560439,0.45604395604395603,0.8333333333333335,0.9281169908878567,0.8944094047605337,0.8855436497500965,-8.065776824951172,0.000314057688228786
346,7.5594344964772274e-06,7.559434496477226e-05,1.0,84.95407516891892,4.911066828547297,3.185409339698585,3.185409339698585,3.2509128467456714,0.0,0.0,0.294346268112595,1.7824853433145058,0.09783657821449074,1.6936217643119194,0.08031495197399242,0.01783270771439011,0.0,1.3743303659799937,379.4693042652027,0.2622908257149361,379.20703125,0.0,0.0,0.0,0.0,0.0,3.0302135944366455,28.774316787719727,9.340641975402832,27.213451385498047,50.29817199707031,1.0103797912597656,0.7285965085029602,0.25,4.0,0.6110519766807556,0.5670351386070251,0.14726720647773278,0.010728744939271255,8.85984992980957,8.09588623046875,0.0862276116856576,,0.7539761066436768,0.09943994879722595,,0.15722870826721191,,0.7482951879501343,0.09376247227191925,,0.15794235467910767,,,,,,,,,,,,,,,,,,,,,,,,,,,,,,,,,,,,
347,7.546251098451679e-06,7.546251098451679e-05,1.0,85.55020059121621,4.971680924699113,3.147387324152766,3.147387324152766,3.210161776156039,0.0,0.0,0.29554655745222763,1.804807508313978,0.09776532327806628,1.7179307679872255,0.08225813427486935,0.017066953955469904,0.0,1.3551792454075169,382.2879803631757,0.2851312740429028,382.0028505067568,0.0,0.0,0.0,0.0,0.0,2.616764783859253,31.752769470214844,10.730035781860352,33.50580596923828,50.69266891479492,1.0130430459976196,0.6302434206008911,0.25,4.0,0.6160042881965637,0.49008190631866455,0.12267206477732794,0.00010121457489878542,4.8734636306762695,3.591811418533325,0.2629858985866885,,0.7615222930908203,0.09446995705366135,,0.15687140822410583,,0.7607115507125854,0.08634570986032486,,0.15294276177883148,,,,,,,,,,,,,,,,,,,,,,,,,,,,,,,,,,,,
348,7.5330445772030625e-06,7.533044577203063e-05,1.0,84.54661766258445,4.9507681356894,3.1633288409258866,3.1633288409258866,3.2350973180822424,0.0,0.0,0.29383192835627375,1.7874652759448901,0.09995856156220308,1.6971655149717588,0.08203677228979163,0.017595167095596727,0.0,1.3741162274334882,377.3315561655405,0.2591802493945972,377.0723711993243,0.0,0.0,0.0,0.0,0.0,1.917309284210205,33.314544677734375,11.35533332824707,35.320133209228516,54.81184005737305,1.0035089254379272,0.7779327034950256,0.25,4.0,0.6222103834152222,0.5960187315940857,0.1256072874493927,0.012854251012145749,1.5676921606063843,1.468290090560913,0.06340662570323909,,0.7722723484039307,0.08478237688541412,,0.14694133400917053,,0.775782585144043,0.0783003717660904,,0.14591704308986664,,,,,,,,,,,,,,,,,,,,,,,,,,,,,,,,,,,,
349,7.519815065720902e-06,7.5198150657209e-05,1.0,84.733154296875,5.023099744642103,3.1952877560177364,3.1952877560177364,3.2690574027396537,0.0,0.0,0.29537033390354467,1.7861866306614231,0.09717371657087996,1.6965460906157623,0.07984031857670965,0.017438195847176218,0.0,1.3658048268911,377.7499736064189,0.2794217805604677,377.47046558277026,0.0,0.0,0.0,0.0,0.0,1.9689037799835205,32.81618118286133,10.079935073852539,34.569393157958984,53.12546157836914,1.0023614168167114,0.8352662324905396,0.25,4.0,0.6171547770500183,0.6219688653945923,0.13157894736842105,0.008299595141700405,2.314540147781372,2.073441982269287,0.10416676752969364,,0.7645450234413147,0.08882761746644974,,0.15249356627464294,,0.7723280191421509,0.0797102227807045,,0.14796172082424164,,,,,,,,,,,,,,,,,,,,,,,,,,,,,,,,,,,,
350,7.506562697226227e-06,7.506562697226228e-05,1.0,84.35297455658784,5.024740683065878,3.204220333614865,3.204220333614865,3.2856579342403927,0.0,0.0,0.29614327404950114,1.7828057778848183,0.09703074919210898,1.7142065924567145,0.08427493636672562,0.0179237868334796,0.0,1.3595373823836043,375.7702174831081,0.2720813493470888,375.4980996621622,0.0,0.0,0.0,0.0,0.0,2.591423988342285,31.1614990234375,9.825304985046387,31.230844497680664,53.437652587890625,1.0165083408355713,0.756226658821106,0.25,4.0,0.6226298213005066,0.5680707693099976,0.17388663967611337,0.004149797570850202,5.516387462615967,5.142706394195557,0.0677401779611768,,0.7703681588172913,0.09377557039260864,,0.1535615175962448,,0.7627944946289062,0.08549055457115173,,0.1517149806022644,85.35930314954821,129.07070573550808,0.2226558877502964,-5.973795964167668,85.35929945752972,98.34355659525977,114.52356978014855,143.1460820410302,35.726148332868306,63.02042536772499,155.5581578793733,0.3865597500476883,0.6891369733929723,0.5739044912125003,0.5260755030557632,0.0,0.6395389377963765,0.6593321052594238,0.6712980221437991,0.6411916650681658,0.8725220768751603,0.9672236268366861,0.9916455974497087,0.37252207687516026,0.167223626836686,0.04164559744970875,0.0,0.0,0.5604395604395604,0.43956043956043955,0.8406593406593407,0.9392295807272524,0.9023676774167753,0.8915143419916813,-8.065837860107422,0.00031403853790834546
351,7.493287605170244e-06,7.493287605170243e-05,1.0,86.02821473817568,5.057341704497466,3.163310901538746,3.163310901538746,3.2300843934755066,0.0,0.0,0.2936611948786555,1.8033880285314612,0.09576647346084183,1.7161039403966956,0.08130546518274255,0.01716881023870932,0.0,1.3472003421267948,384.18338260135135,0.28815787547343485,383.89513830236484,0.0,0.0,0.0,0.0,0.0,3.0638723373413086,28.933387756347656,8.809063911437988,28.659034729003906,50.00431823730469,1.0083612203598022,0.7309369444847107,0.25,4.0,0.6049286127090454,0.5551106333732605,0.11761133603238866,0.005263157894736842,3.254181385040283,2.470799446105957,0.24073087706038512,,0.744684100151062,0.10444333404302597,,0.1621585488319397,,0.7450506687164307,0.09560757875442505,,0.1593417227268219,,,,,,,,,,,,,,,,,,,,,,,,,,,,,,,,,,,,
352,7.479989923232982e-06,7.479989923232982e-05,1.0,85.31320602829392,5.05786792652027,3.1608913524730786,3.1608913524730786,3.2353511501002954,0.0,0.0,0.2944094683672931,1.803977347709037,0.09744779483692066,1.7235462085620776,0.08173436087531012,0.017862149187036463,0.0,1.351107932425834,380.6044657939189,0.28109169006347656,380.3234005489865,0.0,0.0,0.0,0.0,0.0,3.0629122257232666,29.15285301208496,8.774721145629883,28.94028091430664,50.29817199707031,1.007855772972107,0.8035692572593689,0.25,4.0,0.6111988425254822,0.6116815209388733,0.13360323886639677,0.011639676113360324,7.117246627807617,6.824408054351807,0.04114492426209712,,0.7542424201965332,0.09938088059425354,,0.155979186296463,,0.7522581815719604,0.09209520369768143,,0.15564659237861633,,,,,,,,,,,,,,,,,,,,,,,,,,,,,,,,,,,,
353,7.4666697853219504e-06,7.46666978532195e-05,1.0,84.76018132390203,4.967538782068201,3.175183476628484,3.175183476628484,3.248261529046136,0.0,0.0,0.29422950744628906,1.780558611895587,0.09668459119023504,1.709432653478674,0.08230116560652449,0.017155536123224208,0.0,1.334684217298353,378.26105891047297,0.28943069561107737,377.9716532939189,0.0,0.0,0.0,0.0,0.0,1.5296518802642822,35.62833786010742,11.80767822265625,38.26483154296875,55.45794677734375,1.0068119764328003,0.7856436371803284,0.25,4.0,0.6279917359352112,0.6040515899658203,0.14281376518218625,0.012348178137651822,0.9444563984870911,0.8267471194267273,0.12463177680718802,,0.7808427810668945,0.08018860220909119,,0.1456623077392578,,0.7837409973144531,0.0727313905954361,,0.14352762699127197,,,,,,,,,,,,,,,,,,,,,,,,,,,,,,,,,,,,
354,7.453327325570792e-06,7.453327325570791e-05,1.0,83.95559279983108,4.903420938027872,3.1891345462283573,3.1891345462283573,3.2636289854307434,0.0,0.0,0.2964446866834486,1.7521630364495355,0.09621843776187382,1.693483507311022,0.0797256005776895,0.015959654305432294,0.0,1.3638510832915436,374.52805637668916,0.2573223114013672,374.27071896114865,0.0,0.0,0.0,0.0,0.0,2.1010756492614746,33.502193450927734,10.33914852142334,34.90864181518555,55.026371002197266,1.0069869756698608,0.8065744042396545,0.25,4.0,0.6195064783096313,0.6120935082435608,0.1507085020242915,0.012246963562753036,4.142939567565918,3.4398036003112793,0.16971909818799236,,0.7674483060836792,0.08938971906900406,,0.15224628150463104,,0.7657518982887268,0.08274547755718231,,0.15150263905525208,,,,,,,,,,,,,,,,,,,,,,,,,,,,,,,,,,,,
355,7.439962678337924e-06,7.439962678337924e-05,1.0,85.02354307432432,4.980139655035895,3.1751766720333614,3.1751766720333614,3.24606838741818,0.0,0.0,0.2941778801582955,1.7952637543549408,0.09722062059350915,1.6948573138262775,0.08153530713674184,0.017205286670375516,0.0,1.3488889127164274,379.51303842905406,0.28551537281758077,379.2275126689189,0.0,0.0,0.0,0.0,0.0,2.6470465660095215,33.18355941772461,11.070643424987793,35.4583740234375,53.3333854675293,1.0025590658187866,0.49557265639305115,0.25,3.701333999633789,0.6082351207733154,0.42178675532341003,0.03906882591093117,0.0,2.1575422286987305,1.6822564601898193,0.22029036659716658,,0.7513903379440308,0.09479526430368423,,0.15827496349811554,,0.7569751739501953,0.088577501475811,,0.1544472873210907,92.73519868117113,140.4086668670983,0.23795576716805944,18.34626497541155,92.73520100433701,106.81922286691318,124.12592244224088,152.29968163258184,26.200772966657365,72.10001976545468,160.72822172745416,0.4002166338621509,0.7075771640500128,0.578122315280091,0.5405090806154698,0.0,0.6626476518611185,0.6766491120095572,0.7093192184872303,0.6509129820678583,0.8643325638488879,0.9649151735004213,0.9912974973434465,0.3643325638488879,0.16491517350042129,0.041297497343446565,1.8321058224323037e-05,0.0,0.6373626373626373,0.3626373626373626,0.8159340659340659,1.0027829178578251,0.9610424782712381,0.9469805351652942,-8.066160202026367,0.0003139373438898474
356,7.426575978205201e-06,7.4265759782052e-05,1.0,84.77461861275337,4.927911294473184,3.1829178268845015,3.1829178268845015,3.2583259376319678,0.0,0.0,0.2949382936632311,1.7872632000897382,0.09777853295609758,1.6992646294671137,0.08078995266476192,0.017380662866540858,0.0,1.353217872413429,378.49279455236484,0.27804240664920293,378.2148173564189,0.0,0.0,0.0,0.0,0.0,1.4246457815170288,36.12518310546875,12.942893028259277,38.640342712402344,55.263275146484375,1.0048680305480957,0.6764243245124817,0.25,4.0,0.6307331323623657,0.5416770577430725,0.11386639676113361,0.006275303643724696,0.42987874150276184,0.32862588763237,0.23553817412890451,,0.7853659987449646,0.07597866654396057,,0.1453780084848404,,0.7879642248153687,0.07011433690786362,,0.14192143082618713,,,,,,,,,,,,,,,,,,,,,,,,,,,,,,,,,,,,
357,7.413167359976541e-06,7.41316735997654e-05,1.0,83.9865920608108,5.053974460911107,3.157421008960621,3.157421008960621,3.22280182709565,0.0,0.0,0.29383520177892736,1.7617874145507812,0.09658053758982066,1.6908681714856946,0.0787617386998357,0.016999631314664275,0.0,1.3543577451963682,374.0922191722973,0.2961467794469885,373.7960567989865,0.0,0.0,0.0,0.0,0.0,2.7200520038604736,31.473012924194336,10.646533966064453,29.568769454956055,54.491615295410156,1.0128247737884521,0.7503153681755066,0.25,4.0,0.6126854419708252,0.5683408379554749,0.1369433198380567,0.012550607287449392,2.251408815383911,1.7819445133209229,0.20852023801947095,,0.7565223574638367,0.09748769551515579,,0.15742500126361847,,0.7557675838470459,0.08891858160495758,,0.15531378984451294,,,,,,,,,,,,,,,,,,,,,,,,,,,,,,,,,,,,
358,7.399736958676581e-06,7.39973695867658e-05,1.0,85.69903399493244,5.018153834987331,3.18825964025549,3.18825964025549,3.2657303681244723,0.0,0.0,0.2936810673894109,1.7750596742372255,0.09601616215061497,1.7117202346389357,0.07940649341892551,0.01745625927641585,0.0,1.3650908599028717,382.6411792652027,0.2881231565733214,382.3530669341216,0.0,0.0,0.0,0.0,0.0,3.9486074447631836,28.83481788635254,8.036425590515137,28.82745361328125,50.593753814697266,1.0086244344711304,0.6281000971794128,0.25,4.0,0.5978571176528931,0.48654118180274963,0.09736842105263158,0.00010121457489878542,5.314608097076416,3.919370174407959,0.26252884449485225,,0.7339420914649963,0.11036287993192673,,0.16741971671581268,,0.7287822961807251,0.10412132740020752,,0.16709639132022858,,,,,,,,,,,,,,,,,,,,,,,,,,,,,,,,,,,,
359,7.386284909549314e-06,7.386284909549314e-05,1.0,85.51309781461148,5.016754150390625,3.140453235523121,3.140453235523121,3.2094332720782304,0.0,0.0,0.2953681688050966,1.785961460422825,0.09565430074124723,1.730324410103463,0.08574235117113269,0.018689596975171887,0.0,1.3415230415962838,381.91329708614865,0.27801389951963684,381.6351879222973,0.0,0.0,0.0,0.0,0.0,2.231865882873535,33.21759033203125,12.087688446044922,33.90076446533203,54.598148345947266,1.0137099027633667,0.720453143119812,0.25,4.0,0.616037905216217,0.5395965576171875,0.1536437246963563,0.004554655870445344,1.697717308998108,1.1782644987106323,0.3059713225130666,,0.7612098455429077,0.09563931077718735,,0.15847638249397278,,0.7661768794059753,0.0819673240184784,,0.15185582637786865,,,,,,,,,,,,,,,,,,,,,,,,,,,,,,,,,,,,
360,7.372811348056724e-06,7.372811348056724e-05,1.0,85.66606841216216,4.977348121436867,3.1500289504592485,3.1500289504592485,3.2252791121199325,0.0,0.0,0.29356639449660843,1.7904102222339526,0.09603947562140387,1.717593425029033,0.08433286563770191,0.01824342560123753,0.0,1.3371787200102936,382.8446737753378,0.2840645506575301,382.5605996621622,0.0,0.0,0.0,0.0,0.0,1.9872639179229736,35.85397720336914,12.13499927520752,37.087547302246094,58.80452346801758,0.9986020922660828,0.7728205919265747,0.25,4.0,0.6108967065811157,0.5875019431114197,0.11589068825910931,0.015587044534412956,6.017523765563965,5.447357177734375,0.09475103215918144,,0.7563329935073853,0.0889117419719696,,0.15543437004089355,,0.7687615156173706,0.0800366997718811,,0.1512017846107483,84.6422508575104,131.12726193361092,0.21974032234526464,-8.64549351786519,84.64225382786138,98.25088593224658,114.70654701079735,143.6708041520489,35.92638070242746,61.450466363004935,157.093365876571,0.3801833914218578,0.6881327840991037,0.5708712724376881,0.5247591667751565,0.0,0.637808438015885,0.6581211132765921,0.6778842029870884,0.6393793576137348,0.874152651057125,0.9670587373126672,0.9914623868674655,0.37415265105712503,0.16705873731266718,0.041462386867465506,0.0,0.0,0.5604395604395604,0.43956043956043955,0.8434065934065934,0.9344181233382487,0.8996124989711322,0.8897663158374828,-8.066632270812988,0.00031378917628899217
361,7.359316409877428e-06,7.359316409877428e-05,1.0,85.02035604940879,5.070130219330659,3.1564896042282515,3.1564896042282515,3.2245227710620776,0.0,0.0,0.2943676871222419,1.7748571859823692,0.09657995765273636,1.7105491225783889,0.08199179494703138,0.01783678338334367,0.0,1.3509624584301099,379.14289484797297,0.27771251266067093,378.8652079814189,0.0,0.0,0.0,0.0,0.0,4.17994499206543,28.35796356201172,8.129570007324219,27.13382911682129,50.89107131958008,1.0110480785369873,0.6970763206481934,0.25,4.0,0.5977720022201538,0.531267523765564,0.12995951417004048,0.005263157894736842,11.243185043334961,9.208332061767578,0.1809854568544754,,0.7335096001625061,0.11178069561719894,,0.16724471747875214,,0.722626268863678,0.1072293370962143,,0.17014439404010773,,,,,,,,,,,,,,,,,,,,,,,,,,,,,,,,,,,,
362,7.3458002309053014e-06,7.345800230905301e-05,1.0,84.89411555109797,5.017287795608108,3.152188893911001,3.152188893911001,3.2156885507944466,0.0,0.0,0.2932405471801758,1.7790119068042651,0.09640591208999222,1.7072398211504962,0.0822308450131803,0.018092395486058416,0.0,1.339314434979413,378.8015994510135,0.2808560036324166,378.52071896114865,0.0,0.0,0.0,0.0,0.0,1.701899528503418,36.405731201171875,13.095459938049316,38.86741638183594,56.11166763305664,1.0074331760406494,0.7206871509552002,0.25,4.0,0.6198509335517883,0.5577278733253479,0.1132591093117409,0.006174089068825911,3.8681225776672363,3.795731544494629,0.01871477227494289,,0.7686722278594971,0.08558230102062225,,0.15440483391284943,,0.7734208703041077,0.07669267058372498,,0.14988644421100616,,,,,,,,,,,,,,,,,,,,,,,,,,,,,,,,,,,,
363,7.3322629472481184e-06,7.332262947248118e-05,1.0,85.04224292652027,5.059537732923353,3.177216607171136,3.177216607171136,3.2520694217166386,0.0,0.0,0.29625315279574005,1.7747870780326225,0.09586370957864297,1.7166803720835093,0.07939462403993348,0.01679367632479281,0.0,1.340714016476193,379.2011454814189,0.29673321182663376,378.9044024493243,0.0,0.0,0.0,0.0,0.0,1.5014674663543701,37.8154182434082,13.092905044555664,40.613563537597656,58.57526397705078,1.007499098777771,0.7215888500213623,0.25,4.0,0.6270869374275208,0.5675320625305176,0.10334008097165992,0.00465587044534413,0.964270830154419,0.6973544359207153,0.27680645922988195,,0.7796735167503357,0.07962729781866074,,0.14836712181568146,,0.781653642654419,0.0725337564945221,,0.14581257104873657,,,,,,,,,,,,,,,,,,,,,,,,,,,,,,,,,,,,
364,7.318704695226174e-06,7.318704695226174e-05,1.0,84.32913455447635,4.99957935230152,3.1658242715371623,3.1658242715371623,3.2381641284839526,0.0,0.0,0.2939692832328178,1.759956153663429,0.09456750508901235,1.7023133973817568,0.08066991857580237,0.01722764002310263,0.0,1.3337666279560811,376.02610325168916,0.26313230153676626,375.76295924831084,0.0,0.0,0.0,0.0,0.0,3.724475622177124,28.741558074951172,9.506284713745117,25.2915096282959,53.22932052612305,1.0063271522521973,0.6695513129234314,0.25,4.0,0.5930706858634949,0.5204566121101379,0.1346153846153846,0.008906882591093117,4.640790939331055,3.5666444301605225,0.23145763797870297,,0.7276094555854797,0.1110917255282402,,0.16763117909431458,,0.7269943952560425,0.10492395609617233,,0.1680816411972046,,,,,,,,,,,,,,,,,,,,,,,,,,,,,,,,,,,,
365,7.3051256113709145e-06,7.305125611370914e-05,1.0,84.57857369087837,5.124692762220228,3.1931271939664274,3.1931271939664274,3.2732539821315454,0.0,0.0,0.2936821241636534,1.7672335650469806,0.09615189964706833,1.7081599879909206,0.08001346201510043,0.01821520199646821,0.0,1.3292554906896643,376.5000263935811,0.3028859576663455,376.1971072635135,0.0,0.0,0.0,0.0,0.0,2.3873519897460938,33.3607292175293,11.531905174255371,30.86699676513672,58.57526397705078,1.0110224485397339,0.8233529925346375,0.25,4.0,0.6131219863891602,0.6049517393112183,0.1734817813765182,0.01103238866396761,1.2368206977844238,1.0176578760147095,0.17719853990340817,,0.7575708031654358,0.09554680436849594,,0.1567775309085846,,0.760246217250824,0.08538693189620972,,0.1543668806552887,82.42295464316567,128.67193780638573,0.21292419864925222,-21.724874098222333,82.42295690087148,95.90215949228337,112.49589140879179,140.61878691922414,34.32011413574219,59.41722432217857,154.2590219248896,0.3850249270586257,0.6715153765341787,0.5647083714758814,0.5101449356397323,0.0,0.6140858613537046,0.6445366821114001,0.6583154897450323,0.6379811569161872,0.8782932102158221,0.9674068374189293,0.9915539921585871,0.3782932102158221,0.16740683741892926,0.04155399215858713,1.8321058224323037e-05,0.0,0.5054945054945055,0.4945054945054945,0.836080586080586,0.9028119994225082,0.8733363854033607,0.8664778670766852,-8.067729949951172,0.00031344499439001083
366,7.291525832423566e-06,7.291525832423566e-05,1.0,85.4685256545608,5.115971745671453,3.1802531061945736,3.1802531061945736,3.2532445546743034,0.0,0.0,0.2951410396679028,1.7762665619721283,0.09652492162343618,1.70734910707216,0.08283223332585515,0.017134664831934748,0.0,1.3284014109018687,381.0397487331081,0.3017940263490419,380.73796452702703,0.0,0.0,0.0,0.0,0.0,2.4654457569122314,33.38274383544922,11.397553443908691,33.375179290771484,55.67499923706055,1.011263132095337,0.7010013461112976,0.25,4.0,0.6109799742698669,0.5376269817352295,0.14251012145748987,0.005870445344129555,2.075648546218872,1.5314027070999146,0.2622051985199464,,0.7545403242111206,0.09586088359355927,,0.16078364849090576,,0.7521695494651794,0.08883565664291382,,0.15899479389190674,,,,,,,,,,,,,,,,,,,,,,,,,,,,,,,,,,,,
367,7.277905495333749e-06,7.277905495333748e-05,1.0,86.253173828125,4.917899054449958,3.154215632258235,3.154215632258235,3.2244384353225297,0.0,0.0,0.29224973111539276,1.7892909694362331,0.09430525109574601,1.709129539695946,0.08297667632231841,0.019525864639797726,0.0,1.3185889785354201,386.07733319256755,0.27032553183065877,385.80698374155406,0.0,0.0,0.0,0.0,0.0,2.379371166229248,33.52070236206055,11.113972663879395,34.033447265625,56.11166763305664,1.012521505355835,0.7736458778381348,0.25,4.0,0.6141321063041687,0.5774370431900024,0.12955465587044535,0.0018218623481781376,2.831369400024414,2.3464138507843018,0.17127950497590694,,0.758594274520874,0.09640751034021378,,0.1582135111093521,,0.7585933208465576,0.08589951694011688,,0.1555071473121643,,,,,,,,,,,,,,,,,,,,,,,,,,,,,,,,,,,,
368,7.26426473725811e-06,7.264264737258109e-05,1.0,84.63629645270271,5.135423402528505,3.192056398133974,3.192056398133974,3.2705643112595015,0.0,0.0,0.29630934225546346,1.7737575221706081,0.09813966622223726,1.696211222055796,0.07964554348507442,0.016067289017342234,0.0,1.341386331094278,376.7377797719595,0.2883000760465055,376.44942989864865,0.0,0.0,0.0,0.0,0.0,2.165252447128296,33.842586517333984,12.767145156860352,34.09998321533203,55.89291000366211,0.9968004822731018,0.7259282469749451,0.25,4.0,0.6019821166992188,0.5489787459373474,0.13036437246963561,0.013967611336032389,0.9804022908210754,0.6792764663696289,0.30714516609223463,,0.743535578250885,0.09349813312292099,,0.1606777459383011,,0.7582292556762695,0.08572694659233093,,0.15604382753372192,,,,,,,,,,,,,,,,,,,,,,,,,,,,,,,,,,,,
369,7.2506036955589274e-06,7.250603695558928e-05,1.0,85.45747334248311,4.896868319124789,3.1768631806244723,3.1768631806244723,3.2478579959353886,0.0,0.0,0.2957729906649203,1.7829371271906673,0.09782876839508882,1.6909408569335938,0.08248859482842523,0.017911738640553242,0.0,1.3207800581648543,382.10663006756755,0.2629263594343856,381.84375,0.0,0.0,0.0,0.0,0.0,1.9049345254898071,36.38478469848633,11.442161560058594,37.45150375366211,59.49768829345703,1.004140853881836,0.7522147297859192,0.25,4.0,0.6166924238204956,0.5699688792228699,0.08006072874493927,0.0072874493927125505,1.3772021532058716,1.084602952003479,0.21245915170933752,,0.7640910744667053,0.08810096234083176,,0.15308070182800293,,0.7722282409667969,0.07805465906858444,,0.14971709251403809,,,,,,,,,,,,,,,,,,,,,,,,,,,,,,,,,,,,
370,7.236922507802741e-06,7.236922507802741e-05,1.0,85.37540910050676,4.988152168892525,3.148428221006651,3.148428221006651,3.2106139724319047,0.0,0.0,0.29571401750719223,1.7757648777317356,0.0953719035999195,1.7166182028280723,0.08386220803131929,0.017802887671702617,0.0,1.3202457943478145,381.3617768158784,0.29631150735391154,381.0655088682432,0.0,0.0,0.0,0.0,0.0,2.2944045066833496,31.856508255004883,11.4443941116333,31.971464157104492,52.60918045043945,1.0177936553955078,0.7344217896461487,0.25,4.0,0.6140743494033813,0.5525640249252319,0.15576923076923077,0.0057692307692307696,1.041161060333252,0.7613445520401001,0.2687542964808816,,0.758124053478241,0.09768053144216537,,0.1601332724094391,,0.7542396783828735,0.08778435736894608,,0.15797598659992218,83.87527809562263,129.24577661711103,0.21709619049796625,-24.469005542797046,83.87527998205229,97.58144775138652,113.56789299517366,141.27276575808776,36.98108673095703,60.303850691447884,157.11383189325747,0.3964999931619664,0.6738308444264711,0.5658647203494762,0.515042192284712,0.0,0.6182685190346713,0.6514139166540334,0.6627611378184485,0.639491115147466,0.8762962148693708,0.9672602689531348,0.9910410025283061,0.3762962148693708,0.16726026895313473,0.041041002528306114,1.8321058224323037e-05,0.0,0.4725274725274725,0.5274725274725275,0.8452380952380953,0.901232585310936,0.8735424971187508,0.8673434629217609,-8.06727123260498,0.0003135887673124671
371,7.223221311758962e-06,7.223221311758962e-05,1.0,84.48714632601352,4.887492824245143,3.1631482098553634,3.1631482098553634,3.2315292358398438,0.0,0.0,0.292930860777159,1.7589884577570736,0.09603344427572715,1.712724324819204,0.08011965493898134,0.01888180584520907,0.0,1.3226741069072,377.38537267736484,0.2459812422056456,377.13941089527026,0.0,0.0,0.0,0.0,0.0,3.3037354946136475,32.185302734375,11.179285049438477,30.477619171142578,55.67499923706055,1.0023702383041382,0.6698839068412781,0.25,4.0,0.5898348093032837,0.5015141367912292,0.09686234817813766,0.007793522267206478,5.384388446807861,3.791581392288208,0.29581949189864826,,0.7239065766334534,0.10859710723161697,,0.1701524406671524,,0.7358212471008301,0.09860385954380035,,0.16557490825653076,,,,,,,,,,,,,,,,,,,,,,,,,,,,,,,,,,,,
372,7.209500245398478e-06,7.209500245398479e-05,1.0,85.27668391047297,4.950227892076647,3.1532299969647384,3.1532299969647384,3.221302960370038,0.0,0.0,0.2954081458014411,1.7731939779745567,0.09687182065602895,1.7058036391799514,0.08207769007296176,0.016807693081933098,0.0,1.3377026738347233,381.0480099239865,0.264928843524005,380.7830447635135,0.0,0.0,0.0,0.0,0.0,2.0676920413970947,34.965518951416016,11.877066612243652,36.22841262817383,56.773094177246094,1.011730670928955,0.712842583656311,0.25,4.0,0.6189925074577332,0.5434739589691162,0.1215587044534413,0.0006072874493927126,2.2958931922912598,1.984145998954773,0.1357847108842937,,0.7663149237632751,0.09062600135803223,,0.15584132075309753,,0.7707337737083435,0.07935189455747604,,0.14991432428359985,,,,,,,,,,,,,,,,,,,,,,,,,,,,,,,,,,,,
373,7.195759446892278e-06,7.195759446892278e-05,1.0,85.86508921030405,4.980369774070946,3.172056043470228,3.172056043470228,3.2482466826567777,0.0,0.0,0.2939453640499631,1.8031383205104519,0.0970142209852064,1.7198647164009713,0.0820235368367788,0.01889760107607455,0.0,1.3454198064030827,383.70135663006755,0.29502927934801254,383.4063027871622,0.0,0.0,0.0,0.0,0.0,1.8102478981018066,35.89723205566406,13.77763843536377,37.671592712402344,55.89291000366211,1.0031089782714844,0.7015126943588257,0.25,4.0,0.6167570352554321,0.5446892380714417,0.10668016194331983,0.006174089068825911,1.9360246658325195,1.7539645433425903,0.09403812136434772,,0.7649540901184082,0.08489924669265747,,0.15248438715934753,,0.7743858098983765,0.07698717713356018,,0.14862699806690216,,,,,,,,,,,,,,,,,,,,,,,,,,,,,,,,,,,,
374,7.181999054610053e-06,7.181999054610052e-05,1.0,83.53319652660473,4.97472113531989,3.226166802483636,3.226166802483636,3.311715821962099,0.0,0.0,0.29519279583080393,1.7377094578098606,0.09514406565073374,1.70766273704735,0.08137231904107171,0.017367205104312382,0.0,1.3531345676731419,371.8758709881757,0.2551219012286212,371.6208034206081,0.0,0.0,0.0,0.0,0.0,2.803720712661743,33.35862731933594,9.487736701965332,34.84052658081055,56.773094177246094,1.0096616744995117,0.7001323103904724,0.25,4.0,0.6188807487487793,0.5496617555618286,0.11093117408906883,0.0013157894736842105,6.3042521476745605,5.55633020401001,0.11863769502627454,,0.7665655016899109,0.08946689963340759,,0.1534339189529419,,0.7667577266693115,0.08287881314754486,,0.150363489985466,,,,,,,,,,,,,,,,,,,,,,,,,,,,,,,,,,,,
375,7.168219207118794e-06,7.168219207118794e-05,1.0,84.72877296241555,4.838193738782728,3.15933557458826,3.15933557458826,3.2348354442699536,0.0,0.0,0.2931796408988334,1.7599400700749577,0.09535321673831425,1.6983940536911424,0.08333895013139055,0.019076864461641054,0.0,1.3334002108187288,378.8612225506757,0.2513707650674356,378.6098764780405,0.0,0.0,0.0,0.0,0.0,2.2633116245269775,35.53347396850586,11.99128246307373,37.232704162597656,58.346900939941406,1.0032292604446411,0.6294393539428711,0.25,4.0,0.6145514845848083,0.5059235692024231,0.06973684210526315,0.0032388663967611335,1.099661946296692,0.8193994164466858,0.2548624427660157,,0.7613770365715027,0.08787170797586441,,0.1534009426832199,,0.7672348618507385,0.08202148973941803,,0.15074363350868225,90.62311713250129,133.5296763639606,0.23875135981733311,12.267892439286788,90.62311627442448,104.23585259577307,120.32258253525127,148.336357344001,28.3418698992048,71.57246913466342,153.52534153150475,0.42060265161098837,0.6950633348581734,0.5779173902886349,0.5353134175083955,0.0,0.6469507675555329,0.6650792529256879,0.6749756333792022,0.6436937951836456,0.8703601920046902,0.9657029790040673,0.9914623868674655,0.37036019200469017,0.16570297900406727,0.041462386867465506,1.8321058224323037e-05,0.0,0.6263736263736264,0.37362637362637363,0.8608058608058609,0.9712866718297476,0.9320689016482332,0.9196878896801026,-8.06757926940918,0.00031349220080301166
376,7.154420043181416e-06,7.154420043181416e-05,1.0,84.36873152449324,4.960709855363175,3.195750468486064,3.195750468486064,3.2692885527739652,0.0,0.0,0.2944078187684755,1.76880728231894,0.09644874366554054,1.7063993505529456,0.08035153956026644,0.01716763264424092,0.0,1.3530927091031462,376.2498416385135,0.2670288601437131,375.9828177787162,0.0,0.0,0.0,0.0,0.0,1.7365522384643555,35.90944290161133,13.458480834960938,37.196380615234375,56.773094177246094,1.0094135999679565,0.6477292776107788,0.25,4.0,0.6264201402664185,0.5167803168296814,0.11487854251012146,0.0019230769230769232,0.5190086960792542,0.41006404161453247,0.20990911190452483,,0.7785460948944092,0.08040568232536316,,0.15009920299053192,,0.7815932035446167,0.07301190495491028,,0.1453949213027954,,,,,,,,,,,,,,,,,,,,,,,,,,,,,,,,,,,,
377,7.1406017017553476e-06,7.140601701755348e-05,1.0,85.4892776076858,4.914839873442778,3.1624972369219804,3.1624972369219804,3.2391435777818836,0.0,0.0,0.29391610944593277,1.7919231105495144,0.09768458314844079,1.7309722900390625,0.08607857936137431,0.02045559077649503,0.0,1.3313049110206399,382.18982263513516,0.2769877201802022,381.9127956081081,0.0,0.0,0.0,0.0,0.0,2.5175914764404297,33.180564880371094,9.54349136352539,30.98780632019043,58.80452346801758,1.0047353506088257,0.7587290406227112,0.25,4.0,0.6091517806053162,0.5706541538238525,0.13299595141700404,0.013866396761133604,1.2804694175720215,1.223335862159729,0.04461922684621942,,0.753178060054779,0.09252145141363144,,0.15675483644008636,,0.762288510799408,0.08392344415187836,,0.15378804504871368,,,,,,,,,,,,,,,,,,,,,,,,,,,,,,,,,,,,
378,7.12676432199113e-06,7.12676432199113e-05,1.0,84.85600322001689,4.950689779745566,3.185426866686022,3.185426866686022,3.2593606484902873,0.0,0.0,0.29451352196770747,1.7908933484876477,0.09508089761476259,1.7672317092483107,0.0809906817771293,0.018010387549529206,0.0,1.3322682767300993,378.70832453547297,0.2844016616408889,378.42401288006755,0.0,0.0,0.0,0.0,0.0,2.368095636367798,31.984203338623047,9.788908958435059,32.348331451416016,54.81184005737305,1.0016968250274658,0.7374299168586731,0.25,4.0,0.6107896566390991,0.5635915994644165,0.12226720647773279,0.007186234817813765,17.75824546813965,14.34949016571045,0.19195338348852659,,0.7563427686691284,0.08825410902500153,,0.15556573867797852,,0.7676741480827332,0.08020255714654922,,0.15212330222129822,,,,,,,,,,,,,,,,,,,,,,,,,,,,,,,,,,,,
379,7.112908043231026e-06,7.112908043231026e-05,1.0,91.61855336782095,8.640216724292651,3.1705794463286527,3.1705794463286527,3.241864591031461,0.0,0.0,0.27890094550880223,2.4169633195206925,0.18636288514008392,2.573838929872255,0.09708529549676019,0.03465390849757839,0.0,1.2091683052681588,392.6864706503378,1.004387108055321,391.6821421030405,0.0,0.0,0.0,0.0,0.0,35.78379821777344,5.042377948760986,0.4998939335346222,2.683335542678833,13.301684379577637,1.0050162076950073,0.58542799949646,0.25,3.2605180740356445,0.5464829206466675,0.43069159984588623,0.05576923076923077,0.0,9780.2021484375,9655.330078125,0.012767841443077918,,0.6595932245254517,0.13663630187511444,,0.2100851982831955,,0.6546200513839722,0.13885629177093506,,0.2065236121416092,,,,,,,,,,,,,,,,,,,,,,,,,,,,,,,,,,,,
380,7.099033005007611e-06,7.09903300500761e-05,1.0,87.38952306798987,6.114734546558277,3.228407576277449,3.228407576277449,3.313051378404772,0.0,0.0,0.30264844121159734,3.3751583614864864,0.540264284288561,3.6893442514780403,0.07970411068684347,0.011357756079854193,0.0,0.9163695670462944,381.7038112331081,0.5103506655306429,381.1934385557432,0.0,0.0,0.0,0.0,0.0,145.7056427001953,0.7102175354957581,0.4998939335346222,0.4998939335346222,0.9866039752960205,1.0003712177276611,0.25947147607803345,0.25,4.0,0.48286232352256775,0.2337392270565033,0.004959514170040486,0.00010121457489878542,99160.71875,99162.6171875,-1.9145055864170004e-05,,0.5615113377571106,0.19936347007751465,,0.242160364985466,,0.5596200227737427,0.19964654743671417,,0.24073347449302673,88.73352591546028,137.37442453703042,0.23582726105610272,13.460619119497446,88.73352503142688,103.59793731935885,121.90687920220904,150.75810419297284,26.246294294084823,70.13080951779388,150.4109397556471,0.48856438573304645,0.7369241566757909,0.6149408578591183,0.583003798727021,0.0,0.6989094130845437,0.7007747603814868,0.7337682517703676,0.6722489049524726,0.8447290315488623,0.9606830090506028,0.9912791762852222,0.34472903154886225,0.16068300905060273,0.04127917628522226,3.6642116448646074e-05,0.0,0.6758241758241759,0.3241758241758242,0.6831501831501832,0.9637874573632911,0.934041463984893,0.9245127892264953,-8.070751190185547,0.0003124995855614543
381,7.085139347042362e-06,7.08513934704236e-05,1.0,87.24457611908784,5.267566990207982,3.1730592057511613,3.1730592057511613,3.244587872479413,0.0,0.0,0.3014511675448031,3.634996156434755,0.45771289516139674,3.9813248917863175,0.08206862372321051,0.012384831099896817,0.0,0.8605071402884819,384.99139569256755,0.37033104252170873,384.62109375,0.0,0.0,0.0,0.0,0.0,180.8859405517578,0.6916463375091553,0.4998939335346222,0.4998939335346222,1.0947712659835815,1.000028371810913,0.25045740604400635,0.25,3.856518030166626,0.4633338451385498,0.19776125252246857,0.0005060728744939271,0.0,129042.53125,129062.5078125,-0.00015480603415395262,,0.5307130217552185,0.22155389189720154,,0.25209182500839233,,0.5299072861671448,0.2204359471797943,,0.24965672194957733,,,,,,,,,,,,,,,,,,,,,,,,,,,,,,,,,,,,
382,7.071227209244262e-06,7.071227209244262e-05,1.0,86.182373046875,4.946196684966216,3.1909227113466003,3.1909227113466003,3.251523610707876,0.0,0.0,0.3002749778128959,3.5041516278241134,0.23532849389153557,3.892269650021115,0.07977510787345268,0.013659810697710191,0.0,0.8600928847854202,381.5368190456081,0.28575654931970546,381.2510557432432,0.0,0.0,0.0,0.0,0.0,132.18736267089844,0.6704481244087219,0.4998939335346222,0.4998939335346222,0.9026468992233276,1.000131607055664,0.2060949057340622,0.25,3.7527477741241455,0.47289106249809265,0.19937664270401,0.003137651821862348,0.0,44606.953125,44642.265625,-0.0007916366737948995,,0.5461126565933228,0.20974011719226837,,0.2451976090669632,,0.546272337436676,0.20823299884796143,,0.24549466371536255,,,,,,,,,,,,,,,,,,,,,,,,,,,,,,,,,,,,
383,7.057296731708385e-06,7.057296731708384e-05,1.0,85.51280088682432,4.8748016357421875,3.1736076973580025,3.1736076973580025,3.240036629341744,0.0,0.0,0.29627269023173564,3.3380533166833826,0.1652195775831068,3.7830385775179476,0.08405477291828878,0.016895160481736466,0.0,0.8608044804753484,378.93963788006755,0.27685802047317093,378.66271642736484,0.0,0.0,0.0,0.0,0.0,144.89895629882812,0.653036892414093,0.4998939335346222,0.4998939335346222,0.914944589138031,1.0071974992752075,0.2940344214439392,0.25,3.83964204788208,0.46219319105148315,0.20906664431095123,0.04807692307692308,0.0,36506.734375,36534.890625,-0.0007712618091439465,,0.5284472703933716,0.22429151833057404,,0.25520893931388855,,0.5239668488502502,0.22150562703609467,,0.2545275092124939,,,,,,,,,,,,,,,,,,,,,,,,,,,,,,,,,,,,
384,7.043348054714486e-06,7.043348054714486e-05,1.0,86.0261428420608,4.9358322555954395,3.170829979149071,3.170829979149071,3.247011339342272,0.0,0.0,0.2975165908401077,3.1296803242451436,0.13722243180146088,3.615716470254434,0.08155637174039274,0.01694180675455042,0.0,0.8683948001346072,381.60583826013516,0.26686701903472076,381.3389727618243,0.0,0.0,0.0,0.0,0.0,69.24932098388672,0.9289060235023499,0.4998939335346222,0.4998939335346222,1.9937927722930908,1.005381464958191,0.34994199872016907,0.25,3.526071548461914,0.49782389402389526,0.2678752541542053,0.04979757085020243,0.0,13754.8046875,13767.583984375,-0.000929078759410774,,0.5845212340354919,0.18448279798030853,,0.23630867898464203,,0.5836290121078491,0.18010537326335907,,0.2362656593322754,,,,,,,,,,,,,,,,,,,,,,,,,,,,,,,,,,,,
385,7.029381318725583e-06,7.029381318725583e-05,1.0,86.51951805320945,5.048262312605575,3.16676495526288,3.16676495526288,3.2422184299778296,0.0,0.0,0.2951892388833536,2.919652784192884,0.12448291520814637,3.429705233187289,0.0855896537368362,0.019042902701609844,0.0,0.8770772573110219,383.9253853462838,0.310737352113466,383.6146537162162,0.0,0.0,0.0,0.0,0.0,67.2769775390625,1.1245609521865845,0.4998939335346222,0.4998939335346222,2.4848318099975586,1.007262945175171,0.3740999698638916,0.25,3.2840819358825684,0.4905129075050354,0.26890048384666443,0.0658906882591093,0.0,14747.830078125,14756.138671875,-0.0005633773718564794,,0.5729470252990723,0.19216598570346832,,0.2437567412853241,,0.5703749060630798,0.18720024824142456,,0.2424248605966568,129.2138804760608,185.41438934076527,0.34381508782654235,75.86146650209531,129.213880089151,147.15967065812828,165.30784156726773,193.47709097559374,37.66664668491909,103.82014181447583,214.3578570822011,0.7256022026615799,0.8864850784103384,0.6729011998530081,0.6730471885303394,0.0,0.8853417785792805,0.8236192277450108,0.8094280019354481,0.7541844952152205,0.7335568502436701,0.9119123520574548,0.9862408852735334,0.23355685024367012,0.11191235205745476,0.03624088527353342,0.0017588215895350116,0.0,0.32967032967032966,0.6703296703296703,0.9038461538461539,0.8929057032852382,0.9281150967210203,0.9998559893651323,-8.069122314453125,0.00031300896080210805
386,7.015396664386556e-06,7.015396664386556e-05,1.0,85.48969330658784,4.966262404983108,3.167891218855574,3.167891218855574,3.245573920172614,0.0,0.0,0.29588689030827703,2.7983697427285685,0.121057703688338,3.347257665685705,0.08064492328746899,0.01808448095579405,0.0,0.8757231428816512,379.39772487331084,0.2925423544806403,379.10525760135135,0.0,0.0,0.0,0.0,0.0,44.2094612121582,1.0056750774383545,0.4998939335346222,0.4998939335346222,2.1348536014556885,1.0101228952407837,0.41120031476020813,0.25,4.0,0.49509167671203613,0.2860651910305023,0.08522267206477732,0.00010121457489878542,10272.142578125,10282.0107421875,-0.00096067241935628,,0.5800923109054565,0.1872692108154297,,0.24151025712490082,,0.5761957168579102,0.1820967197418213,,0.24170757830142975,,,,,,,,,,,,,,,,,,,,,,,,,,,,,,,,,,,,
387,7.001394232522719e-06,7.001394232522719e-05,1.0,85.92679080447635,5.0351150100295605,3.1860862938133447,3.1860862938133447,3.2772604452597127,0.0,0.0,0.2940635938902159,2.6134767274598816,0.11563484088794605,3.1532514417493664,0.08133633716686352,0.018254275257522996,0.0,0.8905083939835832,381.52855785472974,0.2920226019781989,381.2364600929054,0.0,0.0,0.0,0.0,0.0,47.168434143066406,2.1928932666778564,0.4998939335346222,0.6516662836074829,5.677014350891113,1.0267469882965088,0.6087766289710999,0.25,4.0,0.49814125895500183,0.3722533881664276,0.18491902834008098,0.001417004048582996,12132.0673828125,12138.734375,-0.0005495347146641411,,0.5814051628112793,0.19773505628108978,,0.2445666342973709,,0.5730776190757751,0.18446993827819824,,0.2424524426460266,,,,,,,,,,,,,,,,,,,,,,,,,,,,,,,,,,,,
388,6.987374164138405e-06,6.987374164138405e-05,1.0,86.24263619087837,5.194907111090583,3.2114418648384713,3.2114418648384713,3.3364311424461572,0.0,0.0,0.29386584823196,2.415441358411634,0.12000961561460753,2.9145637718406885,0.08197422285337706,0.020198382235862112,0.0,0.9217193191115921,382.60618137668916,0.27789847915237015,382.3282569679054,0.0,0.0,0.0,0.0,0.0,25.085811614990234,4.851788520812988,0.4998939335346222,1.7507752180099487,13.915555000305176,1.017956018447876,0.7867861986160278,0.25,4.0,0.5154434442520142,0.50568687915802,0.23157894736842105,0.015182186234817813,5572.5986328125,5576.56982421875,-0.0007126282849202317,,0.6105449795722961,0.1713440865278244,,0.23033705353736877,,0.6100032329559326,0.16254554688930511,,0.22745124995708466,,,,,,,,,,,,,,,,,,,,,,,,,,,,,,,,,,,,
389,6.973336600415545e-06,6.973336600415544e-05,1.0,84.97107263513513,5.10348840661951,3.203103967615076,3.203103967615076,3.3046093502560177,0.0,0.0,0.29389569566056534,2.243130658123944,0.11376419582882442,2.6027638203388936,0.0833544602265229,0.019309332241883147,0.0,0.9783287048339844,377.2173775337838,0.31056386071282466,376.90690983952703,0.0,0.0,0.0,0.0,0.0,15.725961685180664,5.757711410522461,0.4998939335346222,2.1471903324127197,16.36453628540039,1.024751901626587,0.7114585638046265,0.25,4.0,0.5336706638336182,0.4739024043083191,0.19281376518218624,0.004858299595141701,1620.337646484375,1621.744140625,-0.0008680253425430506,,0.6377817988395691,0.1566559225320816,,0.22300787270069122,,0.6327241659164429,0.14833521842956543,,0.2189406305551529,,,,,,,,,,,,,,,,,,,,,,,,,,,,,,,,,,,,
390,6.959281682712252e-06,6.959281682712252e-05,1.0,85.42797191722973,5.042479643950591,3.1948792741105363,3.1948792741105363,3.280637586438978,0.0,0.0,0.29317989864864863,2.2325119843354098,0.1073167388503616,2.5050430297851562,0.08055926013637234,0.020249233052537247,0.0,0.9907863720043285,379.9645534206081,0.2650123802391258,379.69956186655406,0.0,0.0,0.0,0.0,0.0,5.295078754425049,9.374900817871094,0.5102265477180481,5.140791893005371,23.712814331054688,1.0111687183380127,0.8199865818023682,0.25,4.0,0.558778703212738,0.5761838555335999,0.20759109311740892,0.01437246963562753,130.03359985351562,130.90138244628906,-0.006673525871397891,,0.6792258620262146,0.12202397733926773,,0.2020462304353714,,0.6850194334983826,0.11577173322439194,,0.1992088258266449,162.86579249455377,224.91478789753117,0.4356424483984527,131.37485688597292,162.86579119507707,175.33592639080993,197.19925410993255,223.55770291297668,32.059381757463726,135.85098781142125,258.53002465289575,0.7909675286196582,0.924532470871938,0.6690313669930836,0.6671300847296896,0.0,0.9308080862387685,0.861308669151765,0.8254768510014504,0.7730790222470861,0.6858854567439815,0.8903667875856509,0.9867355538455901,0.1858854567439815,0.09036678758565087,0.03673555384559013,0.006302444029167124,0.0,0.26373626373626374,0.7362637362637363,0.9661172161172161,0.8804054933262395,0.9052757495543459,0.991461744757144,-8.069683074951172,0.00031283352291211486
391,6.945209552561391e-06,6.945209552561392e-05,1.0,87.3625686233108,5.091753573031039,3.1561708192567566,3.1561708192567566,3.237362629658467,0.0,0.0,0.2943490002606366,2.2265020834433065,0.1046644417015282,2.446862710488809,0.0813557328404607,0.019968332471074286,0.0,0.9956121702451963,389.6444784628378,0.30423958237106735,389.34021326013516,0.0,0.0,0.0,0.0,0.0,14.495484352111816,8.598883628845215,0.4998939335346222,4.255627632141113,22.98324966430664,1.020929217338562,0.7418205738067627,0.25,4.0,0.5429498553276062,0.5093745589256287,0.17327935222672064,0.0025303643724696357,1752.08544921875,1752.916259765625,-0.00047418380607261825,,0.6537768840789795,0.14035551249980927,,0.2180301398038864,,0.6484310626983643,0.1371038258075714,,0.21446508169174194,,,,,,,,,,,,,,,,,,,,,,,,,,,,,,,,,,,,
392,6.931120351669157e-06,6.931120351669156e-05,1.0,84.3367820945946,5.04871925147804,3.176669146563556,3.176669146563556,3.25124420990815,0.0,0.0,0.29311602824443095,2.152340863202069,0.10458982957376016,2.3435883393158785,0.08267414892042005,0.01875036149411588,0.0,1.0117767952583931,374.8023384712838,0.2867805893356736,374.5154930320946,0.0,0.0,0.0,0.0,0.0,4.049772262573242,12.005712509155273,1.3089357614517212,7.534792423248291,29.39602279663086,1.0184473991394043,0.7670580148696899,0.25,4.0,0.5681120157241821,0.5401921272277832,0.18228744939271255,0.00354251012145749,377.5009765625,377.69854736328125,-0.0005233650057817524,,0.6934230923652649,0.11286565661430359,,0.2008974403142929,,0.694666862487793,0.10754170268774033,,0.1977914273738861,,,,,,,,,,,,,,,,,,,,,,,,,,,,,,,,,,,,
393,6.917014221913646e-06,6.917014221913645e-05,1.0,85.57599371832771,4.9184541444520695,3.166812175029033,3.166812175029033,3.252427384660051,0.0,0.0,0.2922578760095545,2.1545026624524914,0.10329634434468038,2.3349267083245353,0.08262103312724345,0.019313910522976437,0.0,1.0034599304199219,381.7100665118243,0.26795155293232686,381.44206608952703,0.0,0.0,0.0,0.0,0.0,20.64531898498535,9.566118240356445,0.4998939335346222,5.6240434646606445,23.254167556762695,1.0104526281356812,0.6602868437767029,0.25,4.0,0.5296422839164734,0.4458323121070862,0.11447368421052631,0.000708502024291498,4705.9931640625,4707.10498046875,-0.00023625542313584924,,0.6351985335350037,0.1450279802083969,,0.22553348541259766,,0.6346233487129211,0.1434546709060669,,0.22192198038101196,,,,,,,,,,,,,,,,,,,,,,,,,,,,,,,,,,,,
394,6.902891305343424e-06,6.902891305343424e-05,1.0,85.6152145798142,4.928973636111698,3.1799877269847974,3.1799877269847974,3.252852156355574,0.0,0.0,0.2927227278013487,2.1268873472471497,0.10270210858937856,2.258293770455025,0.08339638967771788,0.019862680821805388,0.0,1.0158783165184226,381.88550464527026,0.2728340561325486,381.6127269847973,0.0,0.0,0.0,0.0,0.0,14.245100021362305,9.283852577209473,0.4998939335346222,4.561164855957031,24.32734489440918,1.0161786079406738,0.6818121075630188,0.25,4.0,0.5280513763427734,0.4439942240715027,0.1555668016194332,0.00010121457489878542,2156.02978515625,2156.802978515625,-0.0003586190528063441,,0.6326314806938171,0.14670893549919128,,0.22806377708911896,,0.6326382160186768,0.14340680837631226,,0.2239549458026886,,,,,,,,,,,,,,,,,,,,,,,,,,,,,,,,,,,,
395,6.888751744176111e-06,6.88875174417611e-05,1.0,85.37273015202703,4.958392581424198,3.1511011896906673,3.1511011896906673,3.223506411990604,0.0,0.0,0.29218008711531357,2.090466679753484,0.10299635577846218,2.2179769567541174,0.0817542011673386,0.020052856690174824,0.0,1.0214914888949007,380.7510029560811,0.26492557010135137,380.48611697635135,0.0,0.0,0.0,0.0,0.0,14.062601089477539,12.925710678100586,0.4998939335346222,7.047245502471924,33.31005859375,1.00836181640625,0.6583094596862793,0.25,4.0,0.539995551109314,0.4671604633331299,0.09149797570850203,0.0008097165991902834,1573.6014404296875,1574.1148681640625,-0.00032627558744150836,,0.6514297723770142,0.13404500484466553,,0.2185802459716797,,0.6490506529808044,0.13545264303684235,,0.21549664437770844,168.44239400507328,228.36157438557782,0.4480597709970987,137.4790882068676,168.4423945550518,180.21946168402764,199.44818444933287,225.95681346268927,26.359534127371653,140.85959696215252,267.41545569378394,0.8285793411821609,0.9332215842400778,0.619559162646817,0.6168129539490982,0.0,0.9390896991358878,0.8752433496924923,0.8556051377512859,0.7559719840716481,0.6825143820307061,0.90040672749258,0.9896486021032574,0.18251438203070613,0.10040672749257995,0.03964860210325749,0.017423326371331208,0.0,0.23626373626373626,0.7637362637362637,0.9560439560439561,0.9157507318061787,0.9566158314982613,1.0433874794251317,-8.070683479309082,0.0003125207731500268
396,6.874595680796928e-06,6.874595680796929e-05,1.0,85.28454259923987,4.985761075406461,3.1760901373785897,3.1760901373785897,3.249360986658045,0.0,0.0,0.2939378377553579,2.0730640308277026,0.1034265659950875,2.18055890057538,0.08047958966848012,0.01875696955500422,0.0,1.0320836660024282,380.09997888513516,0.2511885874980205,379.84881756756755,0.0,0.0,0.0,0.0,0.0,11.354992866516113,13.66284465789795,0.4998939335346222,6.773961067199707,36.51255798339844,1.0039931535720825,0.6441971063613892,0.25,4.0,0.5368608236312866,0.4562825560569763,0.06882591093117409,0.003036437246963563,1107.7864990234375,1111.1385498046875,-0.003025899651426498,,0.6478292346000671,0.13224992156028748,,0.2184308022260666,,0.653606116771698,0.13088122010231018,,0.21551266312599182,,,,,,,,,,,,,,,,,,,,,,,,,,,,,,,,,,,,
397,6.860423257757272e-06,6.860423257757273e-05,1.0,84.89793602195945,4.972997716955237,3.1792670585013725,3.1792670585013725,3.248067082585515,0.0,0.0,0.29359296850256017,2.0483936619114234,0.10120248150181126,2.142348830764358,0.08114464218552048,0.017619455182874524,0.0,1.0276568644755595,378.28008868243245,0.2799535442042995,378.0000791807432,0.0,0.0,0.0,0.0,0.0,13.331769943237305,11.016435623168945,0.4998939335346222,4.289004802703857,32.602046966552734,1.0058342218399048,0.595596432685852,0.25,3.331998109817505,0.5161776542663574,0.3944474458694458,0.0708502024291498,0.0,613.064208984375,613.457763671875,-0.0006419469310595987,,0.6165560483932495,0.14928384125232697,,0.23224857449531555,,0.6248246431350708,0.14786820113658905,,0.22730715572834015,,,,,,,,,,,,,,,,,,,,,,,,,,,,,,,,,,,,
398,6.846234617773293e-06,6.846234617773293e-05,1.0,85.72643713048987,4.8957808211043075,3.1655310553473397,3.1655310553473397,3.2430393115894214,0.0,0.0,0.29300563399856155,2.0581417599239864,0.10039222562635267,2.1446578567092485,0.08075069736790012,0.019011644092766015,0.0,1.0290963456437394,382.8667652027027,0.23593302030821103,382.630859375,0.0,0.0,0.0,0.0,0.0,8.1455717086792,13.03146743774414,0.4998939335346222,6.711407661437988,34.5019416809082,1.0085817575454712,0.6171163320541382,0.25,3.8142194747924805,0.5353553891181946,0.4253581166267395,0.08390688259109312,0.0,277.7030944824219,278.1888427734375,-0.0017491641276844757,,0.6454221606254578,0.133724182844162,,0.22092358767986298,,0.6511507034301758,0.13106712698936462,,0.2177821397781372,,,,,,,,,,,,,,,,,,,,,,,,,,,,,,,,,,,,
399,6.832029903724434e-06,6.832029903724434e-05,1.0,85.46279164907095,4.964568266997466,3.1600789250554264,3.1600789250554264,3.232305372083509,0.0,0.0,0.2938631418588999,2.0363816957216003,0.10269581949388659,2.0940799197635136,0.08289658701097644,0.018946805515804806,0.0,1.0406751890440245,381.29259923986484,0.2643549893353436,381.0282411317568,0.0,0.0,0.0,0.0,0.0,9.22081184387207,19.27587890625,0.4998939335346222,13.044405937194824,46.79157257080078,1.007859706878662,0.7109439373016357,0.25,4.0,0.5590324401855469,0.49974605441093445,0.0944331983805668,0.0029352226720647774,429.8578186035156,429.80743408203125,0.00011721206246302514,,0.6814056634902954,0.11351778358221054,,0.20475083589553833,,0.6917510032653809,0.10800635814666748,,0.20024265348911285,,,,,,,,,,,,,,,,,,,,,,,,,,,,,,,,,,,,
400,6.817809258652008e-06,6.817809258652009e-05,1.0,85.00825459248311,4.9809463088576855,3.1496575845254435,3.1496575845254435,3.2253209706899284,0.0,0.0,0.2913771964408256,2.0193093789590373,0.09989344751512683,2.099166457717483,0.08187100693986223,0.018686512032070675,0.0,1.045501708984375,379.01145481418916,0.26267580083898595,378.74870671452703,0.0,0.0,0.0,0.0,0.0,5.811196804046631,15.955493927001953,1.3811278343200684,9.195829391479492,39.71922302246094,1.007707953453064,0.6714946627616882,0.25,4.0,0.5502735376358032,0.47530093789100647,0.10607287449392712,0.0017206477732793523,328.907958984375,329.0261535644531,-0.00035935457580015543,,0.6686679720878601,0.11831929534673691,,0.21175695955753326,,0.6741334199905396,0.11647719144821167,,0.20938938856124878,127.98339462280273,175.55422976051827,0.357396137013695,88.91454696655273,127.98339491104196,141.9725337440988,159.96672935745195,188.06263139332273,32.1515143258231,111.40116101641988,189.06885760763416,0.8335226428836667,0.9325580844520928,0.5904339563386763,0.5831379441909189,0.0,0.9378470975574966,0.8750770172893212,0.8782429267753968,0.7270048735195832,0.7068081052361584,0.9267707302773808,0.9937341980872815,0.20680810523615845,0.12677073027738073,0.04373419808728152,0.025612839397603605,0.0,0.2692307692307692,0.7307692307692307,0.9459706959706959,0.9131739359799322,0.931952161857715,0.9823220470449426,-8.071078300476074,0.00031239737290889025
401,6.803572825757755e-06,6.803572825757754e-05,1.0,84.9844871727196,4.959024377771326,3.161922145534206,3.161922145534206,3.242359058277027,0.0,0.0,0.2919529064281567,2.0124462230785474,0.1012715584522969,2.0783600678315035,0.08415927113713445,0.019587695598602295,0.0,1.0480086867873732,378.95919552364865,0.29177830670330973,378.6675200591216,0.0,0.0,0.0,0.0,0.0,7.9214935302734375,15.692665100097656,1.1585909128189087,9.923660278320312,37.01518249511719,1.0051164627075195,0.6379318237304688,0.25,4.0,0.542949914932251,0.43989086151123047,0.06912955465587045,0.0010121457489878543,1663.9736328125,1664.6529541015625,-0.00040825243601624265,,0.6576318144798279,0.12391459196805954,,0.21792232990264893,,0.6643470525741577,0.12108796834945679,,0.21456503868103027,,,,,,,,,,,,,,,,,,,,,,,,,,,,,,,,,,,,
402,6.7893207484023904e-06,6.789320748402391e-05,1.0,85.03053077491555,4.874261392129434,3.1720362482844173,3.1720362482844173,3.2449975915857263,0.0,0.0,0.29376334113043706,1.997018762536951,0.1006972918639312,2.0439426319019214,0.0814143129297205,0.01872407745670628,0.0,1.050599072430585,379.6151551942568,0.2468738555908203,379.36837521114865,0.0,0.0,0.0,0.0,0.0,1.7826029062271118,20.663522720336914,2.9561471939086914,15.340075492858887,47.158565521240234,1.0046557188034058,0.6521119475364685,0.25,4.0,0.570476770401001,0.47713232040405273,0.07803643724696356,0.003137651821862348,3.520723581314087,3.5173068046569824,0.0009704756929054915,,0.7003405094146729,0.09702203422784805,,0.1975853592157364,,0.715173602104187,0.09157314151525497,,0.19325320422649384,,,,,,,,,,,,,,,,,,,,,,,,,,,,,,,,,,,,
403,6.775053170104182e-06,6.775053170104182e-05,1.0,85.55766337626689,5.033300863729941,3.179754721151816,3.179754721151816,3.251671868401605,0.0,0.0,0.29362126943227407,2.0109677701383024,0.10069485612817712,2.027040842417124,0.08056273331513276,0.018647517706896807,0.0,1.051081270784945,381.4224292652027,0.26992145744529933,381.15252850506755,0.0,0.0,0.0,0.0,0.0,4.234200954437256,20.335371017456055,0.9169293642044067,12.6307373046875,50.11183547973633,1.0026453733444214,0.5849509835243225,0.25,4.0,0.5595244765281677,0.4385453164577484,0.04706477732793522,0.0013157894736842105,44.71213150024414,44.78853225708008,-0.001708725445923336,,0.683198869228363,0.10850667208433151,,0.20499421656131744,,0.6919292211532593,0.10633033514022827,,0.20174047350883484,,,,,,,,,,,,,,,,,,,,,,,,,,,,,,,,,,,,
404,6.760770234537483e-06,6.760770234537483e-05,1.0,86.4834182326858,4.9885575578019425,3.1304313041068412,3.1304313041068412,3.1996020755252323,0.0,0.0,0.29330557745856206,2.005403467126795,0.10003401782061602,2.0328507294525973,0.08376729810560071,0.01996938924531679,0.0,1.0526393168681376,386.5131703969595,0.28236425245130387,386.23070629222974,0.0,0.0,0.0,0.0,0.0,2.5795016288757324,18.462421417236328,1.6910368204116821,12.230175018310547,43.79376983642578,1.003393292427063,0.5183892250061035,0.25,4.0,0.5590009093284607,0.40530523657798767,0.045344129554655874,0.0008097165991902834,2.3961000442504883,2.328051805496216,0.028399581610774636,,0.6828087568283081,0.1066415086388588,,0.20801028609275818,,0.6899443864822388,0.10491317510604858,,0.20514245331287384,,,,,,,,,,,,,,,,,,,,,,,,,,,,,,,,,,,,
405,6.746472085531291e-06,6.746472085531292e-05,1.0,85.15846046241555,5.027005994642103,3.1471279247387036,3.1471279247387036,3.210287145666174,0.0,0.0,0.29169389363881704,1.9839283711201436,0.1012208010699298,2.001825899691195,0.08020255372330949,0.01826235410329458,0.0,1.0563818441854942,379.677734375,0.2522110294651341,379.42557010135135,0.0,0.0,0.0,0.0,0.0,4.426039218902588,21.28530502319336,2.4688682556152344,15.642631530761719,47.90120315551758,1.0036656856536865,0.5723236203193665,0.25,3.9031455516815186,0.5612691640853882,0.42717501521110535,0.05738866396761134,0.0,271.98236083984375,271.9621887207031,7.416701244277863e-05,,0.6864455938339233,0.10408972948789597,,0.20557434856891632,,0.6948373317718506,0.10271658003330231,,0.2024460732936859,110.6317649254432,154.48480439858997,0.31565558507785885,67.42915771819733,110.63176388878232,124.56429827446567,142.12731288680666,171.07720617837998,37.49969918387277,95.70388308976048,163.62353051227072,0.8356816053155758,0.9313451886124974,0.5556271189802434,0.5416861865546918,0.0,0.9349951426728961,0.8762632228515636,0.88644433325028,0.7114983759740728,0.7291964383862812,0.9442306987651606,0.99648235682093,0.22919643838628123,0.1442306987651606,0.04648235682093005,0.03557949507163534,0.0,0.29120879120879123,0.7087912087912088,0.8974358974358974,0.9375598642688531,0.9388787834035172,0.9633997239090584,-8.071130752563477,0.00031238101655617356
406,6.732158867067814e-06,6.732158867067814e-05,1.0,84.87262457770271,4.930193926836993,3.159347946579392,3.159347946579392,3.2401123046875,0.0,0.0,0.2927944853499129,1.9522470010293496,0.10138728167559649,1.98520412960568,0.08337772859109414,0.01881294637113004,0.0,1.060983503187025,378.7075063344595,0.27137624895250473,378.43615392736484,0.0,0.0,0.0,0.0,0.0,4.2228102684021,19.711740493774414,1.4072340726852417,10.625760078430176,55.241737365722656,0.9965863823890686,0.5532525777816772,0.25,4.0,0.5407769083976746,0.4069229066371918,0.02388663967611336,0.00597165991902834,154.63536071777344,154.54466247558594,0.0005865297676191559,,0.6568731069564819,0.11562357097864151,,0.21610522270202637,,0.6710389852523804,0.11530512571334839,,0.21365591883659363,,,,,,,,,,,,,,,,,,,,,,,,,,,,,,,,,,,,
407,6.7178307232810015e-06,6.717830723281e-05,1.0,86.42318148226352,4.9035673399229305,3.143670365617082,3.143670365617082,3.2134413848052152,0.0,0.0,0.2941262013203389,1.9832707997914907,0.1014462355020884,1.9780621915250212,0.08704365910710515,0.021068516615274792,0.0,1.059819711221231,386.6338946368243,0.2752178295238598,386.35871516047297,0.0,0.0,0.0,0.0,0.0,4.409337520599365,21.507564544677734,2.106482744216919,15.072782516479492,50.00431823730469,1.0064119100570679,0.6474077105522156,0.25,3.4138221740722656,0.5588218569755554,0.45253893733024597,0.08532388663967612,0.0,148.0615997314453,148.01290893554688,0.0003288549899957386,,0.6823403835296631,0.10770092904567719,,0.2078229933977127,,0.6934765577316284,0.10337617993354797,,0.203147292137146,,,,,,,,,,,,,,,,,,,,,,,,,,,,,,,,,,,,
408,6.703487798455101e-06,6.7034877984551e-05,1.0,84.6832176414696,4.936457041147593,3.174083606616871,3.174083606616871,3.2512772018845015,0.0,0.0,0.2941920821731155,1.9363568280194257,0.10104111722997718,1.934228226945207,0.07895412960567989,0.018330477379463816,0.0,1.0848476306812183,377.7244510135135,0.2756357192993164,377.4488228462838,0.0,0.0,0.0,0.0,0.0,5.331689834594727,22.937519073486328,1.4786626100540161,19.091032028198242,50.39651107788086,1.0048695802688599,0.6243471503257751,0.25,3.6498658657073975,0.564720869064331,0.44938474893569946,0.05961538461538462,0.0,262.5102233886719,262.6004638671875,-0.0003437598633330756,,0.6910768747329712,0.10375288128852844,,0.2032865583896637,,0.6985777020454407,0.10196767747402191,,0.19945460557937622,,,,,,,,,,,,,,,,,,,,,,,,,,,,,,,,,,,,
409,6.689130237023206e-06,6.689130237023205e-05,1.0,85.2966110641892,5.1417999267578125,3.1627236443596916,3.1627236443596916,3.2396279412346916,0.0,0.0,0.29191924430228566,1.9526363063502956,0.10032154418326714,1.9437097085488808,0.08000236588555414,0.02008926062970548,0.0,1.0881393020217482,379.7969541807432,0.2863038810523781,379.5106630067568,0.0,0.0,0.0,0.0,0.0,3.8757882118225098,21.01876449584961,1.5121393203735352,14.201119422912598,50.10207748413086,1.003952980041504,0.5733718276023865,0.25,3.8701839447021484,0.556186318397522,0.41195148229599,0.05445344129554656,0.0,23.204116821289062,23.065000534057617,0.005995327824923308,,0.6788758635520935,0.1082887202501297,,0.20664426684379578,,0.6923450231552124,0.10455384850502014,,0.20310115814208984,,,,,,,,,,,,,,,,,,,,,,,,,,,,,,,,,,,,
410,6.6747581835658016e-06,6.674758183565801e-05,1.0,84.29108820734797,4.8932783796980575,3.183123201937289,3.183123201937289,3.2601378157332137,0.0,0.0,0.29369354248046875,1.9269949423300254,0.100973992734342,1.9193255450274493,0.082322088447777,0.01792608402870797,0.0,1.096430288778769,375.94903399493245,0.2605693662488783,375.6885029560811,0.0,0.0,0.0,0.0,0.0,5.775723457336426,21.89424705505371,1.709302544593811,15.250455856323242,50.20980453491211,1.0031492710113525,0.5736208558082581,0.25,4.0,0.5573260188102722,0.4193514287471771,0.042105263157894736,0.0012145748987854252,226.14295959472656,226.18484497070312,-0.00018521636071105538,,0.6803474426269531,0.10816743969917297,,0.20706386864185333,,0.6950808763504028,0.10352449119091034,,0.2013946920633316,102.21987399426135,144.87364090824857,0.2892792145448656,52.65814682677552,102.21986908327553,114.77967716529304,131.5682702661651,160.6235160283283,36.88140106201172,85.45645638399346,159.17313882578975,0.8342769445059925,0.9250473889110093,0.5459463806046336,0.5339471597098522,0.0,0.9281220142664023,0.8723226658280109,0.9005012070638749,0.7007747760984615,0.7568978784214576,0.9564142024843355,0.9966106042285002,0.2568978784214576,0.15641420248433546,0.046610604228500274,0.038529185445751346,0.0,0.5164835164835165,0.4835164835164835,0.771978021978022,0.9622137404077655,0.945418259026585,0.9503241671801923,-8.071562767028809,0.0003122461203020066
411,6.660371782809307e-06,6.660371782809307e-05,1.0,85.06189294763513,4.833727449984164,3.1633630701013513,3.1633630701013513,3.2353068171320736,0.0,0.0,0.293401254189981,1.9306813832875844,0.10039660737321184,1.9262513856630068,0.08099795032191921,0.01855525777146623,0.0,1.1068131730363175,380.19021853885135,0.24297827643317146,379.9472128378378,0.0,0.0,0.0,0.0,0.0,3.030200719833374,27.094844818115234,2.4810738563537598,20.92648696899414,61.8678092956543,1.001686692237854,0.5383752584457397,0.25,4.0,0.5762898921966553,0.4245077073574066,0.02803643724696356,0.0005060728744939271,36.85344314575195,36.784908294677734,0.0018596593757378317,,0.7087066173553467,0.09405782073736191,,0.1936318278312683,,0.7168143391609192,0.09217839688062668,,0.19100727140903473,,,,,,,,,,,,,,,,,,,,,,,,,,,,,,,,,,,,
412,6.6459711796246175e-06,6.645971179624617e-05,1.0,84.87818042652027,4.913857537346917,3.162770245526288,3.162770245526288,3.233837024585621,0.0,0.0,0.2928992090998469,1.9317012477565456,0.10204940873223382,1.9017680400126689,0.08390073518495302,0.019419296367748362,0.0,1.1151030256941512,378.88790646114865,0.2539959211607237,378.63400021114865,0.0,0.0,0.0,0.0,0.0,4.878673553466797,21.249187469482422,2.2359976768493652,13.121062278747559,52.09791564941406,1.0021092891693115,0.5422223806381226,0.25,3.6247525215148926,0.5556742548942566,0.4028748869895935,0.03785425101214575,0.0,113.30619812011719,112.97013854980469,0.002965941633274461,,0.6779724359512329,0.10905353724956512,,0.207942396402359,,0.6891528367996216,0.1068916916847229,,0.2039555013179779,,,,,,,,,,,,,,,,,,,,,,,,,,,,,,,,,,,,
413,6.631556519025646e-06,6.631556519025646e-05,1.0,84.71128061655405,4.839892825564823,3.170964627652555,3.170964627652555,3.242744239600929,0.0,0.0,0.2935219326534787,1.9293208766627956,0.10065092267216863,1.8836492590002112,0.08402722590678446,0.01943479518632631,0.0,1.115788846402555,378.4014199746622,0.268876127294592,378.13254856418916,0.0,0.0,0.0,0.0,0.0,2.0714497566223145,26.995071411132812,4.623051166534424,22.145986557006836,56.995296478271484,1.0032073259353638,0.5916756391525269,0.25,4.0,0.5810557007789612,0.4473854899406433,0.06103238866396761,0.0003036437246963563,10.024599075317383,9.900336265563965,0.012395788481893353,,0.7160223126411438,0.089708611369133,,0.19024403393268585,,0.7322705984115601,0.08330105990171432,,0.1844283938407898,,,,,,,,,,,,,,,,,,,,,,,,,,,,,,,,,,,,
414,6.6171279461678685e-06,6.617127946167868e-05,1.0,85.09011428420608,5.048148077887458,3.165170411805849,3.165170411805849,3.235003084749789,0.0,0.0,0.29414602228113124,1.9162432696368243,0.10035714587649784,1.889433783453864,0.08392324318756929,0.018889011563481512,0.0,1.1330536507271431,379.28539379222974,0.282749588425095,379.00261296452703,0.0,0.0,0.0,0.0,0.0,3.20986270904541,28.762718200683594,3.4088239669799805,25.941898345947266,60.199031829833984,1.0050374269485474,0.5998052954673767,0.25,3.667771577835083,0.5893386602401733,0.46385398507118225,0.07520242914979756,0.0,159.95223999023438,160.01719665527344,-0.0004061003774816053,,0.7275631427764893,0.08704869449138641,,0.18487980961799622,,0.732986330986023,0.0848221480846405,,0.18219155073165894,,,,,,,,,,,,,,,,,,,,,,,,,,,,,,,,,,,,
415,6.602685606346849e-06,6.602685606346849e-05,1.0,84.60311972128379,4.945425497519003,3.147923031368771,3.147923031368771,3.22564511685758,0.0,0.0,0.29133804424388987,1.912655598408467,0.09862674249185098,1.9024843782991976,0.08109497379612278,0.018210481952976535,0.0,1.13667462323163,377.4554740287162,0.27409548372835724,377.18142947635135,0.0,0.0,0.0,0.0,0.0,6.104131698608398,19.91649055480957,0.9183968901634216,12.206311225891113,51.290218353271484,1.0008283853530884,0.4623688757419586,0.25,3.1958155632019043,0.5501831769943237,0.36048129200935364,0.014777327935222672,0.0,116.72224426269531,116.39030456542969,0.0028438426570908015,,0.6694086194038391,0.11516489833593369,,0.20943820476531982,,0.674625813961029,0.11747582256793976,,0.20789837837219238,83.40552713582804,128.67253034009474,0.22828286277815144,1.2094372759808552,83.40552763571986,99.39459841438132,116.43265468632565,146.17582277430031,30.111171177455358,67.56123221937077,135.94845182999322,0.8379061551527612,0.8895086200780058,0.5455408676429205,0.5203153205771436,0.0,0.8902958754007032,0.8196607626436416,0.84334058183077,0.6493485438291989,0.8248873254919205,0.9724817705470667,0.9969587043347624,0.32488732549192045,0.1724817705470667,0.04695870433476246,0.038529185445751346,0.0,0.4725274725274725,0.5274725274725275,0.5128205128205127,0.9131181401374576,0.8964165224806293,0.8952578155549018,-8.071639060974121,0.00031222228426486254
416,6.588229644996792e-06,6.588229644996792e-05,1.0,85.88998495565879,4.887642937737542,3.1387922957136825,3.1387922957136825,3.2121186127533785,0.0,0.0,0.29327230195741394,1.915382179054054,0.09857165491258776,1.898801648938978,0.08347327000386007,0.019529381313839474,0.0,1.1429037145666174,384.2119404560811,0.29129097912762614,383.9207664695946,0.0,0.0,0.0,0.0,0.0,4.92020320892334,21.455902099609375,1.341551423072815,14.438841819763184,51.290218353271484,1.0020153522491455,0.5086984634399414,0.25,3.4911744594573975,0.5590428113937378,0.3823983371257782,0.03188259109311741,0.0,45.256256103515625,45.085304260253906,0.0037774190350765395,,0.6825093626976013,0.1087469756603241,,0.20527243614196777,,0.6936891078948975,0.10617570579051971,,0.20013518631458282,,,,,,,,,,,,,,,,,,,,,,,,,,,,,,,,,,,,
417,6.573760207689068e-06,6.573760207689069e-05,1.0,84.07101852829392,4.897966539537585,3.1887246209221916,3.1887246209221916,3.273783709551837,0.0,0.0,0.2930186503642314,1.8839123700116132,0.10026279011288204,1.8608153059675887,0.08264223949329273,0.01838019087507918,0.0,1.1622168051229942,374.8833403716216,0.26637139191498627,374.61694995777026,0.0,0.0,0.0,0.0,0.0,4.738559722900391,27.28489875793457,3.0024070739746094,22.189281463623047,59.730560302734375,1.0053443908691406,0.5622153878211975,0.25,3.389017343521118,0.5794425010681152,0.42116087675094604,0.05748987854251012,0.0,153.3027801513672,153.14102172851562,0.0010551564863458213,,0.7124817967414856,0.09567465633153915,,0.19162769615650177,,0.7230050563812256,0.09162420779466629,,0.18537071347236633,,,,,,,,,,,,,,,,,,,,,,,,,,,,,,,,,,,,
418,6.559277440130747e-06,6.559277440130746e-05,1.0,83.97371859163852,4.924195160736909,3.1871861638249577,3.1871861638249577,3.2617296785921663,0.0,0.0,0.2944447285420186,1.879982613228463,0.09871205123695168,1.85031643429318,0.08192770545547073,0.017946673406137002,0.0,1.1667387678816512,374.2859744510135,0.2706696793839738,374.01525548986484,0.0,0.0,0.0,0.0,0.0,4.1301398277282715,26.22417449951172,1.9623079299926758,18.413543701171875,61.386348724365234,0.9987318515777588,0.6232821941375732,0.25,4.0,0.5733612179756165,0.4698813557624817,0.05020242914979757,0.0057692307692307696,121.03185272216797,121.26290893554688,-0.0019090529326135518,,0.7042588591575623,0.09726705402135849,,0.1923106461763382,,0.7108164429664612,0.09851349890232086,,0.19067007303237915,,,,,,,,,,,,,,,,,,,,,,,,,,,,,,,,,,,,
419,6.544781488163141e-06,6.544781488163141e-05,1.0,85.24312447212837,4.873484018686655,3.1437699601456925,3.1437699601456925,3.209938874115815,0.0,0.0,0.2930457914197767,1.900488569929793,0.09813998196576093,1.8611431637325802,0.08407556688463366,0.019598374495635163,0.0,1.1601188247268264,381.07107791385135,0.26929690386797933,380.8018105996622,0.0,0.0,0.0,0.0,0.0,3.943021774291992,33.97758483886719,1.3155348300933838,30.74665641784668,71.48811340332031,0.9960336685180664,0.5400494933128357,0.25,4.0,0.5974395275115967,0.4491664171218872,0.026720647773279354,0.005566801619433198,67.35731506347656,67.41734313964844,-0.0008911886721628587,,0.7400262951850891,0.08090284466743469,,0.17284603416919708,,0.7488073110580444,0.08088047802448273,,0.17031224071979523,,,,,,,,,,,,,,,,,,,,,,,,,,,,,,,,,,,,
420,6.5302724977603235e-06,6.530272497760324e-05,1.0,84.72774361275337,4.87238208667652,3.1905210340345227,3.1905210340345227,3.2752561826963684,0.0,0.0,0.29301143336940455,1.8845179789775126,0.09905969130026328,1.8501993127771326,0.08407815082653149,0.020336059299675194,0.0,1.1781093494312183,378.28742609797297,0.26701179710594386,378.0204022381757,0.0,0.0,0.0,0.0,0.0,4.824840068817139,24.511709213256836,3.1440374851226807,17.247310638427734,55.89291000366211,1.0035828351974487,0.5073615908622742,0.25,3.5976710319519043,0.5720270276069641,0.3916204273700714,0.046052631578947366,0.0,103.0226058959961,102.97810363769531,0.00043196595459551275,,0.7015231251716614,0.10107998549938202,,0.19483064115047455,,0.7156527042388916,0.09565918147563934,,0.18868806958198547,82.45767318809425,127.23762737897432,0.22326241766367358,-23.958412652487283,82.45767383950364,95.24450843453215,112.54446576422441,140.65079518177978,32.996377672467915,64.0513661111048,141.60207930855128,0.8392456021402329,0.8532618379007939,0.5347035392594403,0.4870015571519018,0.0,0.8494957613069432,0.7661304029285373,0.8069301389707693,0.6298369314594676,0.8619691473379503,0.9779780880143637,0.9967938148107435,0.36196914733795027,0.17797808801436366,0.04679381481074352,0.03554285295518669,0.0,0.45054945054945056,0.5494505494505495,0.35714285714285715,0.8909197697763914,0.874779880292468,0.872321211374723,-8.071666717529297,0.0003122136404272169
421,6.515750615027666e-06,6.515750615027667e-05,1.0,84.84267446157095,4.845538165118243,3.165234952359586,3.165234952359586,3.232702719198691,0.0,0.0,0.29331269135346283,1.887564994193412,0.09819247271563555,1.8429383973817568,0.0797144400106894,0.017806702368968242,0.0,1.1858644227723818,379.1374049831081,0.24863377132931272,378.8888302364865,0.0,0.0,0.0,0.0,0.0,7.3432135581970215,22.129823684692383,0.713883101940155,15.131775856018066,53.64680099487305,1.0013818740844727,0.511318027973175,0.25,3.019373655319214,0.5577219724655151,0.3771979808807373,0.025910931174089068,0.0,269.4430847167969,269.34844970703125,0.00035122448907936487,,0.6794304847717285,0.11522111296653748,,0.20263618230819702,,0.6900860071182251,0.11271291971206665,,0.19720110297203064,,,,,,,,,,,,,,,,,,,,,,,,,,,,,,,,,,,,
422,6.50121598620037e-06,6.50121598620037e-05,1.0,84.82727380701013,4.900825706688133,3.1603432732659416,3.1603432732659416,3.2282372551995353,0.0,0.0,0.29141390001451645,1.8911089510531038,0.09825026022421347,1.8419587418839738,0.08137936205477328,0.019110966373134305,0.0,1.19687642277898,378.8028135557432,0.2701595924996041,378.53259607263516,0.0,0.0,0.0,0.0,0.0,4.490115642547607,25.115461349487305,3.2308781147003174,18.612401962280273,57.44231414794922,1.0078498125076294,0.5827528834342957,0.25,3.3521568775177,0.5788905620574951,0.4292971193790436,0.08208502024291497,0.0,147.60691833496094,147.9613494873047,-0.0024011825214008443,,0.7109906673431396,0.09921588003635406,,0.19069896638393402,,0.7191355228424072,0.09494473040103912,,0.18591979146003723,,,,,,,,,,,,,,,,,,,,,,,,,,,,,,,,,,,,
423,6.4866687576419825e-06,6.486668757641983e-05,1.0,85.9349464210304,5.083025133287585,3.144105034905511,3.144105034905511,3.216751511032517,0.0,0.0,0.2929563264589052,1.8936802632099874,0.09800555899336531,1.850759557775549,0.08272209682980099,0.01929240774463963,0.0,1.1940315865181588,383.49340160472974,0.2835591290448163,383.2098817567568,0.0,0.0,0.0,0.0,0.0,2.0145187377929688,34.6142692565918,4.99773645401001,29.568769454956055,72.04881286621094,1.000176191329956,0.610060453414917,0.25,4.0,0.6003633737564087,0.47297403216362,0.06427125506072874,0.004757085020242915,2.360973834991455,2.185028553009033,0.0745223345446599,,0.7441434860229492,0.08025351911783218,,0.16877150535583496,,0.7636343240737915,0.07289192825555801,,0.16347377002239227,,,,,,,,,,,,,,,,,,,,,,,,,,,,,,,,,,,,
424,6.472109075842936e-06,6.472109075842936e-05,1.0,86.30695074957771,4.90966796875,3.142008807208087,3.142008807208087,3.2089429288297087,0.0,0.0,0.29412470637141047,1.8923741933461782,0.09674358367919922,1.847662642195418,0.07917585244049898,0.01858621513521349,0.0,1.2017061388170398,386.2403399493243,0.27337432552028346,385.96698163006755,0.0,0.0,0.0,0.0,0.0,2.9617490768432617,27.158740997314453,3.466564655303955,17.247310638427734,65.0906753540039,1.0046546459197998,0.5359351634979248,0.25,4.0,0.5829301476478577,0.4249875545501709,0.05991902834008097,0.0006072874493927126,4.299695014953613,3.8373990058898926,0.10751832570820331,,0.7174590826034546,0.094842329621315,,0.1857384592294693,,0.7269774675369263,0.09130725264549255,,0.18171526491641998,,,,,,,,,,,,,,,,,,,,,,,,,,,,,,,,,,,,
425,6.4575370874190644e-06,6.457537087419065e-05,1.0,84.95892498944256,4.796470848289696,3.1570135580526815,3.1570135580526815,3.223953865669869,0.0,0.0,0.2925871256235483,1.8688768953890413,0.09659295468717008,1.8364828986090582,0.08007568926424594,0.019355342194840714,0.0,1.2031121125092377,380.02657833614865,0.25646833471349767,379.7701119087838,0.0,0.0,0.0,0.0,0.0,2.0113120079040527,39.93250274658203,5.759663105010986,37.087547302246094,78.51434326171875,1.0028234720230103,0.5845255851745605,0.25,3.9778194427490234,0.6172505617141724,0.47182145714759827,0.03836032388663967,0.0,4.504658222198486,4.427158355712891,0.017204383254579545,,0.7686351537704468,0.07012149691581726,,0.16058893501758575,,0.7794259786605835,0.0658358708024025,,0.1547381579875946,83.5131717304607,129.01791728065564,0.22199655704148327,-3.4576917795034556,83.5131742415537,97.26122128187926,114.52891672654262,143.13007794882674,24.530907767159597,65.67894319046376,142.50211367399797,0.8312713185077908,0.8527014839848397,0.5206149277974794,0.4847258359009305,0.0,0.8460831442164041,0.7837196146881782,0.8373626137457847,0.6376141281970099,0.8651386904107581,0.9790223883331501,0.9966289252867245,0.3651386904107581,0.1790223883331501,0.046628925286724576,0.033747389249203036,0.0,0.5934065934065934,0.4065934065934066,0.24175824175824176,0.9264038097072433,0.9019542432257107,0.8950355843855784,-8.07191276550293,0.00031213683541864157
426,6.442952939110127e-06,6.442952939110126e-05,1.0,84.92878351984797,4.9017362852354305,3.1849948779956714,3.1849948779956714,3.2612572747307853,0.0,0.0,0.29248255652350347,1.876506908519848,0.09897761731534391,1.818417110958615,0.08188898498947556,0.018254131884188264,0.0,1.2085842441868138,379.21407833614865,0.28741210215800517,378.9266786317568,0.0,0.0,0.0,0.0,0.0,4.235905647277832,29.272607803344727,1.5405336618423462,20.164148330688477,69.01852416992188,1.0037354230880737,0.5559365749359131,0.25,3.6770873069763184,0.5849365592002869,0.43400317430496216,0.05819838056680162,0.0,8.395853042602539,8.279928207397461,0.013807392127619214,,0.7200151681900024,0.09534653276205063,,0.1838606595993042,,0.7292993068695068,0.09210234880447388,,0.1785983443260193,,,,,,,,,,,,,,,,,,,,,,,,,,,,,,,,,,,,
427,6.428356777778338e-06,6.428356777778339e-05,1.0,83.7477829391892,4.832660571948902,3.1876781566722974,3.1876781566722974,3.2644645072318412,0.0,0.0,0.29405702126992717,1.8538789491395693,0.09923226768906052,1.7995733312658362,0.08226033159204431,0.018818594313956594,0.0,1.218012320028769,373.6747519003378,0.23574532689274968,373.4390044341216,0.0,0.0,0.0,0.0,0.0,3.5973596572875977,28.309032440185547,2.1660397052764893,16.700359344482422,71.20941162109375,1.0034147500991821,0.5584838390350342,0.25,3.8512473106384277,0.5792573094367981,0.43546488881111145,0.05526315789473684,0.0,8.296266555786133,7.976728439331055,0.038515893179953346,,0.7116045355796814,0.09932859241962433,,0.18738722801208496,,0.7227826118469238,0.09540227055549622,,0.18181508779525757,,,,,,,,,,,,,,,,,,,,,,,,,,,,,,,,,,,,
428,6.41374875040688e-06,6.41374875040688e-05,1.0,84.82594093116555,4.897031629407728,3.1533827910552152,3.1533827910552152,3.2149452003272803,0.0,0.0,0.29192664172198324,1.865134574271537,0.0971511763495368,1.8121888444230363,0.0784630131077122,0.018278271765322297,0.0,1.2258653382997255,378.90559016047297,0.2449975400357633,378.6606313344595,0.0,0.0,0.0,0.0,0.0,2.7748332023620605,33.422203063964844,3.9705562591552734,25.840761184692383,72.33079528808594,1.002892255783081,0.6131503582000732,0.25,4.0,0.5940005779266357,0.46307048201560974,0.04736842105263158,0.002226720647773279,6.251305103302002,6.172299385070801,0.012638275836108137,,0.7341566681861877,0.08721575140953064,,0.17229913175106049,,0.7514042258262634,0.0804714560508728,,0.16812431812286377,,,,,,,,,,,,,,,,,,,,,,,,,,,,,,,,,,,,
429,6.399129004098422e-06,6.399129004098422e-05,1.0,85.0618995460304,4.899030530774915,3.1556318128431164,3.1556318128431164,3.219955238136085,0.0,0.0,0.2928670161479228,1.864936622413429,0.09768082000113823,1.8172706397804055,0.07943268724389978,0.018176937425458752,0.0,1.2329891307933911,380.05239125844594,0.24685357068036054,379.8055584881757,0.0,0.0,0.0,0.0,0.0,3.1428112983703613,33.829219818115234,4.793617248535156,28.883811950683594,70.65525817871094,1.0026642084121704,0.5780277848243713,0.25,3.649650812149048,0.5995079278945923,0.4475559592247009,0.04261133603238866,0.0,40.51517105102539,40.6225471496582,-0.002650268920192426,,0.7421469688415527,0.08323004841804504,,0.17270158231258392,,0.7534215450286865,0.07911917567253113,,0.16745929419994354,,,,,,,,,,,,,,,,,,,,,,,,,,,,,,,,,,,,
430,6.384497686073653e-06,6.384497686073653e-05,1.0,86.17590661951013,4.887049082163218,3.122874285723712,3.122874285723712,3.1804516766522384,0.0,0.0,0.2924857526212125,1.8790091437262457,0.09720591596654944,1.817536431389886,0.08355419055835621,0.01977051593161918,0.0,1.2274660677523226,385.82289907094594,0.26730454934609904,385.5555848817568,0.0,0.0,0.0,0.0,0.0,2.2456302642822266,34.90658187866211,5.1826300621032715,26.81770896911621,76.09870910644531,1.0055797100067139,0.6575548052787781,0.25,3.969764232635498,0.5993613004684448,0.48685210943222046,0.06791497975708502,0.0,3.3128538131713867,3.036958694458008,0.08328019715704424,,0.7416598796844482,0.08518658578395844,,0.16957290470600128,,0.7617762088775635,0.07520539313554764,,0.16301846504211426,86.82519575265738,138.96196123695475,0.21564925668808424,-44.14223432016897,86.82519690169791,98.960749594243,114.52386246823309,140.9855572464439,21.207843780517578,61.539853650470114,167.71933912194294,0.8324647049914012,0.7958174089894106,0.529528511899483,0.47137315368488747,0.0,0.7799262134478457,0.7198548989649747,0.763400837012055,0.6135264492434521,0.8934447253673372,0.9808728152138068,0.9953098090945733,0.3934447253673372,0.18087281521380671,0.04530980909457338,0.026583855483492725,0.0,0.4065934065934066,0.5934065934065934,0.26465201465201466,0.8915987591167073,0.8761302263854625,0.8737395912572578,-8.072064399719238,0.0003120895416941494
431,6.369854943669781e-06,6.369854943669781e-05,1.0,85.93897144214527,4.879564027528505,3.1531324644346497,3.1531324644346497,3.2230354515281885,0.0,0.0,0.293509122487661,1.8700122317752323,0.0990951512310956,1.8095562909100507,0.08415604282069851,0.019805637565818993,0.0,1.2521345808699325,384.5302470439189,0.27451788412558065,384.2557010135135,0.0,0.0,0.0,0.0,0.0,2.0727298259735107,36.86347961425781,5.358120441436768,30.329153060913086,76.99573516845703,1.0015802383422852,0.6006577014923096,0.25,4.0,0.6092247366905212,0.471759170293808,0.04129554655870445,0.0033400809716599192,1.5931957960128784,1.4182429313659668,0.10981253219770447,,0.7565016746520996,0.07741934806108475,,0.16275733709335327,,0.7729462385177612,0.07045513391494751,,0.15659861266613007,,,,,,,,,,,,,,,,,,,,,,,,,,,,,,,,,,,,
432,6.355200924339056e-06,6.355200924339056e-05,1.0,85.22877296241555,4.915664260451858,3.174919747017525,3.174919747017525,3.2481083225559546,0.0,0.0,0.29315989726298564,1.8622428275443412,0.09772534628172179,1.8018407048405827,0.08173218933311668,0.019873403214119578,0.0,1.2464195457664695,380.71421030405406,0.28422896926467484,380.4299778293919,0.0,0.0,0.0,0.0,0.0,5.0600199699401855,26.533584594726562,1.4147088527679443,17.013113021850586,65.60118103027344,1.0023139715194702,0.5201165080070496,0.25,4.0,0.5738576054573059,0.40164706110954285,0.03431174089068826,0.00020242914979757084,15.291423797607422,14.784056663513184,0.0331798490977422,,0.7031238675117493,0.10548455268144608,,0.18934954702854156,,0.71337890625,0.10338054597377777,,0.18324056267738342,,,,,,,,,,,,,,,,,,,,,,,,,,,,,,,,,,,,
433,6.340535775647295e-06,6.340535775647295e-05,1.0,84.81729703336148,4.997386623073268,3.1354040197423987,3.1354040197423987,3.205163491738809,0.0,0.0,0.29351316915976033,1.8465229756123311,0.09713668436617465,1.7952728271484375,0.08106425001814559,0.018537050968891865,0.0,1.2603184468037374,378.4667704814189,0.2634190224312447,378.2032833614865,0.0,0.0,0.0,0.0,0.0,3.263134479522705,29.748620986938477,4.4812517166137695,25.71490478515625,60.90863800048828,1.0105469226837158,0.549669623374939,0.25,3.6996195316314697,0.5959360003471375,0.4269604980945587,0.09736842105263158,0.0,65.32096099853516,65.34529876708984,-0.00037258742343416047,,0.7356004118919373,0.09083372354507446,,0.1761511117219925,,0.7459856867790222,0.0834786593914032,,0.1705356389284134,,,,,,,,,,,,,,,,,,,,,,,,,,,,,,,,,,,,
434,6.325859645272382e-06,6.325859645272382e-05,1.0,84.46285763302365,4.835222811312289,3.1653077409074113,3.1653077409074113,3.2395889694626265,0.0,0.0,0.29061474671234955,1.8391599912901182,0.09608870583611566,1.8022456813502956,0.08090032113564981,0.01955087442655821,0.0,1.2590575347075592,377.36394108952703,0.2644461038950327,377.0995038006757,0.0,0.0,0.0,0.0,0.0,3.34723162651062,32.09299850463867,3.848019599914551,23.80562400817871,73.18341064453125,1.0103976726531982,0.6464559435844421,0.25,3.578899383544922,0.6022154688835144,0.49730339646339417,0.10495951417004049,0.0,22.824338912963867,22.642942428588867,0.007947502228507904,,0.7445014119148254,0.08847839385271072,,0.1706671565771103,,0.7489242553710938,0.08455124497413635,,0.1665245145559311,,,,,,,,,,,,,,,,,,,,,,,,,,,,,,,,,,,,
435,6.311172681002783e-06,6.311172681002782e-05,1.0,83.8741554054054,4.834360483530405,3.1732955107817777,3.1732955107817777,3.2466170852248735,0.0,0.0,0.29336573626544027,1.8189315795898438,0.09771423082093934,1.7896448083826013,0.08110553509480245,0.018912534455995302,0.0,1.2794028617240287,374.4048775337838,0.24006725001979518,374.16477512668916,0.0,0.0,0.0,0.0,0.0,2.622389793395996,39.09524154663086,5.163432598114014,31.568157196044922,82.6043701171875,1.0049852132797241,0.5981259942054749,0.25,3.8226377964019775,0.6174242496490479,0.4874657392501831,0.06255060728744939,0.0,11.639528274536133,11.426273345947266,0.018321612659802228,,0.7679567933082581,0.07535248249769211,,0.15425080060958862,,0.7739183902740479,0.07297733426094055,,0.15310421586036682,82.88955751356188,127.39968155093827,0.21604385711562607,-20.930067334856307,82.88955763807063,95.44754533675454,112.38883740927805,140.72713300575663,28.041166033063615,63.005309171454854,146.99840048085088,0.8240539479017126,0.7927523878919455,0.525082231054635,0.46907539913189233,0.0,0.7741484784240676,0.7196869243303852,0.7703135494284583,0.6170545983364253,0.890879777215932,0.9807079256897878,0.9957861566084057,0.39087977721593203,0.18070792568978777,0.04578615660840579,0.02376241251694698,0.0,0.5164835164835165,0.4835164835164835,0.3489010989010989,0.9039748573041224,0.8817726972175168,0.8759822226487674,-8.071608543395996,0.0003122318012174219
436,6.296475030736069e-06,6.296475030736069e-05,1.0,83.28199561866555,4.877930512299409,3.1838455200195312,3.1838455200195312,3.2595864373284416,0.0,0.0,0.293599592672812,1.801372631176098,0.09596830445366937,1.7681921881598395,0.07767031643841718,0.01694845669978374,0.0,1.2884869962125212,371.2205975506757,0.2528407638137405,370.9676414695946,0.0,0.0,0.0,0.0,0.0,2.104408025741577,38.626670837402344,6.622860908508301,37.232704162597656,74.04607391357422,1.00871741771698,0.6194219589233398,0.25,3.4519758224487305,0.6179212927818298,0.481187105178833,0.09787449392712551,0.0,3.6116130352020264,3.3136157989501953,0.0825108430353092,,0.7682088613510132,0.076560840010643,,0.15628467500209808,,0.7832404971122742,0.06711652874946594,,0.14964300394058228,,,,,,,,,,,,,,,,,,,,,,,,,,,,,,,,,,,,
437,6.281766842477413e-06,6.281766842477413e-05,1.0,84.73626873944256,4.835950284390836,3.149472004658467,3.149472004658467,3.221141093486064,0.0,0.0,0.29176977518442515,1.8318151525548987,0.09747360203717206,1.7943663725981842,0.08495586627238505,0.020939839852822793,0.0,1.2779358528755806,378.80239125844594,0.2481188645233979,378.5542124155405,0.0,0.0,0.0,0.0,0.0,3.8746631145477295,34.88376235961914,3.076310396194458,25.992616653442383,76.99573516845703,1.0046106576919556,0.594797670841217,0.25,4.0,0.6028577089309692,0.4660421311855316,0.05860323886639676,0.0017206477732793523,13.904504776000977,13.425211906433105,0.03447033010446552,,0.745821475982666,0.08729381859302521,,0.16640378534793854,,0.7564069032669067,0.08286219835281372,,0.16073085367679596,,,,,,,,,,,,,,,,,,,,,,,,,,,,,,,,,,,,
438,6.2670482643381085e-06,6.267048264338108e-05,1.0,85.70699165962837,4.948354360219595,3.1100288597313135,3.1100288597313135,3.168155979465794,0.0,0.0,0.2932644663630305,1.84760366903769,0.0962182702244939,1.7976977374102618,0.08078542915550438,0.018696786584080877,0.0,1.2868745133683488,383.2787953969595,0.26764276865366343,383.0111380912162,0.0,0.0,0.0,0.0,0.0,3.887563467025757,34.62977600097656,3.026545524597168,26.043434143066406,78.85236358642578,1.0065113306045532,0.5516992211341858,0.25,4.0,0.6074159741401672,0.45077869296073914,0.07479757085020243,0.00020242914979757084,15.10293960571289,14.721166610717773,0.02527805877279059,,0.7522810101509094,0.08523638546466827,,0.16405215859413147,,0.7602701187133789,0.08127223700284958,,0.1584576964378357,,,,,,,,,,,,,,,,,,,,,,,,,,,,,,,,,,,,
439,6.252319444534073e-06,6.252319444534073e-05,1.0,84.62860272381756,4.923768327042863,3.168206498429582,3.168206498429582,3.2398032111090584,0.0,0.0,0.2916673711828283,1.840087890625,0.09678669233579894,1.7833771576752533,0.08107565544747017,0.019785547578656994,0.0,1.3070817895837732,377.7377005912162,0.26021153218037374,377.4775126689189,0.0,0.0,0.0,0.0,0.0,2.3479509353637695,37.79745864868164,6.723230361938477,31.169906616210938,77.29708862304688,1.0131258964538574,0.6224059462547302,0.25,3.85125994682312,0.6184747815132141,0.490341454744339,0.122165991902834,0.0,5.915277004241943,5.744396209716797,0.028888046054750274,,0.7679128646850586,0.0803494080901146,,0.15864208340644836,,0.7787954211235046,0.07047059386968613,,0.15073397755622864,,,,,,,,,,,,,,,,,,,,,,,,,,,,,,,,,,,,
440,6.2375805313843564e-06,6.237580531384356e-05,1.0,84.1527198585304,4.81553856102196,3.19826095168655,3.19826095168655,3.2846768353436446,0.0,0.0,0.2934000685408309,1.8090387292810388,0.0963101322586472,1.768195899757179,0.07918020841237661,0.018198709230165224,0.0,1.306160591744088,375.7975612331081,0.26037705911172404,375.5371357685811,0.0,0.0,0.0,0.0,0.0,1.6422531604766846,42.72899627685547,8.3077392578125,40.17959976196289,81.00665283203125,1.006714105606079,0.6291995644569397,0.25,4.0,0.6286682486534119,0.49802514910697937,0.08006072874493927,0.00010121457489878542,0.8625006675720215,0.7390568256378174,0.14312318421932835,,0.7839913368225098,0.07018475234508514,,0.14689967036247253,,0.7997324466705322,0.06058497354388237,,0.1396826207637787,84.14679156292925,127.5215317131695,0.22814030374607686,2.684837425148094,84.14679013273667,97.35146158478015,114.57059919549141,143.4825030614006,26.823157174246653,68.73484542018683,136.09041097889775,0.8262894993657839,0.7821684107277097,0.5150748806635028,0.460792596572411,0.0,0.7570265465011854,0.7249374087728808,0.77768891010509,0.6236787684955127,0.8902202191198564,0.98037814664175,0.9956945513172841,0.3902202191198564,0.18037814664175,0.04569455131728417,0.022296727859001136,0.0,0.6593406593406593,0.34065934065934067,0.45421245421245426,0.9342189273172683,0.9052613075454157,0.8960535062047151,-8.071601867675781,0.0003122338966932148
441,6.222831673309657e-06,6.222831673309657e-05,1.0,85.62421479096284,4.98870478449641,3.13725301381704,3.13725301381704,3.2028581773912586,0.0,0.0,0.291549167117557,1.8407827841269004,0.09634096558029587,1.7908143739442568,0.08197165179897,0.01995698986826716,0.0,1.2851862520784945,382.54138513513516,0.2786834562146986,382.2627217060811,0.0,0.0,0.0,0.0,0.0,2.021653652191162,37.0245475769043,8.020745277404785,29.684497833251953,76.39654541015625,1.0072622299194336,0.6319724917411804,0.25,4.0,0.6160906553268433,0.5018579959869385,0.08593117408906882,0.002631578947368421,1.0587921142578125,0.7419531941413879,0.2992456364661546,,0.7654809951782227,0.07792040705680847,,0.15740154683589935,,0.7741706371307373,0.07245714962482452,,0.15337219834327698,,,,,,,,,,,,,,,,,,,,,,,,,,,,,,,,,,,,
442,6.208073018830807e-06,6.208073018830807e-05,1.0,84.6374709670608,4.910607415276605,3.174557453877217,3.174557453877217,3.2473791998785897,0.0,0.0,0.2927756696134,1.8189208571975295,0.09685601414860906,1.7577801266232052,0.08189747784588788,0.01937448334049534,0.0,1.3098951803671348,377.8577122043919,0.25301835343644424,377.6046505489865,0.0,0.0,0.0,0.0,0.0,4.670713424682617,29.94001007080078,4.116647243499756,21.887977600097656,67.41971588134766,1.0071303844451904,0.5923020839691162,0.25,3.640261173248291,0.5893151760101318,0.44876474142074585,0.07925101214574899,0.0,47.21307373046875,46.9688835144043,0.005172088931521229,,0.7249055504798889,0.0998964011669159,,0.1774151474237442,,0.735641360282898,0.09365342557430267,,0.1707051694393158,,,,,,,,,,,,,,,,,,,,,,,,,,,,,,,,,,,,
443,6.193304716567291e-06,6.19330471656729e-05,1.0,83.95864125844595,4.805878510346284,3.15644155966269,3.15644155966269,3.2226011946394637,0.0,0.0,0.29193909103805954,1.8114502365524705,0.09653168111234098,1.7541105940535262,0.07939544883934227,0.018244440491135057,0.0,1.3200654725770693,375.0957295185811,0.2536671870463603,374.84206081081084,0.0,0.0,0.0,0.0,0.0,2.509286880493164,37.704856872558594,6.451146602630615,32.28521728515625,76.42633056640625,1.0046361684799194,0.5882812142372131,0.25,4.0,0.6135785579681396,0.47221967577934265,0.07338056680161943,0.0005060728744939271,2.4171946048736572,2.023610830307007,0.16282668088580413,,0.761355459690094,0.08140167593955994,,0.15901365876197815,,0.7757835388183594,0.07334798574447632,,0.1508684754371643,,,,,,,,,,,,,,,,,,,,,,,,,,,,,,,,,,,,
444,6.178526915235755e-06,6.178526915235755e-05,1.0,85.06828019425676,4.892066749366554,3.122564779745566,3.122564779745566,3.1892883713180953,0.0,0.0,0.2907381315489073,1.8334723807669975,0.09732404270687618,1.7776918153505068,0.08544023616893871,0.02063770068658365,0.0,1.3061340950630806,380.32593433277026,0.25595507750640045,380.0700221706081,0.0,0.0,0.0,0.0,0.0,2.1477620601654053,41.269981384277344,7.592406749725342,35.806339263916016,83.2846908569336,1.0081909894943237,0.6331437230110168,0.25,3.975158214569092,0.6257478594779968,0.5038976669311523,0.08491902834008097,0.0,2.7768633365631104,2.605752944946289,0.06162002622304147,,0.7791705131530762,0.0742596685886383,,0.14912983775138855,,0.7900328636169434,0.06705379486083984,,0.1429133415222168,,,,,,,,,,,,,,,,,,,,,,,,,,,,,,,,,,,,
445,6.1637397636484904e-06,6.16373976364849e-05,1.0,84.18107316300676,4.904214807458826,3.1453498634132178,3.1453498634132178,3.2103090028505066,0.0,0.0,0.2915245004602381,1.8154288627005912,0.0969932272627547,1.7505453986090582,0.07915061873358649,0.01821144690384736,0.0,1.3245105227908573,375.7715371621622,0.2666132901165936,375.5049355996622,0.0,0.0,0.0,0.0,0.0,3.537148952484131,39.028526306152344,4.464216709136963,33.50580596923828,81.00665283203125,1.0037763118743896,0.6009634733200073,0.25,4.0,0.6126531958580017,0.47896137833595276,0.046761133603238865,0.0003036437246963563,12.8558931350708,12.439093589782715,0.03242089374180151,,0.7600125074386597,0.0827232077717781,,0.15595732629299164,,0.7703560590744019,0.07828743755817413,,0.15135647356510162,80.85487428602282,124.54023479287986,0.21817195454663652,-21.552913246573983,80.85487363398666,93.7495080719024,110.4755585604561,138.69457349841275,35.35888671875,63.40102623044982,136.7248375934103,0.8206665450809804,0.7497187416127964,0.5071650316443144,0.43691830194342085,0.0,0.7129699219424999,0.6947302688294242,0.7385423024406473,0.6127111785234522,0.9007181854823935,0.9808728152138068,0.9957861566084057,0.40071818548239346,0.18087281521380671,0.04578615660840579,0.017643179070023083,0.0,0.5164835164835165,0.4835164835164835,0.49267399267399264,0.8938578511332418,0.8715592861011788,0.8660815001189054,-8.072354316711426,0.00031199908698908985
446,6.148943410711949e-06,6.14894341071195e-05,1.0,84.66156830658784,4.808948826145482,3.14299877269848,3.14299877269848,3.213311478898332,0.0,0.0,0.2904656642192119,1.804019206279033,0.09512734413146973,1.758592347841005,0.08009949890342918,0.01852463709341513,0.0,1.3202869312183276,378.66759923986484,0.24558402396537163,378.4219277871622,0.0,0.0,0.0,0.0,0.0,3.3156797885894775,37.369136810302734,4.5879693031311035,28.2147159576416,79.7507553100586,1.0091192722320557,0.6465834975242615,0.25,3.570143699645996,0.6064348816871643,0.4888697862625122,0.10232793522267207,0.0,7.121293544769287,6.89678430557251,0.03152646886206274,,0.750250518321991,0.08929597586393356,,0.16050513088703156,,0.7658312320709229,0.08037739992141724,,0.15379133820533752,,,,,,,,,,,,,,,,,,,,,,,,,,,,,,,,,,,,
447,6.134138005425243e-06,6.134138005425243e-05,1.0,85.17946975295608,4.84510308343011,3.1159280313027873,3.1159280313027873,3.1754282358530403,0.0,0.0,0.2916940482887062,1.8183331876187712,0.09591513711052972,1.762210124247783,0.08469667305817476,0.019444897368147567,0.0,1.3181114196777344,381.1786053631757,0.26379175443907044,380.91477512668916,0.0,0.0,0.0,0.0,0.0,2.0561444759368896,43.20185089111328,9.863759994506836,39.556671142578125,81.32369995117188,1.0050294399261475,0.617207944393158,0.25,4.0,0.6301121711730957,0.4990304708480835,0.06346153846153846,0.0009109311740890688,4.706868648529053,4.606917858123779,0.02123509234456949,,0.7859486937522888,0.07039790600538254,,0.1439264565706253,,0.7969686388969421,0.06377731263637543,,0.13925407826900482,,,,,,,,,,,,,,,,,,,,,,,,,,,,,,,,,,,,
448,6.119323696878637e-06,6.119323696878637e-05,1.0,84.54306772592905,4.841661195497255,3.149119609111064,3.149119609111064,3.2202507225242822,0.0,0.0,0.29248028832512935,1.803795067039696,0.09572830715694942,1.7507501550622888,0.08162363799842628,0.019371250191250362,0.0,1.3212241095465582,377.8790118243243,0.24468628135887352,377.6343169341216,0.0,0.0,0.0,0.0,0.0,3.060698986053467,41.15908432006836,6.714029788970947,34.30037307739258,85.22650909423828,1.0100680589675903,0.708006739616394,0.25,4.0,0.6256176829338074,0.5451343059539795,0.12419028340080972,0.0006072874493927126,18.967466354370117,18.766374588012695,0.010601930832532632,,0.7781308889389038,0.07788639515638351,,0.14958316087722778,,0.7844491004943848,0.07150387763977051,,0.14404705166816711,,,,,,,,,,,,,,,,,,,,,,,,,,,,,,,,,,,,
449,6.104500634252056e-06,6.104500634252057e-05,1.0,84.76416675464527,4.794672785578547,3.1660853205500423,3.1660853205500423,3.2452103898331925,0.0,0.0,0.2915841695424673,1.8001836828283362,0.09608259072174898,1.7580226176493876,0.0823391901480185,0.018725131009076093,0.0,1.3325466465305638,379.1288006756757,0.22953832471692884,378.8993612753378,0.0,0.0,0.0,0.0,0.0,2.5567684173583984,36.13475799560547,6.307862758636475,26.170921325683594,77.29708862304688,1.0085021257400513,0.6552774906158447,0.25,4.0,0.6075668334960938,0.508331298828125,0.11619433198380567,0.005668016194331984,1.4961390495300293,1.1047084331512451,0.2616271639335537,,0.7516277432441711,0.0898732841014862,,0.15937328338623047,,0.7684383988380432,0.07873773574829102,,0.15282383561134338,,,,,,,,,,,,,,,,,,,,,,,,,,,,,,,,,,,,
450,6.089668966813574e-06,6.089668966813574e-05,1.0,84.82516232052365,4.800958994272593,3.1495188120249153,3.1495188120249153,3.2240280976166598,0.0,0.0,0.29197141286489126,1.7836460422825169,0.09403731371905352,1.7546122782939189,0.0811296862524909,0.019288373960031045,0.0,1.3199060800913218,379.51100612331084,0.2337329967601879,379.2771853885135,0.0,0.0,0.0,0.0,0.0,2.1434032917022705,44.96786880493164,9.54349136352539,42.604209899902344,84.56327056884766,1.010965347290039,0.7314791083335876,0.25,4.0,0.635068953037262,0.5634225010871887,0.13137651821862348,0.0006072874493927126,16.329919815063477,16.225112915039062,0.006418090303648357,,0.7922886610031128,0.07076641917228699,,0.1428251713514328,,0.7986194491386414,0.06351764500141144,,0.137862890958786,82.20376006325523,128.24211466631408,0.2152449819500521,-33.341392076932465,82.20376030904555,96.30518311738435,112.292549202806,139.69068401957819,27.181605202811106,63.532338105430895,142.93785824983016,0.8131398496973029,0.7335001451115489,0.5188754270463164,0.45307530492537856,0.0,0.6951358024652612,0.681917512226831,0.7216380119610322,0.6100727938318404,0.901652559451834,0.9796269832545528,0.9948701036971895,0.401652559451834,0.17962698325455273,0.04487010369718958,0.013301088270858524,0.0,0.46153846153846156,0.5384615384615384,0.5283882783882784,0.8887898997291104,0.8699655780916685,0.8662818398449447,-8.072565078735352,0.0003119333414360881
451,6.074828843917921e-06,6.07482884391792e-05,1.0,83.62043391047297,4.904232540646115,3.186986768567884,3.186986768567884,3.2579733358847127,0.0,0.0,0.29513513719713363,1.780767079946157,0.09544710210851721,1.735940881677576,0.08299652950183765,0.017803354843242747,0.0,1.333880140974715,372.7894584037162,0.25286470877157674,372.5365815033784,0.0,0.0,0.0,0.0,0.0,1.6481047868728638,49.30823516845703,14.04937744140625,44.73611831665039,91.82835388183594,1.0066465139389038,0.6422195434570312,0.25,4.0,0.6403338313102722,0.5233118534088135,0.07216599190283401,0.00020242914979757084,5.508755207061768,5.5248703956604,-0.0029253775114157325,,0.8010139465332031,0.0634549930691719,,0.13797049224376678,,0.8099094033241272,0.05762718617916107,,0.13246342539787292,,,,,,,,,,,,,,,,,,,,,,,,,,,,,,,,,,,,
452,6.059980415004965e-06,6.059980415004964e-05,1.0,85.1242477829392,4.834050358952703,3.1667647490630277,3.1667647490630277,3.2351127830711572,0.0,0.0,0.2921051076940588,1.805147325670397,0.0960052657771755,1.7389342849319045,0.08057972547170278,0.02003948752944534,0.0,1.3293101336504962,380.7460409628378,0.24237697188918655,380.50364231418916,0.0,0.0,0.0,0.0,0.0,3.6964316368103027,34.346439361572266,4.201531887054443,27.45367431640625,73.49848175048828,1.0058614015579224,0.6107507348060608,0.25,4.0,0.5973587036132812,0.4582037329673767,0.075,0.0005060728744939271,9.610593795776367,9.138587951660156,0.049113078145457206,,0.7366288304328918,0.09628885984420776,,0.16678807139396667,,0.7530457973480225,0.08734485507011414,,0.15960931777954102,,,,,,,,,,,,,,,,,,,,,,,,,,,,,,,,,,,,
453,6.045123829598222e-06,6.045123829598222e-05,1.0,84.71432907516892,4.954812951990076,3.121681007179054,3.121681007179054,3.185932262523754,0.0,0.0,0.2918550130483267,1.800759186615815,0.09588101103499129,1.7603838121568836,0.08091997455906223,0.018786274098061228,0.0,1.3273311305690456,378.3022328969595,0.26144339587237386,378.0408572635135,0.0,0.0,0.0,0.0,0.0,2.6478121280670166,43.603214263916016,9.788908958435059,39.711490631103516,82.6043701171875,1.0056051015853882,0.5973559021949768,0.25,3.2466940879821777,0.6209736466407776,0.47483113408088684,0.0694331983805668,0.0,3.176661252975464,2.868044137954712,0.09715140848955219,,0.7722446322441101,0.07724906504154205,,0.15090452134609222,,0.7869928479194641,0.06941397488117218,,0.14359313249588013,,,,,,,,,,,,,,,,,,,,,,,,,,,,,,,,,,,,
454,6.030259237303342e-06,6.030259237303342e-05,1.0,84.95710383234797,4.760249782252956,3.138885498046875,3.138885498046875,3.2068613413217903,0.0,0.0,0.29228530058989655,1.7813526875263936,0.0953259596953521,1.7382445464263092,0.08055705637545199,0.019268664153846534,0.0,1.3341501596811656,380.4424355996622,0.23113578074687235,380.2113861908784,0.0,0.0,0.0,0.0,0.0,3.1733758449554443,32.99838638305664,6.276525020599365,23.299631118774414,70.93179321289062,1.0187188386917114,0.6538498997688293,0.25,4.0,0.6028240323066711,0.49754998087882996,0.15263157894736842,0.000708502024291498,4.476711273193359,3.6630866527557373,0.18174605659954512,,0.7429302334785461,0.09852124750614166,,0.17070388793945312,,0.7501668930053711,0.0882815420627594,,0.1615515798330307,,,,,,,,,,,,,,,,,,,,,,,,,,,,,,,,,,,,
455,6.015386787806605e-06,6.015386787806605e-05,1.0,85.85517842060811,4.913492151208826,3.130039524387669,3.130039524387669,3.1894642597920186,0.0,0.0,0.2930199133383261,1.8034723642710093,0.09443475749041583,1.7507753114442568,0.07963413805574984,0.019494635027808113,0.0,1.3288208214012351,384.17836782094594,0.2596056912396405,383.91873416385135,0.0,0.0,0.0,0.0,0.0,2.9530673027038574,36.626068115234375,7.050686359405518,27.08088493347168,80.69083404541016,1.0140485763549805,0.7372094392776489,0.25,4.0,0.6131741404533386,0.585037350654602,0.15870445344129555,0.01194331983805668,4.287755966186523,3.60646915435791,0.1588912282325016,,0.7591743469238281,0.08841422200202942,,0.15939539670944214,,0.7616688013076782,0.08253151923418045,,0.15579962730407715,87.54650002783471,126.80081535070646,0.23997988040258164,12.273327292976798,87.5465021499439,100.0738135073807,116.60365345106499,144.69827973462012,27.82350812639509,74.7570748144342,132.5007781982422,0.7999877975212318,0.7594320939072224,0.509928280795101,0.457726553335291,0.0,0.722890763931302,0.7148703047311843,0.7637470918091288,0.6198224506501323,0.8920340038840644,0.9794437726723095,0.9955663039097138,0.3920340038840644,0.1794437726723095,0.045566303909713834,0.01381407790113957,0.0,0.6153846153846154,0.38461538461538464,0.5421245421245421,0.9469147664341298,0.91963777584689,0.9111108025024225,-8.07260799407959,0.000311919953674078
456,6.000506630873413e-06,6.0005066308734124e-05,1.0,84.27612964527027,4.837288521431588,3.14226449502481,3.14226449502481,3.207975232923353,0.0,0.0,0.2915484196430928,1.7892880826383024,0.0953091930698704,1.739429370777027,0.08130317765313226,0.018955032567720156,0.0,1.3322129120697845,376.6270323057432,0.25216989259462097,376.3749208192568,0.0,0.0,0.0,0.0,0.0,2.263610601425171,44.33439254760742,8.036425590515137,36.942955017089844,91.43470001220703,1.0120997428894043,0.6984021067619324,0.25,4.0,0.6214925646781921,0.5346828699111938,0.12965587044534413,0.00010121457489878542,0.9102545976638794,0.6924000382423401,0.23933365454088515,,0.7718345522880554,0.08130377531051636,,0.15340863168239594,,0.7856807708740234,0.07068692147731781,,0.14363229274749756,,,,,,,,,,,,,,,,,,,,,,,,,,,,,,,,,,,,
457,5.985618916346779e-06,5.985618916346779e-05,1.0,84.97009607263513,4.877158500052787,3.1663612159522803,3.1663612159522803,3.2394330823743664,0.0,0.0,0.2925559121209222,1.797301215094489,0.09540496001372466,1.7228799768396326,0.07955494442501583,0.018743339422586804,0.0,1.3337692054542336,379.7872677364865,0.2622793042981947,379.5249419341216,0.0,0.0,0.0,0.0,0.0,2.6393914222717285,38.82853317260742,7.461568355560303,28.771202087402344,81.6419906616211,1.0079065561294556,0.5076194405555725,0.25,4.0,0.6100732088088989,0.43847042322158813,0.07307692307692308,0.00010121457489878542,1.4378833770751953,1.0219218730926514,0.28928737240752656,,0.7555662393569946,0.08645811676979065,,0.16098357737064362,,0.7660679817199707,0.07986272871494293,,0.15406927466392517,,,,,,,,,,,,,,,,,,,,,,,,,,,,,,,,,,,,
458,5.970723794145826e-06,5.970723794145826e-05,1.0,84.26569758234797,4.848160202438767,3.1433530240445524,3.1433530240445524,3.208921071645376,0.0,0.0,0.291602289354479,1.7811555604676943,0.09587256328479664,1.7281085864917651,0.08043229257738269,0.01870992376997664,0.0,1.3369713860589105,376.5352882179054,0.24891214112977725,376.2864231418919,0.0,0.0,0.0,0.0,0.0,3.709883689880371,37.08263397216797,4.02089262008667,31.59898567199707,76.99573516845703,1.011735200881958,0.5810222029685974,0.25,3.3854057788848877,0.606804609298706,0.45298027992248535,0.10819838056680162,0.0,2.851236343383789,2.288243293762207,0.1974557636823026,,0.7495529055595398,0.09410197287797928,,0.16143721342086792,,0.7622929811477661,0.0834466740489006,,0.15426036715507507,,,,,,,,,,,,,,,,,,,,,,,,,,,,,,,,,,,,
459,5.9558214142642656e-06,5.955821414264265e-05,1.0,84.21851245777027,4.860664161475929,3.18643518396326,3.18643518396326,3.263792914313239,0.0,0.0,0.2943858069342536,1.765567057841533,0.09509661390974715,1.722897297627217,0.08107573921616013,0.01833888968905887,0.0,1.344739037591058,376.03246410472974,0.26433880264694626,375.7680532094595,0.0,0.0,0.0,0.0,0.0,1.6992930173873901,43.80937576293945,14.89717960357666,38.86741638183594,81.6419906616211,1.0089993476867676,0.5875442028045654,0.25,4.0,0.6316607594490051,0.48897504806518555,0.07803643724696356,0.0009109311740890688,0.9332195520401001,0.6475119590759277,0.3061526007889466,,0.7876708507537842,0.07108267396688461,,0.1460382491350174,,0.7957016825675964,0.06409864127635956,,0.1401997208595276,,,,,,,,,,,,,,,,,,,,,,,,,,,,,,,,,,,,
460,5.940911926768903e-06,5.940911926768903e-05,1.0,85.11174382390203,4.864241728911528,3.1500219396642737,3.1500219396642737,3.213432930611275,0.0,0.0,0.29210974719073324,1.8016596613703548,0.09556639516675794,1.7448608810837205,0.08247958002863703,0.021300857131545607,0.0,1.3289691821948901,380.6084512246622,0.2616664783374683,380.3467852618243,0.0,0.0,0.0,0.0,0.0,3.311535358428955,35.3603630065918,7.476156234741211,30.74665641784668,70.65525817871094,1.019049882888794,0.6733734607696533,0.25,3.957932710647583,0.6121517419815063,0.501028299331665,0.1569838056680162,0.0,7.665703773498535,7.20200777053833,0.06048968453011064,,0.7567529082298279,0.09246265143156052,,0.16252797842025757,,0.7626163959503174,0.08181187510490417,,0.15557169914245605,81.76809348640862,119.66211660173018,0.22402810342426477,-12.05763420691857,81.76809169992353,95.87511106990914,112.33109197815025,140.3379367008416,29.971024649483816,67.09884140842645,130.78794131071672,0.7927405315966605,0.736346675595777,0.5177532037445138,0.46319664993062304,0.0,0.6955321265205868,0.6964470388226088,0.7326014344885735,0.6110184445277831,0.8972371844197721,0.9785826829357663,0.9949800300465355,0.39723718441977207,0.1785826829357663,0.0449800300465355,0.010424682129639809,0.0,0.5054945054945055,0.4945054945054945,0.5576923076923077,0.8991843723988795,0.8792562472460034,0.8746754019470006,-8.072113037109375,0.0003120743785984814
461,5.9259954817981055e-06,5.925995481798106e-05,1.0,83.70503193623311,4.838844093116554,3.185248710013725,3.185248710013725,3.2621299125052787,0.0,0.0,0.2923503824182459,1.763824462890625,0.09574308910885372,1.7201386529046137,0.08042729867471231,0.018144190311431885,0.0,1.358664641509185,373.58754750844594,0.24104020402238174,373.3465477195946,0.0,0.0,0.0,0.0,0.0,2.4074583053588867,43.09769821166992,10.50196647644043,37.3784294128418,85.22650909423828,1.010616421699524,0.6723858118057251,0.25,4.0,0.6220908164978027,0.5191165804862976,0.11477732793522268,0.0012145748987854252,5.333951473236084,4.824962615966797,0.09542435093817715,,0.7728643417358398,0.0805562362074852,,0.15172302722930908,,0.785365104675293,0.0705404207110405,,0.14409449696540833,,,,,,,,,,,,,,,,,,,,,,,,,,,,,,,,,,,,
462,5.9110722295603114e-06,5.911072229560312e-05,1.0,84.90535921663852,4.877221597207559,3.1443398965371623,3.1443398965371623,3.2124091483451225,0.0,0.0,0.29163244608286265,1.7888416599582981,0.09591364860534668,1.7333701881202492,0.08118388459489152,0.019532129571244523,0.0,1.3425424936655406,379.56659100506755,0.25106837298419027,379.3155088682432,0.0,0.0,0.0,0.0,0.0,3.584308624267578,39.74789810180664,5.942494869232178,30.86699676513672,85.22650909423828,1.0080515146255493,0.6573271155357361,0.25,4.0,0.6084282994270325,0.5051207542419434,0.0944331983805668,0.0003036437246963563,9.108552932739258,8.830280303955078,0.03055069568558718,,0.7523719668388367,0.0915379449725151,,0.15884782373905182,,0.7615021467208862,0.08442537486553192,,0.15407249331474304,,,,,,,,,,,,,,,,,,,,,,,,,,,,,,,,,,,,
463,5.8961423203325066e-06,5.896142320332506e-05,1.0,84.01449667440879,4.942415804476352,3.138864465661951,3.138864465661951,3.2004087293470227,0.0,0.0,0.2918565595472181,1.7790504661766258,0.09567294249663481,1.7215489567937077,0.0788707024342305,0.018300402808833768,0.0,1.3588858939505912,374.83728357263516,0.2815462060876795,374.5557432432432,0.0,0.0,0.0,0.0,0.0,4.079465389251709,34.999515533447266,4.732223033905029,25.639667510986328,78.51434326171875,1.0087175369262695,0.6113184690475464,0.25,3.5298397541046143,0.596118152141571,0.4633939862251282,0.10495951417004049,0.0,4.261532783508301,3.0137720108032227,0.2927962393094301,,0.7335824966430664,0.10189913958311081,,0.16950823366641998,,0.7457085251808167,0.09334626793861389,,0.16094522178173065,,,,,,,,,,,,,,,,,,,,,,,,,,,,,,,,,,,,
464,5.881205904458708e-06,5.8812059044587076e-05,1.0,85.49685916385135,4.9183015565614445,3.171920363967483,3.171920363967483,3.2430290015968115,0.0,0.0,0.29201064238677155,1.8090306874868032,0.09593767733187289,1.728435619457348,0.08145360688905458,0.019415220698794804,0.0,1.358357403729413,382.15994510135135,0.26922862594192093,381.8907041807432,0.0,0.0,0.0,0.0,0.0,1.8823190927505493,49.309696197509766,11.264766693115234,45.307701110839844,95.07704162597656,1.0060361623764038,0.6488268971443176,0.25,4.0,0.6303015947341919,0.5141852498054504,0.07246963562753037,0.0005060728744939271,1.0229319334030151,0.7624827027320862,0.25461051920090666,,0.7857929468154907,0.07244830578565598,,0.14233963191509247,,0.8032146692276001,0.06289628893136978,,0.13388904929161072,,,,,,,,,,,,,,,,,,,,,,,,,,,,,,,,,,,,
465,5.866263132348459e-06,5.866263132348459e-05,1.0,84.99815244932432,4.921375583957982,3.1373218845676734,3.1373218845676734,3.201144450419658,0.0,0.0,0.2917902405197556,1.7851727459881757,0.09574598235052985,1.7278445475810282,0.08164570138261125,0.020078283709448738,0.0,1.3558164029508024,379.8487647804054,0.2572501930030617,379.5915065456081,0.0,0.0,0.0,0.0,0.0,2.916045904159546,37.6416015625,8.62014389038086,29.74253273010254,77.59961700439453,1.0061010122299194,0.5327314734458923,0.25,4.0,0.6058908104896545,0.4415937662124634,0.05576923076923077,0.0005060728744939271,3.9126343727111816,3.409851312637329,0.12850243906778824,,0.7493385076522827,0.08993016928434372,,0.16176821291446686,,0.7588495016098022,0.0837242603302002,,0.15742625296115875,86.42764202579038,126.95670971608348,0.2357537508119437,8.962427705198854,86.42764039372153,99.71540691809479,116.1952040570556,144.3766234471885,32.37354278564453,71.4356733218644,136.69596066682234,0.7754862109648285,0.7462416540803993,0.5199436084799737,0.47310261111522034,0.0,0.705567723437007,0.7094355211711794,0.7449556465492435,0.6198747971751026,0.8905683192261185,0.9783261881206259,0.9949250668718626,0.39056831922611845,0.17832618812062584,0.044925066871862596,0.008720823714777766,0.0,0.5934065934065934,0.4065934065934066,0.5934065934065934,0.9394028878637722,0.9127510900680835,0.9044881188771227,-8.072775840759277,0.0003118676249869168
466,5.85131415447531e-06,5.851314154475309e-05,1.0,84.22154112119932,4.831395742055532,3.16270281817462,3.16270281817462,3.237832765321474,0.0,0.0,0.2918388521349108,1.7750640044341217,0.09656688329335805,1.7155491596943624,0.08031886977118415,0.01840613500491993,0.0,1.3672092540844067,376.3123416385135,0.23730484214988914,376.0750633445946,0.0,0.0,0.0,0.0,0.0,2.800905704498291,38.74612808227539,8.067879676818848,30.626787185668945,80.37625122070312,1.0121599435806274,0.6647014617919922,0.25,3.9445960521698,0.6078099012374878,0.505787193775177,0.12105263157894737,0.0,2.4008359909057617,1.6126885414123535,0.32828042085293146,,0.7507964968681335,0.0940011516213417,,0.16284902393817902,,0.7633396983146667,0.082504041492939,,0.15415626764297485,,,,,,,,,,,,,,,,,,,,,,,,,,,,,,,,,,,,
467,5.8363591213753e-06,5.8363591213753e-05,1.0,84.10011085304055,4.804631001240498,3.1861710419525973,3.1861710419525973,3.264609465727935,0.0,0.0,0.2915541674639728,1.7850028373099662,0.0964714256492821,1.7194618018897805,0.08063059884148675,0.01872819339906847,0.0,1.35733784856023,375.7100401182432,0.23758645959802577,375.47244510135135,0.0,0.0,0.0,0.0,0.0,2.329998254776001,44.719547271728516,10.040637969970703,36.942955017089844,91.79256439208984,0.9841929078102112,0.7643877267837524,0.25,4.0,0.606334388256073,0.590175449848175,0.14109311740890687,0.020141700404858298,3.2521023750305176,2.930968761444092,0.09874646507197125,,0.7531147599220276,0.07878798246383667,,0.1500515192747116,,0.7831894159317017,0.07268787175416946,,0.14412273466587067,,,,,,,,,,,,,,,,,,,,,,,,,,,,,,,,,,,,
468,5.821398183645449e-06,5.821398183645449e-05,1.0,84.05233187288852,4.868840398015203,3.156862619760874,3.156862619760874,3.2249780603357263,0.0,0.0,0.2930994807062922,1.7723508267789274,0.09667498356587179,1.7281120918892525,0.08144761420585014,0.019367205130087363,0.0,1.355791968268317,375.2943940033784,0.25405953381512614,375.04038217905406,0.0,0.0,0.0,0.0,0.0,2.703340530395508,43.853763580322266,7.3739190101623535,40.25815200805664,86.9074478149414,1.0140578746795654,0.7350925207138062,0.25,4.0,0.6222656965255737,0.5603117346763611,0.1521255060728745,0.0011133603238866396,3.035161018371582,2.706946849822998,0.10813731678877345,,0.7721529603004456,0.08486367017030716,,0.1503022164106369,,0.7832438349723816,0.07337965071201324,,0.14337651431560516,,,,,,,,,,,,,,,,,,,,,,,,,,,,,,,,,,,,
469,5.806431491942233e-06,5.8064314919422325e-05,1.0,84.21293681376689,4.853960604281039,3.1626143584380277,3.1626143584380277,3.231883280986064,0.0,0.0,0.2943368860193201,1.7550863317541174,0.09474841968433277,1.7093060467694257,0.07903216980599068,0.017791329203425226,0.0,1.3423463976061023,376.18771114864865,0.26059722900390625,375.92710092905406,0.0,0.0,0.0,0.0,0.0,3.9016928672790527,39.11209487915039,4.891509056091309,32.85774612426758,82.2823257446289,1.0113866329193115,0.7067493200302124,0.25,4.0,0.600999653339386,0.5134173035621643,0.14008097165991903,0.0004048582995951417,4.330113410949707,3.362530469894409,0.22345441082640874,,0.7405258417129517,0.10008416324853897,,0.16470065712928772,,0.752737283706665,0.08918964862823486,,0.15807309746742249,,,,,,,,,,,,,,,,,,,,,,,,,,,,,,,,,,,,
470,5.791459196980068e-06,5.791459196980068e-05,1.0,83.58599688555744,4.814274143528294,3.160663501636402,3.160663501636402,3.229103913178315,0.0,0.0,0.29209897324845596,1.74547494424356,0.09414333910555453,1.7145831133868243,0.08088938609973804,0.01936082582216005,0.0,1.3386277894716005,373.2666279560811,0.25014047364930847,373.01636402027026,0.0,0.0,0.0,0.0,0.0,2.3492133617401123,44.427825927734375,9.395532608032227,37.45150375366211,86.94132995605469,1.0059536695480347,0.6847316026687622,0.25,4.0,0.6149563193321228,0.5337615013122559,0.10121457489878542,0.005870445344129555,1.7740976810455322,1.1685128211975098,0.3413480927899821,,0.7631134986877441,0.08282901346683502,,0.15270277857780457,,0.7800508737564087,0.07378625124692917,,0.14616289734840393,84.14779830764938,125.6899129414361,0.22599736452811128,-2.9031439141912774,84.14779737293841,96.60014996666371,114.52973846298791,142.37749938278685,26.477928161621094,69.36323458649392,134.3847072435462,0.7697377837015805,0.7203375458894545,0.5235471608347344,0.47415683091796007,0.0,0.6738749167071852,0.6857295834870939,0.7338823196610847,0.6161975598195014,0.8929500567952805,0.9771353193360448,0.9944670404162544,0.3929500567952805,0.17713531933604476,0.04446704041625449,0.006595580960756293,0.0,0.532967032967033,0.46703296703296704,0.6236263736263736,0.9178584890214951,0.8941666999688516,0.8878596589624227,-8.072968482971191,0.00031180758378468454
471,5.776481449529803e-06,5.776481449529803e-05,1.0,84.40674487964527,4.811623238228463,3.146954923062711,3.146954923062711,3.2157601021431588,0.0,0.0,0.2920331181706609,1.770210059913429,0.09607379500930374,1.7156437023265942,0.0826545728219522,0.02009070886147989,0.0,1.3414248904666386,377.41971072635135,0.25242872495908997,377.1672825168919,0.0,0.0,0.0,0.0,0.0,3.708266258239746,34.594703674316406,6.239247798919678,25.192909240722656,75.83158111572266,1.0112961530685425,0.5933141112327576,0.25,4.0,0.5916274785995483,0.46184664964675903,0.09139676113360323,0.003036437246963563,3.4067811965942383,2.484386444091797,0.2707525665060498,,0.7267656326293945,0.1051824614405632,,0.17493902146816254,,0.7363749742507935,0.09604933857917786,,0.16757573187351227,,,,,,,,,,,,,,,,,,,,,,,,,,,,,,,,,,,,
472,5.761498400417187e-06,5.761498400417187e-05,1.0,84.17053552576013,4.768586442277238,3.1521530151367188,3.1521530151367188,3.2213736869193412,0.0,0.0,0.291172439987595,1.7719324472788218,0.09576890275285051,1.7144149574073586,0.08386836825190364,0.019752794020884746,0.0,1.3186210426124367,376.4325907939189,0.22563052821803736,376.2070576435811,0.0,0.0,0.0,0.0,0.0,2.2351834774017334,48.68920135498047,10.23468017578125,46.60914993286133,90.36944580078125,1.017573356628418,0.7682000398635864,0.25,4.0,0.6412671804428101,0.6073322296142578,0.15789473684210525,0.0037449392712550606,3.0971083641052246,2.630311965942383,0.150720072817892,,0.800202488899231,0.07154590636491776,,0.14025570452213287,,0.7996794581413269,0.06489723175764084,,0.13542330265045166,,,,,,,,,,,,,,,,,,,,,,,,,,,,,,,,,,,,
473,5.746510200521354e-06,5.746510200521355e-05,1.0,85.10624736064189,4.902820071658573,3.152527886468011,3.152527886468011,3.220762098157728,0.0,0.0,0.2921049014942066,1.7956740920608107,0.09445707218067066,1.741904593802787,0.08332038570094753,0.02057697644104829,0.0,1.3318626816208299,380.3826541385135,0.2690022185042098,380.1137035472973,0.0,0.0,0.0,0.0,0.0,4.336646556854248,35.51070022583008,5.626789569854736,26.97530746459961,75.53593444824219,1.016158938407898,0.6023762226104736,0.25,4.0,0.5987012386322021,0.45736658573150635,0.12489878542510122,0.00020242914979757084,6.218516826629639,5.287304878234863,0.14974823970999546,,0.7362586855888367,0.10446067154407501,,0.17036351561546326,,0.7443283796310425,0.09303895384073257,,0.16263264417648315,,,,,,,,,,,,,,,,,,,,,,,,,,,,,,,,,,,,
474,5.7315170007733164e-06,5.731517000773317e-05,1.0,84.21157754434121,4.880832569019215,3.158431594436233,3.158431594436233,3.22294451739337,0.0,0.0,0.2914226892832163,1.7669879810230151,0.09485128763559703,1.7039972253747888,0.08148597382210396,0.018102280191473058,0.0,1.35439733556799,376.0585673564189,0.26711373715787323,375.7914907094595,0.0,0.0,0.0,0.0,0.0,2.5931127071380615,41.691104888916016,11.851579666137695,33.63694763183594,83.2846908569336,1.0158380270004272,0.6587459444999695,0.25,4.0,0.6214231252670288,0.5240670442581177,0.14665991902834008,0.0013157894736842105,2.494070053100586,1.8038067817687988,0.2767617816001854,,0.7708391547203064,0.08496616780757904,,0.15436509251594543,,0.7750461101531982,0.07617756724357605,,0.1487763375043869,,,,,,,,,,,,,,,,,,,,,,,,,,,,,,,,,,,,
475,5.716518952154427e-06,5.716518952154427e-05,1.0,84.0806983741554,4.864766301335515,3.1404410697318412,3.1404410697318412,3.208852819494299,0.0,0.0,0.29355389363056905,1.7544130892366976,0.09452236665261758,1.712347700789168,0.08200781409804886,0.01883820102021501,0.0,1.3429246850915857,375.5746410472973,0.24749147569811022,375.3271484375,0.0,0.0,0.0,0.0,0.0,3.948164224624634,37.135982513427734,6.564907073974609,33.018592834472656,72.926513671875,1.0083280801773071,0.5954615473747253,0.25,3.603217840194702,0.5972403287887573,0.4462934732437134,0.09534412955465588,0.0,6.710962295532227,4.985877990722656,0.2570546858768723,,0.735328197479248,0.1007879301905632,,0.16865558922290802,,0.748443603515625,0.09129755198955536,,0.16025882959365845,79.95242540128939,123.29780386165616,0.21012426612383778,-28.672465272002167,79.95242497496672,92.35617794877828,108.55018655810676,136.52093488105834,33.608995710100444,59.617285854132604,144.03149082349694,0.7273655059864086,0.6893309784937481,0.5314443801547347,0.47263392164067025,0.0,0.635351412546204,0.6513182777321549,0.6981080249534505,0.6146325339436506,0.8947638415594885,0.9764207980652962,0.9939540507859734,0.3947638415594885,0.1764207980652962,0.043954050785973475,0.0037008537613132534,0.0,0.4835164835164835,0.5164835164835165,0.6932234432234432,0.8710047774589978,0.8502362905950337,0.8458186975055999,-8.072967529296875,0.0003118078748229891
476,5.701516205694867e-06,5.7015162056948666e-05,1.0,84.40904112119932,4.773497710356841,3.1777706661739864,3.1777706661739864,3.2504286894927152,0.0,0.0,0.2917965553902291,1.7658466648411106,0.09499495093886917,1.699268237964527,0.08225118147360312,0.019563560550277297,0.0,1.3454625928724133,377.49002322635135,0.25357006691597606,377.2364600929054,0.0,0.0,0.0,0.0,0.0,3.63531231880188,40.500244140625,8.554730415344238,34.5019416809082,79.4398422241211,1.0110386610031128,0.6467002034187317,0.25,4.0,0.6100049018859863,0.4828933775424957,0.1097165991902834,0.0033400809716599192,9.459938049316406,8.720701217651367,0.07814394003546966,,0.7542616128921509,0.09159334003925323,,0.16127051413059235,,0.7649330496788025,0.08174048364162445,,0.15332643687725067,,,,,,,,,,,,,,,,,,,,,,,,,,,,,,,,,,,,
477,5.686508912472132e-06,5.6865089124721314e-05,1.0,84.26247756545608,4.829822849582982,3.15463772335568,3.15463772335568,3.2292433042783997,0.0,0.0,0.2900543728390256,1.7652394062763936,0.09602399774499841,1.7020111083984375,0.08273412085868218,0.020365594206629572,0.0,1.3581675967654667,376.58807538006755,0.24845344955856735,376.33963260135135,0.0,0.0,0.0,0.0,0.0,2.9515621662139893,41.12132263183594,9.106462478637695,38.26483154296875,75.8020248413086,1.0158815383911133,0.6587011218070984,0.25,3.408869743347168,0.6131816506385803,0.4911026358604431,0.1484817813765182,0.0,2.5784671306610107,2.1119394302368164,0.18093218830545893,,0.7582184672355652,0.09230212867259979,,0.16048024594783783,,0.7704681158065796,0.0792151391506195,,0.1503167301416397,,,,,,,,,,,,,,,,,,,,,,,,,,,,,,,,,,,,
478,5.6714972236094915e-06,5.671497223609491e-05,1.0,84.49683277027027,4.861088933171453,3.134634069494299,3.134634069494299,3.1964307217984587,0.0,0.0,0.29272321752599767,1.7663722682643581,0.09646010398864746,1.7044185947727513,0.08223916388846733,0.019427030473142058,0.0,1.3555595810348924,377.6957084037162,0.2780074299992742,377.41770481418916,0.0,0.0,0.0,0.0,0.0,2.575090169906616,47.42911911010742,8.653882026672363,45.26345443725586,90.36944580078125,1.0111041069030762,0.7134227156639099,0.25,4.0,0.6251295208930969,0.5487809777259827,0.14564777327935222,0.0057692307692307696,2.0067954063415527,1.821927547454834,0.0921209298678525,,0.7766483426094055,0.08230097591876984,,0.14608687162399292,,0.7917419672012329,0.07060481607913971,,0.13765324652194977,,,,,,,,,,,,,,,,,,,,,,,,,,,,,,,,,,,,
479,5.656481290274489e-06,5.656481290274489e-05,1.0,83.79867636190879,4.820285694019215,3.184522886533995,3.184522886533995,3.2676156533731,0.0,0.0,0.2911875699017499,1.7557428720835093,0.094933084539465,1.7108579068570524,0.07971151455028637,0.018579913152230752,0.0,1.362220557960304,374.17356418918916,0.24545659245671453,373.92805109797297,0.0,0.0,0.0,0.0,0.0,2.8717052936553955,41.706092834472656,9.37720012664795,36.29924011230469,81.96153259277344,1.0146265029907227,0.7155284285545349,0.25,4.0,0.6213211417198181,0.5567027926445007,0.133502024291498,0.010020242914979757,10.099648475646973,9.489134788513184,0.06044900360699734,,0.7700293660163879,0.0878719761967659,,0.15433117747306824,,0.7720149755477905,0.07962009310722351,,0.14836496114730835,,,,,,,,,,,,,,,,,,,,,,,,,,,,,,,,,,,,
480,5.641461263677408e-06,5.641461263677408e-05,1.0,85.76455605996621,4.841762645824535,3.124558113716744,3.124558113716744,3.1952077504750847,0.0,0.0,0.29101000605402766,1.7814506324561867,0.09622243288401011,1.7302893561285895,0.08348347045279839,0.021514628384564374,0.0,1.342779726595492,384.1432643581081,0.2537921699317726,383.88943728885135,0.0,0.0,0.0,0.0,0.0,3.246974468231201,39.012264251708984,7.2383599281311035,33.571311950683594,76.99573516845703,1.0190141201019287,0.7191373109817505,0.25,4.0,0.6125670075416565,0.5350794792175293,0.16427125506072873,0.0037449392712550606,2.5686144828796387,1.7556424140930176,0.3165021743065192,,0.7562592625617981,0.09780153632164001,,0.15816009044647217,,0.7642825841903687,0.08414074778556824,,0.1515766829252243,85.08091216034941,128.19001656874204,0.23024486518899975,8.424549731579456,85.08091297323945,97.23947600528825,114.47213527838494,142.83225308766936,34.04996708461216,68.87273359668347,138.29986107867697,0.7063178987855039,0.7076545070635427,0.5369522033003393,0.48593147109321694,0.0,0.6561232376674995,0.6780523133562443,0.7262842933328969,0.6232930667112312,0.8868857865230295,0.9760726979590341,0.9944120772415814,0.3868857865230295,0.17607269795903402,0.04441207724158147,0.0033161115386024695,0.0,0.5989010989010989,0.4010989010989011,0.7490842490842491,0.9319524522666093,0.901621109509206,0.8919287434482313,-8.07334041595459,0.0003116916341241449
481,5.626437295069746e-06,5.6264372950697454e-05,1.0,83.68453072212837,4.719748419684333,3.171225676665435,3.171225676665435,3.2334685454497465,0.0,0.0,0.2926673889160156,1.7509301675332558,0.09556010607126597,1.6980402147447742,0.08103172199146168,0.01834996326549633,0.0,1.347825746278505,374.1860747466216,0.21659028852308118,373.9694362331081,0.0,0.0,0.0,0.0,0.0,2.8169806003570557,43.31597137451172,8.998614311218262,34.84052658081055,89.31660461425781,1.0050206184387207,0.5841295123100281,0.25,4.0,0.6106443405151367,0.4813978672027588,0.08410931174089069,0.0032388663967611335,1.6610302925109863,1.2991361618041992,0.21787328764468844,,0.7557712197303772,0.08980590105056763,,0.15598641335964203,,0.7671704292297363,0.08281086385250092,,0.15001866221427917,,,,,,,,,,,,,,,,,,,,,,,,,,,,,,,,,,,,
482,5.611409535742702e-06,5.6114095357427024e-05,1.0,85.04696077913852,4.879388757654138,3.1216995651657515,3.1216995651657515,3.183510239059861,0.0,0.0,0.29162136284080714,1.7672789290144637,0.09612254194311194,1.7111779290276605,0.08535128670769769,0.019751192750157538,0.0,1.35085306940852,380.40788640202703,0.257011130049422,380.1509448902027,0.0,0.0,0.0,0.0,0.0,1.825952172279358,52.79915237426758,13.064813613891602,47.76109313964844,98.86447143554688,1.0072423219680786,0.7458404898643494,0.25,4.0,0.6376379728317261,0.5952633619308472,0.1317813765182186,0.00931174089068826,1.5274927616119385,1.202516794204712,0.21275123232943158,,0.7958812117576599,0.0709691122174263,,0.13618578016757965,,0.8068941831588745,0.06294038891792297,,0.13016542792320251,,,,,,,,,,,,,,,,,,,,,,,,,,,,,,,,,,,,
483,5.596378137025647e-06,5.5963781370256474e-05,1.0,85.92250844594595,4.891286489125845,3.121169425345756,3.121169425345756,3.1857578174487964,0.0,0.0,0.29169247601483317,1.7816013645481419,0.09508759910995895,1.7285017065099768,0.08128778998916214,0.020977145916706807,0.0,1.3441145613386825,384.70824535472974,0.2791562724757839,384.4291860219595,0.0,0.0,0.0,0.0,0.0,3.3746907711029053,35.549930572509766,8.323981285095215,30.03441047668457,71.20941162109375,1.016330599784851,0.6960920095443726,0.25,4.0,0.6002197861671448,0.5213506817817688,0.14838056680161943,0.003947368421052632,2.950897216796875,2.20317006111145,0.25338976614612957,,0.7381583452224731,0.1052253246307373,,0.16786879301071167,,0.7478046417236328,0.09189937263727188,,0.1602959781885147,,,,,,,,,,,,,,,,,,,,,,,,,,,,,,,,,,,,
484,5.581343250284596e-06,5.581343250284595e-05,1.0,83.88611169763513,5.070718713708826,3.121266133076436,3.121266133076436,3.178754239468961,0.0,0.0,0.2910070161561708,1.7614601753853463,0.09521180230218011,1.702761985160209,0.08249739698461585,0.019467034855404415,0.0,1.3595619201660156,373.67055532094594,0.2560052613954286,373.4145111908784,0.0,0.0,0.0,0.0,0.0,2.9696996212005615,47.3973503112793,9.521157264709473,39.94485855102539,94.3739242553711,1.0109988451004028,0.6451444625854492,0.25,4.0,0.6284011006355286,0.5214375257492065,0.10657894736842105,0.000708502024291498,5.7194743156433105,4.415625095367432,0.22796661866453816,,0.7812848687171936,0.08040515333414078,,0.14631560444831848,,0.782895028591156,0.07528211921453476,,0.14182284474372864,,,,,,,,,,,,,,,,,,,,,,,,,,,,,,,,,,,,
485,5.566305026920694e-06,5.566305026920694e-05,1.0,84.65854624155405,4.8483292863175675,3.1510710845122465,3.1510710845122465,3.221154290276605,0.0,0.0,0.29193710636448217,1.751636195827175,0.09291273838764913,1.7092802717879012,0.07900534449396907,0.019979351275676006,0.0,1.3452208235457137,378.5097128378378,0.23493826067125476,378.27475717905406,0.0,0.0,0.0,0.0,0.0,2.231048345565796,45.54389953613281,12.10895824432373,37.524723052978516,88.96839904785156,1.00771963596344,0.5988110899925232,0.25,4.0,0.6206347346305847,0.4959191679954529,0.08218623481781377,0.001417004048582996,0.9839730858802795,0.6645953059196472,0.3245797924187239,,0.7704890966415405,0.08281441777944565,,0.15123780071735382,,0.7796577215194702,0.07561434805393219,,0.1447279453277588,82.99665092635941,128.97186155561837,0.2217956331344181,-25.09935364356408,82.99665218368101,95.18925096318424,111.17132207597976,138.59456278802682,31.4699581691197,64.34131681457046,143.15371505073878,0.6635490807993096,0.6942240746817514,0.5480726595559321,0.5004507798859519,0.0,0.6447789191100004,0.657435095619549,0.6976725351408541,0.6165954798530559,0.8901102927705105,0.9738924920303397,0.993477703272141,0.39011029277051046,0.17389249203033963,0.043477703272141066,0.0018504268806566267,0.0,0.45054945054945056,0.5494505494505495,0.7408424908424908,0.8889889642596245,0.8672598677349614,0.862318414416942,-8.0728120803833,0.00031185633270069957
486,5.551263618368682e-06,5.551263618368682e-05,1.0,84.70157437711148,4.765164761929898,3.146748310810811,3.146748310810811,3.21197695345492,0.0,0.0,0.2913327861476589,1.764531728383657,0.09486972319113242,1.6995867136362437,0.08104235417134054,0.019596269001831878,0.0,1.3450699883538324,379.15490392736484,0.21129007597227353,378.9436497043919,0.0,0.0,0.0,0.0,0.0,3.901890993118286,33.910160064697266,8.275350570678711,25.489871978759766,73.46984100341797,1.0172207355499268,0.6362975239753723,0.25,3.8864119052886963,0.5919706225395203,0.4766736626625061,0.13876518218623482,0.0,4.979633808135986,4.039798736572266,0.1887357801347097,,0.7254530787467957,0.11267223954200745,,0.17493952810764313,,0.7311323881149292,0.10103209316730499,,0.1678355634212494,,,,,,,,,,,,,,,,,,,,,,,,,,,,,,,,,,,,
487,5.536219176095379e-06,5.5362191760953785e-05,1.0,84.31151024070945,4.828513892921242,3.157780002903294,3.157780002903294,3.2322171185467696,0.0,0.0,0.290193222664498,1.7588140126821157,0.09487240378921097,1.7168288359770905,0.08554807869163719,0.021489663704021555,0.0,1.3284224432867926,376.8153769003378,0.263478201788825,376.55194256756755,0.0,0.0,0.0,0.0,0.0,2.3632664680480957,45.926753997802734,10.563681602478027,43.022308349609375,86.56863403320312,1.004326581954956,0.769812822341919,0.25,4.0,0.6212903261184692,0.5976547002792358,0.12813765182186235,0.01609311740890688,3.376032829284668,3.249096393585205,0.037599289496944514,,0.7717068195343018,0.08207090198993683,,0.14729143679141998,,0.7826520204544067,0.07397563755512238,,0.14337240159511566,,,,,,,,,,,,,,,,,,,,,,,,,,,,,,,,,,,,
488,5.5211718515981495e-06,5.521171851598149e-05,1.0,85.01592852618244,4.841060329127956,3.138841371278505,3.138841371278505,3.2100137246621623,0.0,0.0,0.2917986431637326,1.7585572938661318,0.09453783164153227,1.7146766250197951,0.08211534087722366,0.01969722960446332,0.0,1.3457665314545502,380.3736011402027,0.25436566327069254,380.1192198057432,0.0,0.0,0.0,0.0,0.0,1.8716751337051392,52.81648254394531,15.28027057647705,49.0850830078125,96.57428741455078,0.9890156388282776,0.7608504891395569,0.25,4.0,0.6209911704063416,0.5915502905845642,0.11781376518218624,0.01568825910931174,4.031595706939697,3.9188899993896484,0.027955607591318092,,0.7738341093063354,0.07279834151268005,,0.14061163365840912,,0.8007409572601318,0.0647052600979805,,0.13455379009246826,,,,,,,,,,,,,,,,,,,,,,,,,,,,,,,,,,,,
489,5.506121796403385e-06,5.506121796403384e-05,1.0,85.78524202913852,4.933077425570102,3.101974281104835,3.101974281104835,3.1599434517525338,0.0,0.0,0.2915567449621252,1.7801554911845439,0.09463759370752282,1.726099478231894,0.08128041190070075,0.019418223484142405,0.0,1.3419653402792442,383.9151974239865,0.282582205695075,383.63260135135135,0.0,0.0,0.0,0.0,0.0,2.0504887104034424,47.35972595214844,14.723621368408203,43.95661163330078,85.56007385253906,1.009921908378601,0.7203594446182251,0.25,4.0,0.6256133913993835,0.5603373050689697,0.12651821862348178,0.00860323886639676,1.507868766784668,1.312159538269043,0.12979195061712778,,0.7778686285018921,0.07925714552402496,,0.14832639694213867,,0.7896826267242432,0.06963018327951431,,0.14068713784217834,,,,,,,,,,,,,,,,,,,,,,,,,,,,,,,,,,,,
490,5.491069162064973e-06,5.491069162064972e-05,1.0,86.18505859375,4.823583242055532,3.1024130743903084,3.1024130743903084,3.161117141311233,0.0,0.0,0.29149295188285207,1.7844252715239655,0.09383112031060296,1.7213286322516363,0.0807279058404871,0.02011191683846551,0.0,1.338871208397118,386.46228357263516,0.24882249574403506,386.2134448902027,0.0,0.0,0.0,0.0,0.0,2.5620946884155273,45.51751708984375,10.35936164855957,42.190181732177734,85.22650909423828,1.0076793432235718,0.7097094655036926,0.25,4.0,0.6197296977043152,0.5559221506118774,0.13927125506072874,0.00840080971659919,2.7334139347076416,1.8946731090545654,0.30684735122007256,,0.769070565700531,0.08459313213825226,,0.14807987213134766,,0.7822887897491455,0.07457525283098221,,0.14313599467277527,85.05038452148438,129.28669182286296,0.23021781657990453,4.73188731434581,85.05038051467561,97.83732007399429,115.30777752763026,142.9880936741409,25.174339294433594,71.14674359698628,133.15260182256284,0.6754513077808675,0.7120957717636476,0.5487412051777292,0.509472466226057,0.0,0.6640157920350442,0.6810729035355086,0.7188613847279668,0.6206647768387342,0.8861895863105053,0.9740940236708072,0.9937708402037302,0.38618958631050526,0.17409402367080717,0.04377084020373023,0.001996995346451211,0.0,0.5879120879120879,0.41208791208791207,0.7655677655677656,0.9308758089011842,0.9035227058844252,0.895290304016281,-8.073271751403809,0.00031171305454336107
491,5.476014100162777e-06,5.476014100162778e-05,1.0,84.32229201858108,4.780841724292652,3.1382668984902873,3.1382668984902873,3.20711950353674,0.0,0.0,0.2898876344835436,1.7531839319177576,0.09509028615178289,1.699455364330395,0.08236320598705395,0.0206941946132763,0.0,1.348704466948638,377.232421875,0.23408660373172244,376.99831081081084,0.0,0.0,0.0,0.0,0.0,2.904472589492798,40.994083404541016,9.786999702453613,37.89297103881836,75.21212768554688,1.007575511932373,0.6497018933296204,0.25,4.0,0.6036999225616455,0.47828036546707153,0.09392712550607288,0.0006072874493927126,3.104031562805176,2.3285274505615234,0.24983770188947876,,0.744992196559906,0.09656479209661484,,0.1613249033689499,,0.7618629336357117,0.08412793278694153,,0.1540091633796692,,,,,,,,,,,,,,,,,,,,,,,,,,,,,,,,,,,,
492,5.460956762301099e-06,5.460956762301099e-05,1.0,84.8838088576858,4.800040992530617,3.1527332615207984,3.1527332615207984,3.2259659638275973,0.0,0.0,0.29147874986803207,1.7559653617240287,0.09397011189847379,1.7091250032991976,0.08076491227021089,0.019300520420074463,0.0,1.363949337521115,379.85705236486484,0.2462117220904376,379.6108002533784,0.0,0.0,0.0,0.0,0.0,2.705573081970215,45.94076919555664,10.040637969970703,38.981468200683594,90.01713562011719,1.013367772102356,0.6623111963272095,0.25,4.0,0.6236546039581299,0.5268905758857727,0.132085020242915,0.000708502024291498,2.224000930786133,1.5373284816741943,0.3087554684022617,,0.7737581729888916,0.08565453439950943,,0.15019823610782623,,0.7823474407196045,0.07580910623073578,,0.14184346795082092,,,,,,,,,,,,,,,,,,,,,,,,,,,,,,,,,,,,
493,5.445897300107171e-06,5.44589730010717e-05,1.0,83.09223896748311,4.842235255885768,3.1807595330315666,3.1807595330315666,3.260635994576119,0.0,0.0,0.2911717440630939,1.7248928997967694,0.09463686556429476,1.6939061139080975,0.08039372031753128,0.020152897448153108,0.0,1.3637829342403927,370.5951488597973,0.22481578105204814,370.37035472972974,0.0,0.0,0.0,0.0,0.0,2.068918466567993,47.95985412597656,16.041763305664062,43.95661163330078,86.9074478149414,1.0112265348434448,0.6433258056640625,0.25,4.0,0.6257409453392029,0.5013346672058105,0.10961538461538461,0.0012145748987854252,0.9811369180679321,0.6967832446098328,0.2898205828581524,,0.7775780558586121,0.08081430941820145,,0.1500888466835022,,0.7905458211898804,0.06935066729784012,,0.1401035040616989,,,,,,,,,,,,,,,,,,,,,,,,,,,,,,,,,,,,
494,5.430835865229603e-06,5.430835865229603e-05,1.0,85.4677932326858,4.894082559121622,3.1022178031302787,3.1022178031302787,3.166855270798142,0.0,0.0,0.29182070654791753,1.7702104723131336,0.0938561284864271,1.728433660558752,0.08270742442156817,0.020354396588093526,0.0,1.3438044367609798,382.5243084881757,0.2723924533740894,382.2519267314189,0.0,0.0,0.0,0.0,0.0,3.0240938663482666,42.381134033203125,10.276739120483398,40.65322494506836,75.8020248413086,1.0190895795822144,0.7977721095085144,0.25,4.0,0.6223012804985046,0.598324179649353,0.1791497975708502,0.005566801619433198,4.950191497802734,3.6517333984375,0.2623046199205803,,0.77081298828125,0.0903870016336441,,0.15211711823940277,,0.7749449014663696,0.07858967036008835,,0.14646542072296143,,,,,,,,,,,,,,,,,,,,,,,,,,,,,,,,,,,,
495,5.415772609336881e-06,5.415772609336881e-05,1.0,83.94849292652027,4.8376052444045605,3.15791300180796,3.15791300180796,3.231486552470439,0.0,0.0,0.2925351890357765,1.741321460620777,0.09447937398343473,1.6992911261481207,0.07918522164628312,0.019156462437397725,0.0,1.3544399158374683,374.9946684966216,0.23947726069269953,374.75522592905406,0.0,0.0,0.0,0.0,0.0,2.3553383350372314,44.98689270019531,13.198168754577637,38.26483154296875,86.9074478149414,1.0113557577133179,0.675491452217102,0.25,4.0,0.6121472120285034,0.5093507170677185,0.11285425101214575,0.002125506072874494,1.2314505577087402,0.8563328981399536,0.3046144704881514,,0.7571468949317932,0.0913945883512497,,0.15959136188030243,,0.7744870781898499,0.07774905860424042,,0.1477639079093933,84.3570668566358,127.26362519462374,0.2301514283956788,12.742656875442673,84.35706847643142,97.44829259122756,114.96313076514015,143.14038664454938,26.042028154645646,71.43334972766019,129.47369252080503,0.6611972610475221,0.7003072921155359,0.550062130382753,0.5048327437682253,0.0,0.6482261541371488,0.6710914064006872,0.7000851690508906,0.624283998608018,0.883789527683119,0.9730130812355722,0.9934044190392437,0.383789527683119,0.17301308123557213,0.04340441903924375,0.001520647832618812,0.0,0.6208791208791209,0.3791208791208791,0.805860805860806,0.9380523677874397,0.9072567061572284,0.8974774036106172,-8.073234558105469,0.0003117246087640524
496,5.400707684115823e-06,5.400707684115822e-05,1.0,84.45634501689189,4.977356781830659,3.1335643046611064,3.1335643046611064,3.1959962587098816,0.0,0.0,0.2932559348441459,1.7662149377771326,0.09508125846450394,1.7210015992860537,0.08177010433093922,0.019772357231861836,0.0,1.3506677988413218,376.9022645692568,0.2944794732171136,376.60776499155406,0.0,0.0,0.0,0.0,0.0,2.5189623832702637,44.173519134521484,13.041861534118652,35.38918685913086,87.58907318115234,1.0133124589920044,0.6694539785385132,0.25,4.0,0.6089494228363037,0.48893600702285767,0.12661943319838057,0.0004048582995951417,1.867735505104065,1.1865861415863037,0.3646926246550148,,0.7517626285552979,0.09632836282253265,,0.16193640232086182,,0.7700355648994446,0.08039624243974686,,0.14956818521022797,,,,,,,,,,,,,,,,,,,,,,,,,,,,,,,,,,,,
497,5.3856412412700575e-06,5.3856412412700575e-05,1.0,84.66274941934121,4.911612020956503,3.133526982487859,3.133526982487859,3.199721877639358,0.0,0.0,0.2913991051751214,1.75864162960568,0.09465575218200684,1.7004398655247044,0.08383933917896168,0.020399460921416413,0.0,1.34451386735246,378.2921505489865,0.269321854050095,378.0228568412162,0.0,0.0,0.0,0.0,0.0,2.396984815597534,48.28110122680664,11.375314712524414,45.440608978271484,90.01713562011719,1.005273699760437,0.7450302839279175,0.25,4.0,0.6226063370704651,0.5674078464508057,0.14321862348178138,0.006781376518218624,1.3950060606002808,1.0165929794311523,0.2712626789637707,,0.773441731929779,0.08203576505184174,,0.14659808576107025,,0.7900184392929077,0.07166168093681335,,0.13831990957260132,,,,,,,,,,,,,,,,,,,,,,,,,,,,,,,,,,,,
498,5.3705734325185e-06,5.3705734325185e-05,1.0,84.83199165962837,4.8062851364548145,3.11137885016364,3.11137885016364,3.1738588487779773,0.0,0.0,0.29055476833034205,1.7579277657173775,0.09475813040862212,1.7157444309543919,0.08238878121247163,0.02095180910986823,0.0,1.3684758366765202,379.76037267736484,0.24788637419004697,379.51248416385135,0.0,0.0,0.0,0.0,0.0,3.0917296409606934,43.50192642211914,8.982807159423828,33.967041015625,89.31660461425781,1.0094764232635498,0.6412140130996704,0.25,4.0,0.6139703989028931,0.5141894221305847,0.09190283400809716,0.000708502024291498,2.163785457611084,1.8730303049087524,0.13437337406978336,,0.7594738602638245,0.09284710884094238,,0.15323425829410553,,0.7685120701789856,0.08398935198783875,,0.14749854803085327,,,,,,,,,,,,,,,,,,,,,,,,,,,,,,,,,,,,
499,5.355504409593816e-06,5.3555044095938155e-05,1.0,84.97928103885135,4.796212273675042,3.1684471336570947,3.1684471336570947,3.2407412142366976,0.0,0.0,0.2915069476978199,1.7599549164643158,0.09470572342743745,1.7038579373746305,0.08069570644481762,0.020988509461686417,0.0,1.3627094578098606,380.27504750844594,0.2599856660172746,380.0150971283784,0.0,0.0,0.0,0.0,0.0,3.7210724353790283,42.2043342590332,8.895512580871582,32.002716064453125,88.62154388427734,1.006087064743042,0.5762255191802979,0.25,4.0,0.6054288744926453,0.4774845540523529,0.0665991902834008,0.0010121457489878543,4.143670082092285,3.0375185012817383,0.26694972304648634,,0.7472702264785767,0.09614739567041397,,0.16213922202587128,,0.7554007768630981,0.08984649181365967,,0.1547527313232422,,,,,,,,,,,,,,,,,,,,,,,,,,,,,,,,,,,,
500,5.340434324240896e-06,5.340434324240896e-05,1.0,85.28970914273648,4.82306279362859,3.1498619285789697,3.1498619285789697,3.2208876738677152,0.0,0.0,0.29157679789775126,1.7687332565720018,0.09484121606156633,1.7011652766047298,0.08251719861417203,0.020652440754142968,0.0,1.346727113466005,381.7791649070946,0.2418245624851536,381.53732052364865,0.0,0.0,0.0,0.0,0.0,3.5484464168548584,37.10576248168945,8.636996269226074,30.626787185668945,75.21212768554688,1.0115113258361816,0.5959508419036865,0.25,4.0,0.6008533239364624,0.47530877590179443,0.09392712550607288,0.0006072874493927126,2.591113567352295,2.0078787803649902,0.22509039909944112,,0.7395905256271362,0.10350040346384048,,0.16366973519325256,,0.7462166547775269,0.09396908432245255,,0.1598142683506012,82.6672550872132,123.90007908016018,0.22182961301607382,-22.21964177980528,82.6672555015926,94.44266662898764,111.39081702052383,138.2464863508799,26.767547062465123,66.14137185266776,137.51805711829144,0.6218662102470035,0.6876851678468527,0.5524029678046191,0.513052240260318,0.0,0.6369389231096554,0.6655242388680732,0.6692604148935312,0.6215946741361738,0.8871789234546187,0.9716573229269723,0.992231871312887,0.3871789234546187,0.17165732292697222,0.04223187131288708,0.0008794107947675058,0.0,0.46703296703296704,0.532967032967033,0.7985347985347986,0.8892813333115734,0.8677761177276517,0.8631358445509449,-8.073243141174316,0.00031172193121165037
501,5.3253633282153385e-06,5.325363328215338e-05,1.0,85.58042124155405,4.932612651103252,3.1413924758498735,3.1413924758498735,3.206767314189189,0.0,0.0,0.29214219789247253,1.7653684873838682,0.09499502826381374,1.7024254670014252,0.08117519198237239,0.019781434858167492,0.0,1.3610358367095123,382.7284628378378,0.28811934187605576,382.4404032939189,0.0,0.0,0.0,0.0,0.0,2.190478563308716,47.896942138671875,13.198168754577637,45.70764923095703,85.22650909423828,1.0147771835327148,0.7191407084465027,0.25,4.0,0.6292197704315186,0.5647227764129639,0.13299595141700404,0.0057692307692307696,1.7656141519546509,1.3714382648468018,0.22325143161741795,,0.7820080518722534,0.0817103236913681,,0.14677374064922333,,0.789506733417511,0.07113351672887802,,0.1393597275018692,,,,,,,,,,,,,,,,,,,,,,,,,,,,,,,,,,,,
502,5.310291573281901e-06,5.3102915732819e-05,1.0,84.05755780194256,4.745802183408995,3.159058648186761,3.159058648186761,3.2309681660420186,0.0,0.0,0.29177926037762614,1.7394600945550043,0.09499594327565786,1.6881769541147593,0.08091853760384224,0.01868432276957744,0.0,1.3701924504460514,376.0000791807432,0.22018435194685654,375.7798511402027,0.0,0.0,0.0,0.0,0.0,3.514918327331543,37.498291015625,10.2787446975708,32.98634719848633,69.55985260009766,1.0086427927017212,0.5867759585380554,0.25,4.0,0.5922241806983948,0.45008665323257446,0.09524291497975708,0.002631578947368421,4.375843048095703,2.678680419921875,0.38784814937830236,,0.7275109887123108,0.10605311393737793,,0.1713651716709137,,0.7373188734054565,0.09681939333677292,,0.16586171090602875,,,,,,,,,,,,,,,,,,,,,,,,,,,,,,,,,,,,
503,5.29521921121299e-06,5.295219211212989e-05,1.0,85.33502692145271,4.829586544552365,3.154108614534945,3.154108614534945,3.2254906731682853,0.0,0.0,0.2917536400459908,1.7733401736697636,0.09391543027516958,1.7104004524849556,0.07883097674395587,0.021025917014560185,0.0,1.3610100617279877,381.9434121621622,0.24884574477737015,381.69454708614865,0.0,0.0,0.0,0.0,0.0,1.8718905448913574,50.00463104248047,19.274621963500977,46.883052825927734,87.58907318115234,1.0099130868911743,0.5787617564201355,0.25,3.7516140937805176,0.6268554925918579,0.4706934988498688,0.08228744939271256,0.0,0.8117316961288452,0.5539259314537048,0.3175997264916697,,0.7797502875328064,0.07784783095121384,,0.1492004692554474,,0.7925821542739868,0.06795398890972137,,0.1394639015197754,,,,,,,,,,,,,,,,,,,,,,,,,,,,,,,,,,,,
504,5.2801463937871245e-06,5.2801463937871245e-05,1.0,83.5844528610642,4.865667394689612,3.1396102905273438,3.1396102905273438,3.2070159912109375,0.0,0.0,0.29110648180987386,1.7334473068649705,0.09474418614361738,1.6970384958628062,0.08045453638643832,0.020070303130794217,0.0,1.3506042892868455,373.13640202702703,0.2618612598728489,372.8745249155405,0.0,0.0,0.0,0.0,0.0,1.6926461458206177,52.94331359863281,19.31230354309082,48.75066375732422,95.11410522460938,1.0021946430206299,0.691489040851593,0.25,4.0,0.6275551915168762,0.5442991256713867,0.10425101214574899,0.004757085020242915,0.7215887308120728,0.5232378244400024,0.27488082601961794,,0.7817206382751465,0.07477790117263794,,0.1422879546880722,,0.8003541827201843,0.06549026072025299,,0.13415555655956268,,,,,,,,,,,,,,,,,,,,,,,,,,,,,,,,,,,,
505,5.265073272787406e-06,5.265073272787406e-05,1.0,84.79160948057432,4.84413683092272,3.1683131037531673,3.1683131037531673,3.2435024364574536,0.0,0.0,0.2928437155646247,1.7635584650812923,0.09499680673753894,1.6947478217047613,0.07921144124623891,0.01899673165501775,0.0,1.3647190815693624,379.1044130067568,0.258322896184148,378.84604624155406,0.0,0.0,0.0,0.0,0.0,2.4089255332946777,46.231685638427734,13.406009674072266,41.53608322143555,86.23113250732422,1.011701226234436,0.723084568977356,0.25,4.0,0.6171932816505432,0.5447154641151428,0.13502024291497974,0.006072874493927126,4.9218950271606445,4.1111979484558105,0.16471238704424604,,0.7642655968666077,0.09023827314376831,,0.15246570110321045,,0.7800592184066772,0.07567516714334488,,0.14426559209823608,85.2993657877157,128.06844600085648,0.23381330307695075,6.401930002065805,85.29936897007487,97.74161928445209,115.04639246547269,142.99114154678463,29.28423854282924,72.15839498357255,130.67525979746944,0.6213776265836234,0.7022127313487324,0.5570340231110071,0.5196133150974337,0.0,0.652811056483885,0.6753787540549996,0.6968048468580931,0.6242387284625949,0.8820856692682569,0.970906159539775,0.9928731083507384,0.38208566926825693,0.17090615953977495,0.04287310835073843,0.0008794107947675058,0.0,0.5769230769230769,0.4230769230769231,0.816849816849817,0.9311988718070827,0.903281640793596,0.8946972629362411,-8.072829246520996,0.00031185097759589553
506,5.2500000000000006e-06,5.25e-05,1.0,84.72908308699324,4.87837384198163,3.1220307221283785,3.1220307221283785,3.1903880351298564,0.0,0.0,0.2901570088154561,1.7478623261322845,0.09267528637035473,1.7021176106220968,0.08290519585480562,0.02101355146717381,0.0,1.3492847133327175,378.8614073057432,0.26161263440106364,378.5997677364865,0.0,0.0,0.0,0.0,0.0,3.11948299407959,45.570369720458984,9.750744819641113,39.94485855102539,87.931884765625,1.0104063749313354,0.6495711803436279,0.25,4.0,0.6189191937446594,0.5215739011764526,0.11012145748987855,0.007186234817813765,2.6552226543426514,2.1573610305786133,0.18750277794963027,,0.7671909928321838,0.08743792772293091,,0.15145136415958405,,0.776647686958313,0.07859998196363449,,0.14475232362747192,,,,,,,,,,,,,,,,,,,,,,,,,,,,,,,,,,,,
507,5.234926727212595e-06,5.234926727212594e-05,1.0,84.04372756545608,4.8452131941511825,3.1947656579919763,3.1947656579919763,3.26847859975454,0.0,0.0,0.293243408203125,1.7444882779508024,0.09386619361671242,1.6796931704959355,0.07801590739069758,0.01877348165254335,0.0,1.3641738891601562,375.26433171452703,0.2685626519692911,374.99582981418916,0.0,0.0,0.0,0.0,0.0,2.1372532844543457,49.35335159301758,15.642631530761719,43.571990966796875,91.79256439208984,1.009860634803772,0.596718430519104,0.25,3.5380942821502686,0.6205937266349792,0.48397958278656006,0.09919028340080972,0.0,1.0933234691619873,0.7295612692832947,0.33271233092390284,,0.7698781490325928,0.08489600569009781,,0.1526285856962204,,0.7839200496673584,0.07322332262992859,,0.14285659790039062,,,,,,,,,,,,,,,,,,,,,,,,,,,,,,,,,,,,
508,5.2198536062128766e-06,5.2198536062128766e-05,1.0,84.59140756967905,4.95946234625739,3.1515162699931376,3.1515162699931376,3.219469843684016,0.0,0.0,0.2909884839444547,1.7426541302655194,0.09345839474652265,1.6991226608688768,0.08125430184441644,0.0196789567534988,0.0,1.3452093794539168,377.6318623310811,0.2629583977364205,377.3688502956081,0.0,0.0,0.0,0.0,0.0,3.2469584941864014,41.38246536254883,10.2787446975708,36.08717346191406,79.4398422241211,1.0124682188034058,0.6859158873558044,0.25,4.0,0.6094325184822083,0.5264951586723328,0.15242914979757086,0.009210526315789473,3.864715099334717,3.0031604766845703,0.22292836612935762,,0.7522599101066589,0.09738673269748688,,0.15949676930904388,,0.7570222616195679,0.08728587627410889,,0.15569183230400085,,,,,,,,,,,,,,,,,,,,,,,,,,,,,,,,,,,,
509,5.204780788787011e-06,5.204780788787011e-05,1.0,82.65068755278716,4.840659476615287,3.1518692841400973,3.1518692841400973,3.2255748027079814,0.0,0.0,0.28902958534859324,1.7184283282305743,0.09299301456760715,1.688658533869563,0.07790126671662202,0.018754032818046776,0.0,1.3493814210633974,368.56854413006755,0.22680290325267896,368.3416649070946,0.0,0.0,0.0,0.0,0.0,2.7540063858032227,45.34113693237305,12.111320495605469,39.095821380615234,87.24759674072266,1.0073063373565674,0.6934428811073303,0.25,4.0,0.6099533438682556,0.5309432744979858,0.12884615384615383,0.006477732793522267,4.407310485839844,2.951402425765991,0.3303393452200632,,0.7539558410644531,0.09322717040777206,,0.15846331417560577,,0.7678223848342896,0.08192280679941177,,0.15025484561920166,,,,,,,,,,,,,,,,,,,,,,,,,,,,,,,,,,,,
510,5.1897084267181005e-06,5.189708426718101e-05,1.0,84.21665830869932,4.848969743058488,3.144894161739865,3.144894161739865,3.2089027198585303,0.0,0.0,0.291735906858702,1.7335512315904773,0.09395229494249499,1.6959590396365605,0.08041216876055743,0.018516917486448545,0.0,1.326379105851457,376.36164484797297,0.2594005223867056,376.1022487331081,0.0,0.0,0.0,0.0,0.0,2.8344011306762695,45.499114990234375,13.534929275512695,41.05216979980469,83.90519714355469,1.0092182159423828,0.6854463219642639,0.25,4.0,0.60787433385849,0.5267518162727356,0.1013157894736842,0.002631578947368421,5.324621200561523,3.1871871948242188,0.4014246131747166,,0.750896692276001,0.09420132637023926,,0.16158778965473175,,0.7624621987342834,0.08326946943998337,,0.1542683243751526,90.74683430430653,138.1611147945969,0.24640805776772096,14.273434733296488,90.74683223865428,103.57263195475461,121.01834915700445,148.3528474481134,30.412634713309153,76.0600990472838,141.11483963676122,0.5894391715035947,0.709836104049152,0.5594706588484082,0.5259729291737875,0.0,0.6618290012647472,0.6848227799601158,0.6929987658065243,0.6291636489609478,0.8786046682056355,0.9694587959400535,0.9927082188267194,0.37860466820563554,0.16945879594005342,0.04270821882671949,0.0006229159796269833,0.0,0.5934065934065934,0.4065934065934066,0.8223443223443224,0.9683695198906647,0.9381440836977173,0.9281096663940084,-8.073673248291016,0.00031158793717622757
511,5.174636671784663e-06,5.174636671784663e-05,1.0,84.53064294763513,4.78051097972973,3.1469376022751265,3.1469376022751265,3.218613908097551,0.0,0.0,0.29244755409859324,1.7268838624696474,0.09285341082392512,1.7047223271550358,0.08317246308197847,0.019914660904858564,0.0,1.3221201510042757,378.2533519847973,0.24633585440145955,378.00702069256755,0.0,0.0,0.0,0.0,0.0,3.947094678878784,42.046409606933594,8.569783210754395,37.087547302246094,81.6419906616211,1.0122305154800415,0.7020581960678101,0.25,4.0,0.602678120136261,0.5178139209747314,0.13076923076923078,0.0036437246963562753,8.682865142822266,5.73874044418335,0.33907295002418547,,0.7418796420097351,0.10338857024908066,,0.16528160870075226,,0.7500250339508057,0.09141913056373596,,0.1585557758808136,,,,,,,,,,,,,,,,,,,,,,,,,,,,,,,,,,,,
512,5.159565675759103e-06,5.159565675759103e-05,1.0,84.6514991554054,4.857553430505701,3.15019246694204,3.15019246694204,3.2191539455104516,0.0,0.0,0.2923132406698691,1.7466350246120144,0.09422467850350044,1.6942047943940033,0.08265223374237886,0.020983298082609434,0.0,1.3331150364231419,378.4443623310811,0.2692300435659048,378.1750950168919,0.0,0.0,0.0,0.0,0.0,2.879817247390747,45.81624221801758,11.784639358520508,37.30549621582031,91.43470001220703,1.0089924335479736,0.5634202361106873,0.25,4.0,0.6136303544044495,0.46520668268203735,0.08633603238866397,0.0012145748987854252,2.122579574584961,1.4015209674835205,0.3397086336527255,,0.759415864944458,0.09056799113750458,,0.15626776218414307,,0.768470048904419,0.08230668306350708,,0.14922329783439636,,,,,,,,,,,,,,,,,,,,,,,,,,,,,,,,,,,,
513,5.144495590406185e-06,5.1444955904061856e-05,1.0,82.8978370460304,4.862638318860853,3.1680652515308276,3.1680652515308276,3.239314723659206,0.0,0.0,0.28976463627170873,1.7418404656487543,0.09355089471146867,1.6889506159601986,0.07884896123731458,0.018988805848198967,0.0,1.3573451686549831,369.5830869932432,0.26014474920324376,369.32292546452703,0.0,0.0,0.0,0.0,0.0,3.4432616233825684,41.60990905761719,9.788908958435059,33.571311950683594,83.25223541259766,1.0118452310562134,0.6890210509300232,0.25,4.0,0.6048819422721863,0.5210241079330444,0.10789473684210527,0.004352226720647773,6.341884613037109,6.211673259735107,0.02053196506198244,,0.7452777624130249,0.10101089626550674,,0.16509947180747986,,0.7510743141174316,0.09138225018978119,,0.15754342079162598,,,,,,,,,,,,,,,,,,,,,,,,,,,,,,,,,,,,
514,5.1294265674815e-06,5.1294265674815e-05,1.0,84.43953890413852,4.839671779323268,3.168108553499789,3.168108553499789,3.2480345030088684,0.0,0.0,0.29020466675629486,1.7540074941274282,0.09388120109970505,1.704970797976932,0.08100514798550992,0.02096892853040953,0.0,1.3359772965714738,377.3751319679054,0.24603343654323268,377.1290646114865,0.0,0.0,0.0,0.0,0.0,2.662593126296997,45.158504486083984,13.48479175567627,36.1577262878418,90.36944580078125,0.990166962146759,0.5849300026893616,0.25,4.0,0.5949570536613464,0.47107845544815063,0.07115384615384615,0.007186234817813765,1.3507683277130127,1.0647268295288086,0.21176207075309597,,0.7347261905670166,0.09249342232942581,,0.1610046625137329,,0.7581514716148376,0.08645445108413696,,0.15539409220218658,,,,,,,,,,,,,,,,,,,,,,,,,,,,,,,,,,,,
515,5.1143587587299436e-06,5.1143587587299436e-05,1.0,85.51792124155405,4.835670677391258,3.105701343433277,3.105701343433277,3.1641357009475297,0.0,0.0,0.29041764542863174,1.7569406870249156,0.09408352826092695,1.7015842747043919,0.08132730303583918,0.021000841179409542,0.0,1.3221325229954075,383.1014833192568,0.24142963821823532,382.86011402027026,0.0,0.0,0.0,0.0,0.0,3.5025196075439453,42.82624816894531,10.667348861694336,35.04526901245117,85.92843627929688,1.0126105546951294,0.7006208896636963,0.25,4.0,0.6013631224632263,0.5153720378875732,0.13299595141700404,0.0033400809716599192,5.52136754989624,3.0827863216400146,0.44166254215444367,,0.7401195764541626,0.10316255688667297,,0.16769376397132874,,0.7528002858161926,0.08990438282489777,,0.1572953462600708,84.92009647075946,130.95870081993306,0.2205898881407516,-16.3710330921215,84.92009761036228,96.70429413637468,113.84690057112405,140.57364408081813,22.156055995396205,66.58066263124924,145.9012975278108,0.5317869711593204,0.6895885097749971,0.5573799230944234,0.5191417512665423,0.0,0.6370162088898166,0.6711782876337226,0.6775019139393849,0.6247780410751577,0.8847055805943351,0.9702466014436993,0.99228683448756,0.38470558059433513,0.1702466014436993,0.0422868344875601,0.00027481587336484554,0.0,0.5054945054945055,0.4945054945054945,0.8415750915750915,0.9107307538717657,0.8860217661975505,0.8794265414004797,-8.073273658752441,0.0003117124433629215
516,5.09929231588418e-06,5.09929231588418e-05,1.0,84.28825749577703,4.9332551698426945,3.1694478215398014,3.1694478215398014,3.2466377052100928,0.0,0.0,0.29335996266957876,1.7417526245117188,0.09346728067140321,1.6903226697767102,0.08091244182071171,0.01818698483544427,0.0,1.3437561859955658,376.16369298986484,0.27328444815970754,375.89041385135135,0.0,0.0,0.0,0.0,0.0,3.151876211166382,45.746063232421875,11.049042701721191,41.21284866333008,86.56863403320312,1.0180646181106567,0.7168675661087036,0.25,4.0,0.6162870526313782,0.5389888286590576,0.15323886639676113,0.0012145748987854252,2.8695387840270996,1.9848662614822388,0.30829780990215955,,0.7615513801574707,0.09561966359615326,,0.1581474244594574,,0.7709949016571045,0.08128834515810013,,0.1477167308330536,,,,,,,,,,,,,,,,,,,,,,,,,,,,,,,,,,,,
517,5.084227390663123e-06,5.084227390663122e-05,1.0,84.9993995460304,4.767976915514147,3.1526641845703125,3.1526641845703125,3.2268534479914486,0.0,0.0,0.2915688334284602,1.7506233421531883,0.09386460845534866,1.7075357179383974,0.08230045035078719,0.020821255606573982,0.0,1.3289907300794446,380.60607580236484,0.2272860810563371,380.3788534628378,0.0,0.0,0.0,0.0,0.0,2.2393667697906494,52.46477127075195,14.692026138305664,50.39651107788086,93.23808288574219,1.0150262117385864,0.726273775100708,0.25,4.0,0.6372010111808777,0.5625070929527283,0.1388663967611336,0.0006072874493927126,3.536003589630127,3.002241611480713,0.15095063243565504,,0.7936625480651855,0.07696931809186935,,0.14113236963748932,,0.8020387887954712,0.0657447874546051,,0.13221636414527893,,,,,,,,,,,,,,,,,,,,,,,,,,,,,,,,,,,,
518,5.069164134770399e-06,5.069164134770399e-05,1.0,85.3931983741554,4.847871935045397,3.097033320246516,3.097033320246516,3.1554243757918075,0.0,0.0,0.28870866105363174,1.7624971544420398,0.09303435119422707,1.7092986235747467,0.0826836921073295,0.02146234061266925,0.0,1.3356012911409945,382.44467905405406,0.23953855359876478,382.2051309121622,0.0,0.0,0.0,0.0,0.0,2.201575994491577,48.21882247924805,17.382583618164062,43.27513122558594,88.62154388427734,1.0101569890975952,0.6217078566551208,0.25,3.6764492988586426,0.618158221244812,0.4882594347000122,0.09261133603238866,0.0,1.679809331893921,1.344692587852478,0.19949689389069625,,0.7663371562957764,0.08637373149394989,,0.15390682220458984,,0.7798588275909424,0.07511790841817856,,0.14502324163913727,,,,,,,,,,,,,,,,,,,,,,,,,,,,,,,,,,,,
519,5.054102699892831e-06,5.054102699892831e-05,1.0,83.49676018792229,4.743959581529772,3.138572899070946,3.138572899070946,3.207672119140625,0.0,0.0,0.2896972862449852,1.7258450276142843,0.09393980696394637,1.6863957997914907,0.08059000968933105,0.020273724117794552,0.0,1.3471919910327808,373.33419552364865,0.22211464031322584,373.11209353885135,0.0,0.0,0.0,0.0,0.0,2.2251126766204834,49.76553726196289,15.131775856018066,40.25815200805664,96.23528289794922,1.0109307765960693,0.615253210067749,0.25,4.0,0.6212073564529419,0.5011641383171082,0.09979757085020242,0.00020242914979757084,1.244924783706665,0.8192227482795715,0.34195000452926916,,0.7707278728485107,0.08486846834421158,,0.1515565663576126,,0.782281219959259,0.07496269047260284,,0.14275607466697693,,,,,,,,,,,,,,,,,,,,,,,,,,,,,,,,,,,,
520,5.039043237698901e-06,5.039043237698901e-05,1.0,85.2498878272804,4.799722619958826,3.1369781494140625,3.1369781494140625,3.19756049078864,0.0,0.0,0.2912443521860483,1.765137749749261,0.09529485573639741,1.6886612144676414,0.08175953658851418,0.020977047649589745,0.0,1.33364538244299,381.7827280405405,0.247042939469621,381.5356577280405,0.0,0.0,0.0,0.0,0.0,2.3311614990234375,48.42099380493164,15.734557151794434,44.38798141479492,87.24759674072266,1.0122559070587158,0.6856200098991394,0.25,4.0,0.6205359697341919,0.5253131985664368,0.10890688259109312,0.0008097165991902834,6.257130146026611,5.980485439300537,0.0442127141788394,,0.7691056132316589,0.08728249371051788,,0.1553657501935959,,0.7808346748352051,0.0744740217924118,,0.14469125866889954,81.22821195832975,126.20187446490411,0.21835419779534546,-3.0237623780638305,81.22821218939069,95.37448464118425,112.94245570038329,140.96730682512433,28.62461199079241,65.12664037896681,134.3875148607337,0.533449756414805,0.6993598059420592,0.5666326462152304,0.535515438525228,0.0,0.6481305827766787,0.6874950692311109,0.6907348034143412,0.6266980876451325,0.8800153896889085,0.9697885749880913,0.9921952291964384,0.38001538968890847,0.1697885749880913,0.04219522919643848,0.00020153164046755341,0.0,0.5769230769230769,0.4230769230769231,0.8470695970695971,0.9214803867942685,0.8927343382121442,0.883988329588057,-8.073657989501953,0.00031159265199676156
521,5.023985899837225e-06,5.023985899837225e-05,1.0,85.59826330236487,4.951555819124789,3.1111161515519425,3.1111161515519425,3.1760414742134713,0.0,0.0,0.2901023143046611,1.768945023820207,0.09401811135781778,1.7094727593499262,0.08110484561404667,0.020499559673103126,0.0,1.3281822204589844,382.8771114864865,0.2521655366227433,382.6249472128378,0.0,0.0,0.0,0.0,0.0,2.7076737880706787,47.80781173706055,12.374341011047363,46.79157257080078,83.90519714355469,1.0066893100738525,0.742238461971283,0.25,4.0,0.615764856338501,0.5525720119476318,0.14331983805668017,0.006477732793522267,7.529231071472168,6.783595085144043,0.09903215603958519,,0.7629991173744202,0.08758282661437988,,0.15349657833576202,,0.7802298665046692,0.0755375400185585,,0.1442325860261917,,,,,,,,,,,,,,,,,,,,,,,,,,,,,,,,,,,,
522,5.008930837935029e-06,5.008930837935029e-05,1.0,85.92012642525337,4.818817138671875,3.114452465160473,3.114452465160473,3.1761291091506547,0.0,0.0,0.2894981745127085,1.776691333667652,0.09347349244195062,1.704940280398807,0.08358798155913481,0.02136672187495876,0.0,1.3260216584076752,385.12571262668916,0.2422929454494167,384.88341955236484,0.0,0.0,0.0,0.0,0.0,2.442976713180542,52.2465705871582,13.327689170837402,50.10207748413086,94.74329376220703,1.0074788331985474,0.720369815826416,0.25,4.0,0.6270180940628052,0.555570662021637,0.11467611336032389,0.00354251012145749,3.6346051692962646,3.3349862098693848,0.08243507766894316,,0.7795138955116272,0.08074425905942917,,0.14463312923908234,,0.7922995090484619,0.07067836821079254,,0.13702213764190674,,,,,,,,,,,,,,,,,,,,,,,,,,,,,,,,,,,,
523,4.993878203596617e-06,4.993878203596617e-05,1.0,85.26939268369932,4.828558019689612,3.1209995166675464,3.1209995166675464,3.1869261458113387,0.0,0.0,0.2916606954626135,1.7536769557643581,0.09452904237283243,1.7043124018488705,0.08256802043399296,0.02081016430983672,0.0,1.3396230130582243,381.80782833614865,0.24928317198882233,381.5585409628378,0.0,0.0,0.0,0.0,0.0,2.852137804031372,48.99060821533203,11.311062812805176,44.561710357666016,92.51249694824219,1.0108201503753662,0.7377947568893433,0.25,4.0,0.6248503923416138,0.5687934756278992,0.13674089068825912,0.005161943319838057,4.264753818511963,2.926328420639038,0.31383415194172254,,0.7754384279251099,0.08566025644540787,,0.14735521376132965,,0.7837923169136047,0.07514700293540955,,0.14106068015098572,,,,,,,,,,,,,,,,,,,,,,,,,,,,,,,,,,,,
524,4.978828148401852e-06,4.978828148401852e-05,1.0,84.3299461570946,4.726317122175887,3.1673666464315877,3.1673666464315877,3.2432807716163428,0.0,0.0,0.2912475740587389,1.7447388107712205,0.09490817946356696,1.68929538211307,0.08203563174685917,0.01985336799879332,0.0,1.3501337412241343,377.41427364864865,0.19540334392238307,377.2188555743243,0.0,0.0,0.0,0.0,0.0,2.411872386932373,50.405696868896484,14.778365135192871,46.74592208862305,91.43470001220703,1.0056190490722656,0.5966614484786987,0.25,3.8011484146118164,0.6216321587562561,0.48369431495666504,0.07074898785425102,0.0,1.8972678184509277,1.2293670177459717,0.3520329571869725,,0.7718203067779541,0.0830613225698471,,0.14913330972194672,,0.7841154336929321,0.07378726452589035,,0.1420973241329193,,,,,,,,,,,,,,,,,,,,,,,,,,,,,,,,,,,,
525,4.963780823904623e-06,4.963780823904623e-05,1.0,84.29713233741555,4.770876085436022,3.143782950736381,3.143782950736381,3.2151000564162797,0.0,0.0,0.29156099783407674,1.7272762607883763,0.09214588758107778,1.6901971971666492,0.0814523374712145,0.02015466142345119,0.0,1.355755883294183,377.1621621621622,0.23146423133643898,376.9307432432432,0.0,0.0,0.0,0.0,0.0,2.134955644607544,48.63926696777344,14.839099884033203,48.18269729614258,82.92766571044922,1.0098847150802612,0.7717174291610718,0.25,4.0,0.6254790425300598,0.5862414836883545,0.1743927125506073,0.009412955465587045,2.673449754714966,2.1933889389038086,0.17956605130300632,,0.7772085070610046,0.08191727101802826,,0.14567239582538605,,0.7929248809814453,0.06897313892841339,,0.1381019651889801,81.86911165845264,123.88193947071095,0.21929757849376835,-8.46888921549032,81.86910956811744,94.70067948130827,111.50248472150102,139.3057898189158,24.67756543840681,66.93034469249636,132.46567170516303,0.5036431537619019,0.6920265220258813,0.5648524119554356,0.5281661664410306,0.0,0.6398559048375403,0.6719587083401186,0.6674291331692793,0.6264062050722263,0.8828368326554542,0.9694404748818292,0.9917921659155032,0.3828368326554542,0.16944047488182912,0.041792165915503277,0.00012824740757026127,0.0,0.5494505494505495,0.45054945054945056,0.8452380952380953,0.9083377369321309,0.8812622721051122,0.8733189141193589,-8.07404899597168,0.00031147085246630013
526,4.9487363816313185e-06,4.9487363816313185e-05,1.0,84.1801955764358,4.82768455711571,3.137180637668919,3.137180637668919,3.2039718627929688,0.0,0.0,0.29005372846448746,1.7304963807801943,0.09339527181676917,1.6862810495737437,0.07926372579626136,0.020200368520375843,0.0,1.3565376900337838,376.3356471706081,0.2531788026964342,376.0824271537162,0.0,0.0,0.0,0.0,0.0,2.857410430908203,47.147926330566406,11.39977741241455,40.218875885009766,88.62154388427734,1.017951250076294,0.7832320332527161,0.25,4.0,0.6250023245811462,0.5896036028862,0.15921052631578947,0.011234817813765181,14.251300811767578,13.399518966674805,0.0597687085791804,,0.7749063372612,0.08771272748708725,,0.15219582617282867,,0.777127742767334,0.0777290016412735,,0.14514321088790894,,,,,,,,,,,,,,,,,,,,,,,,,,,,,,,,,,,,
527,4.933694973079306e-06,4.933694973079306e-05,1.0,85.33698664484797,5.008021174250422,3.090091189822635,3.090091189822635,3.1515740059517525,0.0,0.0,0.2897087561117636,1.7493028382997255,0.09311515576130636,1.7081233875171558,0.08223754006463128,0.021062662472596038,0.0,1.3283394478462838,381.4126900337838,0.2617757900341137,381.1508657094595,0.0,0.0,0.0,0.0,0.0,2.1306161880493164,51.80508041381836,16.749347686767578,50.10207748413086,89.66619110107422,1.0116122961044312,0.7462144494056702,0.25,4.0,0.6234588623046875,0.5472174286842346,0.12267206477732794,0.0033400809716599192,3.0331993103027344,2.5254316329956055,0.16740333402503976,,0.7738366723060608,0.08413571864366531,,0.1506960690021515,,0.7904683351516724,0.06999604403972626,,0.13953562080860138,,,,,,,,,,,,,,,,,,,,,,,,,,,,,,,,,,,,
528,4.918656749715405e-06,4.9186567497154046e-05,1.0,82.55154666385135,4.80626781566723,3.1501551447687923,3.1501551447687923,3.215883615854624,0.0,0.0,0.2915239849606076,1.7152955338761613,0.09359970608273067,1.6914685223553632,0.07932532800210489,0.019926976513218234,0.0,1.3642648232949746,368.2388091216216,0.23142958976127007,368.00746938344594,0.0,0.0,0.0,0.0,0.0,2.635119915008545,50.00894546508789,12.254085540771484,46.336849212646484,92.51249694824219,1.003360390663147,0.6273683309555054,0.25,4.0,0.6150296926498413,0.48977360129356384,0.07419028340080971,0.004757085020242915,1.8418073654174805,1.452218770980835,0.21152515825037863,,0.7623357176780701,0.0864332765340805,,0.15325553715229034,,0.7800736427307129,0.0766608864068985,,0.14326542615890503,,,,,,,,,,,,,,,,,,,,,,,,,,,,,,,,,,,,
529,4.9036218629743545e-06,4.9036218629743544e-05,1.0,85.15292440878379,4.950975985140414,3.14161187249261,3.14161187249261,3.2055323832743876,0.0,0.0,0.2920023686177022,1.75051364383182,0.09354873605676599,1.6985355067897487,0.07843401625349715,0.018622892933922844,0.0,1.34544022018845,380.52948163006755,0.2599447353466137,380.2695048564189,0.0,0.0,0.0,0.0,0.0,1.902633547782898,53.64847946166992,17.649436950683594,50.89107131958008,95.44915771484375,1.0096670389175415,0.7665334343910217,0.25,4.0,0.6319491267204285,0.5865463614463806,0.154251012145749,0.007388663967611336,1.053418755531311,0.7052428722381592,0.33051992046367445,,0.7866379618644714,0.07776414602994919,,0.14287929236888885,,0.8004261255264282,0.06624169647693634,,0.13333216309547424,,,,,,,,,,,,,,,,,,,,,,,,,,,,,,,,,,,,
530,4.8885904642572975e-06,4.888590464257297e-05,1.0,83.76420634501689,4.798937823321368,3.144401756492821,3.144401756492821,3.2049919334617822,0.0,0.0,0.2914367624231287,1.731119104333826,0.09434539562947042,1.6839115039722339,0.08100803478344067,0.020350388578466466,0.0,1.35104885616818,374.3578969594595,0.23282700615960197,374.1250791807432,0.0,0.0,0.0,0.0,0.0,2.6568703651428223,52.47550582885742,13.379852294921875,48.94146728515625,96.1977767944336,0.9855608344078064,0.7385988831520081,0.25,4.0,0.613000214099884,0.5706327557563782,0.12520242914979757,0.01548582995951417,4.542928218841553,3.9788403511047363,0.12416834265557884,,0.761741042137146,0.07979192584753036,,0.14426511526107788,,0.7894538640975952,0.07230108231306076,,0.13824503123760223,88.5454835158128,131.09351042888935,0.2449949911858297,26.792755462311128,88.54548675623391,100.63232350819383,118.2527376464124,145.987239961865,31.035479954310826,75.44504831003589,134.03518278702447,0.4960212708622352,0.7112023831716018,0.5715603305499187,0.5412539331229452,0.0,0.662523630387838,0.6915234660160443,0.7229137212347596,0.6353789952452317,0.8719174819537576,0.9678282217580888,0.9924517240115789,0.3719174819537576,0.16782822175808876,0.04245172401157893,0.00010992634934593822,0.0,0.6593406593406593,0.34065934065934067,0.8424908424908424,0.9689814195364386,0.9331081901769062,0.9194526139360207,-8.073812484741211,0.0003115445433650166
531,4.873562704930254e-06,4.873562704930254e-05,1.0,83.88244298986487,4.837420076937289,3.1661636764938765,3.1661636764938765,3.2454751504434123,0.0,0.0,0.2908563098391971,1.729922526591533,0.09462252823082176,1.6869890367662586,0.08049087266664247,0.020205686221251618,0.0,1.3494864798880912,374.64915012668916,0.2416893469320761,374.40741131756755,0.0,0.0,0.0,0.0,0.0,2.217062473297119,51.4728889465332,14.660503387451172,44.955116271972656,96.95226287841797,1.0079268217086792,0.6526603698730469,0.25,4.0,0.6245700120925903,0.5283682942390442,0.09230769230769231,0.0012145748987854252,1.8398629426956177,1.1742236614227295,0.36178742765352273,,0.7759681344032288,0.08234915882349014,,0.14510314166545868,,0.7861911654472351,0.0738530382514,,0.1399557739496231,,,,,,,,,,,,,,,,,,,,,,,,,,,,,,,,,,,,
532,4.858538736322594e-06,4.8585387363225944e-05,1.0,84.73008604307432,4.809981887404983,3.1253309507627747,3.1253309507627747,3.185832874194996,0.0,0.0,0.2904203775766733,1.7506196305558488,0.09334832913166768,1.6919594842034418,0.08230940715686695,0.020787190746616672,0.0,1.3460778932313662,379.2006440033784,0.23907189755826383,378.9616237331081,0.0,0.0,0.0,0.0,0.0,1.8367691040039062,54.60309982299805,16.39333724975586,53.02180099487305,94.33715057373047,1.018375277519226,0.7538877129554749,0.25,4.0,0.6467315554618835,0.5902813076972961,0.16163967611336033,0.004554655870445344,2.161733865737915,2.0006444454193115,0.07451861807402231,,0.8072364330291748,0.07230571657419205,,0.136541947722435,,0.8105525374412537,0.06151403486728668,,0.12793341279029846,,,,,,,,,,,,,,,,,,,,,,,,,,,,,,,,,,,,
533,4.843518709725513e-06,4.843518709725512e-05,1.0,83.30134871199324,4.773316254486909,3.14805252487595,3.14805252487595,3.212292026829075,0.0,0.0,0.29052793657457504,1.72903112463049,0.0935093067787789,1.682805551064981,0.07682943344116211,0.01950931065791362,0.0,1.3590489980336782,372.1685494087838,0.2067070651698757,371.9617557010135,0.0,0.0,0.0,0.0,0.0,1.6424058675765991,55.53642272949219,21.214553833007812,52.09791564941406,97.71267700195312,1.0062497854232788,0.7000296115875244,0.25,4.0,0.63111811876297,0.5511336922645569,0.11062753036437246,0.007793522267206478,0.7493710517883301,0.4639281630516052,0.38090994849018006,,0.7864748239517212,0.07360780984163284,,0.14422094821929932,,0.8017435073852539,0.0642678290605545,,0.13398869335651398,,,,,,,,,,,,,,,,,,,,,,,,,,,,,,,,,,,,
534,4.82850277639051e-06,4.8285027763905096e-05,1.0,84.51742636190879,4.750449515677787,3.1473415477855786,3.1473415477855786,3.2193042652027026,0.0,0.0,0.2925829500765414,1.7345935718433276,0.09405283025793128,1.6939719947608742,0.08107207272503827,0.01991137459471419,0.0,1.3367230183369405,378.3393422719595,0.23031840453276764,378.1089790962838,0.0,0.0,0.0,0.0,0.0,1.7077583074569702,52.66413497924805,20.164148330688477,51.99626541137695,87.62322235107422,1.017902135848999,0.6905829906463623,0.25,4.0,0.6373053193092346,0.5445693731307983,0.14635627530364373,0.002327935222672065,1.1292839050292969,0.9082322120666504,0.1957450132585674,,0.7938207983970642,0.07604647427797318,,0.1448952704668045,,0.8028948903083801,0.06381156295537949,,0.13329356908798218,,,,,,,,,,,,,,,,,,,,,,,,,,,,,,,,,,,,
535,4.81349108752787e-06,4.81349108752787e-05,1.0,83.29485589104729,4.922696912610853,3.159584870209565,3.159584870209565,3.2282069438212626,0.0,0.0,0.2898817835627375,1.7197194486050993,0.09366857683336413,1.6873983434728674,0.07790071899826462,0.019809371716267354,0.0,1.3649884816762563,371.33335092905406,0.24079753257132866,371.09258868243245,0.0,0.0,0.0,0.0,0.0,2.791611909866333,43.48542404174805,12.764654159545898,38.56494903564453,80.40758514404297,1.0176079273223877,0.678028404712677,0.25,4.0,0.6156697869300842,0.5243366956710815,0.1341093117408907,0.0025303643724696357,2.164188861846924,1.6200785636901855,0.25141534907096474,,0.7606792449951172,0.09576563537120819,,0.15902522206306458,,0.7638694047927856,0.08423152565956116,,0.1518990695476532,81.80454388293592,123.59200065803365,0.22430013319044892,4.36021230508993,81.80454657569719,95.21652149135352,112.50638957840965,140.71337381566693,27.10157666887556,69.2034420634425,125.46678095278533,0.49605217794384526,0.6970300300112956,0.5653616528567794,0.5322006736587389,0.0,0.6453393442437588,0.6750886390495453,0.7021093251030657,0.6274794204806085,0.8785497050309626,0.9685427430288374,0.9921952291964384,0.37854970503096264,0.16854274302883732,0.04219522919643848,9.160529112161518e-05,0.0,0.5934065934065934,0.4065934065934066,0.8525641025641026,0.9230039270369561,0.8940207494811697,0.8847892688034655,-8.073376655578613,0.0003116803418379277
536,4.798483794305134e-06,4.798483794305133e-05,1.0,85.21894135346284,4.8524491593644425,3.10932901743296,3.10932901743296,3.1688807719462626,0.0,0.0,0.2888458612802866,1.7436094541807432,0.09271656500326621,1.6881658193227407,0.07920175629693109,0.02058184307974738,0.0,1.3465553489891258,381.53549936655406,0.22781397845294024,381.3077227618243,0.0,0.0,0.0,0.0,0.0,2.8767940998077393,47.119956970214844,11.113972663879395,45.48503112792969,86.56863403320312,1.0163553953170776,0.6943113803863525,0.25,4.0,0.6247461438179016,0.5374372601509094,0.13997975708502025,0.003036437246963563,4.622109413146973,4.348255157470703,0.05924876094393778,,0.7745729684829712,0.08799004554748535,,0.15100310742855072,,0.7770440578460693,0.07849887013435364,,0.14445708692073822,,,,,,,,,,,,,,,,,,,,,,,,,,,,,,,,,,,,
537,4.783481047845574e-06,4.783481047845574e-05,1.0,84.0978805954392,4.8216536238386825,3.15036526241818,3.15036526241818,3.2192125062684753,0.0,0.0,0.2912044267396669,1.7391025440112964,0.09323136226550953,1.689997286409945,0.07664602511637919,0.01981250015464989,0.0,1.3546071439175993,375.8804106841216,0.23527645420383764,375.6451119087838,0.0,0.0,0.0,0.0,0.0,2.9511337280273438,46.982723236083984,9.884971618652344,41.45503616333008,91.0782241821289,1.0130128860473633,0.7718689441680908,0.25,4.0,0.620625376701355,0.6007018685340881,0.14564777327935222,0.01325910931174089,4.798645496368408,4.312492370605469,0.10131048983111125,,0.7685069441795349,0.09100257605314255,,0.15227752923965454,,0.7745320796966553,0.08031976222991943,,0.1451481580734253,,,,,,,,,,,,,,,,,,,,,,,,,,,,,,,,,,,,
538,4.768482999226684e-06,4.7684829992266836e-05,1.0,84.94461307010135,4.83933196196685,3.13775449185758,3.13775449185758,3.202047605772276,0.0,0.0,0.29034828495334936,1.7506122073611698,0.09364651344917915,1.6960961625382707,0.0811114568968077,0.020296259506328684,0.0,1.350093635352882,380.06271114864865,0.251346948984507,379.81131228885135,0.0,0.0,0.0,0.0,0.0,2.7575268745422363,46.57987594604492,13.99460506439209,43.44450378417969,83.90519714355469,1.008737325668335,0.7230089902877808,0.25,4.0,0.6106389760971069,0.5448843836784363,0.11406882591093118,0.006578947368421052,2.9894933700561523,2.2030556201934814,0.26306723331114096,,0.7551138997077942,0.09248053282499313,,0.15646031498908997,,0.7700642943382263,0.08056683838367462,,0.14936891198158264,,,,,,,,,,,,,,,,,,,,,,,,,,,,,,,,,,,,
539,4.753489799478647e-06,4.7534897994786464e-05,1.0,85.16903109163852,4.85031086689717,3.116269910657728,3.116269910657728,3.180192277238176,0.0,0.0,0.28994271561906143,1.7629178021405194,0.09337536708728687,1.6936341363030512,0.08169263118022196,0.02074730396270752,0.0,1.3343034692712732,381.23073268581084,0.24369634164346232,380.9870143581081,0.0,0.0,0.0,0.0,0.0,3.2649481296539307,44.732398986816406,12.49577522277832,37.45150375366211,85.89495086669922,1.0038000345230103,0.644953191280365,0.25,4.0,0.597432553768158,0.49433499574661255,0.09473684210526316,0.007793522267206478,3.764779567718506,2.307945728302002,0.3869639146759819,,0.7355389595031738,0.10142076760530472,,0.16646121442317963,,0.7515949606895447,0.09020209312438965,,0.15820296108722687,,,,,,,,,,,,,,,,,,,,,,,,,,,,,,,,,,,,
540,4.7385015995828154e-06,4.738501599582815e-05,1.0,84.44671795819256,4.839600846574113,3.1158735945418075,3.1158735945418075,3.180671485694679,0.0,0.0,0.28924521884402715,1.7476177731075802,0.09388942976255675,1.6878069284799937,0.0816110662511877,0.020437005403879528,0.0,1.3446314012682117,377.6951805320946,0.23445858826508392,377.46075274493245,0.0,0.0,0.0,0.0,0.0,2.5773377418518066,47.52679443359375,12.739747047424316,44.38798141479492,85.89495086669922,1.0051960945129395,0.5818505883216858,0.25,4.0,0.6159600615501404,0.482442706823349,0.058299595141700404,0.0019230769230769232,1.4830591678619385,1.090284824371338,0.2648406429103204,,0.7634856700897217,0.08670294284820557,,0.1529148370027542,,0.7735324501991272,0.07936625927686691,,0.14710131287574768,92.7174426487514,137.86145970608098,0.24827737173192177,36.82000493479299,92.71744304639117,105.15494804900196,122.90720500104334,150.69127392765066,23.468384878976003,78.51658192715904,143.0794956373132,0.47952515836009774,0.7064422016007015,0.5648976161155373,0.5326513504175954,0.0,0.6549570867798042,0.68822191335723,0.7264778420774001,0.6388363358786686,0.8700487340148767,0.9667839214393024,0.9926898977684951,0.3700487340148767,0.16678392143930232,0.04268989776849519,9.160529112161518e-05,0.0,0.7032967032967034,0.2967032967032967,0.8690476190476192,1.0006504788339794,0.9612864436029078,0.9457857833131329,-8.0734224319458,0.00031166605185717344
541,4.723518550470198e-06,4.7235185504701976e-05,1.0,83.2440086570946,4.812086363096495,3.1412819527290963,3.1412819527290963,3.211148854848501,0.0,0.0,0.29137923266436605,1.7047397510425464,0.09203065408242715,1.680858715160473,0.0781525470115043,0.020840367755374394,0.0,1.363040202372783,371.7413692989865,0.23073747995737437,371.5106102195946,0.0,0.0,0.0,0.0,0.0,2.1308846473693848,50.61500549316406,16.45749855041504,47.99485397338867,89.66619110107422,1.006665587425232,0.7860857844352722,0.25,4.0,0.6166366934776306,0.5726776123046875,0.14392712550607287,0.013765182186234818,2.2215120792388916,1.5945966243743896,0.2822021364292056,,0.7639374136924744,0.08877988904714584,,0.15157349407672882,,0.7889097929000854,0.07186993956565857,,0.1392202526330948,,,,,,,,,,,,,,,,,,,,,,,,,,,,,,,,,,,,
542,4.708540803019932e-06,4.708540803019932e-05,1.0,84.49893105996621,5.051333040804477,3.1805203412030196,3.1805203412030196,3.256689535604941,0.0,0.0,0.29038060678018107,1.754261944745038,0.09503823357659417,1.6901218311206714,0.0819187357619002,0.021322100549130828,0.0,1.3551905863993876,376.5577755489865,0.2840535189654376,376.27380701013516,0.0,0.0,0.0,0.0,0.0,3.677947759628296,39.380096435546875,11.83076286315918,32.41157531738281,78.20824432373047,1.0137770175933838,0.696479856967926,0.25,4.0,0.5946633219718933,0.5141538381576538,0.1409919028340081,0.004554655870445344,5.984476089477539,5.022308349609375,0.16077727197539257,,0.7297602295875549,0.10979190468788147,,0.17155911028385162,,0.74116051197052,0.09597333520650864,,0.16286616027355194,,,,,,,,,,,,,,,,,,,,,,,,,,,,,,,,,,,,
543,4.6935685080577684e-06,4.693568508057768e-05,1.0,84.8268845016892,4.870711043074325,3.140722944929793,3.140722944929793,3.2107519201330237,0.0,0.0,0.28972679859883077,1.7442727991052576,0.09354998614336993,1.694110767261402,0.07855941798235919,0.019985827239784034,0.0,1.369564674996041,379.31411000844594,0.26432774517987223,379.0497255067568,0.0,0.0,0.0,0.0,0.0,2.4691903591156006,48.04479217529297,13.940045356750488,41.943695068359375,91.43470001220703,1.0107027292251587,0.7431994080543518,0.25,4.0,0.6234155893325806,0.5905590653419495,0.15728744939271255,0.00860323886639676,1.5146796703338623,1.151886224746704,0.23951826428567044,,0.7733818292617798,0.08643612265586853,,0.14796315133571625,,0.7832678556442261,0.07589778304100037,,0.14083440601825714,,,,,,,,,,,,,,,,,,,,,,,,,,,,,,,,,,,,
544,4.678601816354551e-06,4.678601816354551e-05,1.0,86.39664273648648,4.865594812341638,3.0997067013302364,3.0997067013302364,3.1553959202122046,0.0,0.0,0.2915557912878088,1.7663104083086993,0.09285284377433159,1.709788348223712,0.08437969233538653,0.021445205082764495,0.0,1.3429812869510136,387.34253589527026,0.26577070597055796,387.0767525337838,0.0,0.0,0.0,0.0,0.0,3.5277457237243652,45.107887268066406,10.196764945983887,38.67811584472656,86.94132995605469,1.0212445259094238,0.7668870687484741,0.25,4.0,0.6181772351264954,0.5576499700546265,0.1777327935222672,0.0010121457489878543,10.35702133178711,8.58908462524414,0.1706993400811998,,0.7635795474052429,0.09715031832456589,,0.15898162126541138,,0.7669080495834351,0.08400537073612213,,0.149086594581604,,,,,,,,,,,,,,,,,,,,,,,,,,,,,,,,,,,,
545,4.6636408786247e-06,4.6636408786247e-05,1.0,84.16756624788852,4.79091706147065,3.1382062757337414,3.1382062757337414,3.21029993005701,0.0,0.0,0.2915638330820444,1.7323565096468538,0.094107267018911,1.7029276667414486,0.08192824028633736,0.021498759050627012,0.0,1.3533174669420398,376.42163745777026,0.23245847547376478,376.18921558277026,0.0,0.0,0.0,0.0,0.0,2.5391597747802734,50.61423873901367,12.867278099060059,45.08699035644531,92.87458038330078,1.0101592540740967,0.7755330801010132,0.25,4.0,0.6288725733757019,0.607080340385437,0.14392712550607287,0.013765182186234818,13.237767219543457,13.160697937011719,0.005821924592990104,,0.7818164229393005,0.08149237930774689,,0.14278261363506317,,0.7852210998535156,0.0741133764386177,,0.14066553115844727,91.3724603338556,134.13060976024886,0.2571233886426079,37.04979739346347,91.37245962046023,103.1385329064904,120.57735969641358,148.2982922340104,39.43434034075056,78.64517608169437,134.9678192138672,0.4648550103350675,0.6999707869069888,0.5627103676281696,0.5276687523683118,0.0,0.646733816291432,0.6816515947753725,0.7101403777240128,0.6409430424154229,0.8683265545417903,0.9661243633432267,0.9923051555457844,0.3683265545417903,0.16612436334322667,0.0423051555457844,9.160529112161518e-05,0.0,0.6758241758241759,0.3241758241758242,0.8699633699633699,0.9862401531292841,0.9480074921643341,0.932991681436261,-8.073309898376465,0.00031170115107670426
546,4.648685845524691e-06,4.6486858455246906e-05,1.0,84.17277238175676,4.759392403267525,3.1521167239627323,3.1521167239627323,3.224083152977196,0.0,0.0,0.2917217306188635,1.7338844505516258,0.09278060294486382,1.6895332336425781,0.07982097445307551,0.01915690383395633,0.0,1.3681328232223924,376.5512035472973,0.2263478201788825,376.3249049831081,0.0,0.0,0.0,0.0,0.0,2.2604358196258545,49.42171096801758,17.247310638427734,45.35194778442383,89.66619110107422,1.0110670328140259,0.7070931196212769,0.25,4.0,0.6178910136222839,0.5294805765151978,0.11912955465587044,0.0009109311740890688,1.8570783138275146,1.411708116531372,0.23982305645377783,,0.7654401063919067,0.08909554779529572,,0.1522659808397293,,0.7829782962799072,0.07416409254074097,,0.1428576111793518,,,,,,,,,,,,,,,,,,,,,,,,,,,,,,,,,,,,
547,4.633736867651541e-06,4.633736867651542e-05,1.0,84.6071975295608,4.858845066379857,3.133852984454181,3.133852984454181,3.203785664326436,0.0,0.0,0.2903630282427814,1.7485873248126056,0.09355562442057841,1.7047145946605786,0.08193958772195352,0.021133339082872547,0.0,1.3499383668641787,378.28834987331084,0.2707710266113281,378.0175517314189,0.0,0.0,0.0,0.0,0.0,2.257188081741333,50.20445251464844,16.013586044311523,48.371280670166016,87.24759674072266,1.008874535560608,0.7243626713752747,0.25,4.0,0.6217527389526367,0.5476167798042297,0.12034412955465587,0.006477732793522267,12.118692398071289,12.026251792907715,0.007627935599577253,,0.7714654803276062,0.08461180329322815,,0.15201465785503387,,0.7859369516372681,0.07236744463443756,,0.14169561862945557,,,,,,,,,,,,,,,,,,,,,,,,,,,,,,,,,,,,
548,4.618794095541294e-06,4.6187940955412935e-05,1.0,84.2939453125,4.783744605811867,3.1165258046743034,3.1165258046743034,3.177818504539696,0.0,0.0,0.29019056784140096,1.74740930505701,0.09361511307793695,1.6951987807815139,0.08098055220939018,0.021818135235760663,0.0,1.3493393562935494,377.1973975929054,0.2378518130328204,376.9594066722973,0.0,0.0,0.0,0.0,0.0,1.9802192449569702,52.80687713623047,14.868111610412598,51.99626541137695,93.6030044555664,1.015127182006836,0.8141469955444336,0.25,4.0,0.6333142518997192,0.6088746786117554,0.19534412955465588,0.00860323886639676,2.071096658706665,1.7996189594268799,0.13107920296163988,,0.7876896858215332,0.08064206689596176,,0.14344532787799835,,0.8030890226364136,0.06580668687820435,,0.13110432028770447,,,,,,,,,,,,,,,,,,,,,,,,,,,,,,,,,,,,
549,4.603857679667496e-06,4.603857679667496e-05,1.0,85.69776710304055,4.75071180188978,3.1222707387563347,3.1222707387563347,3.1877490894214526,0.0,0.0,0.29059162655392207,1.7558496836069468,0.09288855501123376,1.7029000359612543,0.0804185287372486,0.02096839208860655,0.0,1.3340813920304582,384.3419288429054,0.24200521933065877,384.09997888513516,0.0,0.0,0.0,0.0,0.0,3.9387643337249756,41.704376220703125,9.981977462768555,35.1137809753418,83.25223541259766,1.0098296403884888,0.6921511888504028,0.25,4.0,0.5992079973220825,0.5116884112358093,0.13147773279352226,0.004858299595141701,6.3282647132873535,4.709314346313477,0.2558284838455941,,0.7367342710494995,0.1063939705491066,,0.164930522441864,,0.7480244636535645,0.09422698616981506,,0.1577485203742981,,,,,,,,,,,,,,,,,,,,,,,,,,,,,,,,,,,,
550,4.5889277704396905e-06,4.588927770439691e-05,1.0,85.03259607263513,4.785621849266258,3.1461105346679688,3.1461105346679688,3.21601187216269,0.0,0.0,0.2906307272008947,1.7430615811734587,0.09226898889283876,1.6904755669671137,0.08212452321439176,0.020964830308347136,0.0,1.3352508544921875,380.7432696368243,0.24371629147916227,380.4995249155405,0.0,0.0,0.0,0.0,0.0,2.699794292449951,47.68669891357422,13.458480834960938,43.022308349609375,88.96839904785156,1.0077080726623535,0.6750815510749817,0.25,4.0,0.6094874739646912,0.5194553732872009,0.12479757085020243,0.00840080971659919,2.6663970947265625,2.0084447860717773,0.246757060287848,,0.7533302307128906,0.09310432523488998,,0.159555584192276,,0.7683268785476685,0.0814996212720871,,0.15017348527908325,90.51009075458234,133.31292887677222,0.24551378852416242,26.302169632125686,90.51009230802816,102.52489945561584,119.55812091169395,147.14780391470873,28.802542550223215,76.59733640685562,138.91657223908797,0.4501067853546818,0.700896745851776,0.5640919049702394,0.5338131796295041,0.0,0.6487542989189055,0.6834576172242912,0.7070709927180552,0.6345997061295552,0.8732915613205818,0.9665457476823861,0.9920303396724195,0.37329156132058183,0.16654574768238606,0.04203033967241954,7.328423289729215e-05,0.0,0.6648351648351648,0.33516483516483514,0.8827838827838828,0.9735488121162404,0.937649969789353,0.9241918384373843,-8.073323249816895,0.00031169698922894895
551,4.574004518201896e-06,4.574004518201896e-05,1.0,83.92355099239865,4.805537043391047,3.1316722148173564,3.1316722148173564,3.1964443309887036,0.0,0.0,0.2915201187133789,1.7209652050121411,0.09251682178394215,1.6791141613109692,0.08304334331203152,0.019858903176075703,0.0,1.3448032688450169,375.19792546452703,0.2298554600896062,374.96803737331084,0.0,0.0,0.0,0.0,0.0,2.4946019649505615,54.74443054199219,11.80767822265625,53.437652587890625,97.33171844482422,1.0173341035842896,0.7830272912979126,0.25,4.0,0.6395384669303894,0.5947968363761902,0.18208502024291498,0.0066801619433198385,5.049261569976807,4.90986442565918,0.027607431777052355,,0.7965872287750244,0.07729819416999817,,0.14117524027824402,,0.8011418581008911,0.066587895154953,,0.13227027654647827,,,,,,,,,,,,,,,,,,,,,,,,,,,,,,,,,,,,
552,4.5590880732311e-06,4.5590880732311e-05,1.0,84.79975190033784,4.811368787610853,3.121105297191723,3.121105297191723,3.181515461689717,0.0,0.0,0.2906780500669737,1.7322162937473606,0.09386037491463325,1.6985023086135451,0.0810551321184313,0.021440235344139306,0.0,1.3522021319415118,379.5752744932432,0.2424138558877481,379.3328758445946,0.0,0.0,0.0,0.0,0.0,3.4432454109191895,44.705814361572266,11.422063827514648,37.59808349609375,87.24759674072266,1.0129305124282837,0.6877306699752808,0.25,4.0,0.6084280610084534,0.5215285420417786,0.13815789473684212,0.004959514170040486,3.0210957527160645,2.194875717163086,0.27348356463385165,,0.7506534457206726,0.0983569547533989,,0.16123434901237488,,0.7585799098014832,0.08795730769634247,,0.15346279740333557,,,,,,,,,,,,,,,,,,,,,,,,,,,,,,,,,,,,
553,4.544178585735735e-06,4.544178585735735e-05,1.0,85.43661581503379,4.842582084037162,3.108797021814295,3.108797021814295,3.1691234691722974,0.0,0.0,0.2920449231121991,1.7646496746991132,0.09466633925566802,1.7034814164445207,0.08354533685220254,0.02116179949528462,0.0,1.3449436909443624,382.6196157094595,0.23759073824495883,382.3821262668919,0.0,0.0,0.0,0.0,0.0,1.8913638591766357,55.743736267089844,17.073041915893555,56.11166763305664,95.86009216308594,1.0113204717636108,0.6372909545898438,0.25,3.7897799015045166,0.6349484324455261,0.5117149949073792,0.11791497975708502,0.0,0.6230192184448242,0.5124959945678711,0.17739938127886384,,0.7912394404411316,0.07486157864332199,,0.14155837893486023,,0.8027141094207764,0.06515276432037354,,0.1321331411600113,,,,,,,,,,,,,,,,,,,,,,,,,,,,,,,,,,,,
554,4.529276205854175e-06,4.529276205854175e-05,1.0,84.464111328125,4.733995179872255,3.1360640654692777,3.1360640654692777,3.204384262497361,0.0,0.0,0.2900192673141892,1.7446202458562077,0.09368651622050517,1.6855149140229095,0.08100603077862714,0.02069126593100058,0.0,1.3406485480231207,378.2149493243243,0.23274073729643951,377.98221072635135,0.0,0.0,0.0,0.0,0.0,3.019803524017334,44.06541442871094,12.942893028259277,38.19016647338867,82.92766571044922,1.0067169666290283,0.777128279209137,0.25,4.0,0.595940113067627,0.5574889183044434,0.16497975708502025,0.008097165991902834,2.8484349250793457,2.023754596710205,0.28952050865131435,,0.7325517535209656,0.10592131316661835,,0.16676649451255798,,0.7543399333953857,0.08969596028327942,,0.15596410632133484,,,,,,,,,,,,,,,,,,,,,,,,,,,,,,,,,,,,
555,4.514381083653222e-06,4.514381083653222e-05,1.0,84.45319758234797,4.805759739231419,3.1222645527607686,3.1222645527607686,3.1927261352539062,0.0,0.0,0.2896513810028901,1.7336442277238175,0.09263715872893462,1.6925621032714844,0.0823657834852064,0.020640722803167394,0.0,1.338978638520112,377.8730732685811,0.2451531693742082,377.6279032939189,0.0,0.0,0.0,0.0,0.0,2.700091600418091,45.38688659667969,13.643745422363281,39.67274856567383,86.23113250732422,1.0141124725341797,0.7232205867767334,0.25,4.0,0.6133158206939697,0.5531518459320068,0.1561740890688259,0.009615384615384616,3.2224035263061523,2.3834195137023926,0.26035969913597035,,0.7579141855239868,0.09494871646165848,,0.1576746255159378,,0.7683283686637878,0.08245337009429932,,0.14921826124191284,86.4603177164937,127.95075349097553,0.23530110174057106,14.94753445635785,86.46031837031484,98.4971545500558,115.66313132175948,143.99114208302373,25.0043215070452,74.27761568764383,129.97685109014097,0.4327468913253355,0.6890978733169387,0.5614957089182321,0.5250026523037836,0.0,0.6343606670675709,0.6719654940710059,0.6825677744222827,0.6358206322133153,0.8760946832289033,0.9671320215455644,0.9918471290901762,0.37609468322890327,0.1671320215455644,0.041847129090176294,5.496317467296911e-05,0.0,0.6318681318681318,0.36813186813186816,0.8882783882783883,0.9559284814602726,0.919985477740948,0.9071711556433322,-8.07326602935791,0.00031171482987701893
556,4.499493369126588e-06,4.499493369126588e-05,1.0,84.42079286317568,4.8266267518739445,3.144328349345439,3.144328349345439,3.217795500884185,0.0,0.0,0.29155836878596125,1.724252752355627,0.09284267554412017,1.6806180799329602,0.08058183902018778,0.020902229321969522,0.0,1.344727696599187,377.5156513935811,0.24205169162234744,377.27364864864865,0.0,0.0,0.0,0.0,0.0,4.181983947753906,42.14976501464844,10.119386672973633,34.30037307739258,85.56007385253906,1.0112754106521606,0.6750454902648926,0.25,4.0,0.6017484068870544,0.5219390988349915,0.11163967611336033,0.004453441295546558,13.361252784729004,7.938390731811523,0.40586478979841173,,0.7403175830841064,0.10489730536937714,,0.1655561327934265,,0.7399588823318481,0.09780193865299225,,0.16223913431167603,,,,,,,,,,,,,,,,,,,,,,,,,,,,,,,,,,,,
557,4.484613212193396e-06,4.484613212193396e-05,1.0,85.93322423986487,4.849140476536107,3.093643600876267,3.093643600876267,3.1534825917836784,0.0,0.0,0.2895301870397619,1.7757838481181376,0.09464218165423419,1.7151791340595968,0.07937899795738426,0.020672981803481642,0.0,1.3419359568003062,385.140625,0.2519324792397989,384.8887246621622,0.0,0.0,0.0,0.0,0.0,2.556190252304077,49.00271224975586,15.642631530761719,43.69981002807617,91.43470001220703,1.0068483352661133,0.5525999665260315,0.25,3.9333608150482178,0.6094998121261597,0.4427478611469269,0.07520242914979756,0.0,1.1670641899108887,0.8361234664916992,0.28356685628787776,,0.754008412361145,0.09005574136972427,,0.16056498885154724,,0.7701305150985718,0.08004164695739746,,0.14982782304286957,,,,,,,,,,,,,,,,,,,,,,,,,,,,,,,,,,,,
558,4.46974076269666e-06,4.46974076269666e-05,1.0,84.72285420185811,4.781214946025127,3.148100775641364,3.148100775641364,3.2257073892129435,0.0,0.0,0.29021850792137355,1.7273998775997677,0.09279563620283797,1.6884495503193624,0.08275723457336426,0.021716863722414582,0.0,1.3434262662320524,379.2208086993243,0.24679977829391891,378.97400232263516,0.0,0.0,0.0,0.0,0.0,3.672868013381958,42.55742263793945,10.665267944335938,34.166648864746094,86.23113250732422,1.0062204599380493,0.7037019729614258,0.25,4.0,0.5976410508155823,0.5312080383300781,0.13643724696356274,0.009817813765182187,4.369803428649902,3.24623966217041,0.25711997915353124,,0.7350928783416748,0.10469017922878265,,0.1654520034790039,,0.7481842041015625,0.09349914640188217,,0.15831665694713593,,,,,,,,,,,,,,,,,,,,,,,,,,,,,,,,,,,,
559,4.454876170401779e-06,4.454876170401779e-05,1.0,84.99468829180744,4.794559788059544,3.099711650126689,3.099711650126689,3.156692917282517,0.0,0.0,0.29043581679060654,1.737831734322213,0.09336840139852988,1.7001842808079075,0.08318455799205883,0.021418511867523193,0.0,1.3466951524889148,380.7306271114865,0.23051996488828916,380.5001319679054,0.0,0.0,0.0,0.0,0.0,2.096831798553467,51.90273666381836,16.044893264770508,50.00431823730469,88.96839904785156,1.0034295320510864,0.6555339694023132,0.25,4.0,0.6172240972518921,0.5088330507278442,0.0992914979757085,0.0069838056680161945,2.2084574699401855,1.6547636985778809,0.25071516155450396,,0.7660427689552307,0.08291273564100266,,0.1520259529352188,,0.7860150337219238,0.07200820744037628,,0.1419767588376999,,,,,,,,,,,,,,,,,,,,,,,,,,,,,,,,,,,,
560,4.440019584995037e-06,4.4400195849950375e-05,1.0,84.49272197001689,4.877503266205659,3.1643317970069678,3.1643317970069678,3.2412707354571366,0.0,0.0,0.2908232663128827,1.7489830223289695,0.09358109654607,1.6893697171597868,0.08231279012319204,0.019489721671955007,0.0,1.3371053128629118,377.48748944256755,0.24908117345861486,377.23846600506755,0.0,0.0,0.0,0.0,0.0,1.99560546875,54.79423141479492,19.774139404296875,53.28135299682617,94.70636749267578,1.0042736530303955,0.76664799451828,0.25,4.0,0.627206027507782,0.5867188572883606,0.15,0.011336032388663968,4.349902153015137,4.090634346008301,0.05960313540090191,,0.7806419730186462,0.07703498005867004,,0.1442781537771225,,0.7972040176391602,0.06704799830913544,,0.13574795424938202,84.88800166203426,125.57411581135351,0.23685013501942737,17.981634873610275,84.88800133456255,96.68794253360696,114.09630482026769,142.33745212182288,33.16759490966797,72.84897388783536,126.52011970851733,0.401576362380635,0.6922990718150239,0.563202982125307,0.5284516937719597,0.0,0.6386053033366341,0.6730415349903014,0.6992285921954952,0.6356540579690854,0.8732365981459089,0.9663442160419186,0.9919204133230736,0.3732365981459089,0.1663442160419185,0.04192041332307361,3.6642116448646074e-05,0.0,0.6373626373626373,0.3626373626373626,0.8882783882783883,0.9500589196334829,0.9143454041946065,0.9010930663117995,-8.073018074035645,0.00031179210054688156
561,4.425171156082081e-06,4.4251711560820804e-05,1.0,84.43868111275337,4.785761652766047,3.1550319774730786,3.1550319774730786,3.226459606273754,0.0,0.0,0.2911236994975322,1.7218957849451013,0.09323000907897949,1.680189493540171,0.08029524700061695,0.020544490298709354,0.0,1.341366535908467,377.76137563344594,0.2370015221673089,377.5243084881757,0.0,0.0,0.0,0.0,0.0,3.0352656841278076,43.67437744140625,12.942893028259277,36.08717346191406,84.89423370361328,1.0133726596832275,0.7042211890220642,0.25,4.0,0.5989212393760681,0.522390604019165,0.13087044534412956,0.00354251012145749,2.625765800476074,1.6741116046905518,0.36242919898377046,,0.736454427242279,0.10476072877645493,,0.17069104313850403,,0.7489933371543884,0.0915987640619278,,0.15940792858600616,,,,,,,,,,,,,,,,,,,,,,,,,,,,,,,,,,,,
562,4.4103310331864245e-06,4.4103310331864245e-05,1.0,83.02260610219595,4.715672261006123,3.161026619576119,3.161026619576119,3.2263754767340584,0.0,0.0,0.2905121365109006,1.716415920773068,0.09292987230661753,1.6727036141060494,0.08320698866973052,0.02051619581274084,0.0,1.3470378566432644,371.00757495777026,0.2207457568194415,370.78679265202703,0.0,0.0,0.0,0.0,0.0,3.107429265975952,49.99372482299805,11.805375099182129,45.52945327758789,93.9693603515625,1.00991690158844,0.7595948576927185,0.25,4.0,0.6182501316070557,0.5665236711502075,0.14423076923076922,0.0057692307692307696,7.222166061401367,5.8927388191223145,0.18407597263432277,,0.7655027508735657,0.09055245667695999,,0.15339592099189758,,0.7793077230453491,0.0774879977107048,,0.14320425689220428,,,,,,,,,,,,,,,,,,,,,,,,,,,,,,,,,,,,
563,4.395499365747944e-06,4.395499365747944e-05,1.0,85.40293760557432,4.789956582559122,3.126475359942462,3.126475359942462,3.189864906104835,0.0,0.0,0.2913382762187236,1.7550009650153082,0.09297689876040897,1.6987764513170398,0.08153058387137749,0.020895094484896272,0.0,1.339222882245038,382.6495724239865,0.2571245915180928,382.3925253378378,0.0,0.0,0.0,0.0,0.0,1.7323729991912842,55.61323165893555,20.23912239074707,53.85676956176758,95.8227310180664,1.0106160640716553,0.7426429390907288,0.25,4.0,0.62959223985672,0.5641728639602661,0.13157894736842105,0.006477732793522267,1.3157854080200195,1.0190129280090332,0.22554778172951967,,0.783224880695343,0.07812988758087158,,0.14873553812503815,,0.8005720973014832,0.06509716808795929,,0.13433074951171875,,,,,,,,,,,,,,,,,,,,,,,,,,,,,,,,,,,,
564,4.380676303121362e-06,4.3806763031213626e-05,1.0,84.35059253589527,4.852193059148015,3.175229665395376,3.175229665395376,3.2529835056614234,0.0,0.0,0.29142315323288376,1.7318975087758657,0.09334495905283335,1.684575673696157,0.08132693574235246,0.020716467419186153,0.0,1.3476701684900232,376.86837521114865,0.2623806257505675,376.6059438344595,0.0,0.0,0.0,0.0,0.0,3.3321261405944824,42.23453140258789,10.877742767333984,36.870872497558594,79.4398422241211,1.0161709785461426,0.7573246359825134,0.25,4.0,0.6068241000175476,0.5675756335258484,0.17894736842105263,0.006781376518218624,3.5074214935302734,2.5968918800354004,0.25960085355421914,,0.7477012276649475,0.10167036205530167,,0.16349144279956818,,0.7543672919273376,0.08964379876852036,,0.1559889167547226,,,,,,,,,,,,,,,,,,,,,,,,,,,,,,,,,,,,
565,4.365861994574757e-06,4.365861994574757e-05,1.0,85.2646286423142,4.792304786475929,3.122900885504645,3.122900885504645,3.1803667223131336,0.0,0.0,0.29019002656678894,1.7459168305268158,0.09357075433473329,1.6837635555782833,0.08233254020278519,0.02070315303029241,0.0,1.3501003368480786,381.9862489442568,0.22986015113624367,381.7563872466216,0.0,0.0,0.0,0.0,0.0,2.075180768966675,51.94000244140625,14.839099884033203,50.10207748413086,92.51249694824219,0.9909980297088623,0.894236147403717,0.25,4.0,0.6152433156967163,0.6565111875534058,0.19777327935222672,0.024898785425101214,8.1633939743042,7.661086082458496,0.06153174689679448,,0.7639423608779907,0.08303415775299072,,0.14274072647094727,,0.7959374189376831,0.06877906620502472,,0.1352834403514862,94.4171274625338,141.2966547153342,0.2557527554195066,37.27486323262309,94.41712705516935,105.66781612059364,122.96333564799508,150.27840430772702,31.94849613734654,78.86529576501181,147.53596894637397,0.43368728346380353,0.7056293709955205,0.5620534428486025,0.5356843976372153,0.0,0.6544632883971223,0.6931512887336974,0.7253474834343541,0.6411786797420972,0.8669341541167418,0.9641823311714485,0.9914257447510169,0.3669341541167418,0.16418233117144843,0.0414257447510169,3.6642116448646074e-05,0.0,0.6868131868131868,0.3131868131868132,0.8782051282051283,1.0014142790338496,0.9640021859617024,0.9491701928468851,-8.072954177856445,0.00031181200756691396
566,4.351056589288054e-06,4.351056589288053e-05,1.0,85.44572160050676,4.8558762009079395,3.108828776591533,3.108828776591533,3.1807131380648226,0.0,0.0,0.29015033309524124,1.7392705968908362,0.09245811926352011,1.7036021464579814,0.08372450519252468,0.022543470601777773,0.0,1.3385877867002745,382.6297244510135,0.2881873620522989,382.34153293918916,0.0,0.0,0.0,0.0,0.0,1.696471095085144,53.65256881713867,18.145769119262695,51.89480972290039,91.79256439208984,0.9888295531272888,0.735045313835144,0.25,4.0,0.6218180060386658,0.5855470895767212,0.1479757085020243,0.015080971659919028,0.8556463718414307,0.6574414968490601,0.23164344700698639,,0.7751433253288269,0.07228153198957443,,0.13814698159694672,,0.8007501363754272,0.06637876480817795,,0.1328710913658142,,,,,,,,,,,,,,,,,,,,,,,,,,,,,,,,,,,,
567,4.336260236351512e-06,4.336260236351512e-05,1.0,83.70930109797297,4.829972138275972,3.127705342060811,3.127705342060811,3.1893588916675464,0.0,0.0,0.2906402897190403,1.736579688819679,0.09446186632723422,1.6810406865300358,0.08275132565884977,0.02029220961235665,0.0,1.3444302533123944,374.00841955236484,0.23966224773510084,373.76881862331084,0.0,0.0,0.0,0.0,0.0,2.18768310546875,53.97649383544922,14.692026138305664,51.89480972290039,95.8227310180664,1.006933331489563,0.6955773234367371,0.25,4.0,0.6279446482658386,0.5430858731269836,0.10475708502024292,0.00597165991902834,2.498702049255371,2.2559664249420166,0.09714468533200717,,0.7806983590126038,0.08103668689727783,,0.14341479539871216,,0.7924667596817017,0.07065172493457794,,0.13688156008720398,,,,,,,,,,,,,,,,,,,,,,,,,,,,,,,,,,,,
568,4.3214730847642476e-06,4.321473084764247e-05,1.0,85.041259765625,4.967660027581292,3.1252404290276603,3.1252404290276603,3.1860681482263513,0.0,0.0,0.2910874856484903,1.75449969317462,0.09414938978246741,1.6971254091005068,0.08220445143209922,0.0214732466517268,0.0,1.337243466763883,379.9595650337838,0.27284086072767105,379.6866290118243,0.0,0.0,0.0,0.0,0.0,2.5145723819732666,49.82400131225586,13.146714210510254,45.88654327392578,93.6030044555664,1.0030184984207153,0.6112975478172302,0.25,4.0,0.6136597990989685,0.4881124496459961,0.08087044534412956,0.006376518218623482,1.2940523624420166,0.9424422979354858,0.27171239334009994,,0.7601052522659302,0.08883463591337204,,0.15144842863082886,,0.7766093015670776,0.07945377379655838,,0.1439368724822998,,,,,,,,,,,,,,,,,,,,,,,,,,,,,,,,,,,,
569,4.30669528343271e-06,4.30669528343271e-05,1.0,84.85176045185811,4.748381743559966,3.1202683319916598,3.1202683319916598,3.180617667533256,0.0,0.0,0.29083097303235855,1.7278345468881968,0.09253787994384766,1.6885105854756124,0.07941302737674198,0.020063271393647063,0.0,1.3346089543523014,380.1786053631757,0.22629660529059334,379.9522804054054,0.0,0.0,0.0,0.0,0.0,2.738969087600708,49.5001220703125,12.515324592590332,45.08699035644531,93.6030044555664,1.0123467445373535,0.6574114561080933,0.25,4.0,0.6184709668159485,0.5066679120063782,0.12388663967611337,0.0015182186234817814,2.180569648742676,1.6064276695251465,0.26329907854517814,,0.7655048966407776,0.09163191169500351,,0.15396547317504883,,0.7768704891204834,0.07991625368595123,,0.14321327209472656,,,,,,,,,,,,,,,,,,,,,,,,,,,,,,,,,,,,
570,4.2919269811691956e-06,4.291926981169195e-05,1.0,84.59818412162163,4.717520224081503,3.1368006113413216,3.1368006113413216,3.2014364294103674,0.0,0.0,0.29006311055776235,1.7379459690403294,0.0922720110094225,1.6925600412729624,0.08132073685929582,0.02111305739428546,0.0,1.3507240914009713,378.96072635135135,0.22615595121641416,378.7345333614865,0.0,0.0,0.0,0.0,0.0,1.9554740190505981,56.48954391479492,16.265764236450195,56.11166763305664,99.63988494873047,1.00701904296875,0.8024174571037292,0.25,4.0,0.6398522257804871,0.614526629447937,0.14382591093117408,0.0069838056680161945,4.185551643371582,3.4791553020477295,0.16877018885731154,,0.7983430624008179,0.07330841571092606,,0.13296695053577423,,0.8123674988746643,0.06265438348054886,,0.12497811764478683,83.56295508080787,124.89506403764419,0.22789045790302434,8.946832007104224,83.56295651149028,95.31294678609845,112.06687834157093,140.19581094989044,27.998929704938615,69.51843581088754,131.40406732973844,0.43037617666631195,0.6854038011421826,0.5592028978219304,0.5206684840099669,0.0,0.6295732626505092,0.6678767384857324,0.6873380172972031,0.6337098404910065,0.8772305888388113,0.9668938477886483,0.9915356711003628,0.37723058883881133,0.16689384778864824,0.041535671100362825,5.496317467296911e-05,0.0,0.5934065934065934,0.4065934065934066,0.8956043956043956,0.9310297591018153,0.9002789154976278,0.8898760461054005,-8.073468208312988,0.00031165179098024964
571,4.277168326690345e-06,4.277168326690345e-05,1.0,85.57705605996621,4.886422647012247,3.1153547957136825,3.1153547957136825,3.1810661522117822,0.0,0.0,0.2895424301559861,1.754515570563239,0.09278075759475296,1.6983804445008974,0.08074270067988215,0.021898582174971298,0.0,1.3375648292335305,383.1005331503378,0.2786680427757469,382.82192250844594,0.0,0.0,0.0,0.0,0.0,3.053065538406372,48.995445251464844,10.688203811645508,47.52843475341797,88.96839904785156,1.0135524272918701,0.8195945024490356,0.25,4.0,0.6252238750457764,0.6175025701522827,0.17105263157894737,0.007489878542510121,6.717179775238037,5.824215412139893,0.1329373923249658,,0.7748241424560547,0.09035564213991165,,0.14725524187088013,,0.7804497480392456,0.07824113965034485,,0.14130908250808716,,,,,,,,,,,,,,,,,,,,,,,,,,,,,,,,,,,,
572,4.262419468615644e-06,4.2624194686156435e-05,1.0,85.52498812288852,4.8577254011824325,3.110678801665435,3.110678801665435,3.176158183329814,0.0,0.0,0.287786019814981,1.7608582780167863,0.09264311919341216,1.7052627769676414,0.0822389705761059,0.02158321883227374,0.0,1.3365312524743982,382.9950907939189,0.24856959162531672,382.7465688344595,0.0,0.0,0.0,0.0,0.0,2.4860422611236572,51.666080474853516,12.156352043151855,48.56059646606445,96.95226287841797,1.0144420862197876,0.7617686986923218,0.25,4.0,0.6325767636299133,0.5906938910484314,0.14767206477732794,0.00860323886639676,2.0701193809509277,1.8376621007919312,0.11229172689171929,,0.7861388921737671,0.08353107422590256,,0.14200803637504578,,0.7958776354789734,0.0713140070438385,,0.13280834257602692,,,,,,,,,,,,,,,,,,,,,,,,,,,,,,,,,,,,
573,4.24768055546593e-06,4.247680555465929e-05,1.0,84.19489680109797,4.742489376583615,3.1293615392736487,3.1293615392736487,3.1969344680373735,0.0,0.0,0.2898560601311761,1.7238102474728145,0.0918654557820913,1.6937755894016575,0.08122151606791728,0.02062751473607244,0.0,1.3355685053644955,376.87465688344594,0.23134017635036158,376.64334353885135,0.0,0.0,0.0,0.0,0.0,3.0339913368225098,46.53047561645508,10.520445823669434,39.94485855102539,89.31660461425781,1.0195345878601074,0.8581237196922302,0.25,4.0,0.6176647543907166,0.6157903671264648,0.2228744939271255,0.01194331983805668,10.364605903625488,10.2658052444458,0.009532505152475456,,0.7632317543029785,0.09671943634748459,,0.154866024851799,,0.7758514881134033,0.080446258187294,,0.1437022089958191,,,,,,,,,,,,,,,,,,,,,,,,,,,,,,,,,,,,
574,4.2329517356618935e-06,4.232951735661894e-05,1.0,82.24056429476352,4.822230983424831,3.156470015242293,3.156470015242293,3.2315952197925464,0.0,0.0,0.2917889775456609,1.6857137937803526,0.09329822256758406,1.6854047002019108,0.07957251007492477,0.019319540745503194,0.0,1.3647381550556905,366.6074746621622,0.23397950868348819,366.3734955658784,0.0,0.0,0.0,0.0,0.0,1.645892858505249,57.412872314453125,21.214553833007812,56.773094177246094,97.33171844482422,1.0076123476028442,0.6324495077133179,0.25,4.0,0.6380987167358398,0.5302645564079285,0.07904858299595141,0.0006072874493927126,1.5334497690200806,1.4554857015609741,0.05084227017682345,,0.7962903380393982,0.07159211486577988,,0.13691076636314392,,0.8054438829421997,0.06387864053249359,,0.13067752122879028,,,,,,,,,,,,,,,,,,,,,,,,,,,,,,,,,,,,
575,4.218233157522588e-06,4.2182331575225884e-05,1.0,84.80029956714527,4.8716570879962,3.094933587151605,3.094933587151605,3.1594184669288428,0.0,0.0,0.2892880053133578,1.7330297521642737,0.09222368936280946,1.7015777794090476,0.08017041232134844,0.020410204255903088,0.0,1.3368737504288957,379.41466955236484,0.26758776484309016,379.1469858530405,0.0,0.0,0.0,0.0,0.0,1.9176654815673828,55.14331817626953,16.297563552856445,55.241737365722656,93.9693603515625,1.015158772468567,0.8045457601547241,0.25,4.0,0.6363189816474915,0.6026710867881775,0.1667004048582996,0.00597165991902834,2.212343215942383,2.1032326221466064,0.049319017505744,,0.7921239733695984,0.07877963781356812,,0.14076612889766693,,0.8063085079193115,0.06407638639211655,,0.12961512804031372,86.15140743046017,135.03566528094456,0.22895891159424023,-17.6309321476863,86.15140792087455,97.5387668178381,114.62154635363241,141.32874496850297,25.941881452287948,68.48745088799055,144.84960473102072,0.43224207380696367,0.6852053198720934,0.5549889912586375,0.5251011305541939,0.0,0.6320038607252683,0.6718085085929587,0.6866681158091773,0.6296261957947037,0.8795756842915247,0.9656113737129457,0.9907845077131655,0.37957568429152466,0.16561137371294565,0.04078450771316555,1.8321058224323037e-05,0.0,0.46703296703296704,0.532967032967033,0.8617216117216117,0.9147170219611336,0.8939097712819393,0.8883774249435781,-8.073227882385254,0.0003117267042398453
576,4.203524969263932e-06,4.203524969263932e-05,1.0,84.21549699113176,4.761083242055532,3.1203963820998735,3.1203963820998735,3.187233795990815,0.0,0.0,0.28858901358939504,1.7172814446526605,0.09198543832108781,1.688721837224187,0.08019287521774704,0.021607899988019787,0.0,1.3427085876464844,376.9443359375,0.2201834755974847,376.7240815033784,0.0,0.0,0.0,0.0,0.0,1.9146740436553955,53.43878936767578,16.782093048095703,50.99056625366211,95.44915771484375,1.0119376182556152,0.6967524886131287,0.25,4.0,0.623931348323822,0.5262041687965393,0.11670040485829959,0.0024291497975708503,1.0073504447937012,0.7858043909072876,0.21992947442613656,,0.7744839787483215,0.08386646211147308,,0.15114884078502655,,0.7908279895782471,0.07060907781124115,,0.13856291770935059,,,,,,,,,,,,,,,,,,,,,,,,,,,,,,,,,,,,
577,4.188827318997218e-06,4.188827318997218e-05,1.0,83.97243850295608,4.859789874102618,3.144995405867293,3.144995405867293,3.2105873726509713,0.0,0.0,0.2900324641047297,1.7260754559491132,0.09265201156203812,1.68543325888144,0.07958863232586835,0.019369969496855866,0.0,1.3415408778834987,375.1064980996622,0.238922119140625,374.8675834037162,0.0,0.0,0.0,0.0,0.0,3.4080727100372314,48.15274429321289,9.017966270446777,43.870845794677734,92.51249694824219,1.0130164623260498,0.6505886316299438,0.25,4.0,0.6133888363838196,0.5088083148002625,0.10819838056680162,0.00020242914979757084,3.672293186187744,3.170428991317749,0.13666234405183397,,0.7579566836357117,0.09529290348291397,,0.15710122883319855,,0.765911340713501,0.08493354916572571,,0.14915506541728973,,,,,,,,,,,,,,,,,,,,,,,,,,,,,,,,,,,,
578,4.174140354727619e-06,4.174140354727619e-05,1.0,84.38711465371621,4.801444388724662,3.123146881928315,3.123146881928315,3.186000308474979,0.0,0.0,0.29015391581767314,1.7228925550306164,0.09326898085104453,1.6806699391957876,0.08108432872875317,0.02098290018133215,0.0,1.338234566353463,377.5840371621622,0.23581308931917758,377.34828969594594,0.0,0.0,0.0,0.0,0.0,1.5426957607269287,60.22145462036133,19.581974029541016,60.43464279174805,102.00276947021484,1.0002555847167969,0.8165774941444397,0.25,4.0,0.637224555015564,0.6204438209533691,0.1055668016194332,0.010526315789473684,3.800757646560669,3.5323915481567383,0.07060857948855985,,0.795753538608551,0.07001076638698578,,0.13266897201538086,,0.8182603120803833,0.0581962987780571,,0.1235433891415596,,,,,,,,,,,,,,,,,,,,,,,,,,,,,,,,,,,,
579,4.159464224352704e-06,4.1594642243527046e-05,1.0,84.85094884923987,4.785017683699325,3.10180004222973,3.10180004222973,3.1609626976219385,0.0,0.0,0.29078962996199326,1.7436148153769004,0.09411201605925688,1.6878890991210938,0.0813637875221871,0.020766356506863155,0.0,1.3255620389371305,380.06471706081084,0.24049354243922877,379.8242451435811,0.0,0.0,0.0,0.0,0.0,2.080972909927368,54.415504455566406,16.202348709106445,50.89107131958008,98.86447143554688,1.0116758346557617,0.8184949159622192,0.25,4.0,0.6297330856323242,0.6142371892929077,0.14676113360323886,0.011336032388663968,8.173807144165039,7.874189376831055,0.03665584005708647,,0.7827737927436829,0.08140891045331955,,0.1460757851600647,,0.7931864261627197,0.07026388496160507,,0.136549711227417,,,,,,,,,,,,,,,,,,,,,,,,,,,,,,,,,,,,
580,4.144799075660944e-06,4.1447990756609435e-05,1.0,84.27653214738176,4.766835805532095,3.1190319576778927,3.1190319576778927,3.178548864416174,0.0,0.0,0.2891546971089131,1.7339648684939823,0.09274701170019202,1.6826019287109375,0.08237013945708403,0.02054002961596927,0.0,1.336477228113123,377.2119932432432,0.24327120909819733,376.9686708192568,0.0,0.0,0.0,0.0,0.0,2.398789644241333,51.65631103515625,14.552085876464844,47.06654739379883,95.44915771484375,1.0046181678771973,0.6915161609649658,0.25,4.0,0.6121557950973511,0.5268934965133667,0.11649797570850202,0.007894736842105263,1.188623070716858,0.8804349303245544,0.2592816410726702,,0.7577931880950928,0.08974676579236984,,0.15469759702682495,,0.7793224453926086,0.07674279808998108,,0.14393475651741028,87.88269566965627,134.9564469988841,0.24267113622563738,13.214815370329134,87.88269528483742,99.93569886112523,117.49283203458884,145.26719869353653,31.351524353027344,74.20939387831577,134.82995937181556,0.4281462677539949,0.6837074196192622,0.5573445278077712,0.5192607762622119,0.0,0.6275682455855958,0.6581273327745367,0.6797478868258179,0.6351170334206866,0.8752702356088088,0.9649884577333186,0.9912974973434465,0.3752702356088088,0.1649884577333186,0.041297497343446565,1.8321058224323037e-05,0.0,0.6098901098901099,0.3901098901098901,0.9111721611721613,0.9591709142857856,0.9267433704091952,0.9155863499739668,-8.073596954345703,0.00031161168590188026
581,4.13014505633022e-06,4.13014505633022e-05,1.0,85.71524625211148,4.863855722788218,3.1276735872835726,3.1276735872835726,3.193476290316195,0.0,0.0,0.28946087811444254,1.750877586570946,0.09170985221862793,1.699643830995302,0.07984245790017618,0.021273163524833886,0.0,1.3366943565574851,383.84881756756755,0.2621158135903848,383.58670291385135,0.0,0.0,0.0,0.0,0.0,1.981451153755188,53.64034652709961,16.680795669555664,47.99485397338867,100.02985382080078,0.9995240569114685,0.7738345265388489,0.25,4.0,0.6169535517692566,0.5676539540290833,0.12277327935222672,0.009615384615384616,0.8203078508377075,0.5713840126991272,0.3034517320349629,,0.7656869888305664,0.08374813944101334,,0.14835010468959808,,0.7942178249359131,0.06995989382266998,,0.13582229614257812,,,,,,,,,,,,,,,,,,,,,,,,,,,,,,,,,,,,
582,4.1155023139263475e-06,4.115502313926347e-05,1.0,83.32161238386824,4.864194302945523,3.1686362189215584,3.1686362189215584,3.2441000036291174,0.0,0.0,0.2910734382835594,1.7199114206674937,0.09257283081879487,1.685026014173353,0.08163398020976298,0.0191570343198003,0.0,1.355690827240815,371.7075855152027,0.2390080013790646,371.4686180320946,0.0,0.0,0.0,0.0,0.0,2.9361932277679443,49.299285888671875,13.249826431274414,41.293418884277344,95.8227310180664,1.003164529800415,0.6614610552787781,0.25,4.0,0.6092345714569092,0.5204876065254211,0.08663967611336032,0.008299595141700405,4.691906929016113,3.8492929935455322,0.17958880008032813,,0.753394365310669,0.09227088838815689,,0.1557498425245285,,0.7695217132568359,0.08244937658309937,,0.1480289250612259,,,,,,,,,,,,,,,,,,,,,,,,,,,,,,,,,,,,
583,4.100870995901579e-06,4.100870995901579e-05,1.0,85.9970901076858,4.792595528267525,3.105257395151499,3.105257395151499,3.172551954114759,0.0,0.0,0.2892360429506044,1.7502872363941089,0.09118129111625053,1.7161974520296663,0.08246318069664207,0.022410579629846522,0.0,1.322250881710568,385.70740076013516,0.23922688252217061,385.4681957347973,0.0,0.0,0.0,0.0,0.0,3.3878390789031982,43.39733123779297,9.618341445922852,37.3784294128418,84.23358917236328,1.0168217420578003,0.7916994094848633,0.25,4.0,0.6114569306373596,0.5857377052307129,0.15404858299595142,0.006477732793522267,6.2342634201049805,5.7337327003479,0.08028706617415463,,0.7541022896766663,0.10062888264656067,,0.159500390291214,,0.758391261100769,0.08892689645290375,,0.15268179774284363,,,,,,,,,,,,,,,,,,,,,,,,,,,,,,,,,,,,
584,4.086251249593124e-06,4.0862512495931235e-05,1.0,83.9310203758446,4.804822354703336,3.1473900047508447,3.1473900047508447,3.2190724965688347,0.0,0.0,0.2895292333654455,1.7105682991646431,0.0908862964527027,1.6870743004051414,0.07992196727443386,0.01964621286134462,0.0,1.3422780423550993,375.17710092905406,0.238258104066591,374.93884607263516,0.0,0.0,0.0,0.0,0.0,3.2197561264038086,39.686405181884766,10.479430198669434,34.90864181518555,77.29708862304688,1.0037239789962769,0.8592924475669861,0.25,4.0,0.591096818447113,0.6243577003479004,0.1944331983805668,0.026821862348178137,7.185587406158447,6.602368354797363,0.08116511822836264,,0.7258573770523071,0.10812541097402573,,0.16586583852767944,,0.7417035102844238,0.09581220149993896,,0.1624842882156372,,,,,,,,,,,,,,,,,,,,,,,,,,,,,,,,,,,,
585,4.071643222221665e-06,4.0716432222216644e-05,1.0,83.67473210515203,4.827076267551732,3.170936378272804,3.170936378272804,3.2440286584802576,0.0,0.0,0.2894288140374261,1.7164124153755806,0.09240408201475402,1.6830784565693624,0.0810658158482732,0.02236853902404373,0.0,1.3325230366474874,373.6616870777027,0.24680057731834618,373.4148807010135,0.0,0.0,0.0,0.0,0.0,1.856919288635254,52.08102035522461,17.21030044555664,49.3253173828125,91.43470001220703,1.0131738185882568,0.780776858329773,0.25,4.0,0.6283149123191833,0.6013922095298767,0.17580971659919029,0.011538461538461539,1.3460216522216797,1.2214419841766357,0.09255398517506656,,0.7807573676109314,0.08224356919527054,,0.14604799449443817,,0.79478919506073,0.06947171688079834,,0.1357390284538269,88.87816129411969,133.32949963558002,0.24348843604126352,20.752618097996972,88.87815917697093,99.57415086014365,117.10962136941296,144.8972667390474,32.721361432756694,74.02457782834075,139.07837577488112,0.42513281906903055,0.6956593940921093,0.5656495640390033,0.5333618807682705,0.0,0.6435951546606236,0.6711395295086081,0.6977328658586192,0.6342534766482943,0.8721190135942252,0.965061741966216,0.9916822395661573,0.37211901359422517,0.16506174196621592,0.04168223956615735,1.8321058224323037e-05,0.0,0.6208791208791209,0.3791208791208791,0.8928571428571429,0.9589165026669974,0.9260931175488692,0.9139789816114928,-8.073871612548828,0.00031152612064033747
586,4.0570470608898745e-06,4.057047060889874e-05,1.0,83.55670001055744,4.874848236908784,3.1532176249736064,3.1532176249736064,3.223238352182749,0.0,0.0,0.2913697990211281,1.719463451488598,0.0933898655143944,1.6757522789207664,0.08002580178750528,0.019200917836782093,0.0,1.3385138640532623,372.9237489442568,0.25440164514490077,372.6693940033784,0.0,0.0,0.0,0.0,0.0,2.104032278060913,53.45941162109375,14.04937744140625,50.39651107788086,98.09510803222656,1.0009688138961792,0.8857242465019226,0.25,4.0,0.6180744171142578,0.6464707851409912,0.15850202429149798,0.015991902834008098,4.813180923461914,4.563703536987305,0.05183212317212689,,0.7669422030448914,0.08550618588924408,,0.14390908181667328,,0.7935035228729248,0.07179377973079681,,0.134702667593956,,,,,,,,,,,,,,,,,,,,,,,,,,,,,,,,,,,,
587,4.042462912580938e-06,4.042462912580938e-05,1.0,85.34516865498311,4.863118352116765,3.1411044146563554,3.1411044146563554,3.211496301599451,0.0,0.0,0.2909327326594172,1.7497061652106207,0.09126733444832466,1.7080139984955658,0.08193615320566539,0.022631864289979677,0.0,1.3260176375105575,381.9207400760135,0.2614029033763989,381.65936444256755,0.0,0.0,0.0,0.0,0.0,1.679622769355774,56.16175842285156,18.3919734954834,55.026371002197266,96.57428741455078,1.009745717048645,0.7226234078407288,0.25,4.0,0.6327899694442749,0.5531787872314453,0.11639676113360324,0.0013157894736842105,0.8920068740844727,0.7108437418937683,0.2030961166937692,,0.7880041003227234,0.07671789824962616,,0.14208562672138214,,0.8020691871643066,0.06535232812166214,,0.1325785219669342,,,,,,,,,,,,,,,,,,,,,,,,,,,,,,,,,,,,
588,4.027890924157066e-06,4.0278909241570655e-05,1.0,84.43244562922297,4.781597652950802,3.1314074542071366,3.1314074542071366,3.2024049501161316,0.0,0.0,0.29001797856511297,1.7319909173089105,0.09232675062643515,1.6923240455421242,0.08139057417173644,0.02073431498295552,0.0,1.3246389852987754,377.8515625,0.2222378447249129,377.6293285472973,0.0,0.0,0.0,0.0,0.0,1.9077930450439453,52.095115661621094,15.854870796203613,49.133018493652344,92.87458038330078,1.017376184463501,0.7709734439849854,0.25,4.0,0.6332029104232788,0.5890358686447144,0.17034412955465586,0.008299595141700405,1.4616315364837646,1.2471885681152344,0.1467147930349218,,0.7872259020805359,0.08147303760051727,,0.14592263102531433,,0.7941691279411316,0.0694868266582489,,0.13634401559829712,,,,,,,,,,,,,,,,,,,,,,,,,,,,,,,,,,,,
589,4.013331242358018e-06,4.0133312423580174e-05,1.0,85.03037241342905,4.860420433250633,3.117700112832559,3.117700112832559,3.1862953804634713,0.0,0.0,0.2882949210502006,1.7510404844541807,0.09313911360663336,1.6920505214381862,0.08240941408518199,0.022083453229955724,0.0,1.32199426599451,380.49778293918916,0.2179199167200037,380.2798247466216,0.0,0.0,0.0,0.0,0.0,3.95633602142334,39.67141342163086,8.965280532836914,34.772544860839844,76.09870910644531,1.0091984272003174,0.7321262955665588,0.25,4.0,0.5916998982429504,0.5343199372291565,0.15870445344129555,0.0075910931174089065,4.91202449798584,3.4955313205718994,0.2883725799809771,,0.7256962060928345,0.1107821837067604,,0.1720251888036728,,0.7421095371246338,0.09679772704839706,,0.16109278798103333,,,,,,,,,,,,,,,,,,,,,,,,,,,,,,,,,,,,
590,3.9987840137996305e-06,3.998784013799631e-05,1.0,83.55025997677365,4.730860529719172,3.179198187750739,3.179198187750739,3.2544388642182223,0.0,0.0,0.2907169445140942,1.6990400778280723,0.09194584794946618,1.6828713288178314,0.08250688862156223,0.021143207678923737,0.0,1.3432994533229519,373.4883868243243,0.21498803834657412,373.2733847128378,0.0,0.0,0.0,0.0,0.0,2.669496774673462,43.019046783447266,12.667789459228516,39.095821380615234,78.8216323852539,1.023015022277832,0.7932120561599731,0.25,4.0,0.6165698170661926,0.5940190553665161,0.22186234817813766,0.012550607287449392,5.5507965087890625,5.178027153015137,0.06715601178744121,,0.7611813545227051,0.09824743121862411,,0.1604660302400589,,0.7673768401145935,0.08353911340236664,,0.14908404648303986,89.45512989589146,134.09656574146283,0.24294560802842466,19.965355548229848,89.45513216858363,101.05231766459018,118.08479934717748,145.6944070193709,29.633936200823104,73.9797214241915,141.95678312882134,0.4437219809627991,0.6949821013235582,0.5631772121700699,0.5296165886643506,0.0,0.6427076014517192,0.6685637819456313,0.6852505263183734,0.6338133368846977,0.8745740353962845,0.965574731596497,0.9913341394598952,0.37457403539628453,0.16557473159649694,0.04133413945989528,5.496317467296911e-05,0.0,0.6043956043956044,0.3956043956043956,0.8910256410256411,0.9671749645373323,0.9344935286994819,0.9221657762651915,-8.073736190795898,0.0003115682920906693
591,3.984249384972335e-06,3.9842493849723345e-05,1.0,85.00836676520271,4.737282417915963,3.1257961376293286,3.1257961376293286,3.18471588959565,0.0,0.0,0.2895944956186655,1.7301184164511192,0.09211131688710805,1.6817871299949851,0.0806959513071421,0.021710492469168997,0.0,1.343872998211835,380.99047191722974,0.22486181516905088,380.7655722128378,0.0,0.0,0.0,0.0,0.0,3.3335161209106445,44.69620895385742,10.623686790466309,39.556671142578125,83.25223541259766,1.0098410844802856,0.5674755573272705,0.25,4.0,0.6061385273933411,0.450508177280426,0.08927125506072875,0.0013157894736842105,3.094789981842041,2.330472946166992,0.24696895109506653,,0.7478910684585571,0.09737404435873032,,0.16221757233142853,,0.755219578742981,0.08935651183128357,,0.1554238647222519,,,,,,,,,,,,,,,,,,,,,,,,,,,,,,,,,,,,
592,3.9697275022396785e-06,3.969727502239678e-05,1.0,85.0163772170608,4.846379872914907,3.1150382789405615,3.1150382789405615,3.1829394778689823,0.0,0.0,0.2888113228050438,1.7405486235747467,0.09202935888960555,1.6983186876451648,0.08153617704236829,0.022066375693759403,0.0,1.3347877296241555,380.5137774493243,0.2710178478344067,380.2427417652027,0.0,0.0,0.0,0.0,0.0,3.560089349746704,39.450721740722656,10.17686939239502,33.18019485473633,76.12837982177734,1.0228018760681152,0.7905581593513489,0.25,4.0,0.5994654893875122,0.5617148876190186,0.2111336032388664,0.009919028340080972,11.62021255493164,10.655147552490234,0.08305054644046342,,0.7350099086761475,0.11420357972383499,,0.16937944293022156,,0.7461349964141846,0.0954267680644989,,0.15843823552131653,,,,,,,,,,,,,,,,,,,,,,,,,,,,,,,,,,,,
593,3.955218511836861e-06,3.955218511836861e-05,1.0,84.34032543285473,4.756647058435388,3.086044723923142,3.086044723923142,3.1318291329048775,0.0,0.0,0.28944685652449326,1.7233757843842377,0.09160992261525747,1.6881926253035262,0.07825609155603357,0.019410310564814386,0.0,1.3418092469911318,377.76150760135135,0.22025866121859164,377.54122677364865,0.0,0.0,0.0,0.0,0.0,1.9852372407913208,52.893287658691406,15.88896656036377,50.593753814697266,93.23808288574219,1.0184693336486816,0.7589840292930603,0.25,4.0,0.630754292011261,0.5751121044158936,0.16133603238866398,0.003036437246963563,1.5392080545425415,1.1991826295852661,0.22090933318194741,,0.7830523252487183,0.08557748049497604,,0.14721231162548065,,0.7906792163848877,0.07178059220314026,,0.13754020631313324,,,,,,,,,,,,,,,,,,,,,,,,,,,,,,,,,,,,
594,3.9407225598692544e-06,3.940722559869254e-05,1.0,85.17207955025337,4.855804443359375,3.1019534549197636,3.1019534549197636,3.159839733226879,0.0,0.0,0.2893616959855363,1.7455947463576857,0.09285437094198691,1.6954594173946895,0.08242510460518501,0.02114842872361879,0.0,1.3290554768330343,381.3065614442568,0.24669407509468697,381.0598606418919,0.0,0.0,0.0,0.0,0.0,1.5583261251449585,57.7215461730957,20.723121643066406,56.4415168762207,98.47904205322266,0.9763211011886597,0.7495656609535217,0.25,4.0,0.6140410304069519,0.5835697650909424,0.11295546558704453,0.018724696356275303,0.7823429703712463,0.5365030765533447,0.31423544804300196,,0.7653014063835144,0.07195207476615906,,0.13666968047618866,,0.8049484491348267,0.06441590934991837,,0.13063563406467438,,,,,,,,,,,,,,,,,,,,,,,,,,,,,,,,,,,,
595,3.926239792310933e-06,3.926239792310934e-05,1.0,84.01308461782095,4.817802222999367,3.1559190492372253,3.1559190492372253,3.22709676381704,0.0,0.0,0.28979237015182907,1.7234335203428526,0.09252249227987754,1.6803867236987964,0.07928140743358715,0.01985270590395541,0.0,1.34317769231023,375.4733424831081,0.24287419705777555,375.2304951435811,0.0,0.0,0.0,0.0,0.0,1.8340816497802734,55.00959014892578,21.84526824951172,51.99626541137695,94.70636749267578,1.0065234899520874,0.6037207841873169,0.25,3.6611852645874023,0.6232081651687622,0.48289623856544495,0.08451417004048584,0.0,0.884390115737915,0.5823112726211548,0.34156741209699354,,0.7743467688560486,0.08098096400499344,,0.14886082708835602,,0.7901500463485718,0.07063174247741699,,0.13921819627285004,85.10730154435713,130.8408450419957,0.22344476993338108,-30.654753527798494,85.10729966504884,96.49485000380926,113.95858580812862,139.72953478581076,26.50435365949358,65.67229272413624,148.52766617484716,0.41909659928867776,0.6803931702132854,0.5561108022470681,0.531855211158315,0.0,0.6316365914763552,0.6620019258656794,0.6735748537948221,0.6280217137812827,0.879648968524422,0.9657213000622916,0.9902165549082115,0.379648968524422,0.16572130006229158,0.04021655490821152,1.8321058224323037e-05,0.0,0.43956043956043955,0.5604395604395604,0.8891941391941393,0.8867100125976971,0.8690403220908982,0.8657586211031609,-8.073862075805664,0.0003115291183348745
596,3.911770355003209e-06,3.911770355003209e-05,1.0,84.83066538217905,4.764866596943623,3.1273411931218327,3.1273411931218327,3.191042101061022,0.0,0.0,0.2893640930588181,1.729802724477407,0.0916585535616488,1.6834251816208299,0.08104603999369853,0.020513135033684807,0.0,1.3368390057538007,379.9575327280405,0.22041398125725822,379.7371463260135,0.0,0.0,0.0,0.0,0.0,3.5090348720550537,41.99740982055664,11.897965431213379,34.367431640625,82.2823257446289,1.017512559890747,0.6291459798812866,0.25,4.0,0.601721465587616,0.47332608699798584,0.1152834008097166,0.0008097165991902834,5.422898292541504,4.8875274658203125,0.09872411353492003,,0.7398543357849121,0.10615064203739166,,0.1682087481021881,,0.7441059350967407,0.09469413757324219,,0.1611999273300171,,,,,,,,,,,,,,,,,,,,,,,,,,,,,,,,,,,,
597,3.897314393653151e-06,3.897314393653151e-05,1.0,84.45695866765203,4.750947282120988,3.157955685177365,3.157955685177365,3.228941840094489,0.0,0.0,0.29091360762312607,1.7287169791556694,0.09224506326623864,1.6788558959960938,0.07924123068113585,0.020112221305434767,0.0,1.3449259577570736,378.0099239864865,0.23354169484731313,377.7763935810811,0.0,0.0,0.0,0.0,0.0,2.7709412574768066,48.045623779296875,12.396114349365234,42.02569580078125,92.87458038330078,1.0090316534042358,0.7242903709411621,0.25,4.0,0.6175535917282104,0.5662917494773865,0.16214574898785425,0.012449392712550607,1.4419867992401123,0.9755849838256836,0.32344388704543603,,0.7654317617416382,0.08761676400899887,,0.15071594715118408,,0.7800746560096741,0.07857391238212585,,0.14135140180587769,,,,,,,,,,,,,,,,,,,,,,,,,,,,,,,,,,,,
598,3.882872053832133e-06,3.8828720538321325e-05,1.0,85.45677391258445,4.709101084116343,3.106753787478885,3.106753787478885,3.173334688753695,0.0,0.0,0.2876604698799752,1.7384930172482052,0.0920761082623456,1.69638154313371,0.08352895685144372,0.022358638209265633,0.0,1.3285925581648543,383.4467113597973,0.23437628874907623,383.2123627533784,0.0,0.0,0.0,0.0,0.0,2.347923755645752,52.36106491088867,16.489673614501953,47.3894157409668,94.33715057373047,1.0167129039764404,0.6909208297729492,0.25,3.7693397998809814,0.6258029341697693,0.5263084173202515,0.13633603238866396,0.0,3.111340045928955,2.7497646808624268,0.11621210145115221,,0.7762601375579834,0.08635152131319046,,0.15207286179065704,,0.786902666091919,0.07322214543819427,,0.1398751437664032,,,,,,,,,,,,,,,,,,,,,,,,,,,,,,,,,,,,
599,3.868443480974354e-06,3.868443480974354e-05,1.0,84.81511296452703,4.829416223474451,3.120799915210621,3.120799915210621,3.186610866237331,0.0,0.0,0.29074094102189346,1.7460271474477407,0.09387313997423327,1.6995190800847233,0.08190997871192726,0.021108896345705598,0.0,1.3469769245869405,379.54764041385135,0.2705649556340398,379.2772117820946,0.0,0.0,0.0,0.0,0.0,2.5691847801208496,49.507083892822266,13.831562995910645,44.30137252807617,92.15182495117188,1.0082545280456543,0.6195860505104065,0.25,3.6028988361358643,0.6073139905929565,0.4655402600765228,0.08491902834008097,0.0,3.04097318649292,2.658663272857666,0.12571959375812933,,0.7500497102737427,0.09456860274076462,,0.16239026188850403,,0.7691782712936401,0.08121176064014435,,0.14960992336273193,,,,,,,,,,,,,,,,,,,,,,,,,,,,,,,,,,,,
600,3.854028820375385e-06,3.854028820375385e-05,1.0,83.80103198902027,4.778512903161951,3.1607237119932434,3.1607237119932434,3.232987687394426,0.0,0.0,0.2899588507574958,1.7258302843248523,0.09306011328826079,1.7022361755371094,0.08211658452008222,0.020611461755391712,0.0,1.3397064208984375,374.5538429054054,0.23844724088101774,374.3154032939189,0.0,0.0,0.0,0.0,0.0,1.324507236480713,59.811702728271484,24.99685287475586,57.667137145996094,100.81439971923828,1.0138561725616455,0.6825263500213623,0.25,4.0,0.6493861675262451,0.5613366365432739,0.13218623481781377,0.00597165991902834,0.5094688534736633,0.3610181212425232,0.2913833323057387,,0.8125917315483093,0.06482786685228348,,0.13275551795959473,,0.8193337917327881,0.056865040212869644,,0.12380116432905197,82.58358714344737,125.47844869036591,0.22059768754351586,3.144758790403932,82.58358747443822,93.9833174398171,111.63239637446176,139.4671639326881,23.378616333007812,67.44631496695585,134.04321554432744,0.42103057921894754,0.6873406692069549,0.5624600023310563,0.5289011708567999,0.0,0.633176646563416,0.6654282953905375,0.6810044272922463,0.6291227954781785,0.8797772159319922,0.9678282217580888,0.9914990289839141,0.3797772159319922,0.16782822175808876,0.04149902898391411,1.8321058224323037e-05,0.0,0.5879120879120879,0.41208791208791207,0.9120879120879121,0.9250051502015565,0.8937694595737772,0.8828074763436894,-8.074013710021973,0.0003114818537142128
601,3.8396282171906966e-06,3.8396282171906964e-05,1.0,83.9451805320946,4.76857530748522,3.1144454543654985,3.1144454543654985,3.1820924088761613,0.0,0.0,0.28909234742860535,1.716920079411687,0.09288706006230535,1.6811877070246517,0.08114158785020983,0.020215785181200183,0.0,1.3505377898345123,375.5877850506757,0.21951002688021273,375.3682696368243,0.0,0.0,0.0,0.0,0.0,3.1763482093811035,48.750484466552734,9.432306289672852,42.27266311645508,98.09510803222656,1.0109692811965942,0.7059499025344849,0.25,4.0,0.6213362812995911,0.5549800395965576,0.13340080971659918,0.00819838056680162,3.0305566787719727,2.4400711059570312,0.19484392981365228,,0.7699453830718994,0.0892593041062355,,0.149989053606987,,0.7769742012023926,0.08018139004707336,,0.14284440875053406,,,,,,,,,,,,,,,,,,,,,,,,,,,,,,,,,,,,
602,3.8252418164341996e-06,3.8252418164342e-05,1.0,83.93926836993244,4.73382568359375,3.1374571516707137,3.1374571516707137,3.202435880093961,0.0,0.0,0.2904256098979228,1.7188851640031144,0.09171874458725388,1.6800112337679476,0.08129381489109348,0.02061084798864416,0.0,1.3377510277000633,375.61594700168916,0.22028381760055954,375.39569256756755,0.0,0.0,0.0,0.0,0.0,2.384103775024414,52.862525939941406,13.016414642333984,47.62135314941406,98.09510803222656,1.0208048820495605,0.7213290929794312,0.25,3.939584493637085,0.6323003172874451,0.5466436147689819,0.16690283400809716,0.0,1.8428540229797363,1.6859006881713867,0.08516862043938216,,0.7851405143737793,0.08550772815942764,,0.14554259181022644,,0.7925935387611389,0.0713832825422287,,0.1360231339931488,,,,,,,,,,,,,,,,,,,,,,,,,,,,,,,,,,,,
603,3.810869762976796e-06,3.810869762976796e-05,1.0,85.45091453758445,4.839771580051732,3.115044258736275,3.115044258736275,3.1781739930848816,0.0,0.0,0.29108640309926626,1.7526158513249577,0.09309037311657055,1.6915835818728886,0.08237287804887101,0.021163937207814808,0.0,1.3273018501900338,382.7084301097973,0.25546182168496623,382.45291385135135,0.0,0.0,0.0,0.0,0.0,2.4203033447265625,58.403717041015625,15.131775856018066,56.33127975463867,103.60908508300781,1.009089708328247,0.6996892094612122,0.25,4.0,0.6349560618400574,0.5487682819366455,0.11508097165991903,0.0010121457489878543,11.411625862121582,11.200026512145996,0.018542436680994256,,0.7910897135734558,0.07593227922916412,,0.13977152109146118,,0.7999507188796997,0.06717769056558609,,0.1328715682029724,,,,,,,,,,,,,,,,,,,,,,,,,,,,,,,,,,,,
604,3.7965122015449023e-06,3.796512201544902e-05,1.0,85.35052655194256,4.903350830078125,3.148304707295186,3.148304707295186,3.218606691102724,0.0,0.0,0.2905669856715847,1.7510068738782727,0.09319472957301785,1.7091713982659418,0.08354089711163495,0.022691591365917307,0.0,1.3303197912267737,381.7026763091216,0.2531963554588524,381.4495090793919,0.0,0.0,0.0,0.0,0.0,2.5557258129119873,50.59576416015625,13.095459938049316,47.06654739379883,91.0782241821289,1.0117108821868896,0.718184232711792,0.25,4.0,0.6194671988487244,0.5482843518257141,0.11417004048582996,0.0032388663967611335,2.392942428588867,1.9864706993103027,0.16986272817196998,,0.7675315737724304,0.08882273733615875,,0.152226522564888,,0.776276171207428,0.07801319658756256,,0.14571061730384827,,,,,,,,,,,,,,,,,,,,,,,,,,,,,,,,,,,,
605,3.782169276719e-06,3.782169276719e-05,1.0,84.42741105363176,4.720307221283784,3.097248799092061,3.097248799092061,3.1533607276710303,0.0,0.0,0.2901818301226642,1.7190831158612225,0.09323371423257364,1.6854989335343644,0.0800693872812632,0.02046182510015127,0.0,1.342832307557802,378.3213946368243,0.20614799293311867,378.1152079814189,0.0,0.0,0.0,0.0,0.0,1.9495747089385986,54.37694549560547,15.734557151794434,53.75168228149414,92.15182495117188,1.020970344543457,0.7783116102218628,0.25,4.0,0.6349899172782898,0.5843734741210938,0.17702429149797572,0.0008097165991902834,2.0850143432617188,1.8190803527832031,0.12754540098870418,,0.7893434762954712,0.08182338625192642,,0.14782176911830902,,0.7970609664916992,0.06733208149671555,,0.13560698926448822,81.90869400527451,130.1362498849914,0.21405158422394263,-28.693824432708404,81.90869382248333,93.82508142447035,111.3502008319992,137.9192631088187,23.858160836356028,62.77272991801417,144.40637008003566,0.4149688199515472,0.6788224591870298,0.5547136444188467,0.5252839584110944,0.0,0.6246398599752644,0.6622683387003135,0.6790224500634897,0.6275628026622543,0.8815910006962002,0.9662892528672457,0.9907112234802682,0.3815910006962002,0.1662892528672456,0.04071122348026823,1.8321058224323037e-05,0.0,0.47802197802197804,0.521978021978022,0.8882783882783882,0.890983101594579,0.8706371168513874,0.8659478654409503,-8.07419490814209,0.0003114254504907876
606,3.7678411329321867e-06,3.767841132932187e-05,1.0,84.67439558699324,4.900665283203125,3.0997151555241764,3.0997151555241764,3.158228075182116,0.0,0.0,0.2886698954814189,1.7382901165936444,0.09410407736494734,1.6893440452781883,0.08375432684614852,0.021024161093943828,0.0,1.3385886114996832,378.6138091216216,0.25493621826171875,378.3589790962838,0.0,0.0,0.0,0.0,0.0,1.9418609142303467,56.172019958496094,15.43022346496582,55.241737365722656,99.25142669677734,1.015433430671692,0.8530178666114807,0.25,4.0,0.6332352757453918,0.6248458623886108,0.1743927125506073,0.00860323886639676,1.621563196182251,1.426220178604126,0.12046586777378362,,0.7873938083648682,0.08164933323860168,,0.142632856965065,,0.8032540082931519,0.06559308618307114,,0.13115288317203522,,,,,,,,,,,,,,,,,,,,,,,,,,,,,,,,,,,,
607,3.7535279144687103e-06,3.75352791446871e-05,1.0,85.19988518792229,4.864043364653716,3.0960412927576013,3.0960412927576013,3.156352275126689,0.0,0.0,0.28872979653848185,1.738117114917652,0.09226188144168339,1.7021194664207664,0.08264411462319864,0.021099986256779852,0.0,1.3448939967799831,381.4322212837838,0.24428883114376584,381.1878959037162,0.0,0.0,0.0,0.0,0.0,2.3692216873168945,54.63085174560547,14.467069625854492,50.29817199707031,99.25142669677734,1.0153493881225586,0.7390691041946411,0.25,4.0,0.6359829902648926,0.5706863403320312,0.1368421052631579,0.0011133603238866396,13.418770790100098,13.416699409484863,0.00015436440845703747,,0.7916544079780579,0.07856941223144531,,0.14246897399425507,,0.7943533658981323,0.06922195851802826,,0.13642466068267822,,,,,,,,,,,,,,,,,,,,,,,,,,,,,,,,,,,,
608,3.7392297654625194e-06,3.7392297654625195e-05,1.0,84.9964698585304,4.804146431587838,3.0819052618903084,3.0819052618903084,3.1403810655748523,0.0,0.0,0.28862942876042547,1.7456052625501477,0.0924514693182868,1.710214563318201,0.08095945538701238,0.022462598375371984,0.0,1.339851173194679,380.7742557010135,0.25521474271207245,380.5190561655405,0.0,0.0,0.0,0.0,0.0,2.228705644607544,51.28053665161133,15.190999984741211,46.15619659423828,95.8227310180664,1.0105284452438354,0.6286560893058777,0.25,4.0,0.6240495443344116,0.5040904879570007,0.09908906882591093,0.0004048582995951417,2.3773093223571777,2.1633095741271973,0.09001762884511508,,0.7748571634292603,0.08337710797786713,,0.14905379712581635,,0.7878694534301758,0.07290633767843246,,0.13922421634197235,,,,,,,,,,,,,,,,,,,,,,,,,,,,,,,,,,,,
609,3.7249468298958187e-06,3.724946829895819e-05,1.0,84.28437104096284,4.837048917203336,3.179734513566301,3.179734513566301,3.257753526842272,0.0,0.0,0.290183196196685,1.7323796040303,0.09182276596894136,1.6958772813951648,0.07979788651337495,0.020330367861567316,0.0,1.3415499506769955,376.58812816722974,0.24747742833317937,376.34063555743245,0.0,0.0,0.0,0.0,0.0,3.105738639831543,45.08496856689453,11.759350776672363,38.41459655761719,85.89495086669922,1.015521764755249,0.7205833792686462,0.25,4.0,0.6122704744338989,0.5388027429580688,0.14291497975708503,0.006477732793522267,13.039722442626953,12.839290618896484,0.015370865799662696,,0.756405234336853,0.09518231451511383,,0.15984956920146942,,0.765112042427063,0.08283185958862305,,0.15205606818199158,,,,,,,,,,,,,,,,,,,,,,,,,,,,,,,,,,,,
610,3.71067925159761e-06,3.7106792515976096e-05,1.0,85.33666332347973,4.826823878932643,3.1243879988386825,3.1243879988386825,3.1917099823822848,0.0,0.0,0.2899422258944125,1.7520180779534418,0.09194390193836109,1.7041074391957876,0.0811824927458892,0.021969748509896768,0.0,1.3433998726509713,382.1450063344595,0.257772007504025,381.8871674408784,0.0,0.0,0.0,0.0,0.0,1.4464999437332153,61.78403854370117,17.416566848754883,63.3349609375,104.42169952392578,1.0095443725585938,0.8501929640769958,0.25,4.0,0.6515071392059326,0.6481178998947144,0.15728744939271255,0.01305668016194332,6.655425548553467,6.515222549438477,0.021065970626846373,,0.815630316734314,0.0654030367732048,,0.12397868931293488,,0.8324965238571167,0.052799176424741745,,0.11470426619052887,78.05796390575367,120.97745055920437,0.21026512679746984,-19.233940837147472,78.05796412654058,90.46748402301986,107.91998456126012,135.45662352886896,25.340898786272323,62.23789723714193,130.44509555982506,0.4238001860001788,0.6786326178003226,0.5572493547094431,0.5231590491308657,0.0,0.6236079686054022,0.6576226933884219,0.6819693777151957,0.6267896900374728,0.8812795427063868,0.9674251584771536,0.9912608552269979,0.38127954270638675,0.16742515847715356,0.04126085522699796,1.8321058224323037e-05,0.0,0.5164835164835165,0.4835164835164835,0.8901098901098901,0.8863695674053915,0.8628840981112732,0.856438309772984,-8.07441520690918,0.00031135682365857065
611,3.6964271742422476e-06,3.6964271742422476e-05,1.0,84.40775443412163,4.809836722709037,3.137799443425359,3.137799443425359,3.205426602750211,0.0,0.0,0.28912423108075114,1.7307005186338682,0.09237121891331028,1.697826694797825,0.08223244306203481,0.021076028411452834,0.0,1.3416065525364231,377.5463207347973,0.23484472326330236,377.3114970439189,0.0,0.0,0.0,0.0,0.0,1.2968933582305908,61.09353256225586,22.893646240234375,60.199031829833984,102.4020004272461,1.0093704462051392,0.6729042530059814,0.25,4.0,0.6491622924804688,0.547907292842865,0.09888663967611336,0.0017206477732793523,0.7264174222946167,0.5743141174316406,0.20938829410576387,,0.8126115798950195,0.0640043243765831,,0.1305064707994461,,0.8257943391799927,0.054364584386348724,,0.1198410838842392,,,,,,,,,,,,,,,,,,,,,,,,,,,,,,,,,,,,
612,3.6821907413479923e-06,3.6821907413479926e-05,1.0,84.44635504645271,4.75433720769109,3.1056201006915116,3.1056201006915116,3.1683450647302576,0.0,0.0,0.2891415260933541,1.7235190932815139,0.09286209054895349,1.7036915340939083,0.08097194980930637,0.021008468963004446,0.0,1.3451619534879118,378.18100717905406,0.21838244876346072,377.96265308277026,0.0,0.0,0.0,0.0,0.0,4.050058364868164,49.26433181762695,7.445556640625,41.05216979980469,97.71267700195312,1.0179481506347656,0.7157913446426392,0.25,4.0,0.6321631669998169,0.5582583546638489,0.1659919028340081,0.0024291497975708503,11.191339492797852,10.473953247070312,0.06410191078460363,,0.7848227620124817,0.08607235550880432,,0.14572566747665405,,0.784805178642273,0.0775374248623848,,0.13765741884708405,,,,,,,,,,,,,,,,,,,,,,,,,,,,,,,,,,,,
613,3.6679700962755667e-06,3.6679700962755666e-05,1.0,84.77741633234797,4.723916131096917,3.154380385940139,3.154380385940139,3.233100684913429,0.0,0.0,0.28902873477420293,1.7249889889278927,0.09204298741108663,1.6954274564175993,0.08292869619421057,0.02171720040811075,0.0,1.3302958720439189,379.75036951013516,0.22514894846323374,379.52517947635135,0.0,0.0,0.0,0.0,0.0,2.9462506771087646,46.05485153198242,10.877742767333984,38.79157638549805,90.01713562011719,1.010854721069336,0.7251997590065002,0.25,4.0,0.6188315153121948,0.5654159188270569,0.14159919028340082,0.011437246963562754,12.390132904052734,11.665979385375977,0.05844598474322191,,0.766488790512085,0.08958747237920761,,0.15314599871635437,,0.7733649015426636,0.08037137985229492,,0.1462637484073639,,,,,,,,,,,,,,,,,,,,,,,,,,,,,,,,,,,,
614,3.653765382226706e-06,3.653765382226706e-05,1.0,85.20182511613176,4.772757452887458,3.1069278201541386,3.1069278201541386,3.1637439212283573,0.0,0.0,0.2896053984358504,1.740902462521115,0.09189785493386758,1.689676336340002,0.08068317980379672,0.02146658704087541,0.0,1.3307352839289486,381.85963893581084,0.22377302839949326,381.6358477618243,0.0,0.0,0.0,0.0,0.0,2.2338600158691406,49.94358825683594,15.88896656036377,44.38798141479492,91.0782241821289,1.0052567720413208,0.6029667258262634,0.25,4.0,0.6114601492881775,0.4816659986972809,0.07763157894736843,0.005263157894736842,0.8979851007461548,0.6603140234947205,0.2646715152110524,,0.7569171190261841,0.0887620747089386,,0.15886522829532623,,0.772412896156311,0.07844538986682892,,0.14914175868034363,,,,,,,,,,,,,,,,,,,,,,,,,,,,,,,,,,,,
615,3.6395767422427266e-06,3.639576742242726e-05,1.0,84.39323136613176,4.786096521326013,3.158824198954814,3.158824198954814,3.2342387018976986,0.0,0.0,0.2899473035657728,1.7210804707295186,0.09209475001773319,1.6823943885597024,0.08115182051787505,0.020692926806372566,0.0,1.3394741367649388,377.51390941722974,0.24284589612806165,377.2710884712838,0.0,0.0,0.0,0.0,0.0,2.0780293941497803,52.54993438720703,14.04937744140625,50.15105438232422,94.33715057373047,1.0187338590621948,0.8311390280723572,0.25,4.0,0.63173907995224,0.6140300035476685,0.2007085020242915,0.00819838056680162,1.5542346239089966,1.3711973428726196,0.11776682762093334,,0.7845403552055359,0.08463437855243683,,0.14717896282672882,,0.7955589890480042,0.0689568966627121,,0.13548409938812256,79.19868173704043,121.25781199833625,0.21774225662204072,-16.429680771880097,79.19868123241473,91.6941902886844,109.51508829980077,136.66937715701133,29.41738510131836,64.6101557413737,127.68539760423744,0.42991778173771583,0.6775103875981587,0.5551802073892143,0.5184357089573604,0.0,0.6219078828345097,0.6535592749941828,0.6705673541142578,0.6278151519072989,0.8808215162507786,0.9670587373126672,0.9913707815763438,0.38082151625077865,0.16705873731266718,0.041370781576343885,1.8321058224323037e-05,0.0,0.5164835164835165,0.4835164835164835,0.8772893772893774,0.892688339637531,0.8694633866895686,0.8627884596749976,-8.074539184570312,0.0003113182610832155
616,3.625404319203074e-06,3.625404319203074e-05,1.0,84.40328072212837,4.905520877322635,3.111394315152555,3.111394315152555,3.168716636863915,0.0,0.0,0.28908866160624735,1.7291336059570312,0.09269349639480179,1.689569834116343,0.08231610865206332,0.022220696951891925,0.0,1.3422053569072,377.1860219594595,0.26503037117622996,376.9210040118243,0.0,0.0,0.0,0.0,0.0,2.0101513862609863,52.789424896240234,18.90550422668457,47.714454650878906,94.70636749267578,1.011277437210083,0.5765102505683899,0.25,3.867257833480835,0.6211585998535156,0.4608037769794464,0.09554655870445344,0.0,1.004685878753662,0.6302304267883301,0.3727089828612435,,0.7706971764564514,0.08396469801664352,,0.15508025884628296,,0.7834724187850952,0.07313689589500427,,0.1433906853199005,,,,,,,,,,,,,,,,,,,,,,,,,,,,,,,,,,,,
617,3.6112482558238904e-06,3.61124825582389e-05,1.0,84.53348685599663,4.765457978119722,3.105404828045819,3.105404828045819,3.161160443280194,0.0,0.0,0.28924470334439667,1.7182965665250212,0.0923139984543259,1.683857788910737,0.08121996312528043,0.02095052197172835,0.0,1.3472251892089844,378.58612225506755,0.22573437561859955,378.3603779560811,0.0,0.0,0.0,0.0,0.0,2.1536619663238525,51.60264587402344,15.827022552490234,47.343135833740234,91.79256439208984,1.0232326984405518,0.7471566200256348,0.25,4.0,0.6361241340637207,0.5716455578804016,0.18066801619433198,0.005566801619433198,11.412947654724121,11.275969505310059,0.01200199576464049,,0.790852963924408,0.0817827507853508,,0.14699065685272217,,0.7928386926651001,0.06966431438922882,,0.1374969780445099,,,,,,,,,,,,,,,,,,,,,,,,,,,,,,,,,,,,
618,3.5971086946565766e-06,3.597108694656576e-05,1.0,83.07260214315879,4.858904451937289,3.1624739363386825,3.1624739363386825,3.229892009013408,0.0,0.0,0.2892707360757364,1.7164754094304264,0.09355564375181456,1.6739940127810917,0.07905635318240604,0.019994692222492116,0.0,1.3537570850269214,370.54460515202703,0.23745665679106842,370.3070893158784,0.0,0.0,0.0,0.0,0.0,2.307713508605957,49.55058670043945,15.703855514526367,45.440608978271484,88.62154388427734,1.0130866765975952,0.7459113597869873,0.25,4.0,0.6168460249900818,0.5500690340995789,0.13734817813765182,0.00708502024291498,3.451658248901367,2.7672171592712402,0.19829341153573898,,0.7637922167778015,0.08957856893539429,,0.15602737665176392,,0.7778786420822144,0.07562229037284851,,0.14649903774261475,,,,,,,,,,,,,,,,,,,,,,,,,,,,,,,,,,,,
619,3.582985778086357e-06,3.582985778086357e-05,1.0,85.51961702913852,4.765695107949747,3.1155158377982475,3.1155158377982475,3.1784641162769214,0.0,0.0,0.2896672583915092,1.737230043153505,0.09150292422320391,1.6961120399268899,0.08142296043602196,0.02255633070662215,0.0,1.3398266354122677,383.43325063344594,0.2299696174827782,383.20336254222974,0.0,0.0,0.0,0.0,0.0,4.407556056976318,40.75246047973633,8.356560707092285,27.696043014526367,92.51249694824219,1.0163748264312744,0.7001408338546753,0.25,4.0,0.6079999208450317,0.5401910543441772,0.13815789473684212,0.002631578947368421,12.240265846252441,11.802029609680176,0.03580283648058501,,0.7483783960342407,0.10571638494729996,,0.16126756370067596,,0.7449426054954529,0.09769046306610107,,0.15736690163612366,,,,,,,,,,,,,,,,,,,,,,,,,,,,,,,,,,,,
620,3.568879648330845e-06,3.568879648330845e-05,1.0,84.09738571579392,4.760668780352618,3.1152242712072424,3.1152242712072424,3.1767025509396114,0.0,0.0,0.2905287098240208,1.71384182491818,0.09153080630946804,1.6905838218895164,0.08356053764755661,0.020910332331786286,0.0,1.349056965595967,376.369140625,0.22992221729175463,376.1392525337838,0.0,0.0,0.0,0.0,0.0,3.592719554901123,42.57059097290039,10.899008750915527,34.90864181518555,84.23358917236328,1.0171526670455933,0.7464157342910767,0.25,4.0,0.6048352718353271,0.5452784895896912,0.15394736842105264,0.004453441295546558,12.494241714477539,12.346212387084961,0.011847804034481827,,0.7443245649337769,0.10461588948965073,,0.16606111824512482,,0.7496463060379028,0.09146644175052643,,0.15888726711273193,80.3575132390955,123.6771694058677,0.2141433251227346,-22.581654957362584,80.35751271357913,92.12875412887445,109.61679946667427,136.14630919437178,30.666228703090123,61.73609415690104,140.1401665729025,0.4251941528823152,0.67410941499037,0.5561335525512363,0.5229863938680281,0.0,0.61678649475002,0.6604760454967511,0.6788377307474854,0.6252423230170977,0.8834231065186325,0.9677549375251915,0.9910776446447547,0.38342310651863254,0.16775493752519144,0.04107764464475472,1.8321058224323037e-05,0.0,0.5164835164835165,0.4835164835164835,0.913003663003663,0.8839428027743822,0.8607695660257078,0.8552084404688615,-8.074577331542969,0.00031130638672038913
621,3.554790447438609e-06,3.554790447438609e-05,1.0,84.23287056587837,4.72957384264147,3.1486548346442147,3.1486548346442147,3.2181128424567147,0.0,0.0,0.28935597393963786,1.733951053103885,0.0924329306628253,1.6863250732421875,0.0792203593898464,0.021390188384700467,0.0,1.3495962813093856,377.0318306587838,0.2177049275991079,376.81408361486484,0.0,0.0,0.0,0.0,0.0,3.2967052459716797,48.76000213623047,9.844513893127441,42.562644958496094,94.70636749267578,1.0217132568359375,0.7145245671272278,0.25,4.0,0.6286678910255432,0.545250654220581,0.15799595141700404,0.0025303643724696357,10.131484031677246,9.449954986572266,0.06726843204550309,,0.7793633937835693,0.08888275921344757,,0.15179674327373505,,0.7800811529159546,0.07754922658205032,,0.14236962795257568,,,,,,,,,,,,,,,,,,,,,,,,,,,,,,,,,,,,
622,3.5407183172877486e-06,3.540718317287748e-05,1.0,84.20104650548987,4.800057900918497,3.105726912214949,3.105726912214949,3.16604944177576,0.0,0.0,0.2883031432693069,1.718559471336571,0.09161610216707797,1.685158394478463,0.08176992390606855,0.021306981911530364,0.0,1.3431383081384607,376.7498416385135,0.2271842183293523,376.5226192989865,0.0,0.0,0.0,0.0,0.0,2.6294174194335938,48.89042663574219,12.1326322555542,43.78524398803711,90.36944580078125,1.0163131952285767,0.6798068284988403,0.25,3.8031463623046875,0.6190220713615417,0.5173664093017578,0.14777327935222673,0.0,2.169499635696411,1.847104549407959,0.14860342955760075,,0.7661506533622742,0.09132221341133118,,0.15661226212978363,,0.7761701345443726,0.07812702655792236,,0.14570282399654388,,,,,,,,,,,,,,,,,,,,,,,,,,,,,,,,,,,,
623,3.5266633995844556e-06,3.5266633995844556e-05,1.0,84.23986486486487,4.75774775324641,3.118990099107897,3.118990099107897,3.1870595571157097,0.0,0.0,0.2891381753457559,1.7098582499736064,0.09112322008287585,1.6860571165342588,0.08253522821374841,0.021228853109720593,0.0,1.3489851049474768,377.0918496621622,0.23742621653788798,376.8543602195946,0.0,0.0,0.0,0.0,0.0,3.408541202545166,47.0465202331543,9.731719017028809,38.86741638183594,95.07704162597656,1.0043787956237793,0.5588767528533936,0.25,4.0,0.6060901284217834,0.4620155096054077,0.05637651821862348,0.0008097165991902834,2.256831645965576,1.706397294998169,0.2438969481624342,,0.7483698129653931,0.09546094387769699,,0.16039274632930756,,0.7604913711547852,0.08746673166751862,,0.15204188227653503,,,,,,,,,,,,,,,,,,,,,,,,,,,,,,,,,,,,
624,3.5126258358615963e-06,3.512625835861596e-05,1.0,83.7955421241554,4.8907441835145695,3.1138142766179264,3.1138142766179264,3.1771541286159204,0.0,0.0,0.2896610723959433,1.7103234368401605,0.09235201010832915,1.6829482413627006,0.0817640665415171,0.019812235961089265,0.0,1.3482512396735113,374.2349028716216,0.2419314513335357,373.99297930743245,0.0,0.0,0.0,0.0,0.0,2.5859873294830322,50.37911605834961,14.270624160766602,45.976253509521484,89.66619110107422,1.0098631381988525,0.6378189325332642,0.25,4.0,0.6134440898895264,0.49104660749435425,0.09423076923076923,0.001417004048582996,4.269215106964111,3.700368642807007,0.1332438047521147,,0.7592054009437561,0.08941599726676941,,0.16098888218402863,,0.7691883444786072,0.07908925414085388,,0.15172240138053894,,,,,,,,,,,,,,,,,,,,,,,,,,,,,,,,,,,,
625,3.498605767477282e-06,3.498605767477282e-05,1.0,83.6845505173142,4.721806294209248,3.1141980145428634,3.1141980145428634,3.174422599173881,0.0,0.0,0.28916696600011876,1.7188045398609058,0.09185136975468816,1.68092511151288,0.07882071830130913,0.02022512216825743,0.0,1.350306021200644,374.5243348817568,0.21990152307458827,374.30444995777026,0.0,0.0,0.0,0.0,0.0,2.36039400100708,52.05344009399414,15.823935508728027,47.43569564819336,95.07704162597656,1.0106192827224731,0.7435945272445679,0.25,4.0,0.6232972145080566,0.57176274061203,0.14524291497975708,0.011639676113360324,2.858238935470581,1.7448687553405762,0.38953012860931424,,0.7735890746116638,0.08455927670001984,,0.14953359961509705,,0.7874951958656311,0.07261341065168381,,0.1398913562297821,79.44089654775766,124.47399900811752,0.2136025623451024,-20.127013028322995,79.44089656198256,92.0323381345625,110.07059024664972,137.0711771439702,27.734094892229354,62.74023165444071,134.14379617442256,0.4275489014706264,0.6793249855592518,0.5555691297799608,0.5239092565317489,0.0,0.6240584910497255,0.6644586243929905,0.6730035608574824,0.6251341685245602,0.8828001905390055,0.9670404162544428,0.991095965702979,0.3828001905390055,0.16704041625444277,0.04109596570297902,3.6642116448646074e-05,0.0,0.4945054945054945,0.5054945054945055,0.8846153846153846,0.890337677201727,0.8678237923554012,0.8616967589318097,-8.0747709274292,0.0003112461417913437
626,3.484603335613445e-06,3.484603335613445e-05,1.0,84.30121014569256,4.818068633208403,3.1494998416385136,3.1494998416385136,3.225748010583826,0.0,0.0,0.2892184128632417,1.72458215661951,0.09292882841986579,1.6838006715516787,0.08332178399369523,0.020977846674017003,0.0,1.3379981582229201,376.9317198057432,0.24279988778604045,376.6888988597973,0.0,0.0,0.0,0.0,0.0,2.484259843826294,51.567970275878906,13.27573013305664,47.90120315551758,93.9693603515625,1.0114445686340332,0.7975096106529236,0.25,4.0,0.6232924461364746,0.5988727807998657,0.18279352226720647,0.012550607287449392,1.8807346820831299,1.483925461769104,0.21098628322976107,,0.7734249830245972,0.08518370240926743,,0.14976483583450317,,0.7854117155075073,0.07378904521465302,,0.14079919457435608,,,,,,,,,,,,,,,,,,,,,,,,,,,,,,,,,,,,
627,3.4706186812744177e-06,3.470618681274417e-05,1.0,85.23210515202703,4.766821371542441,3.1319920307881124,3.1319920307881124,3.1991236918681376,0.0,0.0,0.2901225218901763,1.7333105963629645,0.09181808780979465,1.6855933730666701,0.08182634534062566,0.02131769624916283,0.0,1.3364820738096495,381.92163745777026,0.25132808169803106,381.6703441722973,0.0,0.0,0.0,0.0,0.0,2.6817257404327393,54.04140090942383,16.044893264770508,49.80937194824219,97.33171844482422,1.012615442276001,0.7164498567581177,0.25,4.0,0.6231669783592224,0.5332590341567993,0.13248987854251013,0.0013157894736842105,13.558968544006348,12.68150806427002,0.06471439747710041,,0.7727472186088562,0.08665395528078079,,0.15314334630966187,,0.7825902700424194,0.07427778840065002,,0.14313195645809174,,,,,,,,,,,,,,,,,,,,,,,,,,,,,,,,,,,,
628,3.456651945285516e-06,3.456651945285516e-05,1.0,85.11015361064189,4.79278193293391,3.0941454913165116,3.0941454913165116,3.151025308145059,0.0,0.0,0.28796580031111435,1.7315110902528505,0.09186853589238347,1.6894670434900232,0.08301459132014094,0.021757093635765282,0.0,1.3475040745090794,381.36850717905406,0.23983316163758975,381.12869510135135,0.0,0.0,0.0,0.0,0.0,3.3692991733551025,44.03120040893555,10.941666603088379,37.232704162597656,86.56863403320312,1.0100783109664917,0.7972808480262756,0.25,4.0,0.5985862612724304,0.5622015595436096,0.1507085020242915,0.00708502024291498,8.273260116577148,7.965684413909912,0.03717708597738227,,0.7357466816902161,0.10736072063446045,,0.1641911417245865,,0.7575314044952393,0.08890077471733093,,0.153567835688591,,,,,,,,,,,,,,,,,,,,,,,,,,,,,,,,,,,,
629,3.4427032682916157e-06,3.4427032682916155e-05,1.0,84.49550649282095,4.776690508868243,3.14324951171875,3.14324951171875,3.2154660611539274,0.0,0.0,0.29046824171736435,1.7291031914788324,0.09164435154682882,1.6870514122215476,0.08098610027416332,0.0216967350727803,0.0,1.344086724358636,378.13495038006755,0.24239032332961624,377.8924725506757,0.0,0.0,0.0,0.0,0.0,3.5882654190063477,44.6515007019043,9.450746536254883,38.19016647338867,88.27604675292969,1.0149880647659302,0.7900233864784241,0.25,4.0,0.6095148324966431,0.5885966420173645,0.16022267206477733,0.006376518218623482,5.220885276794434,4.437368392944336,0.15007356842959943,,0.7511167526245117,0.10310564190149307,,0.15773171186447144,,0.7586476802825928,0.08922111988067627,,0.15213119983673096,,,,,,,,,,,,,,,,,,,,,,,,,,,,,,,,,,,,
630,3.4287727907557383e-06,3.428772790755738e-05,1.0,84.44064743454392,4.815226374445735,3.118663890941723,3.118663890941723,3.183487350876267,0.0,0.0,0.28879420821731155,1.7215574109876477,0.09128908853273134,1.6868987212309967,0.08133251602585251,0.021921219052495184,0.0,1.3573712529362858,377.79845861486484,0.23443425668252482,377.56408361486484,0.0,0.0,0.0,0.0,0.0,1.732243299484253,60.092464447021484,18.942466735839844,58.80452346801758,104.01460266113281,1.0152208805084229,0.7493851184844971,0.25,4.0,0.6478934288024902,0.5877060890197754,0.14504048582995951,0.0019230769230769232,3.6366889476776123,3.466531753540039,0.04678904261147645,,0.8094075322151184,0.07049871981143951,,0.13154296576976776,,0.8215686082839966,0.057782381772994995,,0.12064902484416962,82.9865718464275,127.58725967274145,0.22896892841148941,-6.195818471384572,82.98657008260031,95.81882783912218,113.50404123376944,140.4808474147269,30.534493582589285,68.74416605631511,130.9090695588485,0.45316556250966944,0.6857479917491741,0.5561775338167574,0.5267673593355932,0.0,0.632802821182746,0.6658409194979911,0.6861611240653123,0.628811704577751,0.8788245209043274,0.9656846579458429,0.9908211498296141,0.3788245209043274,0.16568465794584286,0.040821149829614156,3.6642116448646074e-05,0.0,0.532967032967033,0.46703296703296704,0.8791208791208791,0.9220733721177656,0.8976504583280165,0.8900551032070275,-8.074625968933105,0.0003112912527285516
631,3.414860652957638e-06,3.414860652957638e-05,1.0,85.0493362014358,4.8117997453019425,3.110917374894426,3.110917374894426,3.1776044690931164,0.0,0.0,0.2897083437120592,1.7416779801652238,0.09174241890778413,1.701750574885188,0.08019166379361539,0.021488888843639475,0.0,1.35154136451515,380.86497043918916,0.24789652953276764,380.6171083192568,0.0,0.0,0.0,0.0,0.0,1.6232037544250488,58.81583786010742,21.71764373779297,55.89291000366211,102.4020004272461,1.005492925643921,0.6604568958282471,0.25,4.0,0.6322818398475647,0.5278371572494507,0.07773279352226721,0.0027327935222672063,0.5474880337715149,0.40738534927368164,0.2559009071535302,,0.7882167100906372,0.07348112761974335,,0.13997073471546173,,0.8059095144271851,0.06335724890232086,,0.1307332068681717,,,,,,,,,,,,,,,,,,,,,,,,,,,,,,,,,,,,
632,3.4009669949923906e-06,3.4009669949923905e-05,1.0,84.63216585726352,4.828981554186022,3.1061038455447636,3.1061038455447636,3.1676695540144637,0.0,0.0,0.28996702142663905,1.723934792183541,0.09203588640367663,1.6887791607830975,0.08162051278191644,0.022058683472710686,0.0,1.3422839190508868,378.7455922719595,0.25487317265690984,378.4906830658784,0.0,0.0,0.0,0.0,0.0,3.2689781188964844,45.344120025634766,12.742232322692871,39.479488372802734,83.90519714355469,1.0083980560302734,0.6074422597885132,0.25,4.0,0.5995010137557983,0.4605642259120941,0.08350202429149797,0.0013157894736842105,3.911201000213623,2.582824230194092,0.33963398197816413,,0.7381120920181274,0.10152299702167511,,0.16766102612018585,,0.7525131106376648,0.08948084712028503,,0.15800604224205017,,,,,,,,,,,,,,,,,,,,,,,,,,,,,,,,,,,,
633,3.3870919567689735e-06,3.3870919567689735e-05,1.0,83.92644768792229,4.77267785974451,3.1415881595096073,3.1415881595096073,3.2047333588471285,0.0,0.0,0.29016633935876796,1.7193695274559226,0.09210636164690997,1.6765691396352407,0.0769597001977869,0.019140818634548702,0.0,1.351415170205606,375.34881756756755,0.23382540006895322,375.11504961993245,0.0,0.0,0.0,0.0,0.0,1.8256254196166992,56.06440353393555,21.71764373779297,52.712032318115234,96.95226287841797,1.0101583003997803,0.6127347350120544,0.25,4.0,0.6277286410331726,0.4971380829811096,0.09605263157894736,0.0004048582995951417,1.3469557762145996,0.9591376781463623,0.28792192358247803,,0.7810069918632507,0.07760653644800186,,0.14766724407672882,,0.792693555355072,0.06869624555110931,,0.13861018419265747,,,,,,,,,,,,,,,,,,,,,,,,,,,,,,,,,,,,
634,3.373235678008871e-06,3.373235678008871e-05,1.0,85.61835541596284,4.83486979716533,3.120048729149071,3.120048729149071,3.190084508947424,0.0,0.0,0.28834273364092855,1.7279439359097868,0.09115183031236804,1.6964481456859692,0.08162919250694481,0.022834666677423426,0.0,1.336579503239812,383.57102512668916,0.2347365714408256,383.33625422297297,0.0,0.0,0.0,0.0,0.0,3.485368013381958,50.75709533691406,10.793091773986816,42.521080017089844,101.6051025390625,1.0020488500595093,0.7437178492546082,0.25,4.0,0.6162939667701721,0.5700911283493042,0.1201417004048583,0.009008097165991902,6.643106460571289,4.260807514190674,0.3586121885175605,,0.763373076915741,0.08956149965524673,,0.15041296184062958,,0.7762893438339233,0.08087030053138733,,0.14284032583236694,,,,,,,,,,,,,,,,,,,,,,,,,,,,,,,,,,,,
635,3.3593982982446557e-06,3.3593982982446554e-05,1.0,84.81070523648648,4.794800217087205,3.126914153227935,3.126914153227935,3.190613823968011,0.0,0.0,0.2894247415903452,1.721791241620038,0.09165976498578046,1.6921267122835726,0.07848896851410737,0.021000372396933066,0.0,1.3520493378510345,379.71170291385135,0.23886943507838893,379.4728146114865,0.0,0.0,0.0,0.0,0.0,2.5593576431274414,53.8443489074707,14.242778778076172,49.518367767333984,99.25142669677734,1.012319564819336,0.7539924383163452,0.25,4.0,0.627140462398529,0.5680925250053406,0.1214574898785425,0.004149797570850202,6.725698947906494,6.202517986297607,0.07778834075999448,,0.778561532497406,0.08524128049612045,,0.1457480788230896,,0.7890969514846802,0.0730171650648117,,0.13788583874702454,84.0315198793516,130.70260530360227,0.23026777202536525,-11.954374460073618,84.03152135758445,96.21108104504798,114.06423196058785,140.9521130179638,37.659573146275115,67.23056083501771,138.20385344132134,0.4280135559183539,0.6857035646169938,0.5569214972159878,0.5290389210596708,0.0,0.6321346289637348,0.6660625790217121,0.6912270020979568,0.626282977483769,0.8791176578359166,0.9655564105382727,0.9908028287713898,0.37911765783591655,0.16555641053827264,0.040802828771389854,1.8321058224323037e-05,0.0,0.521978021978022,0.47802197802197804,0.8846153846153846,0.9132336983968924,0.8898239062873872,0.8829311493497628,-8.074708938598633,0.00031126540852710605
636,3.345579956818586e-06,3.3455799568185855e-05,1.0,85.1791794235642,4.888607540646115,3.1236710419525973,3.1236710419525973,3.1926675744958826,0.0,0.0,0.2875163877332533,1.7365157668654982,0.09104070792327056,1.6946614239666913,0.08055444665857263,0.021129021773467194,0.0,1.3392917529956714,381.0869932432432,0.25788518544789907,380.8290751689189,0.0,0.0,0.0,0.0,0.0,2.4309849739074707,50.70930480957031,14.923392295837402,48.41856384277344,89.31660461425781,1.015323519706726,0.714702844619751,0.25,4.0,0.6181852221488953,0.5255529880523682,0.1375506072874494,0.0027327935222672063,2.670285224914551,2.264509916305542,0.1519595378137905,,0.7652471661567688,0.09027265012264252,,0.15806083381175995,,0.7796107530593872,0.07521960884332657,,0.14516963064670563,,,,,,,,,,,,,,,,,,,,,,,,,,,,,,,,,,,,
637,3.331780792881208e-06,3.331780792881208e-05,1.0,84.48233609586148,4.757287102776605,3.1251565056878166,3.1251565056878166,3.1892797109243034,0.0,0.0,0.2893670571816934,1.7304846273886192,0.09158265912854993,1.6875449515677787,0.08371436918104017,0.02068001837343783,0.0,1.3395774428908889,378.25258657094594,0.22938718022526922,378.02306798986484,0.0,0.0,0.0,0.0,0.0,2.3533520698547363,50.48314666748047,16.013586044311523,43.78524398803711,94.00599670410156,1.0077688694000244,0.6802114248275757,0.25,4.0,0.6121656894683838,0.515766441822052,0.10455465587044535,0.005465587044534413,0.9966197609901428,0.6907910704612732,0.3068659708543492,,0.7575031518936157,0.09053647518157959,,0.15700651705265045,,0.7769498825073242,0.07775697857141495,,0.14529317617416382,,,,,,,,,,,,,,,,,,,,,,,,,,,,,,,,,,,,
638,3.3180009453899496e-06,3.318000945389949e-05,1.0,85.60154930320945,4.808472092087205,3.0582535202438765,3.0582535202438765,3.1122999449033997,0.0,0.0,0.28777836464546824,1.727964143495302,0.09033576862232105,1.7099521740062817,0.08245908891832507,0.022457010037190205,0.0,1.3348816536568306,383.9148807010135,0.2514100203642974,383.6634818412162,0.0,0.0,0.0,0.0,0.0,3.197585105895996,45.751346588134766,11.622349739074707,39.3255729675293,88.62154388427734,1.012488842010498,0.8525377511978149,0.25,4.0,0.6103102564811707,0.6214383840560913,0.198582995951417,0.019838056680161944,17.189420700073242,15.407540321350098,0.1036614560673096,,0.7530546188354492,0.09905663132667542,,0.15836919844150543,,0.7678698897361755,0.08362366259098053,,0.14850643277168274,,,,,,,,,,,,,,,,,,,,,,,,,,,,,,,,,,,,
639,3.3042405531077228e-06,3.3042405531077224e-05,1.0,83.75674355996621,4.8085310652449325,3.1577890756967903,3.1577890756967903,3.22793909021326,0.0,0.0,0.29047878368480784,1.7075518015268687,0.0920608494732831,1.6724561742834143,0.07895361410604941,0.019968686877070246,0.0,1.34282601846231,374.2518211570946,0.23161540160308014,374.02027027027026,0.0,0.0,0.0,0.0,0.0,2.334329605102539,52.89695739746094,15.370065689086914,47.854469299316406,97.71267700195312,1.0146796703338623,0.6918860077857971,0.25,4.0,0.6226885318756104,0.5331035852432251,0.1382591093117409,0.0015182186234817814,2.0014936923980713,1.8307512998580933,0.08530748469929206,,0.7722434997558594,0.08621151745319366,,0.1529945433139801,,0.7807568907737732,0.07515417039394379,,0.14408892393112183,,,,,,,,,,,,,,,,,,,,,,,,,,,,,,,,,,,,
640,3.290499754601522e-06,3.290499754601522e-05,1.0,83.55326224662163,4.752129219673775,3.11609732138144,3.11609732138144,3.1751735790355786,0.0,0.0,0.2881954811714791,1.701994818610114,0.08999967575073242,1.6812329678922087,0.07910908235085977,0.020317799336201436,0.0,1.336580534239073,373.72930743243245,0.22487882665685704,373.5044341216216,0.0,0.0,0.0,0.0,0.0,2.064093828201294,53.348899841308594,17.48473358154297,50.00431823730469,92.51249694824219,1.0026123523712158,0.7372357845306396,0.25,4.0,0.6131060123443604,0.5485761761665344,0.11346153846153846,0.009412955465587045,1.1057056188583374,0.8526899814605713,0.2288273054621986,,0.7595831155776978,0.08754388242959976,,0.15365634858608246,,0.7833119630813599,0.07348689436912537,,0.14320114254951477,86.23864834125226,131.07734281438306,0.2401416890169806,13.396177312829993,86.23864712734552,97.05220780075179,115.22151217457376,142.9507316588347,41.124114990234375,70.96989789859269,135.92279052734375,0.4276659370518478,0.6933492421284393,0.5606738743409361,0.5321389636397186,0.0,0.6392812920274988,0.6697012802106147,0.7076188866236222,0.629174680333663,0.8762962148693708,0.9658861895863105,0.9914257447510169,0.3762962148693708,0.1658861895863104,0.0414257447510169,1.8321058224323037e-05,0.0,0.6043956043956044,0.3956043956043956,0.8983516483516484,0.9441392567459044,0.9134535294148948,0.9021551776063311,-8.074544906616211,0.0003113164857495576
641,3.27677868824104e-06,3.27677868824104e-05,1.0,84.87222867398648,4.820269610430743,3.1245397619298987,3.1245397619298987,3.1922875481682853,0.0,0.0,0.2902743623063371,1.7303553400812923,0.09178590774536133,1.6905384579220333,0.08173369716953587,0.021282858139759785,0.0,1.3327187203072213,379.8911000844595,0.24791542259422508,379.64318517736484,0.0,0.0,0.0,0.0,0.0,1.8990404605865479,53.730934143066406,18.828125,49.71218490600586,94.70636749267578,1.007314682006836,0.7873355150222778,0.25,4.0,0.618157684803009,0.5805351734161377,0.16204453441295547,0.015991902834008098,1.9177474975585938,1.2864490747451782,0.32918745748180916,,0.766635000705719,0.08562004566192627,,0.15151207149028778,,0.7903763055801392,0.07062523066997528,,0.13899843394756317,,,,,,,,,,,,,,,,,,,,,,,,,,,,,,,,,,,,
642,3.26307749219726e-06,3.2630774921972596e-05,1.0,82.96110905827703,4.74344201990076,3.14551441089527,3.14551441089527,3.2067831915778084,0.0,0.0,0.2889390636134792,1.7097479330526817,0.09347251943639807,1.680298985661687,0.07938555769018225,0.020891083253396524,0.0,1.3426362114983637,370.6518422719595,0.21211045497172587,370.43969066722974,0.0,0.0,0.0,0.0,0.0,2.207561492919922,52.80098342895508,15.789983749389648,47.43569564819336,97.33171844482422,1.0048662424087524,0.5693756937980652,0.25,4.0,0.6136054396629333,0.46644556522369385,0.06305668016194332,0.0015182186234817814,0.9421055912971497,0.6374732255935669,0.32335267778651644,,0.7604696154594421,0.08605099469423294,,0.15571272373199463,,0.7766504883766174,0.07688198983669281,,0.14646753668785095,,,,,,,,,,,,,,,,,,,,,,,,,,,,,,,,,,,,
643,3.2493963044410737e-06,3.249396304441073e-05,1.0,83.89106049408784,4.78021900073902,3.1447758030247046,3.1447758030247046,3.2079628609322213,0.0,0.0,0.2893005319543787,1.721727113466005,0.09239184534227526,1.6854671787571263,0.0797831238927068,0.02041634192337861,0.0,1.3468293885926943,375.10222233952703,0.2330931843938054,374.8691670185811,0.0,0.0,0.0,0.0,0.0,1.9208534955978394,55.62983322143555,16.202348709106445,53.5421257019043,95.44915771484375,1.0078744888305664,0.5322617888450623,0.25,3.211151123046875,0.6275903582572937,0.45160144567489624,0.06761133603238867,0.0,0.689247727394104,0.6227772235870361,0.09643920634802586,,0.78106689453125,0.07707375288009644,,0.1454530656337738,,0.7927017211914062,0.0690828412771225,,0.13821540772914886,,,,,,,,,,,,,,,,,,,,,,,,,,,,,,,,,,,,
644,3.2357352627418933e-06,3.235735262741893e-05,1.0,83.07109111064189,4.789363551784206,3.1299962224187077,3.1299962224187077,3.193322465226457,0.0,0.0,0.2896453496572134,1.6926929370777026,0.09146306965802167,1.6797971983213682,0.07967023591737489,0.020324597487578522,0.0,1.3478337880727407,371.0648754222973,0.22829352198420344,370.83659733952703,0.0,0.0,0.0,0.0,0.0,1.699665904045105,57.985992431640625,20.963308334350586,53.02180099487305,104.01460266113281,0.9835575819015503,0.7014614343643188,0.25,4.0,0.6094423532485962,0.5341892242431641,0.09554655870445344,0.013765182186234818,5.0465168952941895,4.944046497344971,0.020305172869780945,,0.7573955059051514,0.07846678048372269,,0.14590230584144592,,0.7959952354431152,0.06768044829368591,,0.13632436096668243,,,,,,,,,,,,,,,,,,,,,,,,,,,,,,,,,,,,
645,3.2220945046662516e-06,3.2220945046662515e-05,1.0,83.50500158361487,4.732576937288852,3.14835955645587,3.14835955645587,3.21338921624261,0.0,0.0,0.2905631967493006,1.712399044552365,0.09269033251581965,1.6766193492992505,0.07909436483640929,0.020441764109843486,0.0,1.3342059367411845,373.4119774070946,0.23062272973962733,373.1813502956081,0.0,0.0,0.0,0.0,0.0,2.7562432289123535,50.380592346191406,13.77763843536377,44.51823425292969,96.57428741455078,1.0111340284347534,0.7069705724716187,0.25,4.0,0.6119185090065002,0.5244101881980896,0.11052631578947368,0.0024291497975708503,4.052158355712891,3.1638307571411133,0.21922331769669823,,0.7561707496643066,0.0945032462477684,,0.15869592130184174,,0.771977424621582,0.08018536865711212,,0.14783722162246704,81.18459315876385,123.31500565892053,0.22729662737322712,1.7102210495498154,81.18459354314417,93.12786213535333,110.55037147181113,138.3602715378692,34.929356166294646,67.09702939765398,127.72986237899117,0.4603746673984565,0.6894206715924722,0.5637325666970584,0.5342400507754905,0.0,0.6354327232968082,0.6694468399484543,0.7002979658125248,0.6278834424290212,0.8780000732842329,0.9663258949836943,0.9912058920523249,0.3780000732842329,0.1663258949836942,0.041205892052324944,1.8321058224323037e-05,0.0,0.5934065934065934,0.4065934065934066,0.8974358974358974,0.9158352171326731,0.8880235929410536,0.8789019595299449,-8.07490062713623,0.0003112057747785002
646,3.2084741675764346e-06,3.208474167576435e-05,1.0,84.1567580764358,4.750892845360008,3.11368127771326,3.11368127771326,3.173463976061022,0.0,0.0,0.28790107933250636,1.7261655652845227,0.09243328506882126,1.693117399473448,0.08107791075835356,0.020960219808526942,0.0,1.32205715694943,376.7266680743243,0.22986788363070101,376.49680637668916,0.0,0.0,0.0,0.0,0.0,3.7864837646484375,45.06523132324219,9.71273136138916,37.9670524597168,88.96839904785156,1.0101512670516968,0.7148011922836304,0.25,4.0,0.6030288338661194,0.5395709276199341,0.16204453441295547,0.00819838056680162,7.519690990447998,6.178371906280518,0.17837422918991105,,0.7430213093757629,0.10075024515390396,,0.16384544968605042,,0.7542687058448792,0.0902673602104187,,0.15546393394470215,,,,,,,,,,,,,,,,,,,,,,,,,,,,,,,,,,,,
647,3.1948743886290845e-06,3.194874388629084e-05,1.0,83.88058884079392,4.76380796690245,3.123851673023121,3.123851673023121,3.1871997730152026,0.0,0.0,0.2899983380291913,1.7119018967087205,0.09236746220975309,1.6828657614218223,0.08163709898252745,0.020905058126191835,0.0,1.3265802538072742,375.24725506756755,0.23900864575360273,375.0082875844595,0.0,0.0,0.0,0.0,0.0,2.4585182666778564,53.50636291503906,14.104365348815918,51.290218353271484,95.44915771484375,1.0133742094039917,0.8088285326957703,0.25,4.0,0.6248679757118225,0.5967665910720825,0.15910931174089069,0.01062753036437247,15.095253944396973,15.007353782653809,0.005823032992153847,,0.7755374312400818,0.08529099076986313,,0.14755190908908844,,0.7855342626571655,0.0730804055929184,,0.14138537645339966,,,,,,,,,,,,,,,,,,,,,,,,,,,,,,,,,,,,
648,3.1812953047738275e-06,3.1812953047738275e-05,1.0,84.56195233319256,4.743495631862331,3.126571242873733,3.126571242873733,3.188927933976457,0.0,0.0,0.28751695478284683,1.7246140144966744,0.09305481652955751,1.6758546571473818,0.08255847080333813,0.02241186354611371,0.0,1.3205698374155406,378.7403135557432,0.23484861528551257,378.5053842905405,0.0,0.0,0.0,0.0,0.0,3.3932783603668213,47.38669967651367,10.709098815917969,43.022308349609375,91.43470001220703,1.0085891485214233,0.6792522072792053,0.25,4.0,0.605807363986969,0.5156789422035217,0.130668016194332,0.00708502024291498,5.8357253074646,4.945025444030762,0.1526288192993808,,0.7470380663871765,0.10002852231264114,,0.15841032564640045,,0.7583698034286499,0.08848150074481964,,0.15314869582653046,,,,,,,,,,,,,,,,,,,,,,,,,,,,,,,,,,,,
649,3.167737052751882e-06,3.167737052751882e-05,1.0,84.87534311655405,4.776547818570523,3.0738426414695947,3.0738426414695947,3.12178018930796,0.0,0.0,0.28889921549204234,1.7292588723672402,0.09142958151327597,1.687404426368507,0.08119971043354757,0.021167141360205574,0.0,1.3224490397685282,380.3905986064189,0.22134543753959038,380.1692356418919,0.0,0.0,0.0,0.0,0.0,2.1861412525177,53.7536506652832,14.89717960357666,47.99485397338867,101.6051025390625,0.9952831268310547,0.792605996131897,0.25,4.0,0.611981987953186,0.5955004692077637,0.1431174089068826,0.01589068825910931,1.5176777839660645,1.2279136180877686,0.19092601139687967,,0.7588193416595459,0.08574758470058441,,0.148555189371109,,0.7876101732254028,0.07387800514698029,,0.1385118067264557,,,,,,,,,,,,,,,,,,,,,,,,,,,,,,,,,,,,
650,3.1541997690946976e-06,3.154199769094697e-05,1.0,82.70466242609797,4.718900113492398,3.1665381354254647,3.1665381354254647,3.2388992309570312,0.0,0.0,0.28924135259679845,1.7053194819269955,0.09304461608061919,1.6632925497519004,0.0808872145575446,0.02084764274390968,0.0,1.3422643300649282,369.4044552364865,0.2243705182462125,369.18000422297297,0.0,0.0,0.0,0.0,0.0,2.558094024658203,52.95816421508789,13.641083717346191,49.133018493652344,97.71267700195312,1.018978476524353,0.7562655210494995,0.25,4.0,0.6255925893783569,0.5588202476501465,0.1492914979757085,0.0009109311740890688,8.90886402130127,8.614891052246094,0.032997806269383013,,0.7754439115524292,0.08882928639650345,,0.15140317380428314,,0.7845777273178101,0.0742780938744545,,0.14114418625831604,81.52128613650144,125.50752032018416,0.22330433130968305,-0.5217529548393501,81.52128284918149,92.91414744232148,110.71825388407824,138.17707886350007,27.643436976841517,67.50588202661322,129.02415731678838,0.45900916422437527,0.6848530649411413,0.5612156225439754,0.531160640595387,0.0,0.6292457144435064,0.6643749555731039,0.691539531221294,0.6280264272226244,0.879484079000403,0.9665640687406104,0.9913341394598952,0.37948407900040304,0.16656406874061036,0.04133413945989528,1.8321058224323037e-05,0.0,0.5769230769230769,0.4230769230769231,0.8983516483516484,0.9162349999769703,0.8881114788435318,0.8789841177371832,-8.075408935546875,0.00031104765366762877
651,3.1406835901225723e-06,3.1406835901225724e-05,1.0,84.02836650126689,4.780861107078758,3.1448127127982475,3.1448127127982475,3.207583453204181,0.0,0.0,0.29025358767122833,1.719456131393845,0.09221511918145257,1.6761087984652132,0.07875989578865669,0.020968052181037696,0.0,1.3488440642485748,375.7962943412162,0.24914880701013514,375.54721811655406,0.0,0.0,0.0,0.0,0.0,1.7193289995193481,58.62025451660156,19.76643180847168,56.33127975463867,99.63988494873047,1.0118569135665894,0.7577595114707947,0.25,4.0,0.6355751752853394,0.5760864615440369,0.14483805668016195,0.011133603238866396,6.096046447753906,6.018997669219971,0.012639139021377411,,0.7920160889625549,0.07501888275146484,,0.14140111207962036,,0.8096526861190796,0.06142781302332878,,0.12891945242881775,,,,,,,,,,,,,,,,,,,,,,,,,,,,,,,,,,,,
652,3.1271886519432782e-06,3.127188651943278e-05,1.0,83.19353753167229,4.7604691788956925,3.15566686681799,3.15566686681799,3.227688763592694,0.0,0.0,0.28814668913145325,1.7054386654415645,0.09178802129384633,1.6674275784879118,0.07999815811982026,0.019632344310348097,0.0,1.3394950660499367,371.6982421875,0.23424295476965,371.4640255489865,0.0,0.0,0.0,0.0,0.0,1.5765572786331177,58.009033203125,21.675268173217773,55.026371002197266,98.09510803222656,1.0050406455993652,0.746830940246582,0.25,4.0,0.630693793296814,0.5767868161201477,0.10435222672064777,0.010323886639676113,0.7530035972595215,0.5687585473060608,0.2446801723444635,,0.785759449005127,0.07503865659236908,,0.1409873515367508,,0.8046452403068542,0.06367054581642151,,0.13168421387672424,,,,,,,,,,,,,,,,,,,,,,,,,,,,,,,,,,,,
653,3.113715090450688e-06,3.113715090450688e-05,1.0,84.45744035050676,4.881058976456925,3.143558811497044,3.143558811497044,3.2185130763698266,0.0,0.0,0.2894509289715741,1.7210245905695736,0.09065327128848515,1.698037018647065,0.07986606133950723,0.020453150207931932,0.0,1.3318486600308805,377.4281302787162,0.2426803176467483,377.1854413006757,0.0,0.0,0.0,0.0,0.0,2.040083408355713,55.54528045654297,14.81014633178711,52.404075622558594,102.4020004272461,1.0097427368164062,0.7566417455673218,0.25,4.0,0.6273530125617981,0.5688561201095581,0.13441295546558704,0.005161943319838057,1.2315030097961426,0.8796803951263428,0.285685549991501,,0.7796255946159363,0.08237458020448685,,0.1433982253074646,,0.7972055673599243,0.069068044424057,,0.13372640311717987,,,,,,,,,,,,,,,,,,,,,,,,,,,,,,,,,,,,
654,3.1002630413234224e-06,3.100263041323422e-05,1.0,83.66614099451013,4.714794262035473,3.167412422798775,3.167412422798775,3.240393355086043,0.0,0.0,0.28883807723586624,1.7060649974926099,0.09070872616123508,1.6789839461043075,0.07863180057422535,0.021038553199252567,0.0,1.3377893808725718,374.2202280405405,0.21450612351701065,374.0057274070946,0.0,0.0,0.0,0.0,0.0,2.049360752105713,58.546138763427734,15.370065689086914,52.404075622558594,109.0063705444336,0.9918625950813293,0.7058160901069641,0.25,4.0,0.6268583536148071,0.5680771470069885,0.09230769230769231,0.00951417004048583,10.293253898620605,10.067526817321777,0.02192961365978524,,0.7816109657287598,0.07319848984479904,,0.13412787020206451,,0.804738461971283,0.06714363396167755,,0.1281178742647171,,,,,,,,,,,,,,,,,,,,,,,,,,,,,,,,,,,,
655,3.086832640023462e-06,3.086832640023462e-05,1.0,84.53134897592905,4.749831740920608,3.122044125118771,3.122044125118771,3.1884856352934965,0.0,0.0,0.29087656897467534,1.7220956957018054,0.09147934011510901,1.6922467205975507,0.08295972927196606,0.020423351107416925,0.0,1.3280404580605996,378.55532094594594,0.21735095977783203,378.3379170185811,0.0,0.0,0.0,0.0,0.0,2.4276444911956787,51.02033233642578,13.831562995910645,47.62135314941406,91.79256439208984,1.022534728050232,0.8798630833625793,0.25,4.0,0.617952287197113,0.6168635487556458,0.23491902834008097,0.009919028340080972,9.481940269470215,8.786643981933594,0.07332848212251704,,0.7633699178695679,0.09686911851167679,,0.15871559083461761,,0.783691942691803,0.07529168576002121,,0.1410163789987564,80.77332691569904,122.31641354942809,0.2252166396030989,3.0163476126534596,80.77332865554195,92.60900423612938,110.24625190910689,137.89838900964378,29.727513994489396,68.21307970387068,123.76446997601053,0.4497712888302642,0.6818352245884297,0.5587463182763611,0.5220885609967025,0.0,0.6251334053599216,0.6562082216221243,0.6912647422304057,0.6299576698428194,0.8784214576233923,0.966820563555751,0.9913891026345681,0.3784214576233923,0.16682056355575092,0.04138910263456819,5.496317467296911e-05,0.0,0.5824175824175825,0.4175824175824176,0.9010989010989011,0.9159152622406299,0.887225808104971,0.8773917361766428,-8.075536727905273,0.0003110079269390553
656,3.073424021794801e-06,3.0734240217948005e-05,1.0,84.50517974028716,4.925604330526816,3.106682029930321,3.106682029930321,3.16800442257443,0.0,0.0,0.2871492746713999,1.7343630404085726,0.09119324426393251,1.7030704601390942,0.08065247535705566,0.02044102146818831,0.0,1.3259600046518687,377.6151288006757,0.2661736720317119,377.34897592905406,0.0,0.0,0.0,0.0,0.0,3.8559699058532715,46.44956588745117,8.243087768554688,42.190181732177734,90.01713562011719,1.010711431503296,0.6604410409927368,0.25,4.0,0.6120694279670715,0.5224679112434387,0.1284412955465587,0.011639676113360324,15.763375282287598,15.437504768371582,0.0206726356557772,,0.7565754652023315,0.09365765005350113,,0.15844427049160004,,0.7619871497154236,0.08654014766216278,,0.15147271752357483,,,,,,,,,,,,,,,,,,,,,,,,,,,,,,,,,,,,
657,3.0600373216620775e-06,3.0600373216620774e-05,1.0,83.42668523015203,4.708398767419763,3.131542515110325,3.131542515110325,3.1949825802364864,0.0,0.0,0.2899181005117056,1.7115092921901394,0.09269911534077413,1.678426691003748,0.08150239892908044,0.020167597242303797,0.0,1.3439154753813873,373.2177206503378,0.21417972203847524,373.00356313344594,0.0,0.0,0.0,0.0,0.0,1.857396125793457,54.907108306884766,19.165752410888672,49.80937194824219,97.71267700195312,1.0137935876846313,0.7171696424484253,0.25,4.0,0.6262092590332031,0.5434828996658325,0.11953441295546559,0.0036437246963562753,1.1669721603393555,0.9042326211929321,0.22514636430574203,,0.7774693965911865,0.08391230553388596,,0.149797722697258,,0.79332435131073,0.06952539086341858,,0.13715027272701263,,,,,,,,,,,,,,,,,,,,,,,,,,,,,,,,,,,,
658,3.046672674429211e-06,3.0466726744292108e-05,1.0,85.01132284628379,4.82197364600929,3.087444202319996,3.087444202319996,3.143399831411001,0.0,0.0,0.2875953880516258,1.720977783203125,0.09081790253922746,1.6955525166279561,0.0814453395637306,0.021738065255654825,0.0,1.3344054350981842,380.77507390202703,0.2310002816689981,380.5440244932432,0.0,0.0,0.0,0.0,0.0,2.9877524375915527,56.11103057861328,13.06735897064209,54.598148345947266,102.80279541015625,1.0074355602264404,0.7503041625022888,0.25,4.0,0.6206692457199097,0.5489277243614197,0.12115384615384615,0.005465587044534413,6.944215297698975,6.709859371185303,0.03374836701726799,,0.7696011662483215,0.08752322942018509,,0.1479003131389618,,0.7929239273071289,0.07220792770385742,,0.13486811518669128,,,,,,,,,,,,,,,,,,,,,,,,,,,,,,,,,,,,
659,3.03333021467805e-06,3.0333302146780495e-05,1.0,84.36744483741555,4.7679459855363175,3.097958332783467,3.097958332783467,3.1511741844383447,0.0,0.0,0.28950972170443146,1.7367926932669975,0.0923683127841434,1.6944616163099133,0.08068104692407556,0.02136538318685583,0.0,1.33550602680928,377.7549092060811,0.22203347489640518,377.53286000844594,0.0,0.0,0.0,0.0,0.0,3.0619962215423584,47.0424919128418,11.534154891967773,36.870872497558594,95.11410522460938,1.0151739120483398,0.6792057156562805,0.25,4.0,0.6121360063552856,0.5246301293373108,0.12813765182186235,0.0057692307692307696,12.416768074035645,11.939431190490723,0.038442924978446494,,0.7558935284614563,0.09671586751937866,,0.15945424139499664,,0.7643271684646606,0.08587222546339035,,0.14980058372020721,,,,,,,,,,,,,,,,,,,,,,,,,,,,,,,,,,,,
660,3.0200100767670197e-06,3.0200100767670198e-05,1.0,84.8642578125,4.865267366976352,3.111210178684544,3.111210178684544,3.179576152079814,0.0,0.0,0.2900442432712864,1.7365157668654982,0.09166609918749011,1.702628470755912,0.08073078619467246,0.020200415237529856,0.0,1.3364839296083193,379.677734375,0.28485512089084936,379.39294763513516,0.0,0.0,0.0,0.0,0.0,3.324789524078369,44.96115493774414,12.764654159545898,34.5019416809082,91.0782241821289,1.010793685913086,0.6228846907615662,0.25,4.0,0.605492353439331,0.4864388108253479,0.10374493927125505,0.0010121457489878543,4.027585983276367,2.235957622528076,0.4448392581033948,,0.7466025352478027,0.09967721253633499,,0.16062487661838531,,0.7553247213363647,0.09064043313264847,,0.15403485298156738,84.99169404166085,136.88257881565846,0.22874944896849736,9.307256824367649,84.99169380459418,98.31559212746191,116.42949876561372,144.36799794840528,23.578845977783203,70.37131914242293,135.33774400793988,0.4655273159171231,0.6900906036504203,0.559894560613457,0.5333824424631729,0.0,0.6378033947403192,0.6644667928268617,0.7096258965493913,0.629745299386018,0.877212267780587,0.9653365578395808,0.990986039353633,0.37721226778058703,0.1653365578395808,0.0409860393536331,5.496317467296911e-05,0.0,0.5934065934065934,0.4065934065934066,0.8983516483516484,0.9486785783217504,0.9193991898344114,0.9093013342756492,-8.075450897216797,0.0003110345860477537
661,3.006712394829758e-06,3.0067123948297578e-05,1.0,84.74037953969595,4.780908945444468,3.102484213339316,3.102484213339316,3.164700482342694,0.0,0.0,0.2890297142235008,1.7224946924158044,0.09152637301264582,1.6921505283665013,0.08191195049801388,0.02177128437403086,0.0,1.3527044347814612,379.54273120777026,0.2442418433524467,379.29851140202703,0.0,0.0,0.0,0.0,0.0,2.7000741958618164,54.48308181762695,13.748072624206543,48.18269729614258,102.00276947021484,1.005024790763855,0.5764054656028748,0.25,4.0,0.6230095028877258,0.48207491636276245,0.06467611336032389,0.0008097165991902834,2.4271645545959473,1.5327978134155273,0.36848212021179017,,0.7738694548606873,0.0823548287153244,,0.1469068080186844,,0.7875194549560547,0.07417264580726624,,0.13830792903900146,,,,,,,,,,,,,,,,,,,,,,,,,,,,,,,,,,,,
662,2.9934373027737743e-06,2.9934373027737746e-05,1.0,83.89080315667229,4.715317597260347,3.1206883610905827,3.1206883610905827,3.1876173277158997,0.0,0.0,0.28956547298946894,1.7093054281698692,0.09071475750691183,1.6738394659918707,0.0838944589769518,0.022051764501107705,0.0,1.3518415914999473,375.55735325168916,0.2280570107537347,375.32928631756755,0.0,0.0,0.0,0.0,0.0,3.2537789344787598,48.85545349121094,11.601935386657715,41.45503616333008,95.44915771484375,1.0093320608139038,0.6534035801887512,0.25,4.0,0.6121227145195007,0.5104951858520508,0.10323886639676114,0.0008097165991902834,6.742464542388916,6.369621276855469,0.05529777178499563,,0.7564495801925659,0.09508924931287766,,0.1556810438632965,,0.7679677605628967,0.08482501655817032,,0.14720720052719116,,,,,,,,,,,,,,,,,,,,,,,,,,,,,,,,,,,,
663,2.9801849342791012e-06,2.9801849342791012e-05,1.0,84.24517657305744,4.733618658942145,3.119520445127745,3.119520445127745,3.18654220168655,0.0,0.0,0.2875128050108214,1.713145281817462,0.09147424311251254,1.6962281304436762,0.08124223915306297,0.021638473948916874,0.0,1.3546562194824219,377.2284100506757,0.211402094041979,377.01694467905406,0.0,0.0,0.0,0.0,0.0,3.8167126178741455,40.239707946777344,10.399907112121582,31.971464157104492,82.6043701171875,1.0110539197921753,0.5971927642822266,0.25,3.4300637245178223,0.5902294516563416,0.446745902299881,0.10263157894736842,0.0,3.205634117126465,2.16327166557312,0.32516575924382785,,0.7231132388114929,0.11405045539140701,,0.17061616480350494,,0.7367522716522217,0.09995241463184357,,0.16329526901245117,,,,,,,,,,,,,,,,,,,,,,,,,,,,,,,,,,,,
664,2.966955422796938e-06,2.9669554227969382e-05,1.0,84.21306878167229,4.7698380753800675,3.1196334426467485,3.1196334426467485,3.182359437684755,0.0,0.0,0.2898644885501346,1.7147534344647382,0.09109797348847261,1.6827480213062183,0.07976829683458483,0.020655296944283152,0.0,1.3398925162650444,376.9003642314189,0.22789787601780248,376.6724556587838,0.0,0.0,0.0,0.0,0.0,2.150895833969116,53.6086540222168,16.13603401184082,45.88654327392578,103.60908508300781,1.008331298828125,0.6376572251319885,0.25,4.0,0.6168841123580933,0.49662426114082336,0.0937246963562753,0.0013157894736842105,0.7471489906311035,0.5337905287742615,0.285563474664701,,0.764366626739502,0.08793199807405472,,0.1532820463180542,,0.7822349071502686,0.07629004120826721,,0.14147499203681946,,,,,,,,,,,,,,,,,,,,,,,,,,,,,,,,,,,,
665,2.9537489015483213e-06,2.953748901548321e-05,1.0,84.2182815139358,4.765159813133446,3.1334939905115076,3.1334939905115076,3.198158057960304,0.0,0.0,0.28890006606643265,1.7224070574786212,0.09123679753896352,1.6829111253893054,0.08219171859122612,0.02082981773324915,0.0,1.3327034615181588,376.87072423986484,0.2383531106484903,376.6323110219595,0.0,0.0,0.0,0.0,0.0,1.8174008131027222,60.3503532409668,17.864444732666016,58.346900939941406,104.83039093017578,1.0075348615646362,0.5898035168647766,0.25,4.0,0.6372377276420593,0.5033977627754211,0.08805668016194332,0.0008097165991902834,0.9220144748687744,0.8069490194320679,0.12479788395196639,,0.7950826287269592,0.07180763781070709,,0.13790836930274963,,0.8047587275505066,0.06512493640184402,,0.1301163285970688,83.07952828459688,130.96989878540884,0.22765634839110394,1.1795139731941642,83.0795282979005,94.80347179440352,112.71472108812628,140.68452881371624,29.991965702601842,68.92580129933911,130.85004391877547,0.4606889414201276,0.6830913235333493,0.5567497804273085,0.5267138604339929,0.0,0.6269086570331703,0.6627866876276636,0.6958445534588887,0.6312027169179962,0.8774504415375032,0.9657029790040673,0.9911142867612033,0.3774504415375032,0.16570297900406727,0.04111428676120332,7.328423289729215e-05,0.0,0.5714285714285714,0.42857142857142855,0.8946886446886446,0.9237155150417443,0.8958163800966609,0.8868336092967254,-8.075525283813477,0.0003110114485025406
666,2.940565503522775e-06,2.9405655035227747e-05,1.0,85.03223316089527,4.921857679212415,3.1395919387404985,3.1395919387404985,3.2029105521537162,0.0,0.0,0.2888184109249631,1.730038204708615,0.0917118046734784,1.6941175718565245,0.08201358125016496,0.022541350609547383,0.0,1.3399912859942462,380.1048880912162,0.2519816321295661,379.8529613597973,0.0,0.0,0.0,0.0,0.0,2.999518871307373,51.46031188964844,11.73869514465332,45.131065368652344,101.6051025390625,1.0216666460037231,0.8174635171890259,0.25,4.0,0.6272060871124268,0.6051852703094482,0.18036437246963563,0.005668016194331984,14.297484397888184,14.150516510009766,0.01027928296953595,,0.7767605185508728,0.09309297800064087,,0.14667029678821564,,0.7817116379737854,0.07859941571950912,,0.13968893885612488,,,,,,,,,,,,,,,,,,,,,,,,,,,,,,,,,,,,
667,2.927405361476966e-06,2.927405361476966e-05,1.0,84.83011771537163,4.7074296281144425,3.1069422541437923,3.1069422541437923,3.1710976265572213,0.0,0.0,0.2900210715628959,1.7149460251266893,0.09106250067014952,1.69508104066591,0.08233965409768594,0.02202722994056908,0.0,1.3433610039788324,380.3397909628378,0.2126289316125818,380.1272434543919,0.0,0.0,0.0,0.0,0.0,3.1773006916046143,45.4757080078125,11.35533332824707,37.123802185058594,91.79256439208984,1.0153594017028809,0.7251908183097839,0.25,4.0,0.6068590879440308,0.5293692946434021,0.15394736842105264,0.007692307692307693,4.825630187988281,4.5360517501831055,0.060008418905779404,,0.7479047775268555,0.10106831789016724,,0.16314572095870972,,0.7602623701095581,0.08747152239084244,,0.15226611495018005,,,,,,,,,,,,,,,,,,,,,,,,,,,,,,,,,,,,
668,2.9142686079333815e-06,2.9142686079333814e-05,1.0,84.65488413217905,4.7493896484375,3.1098900872307853,3.1098900872307853,3.1666212339658997,0.0,0.0,0.28943981995453705,1.7325095099371832,0.09138778738073401,1.6895902479017102,0.0815841700579669,0.02092932688223349,0.0,1.3428519996436867,379.2313133445946,0.2168006639222841,379.0145428631757,0.0,0.0,0.0,0.0,0.0,2.162764549255371,55.11698532104492,13.48479175567627,50.49503707885742,102.00276947021484,1.016845941543579,0.7328430414199829,0.25,4.0,0.6394656896591187,0.5874487161636353,0.14544534412955465,0.00931174089068826,4.299627304077148,3.0704312324523926,0.2858843301276748,,0.7963889241218567,0.07801160961389542,,0.13995367288589478,,0.8009649515151978,0.06879636645317078,,0.13023869693279266,,,,,,,,,,,,,,,,,,,,,,,,,,,,,,,,,,,,
669,2.9011553751789856e-06,2.9011553751789856e-05,1.0,83.8879592483108,4.721734949060388,3.1613771593248523,3.1613771593248523,3.232134638605891,0.0,0.0,0.29054853078481313,1.7211711986644849,0.09283987251487938,1.6750144958496094,0.08143334775357633,0.02164753063305004,0.0,1.3531814781395164,375.29721811655406,0.2163338274569125,375.08084353885135,0.0,0.0,0.0,0.0,0.0,2.086843252182007,53.697696685791016,19.543764114379883,50.29817199707031,92.51249694824219,1.0091681480407715,0.6577111482620239,0.25,4.0,0.6135340332984924,0.48318901658058167,0.09746963562753036,0.0006072874493927126,1.9276785850524902,1.5589056015014648,0.19130418650212053,,0.7593239545822144,0.09005452692508698,,0.1580003798007965,,0.7820175886154175,0.07401542365550995,,0.14396703243255615,,,,,,,,,,,,,,,,,,,,,,,,,,,,,,,,,,,,
670,2.888065795263885e-06,2.8880657952638852e-05,1.0,84.05121674408784,4.666834238413218,3.1014045509132178,3.1014045509132178,3.158907297495249,0.0,0.0,0.28911173021471176,1.710752332532728,0.09358755962268726,1.6732163300385345,0.08126890337145007,0.02216088449632799,0.0,1.3587157790725295,376.7018581081081,0.20139436464051944,376.5004222972973,0.0,0.0,0.0,0.0,0.0,3.4748377799987793,47.100372314453125,10.833221435546875,39.4024543762207,94.33715057373047,1.0092837810516357,0.7639859914779663,0.25,4.0,0.6110543608665466,0.5645113587379456,0.14524291497975708,0.012651821862348178,10.13648509979248,9.129314422607422,0.09936093895167644,,0.7546615600585938,0.09628209471702576,,0.1583462953567505,,0.7707806825637817,0.0825229287147522,,0.14669644832611084,84.09010694315145,132.28299922132592,0.22539475694381886,-4.709932033832256,84.09010677652452,95.61115642509026,113.31573698073055,140.11412577701086,28.782684871128627,67.34030470737191,139.47872526749322,0.4573905356881602,0.6813518129610102,0.5560755689088512,0.523358014884982,0.0,0.6238641226904612,0.6608629984426682,0.6955312788574229,0.6281675070059047,0.8805833424938625,0.9663442160419186,0.991150928877652,0.3805833424938625,0.1663442160419185,0.04115092887765204,5.496317467296911e-05,0.0,0.554945054945055,0.44505494505494503,0.8956043956043956,0.9182093024745093,0.8922596761322283,0.8841005273081444,-8.075493812561035,0.0003110212564934045
671,2.8750000000000013e-06,2.875000000000001e-05,1.0,84.14825274493244,4.756287445893159,3.1411582328177787,3.1411582328177787,3.2087024998020484,0.0,0.0,0.29003828925055425,1.7125996770085514,0.09106706928562473,1.679598112364073,0.08156018643765836,0.02099818635631252,0.0,1.3506118155814506,376.5338893581081,0.23228954624485326,376.3016258445946,0.0,0.0,0.0,0.0,0.0,2.859365940093994,49.86225128173828,11.534154891967773,43.19069290161133,96.1977767944336,1.0118647813796997,0.6507222652435303,0.25,3.8485267162323,0.6155114769935608,0.5058524012565613,0.11295546558704453,0.0,1.7668251991271973,1.4033793210983276,0.2057056228360395,,0.7613629102706909,0.09317271411418915,,0.15353412926197052,,0.7746724486351013,0.08143686503171921,,0.14389066398143768,,,,,,,,,,,,,,,,,,,,,,,,,,,,,,,,,,,,
672,2.8619581209597497e-06,2.8619581209597497e-05,1.0,83.89078336148648,4.742997453019425,3.118651312750739,3.118651312750739,3.177962019636824,0.0,0.0,0.2896225387985642,1.7040939331054688,0.0915226614153063,1.6719912967166386,0.08060359310459446,0.020297095582291886,0.0,1.354244025977882,375.44452069256755,0.20806556134610563,375.23651288006755,0.0,0.0,0.0,0.0,0.0,2.5068905353546143,49.917938232421875,14.637603759765625,42.355308532714844,94.33715057373047,1.0145312547683716,0.6832751631736755,0.25,4.0,0.6185380220413208,0.5294068455696106,0.12570850202429149,0.0032388663967611335,3.806328058242798,3.6030235290527344,0.05341224562864389,,0.7658064365386963,0.08994804322719574,,0.15747348964214325,,0.7739361524581909,0.07966957986354828,,0.146394282579422,,,,,,,,,,,,,,,,,,,,,,,,,,,,,,,,,,,,
673,2.848940289474711e-06,2.8489402894747107e-05,1.0,83.67432300464527,4.854974282754434,3.1630636679159627,3.1630636679159627,3.235079997294658,0.0,0.0,0.29000470444962784,1.7203044375857792,0.09151661073839343,1.684318851780247,0.07777838449220399,0.02066662665959951,0.0,1.3738941501926731,373.5526551942568,0.2308559159974794,373.3217905405405,0.0,0.0,0.0,0.0,0.0,3.177109956741333,46.70755386352539,11.970219612121582,39.095821380615234,90.72313690185547,1.0016567707061768,0.7136410474777222,0.25,4.0,0.5956249833106995,0.5186282992362976,0.1498987854251012,0.008097165991902834,3.6261816024780273,2.5878000259399414,0.28635674943265005,,0.7330272793769836,0.10261661559343338,,0.16467227041721344,,0.7566986083984375,0.0885193943977356,,0.15478196740150452,,,,,,,,,,,,,,,,,,,,,,,,,,,,,,,,,,,,
674,2.8359466366342977e-06,2.8359466366342975e-05,1.0,84.00759475295608,4.724177180109797,3.125623135953336,3.125623135953336,3.1855444006017737,0.0,0.0,0.29109274374472127,1.712717004724451,0.09364720937368032,1.6676828539049304,0.0803098420839052,0.019196125301154884,0.0,1.366491987898543,376.0770692567568,0.231305354350322,375.8458614864865,0.0,0.0,0.0,0.0,0.0,2.1552553176879883,54.67585754394531,19.964298248291016,50.593753814697266,95.07704162597656,1.0078781843185425,0.6541311740875244,0.25,3.9484479427337646,0.617883026599884,0.49998748302459717,0.08825910931174089,0.0,1.5379188060760498,1.1594264507293701,0.24610685157845927,,0.7661762237548828,0.08584174513816833,,0.1525677889585495,,0.7836718559265137,0.07336468994617462,,0.1429634392261505,,,,,,,,,,,,,,,,,,,,,,,,,,,,,,,,,,,,
675,2.8229772932844527e-06,2.822977293284453e-05,1.0,84.41839764569256,4.708080807247677,3.1058131037531673,3.1058131037531673,3.16253662109375,0.0,0.0,0.2890145069844014,1.7213369833456504,0.09166624094988848,1.6749459343987543,0.08153387662526723,0.020756222106314993,0.0,1.3388744044948269,378.3038429054054,0.21790937475256017,378.0858847128378,0.0,0.0,0.0,0.0,0.0,1.7271082401275635,59.74256134033203,19.23701286315918,56.11166763305664,106.48123168945312,0.9991835355758667,0.6907049417495728,0.25,4.0,0.6283957362174988,0.54789799451828,0.10283400809716599,0.007894736842105263,0.9197990894317627,0.5791021585464478,0.37040364009904825,,0.7829217910766602,0.07482630759477615,,0.13969264924526215,,0.8047600984573364,0.0656660944223404,,0.1295737773180008,84.24619475563804,129.73064823084536,0.2284813962316148,0.44771980453323534,84.24619522789308,95.47092654945547,114.02055398878608,141.4169937101887,27.168900081089564,69.7215698597043,133.66397028384,0.4705136281426864,0.6823327933430667,0.558442703481258,0.5269114559444579,0.0,0.6252928748167237,0.6581018313697716,0.6948036681275037,0.630181956587255,0.8784397786816166,0.9662342896925726,0.9913341394598952,0.3784397786816166,0.1662342896925726,0.04133413945989528,7.328423289729215e-05,0.0,0.5659340659340659,0.4340659340659341,0.8891941391941393,0.9235880493626489,0.896667887876322,0.8882421816770847,-8.075615882873535,0.00031098327599465847
676,2.810032390026321e-06,2.810032390026321e-05,1.0,83.61682458826013,4.6804170350770695,3.1164759043100716,3.1164759043100716,3.175442669842694,0.0,0.0,0.2893188321912611,1.709101290316195,0.09177065540004421,1.6761513787346918,0.08039304372426626,0.02056025492178427,0.0,1.3497880471719277,374.39139041385135,0.20979381251979518,374.1815878378378,0.0,0.0,0.0,0.0,0.0,2.842613935470581,47.8396110534668,14.577692031860352,36.016761779785156,97.33171844482422,1.0077475309371948,0.7287830114364624,0.25,4.0,0.5991612672805786,0.5389848947525024,0.13593117408906882,0.010121457489878543,1.7308090925216675,1.1620548963546753,0.3286059673619794,,0.7375800013542175,0.10224317759275436,,0.16622714698314667,,0.7590451240539551,0.08856429159641266,,0.1523905247449875,,,,,,,,,,,,,,,,,,,,,,,,,,,,,,,,,,,,
677,2.797112057214931e-06,2.797112057214931e-05,1.0,84.54498126055744,4.755620595571157,3.1081008911132812,3.1081008911132812,3.164490777093011,0.0,0.0,0.2894471915992531,1.73039926064981,0.09183410051706675,1.685979379189981,0.08054933032474003,0.020719268837490597,0.0,1.3458875707677893,378.6669657939189,0.22321038632779508,378.4438344594595,0.0,0.0,0.0,0.0,0.0,3.2410693168640137,43.86397933959961,14.021965026855469,36.65546417236328,82.92766571044922,1.004917860031128,0.6185097098350525,0.25,4.0,0.5848392248153687,0.453682541847229,0.09190283400809716,0.006275303643724696,2.602813720703125,1.6818519830703735,0.35383313462169796,,0.7168398499488831,0.11072655767202377,,0.1730598658323288,,0.7392820119857788,0.09650363028049469,,0.1642143577337265,,,,,,,,,,,,,,,,,,,,,,,,,,,,,,,,,,,,
678,2.7842164249578933e-06,2.7842164249578933e-05,1.0,83.24635108741555,4.711110707875845,3.1251993952570736,3.1251993952570736,3.186539933488176,0.0,0.0,0.2893200178404112,1.7066434911779456,0.09261341352720519,1.6705493411502323,0.07959062344319112,0.020513396005372744,0.0,1.3677439303011507,372.3471811655405,0.20715047217704155,372.13996516047297,0.0,0.0,0.0,0.0,0.0,2.631244421005249,54.39918899536133,15.220698356628418,49.61518478393555,99.25142669677734,1.0139837265014648,0.7002139091491699,0.25,4.0,0.6219338178634644,0.5187656879425049,0.12267206477732794,0.0009109311740890688,5.597907066345215,5.392760753631592,0.03664696649699114,,0.7708838582038879,0.087927907705307,,0.1527574509382248,,0.7860320806503296,0.07386375963687897,,0.14010420441627502,,,,,,,,,,,,,,,,,,,,,,,,,,,,,,,,,,,,
679,2.7713456231140827e-06,2.771345623114083e-05,1.0,85.55707611908784,4.792084977433488,3.091267766179265,3.091267766179265,3.1491080619193412,0.0,0.0,0.2903251905699034,1.7157849492253483,0.09018055168358055,1.6943901680611275,0.08340620350193333,0.021903324771571805,0.0,1.3422855686497044,383.6270059121622,0.24854868811530037,383.3784839527027,0.0,0.0,0.0,0.0,0.0,3.2576355934143066,52.147762298583984,9.672977447509766,48.27689743041992,98.13335418701172,1.0168805122375488,0.7797836065292358,0.25,4.0,0.6196093559265137,0.5588351488113403,0.1777327935222672,0.005161943319838057,2.5828192234039307,2.205833673477173,0.14595893762550044,,0.7663189768791199,0.09434507042169571,,0.1542319655418396,,0.7864081859588623,0.07626555114984512,,0.1373262256383896,,,,,,,,,,,,,,,,,,,,,,,,,,,,,,,,,,,,
680,2.758499781292327e-06,2.758499781292327e-05,1.0,85.84949060388513,5.123088527370143,3.066613274651605,3.066613274651605,3.129219467575486,0.0,0.0,0.28900216076825114,1.7216858734955658,0.08959740561407965,1.7432803592166386,0.08155186111862595,0.022916518353127146,0.0,1.335430248363598,383.5116923564189,0.226971858256572,383.2847075591216,0.0,0.0,0.0,0.0,0.0,3.209672451019287,48.608428955078125,11.946864128112793,38.79157638549805,97.71267700195312,1.0183324813842773,0.7713870406150818,0.25,4.0,0.6172844767570496,0.5729303956031799,0.1840080971659919,0.007995951417004049,20.018741607666016,19.361570358276367,0.032827800181905044,,0.7629004716873169,0.09605547040700912,,0.15482492744922638,,0.7685877680778503,0.08331140130758286,,0.14810079336166382,81.44545171549032,125.7915495877325,0.22338620937948225,-8.85628907759111,81.44545000963308,92.57912071666078,109.9655270072665,137.26001205934742,33.749168395996094,65.56582854514899,133.23556850267494,0.44778455710889614,0.6757464724939173,0.5547596671417248,0.5184676713656408,0.0,0.6156159831159983,0.655810515332855,0.6827664575411488,0.6276539583039578,0.8815726796379759,0.9676633322340699,0.9913158184016709,0.3815726796379759,0.16766333223406982,0.04131581840167098,5.496317467296911e-05,0.0,0.532967032967033,0.46703296703296704,0.9001831501831501,0.8999099606177309,0.8755232365904274,0.8683116148625102,-8.075593948364258,0.0003109901153948158
681,2.7456790288501136e-06,2.7456790288501133e-05,1.0,84.0736182960304,4.713153736011402,3.0940168226087414,3.0940168226087414,3.1515884399414062,0.0,0.0,0.28914959366257126,1.7035885372677364,0.09100358550612991,1.6800012330751162,0.08295819566056535,0.02146508725913795,0.0,1.332368077458562,376.6236275337838,0.23879842500428897,376.3848711993243,0.0,0.0,0.0,0.0,0.0,2.7832021713256836,45.329471588134766,13.912845611572266,35.4583740234375,91.79256439208984,1.0197606086730957,0.7945618629455566,0.25,4.0,0.60423743724823,0.5689989924430847,0.21821862348178137,0.012044534412955466,1.8402228355407715,1.4100143909454346,0.2337806249800802,,0.7434518337249756,0.10492394864559174,,0.16669778525829315,,0.7600621581077576,0.08731354027986526,,0.15262430906295776,,,,,,,,,,,,,,,,,,,,,,,,,,,,,,,,,,,,
682,2.7328834948922774e-06,2.7328834948922772e-05,1.0,83.08985694679055,4.7550799395587,3.1514810098184123,3.1514810098184123,3.2193197301916174,0.0,0.0,0.2886328310579867,1.7042206429146431,0.09202205812608874,1.6683674374142208,0.08062731897508776,0.020099841259621287,0.0,1.3510465879698057,371.22194362331084,0.23828655964619405,370.98358319256755,0.0,0.0,0.0,0.0,0.0,3.44199538230896,43.52857208251953,11.135700225830078,36.016761779785156,87.28160858154297,1.0175182819366455,0.6467358469963074,0.25,4.0,0.6047507524490356,0.5009059906005859,0.14271255060728744,0.0032388663967611335,4.140148162841797,3.3214755058288574,0.19773994186019728,,0.7441295981407166,0.10476337373256683,,0.1670793741941452,,0.7506630420684814,0.09318993985652924,,0.15614697337150574,,,,,,,,,,,,,,,,,,,,,,,,,,,,,,,,,,,,
683,2.720113308269701e-06,2.7201133082697005e-05,1.0,85.05266839104729,4.736212240683066,3.108633299131651,3.108633299131651,3.1689797478753166,0.0,0.0,0.2901063094267974,1.7364495767129433,0.09132132014712772,1.7046274752230257,0.08394728480158625,0.020563425244511786,0.0,1.327182048075908,381.2699271537162,0.22724664533460462,381.04273120777026,0.0,0.0,0.0,0.0,0.0,3.73759126663208,43.6926383972168,10.54101276397705,35.94648361206055,88.96839904785156,1.019548773765564,0.7097423076629639,0.25,4.0,0.6017053127288818,0.5270898342132568,0.15091093117408907,0.0011133603238866396,4.084239482879639,2.7753565311431885,0.32047164648964405,,0.7394334673881531,0.10746274888515472,,0.17003034055233002,,0.750806987285614,0.09271480143070221,,0.1564781814813614,,,,,,,,,,,,,,,,,,,,,,,,,,,,,,,,,,,,
684,2.707368597578023e-06,2.7073685975780228e-05,1.0,84.85356841216216,4.747206816802153,3.1050590308936865,3.1050590308936865,3.1635987565324113,0.0,0.0,0.2877087464203706,1.7268306629077808,0.0911645051595327,1.6967713639542863,0.08088481748426282,0.021683506063512853,0.0,1.3306355863004118,380.2670238597973,0.218495343182538,380.04845861486484,0.0,0.0,0.0,0.0,0.0,1.7041590213775635,60.042266845703125,21.004291534423828,56.551753997802734,104.01460266113281,1.0058225393295288,0.7445969581604004,0.25,4.0,0.6302812695503235,0.5643070340156555,0.13491902834008096,0.005870445344129555,0.9020644426345825,0.8382841348648071,0.07070482412930244,,0.7849434018135071,0.07637171447277069,,0.14047086238861084,,0.8076697587966919,0.06302646547555923,,0.12930381298065186,,,,,,,,,,,,,,,,,,,,,,,,,,,,,,,,,,,,
685,2.6946494911563407e-06,2.6946494911563407e-05,1.0,83.16430004222973,4.673833486196157,3.1563108289563977,3.1563108289563977,3.2207750887484163,0.0,0.0,0.2888898076237859,1.7036811210013725,0.0913871043437236,1.6645577920449746,0.0792181362976899,0.020467589030394685,0.0,1.3494092580434438,371.9838207347973,0.21379853583670952,371.7700327280405,0.0,0.0,0.0,0.0,0.0,3.3432154655456543,47.91309356689453,10.602957725524902,41.86185073852539,92.15182495117188,1.0136114358901978,0.6924404501914978,0.25,4.0,0.6185078620910645,0.5344695448875427,0.15111336032388664,0.004554655870445344,5.179178237915039,4.882002353668213,0.057378964498904575,,0.76502525806427,0.09424348920583725,,0.15231069922447205,,0.7687063217163086,0.08398653566837311,,0.14730720221996307,82.81409227979053,131.2933560383067,0.22046555640111948,0.15994245927412432,82.81409219490907,94.57989822100042,112.66084280142624,140.22941637384082,27.73416464669364,65.78550075560577,138.94991402004075,0.44261234672309985,0.6855197738171812,0.5608168262399527,0.5300231111095793,0.0,0.6292696225125978,0.6653996624869909,0.6942553605094647,0.6266600154674647,0.8801436370964787,0.9667839214393024,0.9911326078194277,0.3801436370964787,0.16678392143930232,0.041132607819427736,5.496317467296911e-05,0.0,0.5769230769230769,0.4230769230769231,0.8983516483516484,0.9180373428287086,0.8911203028081538,0.882390925844947,-8.075599670410156,0.00031098834006115794
686,2.681956117085913e-06,2.6819561170859132e-05,1.0,84.70303922086148,4.7252349853515625,3.1209236351219385,3.1209236351219385,3.1834250785209037,0.0,0.0,0.28972133430274755,1.718080778379698,0.09108410654841242,1.6825093449773014,0.08068268363540237,0.02131125733659074,0.0,1.33372755308409,379.5628959037162,0.23261309958793022,379.33026288006755,0.0,0.0,0.0,0.0,0.0,3.6547160148620605,44.7874755859375,9.65410327911377,38.19016647338867,87.58907318115234,1.0155633687973022,0.7683219313621521,0.25,4.0,0.6007407307624817,0.5505068898200989,0.1742914979757085,0.008502024291497975,4.119304656982422,3.573672294616699,0.13245739458499367,,0.7381466031074524,0.10822843015193939,,0.1674417406320572,,0.7529903054237366,0.09130583703517914,,0.1557038426399231,,,,,,,,,,,,,,,,,,,,,,,,,,,,,,,,,,,,
687,2.6692886031888742e-06,2.6692886031888742e-05,1.0,84.51675992398648,5.008310678842905,3.1026877325934334,3.1026877325934334,3.1614567524678,0.0,0.0,0.2874496563060864,1.725461702089052,0.09234032759795317,1.7058486938476562,0.07913947105407715,0.02007750401625762,0.0,1.3475607794684332,377.2829127956081,0.239383568634858,377.04357580236484,0.0,0.0,0.0,0.0,0.0,2.8762331008911133,45.846336364746094,14.577692031860352,39.17226028442383,85.22650909423828,0.9985279440879822,0.6216806769371033,0.25,4.0,0.5922340750694275,0.48211121559143066,0.08441295546558704,0.010526315789473684,4.701107978820801,3.7705588340759277,0.19794251672948954,,0.729110598564148,0.09962659329175949,,0.16975301504135132,,0.7480405569076538,0.09080322086811066,,0.16115625202655792,,,,,,,,,,,,,,,,,,,,,,,,,,,,,,,,,,,,
688,2.6566470770269493e-06,2.656647077026949e-05,1.0,83.1724754539696,4.76624854835304,3.1515150327940247,3.1515150327940247,3.21857720452386,0.0,0.0,0.29013100185909785,1.7115657909496411,0.09292731413970122,1.6756458797970333,0.08277764191498628,0.02141826378332602,0.0,1.3479247222075592,371.5545819256757,0.22724174808811498,371.3272540118243,0.0,0.0,0.0,0.0,0.0,3.361144542694092,48.45248031616211,9.487736701965332,42.85457992553711,94.70636749267578,1.0129241943359375,0.7771693468093872,0.25,4.0,0.6126120686531067,0.5590938925743103,0.15799595141700404,0.00819838056680162,3.818603992462158,3.343818187713623,0.12433491550465879,,0.7565176486968994,0.09714099764823914,,0.1572602242231369,,0.778035044670105,0.07974813133478165,,0.14221683144569397,,,,,,,,,,,,,,,,,,,,,,,,,,,,,,,,,,,,
689,2.644031665900169e-06,2.644031665900169e-05,1.0,84.52825432854729,4.732433009792018,3.1161144359691724,3.1161144359691724,3.1815612380569047,0.0,0.0,0.29014316765037745,1.712934957968222,0.09023882891680743,1.6924989030167863,0.08074724352037585,0.021107348235877784,0.0,1.3360202892406567,378.6708192567568,0.2164598155666042,378.4543918918919,0.0,0.0,0.0,0.0,0.0,2.620424270629883,48.99821853637695,14.495352745056152,42.10786056518555,92.87458038330078,1.017759919166565,0.7212814092636108,0.25,3.998929262161255,0.6095983386039734,0.516663134098053,0.14544534412955465,0.0,3.316039562225342,2.534933567047119,0.235553883034506,,0.751396656036377,0.10081463307142258,,0.1648675799369812,,0.7692458629608154,0.08176399767398834,,0.14899015426635742,,,,,,,,,,,,,,,,,,,,,,,,,,,,,,,,,,,,
690,2.63144249684558e-06,2.6314424968455804e-05,1.0,84.28018765836148,4.781976235879434,3.126268953890414,3.126268953890414,3.1908301276129647,0.0,0.0,0.28914768631393845,1.7136684108424831,0.09131624891951277,1.6774782747835726,0.08139139252739984,0.021041570483027277,0.0,1.347934929100243,377.1438450168919,0.23560333251953125,376.908203125,0.0,0.0,0.0,0.0,0.0,2.789055347442627,52.41010284423828,11.761645317077637,47.43569564819336,100.4213638305664,1.0200445652008057,0.742835283279419,0.25,4.0,0.6274961829185486,0.5489604473114014,0.16842105263157894,0.0005060728744939271,3.4403178691864014,3.008376359939575,0.12555279066378125,,0.7777614593505859,0.08931367844343185,,0.15170426666736603,,0.7901099920272827,0.07375973463058472,,0.13613024353981018,83.08119616665682,131.9721082075935,0.2228368536092509,-1.9782602079622038,83.08119603877218,94.0490454146525,112.109665904879,139.94174899944386,28.16564396449498,66.80705533286398,137.07626210088316,0.4612786917114038,0.6826218247813663,0.5559555652916202,0.5258051358161775,0.0,0.6244328615344288,0.6654304896548058,0.7020326710945154,0.6295699019730202,0.8790077314865706,0.9664724634494889,0.9910776446447547,0.37900773148657063,0.16647246344948885,0.04107764464475472,5.496317467296911e-05,0.0,0.5659340659340659,0.4340659340659341,0.8992673992673992,0.9227389477111481,0.8955380201012224,0.8869169406019725,-8.075543403625488,0.00031100583146326244
691,2.6188796966359765e-06,2.6188796966359762e-05,1.0,84.31290250211148,4.74185510583826,3.0825242738466003,3.0825242738466003,3.1346831450591215,0.0,0.0,0.28822141080289276,1.7140705005542651,0.09124388565888276,1.6795388299065668,0.078623932761115,0.020503967194943816,0.0,1.3660349459261507,377.7293602195946,0.22122133100354993,377.50807643581084,0.0,0.0,0.0,0.0,0.0,2.7760965824127197,52.7640266418457,11.83076286315918,49.22907257080078,97.71267700195312,1.0113282203674316,0.6365782022476196,0.25,4.0,0.624580979347229,0.5148325562477112,0.12712550607287448,0.002834008097165992,2.603074789047241,1.7366470098495483,0.33284782398235147,,0.7751636505126953,0.08480232954025269,,0.1498936414718628,,0.7858131527900696,0.07517094910144806,,0.13901591300964355,,,,,,,,,,,,,,,,,,,,,,,,,,,,,,,,,,,,
692,2.6063433917786184e-06,2.6063433917786184e-05,1.0,83.6824852195946,4.740831117372255,3.1013800131308065,3.1013800131308065,3.1657918981603674,0.0,0.0,0.28863594983075114,1.6974586280616555,0.0911315325144175,1.6843700924435177,0.08124496485735919,0.02089625274812853,0.0,1.3588359935863599,374.4938502956081,0.21619322493269638,374.27771326013516,0.0,0.0,0.0,0.0,0.0,3.2628233432769775,47.390167236328125,11.113972663879395,41.13242721557617,90.01713562011719,1.0193166732788086,0.8107455968856812,0.25,4.0,0.6116201281547546,0.5828931331634521,0.19655870445344129,0.009615384615384616,15.434699058532715,15.140202522277832,0.019080160561477048,,0.7542875409126282,0.10044458508491516,,0.16082702577114105,,0.7651724815368652,0.0849170833826065,,0.14991042017936707,,,,,,,,,,,,,,,,,,,,,,,,,,,,,,,,,,,,
693,2.5938337085139537e-06,2.5938337085139537e-05,1.0,84.71564875422297,4.793572915566934,3.097152091361381,3.097152091361381,3.1542816162109375,0.0,0.0,0.28912178245750636,1.7301757400100295,0.0913731407474827,1.6927872735100824,0.08048416472770073,0.022455784114631446,0.0,1.3524558608596389,379.3768739442568,0.24609730694745038,379.1308329814189,0.0,0.0,0.0,0.0,0.0,1.7431670427322388,57.897457122802734,19.316072463989258,53.85676956176758,101.208984375,0.9995297193527222,0.7587968111038208,0.25,4.0,0.6256629824638367,0.581198513507843,0.122165991902834,0.015182186234817813,0.9893348217010498,0.7997854948043823,0.1915926971727921,,0.7790881991386414,0.07567720115184784,,0.14209625124931335,,0.8038994073867798,0.0651150643825531,,0.1309855580329895,,,,,,,,,,,,,,,,,,,,,,,,,,,,,,,,,,,,
694,2.5813507728143545e-06,2.5813507728143544e-05,1.0,84.03340767525337,4.729781692092483,3.121286340661951,3.121286340661951,3.1872781289590373,0.0,0.0,0.2889770301612648,1.7124081173458614,0.0910835008363466,1.6816519659918707,0.08184914331178407,0.021477190223900048,0.0,1.3523466780379012,376.1908255912162,0.20936715925062024,375.9815244932432,0.0,0.0,0.0,0.0,0.0,2.1599602699279785,54.08995819091797,17.48473358154297,47.250762939453125,100.4213638305664,1.009830117225647,0.6411942839622498,0.25,4.0,0.6238641738891602,0.5370908975601196,0.08097165991902834,0.002226720647773279,2.4131767749786377,1.952017903327942,0.19110032734952795,,0.7744224667549133,0.08422563225030899,,0.1490119993686676,,0.7822718620300293,0.07561948150396347,,0.14210860431194305,,,,,,,,,,,,,,,,,,,,,,,,,,,,,,,,,,,,
695,2.5688947103828476e-06,2.5688947103828475e-05,1.0,83.94487040751689,4.753430340741132,3.124245102341111,3.124245102341111,3.188195718301309,0.0,0.0,0.2893507158434069,1.7039831006849133,0.09066527598613017,1.683504259264147,0.0827544895378319,0.021883911377674824,0.0,1.3446956325221706,375.62030194256755,0.2350428039963181,375.3852671030405,0.0,0.0,0.0,0.0,0.0,1.6148173809051514,62.20885467529297,21.460439682006836,59.03467559814453,108.58139038085938,1.0093401670455933,0.7430726289749146,0.25,4.0,0.638361930847168,0.5691094398498535,0.1408906882591093,0.009412955465587045,4.512341499328613,4.1159186363220215,0.08785302776077014,,0.796298086643219,0.07301771640777588,,0.13684917986392975,,0.8160527348518372,0.059902094304561615,,0.12404516339302063,81.39261444846352,124.7428460399738,0.22434162523422,-5.5911723755218175,81.39261736137708,92.37974992445805,109.97227237001222,137.4695511989103,32.66332190377371,66.64041291466054,130.1782458761464,0.4604304963204166,0.6754393276057111,0.5554334219715854,0.5187611861904583,0.0,0.6150278410204262,0.6558169859564382,0.6838392069890233,0.6293618889902027,0.8800337107471328,0.9668572056721996,0.9915723132168114,0.38003371074713277,0.16685720567219953,0.04157231321681143,5.496317467296911e-05,0.0,0.5494505494505495,0.45054945054945056,0.8956043956043956,0.9033288090274885,0.8768966803020173,0.8686624384679638,-8.07542896270752,0.000311041425447911
696,2.5564656466518394e-06,2.5564656466518394e-05,1.0,85.16123178842905,4.790406098236909,3.1087483586491764,3.1087483586491764,3.1685525017815666,0.0,0.0,0.28721234605119034,1.7430652927707981,0.09196404508642249,1.6954121976285368,0.08302419894450419,0.022277711211024103,0.0,1.3402039811417863,381.54856418918916,0.23913272651466164,381.30933277027026,0.0,0.0,0.0,0.0,0.0,2.6546597480773926,53.346248626708984,13.301684379577637,45.7970085144043,103.20514678955078,1.0096811056137085,0.7359554767608643,0.25,4.0,0.6129592061042786,0.5349316000938416,0.13026315789473683,0.004048582995951417,3.6581616401672363,3.2673778533935547,0.10682518303259464,,0.7576042413711548,0.09408444166183472,,0.15873387455940247,,0.7787655591964722,0.07838228344917297,,0.14285221695899963,,,,,,,,,,,,,,,,,,,,,,,,,,,,,,,,,,,,
697,2.544063706781866e-06,2.5440637067818658e-05,1.0,83.89206345016892,4.6675567626953125,3.119702725797086,3.119702725797086,3.18305948618296,0.0,0.0,0.2887130170255094,1.6958043897474133,0.09118598216288798,1.6748189152898014,0.08218945683659734,0.02138815860490541,0.0,1.3424073296624262,375.8289432010135,0.2082470429910196,375.6206450591216,0.0,0.0,0.0,0.0,0.0,3.74560546875,43.925987243652344,10.52249813079834,37.524723052978516,86.23113250732422,1.0175130367279053,0.8105524778366089,0.25,4.0,0.603498101234436,0.5901800990104675,0.20303643724696357,0.014777327935222672,16.93741798400879,13.909757614135742,0.17875572136978418,,0.7421911954879761,0.10652484744787216,,0.16543598473072052,,0.7554346323013306,0.09024827182292938,,0.15431714057922363,,,,,,,,,,,,,,,,,,,,,,,,,,,,,,,,,,,,
698,2.531689015660325e-06,2.531689015660325e-05,1.0,82.98553631756756,4.684563301705025,3.1305139902475716,3.1305139902475716,3.197568532582876,0.0,0.0,0.29020456365636876,1.6850286947714317,0.09240974606694402,1.674777366019584,0.08037595491151552,0.020589467641469593,0.0,1.3648252744932432,371.1631651182432,0.1961115244272593,370.9670872043919,0.0,0.0,0.0,0.0,0.0,3.1693050861358643,53.715599060058594,12.158723831176758,47.807735443115234,104.83039093017578,1.0050407648086548,0.7900424599647522,0.25,4.0,0.611886203289032,0.5751955509185791,0.13815789473684212,0.00951417004048583,9.67872142791748,8.863329887390137,0.08424579078961954,,0.7564963102340698,0.0941363275051117,,0.15317998826503754,,0.7776986956596375,0.07953135669231415,,0.14276999235153198,,,,,,,,,,,,,,,,,,,,,,,,,,,,,,,,,,,,
699,2.519341697900216e-06,2.519341697900216e-05,1.0,83.39779085726352,4.778907569679054,3.1077571559596704,3.1077571559596704,3.1693857553842903,0.0,0.0,0.28782290381354253,1.7183765720676731,0.09192692266928183,1.680364144814981,0.07973041405548921,0.02022545402114456,0.0,1.3455223908295502,372.8405299831081,0.23966150026063662,372.60084987331084,0.0,0.0,0.0,0.0,0.0,2.2792186737060547,58.6177864074707,16.167579650878906,54.491615295410156,106.89798736572266,1.0159409046173096,0.8034493923187256,0.25,4.0,0.6365242600440979,0.5964806079864502,0.16558704453441295,0.007388663967611336,14.630758285522461,14.721973419189453,-0.006234477522416051,,0.7922775149345398,0.07885921001434326,,0.14256015419960022,,0.8045979738235474,0.06513255834579468,,0.13026943802833557,,,,,,,,,,,,,,,,,,,,,,,,,,,,,,,,,,,,
700,2.5070218778388933e-06,2.507021877838893e-05,1.0,83.95904376055744,4.739633921030405,3.158183329814189,3.158183329814189,3.234351905616554,0.0,0.0,0.28883163349048513,1.7155337978053737,0.09093303293795199,1.6803542472220756,0.08171799376204207,0.020810855401528848,0.0,1.3502263249577702,375.58522487331084,0.22124091998950854,375.36394108952703,0.0,0.0,0.0,0.0,0.0,2.3651018142700195,51.088829040527344,14.83620548248291,44.73611831665039,94.33715057373047,1.0220860242843628,0.7531277537345886,0.25,4.0,0.6192343235015869,0.5499314665794373,0.18299595141700406,0.0037449392712550606,4.317087650299072,3.994205951690674,0.07479155503966438,,0.7657209634780884,0.09378869831562042,,0.1590631604194641,,0.7795329093933105,0.07643713057041168,,0.14402997493743896,81.15271209884476,126.42709014342869,0.21648596387117827,-8.359224717695634,81.15271309525937,92.54632382300873,110.25620676518676,138.23427195020525,25.892269679478236,64.67295932030493,135.77686873726222,0.44547142571935205,0.6794645930713228,0.5582359694118061,0.5267580745472137,0.0,0.6204944947921179,0.6653514567054466,0.6929388530766184,0.6283623103619155,0.8807115899014327,0.9669304899050969,0.9910593235865304,0.3807115899014327,0.16693048990509685,0.041059323586530416,5.496317467296911e-05,0.0,0.5769230769230769,0.4230769230769231,0.9029304029304029,0.9036093391068689,0.876740731708296,0.8686149651696394,-8.07569408416748,0.0003109589742962271
701,2.494729679536809e-06,2.494729679536809e-05,1.0,84.51328256967905,4.731145085515203,3.1125484157252954,3.1125484157252954,3.175226366197741,0.0,0.0,0.2876080435675544,1.71242956213049,0.09105248064608187,1.6843749381400444,0.08307521407668655,0.02123929197723801,0.0,1.3464490529653188,378.62629328547297,0.21511624310467695,378.4111855996622,0.0,0.0,0.0,0.0,0.0,2.831263780593872,51.872955322265625,11.923551559448242,45.57395935058594,100.02985382080078,1.0184307098388672,0.753447413444519,0.25,4.0,0.621374785900116,0.5550898313522339,0.16032388663967612,0.0036437246963562753,2.6121625900268555,2.005016803741455,0.23243031984435486,,0.7683717012405396,0.09571778774261475,,0.15216819941997528,,0.7805350422859192,0.0785900354385376,,0.1408749222755432,,,,,,,,,,,,,,,,,,,,,,,,,,,,,,,,,,,,
702,2.482465226776262e-06,2.4824652267762617e-05,1.0,84.32747835726352,4.783281893343539,3.0961256284971497,3.0961256284971497,3.153919116870777,0.0,0.0,0.2898564725308805,1.7081998876623206,0.09135064563235722,1.6802500131967906,0.08272874033128894,0.02159916388021933,0.0,1.3354499404494826,377.52467799831084,0.24958247107428475,377.27507390202703,0.0,0.0,0.0,0.0,0.0,2.9677836894989014,48.9315299987793,13.482161521911621,41.86185073852539,93.6030044555664,1.0173362493515015,0.7268131375312805,0.25,4.0,0.6121357679367065,0.5379875898361206,0.15890688259109312,0.005060728744939271,5.275318145751953,3.72222900390625,0.29440672561073056,,0.7558221817016602,0.0968983992934227,,0.160008043050766,,0.7678670287132263,0.08282392472028732,,0.14930903911590576,,,,,,,,,,,,,,,,,,,,,,,,,,,,,,,,,,,,
703,2.470228643060157e-06,2.4702286430601566e-05,1.0,83.73518000422297,4.69524115485114,3.112427788811761,3.112427788811761,3.174483634330131,0.0,0.0,0.2893179816168708,1.6940905596758868,0.09104671993771114,1.6789680687156883,0.0826909284333925,0.021501102963009396,0.0,1.356094875851193,374.9337521114865,0.2060840452039564,374.7276182432432,0.0,0.0,0.0,0.0,0.0,2.8154478073120117,53.606937408447266,11.466768264770508,48.75066375732422,101.208984375,1.017849087715149,0.8556375503540039,0.25,4.0,0.628358781337738,0.6265649795532227,0.19838056680161945,0.007388663967611336,10.27230453491211,10.22004508972168,0.005087411983632047,,0.7789863348007202,0.09031394124031067,,0.14482809603214264,,0.7885787487030029,0.07440362870693207,,0.1370176374912262,,,,,,,,,,,,,,,,,,,,,,,,,,,,,,,,,,,,
704,2.458020051610753e-06,2.458020051610753e-05,1.0,82.92826224662163,4.692652109506968,3.188507080078125,3.188507080078125,3.2693611351219385,0.0,0.0,0.2898346153465477,1.695667163745777,0.09067341443654653,1.6708411139410895,0.07844307615950301,0.019740431695371062,0.0,1.351576315390097,370.5502797719595,0.19826363228462837,370.3520111908784,0.0,0.0,0.0,0.0,0.0,2.1107146739959717,55.82792282104492,15.277289390563965,50.39651107788086,103.20514678955078,1.0133976936340332,0.766935408115387,0.25,4.0,0.6246107816696167,0.5701079964637756,0.17793522267206477,0.00951417004048583,1.8735404014587402,1.6762597560882568,0.10529831393914992,,0.7746691703796387,0.08770978450775146,,0.14699159562587738,,0.7948242425918579,0.07055051624774933,,0.13462527096271515,,,,,,,,,,,,,,,,,,,,,,,,,,,,,,,,,,,,
705,2.4458395753684344e-06,2.4458395753684342e-05,1.0,83.312255859375,4.732072984850085,3.139477910222234,3.139477910222234,3.20745004189981,0.0,0.0,0.29082086923960093,1.6919153574350718,0.09178035968058817,1.6752565744760874,0.08013572563996187,0.019909836150504446,0.0,1.3611285235430743,372.5078916807432,0.243808076188371,372.2640941722973,0.0,0.0,0.0,0.0,0.0,1.9700939655303955,55.904903411865234,17.243946075439453,51.140193939208984,99.63988494873047,1.0001604557037354,0.8383424282073975,0.25,4.0,0.6057075262069702,0.5850623250007629,0.1680161943319838,0.018522267206477733,1.3139901161193848,0.9824029207229614,0.2523513619536971,,0.7487447261810303,0.09258218854665756,,0.15661567449569702,,0.7876676321029663,0.07273079454898834,,0.13960161805152893,86.12604853871105,133.8652546003129,0.2389786047982315,12.423827412364247,86.12605163949196,97.14319716599302,115.3167972481162,143.32679861690494,33.04620252336775,72.67976994477502,131.91145855447522,0.48538817321940325,0.6888565444978891,0.5589830900627452,0.5315707458670117,0.0,0.634098327347058,0.6685007442979346,0.6957409944807726,0.6291233386639102,0.8762962148693708,0.965061741966216,0.9910593235865304,0.3762962148693708,0.16506174196621592,0.041059323586530416,7.328423289729215e-05,0.0,0.6098901098901099,0.3901098901098901,0.891941391941392,0.9434406492900063,0.9145464080866876,0.9044265096167942,-8.075818061828613,0.0003109204408247024
706,2.433687336990459e-06,2.433687336990459e-05,1.0,83.6158348289696,4.799176190350507,3.1403763229782515,3.1403763229782515,3.2070696031725086,0.0,0.0,0.28982974387503957,1.7073390032794025,0.09040315086777145,1.6938920923181482,0.08015862026730099,0.02032663210018261,0.0,1.351682405214052,373.65688344594594,0.24558381776551944,373.41134396114865,0.0,0.0,0.0,0.0,0.0,3.138148069381714,46.912139892578125,12.111320495605469,39.711490631103516,91.43470001220703,1.0095114707946777,0.7571446895599365,0.25,4.0,0.6001050472259521,0.5371375679969788,0.16497975708502025,0.006376518218623482,9.808673858642578,9.452674865722656,0.036294304209762825,,0.7384796738624573,0.10396267473697662,,0.16447100043296814,,0.762414813041687,0.08630011975765228,,0.1512850821018219,,,,,,,,,,,,,,,,,,,,,,,,,,,,,,,,,,,,
707,2.421563458849732e-06,2.421563458849732e-05,1.0,83.34596046241555,4.72398500184755,3.124093751649599,3.124093751649599,3.1891811473949536,0.0,0.0,0.2907663036037136,1.6939208571975295,0.09048935529348012,1.6792445827174831,0.07978202201224663,0.020326148819279025,0.0,1.357645086340002,372.7899598817568,0.2379944775555585,372.5518897804054,0.0,0.0,0.0,0.0,0.0,2.777764320373535,53.03377914428711,12.817113876342773,45.08699035644531,102.4020004272461,1.00886869430542,0.6166366338729858,0.25,3.8976104259490967,0.6184099316596985,0.48783156275749207,0.0909919028340081,0.0,2.908815622329712,2.652343511581421,0.08817063164109344,,0.7660526633262634,0.08940497785806656,,0.1519080400466919,,0.7774317264556885,0.07884880900382996,,0.14371949434280396,,,,,,,,,,,,,,,,,,,,,,,,,,,,,,,,,,,,
708,2.4094680630335754e-06,2.4094680630335753e-05,1.0,85.03164590371621,4.801368919578758,3.098573839342272,3.098573839342272,3.165359084670608,0.0,0.0,0.28708352269353093,1.7220847671096389,0.09095739673923801,1.7049231658110748,0.07975224546484046,0.021148755743696884,0.0,1.3473052978515625,380.91627956081084,0.23231016623007283,380.68396326013516,0.0,0.0,0.0,0.0,0.0,2.112680673599243,56.45452117919922,15.011090278625488,54.919105529785156,97.33171844482422,1.0216773748397827,0.737464189529419,0.25,4.0,0.6365708112716675,0.5576476454734802,0.16093117408906882,0.0012145748987854252,1.7585680484771729,1.5385769605636597,0.12509671610604653,,0.7916939854621887,0.08104044198989868,,0.14516177773475647,,0.7994264364242554,0.06709584593772888,,0.13347771763801575,,,,,,,,,,,,,,,,,,,,,,,,,,,,,,,,,,,,
709,2.397401271342486e-06,2.397401271342486e-05,1.0,84.70411475929055,4.715247901710304,3.1522340516786316,3.1522340516786316,3.2252279745565877,0.0,0.0,0.2886132936219911,1.7148964340622361,0.09045576404880833,1.684510308343011,0.08193043115976695,0.022122067374152107,0.0,1.3383730295542124,379.4609902871622,0.22075124689050624,379.2403135557432,0.0,0.0,0.0,0.0,0.0,1.9740794897079468,62.38846206665039,16.39333724975586,59.730560302734375,111.59137725830078,1.0098521709442139,0.7965638041496277,0.25,4.0,0.6382699012756348,0.6113520264625549,0.1354251012145749,0.008502024291497975,1.7257426977157593,1.52339506149292,0.11725249452926689,,0.7955366373062134,0.07580587267875671,,0.13665924966335297,,0.8112540245056152,0.06339969485998154,,0.12534627318382263,,,,,,,,,,,,,,,,,,,,,,,,,,,,,,,,,,,,
710,2.3853632052889245e-06,2.3853632052889248e-05,1.0,85.47342166385135,4.8097245499894425,3.0993951333535685,3.0993951333535685,3.1604616319811023,0.0,0.0,0.288289534079062,1.7376189360747467,0.09088929279430492,1.6968077582281988,0.08428140588708825,0.022752149685009104,0.0,1.3387773874643687,383.05838260135135,0.24411178279567408,382.8143475506757,0.0,0.0,0.0,0.0,0.0,2.3842904567718506,52.701454162597656,14.467069625854492,49.80937194824219,92.51249694824219,1.0172730684280396,0.682880699634552,0.25,3.9746336936950684,0.6235421299934387,0.5181066393852234,0.13512145748987855,0.0,3.220418930053711,2.9697582721710205,0.07783479830635259,,0.7731021046638489,0.08760181069374084,,0.15128713846206665,,0.7839847803115845,0.07428721338510513,,0.141728013753891,86.77989997444573,130.90373351191673,0.2372937359123644,16.147589002336776,86.77989821372873,97.42015212523036,115.04962250827215,143.2170255861115,29.461873735700333,72.57329801810805,135.34246162746263,0.4839945294917017,0.6897576349997672,0.5592588178627947,0.530483761314157,0.0,0.6348516491441115,0.6666249023521998,0.7001265514314937,0.629635423561114,0.8770107361401195,0.9655380894800484,0.9913158184016709,0.3770107361401195,0.16553808948004833,0.04131581840167098,7.328423289729215e-05,0.0,0.5934065934065934,0.4065934065934066,0.8937728937728939,0.9484175579560982,0.9177391472589839,0.9065695987134189,-8.075468063354492,0.0003110292600467801
711,2.373353986096084e-06,2.373353986096084e-05,1.0,83.9933884079392,4.668085459116343,3.131122692211254,3.131122692211254,3.194385219264675,0.0,0.0,0.2898789740897514,1.7038788666596283,0.09052560136124894,1.680671485694679,0.07956946862710489,0.02119178546441568,0.0,1.3522871893805426,376.26346072635135,0.2122644347113532,376.0512299408784,0.0,0.0,0.0,0.0,0.0,2.266634225845337,58.61891174316406,14.495352745056152,55.67499923706055,106.10746002197266,0.9956176280975342,0.6918115615844727,0.25,4.0,0.6188064813613892,0.5287023782730103,0.08724696356275304,0.009817813765182187,1.5586035251617432,1.2109978199005127,0.22302381564622592,,0.7690255045890808,0.08026399463415146,,0.1455739140510559,,0.7956042885780334,0.07004404813051224,,0.13435162603855133,,,,,,,,,,,,,,,,,,,,,,,,,,,,,,,,,,,,
712,2.3613737346966653e-06,2.3613737346966652e-05,1.0,84.06343037373311,4.7741851806640625,3.1387856973184123,3.1387856973184123,3.1995360915725297,0.0,0.0,0.2898073196411133,1.7267342644768793,0.09215450286865234,1.675233067692937,0.08045275791271313,0.020209655568406388,0.0,1.3549744889542863,376.02467799831084,0.19761987634607264,375.8270956503378,0.0,0.0,0.0,0.0,0.0,4.25820779800415,43.2951545715332,8.859103202819824,36.22841262817383,86.56863403320312,1.0165104866027832,0.7780535817146301,0.25,4.0,0.5974788069725037,0.5513268709182739,0.16902834008097167,0.0057692307692307696,16.42619514465332,15.37487506866455,0.06400265348917221,,0.7330905795097351,0.11136471480131149,,0.16998647153377533,,0.7435410022735596,0.0956140011548996,,0.16084504127502441,,,,,,,,,,,,,,,,,,,,,,,,,,,,,,,,,,,,
713,2.349422571731669e-06,2.3494225717316686e-05,1.0,84.00535789695945,4.707352096970017,3.1292361697635136,3.1292361697635136,3.2011797105943836,0.0,0.0,0.2895913768459011,1.709194801949166,0.09186076473545383,1.683241354452597,0.0813002972989469,0.0221951555561375,0.0,1.3552461572595544,376.1227565456081,0.2253211768897804,375.8974873310811,0.0,0.0,0.0,0.0,0.0,2.441880941390991,54.430545806884766,14.242778778076172,49.3253173828125,100.02985382080078,1.0117610692977905,0.681929349899292,0.25,4.0,0.6187889575958252,0.5110628604888916,0.12398785425101215,0.0024291497975708503,1.3928015232086182,1.0959773063659668,0.21311307598145993,,0.7663769125938416,0.08981949090957642,,0.15319916605949402,,0.7853705286979675,0.07462276518344879,,0.14000670611858368,,,,,,,,,,,,,,,,,,,,,,,,,,,,,,,,,,,,
714,2.337500617549174e-06,2.3375006175491737e-05,1.0,83.77271827491555,4.6758880615234375,3.1251697024783573,3.1251697024783573,3.198392919591955,0.0,0.0,0.2896761249851536,1.6980751656197213,0.09072256088256836,1.6913740828230575,0.08070842639819996,0.02179221365902875,0.0,1.3513311437658362,375.14331714527026,0.2168756948935019,374.92644108952703,0.0,0.0,0.0,0.0,0.0,1.5088146924972534,63.625205993652344,20.763633728027344,61.626609802246094,109.47566986083984,1.0049229860305786,0.7469360828399658,0.25,4.0,0.6419419646263123,0.6002673506736755,0.1451417004048583,0.013360323886639677,1.403016209602356,1.2753963470458984,0.09096107492060099,,0.8024152517318726,0.06799370050430298,,0.13017705082893372,,0.820783257484436,0.05795784294605255,,0.12125889956951141,,,,,,,,,,,,,,,,,,,,,,,,,,,,,,,,,,,,
715,2.325607992203123e-06,2.325607992203123e-05,1.0,84.84563054265203,4.754030794710727,3.121423257363809,3.121423257363809,3.182580483926309,0.0,0.0,0.28902888942409205,1.7275799931706608,0.09114341478090028,1.6990128594475824,0.0804306494223105,0.02161278756889137,0.0,1.3420411187249262,380.10333086993245,0.24165725708007812,379.86164484797297,0.0,0.0,0.0,0.0,0.0,2.2091028690338135,60.5905876159668,12.618402481079102,58.11942672729492,111.59137725830078,0.9947912096977234,0.6841662526130676,0.25,4.0,0.6334992051124573,0.5609809160232544,0.07914979757085021,0.00597165991902834,2.9865005016326904,2.8011415004730225,0.06206561862565703,,0.7904565930366516,0.0726611316204071,,0.13049080967903137,,0.8079921007156372,0.06617283821105957,,0.12583504617214203,83.55953862116887,126.35526449939346,0.23210790717014965,10.362119989080744,83.55954018951917,94.63587278797314,112.40961890494036,140.47715983641362,28.953201293945312,71.77608271162639,124.91410761294158,0.4906522150628932,0.6931945926437827,0.5632511901149354,0.5391265786476548,0.0,0.6399703294246201,0.6728799050999468,0.7058453967583582,0.6285979092624561,0.8765160675680628,0.9659411527609835,0.9913341394598952,0.3765160675680628,0.16594115276098342,0.04133413945989528,7.328423289729215e-05,0.0,0.6373626373626373,0.3626373626373626,0.8983516483516484,0.9320788806775114,0.9018561797482627,0.8912890745060784,-8.07531452178955,0.0003110770194325596
716,2.3137448154521254e-06,2.313744815452125e-05,1.0,84.45418074324324,4.718306670317778,3.10121319745038,3.10121319745038,3.160328633076436,0.0,0.0,0.28906152055070206,1.7122764587402344,0.09116183744894492,1.6862112509237754,0.08310558989241316,0.021933571712390798,0.0,1.3311655199205554,378.4496146537162,0.21583653785086968,378.23374155405406,0.0,0.0,0.0,0.0,0.0,2.2492380142211914,57.87791442871094,14.984723091125488,53.85676956176758,104.83039093017578,1.0146920680999756,0.7863909602165222,0.25,4.0,0.6274167895317078,0.5792737603187561,0.1459514170040486,0.0020242914979757085,7.875370025634766,7.707365989685059,0.021332843460414506,,0.7786661386489868,0.08617059886455536,,0.14639322459697723,,0.7944667339324951,0.0702308937907219,,0.1353023499250412,,,,,,,,,,,,,,,,,,,,,,,,,,,,,,,,,,,,
717,2.3019112067582378e-06,2.3019112067582378e-05,1.0,83.44099055109797,4.734156015756968,3.145673184781461,3.145673184781461,3.2128522718274914,0.0,0.0,0.2892041592984586,1.6919308224239864,0.09100402368081582,1.6822123140902132,0.08037212732675914,0.020433538668864482,0.0,1.3361475145494617,373.1127797719595,0.2050539222923485,372.9077808277027,0.0,0.0,0.0,0.0,0.0,2.5757973194122314,51.30242919921875,14.187251091003418,40.415714263916016,102.00276947021484,1.0048761367797852,0.56283038854599,0.25,4.0,0.6052759289741516,0.4683411717414856,0.06680161943319839,0.0011133603238866396,1.5865334272384644,1.036677598953247,0.3465768945330712,,0.7474979758262634,0.09449075907468796,,0.16142448782920837,,0.7594744563102722,0.08723616600036621,,0.15328937768936157,,,,,,,,,,,,,,,,,,,,,,,,,,,,,,,,,,,,
718,2.290107285285767e-06,2.2901072852857668e-05,1.0,86.26662795608108,4.812243074984164,3.081005199535473,3.081005199535473,3.1425069860509924,0.0,0.0,0.2889879072034681,1.7489100275812923,0.09164477039027859,1.7046145877322636,0.08211351085353542,0.02212711121584918,0.0,1.32786817808409,387.09118982263516,0.2323943988696949,386.8588471283784,0.0,0.0,0.0,0.0,0.0,3.0476722717285156,57.64984893798828,9.302412033081055,53.12546157836914,110.29129791259766,1.0010461807250977,0.7806965708732605,0.25,4.0,0.6249375343322754,0.5979425311088562,0.13370445344129556,0.015283400809716598,3.8450164794921875,3.4275145530700684,0.10858261041244191,,0.7769172191619873,0.08140852302312851,,0.14007146656513214,,0.799441397190094,0.07045572996139526,,0.13010290265083313,,,,,,,,,,,,,,,,,,,,,,,,,,,,,,,,,,,,
719,2.2783331699000727e-06,2.2783331699000727e-05,1.0,84.66882654138513,4.6824357316300675,3.120145436879751,3.120145436879751,3.1841113116290116,0.0,0.0,0.2895362699354017,1.7249890920278188,0.09054786450154073,1.6920982567039695,0.08196296563019624,0.023065894036679656,0.0,1.34406785707216,379.58672930743245,0.2116229856336439,379.3751583614865,0.0,0.0,0.0,0.0,0.0,2.340679168701172,55.93268966674805,13.146714210510254,52.404075622558594,104.01460266113281,1.0177401304244995,0.8450949192047119,0.25,4.0,0.6279613375663757,0.6074920296669006,0.18714574898785424,0.0036437246963562753,4.426999092102051,4.273120880126953,0.034759034003332585,,0.778133749961853,0.0911436453461647,,0.1477230340242386,,0.7969186305999756,0.07060029357671738,,0.13248106837272644,,,,,,,,,,,,,,,,,,,,,,,,,,,,,,,,,,,,
720,2.2665889791663674e-06,2.2665889791663673e-05,1.0,83.26867345861487,4.700312846415752,3.1105827125343115,3.1105827125343115,3.173753068253801,0.0,0.0,0.28976422387200435,1.6950246450063344,0.09166584143767485,1.6833302265888936,0.08051950867111618,0.020340867944665858,0.0,1.3598094630885769,372.58374683277026,0.21087268880895665,372.37286211993245,0.0,0.0,0.0,0.0,0.0,2.889986753463745,50.430965423583984,11.005966186523438,44.128658294677734,98.86447143554688,1.0226531028747559,0.823742151260376,0.25,4.0,0.6187541484832764,0.5938766598701477,0.2026315789473684,0.005668016194331984,3.46647310256958,2.644097328186035,0.2372370273907348,,0.7641689777374268,0.09842977672815323,,0.1560889184474945,,0.7802993059158325,0.07911841571331024,,0.14058226346969604,81.03572204086807,121.88683286518598,0.22340566060259034,-3.588577228588062,81.0357241989157,91.96033738419543,109.6697541385676,137.12956347228024,31.92253221784319,67.1331118798071,127.49722290039062,0.4894008411245069,0.6831019598288518,0.5584316170451746,0.5264098217398815,0.0,0.6258238485728526,0.6592286105660291,0.6871616108228777,0.624652607518041,0.880839837309003,0.9672785900113591,0.9916272763914844,0.38083983730900295,0.16727859001135903,0.04162727639148445,7.328423289729215e-05,0.0,0.5604395604395604,0.43956043956043955,0.8809523809523808,0.9020855689605514,0.8760194024378127,0.8677865987295633,-8.075348854064941,0.00031106630922295153
721,2.25487483134852e-06,2.2548748313485197e-05,1.0,83.89492055532095,4.68437401024071,3.140829344053526,3.140829344053526,3.210359728014147,0.0,0.0,0.28782635766106685,1.7125766857250317,0.09010952872198981,1.6748284004830025,0.08061428972192712,0.021119449589703534,0.0,1.3412340525034312,375.6438450168919,0.21969274572423986,375.42414484797297,0.0,0.0,0.0,0.0,0.0,2.8931407928466797,51.310569763183594,12.299647331237793,44.823577880859375,98.09510803222656,1.0135406255722046,0.7142693996429443,0.25,4.0,0.6124289631843567,0.5178610682487488,0.11670040485829959,0.0025303643724696357,6.588433265686035,6.406376838684082,0.027632734469686716,,0.756476640701294,0.09621463716030121,,0.15770462155342102,,0.7710312604904175,0.0812891498208046,,0.14767958223819733,,,,,,,,,,,,,,,,,,,,,,,,,,,,,,,,,,,,
722,2.2431908444078665e-06,2.2431908444078666e-05,1.0,84.27929027660473,4.706557815139358,3.133575439453125,3.133575439453125,3.1988247020824536,0.0,0.0,0.2894245869404561,1.7198396631189294,0.09101849633294183,1.6791741654679582,0.07813545819875356,0.021116561180836445,0.0,1.3480098827465161,377.4795713682432,0.20689212953722155,377.2726192989865,0.0,0.0,0.0,0.0,0.0,2.306272506713867,56.63685989379883,14.129183769226074,49.421749114990234,108.58139038085938,1.0102415084838867,0.636155366897583,0.25,4.0,0.6217355728149414,0.5096058249473572,0.1082995951417004,0.0006072874493927126,1.1009916067123413,0.763337254524231,0.3066820401986317,,0.7710959911346436,0.08641405403614044,,0.1505531519651413,,0.7855044603347778,0.07510892301797867,,0.1393866240978241,,,,,,,,,,,,,,,,,,,,,,,,,,,,,,,,,,,,
723,2.2315371360020284e-06,2.2315371360020282e-05,1.0,83.47977591849663,4.697661116316512,3.126276583284945,3.126276583284945,3.18614877236856,0.0,0.0,0.28922988273002004,1.6975568822912268,0.09111412795814308,1.6662489401327598,0.08237674429609969,0.021169420835134144,0.0,1.3516616821289062,373.5870460304054,0.22373490720181852,373.36328125,0.0,0.0,0.0,0.0,0.0,3.7278857231140137,49.481773376464844,11.534154891967773,43.359737396240234,95.8227310180664,1.0096099376678467,0.6668829321861267,0.25,4.0,0.6042860746383667,0.5012985467910767,0.10637651821862348,0.004858299595141701,10.816290855407715,8.883474349975586,0.1786949455474191,,0.7450506687164307,0.09907756745815277,,0.16341203451156616,,0.756319522857666,0.0880841314792633,,0.15559637546539307,,,,,,,,,,,,,,,,,,,,,,,,,,,,,,,,,,,,
724,2.2199138234837214e-06,2.2199138234837214e-05,1.0,84.5263869826858,4.7296724061708195,3.157458949733425,3.157458949733425,3.231753787478885,0.0,0.0,0.2897599710000528,1.716630471719278,0.0916467421763652,1.677895417084565,0.0797369673445418,0.021682048166120373,0.0,1.3476148038297087,378.4790171030405,0.21528590692056193,378.2637774493243,0.0,0.0,0.0,0.0,0.0,2.375913619995117,51.94929504394531,17.180070877075195,46.24643325805664,93.9693603515625,1.017944097518921,0.7633239030838013,0.25,4.0,0.6184512972831726,0.5574382543563843,0.16002024291497977,0.0069838056680161945,12.834267616271973,12.59961223602295,0.018283503762342838,,0.7653919458389282,0.09118125587701797,,0.15775230526924133,,0.7800539135932922,0.07620900869369507,,0.1437370479106903,,,,,,,,,,,,,,,,,,,,,,,,,,,,,,,,,,,,
725,2.2083210238995696e-06,2.2083210238995696e-05,1.0,84.58469040329392,4.82005804938239,3.1121485942118876,3.1121485942118876,3.175915073704075,0.0,0.0,0.2899253175065324,1.7251320916253168,0.09044611131822741,1.691655751821157,0.08238820127538733,0.020566956416980642,0.0,1.3342163498337205,378.5206397804054,0.24905253745414116,378.2715635557432,0.0,0.0,0.0,0.0,0.0,2.0546247959136963,56.8875617980957,17.382583618164062,53.75168228149414,98.86447143554688,1.0076385736465454,0.7543450593948364,0.25,4.0,0.6190852522850037,0.5581687688827515,0.13046558704453443,0.009919028340080972,4.255010604858398,4.09252405166626,0.038187108865630204,,0.7679873108863831,0.08520615100860596,,0.15026839077472687,,0.7894052267074585,0.07046423107385635,,0.14013059437274933,82.67311498621008,126.05636184880355,0.22722876330104988,3.2908238002232144,82.67311658869146,93.51779829498747,111.24929340474462,139.34544555957237,32.430141993931365,68.68104511822841,129.55741550611413,0.4889009018682799,0.6850307094427296,0.5600872495756335,0.529726690202179,0.0,0.6287032462047023,0.6608875642628922,0.6904300328734448,0.6252780774501852,0.8796123264079734,0.9667656003810781,0.9916089553332601,0.3796123264079734,0.16676560038107802,0.041608955333260145,7.328423289729215e-05,0.0,0.5769230769230769,0.4230769230769231,0.8946886446886447,0.9166572039926445,0.888287002978089,0.8788191408410178,-8.075456619262695,0.00031103281071409583
726,2.1967588539889385e-06,2.196758853988938e-05,1.0,84.21414432010135,4.730752068596917,3.107711585792335,3.107711585792335,3.1732899433857686,0.0,0.0,0.2870155025172878,1.7143326836663324,0.09006003431371741,1.6855270798141893,0.08035262855323586,0.021415840935062717,0.0,1.3481906169169657,377.1619774070946,0.22749702350513354,376.9345439189189,0.0,0.0,0.0,0.0,0.0,3.3708572387695312,50.80851364135742,9.863759994506836,45.618465423583984,98.09510803222656,1.004504680633545,0.681412398815155,0.25,4.0,0.6087306141853333,0.5236057043075562,0.11437246963562753,0.008906882591093117,4.059091567993164,3.5069847106933594,0.13601734478061286,,0.7522335052490234,0.09426984935998917,,0.15663807094097137,,0.7693651914596558,0.08364592492580414,,0.14698883891105652,,,,,,,,,,,,,,,,,,,,,,,,,,,,,,,,,,,,
727,2.185227430182751e-06,2.1852274301827512e-05,1.0,83.97617319467905,4.742224203573691,3.0942102380701013,3.0942102380701013,3.154116656329181,0.0,0.0,0.28684582581391205,1.7057133236446895,0.09078703699885188,1.68301907101193,0.0801085394781989,0.021643498459377804,0.0,1.3484439334353886,375.99387668918916,0.22353131062275655,375.77027027027026,0.0,0.0,0.0,0.0,0.0,2.2830727100372314,53.12885665893555,15.072782516479492,44.91121292114258,102.4020004272461,1.0225626230239868,0.7287942171096802,0.25,4.0,0.6242862343788147,0.5540690422058105,0.17024291497975708,0.0018218623481781376,1.477113962173462,0.9951217174530029,0.32630674210894584,,0.7729464173316956,0.09195893257856369,,0.15308716893196106,,0.782469630241394,0.07669506967067719,,0.14083528518676758,,,,,,,,,,,,,,,,,,,,,,,,,,,,,,,,,,,,
728,2.173726868602316e-06,2.173726868602316e-05,1.0,83.64686708192568,4.722519745697847,3.135384018356736,3.135384018356736,3.1965099025417016,0.0,0.0,0.2900268193837759,1.6927117012642525,0.0893745551238189,1.6781896642736487,0.08005194406251649,0.02154379921990472,0.0,1.3539593670819257,374.24936655405406,0.2265317762220228,374.0228568412162,0.0,0.0,0.0,0.0,0.0,2.944657802581787,49.67049026489258,13.325089454650879,38.48969650268555,100.81439971923828,1.0072052478790283,0.6761881709098816,0.25,4.0,0.6038399934768677,0.5133137106895447,0.1187246963562753,0.003947368421052632,3.761274814605713,2.6393351554870605,0.29828707404254456,,0.7447513937950134,0.09810680896043777,,0.16249677538871765,,0.7626156210899353,0.08601343631744385,,0.15137095749378204,,,,,,,,,,,,,,,,,,,,,,,,,,,,,,,,,,,,
729,2.1622572850581607e-06,2.1622572850581607e-05,1.0,85.08514569256756,4.726805815825591,3.1093283988334037,3.1093283988334037,3.175548450366871,0.0,0.0,0.28871938344594594,1.7205498154098924,0.08961990717295054,1.695246309847445,0.08147282858152648,0.022058351619823557,0.0,1.33411912660341,381.5088946368243,0.2247805724272857,381.2841269003378,0.0,0.0,0.0,0.0,0.0,2.968480348587036,54.66652297973633,10.357340812683105,49.9067497253418,103.60908508300781,1.0126361846923828,0.7494597434997559,0.25,4.0,0.6249015927314758,0.5702754855155945,0.1536437246963563,0.007489878542510121,11.021917343139648,10.186229705810547,0.07582053206461914,,0.7755518555641174,0.08513590693473816,,0.1488288789987564,,0.7869123220443726,0.07421556860208511,,0.13887207210063934,,,,,,,,,,,,,,,,,,,,,,,,,,,,,,,,,,,,
730,2.150818795048866e-06,2.1508187950488663e-05,1.0,85.55516918285473,4.715888770850929,3.0948733767947636,3.0948733767947636,3.1552478687183276,0.0,0.0,0.28822244180215373,1.728417680070207,0.08975931116052575,1.7008381405392208,0.08043492162549817,0.0227117345139787,0.0,1.3323102384000212,383.9760610219595,0.22770536268079603,383.74838999155406,0.0,0.0,0.0,0.0,0.0,2.5405592918395996,51.66423416137695,15.161358833312988,45.70764923095703,96.95226287841797,1.009573221206665,0.6540977954864502,0.25,4.0,0.610873281955719,0.5027414560317993,0.10384615384615385,0.006477732793522267,2.6312220096588135,2.184502124786377,0.16977658412425717,,0.7551306486129761,0.0931207463145256,,0.15909789502620697,,0.7699061632156372,0.0808270275592804,,0.14926685392856598,89.28229946094555,135.70755030311423,0.24456959985478696,27.811459174522987,89.28230183963768,100.28397279286207,117.5982270087195,145.5907830677172,35.77047838483538,74.08743061390958,140.03710008704144,0.5004203162339503,0.6990219751101157,0.5633166706683359,0.5379925297016317,0.0,0.6463476136479702,0.6791772109862094,0.702404213780707,0.6288529971864697,0.874207614231798,0.9655197684218241,0.9915723132168114,0.37420761423179805,0.16551976842182403,0.04157231321681143,7.328423289729215e-05,0.0,0.6593406593406593,0.34065934065934067,0.8910256410256411,0.9659007489681244,0.9320901720733433,0.9186807703022118,-8.075539588928223,0.00031100702472031116
731,2.1394115137598965e-06,2.1394115137598964e-05,1.0,83.19601852829392,4.701163627005912,3.132977666081609,3.132977666081609,3.204910896919869,0.0,0.0,0.2884347760999525,1.6996920817607157,0.0913707243429648,1.6819717819626268,0.07936675484116013,0.021365267199438973,0.0,1.3611447102314718,372.10623416385135,0.23279507095749313,371.87341638513516,0.0,0.0,0.0,0.0,0.0,3.680283546447754,59.19810104370117,9.177886009216309,52.86671447753906,118.32528686523438,1.0120009183883667,0.7589079141616821,0.25,4.0,0.6378479599952698,0.5997353792190552,0.1409919028340081,0.006275303643724696,11.704009056091309,10.693849563598633,0.08630884405945859,,0.7940533757209778,0.08050430566072464,,0.13354144990444183,,0.8011012077331543,0.07155808806419373,,0.12734077870845795,,,,,,,,,,,,,,,,,,,,,,,,,,,,,,,,,,,,
732,2.128035556062449e-06,2.1280355560624488e-05,1.0,83.27812236064189,4.643892855257602,3.137037947371199,3.137037947371199,3.205438768541491,0.0,0.0,0.29046656634356527,1.6935589764569257,0.09138145962276974,1.6744719840384819,0.08122860418783652,0.02061678751094921,0.0,1.34632193075644,372.7909892314189,0.19618851429707296,372.5948057432432,0.0,0.0,0.0,0.0,0.0,1.9508860111236572,58.475215911865234,18.75472068786621,55.45794677734375,99.63988494873047,1.015879511833191,0.7699137926101685,0.25,4.0,0.6328334212303162,0.5771059989929199,0.16285425101214576,0.008704453441295546,6.656166076660156,6.588969707489014,0.010095356455537764,,0.7874384522438049,0.07870190590620041,,0.1451626718044281,,0.8019928336143494,0.06534972786903381,,0.13265740871429443,,,,,,,,,,,,,,,,,,,,,,,,,,,,,,,,,,,,
733,2.1166910365122932e-06,2.1166910365122933e-05,1.0,82.59512906461148,4.680160110061233,3.1543552295581714,3.1543552295581714,3.2209181914458402,0.0,0.0,0.28918923558415593,1.695432405214052,0.09181027799039274,1.6703802572714317,0.07890520869074641,0.02061359302417652,0.0,1.355488648285737,369.1167652027027,0.21369757523407806,368.90308277027026,0.0,0.0,0.0,0.0,0.0,2.736844778060913,48.7890510559082,12.817113876342773,43.78524398803711,92.87458038330078,1.0190057754516602,0.6970537304878235,0.25,4.0,0.6143761873245239,0.52754807472229,0.16791497975708503,0.0008097165991902834,2.5456442832946777,2.1396026611328125,0.1595044621223942,,0.7587605118751526,0.09682673960924149,,0.15917885303497314,,0.766205906867981,0.08371420949697495,,0.1500799059867859,,,,,,,,,,,,,,,,,,,,,,,,,,,,,,,,,,,,
734,2.105378069348612e-06,2.1053780693486118e-05,1.0,83.43371252111487,4.6787612502639355,3.1533996994430953,3.1533996994430953,3.22018948116818,0.0,0.0,0.28979244747677363,1.6986154092324746,0.09095084989393079,1.6707979150720544,0.07782488900261957,0.02049903289691822,0.0,1.3443366385794975,373.3223711993243,0.21590463535205737,373.1064189189189,0.0,0.0,0.0,0.0,0.0,2.871190071105957,52.03325653076172,10.772031784057617,47.90120315551758,97.33171844482422,1.0039973258972168,0.7991423606872559,0.25,4.0,0.6095142960548401,0.5880599617958069,0.15253036437246964,0.006882591093117409,4.261002540588379,3.5378293991088867,0.16971901203786494,,0.7529472708702087,0.09633857756853104,,0.15289199352264404,,0.7732243537902832,0.08214596658945084,,0.14462971687316895,,,,,,,,,,,,,,,,,,,,,,,,,,,,,,,,,,,,
735,2.094096768492861e-06,2.094096768492861e-05,1.0,83.7959182326858,4.688940512167441,3.1361137596336572,3.1361137596336572,3.201661187249261,0.0,0.0,0.28825940312565984,1.7032508850097656,0.0900086261130668,1.6843518437565983,0.08023993389026539,0.02212223330059567,0.0,1.3392161807498417,375.14907094594594,0.21849758560593063,374.9305320945946,0.0,0.0,0.0,0.0,0.0,1.89150071144104,58.63223648071289,19.543764114379883,52.815086364746094,105.65259552001953,1.0042939186096191,0.6885607242584229,0.25,4.0,0.6239029765129089,0.5240105986595154,0.09180161943319838,0.00931174089068826,0.9212054014205933,0.7037410736083984,0.23606497256403677,,0.7755816578865051,0.08037132769823074,,0.14495310187339783,,0.7973859906196594,0.06787709146738052,,0.13473691046237946,86.7648536346771,130.62422528797418,0.24383906208761505,19.299334054464822,86.764849801966,96.62493197711773,114.48115104288229,142.5319821874644,39.66363525390625,73.0305553702421,132.44817982549253,0.507034985319427,0.6933782112571261,0.5608908422871302,0.5358841374560572,0.0,0.6391174091987779,0.6771136539366152,0.7071473398951663,0.6266000398736158,0.876076362170679,0.9662159686343483,0.9916272763914844,0.37607636217067897,0.1662159686343483,0.04162727639148445,7.328423289729215e-05,0.0,0.6428571428571429,0.35714285714285715,0.8992673992673992,0.9462703362434775,0.9142550939878265,0.9022847608059317,-8.075506210327148,0.00031101738568395376
736,2.0828472475476154e-06,2.082847247547615e-05,1.0,84.04970571157095,4.706187892604518,3.1640125996357686,3.1640125996357686,3.238108866923564,0.0,0.0,0.28909531155148066,1.7168286297772382,0.09126797882286278,1.6777331378008868,0.08014323260333087,0.021294002597396437,0.0,1.3506098566828548,376.1805848817568,0.20481648316254486,375.97577069256755,0.0,0.0,0.0,0.0,0.0,3.0854380130767822,50.80738067626953,11.554449081420898,45.7970085144043,95.44915771484375,1.0058356523513794,0.6275475025177002,0.25,4.0,0.6070017218589783,0.48500725626945496,0.0867408906882591,0.010222672064777328,4.6356000900268555,4.191650867462158,0.09576952583114764,,0.7497963905334473,0.09465570747852325,,0.15908746421337128,,0.764650285243988,0.0842241421341896,,0.15112558007240295,,,,,,,,,,,,,,,,,,,,,,,,,,,,,,,,,,,,
737,2.071629619795425e-06,2.071629619795425e-05,1.0,84.73102961359797,4.7916672165329395,3.065153173498205,3.065153173498205,3.112806577940245,0.0,0.0,0.2878100163227803,1.7198027533453863,0.09019749229018753,1.7013151838972762,0.08127724157797324,0.021063598426612647,0.0,1.3403428567422402,379.63120249155406,0.22490674096184807,379.4063027871622,0.0,0.0,0.0,0.0,0.0,2.1305196285247803,54.42677688598633,18.503664016723633,47.807735443115234,98.09510803222656,1.0114061832427979,0.6695519685745239,0.25,4.0,0.6150993704795837,0.48804140090942383,0.11093117408906883,0.0008097165991902834,1.7302311658859253,1.4266560077667236,0.1754535255777588,,0.7611992359161377,0.09066791087388992,,0.15785528719425201,,0.7810001373291016,0.07505597174167633,,0.1439439058303833,,,,,,,,,,,,,,,,,,,,,,,,,,,,,,,,,,,,
738,2.0604439981976754e-06,2.0604439981976753e-05,1.0,83.27506070523648,4.697949383709882,3.12944896801098,3.12944896801098,3.193258337072424,0.0,0.0,0.2891582540563635,1.7024024757179055,0.0901771558297647,1.6878299197635136,0.0805765422614845,0.02035902803008621,0.0,1.3436180320945945,372.5274493243243,0.21809152654699376,372.3094119510135,0.0,0.0,0.0,0.0,0.0,1.73565673828125,57.75927734375,18.110363006591797,51.140193939208984,105.65259552001953,1.012923240661621,0.7555846571922302,0.25,4.0,0.6303353309631348,0.5755646228790283,0.15597165991902834,0.006275303643724696,0.7692016959190369,0.5759060382843018,0.2512938526530246,,0.7838164567947388,0.08018177002668381,,0.14644135534763336,,0.8016583323478699,0.06649446487426758,,0.13184721767902374,,,,,,,,,,,,,,,,,,,,,,,,,,,,,,,,,,,,
739,2.0492904953934527e-06,2.049290495393453e-05,1.0,83.99468169341216,4.82840007060283,3.104509920687289,3.104509920687289,3.167706669987859,0.0,0.0,0.2906113444147883,1.7043432287267737,0.09117207656035552,1.7048754305452913,0.08225580163904138,0.021183205617440713,0.0,1.3424370224411424,375.5703125,0.22968199446394638,375.34063555743245,0.0,0.0,0.0,0.0,0.0,2.2813212871551514,62.261966705322266,12.817113876342773,56.995296478271484,119.25332641601562,1.0020933151245117,0.7080103158950806,0.25,4.0,0.633449912071228,0.5534980297088623,0.10242914979757085,0.0069838056680161945,28.21845054626465,28.20208168029785,0.0005800767104472951,,0.7890393137931824,0.07787829637527466,,0.13308797776699066,,0.8079736232757568,0.06692935526371002,,0.12509697675704956,,,,,,,,,,,,,,,,,,,,,,,,,,,,,,,,,,,,
740,2.0381692236984092e-06,2.038169223698409e-05,1.0,83.77420291385135,4.73296747980891,3.160559370711043,3.160559370711043,3.2332540976034627,0.0,0.0,0.2877856331902581,1.7133896286423143,0.08980480400291649,1.6880488009066195,0.07711360905621503,0.02137253252235619,0.0,1.3603089822305214,374.6886085304054,0.20975817860783758,374.4789115287162,0.0,0.0,0.0,0.0,0.0,3.144956588745117,51.068546295166016,10.236674308776855,43.529441833496094,103.60908508300781,1.018871784210205,0.8020685911178589,0.25,4.0,0.6222231984138489,0.5897016525268555,0.20111336032388663,0.011538461538461539,7.231664657592773,6.747686386108398,0.06692487752128129,,0.7699066400527954,0.09401848167181015,,0.15125077962875366,,0.7809754610061646,0.07867207378149033,,0.14035248756408691,83.14013751522525,125.5871225501759,0.23001758397980632,2.5197733365572414,83.14013662527763,94.03039537118526,111.45475519017364,139.30837632694463,33.78687177385603,69.3467613634213,129.33184151027513,0.5122812126597454,0.6907123822008514,0.5600259760553322,0.5335993297775384,0.0,0.6360485857276722,0.6682305111357003,0.7009972713411977,0.6229222791857327,0.8798871422813381,0.9666373529735077,0.9916455974497087,0.37988714228133813,0.16663735297350768,0.04164559744970875,7.328423289729215e-05,0.0,0.5714285714285714,0.42857142857142855,0.880952380952381,0.9156064268324401,0.888868184043811,0.8799516359692091,-8.075675964355469,0.0003109646204393357
741,2.027080295103623e-06,2.0270802951036228e-05,1.0,83.79511982685811,4.711170505832982,3.1517346356366134,3.1517346356366134,3.21829553552576,0.0,0.0,0.28871425422462255,1.698590355950433,0.09070618732555492,1.682906588992557,0.08120483321112555,0.021154091164872452,0.0,1.3495984464078337,374.9562130489865,0.222734631718816,374.7335040118243,0.0,0.0,0.0,0.0,0.0,2.0961506366729736,58.13419723510742,14.467069625854492,54.491615295410156,107.3163833618164,1.001588225364685,0.6431746482849121,0.25,4.0,0.6214365363121033,0.5161087512969971,0.08846153846153847,0.008299595141700405,1.4745757579803467,1.1091556549072266,0.24781371936672683,,0.7722554802894592,0.08109542727470398,,0.14469648897647858,,0.7932578921318054,0.07181171327829361,,0.13493038713932037,,,,,,,,,,,,,,,,,,,,,,,,,,,,,,,,,,,,
742,2.0160238212744837e-06,2.0160238212744835e-05,1.0,83.86691036739865,4.715486681139147,3.1056984566353463,3.1056984566353463,3.161323959762986,0.0,0.0,0.288985149280445,1.699601766225454,0.0908866379712079,1.6922264099121094,0.07909314696853226,0.02098868988655709,0.0,1.3448343019227724,375.5191353462838,0.21234821628879857,375.30682538006755,0.0,0.0,0.0,0.0,0.0,1.5559903383255005,65.80120086669922,20.235179901123047,62.84208679199219,115.1336669921875,1.01307213306427,0.8245120048522949,0.25,4.0,0.643928050994873,0.6190839409828186,0.16336032388663968,0.010121457489878543,1.4863615036010742,1.4312416315078735,0.03708375920639718,,0.8035789728164673,0.07304756343364716,,0.13420629501342773,,0.8208975791931152,0.05823475494980812,,0.12086763232946396,,,,,,,,,,,,,,,,,,,,,,,,,,,,,,,,,,,,
743,2.0049999135495625e-06,2.0049999135495622e-05,1.0,83.27224319045608,4.63796667150549,3.1537848807669975,3.1537848807669975,3.2265396118164062,0.0,0.0,0.28977151819177577,1.6871582237449851,0.09118489316991858,1.6654581636995882,0.08148529722883895,0.021141532305124645,0.0,1.3469709447912268,372.7235008445946,0.192424116907893,372.53106524493245,0.0,0.0,0.0,0.0,0.0,3.191956043243408,54.64219284057617,12.087688446044922,49.80937194824219,102.00276947021484,1.0039616823196411,0.7590442895889282,0.25,4.0,0.6189326643943787,0.5670833587646484,0.15030364372469635,0.012550607287449392,33.59273910522461,33.33102798461914,0.007790705002819058,,0.7675203680992126,0.08704910427331924,,0.14711718261241913,,0.7837026715278625,0.07599824666976929,,0.14029906690120697,,,,,,,,,,,,,,,,,,,,,,,,,,,,,,,,,,,,
744,1.994008682939484e-06,1.994008682939484e-05,1.0,83.27817514780405,4.666675052127323,3.1752067772117822,3.1752067772117822,3.255300573400549,0.0,0.0,0.28890650981181376,1.6887355495143581,0.09046466286117966,1.6841129612278294,0.08140333923133644,0.020975671909950876,0.0,1.3445765521075275,372.48569467905406,0.20721150733329155,372.2784786739865,0.0,0.0,0.0,0.0,0.0,2.816513776779175,52.500877380371094,12.1326322555542,45.26345443725586,103.60908508300781,1.01249361038208,0.6144900918006897,0.25,4.0,0.6156834959983826,0.4805382490158081,0.12327935222672065,0.00010121457489878542,2.7765164375305176,2.4732816219329834,0.10921412583720792,,0.7614682912826538,0.09303314238786697,,0.15644261240959167,,0.7755920886993408,0.08082639425992966,,0.1435815393924713,,,,,,,,,,,,,,,,,,,,,,,,,,,,,,,,,,,,
745,1.9830502401258196e-06,1.9830502401258194e-05,1.0,84.34602644636824,4.965920938027872,3.132200086438978,3.132200086438978,3.1940953022724874,0.0,0.0,0.28869582511283254,1.7251084817422402,0.09077182331600704,1.6768781301137563,0.07847162839528676,0.02027253685770808,0.0,1.3473514866184544,376.52227618243245,0.22219436233108109,376.30001583614865,0.0,0.0,0.0,0.0,0.0,3.6709964275360107,45.05459213256836,9.28607177734375,37.671592712402344,93.23808288574219,1.02009916305542,0.7104453444480896,0.25,4.0,0.6047417521476746,0.5182772278785706,0.17327935222672064,0.0008097165991902834,3.5582544803619385,2.568077802658081,0.27827595894803414,,0.7433962821960449,0.10845284909009933,,0.1642923504114151,,0.7546108961105347,0.09197133034467697,,0.15341778099536896,84.36394358205271,127.43489432986009,0.2348678809184475,17.376569140088428,84.36394392255646,96.05196748892145,113.91856784979859,142.27541465056655,32.836032322474885,72.1030300051667,126.58901380456012,0.5040750354777519,0.6968072571354543,0.5637121455492157,0.5398049480115246,0.0,0.644144039946008,0.6763139737137172,0.7036817989283815,0.6249372334986729,0.8768824887325491,0.9666007108570591,0.9919204133230736,0.37688248873254915,0.16660071085705908,0.04192041332307361,7.328423289729215e-05,0.0,0.6318681318681318,0.36813186813186816,0.8864468864468865,0.9374828994437888,0.9064905636094429,0.8947694330261304,-8.07580280303955,0.0003109251556452364
746,1.9721246954599686e-06,1.9721246954599687e-05,1.0,84.32048405827703,4.714853647592905,3.12002233556799,3.12002233556799,3.1874373152449325,0.0,0.0,0.2888624603683884,1.7128711391139675,0.09151410412144016,1.6888208131532412,0.07949287182575948,0.02185237407684326,0.0,1.3417185190561656,377.7078494510135,0.22238313829576647,377.4854835304054,0.0,0.0,0.0,0.0,0.0,1.596107006072998,65.64641571044922,18.828125,65.34542846679688,113.83668518066406,1.0104402303695679,0.8386632204055786,0.25,4.0,0.6429572701454163,0.6215237975120544,0.17186234817813764,0.008502024291497975,2.8759055137634277,2.815739154815674,0.020920839944084196,,0.802493691444397,0.07288553565740585,,0.13176554441452026,,0.8237236738204956,0.0573277622461319,,0.1189485490322113,,,,,,,,,,,,,,,,,,,,,,,,,,,,,,,,,,,,
747,1.961232158962042e-06,1.961232158962042e-05,1.0,83.64189189189189,4.730873726509713,3.136162010399071,3.136162010399071,3.1972746977934965,0.0,0.0,0.28871422844964106,1.706315530313028,0.09108562082857699,1.6869330535063873,0.07954400294535868,0.021978753644066887,0.0,1.361710110226193,374.15801836993245,0.22277404166556694,373.9352565456081,0.0,0.0,0.0,0.0,0.0,2.235342264175415,55.05006790161133,14.723621368408203,47.76109313964844,103.60908508300781,1.018385410308838,0.7385000586509705,0.25,4.0,0.6269745826721191,0.5497420430183411,0.1659919028340081,0.005870445344129555,3.781482458114624,3.655651569366455,0.033275544747841,,0.7776799201965332,0.08705569803714752,,0.15052379667758942,,0.7921024560928345,0.07115662097930908,,0.13674095273017883,,,,,,,,,,,,,,,,,,,,,,,,,,,,,,,,,,,,
748,1.9503727403197623e-06,1.9503727403197625e-05,1.0,84.01606049408784,4.773593799487965,3.1152698413745776,3.1152698413745776,3.174913148622255,0.0,0.0,0.2898881757581556,1.7046118040342588,0.09086232571988492,1.7006890580460832,0.08020799224441116,0.021255151645557302,0.0,1.3460962450182117,375.90759607263516,0.22704469835436022,375.6805320945946,0.0,0.0,0.0,0.0,0.0,2.0338151454925537,58.821495056152344,17.21365737915039,49.80937194824219,112.90678405761719,1.0037815570831299,0.7191697955131531,0.25,4.0,0.6193808913230896,0.5472590923309326,0.1013157894736842,0.004554655870445344,1.0773812532424927,0.8264855146408081,0.23287553764889388,,0.7686124444007874,0.08487682789564133,,0.14697150886058807,,0.7911787629127502,0.07173614948987961,,0.13708510994911194,,,,,,,,,,,,,,,,,,,,,,,,,,,,,,,,,,,,
749,1.9395465488873565e-06,1.9395465488873565e-05,1.0,83.31173458614865,4.72334825670397,3.1252024882548564,3.1252024882548564,3.18946343499261,0.0,0.0,0.29043607454042175,1.6902407053354624,0.09153632215551429,1.6847093943003062,0.08172345161437988,0.020551647688891436,0.0,1.3502800400192674,372.6117504222973,0.23174927685711835,372.3799883868243,0.0,0.0,0.0,0.0,0.0,2.9274845123291016,55.33795928955078,10.43857479095459,47.667903900146484,112.46659851074219,1.018026351928711,0.827295184135437,0.25,4.0,0.6287455558776855,0.6006101369857788,0.21336032388663967,0.014068825910931174,5.846161365509033,5.356111526489258,0.08382420675401697,,0.779607892036438,0.09003859013319016,,0.1436517983675003,,0.7940378785133362,0.07372044026851654,,0.13224168121814728,,,,,,,,,,,,,,,,,,,,,,,,,,,,,,,,,,,,
750,1.9287536936844493e-06,1.928753693684449e-05,1.0,84.65282543285473,4.680688394082559,3.127181594436233,3.127181594436233,3.1966241372598185,0.0,0.0,0.2870938069111592,1.7223289077346389,0.0909935203758446,1.701633659568993,0.08420570476635082,0.024161562726304337,0.0,1.3325009732633024,379.47584987331084,0.22628325385016365,379.2496040962838,0.0,0.0,0.0,0.0,0.0,2.8314969539642334,54.18180465698242,12.767145156860352,47.158565521240234,102.80279541015625,1.0111478567123413,0.6891427040100098,0.25,4.0,0.6200632452964783,0.5427547693252563,0.11629554655870446,0.0075910931174089065,7.603243827819824,7.166520118713379,0.05743912979727137,,0.7686590552330017,0.08750282227993011,,0.15119808912277222,,0.7805442810058594,0.07670470327138901,,0.14275097846984863,85.61863318642418,129.195184070121,0.23534721900488245,9.38610835651775,85.61863598378922,96.73053854587168,114.11394226276872,141.77140360074426,32.45295933314732,72.08383196453715,131.6653521993886,0.5257855817258269,0.6949612452987308,0.560926858393443,0.5342275837250993,0.0,0.6421075227542614,0.6708622573314976,0.7017592559223464,0.6254244943379611,0.8781099996335788,0.9663808581583673,0.9917738448572789,0.37810999963357883,0.16638085815836723,0.041773844857278974,7.328423289729215e-05,0.0,0.5769230769230769,0.4230769230769231,0.8727106227106226,0.9328200365979593,0.9052105672903114,0.895348884165287,-8.075489044189453,0.0003110227407887578
751,1.9179942833949734e-06,1.917994283394973e-05,1.0,84.44844673775337,4.811273110879434,3.0966077237515837,3.0966077237515837,3.1568123069969385,0.0,0.0,0.2874705340411212,1.713593663396062,0.09039096574525575,1.7066651421624262,0.08103307517799171,0.022128833306802285,0.0,1.339543935414907,377.96465899493245,0.23724092019570842,377.7274334881757,0.0,0.0,0.0,0.0,0.0,2.185673236846924,56.72246170043945,15.310144424438477,52.918338775634766,100.4213638305664,1.0125977993011475,0.732542097568512,0.25,4.0,0.6253482103347778,0.5556847453117371,0.14159919028340082,0.006376518218623482,6.3251519203186035,5.982651233673096,0.05414900558281859,,0.7763358354568481,0.08416610211133957,,0.14916367828845978,,0.7922719120979309,0.07008993625640869,,0.1376381516456604,,,,,,,,,,,,,,,,,,,,,,,,,,,,,,,,,,,,
752,1.9072684263660734e-06,1.9072684263660734e-05,1.0,83.39473580025337,4.744402086412585,3.126465874749261,3.126465874749261,3.191096744021854,0.0,0.0,0.28940425048003326,1.70096340694943,0.09009684098733438,1.6929190352156356,0.07616261533788733,0.021107535104493837,0.0,1.343498333080395,372.91472233952703,0.22121522233292862,372.69354413006755,0.0,0.0,0.0,0.0,0.0,3.451059579849243,50.94425964355469,8.791875839233398,44.04254913330078,105.24069213867188,1.0218045711517334,0.8236365914344788,0.25,4.0,0.631479024887085,0.630172848701477,0.19291497975708502,0.01305668016194332,22.319324493408203,22.46668815612793,-0.006602514460652651,,0.7831069827079773,0.09026792645454407,,0.14286810159683228,,0.7787456512451172,0.08056290447711945,,0.14069139957427979,,,,,,,,,,,,,,,,,,,,,,,,,,,,,,,,,,,,
753,1.8965762306070068e-06,1.8965762306070067e-05,1.0,83.75374129011824,4.658221270586993,3.1153537647144214,3.1153537647144214,3.1782599784232475,0.0,0.0,0.2886003545812658,1.698618914629962,0.0908457459630193,1.682440474226668,0.08103380332121977,0.021281643493755442,0.0,1.3427362184266787,375.1986380912162,0.19184702795905037,375.0067567567568,0.0,0.0,0.0,0.0,0.0,2.103062629699707,57.151329040527344,14.984723091125488,48.845970153808594,110.29129791259766,1.0104104280471802,0.7089309692382812,0.25,4.0,0.6250470280647278,0.5435234904289246,0.11194331983805668,0.002631578947368421,2.094038963317871,1.8453664779663086,0.11875255891015361,,0.7756940722465515,0.08610416948795319,,0.14525987207889557,,0.791900634765625,0.07236792147159576,,0.13573142886161804,,,,,,,,,,,,,,,,,,,,,,,,,,,,,,,,,,,,
754,1.8859178037880698e-06,1.88591780378807e-05,1.0,83.83940825591216,4.705059567013302,3.123695785934861,3.123695785934861,3.1878466219515413,0.0,0.0,0.2884904758350269,1.6988687257508974,0.09061445416630926,1.6788894034720756,0.07909436483640929,0.021089047998995393,0.0,1.3508244076290645,375.35776499155406,0.19894822868140968,375.15883657094594,0.0,0.0,0.0,0.0,0.0,1.9731427431106567,59.17155838012695,18.036239624023438,55.241737365722656,103.20514678955078,1.0017205476760864,0.7373932600021362,0.25,4.0,0.6195861101150513,0.5496177077293396,0.1048582995951417,0.014473684210526316,14.335395812988281,14.274164199829102,0.00427135838856309,,0.7694861888885498,0.08214779198169708,,0.1475391983985901,,0.7955632209777832,0.0680226981639862,,0.1364140510559082,,,,,,,,,,,,,,,,,,,,,,,,,,,,,,,,,,,,
755,1.875293253239499e-06,1.875293253239499e-05,1.0,85.07876504434121,4.726881284971495,3.1201324462890625,3.1201324462890625,3.1885971894135348,0.0,0.0,0.2876754193692594,1.7250257956015098,0.09036420487068794,1.6942153105864655,0.08173521789344582,0.02213003345437952,0.0,1.3273501009554476,381.4224028716216,0.21176798279220993,381.2105415962838,0.0,0.0,0.0,0.0,0.0,3.1065313816070557,49.61638259887695,12.206311225891113,37.59808349609375,105.65259552001953,1.0084867477416992,0.6026261448860168,0.25,4.0,0.5996784567832947,0.47433486580848694,0.08785425101214575,0.0011133603238866396,3.9079909324645996,3.4612035751342773,0.11432661054015111,,0.7380489706993103,0.10304145514965057,,0.166397824883461,,0.7559733986854553,0.08944406360387802,,0.15458254516124725,85.22066803816911,128.73754944837088,0.23836093842263992,11.063506702800373,85.22066565625457,96.87802687605742,114.19528311272222,142.14355023179598,34.14851597377232,72.80161770369655,127.81985407290252,0.5429030050751131,0.691531408362444,0.5581262407220309,0.5302128636592005,0.0,0.6375799046401339,0.6679830534747343,0.694837734184138,0.626932998642521,0.8777618995273166,0.9656846579458429,0.9914807079256898,0.37776189952731665,0.16568465794584286,0.04148070792568981,9.160529112161518e-05,0.0,0.5824175824175825,0.4175824175824176,0.8708791208791209,0.9355311000740135,0.9081898081106144,0.8984498728762617,-8.075663566589355,0.00031096849124878645
756,1.864702685950403e-06,1.864702685950403e-05,1.0,83.31337098817568,4.818142040355785,3.131248680320946,3.131248680320946,3.19540075353674,0.0,0.0,0.2893164608929608,1.706568228231894,0.09169881408279007,1.6879216786977407,0.08130759806246371,0.021186691683691902,0.0,1.34439416833826,372.1009818412162,0.2351556210904508,371.8657886402027,0.0,0.0,0.0,0.0,0.0,3.953687906265259,46.098121643066406,9.44890308380127,38.79157638549805,95.8227310180664,1.0196350812911987,0.7495471239089966,0.25,4.0,0.6080529093742371,0.540876567363739,0.16740890688259108,0.004251012145748988,13.551973342895508,13.266069412231445,0.02109684866034251,,0.7484320402145386,0.10511752963066101,,0.16430039703845978,,0.7569676637649536,0.08951867371797562,,0.15351371467113495,,,,,,,,,,,,,,,,,,,,,,,,,,,,,,,,,,,,
757,1.8541462085676737e-06,1.8541462085676737e-05,1.0,84.9359031883446,4.804408305400127,3.1336463722022803,3.1336463722022803,3.2014562245961784,0.0,0.0,0.2904364353901631,1.7267136444916595,0.09026315405562117,1.6973563529349662,0.08112337782576277,0.021500427980680723,0.0,1.3384013820338894,380.2403663429054,0.24292778324436498,379.99741342905406,0.0,0.0,0.0,0.0,0.0,3.106248378753662,57.119911193847656,11.577037811279297,46.51820755004883,114.23768615722656,0.9998213052749634,0.7773195505142212,0.25,4.0,0.6149987578392029,0.5713111162185669,0.10293522267206477,0.01609311740890688,9.402690887451172,8.211941719055176,0.12663919112614555,,0.7620280981063843,0.08897549659013748,,0.1468382626771927,,0.7869088649749756,0.07648913562297821,,0.136601984500885,,,,,,,,,,,,,,,,,,,,,,,,,,,,,,,,,,,,
758,1.8436239273949235e-06,1.8436239273949234e-05,1.0,83.57763012035473,4.891583416913007,3.1352091608820736,3.1352091608820736,3.1984877715239652,0.0,0.0,0.28765454163422455,1.7124504914154877,0.09251961192569218,1.6769065856933594,0.08282645972999367,0.0219951690854253,0.0,1.351409912109375,373.0380595439189,0.20983762998838681,372.8282041807432,0.0,0.0,0.0,0.0,0.0,2.2045536041259766,58.28566360473633,14.382550239562988,53.96206283569336,106.06610870361328,1.0151832103729248,0.7080676555633545,0.25,4.0,0.6319561004638672,0.5503070950508118,0.13653846153846153,0.002125506072874494,5.65571403503418,5.552757740020752,0.018203942840049468,,0.7858327627182007,0.08104736357927322,,0.1437753289937973,,0.7955935001373291,0.06932692974805832,,0.13507956266403198,,,,,,,,,,,,,,,,,,,,,,,,,,,,,,,,,,,,
759,1.833135948391408e-06,1.833135948391408e-05,1.0,84.6524559227196,4.755546363624367,3.094998127705342,3.094998127705342,3.1523841651710303,0.0,0.0,0.2886143503962336,1.727108723408467,0.09072584074896735,1.7027519844673775,0.08220712558643238,0.022372986819293048,0.0,1.344690683725718,379.25424936655406,0.22614288330078125,379.02813555743245,0.0,0.0,0.0,0.0,0.0,3.1639010906219482,57.55192184448242,10.414152145385742,48.65553665161133,115.17855072021484,0.9946215748786926,0.7476946711540222,0.25,4.0,0.6152552962303162,0.5539705753326416,0.12378542510121457,0.006781376518218624,19.40549087524414,19.39238166809082,0.0006755411258389714,,0.7636415362358093,0.08404369652271271,,0.14430522918701172,,0.790594220161438,0.07397643476724625,,0.13542932271957397,,,,,,,,,,,,,,,,,,,,,,,,,,,,,,,,,,,,
760,1.8226823771709567e-06,1.8226823771709566e-05,1.0,83.12503959037163,4.764563070761191,3.1035244915936446,3.1035244915936446,3.1628916972392314,0.0,0.0,0.289307181899612,1.6956743807406038,0.09224894884470347,1.6867914973078548,0.08051725336023279,0.021423584706074483,0.0,1.3574100185084987,371.5760663006757,0.21603169312348236,371.36014041385135,0.0,0.0,0.0,0.0,0.0,2.3047549724578857,58.714073181152344,14.981800079345703,50.69266891479492,113.79232025146484,1.0041368007659912,0.7405999898910522,0.25,4.0,0.6245301365852356,0.5778655409812927,0.12692307692307692,0.015182186234817813,7.0910234451293945,6.924991130828857,0.0234144359534701,,0.7764649987220764,0.08014935255050659,,0.14445658028125763,,0.7927257418632507,0.07103530317544937,,0.1362389624118805,88.47336532257415,135.03004129995517,0.24700759256110025,20.45786868084918,88.47336603477844,99.4693993765426,116.86941127793098,144.79573514789016,35.77876826695034,75.60525394410126,132.57876852284306,0.5492781439323111,0.6941296834390942,0.5587886840629435,0.5317146237869685,0.0,0.6408044159822469,0.6691714263127905,0.7001107622993332,0.6291968928881159,0.8748488512696493,0.9654281631307025,0.9914807079256898,0.3748488512696493,0.1654281631307024,0.04148070792568981,9.160529112161518e-05,0.0,0.5934065934065934,0.4065934065934066,0.8754578754578753,0.9547906976479751,0.9249251868043628,0.9137633669671121,-8.075623512268066,0.000310980889480561
761,1.8122633190009165e-06,1.8122633190009163e-05,1.0,83.51444388724663,4.732626012853674,3.16291314202386,3.16291314202386,3.232017723289696,0.0,0.0,0.2895906551464184,1.700096336570946,0.0903995874765757,1.6826870892498944,0.07909878524574074,0.019864137108261522,0.0,1.3548673681310706,373.39123205236484,0.22490204991521062,373.1663059543919,0.0,0.0,0.0,0.0,0.0,2.3940160274505615,60.13423538208008,11.828454971313477,55.241737365722656,113.79232025146484,0.9981576800346375,0.718262255191803,0.25,4.0,0.6250247359275818,0.556236982345581,0.10334008097165992,0.012550607287449392,11.849193572998047,11.5757474899292,0.023077189294297362,,0.7778319716453552,0.07811545580625534,,0.13945046067237854,,0.8037994503974915,0.06736399233341217,,0.1288365125656128,,,,,,,,,,,,,,,,,,,,,,,,,,,,,,,,,,,,
762,1.80187887880109e-06,1.80187887880109e-05,1.0,83.73460594383445,4.740896688925253,3.1256594271273226,3.1256594271273226,3.187092961491765,0.0,0.0,0.2867664130958351,1.7001453090358425,0.09021145588642843,1.6838247969343856,0.07841898943926837,0.020688182598835713,0.0,1.3457383851747255,374.64624683277026,0.2049006513647131,374.4413798564189,0.0,0.0,0.0,0.0,0.0,2.7848474979400635,55.72745895385742,9.943060874938965,51.49095916748047,106.10746002197266,1.0115864276885986,0.6387379169464111,0.25,4.0,0.6263450384140015,0.5114567875862122,0.09726720647773279,0.0010121457489878543,5.882965087890625,5.431000709533691,0.07682594943275252,,0.7776064872741699,0.08481303602457047,,0.14639641344547272,,0.7876629829406738,0.07460790872573853,,0.13772913813591003,,,,,,,,,,,,,,,,,,,,,,,,,,,,,,,,,,,,
763,1.7915291611426706e-06,1.7915291611426704e-05,1.0,84.76218063766892,4.6946609084670605,3.07260461755701,3.07260461755701,3.126733109757707,0.0,0.0,0.2874356089411555,1.7220591983279667,0.09136390041660618,1.705731675431535,0.08687765533859665,0.022789354259903367,0.0,1.3274307250976562,380.2164009712838,0.21632485776334195,379.9999736064189,0.0,0.0,0.0,0.0,0.0,2.149763822555542,62.46709060668945,19.543764114379883,56.551753997802734,110.72296142578125,0.98365718126297,0.7290968894958496,0.25,4.0,0.6233700513839722,0.5758265852928162,0.13340080971659918,0.01548582995951417,26.507959365844727,27.206018447875977,-0.026333942662168593,,0.7781461477279663,0.06916247308254242,,0.13269470632076263,,0.8103518486022949,0.06218631938099861,,0.12746182084083557,,,,,,,,,,,,,,,,,,,,,,,,,,,,,,,,,,,,
764,1.7812142702472024e-06,1.7812142702472023e-05,1.0,83.88934491131756,4.752666576488598,3.1469545106630066,3.1469545106630066,3.2157780415303,0.0,0.0,0.2904322082931931,1.715055207948427,0.09116446649706042,1.69013296591269,0.08051614503602723,0.02133220273095208,0.0,1.3387639844739758,375.2198057432432,0.21842381760880752,375.0013724662162,0.0,0.0,0.0,0.0,0.0,4.1563568115234375,49.096439361572266,8.036425590515137,37.7452392578125,108.15806579589844,1.0079271793365479,0.6603937745094299,0.25,4.0,0.6113464832305908,0.5237997770309448,0.11143724696356275,0.005566801619433198,8.905814170837402,8.214373588562012,0.07763923309106902,,0.7553478479385376,0.09505695104598999,,0.15787604451179504,,0.7639738917350769,0.08740463107824326,,0.14862146973609924,,,,,,,,,,,,,,,,,,,,,,,,,,,,,,,,,,,,
765,1.7709343099855242e-06,1.770934309985524e-05,1.0,83.34265466638513,4.769916018924198,3.1385597022804053,3.1385597022804053,3.2079612113334037,0.0,0.0,0.28861499477077174,1.6925378747888513,0.09063178784138448,1.6865976694467906,0.07810090683601997,0.020841476079579944,0.0,1.3531679720491976,372.4756651182432,0.22843976922937342,372.2472022804054,0.0,0.0,0.0,0.0,0.0,3.171419382095337,54.35365676879883,10.748916625976562,46.883052825927734,106.48123168945312,1.0115538835525513,0.7098859548568726,0.25,4.0,0.6224984526634216,0.5415865182876587,0.11649797570850202,0.0005060728744939271,5.967823505401611,5.510772228240967,0.07658592395484838,,0.7718514204025269,0.08759129792451859,,0.14955946803092957,,0.7821705341339111,0.07711395621299744,,0.14071547985076904,83.83345610230833,130.96899533552295,0.22942149729412073,-2.691759465814947,83.83345705301927,94.02349662480704,112.11025805944786,139.17215023129037,31.192040579659597,69.05492099495821,133.2882590915846,0.5397717655269572,0.6841817537071427,0.5560118984293829,0.5248730575487882,0.0,0.6278371452981961,0.659739584801688,0.6861072949719496,0.6244352031186828,0.8806932688432084,0.9673701953024807,0.9918471290901762,0.3806932688432084,0.16737019530248065,0.041847129090176294,0.00010992634934593822,0.0,0.521978021978022,0.47802197802197804,0.8516483516483516,0.9067475937388756,0.882601356277099,0.8746895320959144,-8.075689315795898,0.0003109604585915804
766,1.7606893838767175e-06,1.7606893838767173e-05,1.0,82.67107659417229,4.711573832743877,3.164873896418391,3.164873896418391,3.2410680410024284,0.0,0.0,0.28798263137404984,1.6872666848672402,0.0893082554275925,1.6909089990564294,0.07684986655776566,0.021070172657837737,0.0,1.3576578707308382,369.28288640202703,0.22218278936437658,369.06075802364865,0.0,0.0,0.0,0.0,0.0,2.550372362136841,57.52424621582031,11.624617576599121,51.84417724609375,111.59137725830078,1.0070581436157227,0.7856197357177734,0.25,4.0,0.6264554858207703,0.5869699120521545,0.1445344129554656,0.013157894736842105,30.128625869750977,30.00483512878418,0.004108741683140694,,0.7786604166030884,0.08194363117218018,,0.1416853666305542,,0.7995837926864624,0.06953015923500061,,0.1308860182762146,,,,,,,,,,,,,,,,,,,,,,,,,,,,,,,,,,,,
767,1.7504795950870763e-06,1.7504795950870762e-05,1.0,84.36077385979729,4.699306178737331,3.119955320616026,3.119955320616026,3.1843265842747046,0.0,0.0,0.289068789095492,1.7190472370869405,0.09033059429478,1.7098741273622255,0.08006892977534114,0.021449404793816643,0.0,1.3448970897777661,377.95835092905406,0.22173064463847392,377.73656566722974,0.0,0.0,0.0,0.0,0.0,3.0074639320373535,48.0472297668457,11.622349739074707,39.4024543762207,96.95226287841797,1.0086581707000732,0.7485883831977844,0.25,4.0,0.6026277542114258,0.5501148700714111,0.14392712550607287,0.013157894736842105,10.967992782592773,10.68386173248291,0.0259054738402824,,0.7426996827125549,0.10002792626619339,,0.1633603423833847,,0.7615174651145935,0.08633223921060562,,0.1521502584218979,,,,,,,,,,,,,,,,,,,,,,,,,,,,,,,,,,,,
768,1.7403050464290624e-06,1.7403050464290623e-05,1.0,84.37422798775337,4.67445538495038,3.1245362565324113,3.1245362565324113,3.192019694560283,0.0,0.0,0.28884861920330973,1.7089689100110852,0.0901144130809887,1.7045442735826648,0.08014041024285394,0.021634512656443828,0.0,1.3471270380793392,378.1421558277027,0.20030480462151604,377.9418549408784,0.0,0.0,0.0,0.0,0.0,2.463975667953491,54.436519622802734,14.41066837310791,47.250762939453125,102.4020004272461,1.0098466873168945,0.7386986613273621,0.25,4.0,0.620717465877533,0.5576575994491577,0.13593117408906882,0.011133603238866396,30.273448944091797,30.175477981567383,0.003236200893573251,,0.769874632358551,0.086163729429245,,0.14999379217624664,,0.7849786877632141,0.07398340106010437,,0.14103789627552032,,,,,,,,,,,,,,,,,,,,,,,,,,,,,,,,,,,,
769,1.7301658403602644e-06,1.7301658403602643e-05,1.0,84.19696869721284,4.653232883762669,3.10483118005701,3.10483118005701,3.158207248997044,0.0,0.0,0.288401629473712,1.710093627104888,0.09031592188654719,1.690539282721442,0.07969098477750211,0.020736771660882072,0.0,1.3406271032384924,377.4778293918919,0.19799260835389834,377.2798511402027,0.0,0.0,0.0,0.0,0.0,2.541121482849121,52.628353118896484,12.737265586853027,46.42744064331055,100.81439971923828,1.013122320175171,0.8513376712799072,0.25,4.0,0.6142569184303284,0.5948868989944458,0.19544534412955467,0.01194331983805668,5.505823612213135,5.187430381774902,0.05782844727026231,,0.759161651134491,0.09568853676319122,,0.15353131294250488,,0.787011981010437,0.07477077841758728,,0.13821718096733093,,,,,,,,,,,,,,,,,,,,,,,,,,,,,,,,,,,,
770,1.7200620789823769e-06,1.7200620789823767e-05,1.0,84.1298828125,4.729201858108108,3.120302561167124,3.120302561167124,3.1840529570708402,0.0,0.0,0.2880310110143713,1.7109096630199536,0.09080004047703098,1.6983898265941724,0.07905675269461968,0.02162350996120556,0.0,1.3382407523490287,376.6786845439189,0.20480980744233002,376.47381756756755,0.0,0.0,0.0,0.0,0.0,2.1432008743286133,55.60993194580078,14.214987754821777,51.19013595581055,102.8428726196289,1.0118887424468994,0.8558798432350159,0.25,4.0,0.6210022568702698,0.6137828826904297,0.18512145748987854,0.014979757085020242,6.088761806488037,5.787550449371338,0.049470051003758383,,0.7695878148078918,0.08906339854001999,,0.149482861161232,,0.7945379614830017,0.07013779878616333,,0.13532420992851257,86.22027675922101,133.17796899448035,0.23921517882533402,14.906605940598707,86.22027712213394,97.29605828220323,114.74478249801703,142.71211218961923,32.09278324672154,73.15224273445071,131.1043820588485,0.5700565458767297,0.6911838845902317,0.5563475950556598,0.5262810396593397,0.0,0.6372345466564638,0.6639332961946229,0.6948602285917076,0.6264344092900296,0.877157304605914,0.9665823897988348,0.9918471290901762,0.377157304605914,0.16658238979883477,0.041847129090176294,0.00010992634934593822,0.0,0.6043956043956044,0.3956043956043956,0.8452380952380953,0.9389230743214324,0.911302907863161,0.901061597433719,-8.075810432434082,0.0003109227982349694
771,1.7099938640401654e-06,1.709993864040165e-05,1.0,83.97494589315879,4.731585528399493,3.1254416800834037,3.1254416800834037,3.1921803242451436,0.0,0.0,0.2886554614917652,1.7053514429040857,0.09058448430654165,1.6980029956714526,0.07947205208443306,0.02192449730795783,0.0,1.3332249409443624,375.8709617820946,0.22018383644722603,375.65073374155406,0.0,0.0,0.0,0.0,0.0,3.6114656925201416,49.904640197753906,9.267952919006348,37.087547302246094,110.29129791259766,1.0043832063674927,0.6108527779579163,0.25,4.0,0.6056601405143738,0.4902304410934448,0.062246963562753034,0.004554655870445344,2.968552589416504,2.5367431640625,0.1454612685298191,,0.7471356391906738,0.09881602227687836,,0.15835414826869965,,0.7615902423858643,0.08936543017625809,,0.14904430508613586,,,,,,,,,,,,,,,,,,,,,,,,,,,,,,,,,,,,
772,1.6999612969204421e-06,1.699961296920442e-05,1.0,85.0416160789696,4.732033394478463,3.0960831513275973,3.0960831513275973,3.1534533114046663,0.0,0.0,0.28728003115267364,1.7201592728898332,0.0901336283297152,1.701142491521062,0.08213944048494906,0.022752534698795627,0.0,1.329336114831873,381.3281777871622,0.2163629789610167,381.1117768158784,0.0,0.0,0.0,0.0,0.0,2.259472370147705,54.504920959472656,13.831562995910645,47.343135833740234,104.83039093017578,1.0044963359832764,0.6867468357086182,0.25,4.0,0.6154801845550537,0.5277905464172363,0.10101214574898786,0.00840080971659919,2.0067379474639893,1.7359033823013306,0.13496259713677378,,0.7628703713417053,0.08702697604894638,,0.15139907598495483,,0.7840284109115601,0.0749271959066391,,0.14104437828063965,,,,,,,,,,,,,,,,,,,,,,,,,,,,,,,,,,,,
773,1.6899644786510442e-06,1.689964478651044e-05,1.0,84.1414893897804,4.670648935678843,3.0983053671347127,3.0983053671347127,3.157773610707876,0.0,0.0,0.28823888624036637,1.7185451404468433,0.09160942000311774,1.6989596598857157,0.08287242296579722,0.022252761028908396,0.0,1.3437029864336993,377.11895586993245,0.19996329900380727,376.9189717060811,0.0,0.0,0.0,0.0,0.0,1.9462789297103882,61.29319381713867,16.489673614501953,56.773094177246094,109.86131286621094,1.0068296194076538,0.6672197580337524,0.25,4.0,0.6324626803398132,0.5261014103889465,0.08127530364372469,0.002125506072874494,1.7013087272644043,1.484924554824829,0.12718689381409753,,0.7877761721611023,0.07646419107913971,,0.13947169482707977,,0.804925799369812,0.06487228721380234,,0.13020193576812744,,,,,,,,,,,,,,,,,,,,,,,,,,,,,,,,,,,,
774,1.6800035098998227e-06,1.6800035098998227e-05,1.0,84.99004302153716,4.825813499656883,3.10002156850454,3.10002156850454,3.168337022936022,0.0,0.0,0.2873317099906303,1.7277174253721495,0.09083228497891813,1.71389677717879,0.08161262563756995,0.02283894854622918,0.0,1.329246830295872,380.5621040962838,0.242754162968816,380.3193623310811,0.0,0.0,0.0,0.0,0.0,2.1902575492858887,58.14885330200195,13.587903022766113,51.94553756713867,109.4330062866211,1.0076805353164673,0.7009241580963135,0.25,4.0,0.6262919902801514,0.5472705960273743,0.10425101214574899,0.004352226720647773,2.005802869796753,1.713905930519104,0.14552623474271262,,0.7784702777862549,0.08156570047140121,,0.1430284082889557,,0.7968448996543884,0.07002529501914978,,0.13312982022762299,,,,,,,,,,,,,,,,,,,,,,,,,,,,,,,,,,,,
775,1.6700784909736229e-06,1.670078490973623e-05,1.0,84.9488624366554,4.778527337151605,3.136453576990076,3.136453576990076,3.203583794671136,0.0,0.0,0.28908750173207876,1.73765399004962,0.09042268186002164,1.7061169598553632,0.07816359803483293,0.021404614319672454,0.0,1.346937540415171,380.40941722972974,0.24659672298946897,380.1627956081081,0.0,0.0,0.0,0.0,0.0,3.024707317352295,54.71443557739258,10.835334777832031,48.65553665161133,105.24069213867188,1.0134464502334595,0.694184422492981,0.25,4.0,0.6286450028419495,0.5490888953208923,0.1215587044534413,0.002125506072874494,14.01852798461914,13.861087799072266,0.011230864304698421,,0.7804543375968933,0.08538785576820374,,0.14587295055389404,,0.7883599996566772,0.07538355886936188,,0.13625644147396088,84.84436720544166,129.28770764487126,0.2344134470689577,8.898518509917206,84.844368180081,96.22463216874797,114.26840004018737,141.9784683939087,31.537477220807755,71.46903211016988,130.46537714419156,0.5744952713413483,0.6947895651768686,0.5602401239536765,0.5336641117998928,0.0,0.6420541296443922,0.6714377235236176,0.6995200155659604,0.6232478635474116,0.8792825473599355,0.9666373529735077,0.9919020922648493,0.3792825473599355,0.16663735297350768,0.04190209226484931,0.0001465684657945843,0.0,0.5824175824175825,0.4175824175824176,0.8461538461538461,0.9239773959903926,0.8990242391988471,0.890192371721451,-8.075697898864746,0.00031095781014300883
776,1.6601895218172737e-06,1.6601895218172737e-05,1.0,84.55318306587837,4.762072588946368,3.067419516073691,3.067419516073691,3.1249404082427152,0.0,0.0,0.2877169944144584,1.7206099226668075,0.09116149593043972,1.7040077415672508,0.08165762231156633,0.02192807841945339,0.0,1.3411119821909312,378.873046875,0.22192248782596072,378.65112964527026,0.0,0.0,0.0,0.0,0.0,3.551754951477051,49.55802917480469,7.637024402618408,39.05767822265625,106.93966674804688,1.0142436027526855,0.6863051652908325,0.25,4.0,0.6158202886581421,0.5236047506332397,0.14261133603238865,0.001417004048582996,6.72967529296875,6.4624199867248535,0.0397129571055424,,0.7611175775527954,0.09586246311664581,,0.1537756770849228,,0.7737492918968201,0.08325310051441193,,0.1429976224899292,,,,,,,,,,,,,,,,,,,,,,,,,,,,,,,,,,,,
777,1.6503367020125848e-06,1.6503367020125847e-05,1.0,83.78738650760135,4.734339533625422,3.135308549210832,3.135308549210832,3.204587781751478,0.0,0.0,0.2885918488373628,1.6974733713510874,0.09026406906746529,1.6900321341849662,0.08234114260286898,0.0228420479877575,0.0,1.355505659773543,374.87273015202703,0.22627802152891416,374.6464315878378,0.0,0.0,0.0,0.0,0.0,1.5312467813491821,63.55832290649414,25.192909240722656,58.346900939941406,110.72296142578125,1.0065325498580933,0.6785299777984619,0.25,4.0,0.642402708530426,0.5570782423019409,0.08805668016194332,0.006882591093117409,4.190116882324219,4.127245903015137,0.015004588433869197,,0.8030776977539062,0.0670517161488533,,0.13312263786792755,,0.8152353763580322,0.059096165001392365,,0.12566840648651123,,,,,,,,,,,,,,,,,,,,,,,,,,,,,,,,,,,,
778,1.640520130777345e-06,1.640520130777345e-05,1.0,83.22680004222973,4.747835726351352,3.1639872370539486,3.1639872370539486,3.235586424131651,0.0,0.0,0.289971738248258,1.7058197227684226,0.09137725185703587,1.679858852077175,0.0778877541825578,0.01964527046358263,0.0,1.37106230452254,371.86642208614865,0.22345473315264727,371.64284206081084,0.0,0.0,0.0,0.0,0.0,2.095069646835327,60.2260627746582,13.774950981140137,56.33127975463867,111.59137725830078,0.9994356036186218,0.8066956996917725,0.25,4.0,0.6266323328018188,0.6054185032844543,0.18147773279352228,0.02368421052631579,3.769666910171509,3.575296401977539,0.05156171959636785,,0.7799368500709534,0.0783480852842331,,0.137618288397789,,0.8073689937591553,0.06548230350017548,,0.12714862823486328,,,,,,,,,,,,,,,,,,,,,,,,,,,,,,,,,,,,
779,1.6307399069643142e-06,1.6307399069643143e-05,1.0,83.71849926097973,4.727461943755278,3.105355958680849,3.105355958680849,3.16147551665435,0.0,0.0,0.28911791621027766,1.6959738860259186,0.09002737741212587,1.6869141862199113,0.0811752564198262,0.021066950785147177,0.0,1.346317497459618,374.7223659206081,0.2171268978634396,374.5053051097973,0.0,0.0,0.0,0.0,0.0,3.0820705890655518,54.72722625732422,12.396114349365234,47.250762939453125,104.83039093017578,1.0143295526504517,0.7643954753875732,0.25,4.0,0.6215129494667053,0.5603526830673218,0.1395748987854251,0.00860323886639676,48.76350402832031,49.11137771606445,-0.007133894388354588,,0.7703773975372314,0.08803349733352661,,0.15159834921360016,,0.7832081317901611,0.075363390147686,,0.14142853021621704,,,,,,,,,,,,,,,,,,,,,,,,,,,,,,,,,,,,
780,1.6209961290602385e-06,1.6209961290602387e-05,1.0,83.57584855363176,4.7060835554793075,3.1112402838629647,3.1112402838629647,3.16502875250739,0.0,0.0,0.2900772867976008,1.7026317699535474,0.09168495358647527,1.6827922511745144,0.07948892825358622,0.020180112606770283,0.0,1.3540748389991555,374.08374683277026,0.211058539313239,373.87273015202703,0.0,0.0,0.0,0.0,0.0,2.299119710922241,57.23002243041992,14.92630386352539,50.49503707885742,107.3163833618164,1.0120590925216675,0.7230252623558044,0.25,4.0,0.625206470489502,0.5428768992424011,0.1187246963562753,0.00010121457489878542,15.834914207458496,15.516363143920898,0.020117005963161773,,0.7763007879257202,0.08417782187461853,,0.1462230384349823,,0.7940539121627808,0.07040457427501678,,0.13554155826568604,86.48749311677702,130.36647246996222,0.23883953917117529,19.394220079694474,86.48749633766523,96.73791043067915,114.44138856552304,142.56185026428528,32.64034925188337,73.45281887793726,131.23538407035497,0.5756955511337374,0.6947349235732366,0.5595273166856672,0.5310127261130979,0.0,0.6406492508996973,0.6717351234323719,0.6992191167425759,0.6270693815783294,0.8768458466161005,0.9670037741379942,0.9920853028470924,0.37684584661610054,0.16700377413799417,0.04208530284709244,0.00016488952401890733,0.0,0.6098901098901099,0.3901098901098901,0.8553113553113553,0.9384766265258684,0.908980453816744,0.8975807018987425,-8.075812339782715,0.00031092221615836024
781,1.611288895184855e-06,1.6112888951848548e-05,1.0,83.47684623099663,4.944818032754434,3.1165468370592273,3.1165468370592273,3.179309948070629,0.0,0.0,0.2881356316643792,1.7125358581542969,0.09279514003444363,1.6832101151749894,0.0815788475242821,0.02204688819679054,0.0,1.3599594734810494,372.3543866131757,0.2262976362898543,372.12816722972974,0.0,0.0,0.0,0.0,0.0,2.6563658714294434,61.1206169128418,11.419836044311523,54.385292053222656,116.03666687011719,1.0150878429412842,0.6817777156829834,0.25,4.0,0.6432610154151917,0.5477917790412903,0.12307692307692308,0.0005060728744939271,15.355804443359375,15.360246658325195,-0.00028928572138344405,,0.8023639917373657,0.0744367316365242,,0.1348436176776886,,0.8065211772918701,0.06623338162899017,,0.12724541127681732,,,,,,,,,,,,,,,,,,,,,,,,,,,,,,,,,,,,
782,1.6016183030898982e-06,1.601618303089898e-05,1.0,84.15160472972973,4.68804931640625,3.1193105336782097,3.1193105336782097,3.184318748680321,0.0,0.0,0.28675226263097814,1.7126484432735958,0.09145932584195524,1.6895675659179688,0.08423762063722352,0.021975470555795205,0.0,1.3459520082216005,376.99282094594594,0.20921026693808065,376.7835990287162,0.0,0.0,0.0,0.0,0.0,3.5854992866516113,48.99668502807617,8.774721145629883,37.782135009765625,106.48123168945312,1.0132501125335693,0.7791779041290283,0.25,4.0,0.608075737953186,0.5571450591087341,0.1818825910931174,0.010931174089068825,4.063205718994141,3.707127571105957,0.08763478211886644,,0.7495994567871094,0.10123854130506516,,0.1597902625799179,,0.7711414098739624,0.08458207547664642,,0.14427654445171356,,,,,,,,,,,,,,,,,,,,,,,,,,,,,,,,,,,,
783,1.5919844501581253e-06,1.5919844501581253e-05,1.0,84.35907147381756,4.8187532167176945,3.1469540982633024,3.1469540982633024,3.215564830883129,0.0,0.0,0.2889521057541306,1.7310892053552576,0.09159633275624868,1.6976512187236064,0.08220690649908942,0.02070806477520917,0.0,1.35025539913693,377.21117504222974,0.2247199754457216,376.98651288006755,0.0,0.0,0.0,0.0,0.0,2.3248178958892822,51.03799057006836,15.487593650817871,41.943695068359375,100.02985382080078,1.0160164833068848,0.6848781704902649,0.25,4.0,0.6127707958221436,0.5107018351554871,0.12965587044534413,0.00010121457489878542,1.7650277614593506,1.2640182971954346,0.28385358871051075,,0.7570928335189819,0.09474122524261475,,0.16100001335144043,,0.7736909985542297,0.07934149354696274,,0.14696750044822693,,,,,,,,,,,,,,,,,,,,,,,,,,,,,,,,,,,,
784,1.5823874334023287e-06,1.5823874334023287e-05,1.0,83.90004091005068,4.756545195708403,3.1747817993164062,3.1747817993164062,3.2471676388302364,0.0,0.0,0.28875397347115184,1.7096737011058911,0.0906325610908302,1.6849242545462944,0.0808312312976734,0.0214744065258954,0.0,1.355842281032253,375.1245777027027,0.21357216706147064,374.9110536317568,0.0,0.0,0.0,0.0,0.0,2.5045905113220215,58.24467849731445,15.014019012451172,50.791770935058594,109.4330062866211,1.0112638473510742,0.6569507718086243,0.25,3.8255603313446045,0.6297302842140198,0.5138458013534546,0.11002024291497976,0.0,5.531841278076172,4.807584285736084,0.13092512166075115,,0.7831087708473206,0.08036436140537262,,0.14423266053199768,,0.7977873682975769,0.06884350627660751,,0.13336914777755737,,,,,,,,,,,,,,,,,,,,,,,,,,,,,,,,,,,,
785,1.572827349464358e-06,1.572827349464358e-05,1.0,83.76716242609797,4.71705421241554,3.139922064703864,3.139922064703864,3.209055926348712,0.0,0.0,0.29025271132185654,1.7012004336795292,0.09068686897690231,1.6898850105904244,0.08103475055179081,0.02046927890262088,0.0,1.3617066048287056,374.8305004222973,0.2347214157516892,374.5956767314189,0.0,0.0,0.0,0.0,0.0,4.340538501739502,45.27883529663086,7.317248821258545,37.3784294128418,96.95226287841797,1.0170615911483765,0.7136422991752625,0.25,4.0,0.6049091815948486,0.5195619463920593,0.15161943319838056,0.00465587044534413,29.70177459716797,29.577829360961914,0.004172990936974949,,0.7442947626113892,0.10545317828655243,,0.16466757655143738,,0.7563827037811279,0.09122451394796371,,0.15239280462265015,85.038389813769,130.1095602249423,0.23501267454637995,6.683683416345617,85.03838841434954,95.85306139903972,113.78143583245597,141.16151922877128,31.613824026925222,71.56370834232301,130.9559087338655,0.5927235598271317,0.6900246896091734,0.5543493780226314,0.5237718452039736,0.0,0.6343555893987302,0.6662785397148594,0.6934045029794684,0.6245517893652394,0.8793375105346085,0.9672969110695834,0.9920669817888681,0.3793375105346085,0.16729691106958333,0.04206698178886814,0.00016488952401890733,0.0,0.5769230769230769,0.4230769230769231,0.8461538461538461,0.9240414654160594,0.8990718773105643,0.8903078340239577,-8.075786590576172,0.00031093021971173584
786,1.5633042946141546e-06,1.5633042946141547e-05,1.0,84.34439664273648,4.699589084934544,3.122320020521009,3.122320020521009,3.19125881710568,0.0,0.0,0.28746280154666387,1.7122590348527238,0.08973680960165488,1.688633377487595,0.08081978720587653,0.022369141514236864,0.0,1.3608180896655933,377.88885663006755,0.2199804718429978,377.6689189189189,0.0,0.0,0.0,0.0,0.0,1.8249272108078003,61.53539276123047,19.274621963500977,54.598148345947266,112.90678405761719,1.007102370262146,0.6631328463554382,0.25,4.0,0.6279016733169556,0.5133026242256165,0.0888663967611336,0.003137651821862348,1.675284504890442,1.4009335041046143,0.16376382637393838,,0.7810212969779968,0.07878201454877853,,0.14635075628757477,,0.802169919013977,0.06573852896690369,,0.13209161162376404,,,,,,,,,,,,,,,,,,,,,,,,,,,,,,,,,,,,
787,1.5538183647487756e-06,1.5538183647487757e-05,1.0,84.02498152449324,4.694880305109797,3.127942265690984,3.127942265690984,3.1932249326963684,0.0,0.0,0.2892068656715187,1.7012678610311973,0.08962593851862727,1.6975588411898226,0.08079919299563847,0.021895473067824904,0.0,1.3535411937816724,376.28734691722974,0.2258411098170925,376.0614970439189,0.0,0.0,0.0,0.0,0.0,2.8141493797302246,53.20237731933594,12.278042793273926,47.43569564819336,100.4213638305664,1.0073155164718628,0.6206728219985962,0.25,3.5656774044036865,0.6108553409576416,0.46898481249809265,0.08562753036437247,0.0,3.6276161670684814,3.0897529125213623,0.148269064249367,,0.7556135654449463,0.09143568575382233,,0.15691204369068146,,0.7759809494018555,0.07830005884170532,,0.14571897685527802,,,,,,,,,,,,,,,,,,,,,,,,,,,,,,,,,,,,
788,1.544369655391428e-06,1.544369655391428e-05,1.0,83.81127269847973,4.694342123495566,3.130368206952069,3.130368206952069,3.189755207783467,0.0,0.0,0.2887926874934016,1.708463514173353,0.0903736771763982,1.6961216282200169,0.08125553904352961,0.021129522774670575,0.0,1.3618931125950169,375.2016205658784,0.21140121769260717,374.9902079814189,0.0,0.0,0.0,0.0,0.0,3.1002402305603027,49.08524703979492,11.577037811279297,41.05216979980469,97.71267700195312,1.00632905960083,0.67851322889328,0.25,4.0,0.6080756187438965,0.5226293206214905,0.13309716599190283,0.010323886639676113,23.385818481445312,22.934110641479492,0.019315459936722446,,0.7513627409934998,0.09419678151607513,,0.1575419008731842,,0.7677648663520813,0.08360594511032104,,0.14862915873527527,,,,,,,,,,,,,,,,,,,,,,,,,,,,,,,,,,,,
789,1.5349582616905093e-06,1.5349582616905094e-05,1.0,83.70264991554055,4.613660245328336,3.1468091397672087,3.1468091397672087,3.214493416451119,0.0,0.0,0.28992910642881653,1.7025621775034312,0.09040568970345161,1.6802258878140837,0.08117345217111949,0.02160602969092292,0.0,1.3483315545159418,375.0018211570946,0.18369968517406568,374.81812183277026,0.0,0.0,0.0,0.0,0.0,1.9038840532302856,58.83051681518555,16.71666717529297,51.19013595581055,110.72296142578125,1.0058629512786865,0.686583936214447,0.25,4.0,0.6274300217628479,0.5405319929122925,0.1013157894736842,0.006174089068825911,6.151650905609131,6.0069732666015625,0.023518506044556263,,0.7804363965988159,0.07950522005558014,,0.14261499047279358,,0.7979609966278076,0.06828123331069946,,0.1337578147649765,,,,,,,,,,,,,,,,,,,,,,,,,,,,,,,,,,,,
790,1.5255842784186503e-06,1.5255842784186503e-05,1.0,84.48129354940879,4.770342440218539,3.1121512748099662,3.1121512748099662,3.1785474210172087,0.0,0.0,0.2889740660383895,1.7183754379684861,0.09088801048897407,1.7108846097379118,0.08180656948605099,0.022313731747704582,0.0,1.3506794491329708,378.23796452702703,0.2409210205078125,377.9970967060811,0.0,0.0,0.0,0.0,0.0,2.4289650917053223,56.73799133300781,11.244980812072754,49.80937194824219,113.34868621826172,1.0111318826675415,0.6722928881645203,0.25,4.0,0.6320368647575378,0.5432504415512085,0.10850202429149798,0.002226720647773279,5.4781975746154785,5.306341648101807,0.031370888722598626,,0.7860147953033447,0.0812087208032608,,0.14149673283100128,,0.7957924604415894,0.07197076082229614,,0.1322367787361145,85.00874944833609,128.22712877993695,0.2393071714642446,14.173473358154297,85.00874812148366,95.64541532073605,113.36424169683467,141.0847519956143,35.917841230119976,72.67250853545906,127.07421543287194,0.5989625293857115,0.6877018111137693,0.5541018765617892,0.5188162948118263,0.0,0.6306364968388838,0.6635390732629758,0.6925674414141549,0.6282556752706489,0.8779634311677843,0.9675350848264995,0.9923234766040087,0.3779634311677843,0.16753508482649948,0.0423234766040087,0.00018321058224323036,0.0,0.5934065934065934,0.4065934065934066,0.8498168498168499,0.9336550654945793,0.9052904732934721,0.8943603999175869,-8.075764656066895,0.0003109370300080627
791,1.5162477999717607e-06,1.5162477999717605e-05,1.0,84.71087151604729,4.699146580051732,3.109468820932749,3.109468820932749,3.173709353885135,0.0,0.0,0.28908126418654984,1.7226476927061338,0.09164540187732594,1.704993892360378,0.0815406490016628,0.023698252600592537,0.0,1.348853755641628,379.7562552787162,0.21894081218822584,379.5373997043919,0.0,0.0,0.0,0.0,0.0,3.8513500690460205,52.684715270996094,10.001493453979492,43.022308349609375,104.83039093017578,1.0089144706726074,0.8226882815361023,0.25,4.0,0.6140660643577576,0.5816701054573059,0.15506072874493926,0.011437246963562754,67.99659729003906,72.31874084472656,-0.06356411536670613,,0.7594735622406006,0.09360069781541824,,0.1521918922662735,,0.7801981568336487,0.07852181792259216,,0.14128004014492035,,,,,,,,,,,,,,,,,,,,,,,,,,,,,,,,,,,,
792,1.5069489203680709e-06,1.5069489203680709e-05,1.0,84.44377507390203,4.814941818649705,3.1042787706529773,3.1042787706529773,3.165172473804371,0.0,0.0,0.28921578381512614,1.73191668536212,0.0911449806110279,1.7084746489653717,0.08135358707324879,0.0221845040450225,0.0,1.3612527589540224,377.8535948057432,0.23762981311694995,377.61589421452703,0.0,0.0,0.0,0.0,0.0,1.9063644409179688,58.87236785888672,16.39333724975586,51.09025192260742,112.51044464111328,1.0053458213806152,0.6336521506309509,0.25,4.0,0.6282795667648315,0.5073751211166382,0.07672064777327935,0.00020242914979757084,0.8567466139793396,0.6730390787124634,0.21442458279888377,,0.7817596793174744,0.07828343659639359,,0.14368441700935364,,0.7987586259841919,0.06826619803905487,,0.13297516107559204,,,,,,,,,,,,,,,,,,,,,,,,,,,,,,,,,,,,
793,1.4976877332471985e-06,1.4976877332471983e-05,1.0,84.30929977829392,4.759145788244299,3.152803369470545,3.152803369470545,3.2201804083746834,0.0,0.0,0.2899471746908652,1.7212901759792019,0.09118694872469515,1.6894072455328863,0.07970193270090464,0.021371325931033573,0.0,1.35623684444943,377.25124049831084,0.21929155813681112,377.0319362331081,0.0,0.0,0.0,0.0,0.0,2.4545838832855225,52.992340087890625,12.942893028259277,46.51820755004883,100.81439971923828,1.0124796628952026,0.6928094625473022,0.25,4.0,0.6165767312049866,0.5225181579589844,0.12742914979757086,0.0029352226720647774,1.371295690536499,1.1583359241485596,0.15529821019463871,,0.7631874680519104,0.0911611020565033,,0.1538359522819519,,0.7784411311149597,0.07755456864833832,,0.14400433003902435,,,,,,,,,,,,,,,,,,,,,,,,,,,,,,,,,,,,
794,1.4884643318691938e-06,1.4884643318691937e-05,1.0,83.35919684332771,4.659694774730785,3.1215762576541386,3.1215762576541386,3.1776551942567566,0.0,0.0,0.28909031120506495,1.6995340295740076,0.09058763529803301,1.6785746393976986,0.07980052200523582,0.02172820149241267,0.0,1.3554426657186973,373.18881967905406,0.20579954095788905,372.98305532094594,0.0,0.0,0.0,0.0,0.0,2.016655206680298,55.19406509399414,15.069842338562012,49.133018493652344,102.4020004272461,1.0143603086471558,0.7236366271972656,0.25,4.0,0.6242954134941101,0.5438470840454102,0.13906882591093117,0.004959514170040486,1.2520734071731567,1.0341994762420654,0.17401050903476317,,0.7744965553283691,0.08599704504013062,,0.15029248595237732,,0.7930357456207275,0.07043303549289703,,0.13653123378753662,,,,,,,,,,,,,,,,,,,,,,,,,,,,,,,,,,,,
795,1.4792788091136062e-06,1.4792788091136062e-05,1.0,84.01191010346284,4.721352242134713,3.13018798828125,3.13018798828125,3.1947281296188765,0.0,0.0,0.2879281946130701,1.721020775872308,0.09025455165553738,1.6944079012484163,0.07921191163965173,0.02130735564876247,0.0,1.3512839239996832,376.06959987331084,0.21798489544842695,375.8516152871622,0.0,0.0,0.0,0.0,0.0,1.4541231393814087,66.05565643310547,18.004560470581055,65.34542846679688,116.4908218383789,1.0047705173492432,0.7307197451591492,0.25,4.0,0.6481282711029053,0.5872753262519836,0.10708502024291498,0.010526315789473684,1.001859188079834,0.8481454253196716,0.15342851030270088,,0.8113834261894226,0.06463881582021713,,0.12561893463134766,,0.8298445343971252,0.05506739765405655,,0.1150880753993988,84.70846918127039,128.4095084357235,0.23283942623782067,8.045845534775284,84.70847039307012,95.52267347137284,113.03680974955108,140.366833941854,31.98340824672154,70.65244860981785,132.14981875212297,0.5977951141755035,0.6887001806307171,0.5550558980993331,0.5220498441989029,0.0,0.6326818124414846,0.66393799119063,0.6946445900075692,0.624379054937687,0.879997068630684,0.9679931112821076,0.9922135502546627,0.37999706863068405,0.1679931112821076,0.04221355025466278,0.00018321058224323036,0.0,0.5824175824175825,0.4175824175824176,0.8489010989010989,0.9244299492501951,0.8982080574055294,0.8884999656251499,-8.0758056640625,0.00031092428253032267
796,1.470131257478547e-06,1.470131257478547e-05,1.0,84.34979413006756,4.892587610193201,3.09770697516364,3.09770697516364,3.1568962303367822,0.0,0.0,0.2886151751956424,1.715575140875739,0.09121220820658915,1.6964572184794657,0.08028438928964976,0.021238894075960725,0.0,1.3609948029389252,377.0614970439189,0.22173811938311602,376.8397381756757,0.0,0.0,0.0,0.0,0.0,3.4833264350891113,48.127933502197266,9.393699645996094,41.45503616333008,99.63988494873047,1.0060055255889893,0.8308183550834656,0.25,4.0,0.6114104986190796,0.607189953327179,0.17753036437246963,0.01751012145748988,55.36163330078125,55.52497863769531,-0.002950515134309764,,0.7554334998130798,0.09616660326719284,,0.1527126431465149,,0.7717350125312805,0.08312161266803741,,0.14514338970184326,,,,,,,,,,,,,,,,,,,,,,,,,,,,,,,,,,,,
797,1.4610217690797627e-06,1.4610217690797626e-05,1.0,84.9441115920608,4.764790715398015,3.08546427133921,3.08546427133921,3.1408369734480575,0.0,0.0,0.28749001992715373,1.7295871425319362,0.09059230701343433,1.7045796368573163,0.08177944776174184,0.0220972702309892,0.0,1.3445333532384924,380.7140255489865,0.23213677792935758,380.4818412162162,0.0,0.0,0.0,0.0,0.0,2.510094165802002,58.6920166015625,9.844513893127441,53.80422592163086,113.79232025146484,1.0120737552642822,0.8444578647613525,0.25,4.0,0.6403003931045532,0.6414284706115723,0.19625506072874493,0.014777327935222672,18.89424705505371,18.24460220336914,0.034383209333065615,,0.7978655695915222,0.0780913457274437,,0.13166776299476624,,0.8080883622169495,0.06713654100894928,,0.12477508187294006,,,,,,,,,,,,,,,,,,,,,,,,,,,,,,,,,,,,
798,1.4519504356496966e-06,1.4519504356496965e-05,1.0,84.95652977195945,4.790175566802153,3.1087704220333614,3.1087704220333614,3.1688003540039062,0.0,0.0,0.2893781146487674,1.7258756482923352,0.09099598188658019,1.6966711508261192,0.07745451540560336,0.02097843144391034,0.0,1.3548498411436338,380.5483794341216,0.24255773183461782,380.30584881756755,0.0,0.0,0.0,0.0,0.0,2.9555389881134033,46.53636169433594,10.667348861694336,38.48969650268555,94.33715057373047,1.0162811279296875,0.7529794573783875,0.25,4.0,0.6132460832595825,0.5605678558349609,0.1700404858299595,0.012246963562753036,21.166553497314453,20.918001174926758,0.011742692187428192,,0.7572435736656189,0.09719593077898026,,0.1587504744529724,,0.7684839963912964,0.08409512042999268,,0.1474209427833557,,,,,,,,,,,,,,,,,,,,,,,,,,,,,,,,,,,,
799,1.4429173485365772e-06,1.4429173485365771e-05,1.0,83.77094990498311,4.7243804931640625,3.1229293410842485,3.1229293410842485,3.1823326317039697,0.0,0.0,0.2880152367256783,1.7101556932603992,0.09195065498352051,1.6908068270296663,0.08084290092055862,0.021636690642382647,0.0,1.3647136172732792,374.8916543496622,0.20348627502853806,374.68829180743245,0.0,0.0,0.0,0.0,0.0,2.667689085006714,54.695796966552734,10.623686790466309,43.359737396240234,112.46659851074219,1.0002732276916504,0.6126564145088196,0.25,4.0,0.6146331429481506,0.49584710597991943,0.06852226720647774,0.0033400809716599192,1.4564907550811768,1.1635733842849731,0.20111172678186895,,0.7612830996513367,0.08992184698581696,,0.14788828790187836,,0.7799789905548096,0.08034056425094604,,0.13968047499656677,,,,,,,,,,,,,,,,,,,,,,,,,,,,,,,,,,,,
800,1.4339225987034928e-06,1.4339225987034927e-05,1.0,84.3118797508446,4.749398308831292,3.090146657582876,3.090146657582876,3.1490781629407727,0.0,0.0,0.28839541770316457,1.7169047175226986,0.0912660263680123,1.6912171647355363,0.08373951267551731,0.021889723636008596,0.0,1.347449947047878,377.62426097972974,0.2199751106468407,377.4043496621622,0.0,0.0,0.0,0.0,0.0,2.424172878265381,51.84187698364258,14.865211486816406,45.440608978271484,96.57428741455078,1.0050989389419556,0.6199966669082642,0.25,4.0,0.606220543384552,0.4632849395275116,0.06993927125506073,0.0032388663967611335,3.4290943145751953,3.0059943199157715,0.12338534780482949,,0.7487163543701172,0.09478651732206345,,0.1599794626235962,,0.7718245983123779,0.07996325939893723,,0.14821219444274902,84.2961611695342,130.01580310569028,0.2319879218027814,1.7315826625614377,84.2961635005716,95.53434054544405,113.24500875240535,140.2531649935689,28.81450707571847,70.97909936239553,130.0846949038298,0.6020294579878543,0.6945969932814108,0.5576428855539803,0.5302341626800223,0.0,0.6424880568767318,0.6664112224596502,0.7024083225206655,0.6211656851301041,0.8803634897951705,0.967443479535378,0.9920486607306438,0.38036348979517054,0.16744347953537797,0.04204866073064384,0.00020153164046755341,0.0,0.532967032967033,0.46703296703296704,0.8232600732600731,0.9169811355871159,0.8942219556032956,0.8862344129727437,-8.075764656066895,0.0003109370300080627
801,1.4249662767274717e-06,1.4249662767274715e-05,1.0,84.65068755278716,4.7935683791701855,3.1075422957136825,3.1075422957136825,3.1634630770296663,0.0,0.0,0.28713226318359375,1.725169207598712,0.09181864841564281,1.697018185177365,0.08230393641703837,0.022100725689449825,0.0,1.350379737647804,379.001953125,0.2393494425593196,378.7626425253378,0.0,0.0,0.0,0.0,0.0,3.452669143676758,53.91682434082031,12.667789459228516,42.521080017089844,110.29129791259766,1.0073059797286987,0.7151199579238892,0.25,4.0,0.6151949167251587,0.5341178178787231,0.1423076923076923,0.013360323886639677,129.94676208496094,131.8648681640625,-0.014760706987431352,,0.7617958188056946,0.08951643109321594,,0.15385393798351288,,0.7777025103569031,0.07878977060317993,,0.1435076892375946,,,,,,,,,,,,,,,,,,,,,,,,,,,,,,,,,,,,
802,1.416048472798578e-06,1.4160484727985779e-05,1.0,83.26670053842905,4.819756997598184,3.1163934243691935,3.1163934243691935,3.179785444929793,0.0,0.0,0.28851996241389094,1.6988593436576225,0.09106396984409641,1.6895255011481207,0.08041174347336227,0.021306704830478976,0.0,1.3705224733094912,371.93786951013516,0.237791937750739,371.7000633445946,0.0,0.0,0.0,0.0,0.0,4.062840938568115,44.30785369873047,8.323981285095215,32.28521728515625,99.67872619628906,1.009995937347412,0.6249383687973022,0.25,4.0,0.6003366708755493,0.483264684677124,0.10728744939271255,0.0010121457489878543,5.853824138641357,5.0061798095703125,0.14480180972224746,,0.7384295463562012,0.10532421618700027,,0.16504226624965668,,0.74986732006073,0.09477747976779938,,0.15535518527030945,,,,,,,,,,,,,,,,,,,,,,,,,,,,,,,,,,,,
803,1.4071692767190003e-06,1.4071692767190003e-05,1.0,83.99978885135135,4.728238904798353,3.1145617510821366,3.1145617510821366,3.1733476793443836,0.0,0.0,0.2879057961541253,1.6982164125184755,0.08999571929106841,1.695599839494035,0.07767809403909219,0.021257403734568005,0.0,1.3706294910327808,376.07355891047297,0.20088845330315666,375.8726509712838,0.0,0.0,0.0,0.0,0.0,3.0655479431152344,53.660362243652344,9.158190727233887,44.38798141479492,108.58139038085938,1.0051026344299316,0.7726014256477356,0.25,4.0,0.6182817220687866,0.5833331346511841,0.16376518218623481,0.012550607287449392,5.391283988952637,5.003576755523682,0.07191371002221585,,0.7657712697982788,0.09105510264635086,,0.1466219276189804,,0.7867255806922913,0.07763557881116867,,0.13563883304595947,,,,,,,,,,,,,,,,,,,,,,,,,,,,,,,,,,,,
804,1.3983287779021406e-06,1.3983287779021406e-05,1.0,84.43686655405405,4.743953395534206,3.1146351582295186,3.1146351582295186,3.1834155933277026,0.0,0.0,0.289581298828125,1.7015921102987754,0.08933612462636586,1.7035897744668496,0.08149112237466348,0.02200422254768578,0.0,1.3553538966823269,378.1584934543919,0.2293646528914168,377.9291860219595,0.0,0.0,0.0,0.0,0.0,3.402695655822754,46.04221725463867,8.354930877685547,34.266910552978516,103.20514678955078,1.0173039436340332,0.6623806357383728,0.25,4.0,0.6169032454490662,0.5197485089302063,0.1575910931174089,0.006578947368421052,16.82479476928711,15.902654647827148,0.05480840236715906,,0.7620889544487,0.0974365696310997,,0.15479248762130737,,0.770302414894104,0.08504651486873627,,0.14465104043483734,,,,,,,,,,,,,,,,,,,,,,,,,,,,,,,,,,,,
805,1.3895270653717276e-06,1.3895270653717276e-05,1.0,83.98342483108108,4.737311698294975,3.150082150021115,3.150082150021115,3.2174276403478674,0.0,0.0,0.2886143503962336,1.7053186571275867,0.08931734110857989,1.6930284242372255,0.0784998133375838,0.021777533196114206,0.0,1.3570285487819362,375.7637510557432,0.2288598498782596,375.53491870777026,0.0,0.0,0.0,0.0,0.0,2.834433078765869,45.645782470703125,12.017069816589355,35.04526901245117,98.09510803222656,1.0169188976287842,0.6581787467002869,0.25,4.0,0.607507050037384,0.5124288201332092,0.13714574898785425,0.0009109311740890688,3.2315399646759033,2.822093963623047,0.1267030596955407,,0.7487224340438843,0.10110766440629959,,0.16326013207435608,,0.7600138187408447,0.08728235960006714,,0.15270376205444336,84.01885929736463,131.12375206813323,0.23096676839992136,4.3476257953015,84.01885847581036,94.45962556748934,112.19267467196475,139.73308751562598,32.41431481497629,69.18249907974125,133.478039285411,0.5985072521727481,0.6887132001694248,0.5539853576152601,0.5219515768882691,0.0,0.6334791320335735,0.6633294671329845,0.6986234475514401,0.6239019391875602,0.8794291158257301,0.9679198270492103,0.9922135502546627,0.37942911582573013,0.16791982704921027,0.04221355025466278,0.00020153164046755341,0.0,0.5714285714285714,0.42857142857142855,0.8315018315018314,0.9171722239845401,0.8917865889904263,0.8825910937982601,-8.075745582580566,0.0003109429671894759
806,1.3807642277609055e-06,1.3807642277609053e-05,1.0,84.2238571579392,4.699925603093328,3.1012443336280615,3.1012443336280615,3.1642208614864864,0.0,0.0,0.2880686682623786,1.7203354706635345,0.09069702431962297,1.7102950843604836,0.0804871804005391,0.021793697331402753,0.0,1.3590975580988705,377.3599556587838,0.20331082472930084,377.1566459037162,0.0,0.0,0.0,0.0,0.0,3.1053338050842285,53.65170669555664,11.244980812072754,44.38798141479492,106.48123168945312,1.0044809579849243,0.7427201867103577,0.25,4.0,0.621470034122467,0.5838647484779358,0.13370445344129556,0.010728744939271255,12.62696647644043,12.28993034362793,0.02669177378757968,,0.771223783493042,0.08548711240291595,,0.14561030268669128,,0.7860864400863647,0.07620825618505478,,0.13770535588264465,,,,,,,,,,,,,,,,,,,,,,,,,,,,,,,,,,,,
807,1.372040353311355e-06,1.3720403533113548e-05,1.0,83.59922666807432,4.697107675913218,3.1598912831899284,3.1598912831899284,3.241836754051415,0.0,0.0,0.2867703051180453,1.7129176371806376,0.08938618608423181,1.6972849046861804,0.0786238296611889,0.021254441222629032,0.0,1.350397677034945,373.9892842060811,0.22826846870216164,373.76092694256755,0.0,0.0,0.0,0.0,0.0,3.580320358276367,49.964019775390625,9.284260749816895,43.022308349609375,102.00276947021484,1.0151571035385132,0.7517439723014832,0.25,4.0,0.6211278438568115,0.564235508441925,0.16265182186234817,0.00931174089068826,14.051342010498047,13.993330001831055,0.004128574240357272,,0.7690661549568176,0.09160919487476349,,0.1511896401643753,,0.7828719615936279,0.0779435932636261,,0.13918444514274597,,,,,,,,,,,,,,,,,,,,,,,,,,,,,,,,,,,,
808,1.3633555298723917e-06,1.3633555298723915e-05,1.0,82.33920370565879,4.721561741184544,3.167708731986381,3.167708731986381,3.244705818794869,0.0,0.0,0.28928782488848714,1.7077844980600718,0.09179019927978516,1.7004718265017948,0.08018898319553684,0.02056979005401199,0.0,1.3744946041622677,367.5126953125,0.20421297485763962,367.3085409628378,0.0,0.0,0.0,0.0,0.0,2.56034779548645,47.29206085205078,13.198168754577637,39.711490631103516,92.15182495117188,1.0130939483642578,0.6472048163414001,0.25,4.0,0.6058822870254517,0.4841548800468445,0.11690283400809717,0.0011133603238866396,1.2687640190124512,0.8498861193656921,0.3301464207448086,,0.7469891309738159,0.09923496097326279,,0.16490308940410614,,0.7641856670379639,0.08416818082332611,,0.1516461968421936,,,,,,,,,,,,,,,,,,,,,,,,,,,,,,,,,,,,
809,1.3547098449000922e-06,1.3547098449000922e-05,1.0,83.33462441934121,4.675189456424198,3.136453370790224,3.136453370790224,3.1970823133313977,0.0,0.0,0.28970205461656723,1.7205851786845439,0.09183990633165515,1.6805369402911212,0.07776741079381995,0.01960564948417045,0.0,1.3681076668404244,372.8924461570946,0.19973967526410077,372.69259396114865,0.0,0.0,0.0,0.0,0.0,2.753704309463501,57.03615951538086,11.761645317077637,50.29817199707031,109.0063705444336,0.9988225102424622,0.6600714921951294,0.25,4.0,0.6259016990661621,0.5401263236999512,0.09251012145748988,0.00860323886639676,7.801700592041016,7.655179023742676,0.018780721788761712,,0.7791909575462341,0.07713578641414642,,0.13939709961414337,,0.7962945699691772,0.07059170305728912,,0.13311368227005005,,,,,,,,,,,,,,,,,,,,,,,,,,,,,,,,,,,,
810,1.3461033854564104e-06,1.3461033854564104e-05,1.0,83.95816617398648,4.661482527449325,3.1140394468565247,3.1140394468565247,3.1808910885372677,0.0,0.0,0.28982296505489863,1.7066447283770587,0.09072479041847023,1.713890281883446,0.08197530540260109,0.021511844686559728,0.0,1.3460063418826542,376.1651446368243,0.21392654728245092,375.9512246621622,0.0,0.0,0.0,0.0,0.0,3.3472015857696533,44.595088958740234,8.588212966918945,37.16005325317383,93.6030044555664,1.025302529335022,0.7753499150276184,0.25,4.0,0.6171270608901978,0.5750290155410767,0.2007085020242915,0.0072874493927125505,13.056498527526855,12.58007526397705,0.03648935911457175,,0.7615943551063538,0.09973868727684021,,0.1595630794763565,,0.7707250118255615,0.08464044332504272,,0.14463451504707336,82.22700144170405,131.62481789017528,0.2185567301562356,-3.854567433451558,82.22699878430241,93.38604220384232,111.10868233316357,138.22912058809672,23.90276554652623,65.8324062140413,137.07857612941575,0.6034055667092667,0.6909751896759242,0.5568052152483949,0.5272802775795835,0.0,0.6366276638367488,0.6656316443561794,0.7022592163174962,0.619856674720798,0.8831482906452677,0.96846945879594,0.992231871312887,0.3831482906452677,0.16846945879594,0.04223187131288708,0.00020153164046755341,0.0,0.554945054945055,0.44505494505494503,0.836080586080586,0.9074025254819419,0.883705294066733,0.8755433333444071,-8.075712203979492,0.00031095335725694895
811,1.3375362382082948e-06,1.3375362382082947e-05,1.0,84.0369774070946,4.627475635425465,3.105697219436233,3.105697219436233,3.1680262797587626,0.0,0.0,0.28793834995579076,1.696595372380437,0.0883589370830639,1.708909524453653,0.08453476106798327,0.023269932012300234,0.0,1.340707624280775,376.78552576013516,0.1998289340251201,376.58569995777026,0.0,0.0,0.0,0.0,0.0,2.782113552093506,55.53538513183594,10.1589937210083,47.158565521240234,112.90678405761719,1.0146905183792114,0.686393678188324,0.25,4.0,0.6272489428520203,0.5403147339820862,0.14119433198380565,0.002125506072874494,7.370800018310547,7.1631083488464355,0.02817762915126764,,0.7783015370368958,0.08694620430469513,,0.14575126767158508,,0.7866142988204956,0.07578754425048828,,0.1375981569290161,,,,,,,,,,,,,,,,,,,,,,,,,,,,,,,,,,,,
812,1.3290084894268234e-06,1.3290084894268234e-05,1.0,83.50203230574324,4.691969175596495,3.1041915481154985,3.1041915481154985,3.1592044314822636,0.0,0.0,0.28872845623944254,1.7012617781355575,0.09020682927724477,1.6996362016007707,0.08065127682041477,0.02162872617309158,0.0,1.3679321907662056,373.8017314189189,0.20171880722045898,373.6000844594595,0.0,0.0,0.0,0.0,0.0,1.7017170190811157,65.29241943359375,15.827022552490234,59.96433639526367,118.32528686523438,0.9838387966156006,0.794908881187439,0.25,4.0,0.631487250328064,0.6159328818321228,0.17793522267206477,0.016497975708502026,4.492606163024902,4.366440773010254,0.028082895637061678,,0.789699912071228,0.06594216078519821,,0.12547460198402405,,0.8251980543136597,0.05743258073925972,,0.11736932396888733,,,,,,,,,,,,,,,,,,,,,,,,,,,,,,,,,,,,
813,1.320520224986334e-06,1.3205202249863341e-05,1.0,84.17177602407095,4.7207839553420605,3.1282921868401603,3.1282921868401603,3.1944893501900338,0.0,0.0,0.2880890047228014,1.7142203047468856,0.09056267222842655,1.7063642965780723,0.08167811342187829,0.02105350107760043,0.0,1.3587091806772593,376.8677153716216,0.20685049005456874,376.66089527027026,0.0,0.0,0.0,0.0,0.0,2.8468058109283447,48.235660552978516,11.223039627075195,41.374149322509766,95.07704162597656,1.025012731552124,0.7640126347541809,0.25,4.0,0.6189367175102234,0.5526721477508545,0.1888663967611336,0.0003036437246963563,7.753371238708496,7.469151496887207,0.036657569084571844,,0.7643634080886841,0.09815128892660141,,0.15815602242946625,,0.7776169776916504,0.07925631105899811,,0.1431267410516739,,,,,,,,,,,,,,,,,,,,,,,,,,,,,,,,,,,,
814,1.3120715303635522e-06,1.3120715303635522e-05,1.0,84.50956107474663,4.767808656434755,3.103800593195735,3.103800593195735,3.162725912558066,0.0,0.0,0.28733949403505066,1.714592186180321,0.08990900580947464,1.7010919725572742,0.08023346436990274,0.021302690377106536,0.0,1.3509449314426731,378.4564769847973,0.22661410151301203,378.22983530405406,0.0,0.0,0.0,0.0,0.0,2.6274962425231934,54.51938247680664,12.27564811706543,46.24643325805664,104.87126159667969,1.0111653804779053,0.7011478543281555,0.25,4.0,0.624493420124054,0.5367240309715271,0.1284412955465587,0.00860323886639676,21.590354919433594,21.6934814453125,-0.0047765090598895854,,0.7753570675849915,0.08391815423965454,,0.1479537934064865,,0.7866538763046265,0.07372792065143585,,0.1396181583404541,,,,,,,,,,,,,,,,,,,,,,,,,,,,,,,,,,,,
815,1.3036624906367407e-06,1.3036624906367406e-05,1.0,84.59748469172297,4.7152738828916805,3.1428445352090373,3.1428445352090373,3.2108193474846916,0.0,0.0,0.2895598024935336,1.7200878246410474,0.09014034271240234,1.6991099795779667,0.08196264988667257,0.02187246406400526,0.0,1.356261072932063,378.9482157939189,0.2076974430599728,378.7405247043919,0.0,0.0,0.0,0.0,0.0,3.0167763233184814,54.61286544799805,12.742232322692871,49.518367767333984,101.6051025390625,1.015859603881836,0.7623392343521118,0.25,4.0,0.630754828453064,0.5708381533622742,0.17165991902834007,0.005566801619433198,16.708290100097656,16.162343978881836,0.03267516412182892,,0.7837685942649841,0.08304672688245773,,0.14479856193065643,,0.7963069677352905,0.07035298645496368,,0.133339986205101,81.38644254076611,127.35965648923852,0.22204134922506868,-4.6367190434382515,81.38644345152082,92.28827479031487,110.39121990506453,137.61682527624598,27.99419621058873,67.46414042628089,128.554327259893,0.617161483122177,0.6938241221352406,0.5584341642657844,0.5317537859236552,0.0,0.6402173541138323,0.6695875425762734,0.7077335550390957,0.620242601285951,0.8827085852478839,0.9682679271554725,0.9920669817888681,0.38270858524788387,0.16826792715547245,0.04206698178886814,0.00025649481514052253,0.0,0.5604395604395604,0.43956043956043955,0.8333333333333335,0.902805642931016,0.8795492373980008,0.8718358325761754,-8.075751304626465,0.00031094119185581803
816,1.2952931904848366e-06,1.2952931904848364e-05,1.0,84.27054740287163,4.70131456529772,3.0898060154270484,3.0898060154270484,3.1459659885715796,0.0,0.0,0.2874845040811075,1.7156822616989549,0.0903415551056733,1.7004059456490181,0.08057373923224372,0.022154463304055703,0.0,1.3605439469620988,377.65891575168916,0.20325593690614444,377.45571157094594,0.0,0.0,0.0,0.0,0.0,2.940171480178833,49.67927932739258,12.71737003326416,42.85457992553711,95.07704162597656,1.0080146789550781,0.5291585922241211,0.25,4.0,0.6105737686157227,0.4349924921989441,0.08380566801619434,0.000708502024291498,2.651397943496704,1.9490300416946411,0.26490474714473433,,0.7554497122764587,0.08977145701646805,,0.16067151725292206,,0.7685732245445251,0.08131155371665955,,0.15011519193649292,,,,,,,,,,,,,,,,,,,,,,,,,,,,,,,,,,,,
817,1.2869637141865976e-06,1.2869637141865976e-05,1.0,84.63895560599663,4.734735024941934,3.1530240033123946,3.1530240033123946,3.227459056957348,0.0,0.0,0.2886754886524097,1.7136755247373838,0.08916026837116964,1.7002397485681482,0.07988943924774995,0.02141022843283576,0.0,1.3586282472352724,379.0204022381757,0.21803007899103938,378.8023384712838,0.0,0.0,0.0,0.0,0.0,2.193751096725464,58.762107849121094,14.552085876464844,48.65553665161133,115.1336669921875,0.9987914562225342,0.6190482974052429,0.25,4.0,0.6296974420547485,0.5316385626792908,0.08218623481781377,0.007793522267206478,1.3708726167678833,1.1405562162399292,0.16800714939581535,,0.7845875024795532,0.07527818530797958,,0.13775983452796936,,0.8002405166625977,0.06925974786281586,,0.13049976527690887,,,,,,,,,,,,,,,,,,,,,,,,,,,,,,,,,,,,
818,1.2786741456197592e-06,1.2786741456197593e-05,1.0,85.10883393158784,4.721966305294552,3.108234508617504,3.108234508617504,3.167011982685811,0.0,0.0,0.2874870300292969,1.7197396561906144,0.08958047145121806,1.703343881143106,0.0805797899091566,0.022703665333825188,0.0,1.3562181833628062,381.64907094594594,0.2149212038194811,381.4340688344595,0.0,0.0,0.0,0.0,0.0,4.1230387687683105,45.53846740722656,7.757289886474609,36.441314697265625,100.02985382080078,0.9980397820472717,0.7128171920776367,0.25,4.0,0.5963335633277893,0.5256267786026001,0.13481781376518218,0.008906882591093117,40.8204345703125,39.114707946777344,0.04178609663248615,,0.7340447306632996,0.1031547486782074,,0.16010735929012299,,0.760039746761322,0.0906384214758873,,0.14932188391685486,,,,,,,,,,,,,,,,,,,,,,,,,,,,,,,,,,,,
819,1.2704245682601858e-06,1.2704245682601856e-05,1.0,82.94804423564189,4.69677734375,3.117403185045397,3.117403185045397,3.178600208179371,0.0,0.0,0.2899420712445233,1.6862329019082558,0.09006929397583008,1.682735236915382,0.08112943494642103,0.020271033854097932,0.0,1.358949919004698,370.9727354307432,0.21771668099068306,370.7549883868243,0.0,0.0,0.0,0.0,0.0,2.5160574913024902,53.22724533081055,12.374341011047363,47.52843475341797,99.67872619628906,1.0165621042251587,0.7060697078704834,0.25,4.0,0.6274212002754211,0.5359116196632385,0.15182186234817813,0.0019230769230769232,4.880167484283447,4.57378625869751,0.0627808833554661,,0.7780690789222717,0.08849158883094788,,0.14755505323410034,,0.7908931374549866,0.07353880256414413,,0.1355680674314499,,,,,,,,,,,,,,,,,,,,,,,,,,,,,,,,,,,,
820,1.2622150651810267e-06,1.2622150651810266e-05,1.0,82.78191643792229,4.685332427153716,3.1216909047719597,3.1216909047719597,3.1846907332136825,0.0,0.0,0.2883224745054503,1.6961179166226774,0.09059346688760293,1.69009729333826,0.08061324583517539,0.020855372016494338,0.0,1.3648347596864443,370.1637721706081,0.2002770965163772,369.96352407094594,0.0,0.0,0.0,0.0,0.0,2.2227089405059814,55.522796630859375,14.438841819763184,50.791770935058594,101.6051025390625,1.0143380165100098,0.7420334219932556,0.25,4.0,0.6280046701431274,0.5600211024284363,0.14665991902834008,0.007793522267206478,5.150787353515625,4.977298736572266,0.03368196064722925,,0.7799485325813293,0.08366706967353821,,0.1475532054901123,,0.7934235334396362,0.07023559510707855,,0.1363408863544464,85.23302134838733,133.71157299272284,0.2322159140402306,6.412762882945302,85.23302046981225,95.38226303843953,113.44322011352959,140.72030914592926,30.77412142072405,70.43552587937938,135.01756950046706,0.6195024070200288,0.6957625550635312,0.5560981238292441,0.5304410507370246,0.0,0.6428458966988132,0.6734571889653276,0.7097721726411194,0.621940766792197,0.8804550950862922,0.968066395515005,0.9921402660217654,0.38045509508629216,0.1680663955150049,0.04214026602176546,0.00031145798981349165,0.0,0.5879120879120879,0.41208791208791207,0.8287545787545788,0.9279402581217525,0.9016894617905984,0.8920975384803919,-8.075789451599121,0.0003109293174929917
821,1.254045719051889e-06,1.254045719051889e-05,1.0,85.23849239864865,4.735645191089527,3.120034088959565,3.120034088959565,3.192892332334776,0.0,0.0,0.29003550555254964,1.7241961504961993,0.08971653757868586,1.7092156281342377,0.07912531414547481,0.02187019103282207,0.0,1.3516521969357052,382.15854624155406,0.22731445931099556,381.9311655405405,0.0,0.0,0.0,0.0,0.0,3.7857444286346436,45.26100540161133,8.420458793640137,36.40576171875,98.47904205322266,1.0158048868179321,0.7310498356819153,0.25,4.0,0.6047043204307556,0.5439607501029968,0.14433198380566803,0.0029352226720647774,6.327754020690918,5.7586164474487305,0.08994306216410798,,0.7438907027244568,0.10638685524463654,,0.1631377786397934,,0.7547920942306519,0.09232844412326813,,0.1528795063495636,,,,,,,,,,,,,,,,,,,,,,,,,,,,,,,,,,,,
822,1.2459166121379979e-06,1.2459166121379978e-05,1.0,84.17120856207771,4.690689499313767,3.095752612964527,3.095752612964527,3.15113150106894,0.0,0.0,0.28877714517954234,1.7019059464738175,0.08959067190015638,1.6895470490326752,0.0797264189333529,0.021236566272941796,0.0,1.3585028777251373,377.21072635135135,0.2093682675748258,377.0013988597973,0.0,0.0,0.0,0.0,0.0,3.753873825073242,44.4917106628418,9.053260803222656,34.30037307739258,97.71267700195312,1.0124785900115967,0.6294392943382263,0.25,4.0,0.6007508635520935,0.4884586036205292,0.11518218623481781,0.00020242914979757084,7.180595397949219,6.516152858734131,0.09253307036417244,,0.7389571666717529,0.10587932169437408,,0.16258351504802704,,0.7512131929397583,0.0936996340751648,,0.1550871729850769,,,,,,,,,,,,,,,,,,,,,,,,,,,,,,,,,,,,
823,1.2378278262993691e-06,1.237827826299369e-05,1.0,84.53664748733108,4.902057132205448,3.1052460541596285,3.1052460541596285,3.175029032939189,0.0,0.0,0.2856111526489258,1.7282508643897805,0.09136362977930017,1.7011451721191406,0.08184510308343011,0.02231016835650882,0.0,1.3540692716031462,377.89783044763516,0.234608083157926,377.6630595439189,0.0,0.0,0.0,0.0,0.0,1.5233858823776245,67.61911010742188,25.14375114440918,65.85794067382812,113.79232025146484,1.0042322874069214,0.6171520352363586,0.25,4.0,0.6441409587860107,0.5084064602851868,0.06497975708502024,0.0036437246963562753,6.521407604217529,6.419103622436523,0.0156874079937656,,0.8060305714607239,0.0649501159787178,,0.12867450714111328,,0.8242741227149963,0.05536307394504547,,0.12036284059286118,,,,,,,,,,,,,,,,,,,,,,,,,,,,,,,,,,,,
824,1.2297794429899846e-06,1.2297794429899846e-05,1.0,83.95566538217905,4.727242547112542,3.110582093934755,3.110582093934755,3.1680258673590584,0.0,0.0,0.2880101848292995,1.7013817864495355,0.08986574250298578,1.6902451386322845,0.08166646313022922,0.0211817928262659,0.0,1.3536001669394004,375.8741817989865,0.22570030109302416,375.6484638935811,0.0,0.0,0.0,0.0,0.0,2.5507800579071045,53.84157180786133,13.044405937194824,46.883052825927734,103.60908508300781,0.9973675608634949,0.6275007128715515,0.25,4.0,0.6088625192642212,0.4864542484283447,0.08066801619433199,0.007489878542510121,32.25542449951172,31.984392166137695,0.008402690015074094,,0.7539703249931335,0.0879509299993515,,0.15491345524787903,,0.778602123260498,0.07799869775772095,,0.1433992087841034,,,,,,,,,,,,,,,,,,,,,,,,,,,,,,,,,,,,
825,1.2217715432569768e-06,1.2217715432569768e-05,1.0,83.78057036528716,4.76851056073163,3.130090043351457,3.130090043351457,3.1965296977275126,0.0,0.0,0.2888833896533863,1.709318006360853,0.09148557121689255,1.6853252101588894,0.08130929921124433,0.021761791126148122,0.0,1.3649960079708614,374.6864706503378,0.20845333305565086,374.4780405405405,0.0,0.0,0.0,0.0,0.0,3.2999022006988525,49.133358001708984,10.563681602478027,40.415714263916016,100.81439971923828,1.0096583366394043,0.5928120613098145,0.25,3.7254340648651123,0.6114836931228638,0.4705231785774231,0.08704453441295547,0.0,6.660125732421875,6.37751579284668,0.04243312377714341,,0.7555554509162903,0.09521335363388062,,0.15654340386390686,,0.7645949125289917,0.08577229827642441,,0.1496327519416809,82.37426175127973,127.35172487063201,0.2261961435037313,1.5592335711468708,82.37426061492454,93.20330834990503,110.997836859192,138.16643675881596,32.528150285993306,67.60989929908929,131.36394732931385,0.6246586970926612,0.6917563967144681,0.5566469052649644,0.5272890163883758,0.0,0.6375791981613335,0.6638470771264191,0.7024403461961549,0.6173506692455799,0.8834231065186325,0.9689641273679968,0.992396760836906,0.38342310651863254,0.1689641273679967,0.04239676083690602,0.00031145798981349165,0.0,0.5769230769230769,0.4230769230769231,0.838827838827839,0.9065011853536407,0.8820729151695639,0.8735023884327857,-8.075780868530273,0.0003109319950453937
826,1.2138042077398073e-06,1.2138042077398072e-05,1.0,85.28377718538852,4.711401862067145,3.08799393112595,3.08799393112595,3.14745433910473,0.0,0.0,0.2882559492781356,1.7291715467298352,0.09061079411893277,1.704866563951647,0.08223568426596152,0.023075008714521252,0.0,1.3576141563621726,382.6597075591216,0.21966735736743823,382.4399809966216,0.0,0.0,0.0,0.0,0.0,4.248005390167236,46.406951904296875,7.518623352050781,40.101200103759766,94.70636749267578,1.0156203508377075,0.6600179076194763,0.25,4.0,0.6100400686264038,0.5017500519752502,0.12489878542510122,0.00020242914979757084,12.724823951721191,12.00333309173584,0.05669947676468726,,0.7520074248313904,0.10208218544721603,,0.15820133686065674,,0.7631869316101074,0.0882033109664917,,0.14860978722572327,,,,,,,,,,,,,,,,,,,,,,,,,,,,,,,,,,,,
827,1.205877516669455e-06,1.2058775166694548e-05,1.0,84.23062051309121,4.703240884316934,3.1013925913217903,3.1013925913217903,3.15977498647329,0.0,0.0,0.2875041961669922,1.7030002490894214,0.09005008517084895,1.6953197169948269,0.07918153582392512,0.02280257682542543,0.0,1.3714821274216111,377.40983952702703,0.20527526494619008,377.2046294341216,0.0,0.0,0.0,0.0,0.0,2.639613151550293,51.048728942871094,11.993621826171875,44.91121292114258,99.25142669677734,1.0092089176177979,0.6330057978630066,0.25,4.0,0.6127271056175232,0.4848648011684418,0.10354251012145749,0.005668016194331984,2.367985725402832,1.6466178894042969,0.30463352386797815,,0.7578742504119873,0.09213519841432571,,0.1565379649400711,,0.7758166193962097,0.07937126606702805,,0.14481209218502045,,,,,,,,,,,,,,,,,,,,,,,,,,,,,,,,,,,,
828,1.1979915498676116e-06,1.1979915498676114e-05,1.0,84.40223817567568,4.763428146774705,3.1017027158994934,3.1017027158994934,3.163239556389886,0.0,0.0,0.28732222479742925,1.7130473368876689,0.08922813389752363,1.7017872784588788,0.08227671159280313,0.022674149758106953,0.0,1.3440101211135451,377.9490603885135,0.23516575065818993,377.7139727618243,0.0,0.0,0.0,0.0,0.0,3.2870922088623047,42.48030090332031,10.19875431060791,34.5019416809082,87.58907318115234,1.0233100652694702,0.7001234292984009,0.25,3.69618558883667,0.6023277044296265,0.49792197346687317,0.1694331983805668,0.0,6.6427507400512695,5.966065406799316,0.10186824099420151,,0.7395923137664795,0.11025504767894745,,0.169778510928154,,0.7537322044372559,0.09124986827373505,,0.15501797199249268,,,,,,,,,,,,,,,,,,,,,,,,,,,,,,,,,,,,
829,1.1901463867458762e-06,1.1901463867458762e-05,1.0,85.572998046875,4.70069019214527,3.099826091044658,3.099826091044658,3.161348497545397,0.0,0.0,0.2884392609467378,1.7246680388579498,0.08993715208929938,1.7011848655906883,0.07929179475114152,0.023357247984087146,0.0,1.3655376949825802,384.1133340371622,0.21370003674481367,383.89965160472974,0.0,0.0,0.0,0.0,0.0,2.1149673461914062,57.950252532958984,13.855899810791016,49.6636848449707,110.72296142578125,1.0102629661560059,0.7157748937606812,0.25,4.0,0.6312987804412842,0.5679242014884949,0.12398785425101215,0.005161943319838057,1.5920151472091675,1.4110257625579834,0.11368571773231045,,0.78513103723526,0.08081778883934021,,0.1420232653617859,,0.7999825477600098,0.06889522075653076,,0.13112220168113708,,,,,,,,,,,,,,,,,,,,,,,,,,,,,,,,,,,,
830,1.1823421063049528e-06,1.1823421063049526e-05,1.0,84.54170845650337,4.857641271642737,3.0899880898965373,3.0899880898965373,3.143168681376689,0.0,0.0,0.28786321588464686,1.7198487359124262,0.09050928579794394,1.6940968487713788,0.08139998203999288,0.022070958807661727,0.0,1.3658810177364864,378.2300464527027,0.23740701417665225,377.9926361908784,0.0,0.0,0.0,0.0,0.0,2.1433005332946777,58.387516021728516,16.297563552856445,49.421749114990234,114.7295150756836,1.014206051826477,0.7831737995147705,0.25,4.0,0.632549524307251,0.5827558040618896,0.1508097165991903,0.006477732793522267,10.740166664123535,10.528671264648438,0.01969200349391012,,0.7863314747810364,0.08262385427951813,,0.14171083271503448,,0.803240180015564,0.06712251156568527,,0.12963727116584778,84.3747795859536,128.6216555079138,0.23507432551588284,9.285199595021677,84.3747805816928,94.81419271828743,112.42307364602286,140.24491697160641,34.338711329868865,71.16483472484026,129.0342440397843,0.6203173264957262,0.696871797624843,0.5566186239401437,0.5314115396850687,0.0,0.6451772168522263,0.6729073577218375,0.7089671802556511,0.6211846231094145,0.879648968524422,0.9679747902238833,0.9922501923711113,0.379648968524422,0.16797479022388329,0.042250192371111384,0.00031145798981349165,0.0,0.5824175824175825,0.4175824175824176,0.8186813186813187,0.925456400510374,0.8993921119433183,0.8897099806057228,-8.07556438446045,0.00031099931220524013
831,1.1745787871338591e-06,1.174578787133859e-05,1.0,83.8817039695946,4.67551648938978,3.132364221521326,3.132364221521326,3.1953339447846285,0.0,0.0,0.28947392025509394,1.7139776075208508,0.0911805823042586,1.6832020733807538,0.08108275645488017,0.021359068316382332,0.0,1.3608459266456399,375.6437130489865,0.20377739055736646,375.4399018158784,0.0,0.0,0.0,0.0,0.0,2.133805513381958,52.119747161865234,16.041763305664062,45.35194778442383,95.8227310180664,1.0135736465454102,0.743064284324646,0.25,4.0,0.6196203827857971,0.5596274137496948,0.15253036437246964,0.01325910931174089,4.0282673835754395,3.5621817111968994,0.11570375747124519,,0.7676692605018616,0.08840176463127136,,0.1553190052509308,,0.7854897975921631,0.07314176857471466,,0.14136843383312225,,,,,,,,,,,,,,,,,,,,,,,,,,,,,,,,,,,,
832,1.1668565074091346e-06,1.1668565074091345e-05,1.0,84.24499181798987,4.79978118071685,3.1026807217984587,3.1026807217984587,3.1639756898622253,0.0,0.0,0.2871186024433858,1.7174964079985748,0.09069055479926032,1.6934765996159733,0.07928058263417836,0.021447605377918965,0.0,1.3567550246779982,376.98508762668916,0.2194104323516021,376.7656513935811,0.0,0.0,0.0,0.0,0.0,2.372745990753174,54.734310150146484,13.67042064666748,48.08868408203125,104.46240997314453,1.0083218812942505,0.6836522817611694,0.25,4.0,0.6248753070831299,0.5459458231925964,0.12307692307692308,0.008097165991902834,6.037978649139404,5.795084476470947,0.04022772963979872,,0.7760118842124939,0.08397344499826431,,0.1444818079471588,,0.788129448890686,0.07421793788671494,,0.13765260577201843,,,,,,,,,,,,,,,,,,,,,,,,,,,,,,,,,,,,
833,1.1591753448940473e-06,1.1591753448940474e-05,1.0,83.71907991976352,4.737374795449747,3.1203060665646114,3.1203060665646114,3.1844678311734587,0.0,0.0,0.2897933238261455,1.696103791932802,0.08963728595424343,1.68769578675966,0.08155201576851509,0.022043176599451014,0.0,1.3555516423405827,374.59454180743245,0.22431448343637828,374.3702227618243,0.0,0.0,0.0,0.0,0.0,2.1211323738098145,59.332557678222656,15.337082862854004,50.39651107788086,114.68480682373047,1.0053279399871826,0.7274556756019592,0.25,4.0,0.6302844285964966,0.5777358412742615,0.13026315789473683,0.010526315789473684,3.4087958335876465,2.987893581390381,0.12347534811267348,,0.7847016453742981,0.0778389573097229,,0.13855329155921936,,0.8017133474349976,0.06793896853923798,,0.1303476244211197,,,,,,,,,,,,,,,,,,,,,,,,,,,,,,,,,,,,
834,1.1515353769378208e-06,1.1515353769378208e-05,1.0,83.5991012985642,4.716485925622888,3.12386755041174,3.12386755041174,3.1817092895507812,0.0,0.0,0.2893071561246305,1.7109193544130068,0.0906659139169229,1.6887035885372677,0.07839853054768331,0.0212104852135117,0.0,1.377067669017895,374.0693359375,0.22433971714329076,373.84491131756755,0.0,0.0,0.0,0.0,0.0,2.992415189743042,48.265892028808594,10.1589937210083,41.374149322509766,95.44915771484375,1.0241550207138062,0.8430829644203186,0.25,4.0,0.6139441728591919,0.5945432782173157,0.21406882591093118,0.004959514170040486,5.9401044845581055,5.489552021026611,0.07584924889835697,,0.7565180063247681,0.10412769019603729,,0.15874426066875458,,0.7752656936645508,0.0819694921374321,,0.1427648365497589,,,,,,,,,,,,,,,,,,,,,,,,,,,,,,,,,,,,
835,1.1439366804748486e-06,1.1439366804748486e-05,1.0,85.43622650971284,4.70900128338788,3.1054299844277873,3.1054299844277873,3.1708386395428634,0.0,0.0,0.2884285643294051,1.7215279244087838,0.08914452630120355,1.7134973680650867,0.08050760707339726,0.022283528302166913,0.0,1.354763752705342,383.3515888935811,0.2153923189317858,383.1361908783784,0.0,0.0,0.0,0.0,0.0,2.2768869400024414,63.131832122802734,11.133527755737305,59.03467559814453,121.13129425048828,0.9992427825927734,0.7320952415466309,0.25,4.0,0.6431317925453186,0.5828962326049805,0.14504048582995951,0.006275303643724696,2.4340243339538574,2.185439109802246,0.10212930934334852,,0.8038584589958191,0.0695793479681015,,0.12458106875419617,,0.8231053352355957,0.060728490352630615,,0.1161661148071289,83.56365224817297,126.86351105379612,0.23441577267539332,7.718085194682027,83.56365238675563,94.26285805339029,111.64590343948637,139.18246344121914,37.41309356689453,70.17998392267745,128.119024525518,0.6214994071255522,0.6858070164435022,0.5516275218974115,0.5164452378136987,0.0,0.6293526656568733,0.6566974199212964,0.6948360435609248,0.6226056156434692,0.8818841376277894,0.9689641273679968,0.9924700450698032,0.3818841376277894,0.1689641273679967,0.04247004506980323,0.00027481587336484554,0.0,0.5824175824175825,0.4175824175824176,0.8434065934065934,0.9182277822887505,0.8910714007995941,0.8808384424710012,-8.075469017028809,0.00031102896900847554
836,1.1363793320239162e-06,1.1363793320239161e-05,1.0,82.79715873099663,4.73324914880701,3.1358543602195947,3.1358543602195947,3.1963709238413216,0.0,0.0,0.2901309245341533,1.6962782370077598,0.09115936305071856,1.6802629006875527,0.07967022947362952,0.021192571601352177,0.0,1.3673027657173775,369.93591638513516,0.22811557151175835,369.70777027027026,0.0,0.0,0.0,0.0,0.0,3.3541457653045654,45.6430549621582,10.50196647644043,37.232704162597656,94.70636749267578,1.008150577545166,0.5292162299156189,0.25,3.349940776824951,0.597561240196228,0.4229515492916107,0.07914979757085021,0.0,2.6421074867248535,1.9813072681427002,0.25010345790332655,,0.7350360155105591,0.10413416475057602,,0.16710960865020752,,0.7484749555587769,0.09353937208652496,,0.15798568725585938,,,,,,,,,,,,,,,,,,,,,,,,,,,,,,,,,,,,
837,1.1288634076874412e-06,1.128863407687441e-05,1.0,85.59537320523648,4.7136948044235645,3.10180478482633,3.10180478482633,3.165320112898543,0.0,0.0,0.2879153328972894,1.7276681436074746,0.08990397968807735,1.7029563285209037,0.08115479108449575,0.022524654865264893,0.0,1.340817116402291,384.1490181587838,0.20619494206196554,383.9428051097973,0.0,0.0,0.0,0.0,0.0,1.6812958717346191,59.68339157104492,22.494735717773438,51.59162521362305,108.15806579589844,1.0048270225524902,0.6649991273880005,0.25,4.0,0.628567636013031,0.5221972465515137,0.11244939271255061,0.00465587044534413,0.6647391319274902,0.4629747271537781,0.3035241872833216,,0.7826181650161743,0.07586625963449478,,0.14520765841007233,,0.8039896488189697,0.06438286602497101,,0.13162752985954285,,,,,,,,,,,,,,,,,,,,,,,,,,,,,,,,,,,,
838,1.1213889831506987e-06,1.1213889831506987e-05,1.0,85.83357527449324,4.754385458456503,3.076644485061233,3.076644485061233,3.1347746977934965,0.0,0.0,0.28722739864040064,1.7373844868428,0.0901430877479347,1.712364506077122,0.08350003087842786,0.02236325676376755,0.0,1.3392645346151817,385.23949535472974,0.22036529231715846,385.01916173986484,0.0,0.0,0.0,0.0,0.0,2.9680275917053223,49.6054573059082,11.092287063598633,41.45503616333008,100.81439971923828,1.0145238637924194,0.7090312242507935,0.25,4.0,0.6145016551017761,0.5354878306388855,0.13562753036437247,0.0019230769230769232,5.665664196014404,5.17911434173584,0.08587693118502067,,0.758912205696106,0.0977405458688736,,0.15517009794712067,,0.7731034159660339,0.08307161182165146,,0.143824964761734,,,,,,,,,,,,,,,,,,,,,,,,,,,,,,,,,,,,
839,1.1139561336810592e-06,1.1139561336810592e-05,1.0,84.78634396114865,4.67891466295397,3.0986934352565454,3.0986934352565454,3.1637800062024914,0.0,0.0,0.28819414087243983,1.721848049679318,0.08993800266368969,1.70355224609375,0.08241443376283387,0.02215504163020366,0.0,1.3553543090820312,380.29127956081084,0.21314057788333376,380.0781513935811,0.0,0.0,0.0,0.0,0.0,3.015930652618408,47.46137237548828,11.35533332824707,39.94485855102539,94.70636749267578,1.0115426778793335,0.8498890995979309,0.25,4.0,0.6009991765022278,0.610505223274231,0.19817813765182185,0.01609311740890688,7.339158058166504,6.475502014160156,0.11767780952003498,,0.7391323447227478,0.10647910833358765,,0.16265448927879333,,0.7608920335769653,0.08782878518104553,,0.15127922594547272,,,,,,,,,,,,,,,,,,,,,,,,,,,,,,,,,,,,
840,1.1065649341272339e-06,1.1065649341272338e-05,1.0,83.54405088682432,4.767539771827492,3.142707618507179,3.142707618507179,3.208177308778505,0.0,0.0,0.2892612766575169,1.7085890898833405,0.09224193160598343,1.679140348692198,0.08030542811831913,0.021850292747085158,0.0,1.3700082108781144,373.45233319256755,0.2234148592562289,373.22888513513516,0.0,0.0,0.0,0.0,0.0,3.8791537284851074,49.524757385253906,8.08365249633789,40.17959976196289,107.3163833618164,1.004692792892456,0.7775002121925354,0.25,4.0,0.6077345013618469,0.5787816643714905,0.15435222672064777,0.02216599190283401,8.040051460266113,7.520601272583008,0.06460781877457193,,0.749893307685852,0.09911955147981644,,0.1551584154367447,,0.7678506374359131,0.08691033720970154,,0.14523902535438538,82.79049349355174,127.23459650655276,0.22969620132095436,1.908879353449895,82.79049523601469,94.07049793445476,111.97726307871116,139.29807744799197,31.995967864990234,69.4401337379633,127.9591475777004,0.6126758823347302,0.6933551215050404,0.5561242779380466,0.5301376354462458,0.0,0.6405802032293176,0.668756860440805,0.7052879274975161,0.618774320202448,0.883166611703492,0.9683228903301455,0.992341797662233,0.383166611703492,0.16832289033014547,0.042341797662233005,0.00027481587336484554,0.0,0.5824175824175825,0.4175824175824176,0.8369963369963369,0.9170479469901913,0.8921988888101263,0.8833544877368015,-8.075389862060547,0.00031105359084904194
841,1.0992154589185216e-06,1.0992154589185216e-05,1.0,84.5262550147804,4.695952131941512,3.1041014387800887,3.1041014387800887,3.163990123851879,0.0,0.0,0.28723590438430374,1.7064180116395693,0.08995262996570484,1.6901418325063344,0.07930031982628075,0.02189513638212874,0.0,1.3458012761296452,378.9202122043919,0.20698686548181483,378.71326013513516,0.0,0.0,0.0,0.0,0.0,2.591600179672241,53.75495147705078,12.471393585205078,41.86185073852539,112.02813720703125,1.0110737085342407,0.6556841135025024,0.25,4.0,0.6124914288520813,0.5055011510848999,0.09159919028340081,0.0019230769230769232,1.6602864265441895,1.2026054859161377,0.27566384529246185,,0.7565970420837402,0.0959756150841713,,0.1580142080783844,,0.7736076712608337,0.08110052347183228,,0.14529180526733398,,,,,,,,,,,,,,,,,,,,,,,,,,,,,,,,,,,,
842,1.0919077820640566e-06,1.0919077820640567e-05,1.0,83.05448954814189,4.754196579391892,3.1466845950564823,3.1466845950564823,3.2146688925253377,0.0,0.0,0.2897485011332744,1.6896428288640202,0.09108388746106946,1.6815351537756018,0.08009035522873337,0.021114244654371932,0.0,1.3717344129407727,371.0678051097973,0.21021831357801282,370.85763302364865,0.0,0.0,0.0,0.0,0.0,1.9868468046188354,62.570804595947266,18.004560470581055,56.995296478271484,115.1336669921875,1.0055183172225952,0.7179045677185059,0.25,4.0,0.6292123198509216,0.552149772644043,0.11356275303643724,0.008299595141700405,10.909934997558594,10.681829452514648,0.02090805720611446,,0.7829866409301758,0.07895664125680923,,0.14003807306289673,,0.8060280084609985,0.06498768925666809,,0.12898433208465576,,,,,,,,,,,,,,,,,,,,,,,,,,,,,,,,,,,,
843,1.0846419771520613e-06,1.0846419771520613e-05,1.0,82.32101192989865,4.65314380542652,3.1385504232870565,3.1385504232870565,3.199821059768264,0.0,0.0,0.2883203094070022,1.6821333395468223,0.09110532580195246,1.6604020402238175,0.07619433145265321,0.01926534401403891,0.0,1.3725976686219912,367.9897592905405,0.19884972958951383,367.79083086993245,0.0,0.0,0.0,0.0,0.0,2.816185474395752,50.176822662353516,12.227788925170898,40.29750442504883,102.00276947021484,1.017539143562317,0.7270023822784424,0.25,4.0,0.6116454005241394,0.5286489129066467,0.15263157894736842,0.0012145748987854252,2.5227434635162354,2.1756045818328857,0.13760371861176188,,0.7544183135032654,0.09989660978317261,,0.1614164263010025,,0.7710717916488647,0.0829114094376564,,0.14601677656173706,,,,,,,,,,,,,,,,,,,,,,,,,,,,,,,,,,,,
844,1.0774181173491125e-06,1.0774181173491124e-05,1.0,85.44023833403716,4.731650275153083,3.1093457196209884,3.1093457196209884,3.170412218248522,0.0,0.0,0.2878632932095914,1.722244778194943,0.08856288162437645,1.6966552734375,0.07886241577767036,0.021389229877575022,0.0,1.3502442643449113,383.2626689189189,0.2289256018561286,383.0335990287162,0.0,0.0,0.0,0.0,0.0,3.297694206237793,46.16267013549805,10.19875431060791,37.232704162597656,97.71267700195312,1.0144367218017578,0.644204318523407,0.25,4.0,0.6085428595542908,0.4993792474269867,0.11953441295546559,0.0005060728744939271,7.009007930755615,6.453222274780273,0.07929590913095523,,0.7500001788139343,0.10171851515769958,,0.1615019142627716,,0.7603649497032166,0.08861187845468521,,0.15102311968803406,,,,,,,,,,,,,,,,,,,,,,,,,,,,,,,,,,,,
845,1.070236275399398e-06,1.070236275399398e-05,1.0,84.26373126055744,4.697475124049831,3.132094924514358,3.132094924514358,3.1954733358847127,0.0,0.0,0.2885732135257205,1.72007400925095,0.08896432051787505,1.6895448839342273,0.08078857370325036,0.022250378454053723,0.0,1.3434366793245882,377.44074641047297,0.21926467483108109,377.22149493243245,0.0,0.0,0.0,0.0,0.0,2.590984344482422,52.3641357421875,13.092905044555664,41.617286682128906,107.3163833618164,1.0130207538604736,0.7115997672080994,0.25,4.0,0.6187118291854858,0.542229950428009,0.1445344129554656,0.004858299595141701,2.46712589263916,2.0379672050476074,0.17395086682523062,,0.7658680081367493,0.09176545590162277,,0.15230192244052887,,0.7825512886047363,0.0776292011141777,,0.13981947302818298,91.30021830967495,142.05404822905686,0.24941731118734844,26.230528150285995,91.3002185705319,102.10433257740166,119.33812431564817,146.9734115095069,31.129125322614396,76.60919863678689,141.65541806428328,0.6240499960605279,0.70481947513575,0.5585455868808216,0.5383660382149859,0.0,0.6555346588515166,0.6799353280151464,0.7170975743722445,0.6243682373162888,0.8764977465098384,0.9663808581583673,0.9918654501484006,0.37649774650983836,0.16638085815836723,0.041865450148400596,0.0003481001062621377,0.0,0.6263736263736264,0.37362637362637363,0.8351648351648352,0.971511956836496,0.9416065916910277,0.9296910435288817,-8.07540512084961,0.0003110488469246775
846,1.0630965236239857e-06,1.0630965236239857e-05,1.0,84.26980838260135,4.7626619081239445,3.115995046254751,3.115995046254751,3.1795004767340584,0.0,0.0,0.2877433364455764,1.7053303074192356,0.08989170435312632,1.6942825317382812,0.07845585410659378,0.0219077467918396,0.0,1.3590952899004962,377.23946896114865,0.20224349563186234,377.0372149493243,0.0,0.0,0.0,0.0,0.0,2.750072956085205,58.13524627685547,9.825304985046387,52.712032318115234,112.90678405761719,1.0125179290771484,0.7939277291297913,0.25,4.0,0.6276822686195374,0.5863915681838989,0.15465587044534412,0.01062753036437247,2.4026079177856445,2.116755962371826,0.11897569857227178,,0.779328465461731,0.08513644337654114,,0.14484277367591858,,0.8008809685707092,0.06886821985244751,,0.13025081157684326,,,,,,,,,,,,,,,,,,,,,,,,,,,,,,,,,,,,
847,1.055998933920097e-06,1.0559989339200968e-05,1.0,85.02072555954392,4.7120695371885555,3.1036337775153084,3.1036337775153084,3.1671738495697848,0.0,0.0,0.28861045837402344,1.7099713505925358,0.08945911639445536,1.695743766990868,0.08146761559151314,0.022543849171818914,0.0,1.340182639457084,381.29753483952703,0.21949273186760979,381.0780194256757,0.0,0.0,0.0,0.0,0.0,3.550349473953247,48.760189056396484,10.139171600341797,45.618465423583984,91.43470001220703,1.0134037733078003,0.7483999133110046,0.25,4.0,0.611808180809021,0.5492159724235535,0.16558704453441295,0.006882591093117409,16.649343490600586,16.145347595214844,0.030271217340808298,,0.7554755210876465,0.09682420641183853,,0.1588924378156662,,0.7693355083465576,0.08267492800951004,,0.14798958599567413,,,,,,,,,,,,,,,,,,,,,,,,,,,,,,,,,,,,
848,1.0489435777603821e-06,1.0489435777603822e-05,1.0,85.11747123099663,4.764164692646748,3.1008599771035685,3.1008599771035685,3.1626234312315247,0.0,0.0,0.28772766525680954,1.7185609147355363,0.09020260862402014,1.7013756004539695,0.08059126621968038,0.022717986557934736,0.0,1.3517292125805005,381.5214315878378,0.21821003991204338,381.3032622466216,0.0,0.0,0.0,0.0,0.0,2.4304351806640625,53.79123306274414,13.587903022766113,47.158565521240234,105.24069213867188,1.0173182487487793,0.7785802483558655,0.25,4.0,0.624176025390625,0.5790302753448486,0.19038461538461537,0.013765182186234818,17.95922088623047,17.646793365478516,0.017396496358675264,,0.773881733417511,0.08716334402561188,,0.15398502349853516,,0.7906572818756104,0.07179861515760422,,0.1375441551208496,,,,,,,,,,,,,,,,,,,,,,,,,,,,,,,,,,,,
849,1.0419305261921987e-06,1.0419305261921985e-05,1.0,83.9012352195946,4.833668064426732,3.1054196744351774,3.1054196744351774,3.1651378322292016,0.0,0.0,0.2866448582829656,1.706363884178368,0.0899562964568267,1.6931369884594067,0.07984519649196316,0.021846184859404694,0.0,1.3587926916173987,375.09393475506755,0.24847409531876846,374.84546558277026,0.0,0.0,0.0,0.0,0.0,3.690464496612549,46.05600357055664,10.520445823669434,38.041282653808594,95.07704162597656,1.0138565301895142,0.7336830496788025,0.25,4.0,0.5973401665687561,0.519727885723114,0.127834008097166,0.004251012145748988,5.814186096191406,5.191142559051514,0.10715920110435034,,0.7336958646774292,0.10849718004465103,,0.16778770089149475,,0.7539747953414917,0.0901411771774292,,0.1558840274810791,,,,,,,,,,,,,,,,,,,,,,,,,,,,,,,,,,,,
850,1.0349598498368975e-06,1.0349598498368976e-05,1.0,84.41276261613176,4.726276707004857,3.1561759742530615,3.1561759742530615,3.2292488716744088,0.0,0.0,0.2883988973256704,1.7098111333073795,0.08949815260397422,1.6928578969594594,0.07984225814406937,0.02185155894305255,0.0,1.3423499030035895,377.9316142314189,0.21460444218403585,377.71700802364865,0.0,0.0,0.0,0.0,0.0,2.4108972549438477,55.53221130371094,14.270624160766602,49.61518478393555,102.00276947021484,1.0174320936203003,0.7542011737823486,0.25,4.0,0.6256930828094482,0.550488293170929,0.1431174089068826,0.0006072874493927126,17.28062629699707,17.219806671142578,0.003519526712122759,,0.7760757207870483,0.08672138303518295,,0.15122462809085846,,0.789519727230072,0.07136370986700058,,0.1391165554523468,85.29669097229674,134.11566680169224,0.2354955962687511,14.75913590651292,85.29669110296311,96.55013958969697,113.93636960761512,141.87333838099093,30.772933959960938,71.43035723072614,132.4798073146654,0.6185146499692266,0.6991989215357151,0.5596768158440785,0.5355305768593245,0.0,0.6477282730690873,0.6745348082732925,0.7106964519114535,0.6221055039614015,0.8794107947675057,0.9678831849327617,0.992176908138214,0.3794107947675057,0.16788318493276166,0.042176908138214064,0.00031145798981349165,0.0,0.6153846153846154,0.38461538461538464,0.8342490842490843,0.9397074289538048,0.9117428817591824,0.9010656430989832,-8.075390815734863,0.0003110532707069069
851,1.028031618889114e-06,1.028031618889114e-05,1.0,84.84167810388513,4.782740824931377,3.1115551510372677,3.1115551510372677,3.1792994318781673,0.0,0.0,0.2879953899899045,1.7195500554265202,0.09094293053085739,1.7050554430162586,0.08512505325111183,0.023201323844291067,0.0,1.3455047607421875,379.98020481418916,0.22797004596607104,379.75229624155406,0.0,0.0,0.0,0.0,0.0,2.216552972793579,58.17618942260742,13.67042064666748,52.09791564941406,108.15806579589844,0.9898338913917542,0.6369895935058594,0.25,4.0,0.6153234243392944,0.5090134143829346,0.073582995951417,0.014068825910931174,1.983461618423462,1.6589716672897339,0.16359779696248733,,0.7651838660240173,0.07733951508998871,,0.1465597301721573,,0.7910622358322144,0.07081803679466248,,0.13811975717544556,,,,,,,,,,,,,,,,,,,,,,,,,,,,,,,,,,,,
852,1.0211459031160545e-06,1.0211459031160546e-05,1.0,84.12041411528716,4.653744259396115,3.1312272355363175,3.1312272355363175,3.196020590292441,0.0,0.0,0.28777524587270376,1.703449146167652,0.08952196868690285,1.6862958959631018,0.07832907985996555,0.0214285624993814,0.0,1.3500760052655194,376.9739231418919,0.2019926792866475,376.77182749155406,0.0,0.0,0.0,0.0,0.0,3.0725226402282715,48.798797607421875,10.258687973022461,40.89212417602539,99.63988494873047,1.0123889446258545,0.7661068439483643,0.25,4.0,0.6059451103210449,0.5553900599479675,0.17307692307692307,0.009210526315789473,4.722707271575928,4.40936279296875,0.0663484862788494,,0.7466608285903931,0.1016053706407547,,0.16203956305980682,,0.7655815482139587,0.08501945436000824,,0.14939898252487183,,,,,,,,,,,,,,,,,,,,,,,,,,,,,,,,,,,,
853,1.0143027718568013e-06,1.0143027718568014e-05,1.0,82.78096626900337,4.691218608134502,3.161845232989337,3.161845232989337,3.2355090991870776,0.0,0.0,0.28884916047792175,1.684877550279772,0.09072505461203086,1.6922036248284418,0.07925857079995645,0.021138244384043926,0.0,1.364014599774335,369.9399282094595,0.1906518807282319,369.74923458614865,0.0,0.0,0.0,0.0,0.0,2.2448902130126953,59.56072235107422,14.184483528137207,51.49095916748047,114.23768615722656,1.0086307525634766,0.8279382586479187,0.25,4.0,0.6346761584281921,0.628715455532074,0.1680161943319838,0.010931174089068825,32.1929817199707,32.40386199951172,-0.006550504745889923,,0.7903284430503845,0.07842135429382324,,0.13621634244918823,,0.8052986264228821,0.06670013070106506,,0.12800125777721405,,,,,,,,,,,,,,,,,,,,,,,,,,,,,,,,,,,,
854,1.007502294021612e-06,1.0075022940216119e-05,1.0,84.61078045819256,4.686413326778927,3.1027186625712626,3.1027186625712626,3.1602420291385136,0.0,0.0,0.2890655672228014,1.7148801442739126,0.08996896486024598,1.6996211490115605,0.08243707708410315,0.02195993307474497,0.0,1.341823165481155,379.3680848817568,0.21922467205975507,379.1488861908784,0.0,0.0,0.0,0.0,0.0,2.1871485710144043,57.33848571777344,14.577692031860352,50.593753814697266,107.3163833618164,1.0104520320892334,0.7893322706222534,0.25,4.0,0.6222272515296936,0.5819060802459717,0.14838056680161943,0.010425101214574899,13.400235176086426,13.31802749633789,0.0061347938053535065,,0.7717431783676147,0.08651169389486313,,0.14980261027812958,,0.7922172546386719,0.07042260468006134,,0.13736015558242798,,,,,,,,,,,,,,,,,,,,,,,,,,,,,,,,,,,,
855,1.00074453809122e-06,1.0007445380912199e-05,1.0,82.92514780405405,4.695463850691512,3.142407803922086,3.142407803922086,3.2058950888144,0.0,0.0,0.2902087907533388,1.694352742787954,0.09195713094762854,1.6757728989059861,0.0786938087360279,0.022254736036867707,0.0,1.3755823083826013,370.7373838682432,0.21884835732949748,370.5185546875,0.0,0.0,0.0,0.0,0.0,1.5309325456619263,63.60163879394531,24.03923988342285,56.773094177246094,113.34868621826172,1.0083409547805786,0.6300802230834961,0.25,4.0,0.6336264610290527,0.4987453520298004,0.09139676113360323,0.0018218623481781376,0.559521496295929,0.3867377042770386,0.3088063517893969,,0.790054202079773,0.07227133959531784,,0.1433797925710678,,0.8092294931411743,0.06058824062347412,,0.13018231093883514,82.6786268045614,127.09746194621182,0.23034594235978492,6.025129506876181,82.67862719536993,93.33985152751372,111.16479948814323,138.97324165565982,31.82540021623884,69.77821178584136,126.59441209876019,0.6180429277593329,0.6893476446338886,0.5550967300901128,0.5264131367355518,0.0,0.6338085892277447,0.6690901628957394,0.7045728425325284,0.6226406383068492,0.8809497636583489,0.9682679271554725,0.9921952291964384,0.38094976365834887,0.16826792715547245,0.04219522919643848,0.00027481587336484554,0.0,0.5879120879120879,0.41208791208791207,0.8489010989010989,0.9185130488905278,0.8921615981629917,0.8826057114280187,-8.075356483459473,0.00031106395181268454
856,9.940295721161552e-07,9.940295721161552e-06,1.0,84.26235219594595,4.729584565033784,3.122368065086571,3.122368065086571,3.1874950512035474,0.0,0.0,0.2894601821899414,1.7024217554040857,0.08934397310824008,1.6961724564835832,0.07823781065038733,0.020851536377056223,0.0,1.3488134435705237,377.33670291385135,0.20681071925807643,377.1298828125,0.0,0.0,0.0,0.0,0.0,2.435335159301758,55.388397216796875,12.038214683532715,44.823577880859375,113.79232025146484,1.0175691843032837,0.7941573858261108,0.25,4.0,0.6276344656944275,0.6044679880142212,0.17216599190283402,0.005465587044534413,3.1073696613311768,2.779954671859741,0.10536724791577359,,0.7783021926879883,0.08935176581144333,,0.14440873265266418,,0.7920293211936951,0.07383214682340622,,0.1341385543346405,,,,,,,,,,,,,,,,,,,,,,,,,,,,,,,,,,,,
857,9.873574637160484e-07,9.873574637160486e-06,1.0,84.25357633023648,4.700405223949535,3.107428060995566,3.107428060995566,3.168132885082348,0.0,0.0,0.2858478700792467,1.7082809242042336,0.09047869089487437,1.693903330210093,0.07945665153297218,0.02291798108332866,0.0,1.3545530164563977,377.5122202280405,0.20273407085521802,377.3095175253378,0.0,0.0,0.0,0.0,0.0,2.1179933547973633,60.32481384277344,16.9401798248291,53.699241638183594,110.29129791259766,1.0165830850601196,0.7775247693061829,0.25,4.0,0.6330288648605347,0.5746527910232544,0.16052631578947368,0.001417004048582996,7.617286205291748,7.653254508972168,-0.004721931500411872,,0.786968469619751,0.08192726224660873,,0.1444959193468094,,0.8035980463027954,0.06552780419588089,,0.13087418675422668,,,,,,,,,,,,,,,,,,,,,,,,,,,,,,,,,,,,
858,9.807282800789577e-07,9.807282800789577e-06,1.0,84.07697687922297,4.643937394425675,3.0928707638302364,3.0928707638302364,3.1523179750184753,0.0,0.0,0.2870605571849926,1.6955500422297298,0.0899564639942066,1.6912729417955554,0.07989336348868706,0.02242518437875284,0.0,1.3452312366382495,376.9985747466216,0.18675154608649178,376.81186655405406,0.0,0.0,0.0,0.0,0.0,2.9779651165008545,57.13676452636719,13.16984748840332,47.90120315551758,113.79232025146484,1.0178669691085815,0.7368375658988953,0.25,4.0,0.6326978206634521,0.5616142749786377,0.15880566801619433,0.005668016194331984,43.817012786865234,44.90214538574219,-0.024765097615286016,,0.7865400910377502,0.0819113701581955,,0.14462709426879883,,0.7957077622413635,0.07029014825820923,,0.13400208950042725,,,,,,,,,,,,,,,,,,,,,,,,,,,,,,,,,,,,
859,9.74142087960688e-07,9.74142087960688e-06,1.0,83.79863017314189,4.6672346785261825,3.112225712956609,3.112225712956609,3.1715292028478674,0.0,0.0,0.2880967629922403,1.7065311122584987,0.08958629015329722,1.7006079184042442,0.08048521505819785,0.021538423525320517,0.0,1.3445012891614758,375.3701963682432,0.20304929887926257,375.16717694256755,0.0,0.0,0.0,0.0,0.0,2.599520444869995,54.24856948852539,11.003819465637207,48.56059646606445,105.65259552001953,1.017504334449768,0.8322116732597351,0.25,4.0,0.626955509185791,0.6062871217727661,0.1902834008097166,0.01325910931174089,17.20852279663086,17.120527267456055,0.005113485347622792,,0.7773517966270447,0.08959104865789413,,0.14483819901943207,,0.7932729721069336,0.0722665935754776,,0.1344604343175888,,,,,,,,,,,,,,,,,,,,,,,,,,,,,,,,,,,,
860,9.67598953684123e-07,9.67598953684123e-06,1.0,83.37725005278716,4.709421518686655,3.0937809299778296,3.0937809299778296,3.15073807175095,0.0,0.0,0.28798600789662954,1.696991997796136,0.09037264617713722,1.68972871110246,0.0794186849851866,0.02181811590452452,0.0,1.362397374333562,373.16284839527026,0.20349757735793655,372.95932749155406,0.0,0.0,0.0,0.0,0.0,2.442009687423706,55.53041458129883,13.590554237365723,50.89107131958008,102.00276947021484,1.024693250656128,0.7960737943649292,0.25,4.0,0.6324238777160645,0.58024001121521,0.20334008097165993,0.005566801619433198,19.4915714263916,19.185985565185547,0.015677846312190675,,0.7847310900688171,0.0866079032421112,,0.15163564682006836,,0.7961397171020508,0.06892801076173782,,0.134932279586792,83.43914128397847,125.50367032609336,0.23622167563339358,15.203528896792905,83.4391407732375,93.5559598685349,111.44076995563836,139.59643868904115,39.54915073939732,70.68195248389429,125.8936475670856,0.6205691037173997,0.6922788924200156,0.5560740886821176,0.5267738904644288,0.0,0.6383838651225203,0.666795254476225,0.707027030646328,0.6237480243279527,0.8786046682056355,0.9681396797479023,0.9924517240115789,0.37860466820563554,0.16813967974790223,0.04245172401157893,0.00027481587336484554,0.0,0.6153846153846154,0.38461538461538464,0.8406593406593407,0.9269074689555954,0.8978891739478478,0.886581322485274,-8.075331687927246,0.00031107166432775557
861,9.610989431385501e-07,9.610989431385501e-06,1.0,83.73560889991555,4.721099028716216,3.1110833657754435,3.1110833657754435,3.1814698915223816,0.0,0.0,0.28775575998667124,1.7029541634224556,0.09137132361128524,1.6960823471481736,0.07911118301185402,0.021404704532107792,0.0,1.36318454226932,374.7983266469595,0.20810825760300095,374.59021326013516,0.0,0.0,0.0,0.0,0.0,1.5660489797592163,59.642887115478516,21.88370704650879,54.598148345947266,102.4020004272461,1.009378433227539,0.6634925007820129,0.25,4.0,0.6336175799369812,0.5264701843261719,0.10850202429149798,0.006376518218623482,0.5590238571166992,0.4216965436935425,0.2456555506082613,,0.7901596426963806,0.07198240607976913,,0.14241303503513336,,0.8060338497161865,0.06199168786406517,,0.13197451829910278,,,,,,,,,,,,,,,,,,,,,,,,,,,,,,,,,,,,
862,9.546421217790034e-07,9.546421217790033e-06,1.0,85.65364363386824,4.733239251214105,3.1011022619298987,3.1011022619298987,3.165680962639886,0.0,0.0,0.2880057773074588,1.723672815271326,0.08963686066704828,1.712397188753695,0.08149149611189559,0.024750337407395646,0.0,1.348962113663957,384.33612225506755,0.22803226677147118,384.10802892736484,0.0,0.0,0.0,0.0,0.0,3.3406803607940674,51.04597091674805,11.005966186523438,40.65322494506836,106.06610870361328,0.9990719556808472,0.7315322160720825,0.25,4.0,0.6038013696670532,0.5587349534034729,0.11609311740890688,0.013157894736842105,5.829782962799072,5.0246429443359375,0.13810806055746547,,0.7460870742797852,0.09361664205789566,,0.1559440791606903,,0.7691025733947754,0.083668053150177,,0.1472293734550476,,,,,,,,,,,,,,,,,,,,,,,,,,,,,,,,,,,,
863,9.482285546256034e-07,9.482285546256033e-06,1.0,83.72707717483108,4.684004500105575,3.12179049930057,3.12179049930057,3.1845329903267525,0.0,0.0,0.28813016736829605,1.701914916167388,0.09060692142795872,1.6907362035802893,0.0824993236644848,0.021942618730905895,0.0,1.3561671488993876,374.88634923986484,0.22799504769814982,374.6584934543919,0.0,0.0,0.0,0.0,0.0,3.4118306636810303,51.4531364440918,10.584334373474121,43.44450378417969,104.42169952392578,1.01980459690094,0.7922075986862183,0.25,4.0,0.6244242191314697,0.5801361799240112,0.18461538461538463,0.009716599190283401,26.995655059814453,27.23952293395996,-0.009033597206853034,,0.7735249996185303,0.09031776338815689,,0.15275335311889648,,0.7828253507614136,0.07695430517196655,,0.14022034406661987,,,,,,,,,,,,,,,,,,,,,,,,,,,,,,,,,,,,
864,9.418583062629005e-07,9.418583062629005e-06,1.0,83.7270309860642,4.67990442224451,3.1561417450775973,3.1561417450775973,3.232512396735114,0.0,0.0,0.28807609145705765,1.7018162495381124,0.09064245868373562,1.6809719188793286,0.08409467903343407,0.022922820336109883,0.0,1.3531885920344173,374.74089421452703,0.20679364333281647,374.5341005067568,0.0,0.0,0.0,0.0,0.0,2.7891876697540283,54.7899284362793,10.877742767333984,50.49503707885742,104.83039093017578,1.0021799802780151,0.8510996699333191,0.25,4.0,0.6218751072883606,0.6392205357551575,0.19807692307692307,0.02206477732793522,36.07331848144531,31.277530670166016,0.13294556789240392,,0.7721906304359436,0.0841691866517067,,0.14290882647037506,,0.7941677570343018,0.07189114391803741,,0.13394112884998322,,,,,,,,,,,,,,,,,,,,,,,,,,,,,,,,,,,,
865,9.355314408392233e-07,9.355314408392233e-06,1.0,83.6014305320946,4.666085732949747,3.108326061351879,3.108326061351879,3.1672286987304688,0.0,0.0,0.2888095443313186,1.6949840236354519,0.08914479049476418,1.6935078388935811,0.08108330417323757,0.021873414516448975,0.0,1.345345162056588,374.4246991131757,0.18747765309101827,374.2371463260135,0.0,0.0,0.0,0.0,0.0,2.500209093093872,55.6928825378418,13.910131454467773,50.10207748413086,102.4020004272461,1.0140610933303833,0.6782174110412598,0.25,4.0,0.6262965798377991,0.5256170034408569,0.11356275303643724,0.003137651821862348,22.868053436279297,23.4365291595459,-0.024858946777023726,,0.7776769995689392,0.08346250653266907,,0.1499909609556198,,0.7866357564926147,0.07253880798816681,,0.14082542061805725,88.48225352528331,139.4104377115332,0.24625547009729234,19.983477581988325,88.48225247851892,99.10077685923102,116.44694853604564,144.25114033334788,36.17408316476004,74.01326272653979,137.0182753853176,0.6382457704263167,0.6978839545136891,0.5555961886876997,0.5301500895703227,0.0,0.6458619729013245,0.673467728830657,0.7093702184547069,0.6240403664513553,0.8779084679931113,0.9673152321278077,0.9920120186141952,0.3779084679931113,0.16731523212780763,0.042012018614195235,0.00040306328093510683,0.0,0.6098901098901099,0.3901098901098901,0.8315018315018315,0.9562463265853923,0.9277970728638408,0.9166999055625318,-8.075366973876953,0.00031106072128750384
866,9.292480220660374e-07,9.292480220660373e-06,1.0,84.77462521114865,4.788217080605997,3.120393701501795,3.120393701501795,3.1867851051124365,0.0,0.0,0.2888487738531989,1.7180503639014992,0.09077837660505965,1.7038013355152026,0.08354993768640466,0.023365502421920363,0.0,1.34305325069943,379.5785209037162,0.2552566012820682,379.3233213682432,0.0,0.0,0.0,0.0,0.0,2.5619430541992188,56.049922943115234,10.543069839477539,49.3253173828125,110.72296142578125,1.0230603218078613,0.8417912125587463,0.25,4.0,0.6320967078208923,0.6135926842689514,0.22267206477732793,0.006477732793522267,5.6892852783203125,5.378300189971924,0.054661538863841785,,0.7841227054595947,0.08873260766267776,,0.14556750655174255,,0.7991490960121155,0.0705282986164093,,0.13032259047031403,,,,,,,,,,,,,,,,,,,,,,,,,,,,,,,,,,,,
867,9.230081132173008e-07,9.230081132173008e-06,1.0,83.74305848817568,4.73883056640625,3.156197006637986,3.156197006637986,3.2246825759475297,0.0,0.0,0.29059095640440247,1.7061899546030406,0.08999499114784035,1.700522757865287,0.08008224255329854,0.020943615887616132,0.0,1.3442154961663324,374.50995038006755,0.2319915616834486,374.27800358952703,0.0,0.0,0.0,0.0,0.0,3.560495376586914,44.66088104248047,10.920316696166992,38.19016647338867,89.66619110107422,1.0071344375610352,0.6190589070320129,0.25,3.3630599975585938,0.5868739485740662,0.44419950246810913,0.09180161943319838,0.0,7.340023040771484,6.685354232788086,0.08919165571373854,,0.7197809815406799,0.10873521864414215,,0.17580504715442657,,0.7408328056335449,0.09400587528944016,,0.16516129672527313,,,,,,,,,,,,,,,,,,,,,,,,,,,,,,,,,,,,
868,9.168117771288248e-07,9.168117771288248e-06,1.0,84.83692725929055,4.670417991844383,3.10642654831345,3.10642654831345,3.165051640690984,0.0,0.0,0.28777851929535736,1.714187106570682,0.09097217224739693,1.688342738795925,0.08137086275461558,0.02169154302493946,0.0,1.3442672523292336,380.5772276182432,0.19263458251953125,380.3846600506757,0.0,0.0,0.0,0.0,0.0,1.9143145084381104,61.88507080078125,17.416566848754883,57.44231414794922,110.72296142578125,1.0043233633041382,0.6027736663818359,0.25,4.0,0.6327074766159058,0.5126639604568481,0.07773279352226721,0.0034412955465587046,1.7312848567962646,1.5084905624389648,0.12868725414116988,,0.7888878583908081,0.07287214696407318,,0.14033153653144836,,0.8027625679969788,0.06522837281227112,,0.1320090889930725,,,,,,,,,,,,,,,,,,,,,,,,,,,,,,,,,,,,
869,9.106590761976455e-07,9.106590761976455e-06,1.0,84.72242530616555,4.80193720637141,3.0900115966796875,3.0900115966796875,3.145070050213788,0.0,0.0,0.28731168282998576,1.7234230041503906,0.09130051329329207,1.6930022368559967,0.0821202059049864,0.021594506663245125,0.0,1.3493768846666492,379.4132442989865,0.22706281816637194,379.18618032094594,0.0,0.0,0.0,0.0,0.0,2.36159348487854,54.00891876220703,13.537569999694824,46.336849212646484,104.42169952392578,1.0191574096679688,0.7581154108047485,0.25,4.0,0.6232772469520569,0.5585691332817078,0.15516194331983807,0.007894736842105263,16.98316764831543,16.82612419128418,0.009247006228948534,,0.7722892165184021,0.08936069160699844,,0.1524752527475357,,0.7860922813415527,0.07427223026752472,,0.13963547348976135,,,,,,,,,,,,,,,,,,,,,,,,,,,,,,,,,,,,
870,9.045500723813944e-07,9.045500723813943e-06,1.0,83.97511085304055,4.77460376636402,3.0956447704418286,3.0956447704418286,3.152753056706609,0.0,0.0,0.28811184135643214,1.7049636840820312,0.09058363373215134,1.6964694873706714,0.08154750514674831,0.022017836570739746,0.0,1.3456117784654773,375.80057010135135,0.22562653309590108,375.57495777027026,0.0,0.0,0.0,0.0,0.0,2.156761884689331,54.612972259521484,17.013113021850586,45.08699035644531,106.06610870361328,1.0109403133392334,0.6695676445960999,0.25,4.0,0.6210875511169434,0.5303869843482971,0.11366396761133603,0.00951417004048583,21.760456085205078,20.772846221923828,0.04538553141598559,,0.770764946937561,0.08379148691892624,,0.1527521163225174,,0.7837508916854858,0.07363630831241608,,0.14261284470558167,88.73187545105651,140.11594608314138,0.2422981679256083,24.339353247003242,88.73187530012589,99.83251807248641,117.29516541590394,145.17415244250313,30.64751652308873,74.46874396745548,137.56958140497622,0.6288740053394812,0.7053903865676074,0.5623418421081484,0.5418553847794356,0.0,0.6569843134599509,0.6790938891031145,0.7074122872440162,0.6234103999716619,0.8772489098970356,0.9676633322340699,0.9920120186141952,0.37724890989703563,0.16766333223406982,0.042012018614195235,0.00042138433915942983,0.0,0.6428571428571429,0.35714285714285715,0.8342490842490842,0.96142593730282,0.9311935058334372,0.9189819058219155,-8.07532787322998,0.00031107282848097384
871,8.984848271976695e-07,8.984848271976694e-06,1.0,84.03388275971284,4.691885458456503,3.132758888038429,3.132758888038429,3.1991504978489234,0.0,0.0,0.28820290436615814,1.7014133350269214,0.08886562811361777,1.6969185906487543,0.08062516676413047,0.022885345123909617,0.0,1.3426583779824746,376.3285472972973,0.21911432936384873,376.1094277871622,0.0,0.0,0.0,0.0,0.0,2.600944995880127,58.648441314697266,13.801880836486816,52.918338775634766,108.58139038085938,1.012320876121521,0.7002766728401184,0.25,3.8165650367736816,0.6277588605880737,0.5267333388328552,0.1242914979757085,0.0,10.902487754821777,11.1814603805542,-0.02558797881786589,,0.7799095511436462,0.08295906335115433,,0.1453758329153061,,0.7968341708183289,0.06884553283452988,,0.13432030379772186,,,,,,,,,,,,,,,,,,,,,,,,,,,,,,,,,,,,
872,8.924634017234235e-07,8.924634017234234e-06,1.0,82.55749841638513,4.734504493507179,3.160545555320946,3.160545555320946,3.227184192554371,0.0,0.0,0.28944348000191356,1.6856232720452387,0.09022754591864508,1.6753063717403927,0.0785242222450875,0.01998119579779135,0.0,1.3630872159390837,368.6305690456081,0.20938344903894374,368.4211887668919,0.0,0.0,0.0,0.0,0.0,2.4052412509918213,54.1524772644043,12.739747047424316,48.60806655883789,101.208984375,1.0174832344055176,0.7211704254150391,0.25,4.0,0.6252233386039734,0.5437709093093872,0.12995951417004048,0.0004048582995951417,11.923423767089844,11.884347915649414,0.0032772341404390887,,0.7748434543609619,0.0896017849445343,,0.1503245234489441,,0.7854301929473877,0.0744737908244133,,0.14009606838226318,,,,,,,,,,,,,,,,,,,,,,,,,,,,,,,,,,,,
873,8.864858565943469e-07,8.864858565943468e-06,1.0,83.10467694256756,4.6610994081239445,3.150120090793919,3.150120090793919,3.21856689453125,0.0,0.0,0.28848756326211467,1.69320771500871,0.08957337044380806,1.6922423904006545,0.08080633910926613,0.021280485230523186,0.0,1.3538915273305532,371.7593697212838,0.195213575620909,371.56421558277026,0.0,0.0,0.0,0.0,0.0,2.396751880645752,55.85737609863281,12.347786903381348,45.88654327392578,114.23768615722656,1.0076110363006592,0.572774350643158,0.25,4.0,0.6241618394851685,0.4962957203388214,0.07621457489878543,0.0009109311740890688,0.8051406145095825,0.5906006097793579,0.2664627778849569,,0.7753535509109497,0.08231151849031448,,0.14704059064388275,,0.7859563827514648,0.07547961175441742,,0.13856402039527893,,,,,,,,,,,,,,,,,,,,,,,,,,,,,,,,,,,,
874,8.805522520042486e-07,8.805522520042486e-06,1.0,84.79140493032095,4.740490475216427,3.10467529296875,3.10467529296875,3.1659708796320736,0.0,0.0,0.28883596368738124,1.7224833514239337,0.09110928226161648,1.7101402282714844,0.08187356510677853,0.021697286013010388,0.0,1.3452884570972339,379.9736592060811,0.22297067899961728,379.7506862331081,0.0,0.0,0.0,0.0,0.0,3.341416835784912,56.60126495361328,10.877742767333984,49.6636848449707,112.90678405761719,1.003929615020752,0.6259812116622925,0.25,4.0,0.6174715161323547,0.4961389899253845,0.05961538461538462,0.0025303643724696357,13.776763916015625,12.953758239746094,0.059738678929728846,,0.7656729817390442,0.08614236116409302,,0.15068602561950684,,0.782081127166748,0.07677432894706726,,0.14114457368850708,,,,,,,,,,,,,,,,,,,,,,,,,,,,,,,,,,,,
875,8.746626477044626e-07,8.746626477044626e-06,1.0,83.32988677153716,4.72228632746516,3.1527600675015837,3.1527600675015837,3.2215772061734587,0.0,0.0,0.28891279890730576,1.6995241319811023,0.09060736604639001,1.6892107370737437,0.08208928237090239,0.021305166386269236,0.0,1.3509509112383868,372.5590160472973,0.22028402380041173,372.33868243243245,0.0,0.0,0.0,0.0,0.0,2.694554090499878,47.36625671386719,14.92630386352539,39.866920471191406,89.31660461425781,1.011902093887329,0.5804499983787537,0.25,3.805260181427002,0.6029371023178101,0.44302791357040405,0.0867408906882591,0.0,5.284768581390381,4.900231838226318,0.07276321323097443,,0.7430823445320129,0.0988675057888031,,0.1689799576997757,,0.7566322684288025,0.08603093028068542,,0.15733680129051208,87.37144193544492,139.9582163744387,0.24295187833091864,15.153198661385002,87.3714421243626,98.70297980889106,116.06938562638483,143.97340981270156,36.59494127546038,73.01743032765943,135.35194197944972,0.6363840388785588,0.7039771068091186,0.5597937922552738,0.5392185972472545,0.0,0.6547968775536857,0.677785645243031,0.7179377742944119,0.6206960821146824,0.8777802205855411,0.9670220951962185,0.9918104869737276,0.37778022058554106,0.16702209519621847,0.04181048697372769,0.0004397053973837529,0.0,0.5879120879120879,0.41208791208791207,0.816849816849817,0.946691310094608,0.9202384158641428,0.9101574020562592,-8.075628280639648,0.0003109794342890382
876,8.688171030032391e-07,8.688171030032392e-06,1.0,83.89490076013513,4.697458628061655,3.1017870516390413,3.1017870516390413,3.15993747195682,0.0,0.0,0.28731224987957926,1.7074804563780088,0.0899198055267334,1.6992143167031777,0.08056984076628813,0.020361885831162736,0.0,1.34352462356155,375.7558329814189,0.19854628073202596,375.55727407094594,0.0,0.0,0.0,0.0,0.0,2.4418373107910156,54.049137115478516,14.292949676513672,46.51820755004883,104.01460266113281,0.9956685304641724,0.6656782627105713,0.25,4.0,0.6069721579551697,0.5121572613716125,0.12176113360323887,0.010931174089068825,1.8826687335968018,1.5585466623306274,0.17216096782302506,,0.7513396143913269,0.08898115903139114,,0.1541321873664856,,0.7779763340950012,0.07752759754657745,,0.1444961130619049,,,,,,,,,,,,,,,,,,,,,,,,,,,,,,,,,,,,
877,8.630156767651482e-07,8.630156767651481e-06,1.0,83.5526024070946,4.630701425913218,3.110623333905194,3.110623333905194,3.1701602420291386,0.0,0.0,0.28860752002612966,1.7018177960370038,0.09118149087235734,1.6895670504183382,0.08157369252797719,0.021985382647127717,0.0,1.3462365640176308,374.3408730996622,0.19826229198558912,374.1426836993243,0.0,0.0,0.0,0.0,0.0,3.143500566482544,57.036190032958984,12.69255542755127,48.371280670166016,112.90678405761719,1.008330225944519,0.7254769802093506,0.25,4.0,0.6188634037971497,0.5423269271850586,0.1076923076923077,0.0032388663967611335,22.232872009277344,21.721757888793945,0.02298911810719373,,0.7668886780738831,0.08870252966880798,,0.15017007291316986,,0.7861307859420776,0.07516196370124817,,0.138707235455513,,,,,,,,,,,,,,,,,,,,,,,,,,,,,,,,,,,,
878,8.572584274104867e-07,8.572584274104867e-06,1.0,84.19229703336148,4.880623482369088,3.108661754711254,3.108661754711254,3.1736802797059753,0.0,0.0,0.2876070383432749,1.7194271603146114,0.09047401273572767,1.6932679253655512,0.08020154849903004,0.02152631089494035,0.0,1.3553136877111487,376.2826224662162,0.2309110486829603,376.0516786317568,0.0,0.0,0.0,0.0,0.0,2.115056037902832,55.60890579223633,16.910417556762695,49.133018493652344,102.4020004272461,1.0113029479980469,0.8166340589523315,0.25,4.0,0.6158673763275146,0.587704598903656,0.1646761133603239,0.01730769230769231,5.5335001945495605,5.170056343078613,0.06568064311788326,,0.7624214291572571,0.0900149866938591,,0.15624156594276428,,0.7864354252815247,0.072373166680336,,0.14119142293930054,,,,,,,,,,,,,,,,,,,,,,,,,,,,,,,,,,,,
879,8.515454129146938e-07,8.515454129146938e-06,1.0,84.58315957559121,4.757275967984586,3.0695114135742188,3.0695114135742188,3.128856968235325,0.0,0.0,0.2880368877101589,1.719350866369299,0.09001690632588155,1.7131681700010557,0.08315781000498179,0.02320568948178678,0.0,1.344516032450908,379.02280405405406,0.23401608338227142,378.78879856418916,0.0,0.0,0.0,0.0,0.0,1.5258159637451172,64.6759033203125,18.004560470581055,64.08153533935547,110.29129791259766,0.9891408681869507,0.7193912267684937,0.25,4.0,0.6319921016693115,0.5646820068359375,0.125,0.011437246963562754,11.833645820617676,11.737861633300781,0.008094224617573937,,0.7900416851043701,0.06643736362457275,,0.12921862304210663,,0.8212217092514038,0.05757815018296242,,0.12120014429092407,,,,,,,,,,,,,,,,,,,,,,,,,,,,,,,,,,,,
880,8.458766908077603e-07,8.458766908077604e-06,1.0,84.20018871410473,4.724252236855997,3.0944640700881547,3.0944640700881547,3.155272406500739,0.0,0.0,0.2890346114699905,1.703514305320946,0.08959136782465754,1.698434881261877,0.08067590481526143,0.02118082465352239,0.0,1.3520721229347024,377.1824588260135,0.21846224810626055,376.9639727618243,0.0,0.0,0.0,0.0,0.0,3.0405220985412598,56.54921340942383,11.417612075805664,50.39651107788086,109.0063705444336,1.0102232694625854,0.7881823778152466,0.25,4.0,0.625386118888855,0.5769625902175903,0.18289473684210528,0.0069838056680161945,15.958086013793945,16.272119522094727,-0.019678644922037334,,0.776530921459198,0.0844108909368515,,0.1451663225889206,,0.7951991558074951,0.07108627259731293,,0.13371458649635315,82.66300649957343,128.6771948154286,0.22197070942399297,-12.820540082323681,82.66300631466733,93.310868302971,111.09538750656935,137.61993190406412,28.192847115652903,66.89001340644305,135.1849026887313,0.6232778321081744,0.6905540056228272,0.556701116297545,0.5309629572911133,0.0,0.6366909139870893,0.6665851116620995,0.7001262651729209,0.6172017147700637,0.884925433293027,0.9687809167857535,0.9920303396724195,0.384925433293027,0.16878091678575347,0.04203033967241954,0.00031145798981349165,0.0,0.521978021978022,0.47802197802197804,0.8232600732600731,0.892789985370505,0.8724535241886809,0.866283023259142,-8.075518608093262,0.0003110135439783335
881,8.402523181736555e-07,8.402523181736554e-06,1.0,84.97137616131756,4.692104442699535,3.066578839276288,3.066578839276288,3.12131067224451,0.0,0.0,0.2864571133175412,1.7138024407464105,0.08940210857906856,1.7100060952676308,0.0822726262582315,0.023865649829039704,0.0,1.3430671691894531,381.3193623310811,0.20834931811770876,381.1110377956081,0.0,0.0,0.0,0.0,0.0,3.820061683654785,47.782203674316406,8.019180297851562,39.479488372802734,101.208984375,1.0112767219543457,0.694237470626831,0.25,4.0,0.6082325577735901,0.5260391235351562,0.14129554655870447,0.008805668016194331,38.90863800048828,38.66437530517578,0.0062778526277233,,0.7505565285682678,0.09770982712507248,,0.16117794811725616,,0.7624973058700562,0.08727923035621643,,0.1502234786748886,,,,,,,,,,,,,,,,,,,,,,,,,,,,,,,,,,,,
882,8.346723516497496e-07,8.346723516497495e-06,1.0,83.90019927153716,4.71949644346495,3.152598613017314,3.152598613017314,3.225754196579392,0.0,0.0,0.28952995506492823,1.6957866565601245,0.08954448313326449,1.6926456142116237,0.07926962826703046,0.02161969687487628,0.0,1.3545633264490076,375.43042652027026,0.22033949156065244,375.2100665118243,0.0,0.0,0.0,0.0,0.0,3.1714720726013184,47.93574523925781,10.602957725524902,39.019535064697266,100.02985382080078,1.0036615133285522,0.7098005414009094,0.25,4.0,0.5989663004875183,0.5235493183135986,0.10546558704453442,0.012044534412955466,8.711274147033691,8.30062198638916,0.047140309639361305,,0.7377382516860962,0.10111169517040253,,0.1634049117565155,,0.7599047422409058,0.087955541908741,,0.15213966369628906,,,,,,,,,,,,,,,,,,,,,,,,,,,,,,,,,,,,
883,8.291368474262429e-07,8.291368474262428e-06,1.0,84.11251583614865,4.713383855046453,3.0998477420291386,3.0998477420291386,3.1624951749234587,0.0,0.0,0.28833464029672984,1.699982720452386,0.09046569386044064,1.6890337145006336,0.07898359685330777,0.02169254663828257,0.0,1.356719970703125,376.78842905405406,0.19398868406141126,376.5944362331081,0.0,0.0,0.0,0.0,0.0,3.978374719619751,53.528724670410156,8.982807159423828,44.823577880859375,112.02813720703125,1.0097178220748901,0.7812515497207642,0.25,4.0,0.6188244223594666,0.5835533142089844,0.17469635627530364,0.00840080971659919,32.79125213623047,32.750709533691406,0.001236384703171115,,0.7660070657730103,0.09241953492164612,,0.14940893650054932,,0.7806171178817749,0.08043359220027924,,0.13894924521446228,,,,,,,,,,,,,,,,,,,,,,,,,,,,,,,,,,,,
884,8.236458612456016e-07,8.236458612456015e-06,1.0,85.13297086148648,4.787299903663429,3.0670728941221497,3.0670728941221497,3.119973053803315,0.0,0.0,0.2864903114937447,1.726666734025285,0.09057690646197344,1.7076955228238493,0.08223889325116132,0.0231108182185405,0.0,1.3495770016232052,381.6367715371622,0.23816923193029454,381.39867504222974,0.0,0.0,0.0,0.0,0.0,3.487813949584961,44.98530578613281,8.860832214355469,36.29924011230469,95.8227310180664,1.0290296077728271,0.806580126285553,0.25,4.0,0.6258484125137329,0.6110707521438599,0.18370445344129555,0.009210526315789473,26.644412994384766,26.107444763183594,0.020153126710441564,,0.7732905745506287,0.09902345389127731,,0.1532725840806961,,0.7672197818756104,0.08663163334131241,,0.14614859223365784,,,,,,,,,,,,,,,,,,,,,,,,,,,,,,,,,,,,
885,8.181994484019959e-07,8.181994484019958e-06,1.0,83.71441485430744,4.736274513038429,3.109956895982897,3.109956895982897,3.1760606507997253,0.0,0.0,0.2886879637434676,1.7011615650073901,0.0894480460398906,1.6912074733424831,0.07983533756153004,0.02151714144526301,0.0,1.3506032582875844,374.62872149493245,0.2111627991135056,374.4175464527027,0.0,0.0,0.0,0.0,0.0,3.932640790939331,48.82326126098633,8.809063911437988,39.866920471191406,104.83039093017578,1.006406545639038,0.507999062538147,0.25,3.1024415493011475,0.6023514270782471,0.4209305942058563,0.0728744939271255,0.0,4.618529796600342,3.6229395866394043,0.2155643145777218,,0.7424847483634949,0.0998295396566391,,0.1615208238363266,,0.7549695372581482,0.09148082137107849,,0.15354962646961212,85.1651013971685,135.1283554251205,0.23281207719446265,10.739815051739033,85.16509834932506,96.79055866154214,114.59125696444468,142.22738141580095,28.10521915980748,71.89221380662548,131.06992041546366,0.6225007367146733,0.6997840157739955,0.5584810981067801,0.5366620430810626,0.0,0.6482739552587672,0.67797611847975,0.7152074516266633,0.6193537459158828,0.8803451687369462,0.9676450111758456,0.992176908138214,0.38034516873694624,0.16764501117584552,0.042176908138214064,0.00032977904803781465,0.0,0.5934065934065934,0.4065934065934066,0.8278388278388279,0.936581871339253,0.9097020483606464,0.8996894214670736,-8.075469970703125,0.0003110286488663405
886,8.127976637407434e-07,8.127976637407433e-06,1.0,84.78840925886824,4.69769946948902,3.11600246944943,3.11600246944943,3.1853198489627323,0.0,0.0,0.2887685621106947,1.7170997825828758,0.0897996812253385,1.6976608070167336,0.08120728827811577,0.02180474513285869,0.0,1.3577962308316618,380.1331028293919,0.21976048237568624,379.91332347972974,0.0,0.0,0.0,0.0,0.0,2.135573625564575,56.81371307373047,16.8477783203125,50.49503707885742,106.06610870361328,1.0144453048706055,0.6449860334396362,0.25,4.0,0.6294063329696655,0.5112181305885315,0.12257085020242915,0.0005060728744939271,2.832160711288452,2.4471120834350586,0.13595578327128938,,0.7823094129562378,0.08117952197790146,,0.1480029672384262,,0.7927429676055908,0.07025641947984695,,0.13700060546398163,,,,,,,,,,,,,,,,,,,,,,,,,,,,,,,,,,,,
887,8.074405616577539e-07,8.074405616577538e-06,1.0,84.8559372360642,4.673454490867821,3.095590333680849,3.095590333680849,3.1491433220940666,0.0,0.0,0.2863747880265519,1.7218728967615076,0.08876997715718038,1.7037844271273226,0.08070390288894241,0.02275130555436418,0.0,1.3351131129909206,380.6958667652027,0.19755046432082718,380.4983372043919,0.0,0.0,0.0,0.0,0.0,1.7564071416854858,62.21647262573242,20.04634666442871,53.12546157836914,117.40447998046875,1.0049794912338257,0.6445624232292175,0.25,4.0,0.6299034953117371,0.5256000757217407,0.07469635627530365,0.002226720647773279,0.697106122970581,0.48073193430900574,0.3103891667735454,,0.7845491170883179,0.07586395740509033,,0.14101530611515045,,0.8017891645431519,0.06601951271295547,,0.13219133019447327,,,,,,,,,,,,,,,,,,,,,,,,,,,,,,,,,,,,
888,8.021281960989873e-07,8.021281960989872e-06,1.0,84.66639833192568,4.727077587230785,3.108861768567884,3.108861768567884,3.1743378510346285,0.0,0.0,0.28941530794710724,1.7185276134594067,0.08968295277775945,1.7003819233662374,0.08054596668965108,0.021688222885131836,0.0,1.3466209205421242,379.4106577280405,0.22755437283902555,379.1830658783784,0.0,0.0,0.0,0.0,0.0,3.2512094974517822,52.43869400024414,9.827221870422363,45.52945327758789,104.46240997314453,1.0197285413742065,0.7309834361076355,0.25,3.8413901329040527,0.6207548379898071,0.5362673997879028,0.17874493927125507,0.0,8.047502517700195,7.731029033660889,0.03932567692190645,,0.7679282426834106,0.09398472309112549,,0.15319712460041046,,0.7827919721603394,0.07753510028123856,,0.13967293500900269,,,,,,,,,,,,,,,,,,,,,,,,,,,,,,,,,,,,
889,7.968606205599054e-07,7.968606205599054e-06,1.0,84.16631915118244,4.696507221943623,3.1149601291965796,3.1149601291965796,3.1772764051282727,0.0,0.0,0.2883450276142842,1.7077570734797298,0.09001150002350679,1.6925391119879645,0.08134013897663839,0.02266033920081886,0.0,1.3519388147302576,377.0497782939189,0.21011101232992635,376.83965899493245,0.0,0.0,0.0,0.0,0.0,3.7560553550720215,47.267513275146484,8.22700309753418,40.101200103759766,96.57428741455078,1.017032265663147,0.7175894975662231,0.25,4.0,0.6108452081680298,0.5298936367034912,0.12540485829959513,0.0008097165991902834,6.9672675132751465,6.306304931640625,0.09486682984041454,,0.7530704736709595,0.10153000056743622,,0.16017992794513702,,0.7657215595245361,0.086470827460289,,0.14780759811401367,,,,,,,,,,,,,,,,,,,,,,,,,,,,,,,,,,,,
890,7.916378880849351e-07,7.916378880849351e-06,1.0,85.19120829814189,4.701826765730575,3.0994951402818836,3.0994951402818836,3.159813133445946,0.0,0.0,0.28748994260220917,1.7219780586861275,0.08909616599211821,1.7054622753246411,0.08077748401744946,0.022394869778607343,0.0,1.3528857875514675,382.2017261402027,0.20750583184731974,381.9942198057432,0.0,0.0,0.0,0.0,0.0,1.709649920463562,62.838321685791016,19.581974029541016,56.551753997802734,112.02813720703125,1.0074628591537476,0.6476074457168579,0.25,4.0,0.6349990367889404,0.5253898501396179,0.0909919028340081,0.0018218623481781376,0.7167326211929321,0.5205152034759521,0.27376655103320824,,0.7916676998138428,0.07393958419561386,,0.13866952061653137,,0.8068798780441284,0.06334517896175385,,0.12977495789527893,82.80951812241103,129.2334172050736,0.22629746553144378,1.46418456192855,82.80951927236184,93.8879211241392,111.88604686324553,139.21803451197349,29.525517054966517,68.86029945787533,130.03641410495925,0.618720406671779,0.6926101192694983,0.557006806766989,0.5294634186657436,0.0,0.6377267722976547,0.6660577939735296,0.7077186575190719,0.6186164260654065,0.8829650800630244,0.9690557326591184,0.9924700450698032,0.38296508006302443,0.16905573265911833,0.04247004506980323,0.00031145798981349165,0.0,0.5714285714285714,0.42857142857142855,0.8397435897435898,0.9132243484913648,0.8880404838166394,0.8791306300477667,-8.07545280456543,0.00031103400397114456
891,7.864600512669356e-07,7.864600512669355e-06,1.0,83.54754143792229,4.7217819626266895,3.1250057735958614,3.1250057735958614,3.1933379302153715,0.0,0.0,0.2874663069441512,1.6883855252652555,0.08893938322325011,1.6913481016416807,0.08118253785210687,0.021968475870183996,0.0,1.3545138384844806,373.80291913006755,0.2011976113190522,373.6016944679054,0.0,0.0,0.0,0.0,0.0,2.3544554710388184,57.28278732299805,13.16984748840332,52.712032318115234,104.42169952392578,1.0198540687561035,0.7436211109161377,0.25,4.0,0.6374943256378174,0.5638338327407837,0.1681174089068826,0.002327935222672065,5.593135833740234,5.305929183959961,0.051349843507772094,,0.7930142879486084,0.08118049800395966,,0.14190194010734558,,0.8007150888442993,0.06740779429674149,,0.1318770945072174,,,,,,,,,,,,,,,,,,,,,,,,,,,,,,,,,,,,
892,7.813271622466649e-07,7.813271622466648e-06,1.0,84.961181640625,4.72976354650549,3.10600961221231,3.10600961221231,3.161575523582665,0.0,0.0,0.2881710722639754,1.7286392418113914,0.09019168003185375,1.6945083205764357,0.08147816400270204,0.021340018994099385,0.0,1.3577966432313662,380.87924936655406,0.22579347765123522,380.6534786739865,0.0,0.0,0.0,0.0,0.0,3.267874240875244,50.55862045288086,9.580842971801758,45.88654327392578,99.25142669677734,1.0200614929199219,0.7257159352302551,0.25,4.0,0.6227594017982483,0.5383966565132141,0.16619433198380568,0.005465587044534413,30.79578971862793,30.83799934387207,-0.0013706297396429042,,0.7708849906921387,0.09240741282701492,,0.15297465026378632,,0.7755173444747925,0.07993695139884949,,0.14454567432403564,,,,,,,,,,,,,,,,,,,,,,,,,,,,,,,,,,,,
893,7.762392727122581e-07,7.762392727122581e-06,1.0,83.92858556798987,4.6881606643264355,3.1150075551625847,3.1150075551625847,3.1740904112119934,0.0,0.0,0.2887609069411819,1.7022356600374788,0.08969056928479993,1.690552891911687,0.0794474949707856,0.02148817358790217,0.0,1.3594871727195945,375.91290118243245,0.21405848941287478,375.69884923986484,0.0,0.0,0.0,0.0,0.0,2.228625774383545,63.133880615234375,11.090123176574707,58.11942672729492,118.834716796875,1.0132267475128174,0.6839138865470886,0.25,4.0,0.6469356417655945,0.5552540421485901,0.13866396761133604,0.007489878542510121,1.9489176273345947,1.8495140075683594,0.051004525985114665,,0.808314323425293,0.06968842446804047,,0.1325625777244568,,0.8188709020614624,0.0605853870511055,,0.12054368108510971,,,,,,,,,,,,,,,,,,,,,,,,,,,,,,,,,,,,
894,7.711964338987071e-07,7.711964338987071e-06,1.0,84.34146695523648,4.692770880621833,3.081190779402449,3.081190779402449,3.14215933310019,0.0,0.0,0.2878486014701225,1.7046001537426099,0.0893974175324311,1.6977731859361804,0.08139730144191433,0.022347266609604295,0.0,1.3588766149572424,378.1108530405405,0.2081188511204075,377.9027660472973,0.0,0.0,0.0,0.0,0.0,3.2976486682891846,53.39400100708008,10.920316696166992,45.52945327758789,108.20023345947266,1.0039314031600952,0.5912810564041138,0.25,3.8122618198394775,0.6093953251838684,0.4711971580982208,0.06325910931174089,0.0,8.040088653564453,7.606935501098633,0.053874176160207926,,0.753573477268219,0.09252645820379257,,0.15511628985404968,,0.7661293148994446,0.0841992050409317,,0.1496714949607849,,,,,,,,,,,,,,,,,,,,,,,,,,,,,,,,,,,,
895,7.661986965873439e-07,7.661986965873439e-06,1.0,83.46319415118244,4.633797310494088,3.156354130925359,3.156354130925359,3.2266674557247677,0.0,0.0,0.28806325551625844,1.6899242916622677,0.08918716456439044,1.689443639806799,0.07867514764940417,0.02160979767103453,0.0,1.358222755225929,373.66873416385135,0.1927007211221231,373.4760610219595,0.0,0.0,0.0,0.0,0.0,3.516408920288086,57.340736389160156,10.960919380187988,50.69266891479492,113.34868621826172,1.0128071308135986,0.8073996305465698,0.25,4.0,0.6274758577346802,0.5924583077430725,0.19078947368421054,0.012145748987854251,103.82238006591797,106.50911712646484,-0.025878207173068428,,0.7789203524589539,0.08611351996660233,,0.1431572139263153,,0.7937884330749512,0.07259980589151382,,0.133611798286438,81.42679841177804,124.40633745681856,0.22457449404782798,4.391288233327342,81.42679962159028,92.29304513281785,110.08132373946249,137.70012641618487,31.286105019705637,67.80458778558776,127.25832068401834,0.61201456485881,0.6895566538306733,0.5556460281975788,0.5251093887901939,0.0,0.634726469085485,0.6619718108507145,0.7030276907056282,0.617727409059439,0.8841742699058298,0.9694771169982778,0.9926532556520464,0.3841742699058298,0.16947711699827772,0.04265325565204647,0.00027481587336484554,0.0,0.5879120879120879,0.41208791208791207,0.8443223443223444,0.907436374943335,0.8811493186832784,0.8714705925885138,-8.075467109680176,0.0003110295510850847
896,7.612461111053248e-07,7.612461111053248e-06,1.0,83.99520956503379,4.755709261507602,3.1071121628220015,3.1071121628220015,3.169949505780194,0.0,0.0,0.289136164897197,1.6965776391931482,0.08968494389508222,1.6905081465437606,0.07786908020844331,0.02103402163531329,0.0,1.3676144367939718,375.95486697635135,0.2235687358959301,375.7312869510135,0.0,0.0,0.0,0.0,0.0,2.5955536365509033,53.328338623046875,13.249826431274414,47.52843475341797,100.81439971923828,1.0161447525024414,0.747463583946228,0.25,4.0,0.6221979260444641,0.5550535917282104,0.13724696356275304,0.004048582995951417,7.45482873916626,7.216036796569824,0.032031848208915636,,0.7706780433654785,0.09036082774400711,,0.1522790491580963,,0.783658504486084,0.07490439713001251,,0.1414370983839035,,,,,,,,,,,,,,,,,,,,,,,,,,,,,,,,,,,,
897,7.563387273251334e-07,7.5633872732513335e-06,1.0,84.66577808277027,4.67772035341005,3.1040595802100928,3.1040595802100928,3.1644326287346916,0.0,0.0,0.2874693741669526,1.7130281603014148,0.08954309128426216,1.697285523285737,0.0807893469526961,0.023150226554355106,0.0,1.3652222092087205,379.6854676942568,0.1975434921883248,379.48793813344594,0.0,0.0,0.0,0.0,0.0,2.1819522380828857,59.873687744140625,15.04337215423584,53.12546157836914,112.46659851074219,0.9998642802238464,0.7249874472618103,0.25,4.0,0.6217284202575684,0.5472309589385986,0.10860323886639676,0.0057692307692307696,1.2860026359558105,1.0931825637817383,0.14993754039295604,,0.7725726962089539,0.08166512846946716,,0.1432165652513504,,0.7994066476821899,0.0684933066368103,,0.13210001587867737,,,,,,,,,,,,,,,,,,,,,,,,,,,,,,,,,,,,
898,7.51476594664069e-07,7.514765946640689e-06,1.0,83.12931535050676,4.6797250283731,3.132325249749261,3.132325249749261,3.200858657424514,0.0,0.0,0.28827999733589793,1.6782845162056588,0.09018425039342932,1.6814449413402661,0.07870283642330685,0.021399299840669374,0.0,1.3726371558936867,371.9048775337838,0.22636354291761243,371.67849978885135,0.0,0.0,0.0,0.0,0.0,3.2797889709472656,50.75508499145508,10.563681602478027,45.35194778442383,97.71267700195312,1.0245825052261353,0.7178707122802734,0.25,4.0,0.6258255839347839,0.54030841588974,0.16740890688259108,0.0036437246963562753,26.164180755615234,25.88134002685547,0.010810226828870369,,0.7750269770622253,0.09132102876901627,,0.1540098786354065,,0.776360034942627,0.07915674895048141,,0.14448317885398865,,,,,,,,,,,,,,,,,,,,,,,,,,,,,,,,,,,,
899,7.46659762083753e-07,7.4665976208375284e-06,1.0,85.30902264569256,4.72380272117821,3.0970030088682434,3.0970030088682434,3.16106332314981,0.0,0.0,0.2881242648975269,1.7255724314096812,0.08942756137332401,1.7047366580447636,0.08246956644831477,0.02304111622475289,0.0,1.3588516647751268,382.6825907939189,0.21557423875138565,382.46703441722974,0.0,0.0,0.0,0.0,0.0,1.487654685974121,68.54679870605469,19.429584503173828,65.21804809570312,119.25332641601562,0.9990602135658264,0.7448586225509644,0.25,4.0,0.6472952961921692,0.5928913950920105,0.130668016194332,0.0069838056680161945,2.5920658111572266,2.55484676361084,0.014358835869900345,,0.8107790946960449,0.06328176707029343,,0.12270651012659073,,0.8334883451461792,0.053168170154094696,,0.1133434846997261,,,,,,,,,,,,,,,,,,,,,,,,,,,,,,,,,,,,
900,7.418882780896361e-07,7.418882780896361e-06,1.0,83.85993586359797,4.707318280194257,3.1112780184359163,3.1112780184359163,3.171528584248311,0.0,0.0,0.2891967618787611,1.701219094766153,0.08999881228885136,1.69097054971231,0.0807373588149612,0.02082639610445177,0.0,1.3681395247175887,375.4870143581081,0.21601129222560572,375.2709565033784,0.0,0.0,0.0,0.0,0.0,2.9046154022216797,57.890079498291016,9.358902931213379,48.56059646606445,119.25332641601562,1.0113195180892944,0.6923026442527771,0.25,4.0,0.6336262822151184,0.5601420402526855,0.14190283400809717,0.004352226720647773,2.496127128601074,2.355104923248291,0.05649640346315914,,0.7878977060317993,0.0824955403804779,,0.1387200653553009,,0.7977463006973267,0.07256810367107391,,0.12968561053276062,82.47265147114848,129.07797188938545,0.22413369015222212,-2.759581345778245,82.47264821525937,93.24910243446234,111.35433618912474,138.62594148990533,27.847245352608816,67.91078191949416,131.62176049273947,0.6066730260706644,0.6863513042554843,0.5546285866845656,0.5253240460855009,0.0,0.6300098390230028,0.6618305919055592,0.6953350291400113,0.6193803848609287,0.8836612802755487,0.9688358799604265,0.9920120186141952,0.3836612802755487,0.16883587996042648,0.042012018614195235,0.00025649481514052253,0.0,0.5604395604395604,0.43956043956043955,0.8415750915750917,0.9081987120456748,0.8833942682697222,0.8749519838736608,-8.075450897216797,0.0003110345860477537
901,7.371621907305098e-07,7.371621907305097e-06,1.0,83.43680716849663,4.79695294354413,3.1503951613967485,3.1503951613967485,3.2129458865603886,0.0,0.0,0.2893044239765889,1.7092588270032727,0.09101648588438292,1.6918992738466005,0.08119272541355442,0.021721443614444218,0.0,1.3606633366765202,372.7179054054054,0.22100299113505595,372.4969119510135,0.0,0.0,0.0,0.0,0.0,3.108894109725952,50.61155319213867,10.64445686340332,40.852230072021484,104.83039093017578,1.0123517513275146,0.6558429002761841,0.25,4.0,0.610343873500824,0.5015203356742859,0.11518218623481781,0.0006072874493927126,2.416034460067749,1.8591152429580688,0.23050963316726178,,0.7533701062202454,0.0975245013833046,,0.16006240248680115,,0.7693266868591309,0.08404377102851868,,0.14662957191467285,,,,,,,,,,,,,,,,,,,,,,,,,,,,,,,,,,,,
902,7.324815475980209e-07,7.324815475980208e-06,1.0,84.33613545185811,4.707690677127323,3.1120607530748523,3.1120607530748523,3.1697657817118876,0.0,0.0,0.2886475743474187,1.709402135900549,0.08968685124371503,1.689462610193201,0.07951704875842945,0.021401804846686287,0.0,1.368295721105627,377.85961254222974,0.22141327729096283,377.6381440033784,0.0,0.0,0.0,0.0,0.0,2.2775673866271973,62.88600540161133,13.249826431274414,57.89284133911133,116.94676208496094,1.0088343620300293,0.6963430047035217,0.25,4.0,0.6401346325874329,0.5584084391593933,0.0958502024291498,0.0013157894736842105,4.574793815612793,4.105547904968262,0.10257203484080425,,0.7985775470733643,0.07388254255056381,,0.13285230100154877,,0.8109509944915771,0.06429450213909149,,0.12475455552339554,,,,,,,,,,,,,,,,,,,,,,,,,,,,,,,,,,,,
903,7.278463958261933e-07,7.278463958261933e-06,1.0,83.33028267525337,4.697440070074958,3.121620590622361,3.121620590622361,3.181886827623522,0.0,0.0,0.28760928076666753,1.69800650106894,0.08973738953873918,1.6857676119417757,0.07865310359645535,0.020648547120996424,0.0,1.3620076566129118,372.8558646537162,0.19751803939406937,372.6583350929054,0.0,0.0,0.0,0.0,0.0,2.4598965644836426,53.39053726196289,12.206311225891113,47.11255645751953,104.42169952392578,1.0107682943344116,0.6845698952674866,0.25,4.0,0.6161977052688599,0.5213000178337097,0.12864372469635627,0.003137651821862348,1.0369374752044678,0.811352550983429,0.21754920582512172,,0.7631542086601257,0.0892387256026268,,0.15376101434230804,,0.7817965745925903,0.0763358399271965,,0.14186759293079376,,,,,,,,,,,,,,,,,,,,,,,,,,,,,,,,,,,,
904,7.232567820909548e-07,7.232567820909547e-06,1.0,84.5576369826858,4.686959343987542,3.11796404864337,3.11796404864337,3.181681452570735,0.0,0.0,0.28939484261177684,1.7091026306152344,0.08872285404720821,1.6875744381466427,0.08137021838007746,0.021108229418058653,0.0,1.3541664948334564,379.0411739864865,0.2074661512632628,378.83372043918916,0.0,0.0,0.0,0.0,0.0,2.5488104820251465,52.043617248535156,13.172416687011719,43.69981002807617,102.80279541015625,1.0112152099609375,0.6172645688056946,0.25,3.766955852508545,0.6137288212776184,0.4824240207672119,0.09807692307692308,0.0,1.5738396644592285,1.1503061056137085,0.2691084539358374,,0.7590039968490601,0.09237197786569595,,0.15854234993457794,,0.7740890979766846,0.07959315925836563,,0.1463177353143692,,,,,,,,,,,,,,,,,,,,,,,,,,,,,,,,,,,,
905,7.187127526096651e-07,7.18712752609665e-06,1.0,83.29092984586148,4.643249924118455,3.0983534117002747,3.0983534117002747,3.15201135583826,0.0,0.0,0.2872357755093961,1.6853987204061973,0.08818289395925161,1.688965874749261,0.08085278562597327,0.022092762831095104,0.0,1.3679576564479519,373.04943517736484,0.20485229749937314,372.8445682010135,0.0,0.0,0.0,0.0,0.0,2.5908827781677246,47.936153411865234,13.991874694824219,41.53608322143555,91.43470001220703,1.0185588598251343,0.694791853427887,0.25,4.0,0.6164591908454895,0.5344610810279846,0.1651821862348178,0.009412955465587045,20.44977569580078,20.013689041137695,0.02132476468935712,,0.7623756527900696,0.09251702576875687,,0.16056719422340393,,0.7699097394943237,0.08067893981933594,,0.14941135048866272,85.22192923577278,133.25864926674413,0.23390519152888087,7.053841685200785,85.22192769103523,95.65295513573486,113.04647641699333,140.57158429647507,31.754063197544642,70.53167896122895,134.55491505498472,0.6310331199467418,0.6942723989207304,0.5549374976128576,0.5291448258218617,0.0,0.6413203030588239,0.6692799067791276,0.713053658598334,0.6203144861426896,0.8802902055622733,0.9682312850390239,0.9919387343812979,0.38029020556227333,0.16823128503902385,0.041938734381297915,0.0003664211644864607,0.0,0.5714285714285714,0.42857142857142855,0.8369963369963369,0.9304747805818097,0.9042545236892753,0.8946336065674876,-8.075364112854004,0.000311061623506248
906,7.142143531406492e-07,7.142143531406492e-06,1.0,83.7894386085304,4.673705642287795,3.1204586544552364,3.1204586544552364,3.185071171940984,0.0,0.0,0.2875436834386877,1.711928805789432,0.09054529344713366,1.6932170971019849,0.08124941104167216,0.021402280072908144,0.0,1.360849225843275,375.24778293918916,0.20511709677206502,375.04265202702703,0.0,0.0,0.0,0.0,0.0,1.5695788860321045,69.7199478149414,20.164148330688477,66.1156997680664,123.0388412475586,1.0122309923171997,0.7871728539466858,0.25,4.0,0.6527916193008423,0.6079000234603882,0.15951417004048582,0.006275303643724696,5.267115592956543,5.217700481414795,0.009381816417287,,0.8172512650489807,0.06535923480987549,,0.12476254999637604,,0.8344210982322693,0.052906207740306854,,0.11267267167568207,,,,,,,,,,,,,,,,,,,,,,,,,,,,,,,,,,,,
907,7.0976162898274e-07,7.097616289827399e-06,1.0,83.28689822635135,4.67939552100929,3.1320398691538216,3.1320398691538216,3.201745522988809,0.0,0.0,0.28883042206635345,1.690814868823902,0.08986938966287149,1.693562378754487,0.08222338959977434,0.02253044134861714,0.0,1.358120583199166,372.6640097128378,0.20743474444827517,372.4565297719595,0.0,0.0,0.0,0.0,0.0,3.345201253890991,51.886940002441406,10.2787446975708,43.870845794677734,104.42169952392578,1.0019042491912842,0.7095791101455688,0.25,4.0,0.6100567579269409,0.5414178371429443,0.122165991902834,0.01194331983805668,72.60871887207031,72.02278137207031,0.00806979532351158,,0.7547229528427124,0.0916881188750267,,0.15309353172779083,,0.7727688550949097,0.08141978830099106,,0.1458113193511963,,,,,,,,,,,,,,,,,,,,,,,,,,,,,,,,,,,,
908,7.053546249748228e-07,7.053546249748227e-06,1.0,84.920166015625,4.794297914247255,3.1341736252243453,3.1341736252243453,3.1990296647355363,0.0,0.0,0.2885652490564295,1.7231712341308594,0.08858574403298868,1.7000083923339844,0.07983665208558778,0.02222052780357567,0.0,1.357185260669605,380.21410472972974,0.23538568857553843,379.97870038006755,0.0,0.0,0.0,0.0,0.0,1.32828950881958,69.56004333496094,22.276126861572266,65.60118103027344,122.55914306640625,1.010779857635498,0.6848212480545044,0.25,4.0,0.6535205245018005,0.5681271553039551,0.11052631578947368,0.0015182186234817814,0.3245946764945984,0.27394264936447144,0.15604700507455752,,0.8188403844833374,0.062236011028289795,,0.12630999088287354,,0.8318830728530884,0.05283728986978531,,0.11527962982654572,,,,,,,,,,,,,,,,,,,,,,,,,,,,,,,,,,,,
909,7.009933854953754e-07,7.009933854953754e-06,1.0,83.3071487014358,4.694860097524282,3.127416456067884,3.127416456067884,3.1959741953256966,0.0,0.0,0.2881707371892156,1.6877533165184226,0.08937298929369128,1.6867238637563344,0.08169379105439058,0.021018166799803038,0.0,1.3588696041622677,372.7251108530405,0.22325435844627586,372.5018475506757,0.0,0.0,0.0,0.0,0.0,1.9305299520492554,57.49038314819336,16.8477783203125,50.99056625366211,107.3163833618164,1.0045888423919678,0.7454120516777039,0.25,4.0,0.6215239763259888,0.5819599032402039,0.1354251012145749,0.016700404858299597,1.368396520614624,0.9673395156860352,0.2930853731990283,,0.7720373272895813,0.08202767372131348,,0.14689724147319794,,0.7952888011932373,0.06933044642210007,,0.13538074493408203,,,,,,,,,,,,,,,,,,,,,,,,,,,,,,,,,,,,
910,6.966779544620328e-07,6.966779544620327e-06,1.0,83.96426968961148,4.7191054885451855,3.1110561473949536,3.1110561473949536,3.1756020623284416,0.0,0.0,0.2871516201947186,1.709001180287954,0.09042615503878207,1.6905525826119088,0.08060691163346574,0.021421157025002146,0.0,1.357608176566459,375.95098711993245,0.20499944686889648,375.7459353885135,0.0,0.0,0.0,0.0,0.0,2.0640292167663574,60.125465393066406,15.014019012451172,55.45794677734375,108.58139038085938,1.0129904747009277,0.7753866910934448,0.25,4.0,0.6312457323074341,0.5879919528961182,0.15809716599190282,0.006174089068825911,4.1255574226379395,3.889038324356079,0.05733021602948062,,0.7849574089050293,0.08087780326604843,,0.14381401240825653,,0.8021154403686523,0.06646515429019928,,0.13141942024230957,85.41857832604713,132.82286385776837,0.23420631006387885,13.024287653493356,85.41857922032247,95.59289220795932,113.45570609380489,141.06939767450788,30.158045632498606,70.87686287340267,134.60781794009,0.6171522950100435,0.6957105759753094,0.5574034122573698,0.5320062302376981,0.0,0.6428784874901757,0.6723382833991544,0.7141165522749644,0.6214343009864769,0.8803451687369462,0.9681580008061266,0.9922685134293356,0.38034516873694624,0.16815800080612653,0.042268513429335686,0.00031145798981349165,0.0,0.5989010989010989,0.4010989010989011,0.8498168498168498,0.9339266624096986,0.9059433922335342,0.8952364670215073,-8.075447082519531,0.0003110357793048024
911,6.924083753311381e-07,6.9240837533113805e-06,1.0,82.79346362964527,4.73814886969489,3.1750104749524914,3.1750104749524914,3.2447303565772803,0.0,0.0,0.28846042220656937,1.694278923240868,0.09114728747187434,1.6691449139569257,0.08195426657393172,0.020982594103426545,0.0,1.3617528966955237,369.7103568412162,0.21627209637616132,369.4940086570946,0.0,0.0,0.0,0.0,0.0,3.6560375690460205,49.73335266113281,7.804398536682129,41.45503616333008,102.80279541015625,1.020474910736084,0.7210562229156494,0.25,3.5672786235809326,0.6177861094474792,0.5368934273719788,0.1632591093117409,0.0,9.992769241333008,9.627151489257812,0.036588231274559374,,0.7627217173576355,0.0991983637213707,,0.15654540061950684,,0.7719594836235046,0.08413675427436829,,0.14390379190444946,,,,,,,,,,,,,,,,,,,,,,,,,,,,,,,,,,,,
912,6.881846910973043e-07,6.881846910973043e-06,1.0,84.24821183488176,4.725262203732052,3.133594203639675,3.133594203639675,3.2035167797191724,0.0,0.0,0.2888374328613281,1.7065202867662586,0.08939433742213894,1.6971482972841005,0.08010339092563938,0.021515010176478205,0.0,1.3576190020586993,377.22049197635135,0.21582100842450117,377.00467166385135,0.0,0.0,0.0,0.0,0.0,2.586453437805176,52.78095626831055,13.144149780273438,44.561710357666016,102.8428726196289,1.003908395767212,0.670074462890625,0.25,4.0,0.6068243384361267,0.5092073678970337,0.09473684210526316,0.0075910931174089065,2.049603223800659,1.5132697820663452,0.26167671650114305,,0.7499496340751648,0.09297424554824829,,0.15933233499526978,,0.7709537744522095,0.08106547594070435,,0.14798074960708618,,,,,,,,,,,,,,,,,,,,,,,,,,,,,,,,,,,,
913,6.840069442929853e-07,6.840069442929853e-06,1.0,84.45866765202703,4.7392606992979305,3.1109623264622046,3.1109623264622046,3.1744052783862964,0.0,0.0,0.2877979278564453,1.7145976504764042,0.09015924866135056,1.7084857837573901,0.08227896690368652,0.023091130965464824,0.0,1.3516721983213682,378.29357580236484,0.22452261641218857,378.06907200168916,0.0,0.0,0.0,0.0,0.0,3.0200796127319336,52.89048767089844,8.755891799926758,46.60914993286133,104.42169952392578,1.007049798965454,0.7334347367286682,0.25,4.0,0.6196949481964111,0.5620075464248657,0.12621457489878543,0.012854251012145749,15.51588249206543,15.176398277282715,0.02187978769214845,,0.7685462236404419,0.08635059744119644,,0.14941906929016113,,0.7859256863594055,0.07523109763860703,,0.13884319365024567,,,,,,,,,,,,,,,,,,,,,,,,,,,,,,,,,,,,
914,6.798751769880462e-07,6.798751769880463e-06,1.0,82.81352934966216,4.65869800464527,3.108883831952069,3.108883831952069,3.1696117504222974,0.0,0.0,0.28768560048696157,1.6805402394887563,0.08990508801228292,1.6842502903293919,0.08007246739155538,0.02111552857063912,0.0,1.3680479719832137,370.5426784206081,0.20141423715127482,370.3412953969595,0.0,0.0,0.0,0.0,0.0,2.6013786792755127,55.289363861083984,11.577037811279297,48.60806655883789,106.06610870361328,1.0138230323791504,0.6764368414878845,0.25,4.0,0.6213335990905762,0.5099319815635681,0.11224696356275303,0.0005060728744939271,4.0247483253479,3.7017886638641357,0.08024344266441752,,0.769689679145813,0.08974160254001617,,0.15272149443626404,,0.7863599061965942,0.07485725730657578,,0.1387828141450882,,,,,,,,,,,,,,,,,,,,,,,,,,,,,,,,,,,,
915,6.757894307893367e-07,6.757894307893367e-06,1.0,83.69391364020271,4.709960525100295,3.075707512932855,3.075707512932855,3.1290821384739234,0.0,0.0,0.28771725216427363,1.692168055353938,0.0906329412718077,1.6865623061721389,0.08027698542620684,0.02144498921729423,0.0,1.3660145321407833,374.83963260135135,0.2060971131195893,374.6334987331081,0.0,0.0,0.0,0.0,0.0,2.2758548259735107,52.991302490234375,15.703855514526367,44.561710357666016,101.6051025390625,1.005264401435852,0.6963844299316406,0.25,4.0,0.605054497718811,0.5076739192008972,0.12206477732793522,0.007995951417004049,2.87923002243042,2.492094039916992,0.13445816398741145,,0.7470446825027466,0.09528578817844391,,0.16108407080173492,,0.7726960182189941,0.07940247654914856,,0.14790146052837372,83.76903546511473,130.12036066400768,0.22875905589921605,4.1366778782435825,83.76903587757423,94.62052778798522,112.50663610630403,139.82146185123713,28.595127650669642,70.11485071699748,130.45614823051122,0.6222660496391584,0.6974158545956654,0.5585444366779668,0.5345973397135517,0.0,0.6462249141932744,0.6717284676709561,0.7075525023702331,0.6201980325269413,0.8806383056685354,0.9683045692719211,0.9920303396724195,0.3806383056685354,0.16830456927192106,0.04203033967241954,0.00031145798981349165,0.0,0.5714285714285714,0.42857142857142855,0.8250915750915752,0.9214869787568575,0.8959744760132098,0.8865893118820347,-8.075491905212402,0.00031102183857001364
916,6.717497468402753e-07,6.717497468402753e-06,1.0,83.84479914484797,4.645468222128378,3.1200464609506966,3.1200464609506966,3.1913149034654773,0.0,0.0,0.2872278625900681,1.6941749985153611,0.08889441876798063,1.69141470419394,0.07975372108253273,0.022574078392338107,0.0,1.3556427826752533,375.69304265202703,0.20633974590817014,375.4867504222973,0.0,0.0,0.0,0.0,0.0,1.9629451036453247,64.91449737548828,15.014019012451172,58.346900939941406,122.55914306640625,0.994962215423584,0.6567678451538086,0.25,4.0,0.6267499923706055,0.5295562148094177,0.0701417004048583,0.008906882591093117,0.8060130476951599,0.6362031698226929,0.21067882009856792,,0.7812190055847168,0.07348165661096573,,0.1377849131822586,,0.8049930334091187,0.06547331809997559,,0.12953366339206696,,,,,,,,,,,,,,,,,,,,,,,,,,,,,,,,,,,,
917,6.677561658204358e-07,6.6775616582043576e-06,1.0,84.20961782094595,4.728098276499155,3.1185519244219804,3.1185519244219804,3.1807593268317147,0.0,0.0,0.2909890767690298,1.7163060162518475,0.09078251348959433,1.6996241389094173,0.08177330687239363,0.021473419021915744,0.0,1.3661607278359902,377.0640044341216,0.22920221895784945,376.83472339527026,0.0,0.0,0.0,0.0,0.0,2.0045578479766846,61.55523681640625,12.69255542755127,55.026371002197266,121.13129425048828,1.016352653503418,0.8249087333679199,0.25,4.0,0.6422467827796936,0.63568115234375,0.18370445344129555,0.007793522267206478,1.761630654335022,1.544469952583313,0.12327254933792153,,0.8003745675086975,0.07738372683525085,,0.13476358354091644,,0.8121223449707031,0.06476770341396332,,0.12310996651649475,,,,,,,,,,,,,,,,,,,,,,,,,,,,,,,,,,,,
918,6.638087279451334e-07,6.638087279451334e-06,1.0,85.08013091216216,4.7646591598923145,3.0910291929502747,3.0910291929502747,3.1529398737726986,0.0,0.0,0.2885239575360272,1.7188066018594277,0.08947291889706173,1.6975755433778505,0.08261210209614522,0.02262055068402677,0.0,1.340116243104677,381.3813344594595,0.21922949198130015,381.1620565878378,0.0,0.0,0.0,0.0,0.0,3.3593857288360596,54.875484466552734,9.069190979003906,46.42744064331055,111.59137725830078,1.012271523475647,0.618317723274231,0.25,4.0,0.6218639016151428,0.4908648729324341,0.12196356275303644,0.00020242914979757084,4.020496368408203,4.136515140533447,-0.028856827986932954,,0.7703892588615417,0.08984670042991638,,0.1518864631652832,,0.7797344326972961,0.07993896305561066,,0.1403266042470932,,,,,,,,,,,,,,,,,,,,,,,,,,,,,,,,,,,,
919,6.599074729650246e-07,6.599074729650245e-06,1.0,82.85013064822635,4.723617966110642,3.0992089348870353,3.0992089348870353,3.1548960917704814,0.0,0.0,0.2870194976394241,1.69307956180057,0.09090017628025364,1.697597091262405,0.08230525094109613,0.022083712590707315,0.0,1.3653157208416913,370.41918285472974,0.1987098229897989,370.22051836993245,0.0,0.0,0.0,0.0,0.0,2.7564382553100586,52.91239929199219,12.71737003326416,45.7970085144043,101.6051025390625,1.0059927701950073,0.7061144113540649,0.25,4.0,0.6056923866271973,0.5070909857749939,0.09696356275303644,0.004858299595141701,11.56686019897461,11.233041763305664,0.02885990060626288,,0.747343122959137,0.09795337170362473,,0.15905775129795074,,0.7727675437927246,0.0802876278758049,,0.1469448357820511,,,,,,,,,,,,,,,,,,,,,,,,,,,,,,,,,,,,
920,6.560524401657041e-07,6.560524401657041e-06,1.0,85.00630146748311,4.797375653241132,3.0880984744510136,3.0880984744510136,3.1455690538561023,0.0,0.0,0.2878223625389305,1.725274369523332,0.09053931365141997,1.701222290863862,0.08213741070515401,0.02213411234520577,0.0,1.353395616686022,380.8524598817568,0.23912940154204498,380.6132548564189,0.0,0.0,0.0,0.0,0.0,2.6602728366851807,55.60686111450195,11.597413063049316,50.00431823730469,105.65259552001953,1.0187002420425415,0.8096572756767273,0.25,4.0,0.6251243948936462,0.5878409147262573,0.17803643724696355,0.006275303643724696,25.251781463623047,25.127344131469727,0.00492786349876269,,0.7744237780570984,0.0909828320145607,,0.14972037076950073,,0.7885555028915405,0.07342174649238586,,0.1380227506160736,85.6365323957506,131.30957543450972,0.23697965950577984,14.961672332260635,85.63653541030422,95.69127149809131,113.2811387852045,140.69389595465304,32.58259528023856,72.32708722491597,131.03427124023438,0.6307827170517741,0.6965399057006297,0.5560393080441763,0.5290823236667018,0.0,0.6440050874512879,0.6705727357678319,0.7068629530106804,0.6213510417755008,0.8797405738155436,0.9682496060972482,0.9923051555457844,0.3797405738155436,0.16824960609724815,0.0423051555457844,0.00032977904803781465,0.0,0.5934065934065934,0.4065934065934066,0.838827838827839,0.9341127233845847,0.9060756500278201,0.895102746784687,-8.075506210327148,0.00031101738568395376
921,6.522436683673079e-07,6.522436683673079e-06,1.0,84.68587679476352,4.716582427153716,3.120697021484375,3.120697021484375,3.1888110186602616,0.0,0.0,0.2891704198476431,1.7085601188041069,0.09056785299971297,1.6935240255819786,0.07984056343903413,0.021937969568613415,0.0,1.3557545429951436,379.5177364864865,0.20812829765113625,379.3095175253378,0.0,0.0,0.0,0.0,0.0,1.960316777229309,65.28719329833984,16.6514949798584,59.03467559814453,120.65904998779297,1.0064738988876343,0.6312646269798279,0.25,4.0,0.6353973746299744,0.512207567691803,0.07530364372469636,0.0005060728744939271,4.526644706726074,4.286205291748047,0.05311647601163882,,0.7921512722969055,0.07422401010990143,,0.1379191130399704,,0.8072988390922546,0.0640195682644844,,0.12868160009384155,,,,,,,,,,,,,,,,,,,,,,,,,,,,,,,,,,,,
922,6.484811959241269e-07,6.484811959241269e-06,1.0,84.25039590371621,4.725917506862331,3.0956573486328125,3.0956573486328125,3.148807010135135,0.0,0.0,0.28734725230448954,1.6943377932986698,0.08869217537544868,1.6923209525443412,0.07799963693361024,0.022356046212686075,0.0,1.3613215266047298,377.44262035472974,0.22129226375270533,377.22133657094594,0.0,0.0,0.0,0.0,0.0,2.5159430503845215,51.35540008544922,13.27573013305664,45.35194778442383,97.71267700195312,1.0135319232940674,0.6580822467803955,0.25,4.0,0.6112601161003113,0.4889790415763855,0.11862348178137652,0.0006072874493927126,2.5838942527770996,2.1328582763671875,0.17455667000503247,,0.7547951340675354,0.09643279761075974,,0.16021928191184998,,0.7727838754653931,0.07988383620977402,,0.1473322957754135,,,,,,,,,,,,,,,,,,,,,,,,,,,,,,,,,,,,
923,6.447650607242166e-07,6.447650607242166e-06,1.0,83.89664933488176,4.71580711570946,3.124868650694151,3.124868650694151,3.191364391430004,0.0,0.0,0.28885818172145533,1.7043876647949219,0.08960873371845968,1.6904271100018475,0.08064977542774097,0.02221869455801474,0.0,1.3518579843881968,375.56189294763516,0.22334578230574326,375.33855046452703,0.0,0.0,0.0,0.0,0.0,2.551067352294922,58.223670959472656,11.39977741241455,52.712032318115234,111.59137725830078,1.0055978298187256,0.627844512462616,0.25,3.726463556289673,0.6263131499290466,0.5053320527076721,0.0771255060728745,0.0,2.663874387741089,2.116751194000244,0.20538625854832218,,0.7783877849578857,0.08190847933292389,,0.14360566437244415,,0.7946186065673828,0.07164948433637619,,0.13373185694217682,,,,,,,,,,,,,,,,,,,,,,,,,,,,,,,,,,,,
924,6.410953001890169e-07,6.410953001890168e-06,1.0,83.79428842905405,4.753655923379434,3.1146543348157727,3.1146543348157727,3.179428719185494,0.0,0.0,0.2883503888104413,1.7047995489996832,0.09051543957478292,1.682219427985114,0.0810678327405775,0.02121508282584113,0.0,1.3600930909852724,374.91815350506755,0.22230460192706133,374.6958667652027,0.0,0.0,0.0,0.0,0.0,3.1189894676208496,54.51198196411133,11.511648178100586,44.51823425292969,113.79232025146484,1.0085361003875732,0.6788671612739563,0.25,4.0,0.6152483820915222,0.5176999568939209,0.11062753036437246,0.0020242914979757085,5.637587070465088,4.800307750701904,0.14851731943079505,,0.7612550258636475,0.09209774434566498,,0.15395407378673553,,0.7783867120742798,0.07908454537391663,,0.1425287127494812,,,,,,,,,,,,,,,,,,,,,,,,,,,,,,,,,,,,
925,6.374719512729764e-07,6.374719512729764e-06,1.0,84.16277581292229,4.708920865445523,3.0952583519188135,3.0952583519188135,3.1557823387352197,0.0,0.0,0.2872060827306799,1.7111975180136192,0.09111916696703112,1.6887057536357157,0.08191374185922984,0.02227175235748291,0.0,1.360339087408942,377.0679370777027,0.22239935075914538,376.84551836993245,0.0,0.0,0.0,0.0,0.0,1.862799048423767,57.04161071777344,23.20879364013672,48.845970153808594,103.20514678955078,1.0108472108840942,0.6326363682746887,0.25,4.0,0.6222212910652161,0.4874182343482971,0.10242914979757085,0.0003036437246963563,0.9752691388130188,0.652856707572937,0.3305881611638852,,0.7725092172622681,0.0822933167219162,,0.1539999544620514,,0.7877174615859985,0.0705815851688385,,0.14170098304748535,87.87320109776088,137.3662311584006,0.2431002807377932,16.917950431069176,87.87319967145115,98.59457407820332,115.72280002725375,143.2894621304555,35.75855146135603,73.37917079481967,136.44999363111413,0.6369718178579383,0.6986410806493133,0.5549658496987654,0.5319106651608062,0.0,0.6468417443385496,0.6759923032955175,0.7089823676361996,0.6203834052522529,0.8788978051372247,0.9674801216518266,0.9919936975559709,0.3788978051372247,0.16748012165182657,0.04199369755597093,0.00045802645560807595,0.0,0.5989010989010989,0.4010989010989011,0.8443223443223443,0.9491325110033318,0.9211241357274108,0.910289677453565,-8.075396537780762,0.00031105149537324905
926,6.338950504631772e-07,6.338950504631771e-06,1.0,84.80588180954392,4.759430756440034,3.0851425995697848,3.0851425995697848,3.144412066485431,0.0,0.0,0.288004359683475,1.7181987246951542,0.09010847839149269,1.7082927806957349,0.08018038723919843,0.022928366789946687,0.0,1.3650698275179476,380.05600717905406,0.21945004849820524,379.83659733952703,0.0,0.0,0.0,0.0,0.0,3.536872148513794,51.47214126586914,8.356560707092285,40.772518157958984,112.02813720703125,1.0086889266967773,0.6934323906898499,0.25,4.0,0.608652651309967,0.515108048915863,0.10182186234817814,0.002631578947368421,2.2416343688964844,1.6256046295166016,0.27481276515364234,,0.7510008811950684,0.09877455234527588,,0.15816466510295868,,0.7713022828102112,0.08477423340082169,,0.14392350614070892,,,,,,,,,,,,,,,,,,,,,,,,,,,,,,,,,,,,
927,6.303646337789719e-07,6.303646337789719e-06,1.0,83.95009633657095,4.755718334301098,3.1187441026842273,3.1187441026842273,3.177776233569996,0.0,0.0,0.28835105895996094,1.7026393993480786,0.08888037784679516,1.6857556523503483,0.07787011765144966,0.020872062927967793,0.0,1.3644742192448795,375.6730099239865,0.22595506101041227,375.4471072635135,0.0,0.0,0.0,0.0,0.0,1.9232735633850098,60.29560852050781,15.612109184265137,52.301822662353516,114.68480682373047,1.0149577856063843,0.7723169922828674,0.25,4.0,0.6310397386550903,0.5714858174324036,0.15850202429149798,0.002327935222672065,1.604830265045166,1.3631387948989868,0.1506025125587827,,0.7842568159103394,0.08264901489019394,,0.14422941207885742,,0.8031230568885803,0.06656765937805176,,0.13030926883220673,,,,,,,,,,,,,,,,,,,,,,,,,,,,,,,,,,,,
928,6.268807367716165e-07,6.268807367716165e-06,1.0,85.40596626900337,4.761139740815034,3.1030331173458614,3.1030331173458614,3.1606668008340373,0.0,0.0,0.2871876793938714,1.7274165797877956,0.08899869145573797,1.6997528076171875,0.07852170918438886,0.021859104568893846,0.0,1.3561251872294657,382.96758868243245,0.22329428389265732,382.74432538006755,0.0,0.0,0.0,0.0,0.0,2.141662836074829,67.0783462524414,15.069842338562012,61.14702606201172,124.9764175415039,1.008345603942871,0.7194865942001343,0.25,4.0,0.6434156894683838,0.5742326974868774,0.09807692307692308,0.005060728744939271,3.4127118587493896,3.119349479675293,0.08596166076019122,,0.8036419153213501,0.07103446871042252,,0.12930232286453247,,0.8168301582336426,0.06143227592110634,,0.12173755466938019,,,,,,,,,,,,,,,,,,,,,,,,,,,,,,,,,,,,
929,6.234433945239161e-07,6.234433945239161e-06,1.0,84.52793100717905,4.828042107659417,3.1330467430320947,3.1330467430320947,3.20440859407992,0.0,0.0,0.2885335200541728,1.7043303412360113,0.09023763682391192,1.6918995831463788,0.08158521394471864,0.02225969933174752,0.0,1.3566224381730363,378.1117240287162,0.21517052521576752,377.8965899493243,0.0,0.0,0.0,0.0,0.0,2.6044371128082275,60.272216796875,11.466768264770508,55.45794677734375,111.19966125488281,1.0133219957351685,0.6847372055053711,0.25,4.0,0.6394945383071899,0.5476593971252441,0.12479757085020243,0.0032388663967611335,8.722273826599121,8.478555679321289,0.02794204265114886,,0.7970407605171204,0.07623641937971115,,0.13605065643787384,,0.8043593168258667,0.06670257449150085,,0.12893813848495483,,,,,,,,,,,,,,,,,,,,,,,,,,,,,,,,,,,,
930,6.200526416498685e-07,6.200526416498684e-06,1.0,83.41313212626689,4.794134603964316,3.1398835053315035,3.1398835053315035,3.207374985153611,0.0,0.0,0.28828675038105733,1.6968718863822319,0.09002298922152133,1.691041173161687,0.08310777432209737,0.021027592388359276,0.0,1.35604342898807,372.6793971706081,0.22037439088563662,372.4590371621622,0.0,0.0,0.0,0.0,0.0,2.581505537033081,59.03923797607422,14.187251091003418,51.69248962402344,113.34868621826172,1.0099740028381348,0.6368599534034729,0.25,4.0,0.6321704983711243,0.520460307598114,0.11082995951417005,0.0004048582995951417,4.100133419036865,3.6501946449279785,0.10973759342069869,,0.7867773771286011,0.07901357114315033,,0.13998985290527344,,0.797459602355957,0.06986069679260254,,0.13267967104911804,83.55174810807783,127.87409747281546,0.22980914921954948,8.872929981776647,83.55174948183398,93.61588636332758,111.52046877328497,139.25011800802022,29.92589623587472,70.02682489202928,129.6407928466797,0.6153450966830135,0.6934727668365356,0.5572207824162154,0.5306107492936832,0.0,0.6397728356741993,0.6704080503411459,0.7087150526369479,0.6201071421667392,0.8812795427063868,0.9687259536110806,0.992341797662233,0.38127954270638675,0.16872595361108056,0.042341797662233005,0.00027481587336484554,0.0,0.5769230769230769,0.4230769230769231,0.8452380952380953,0.9228556065277739,0.8948406522254367,0.8843891190794798,-8.075393676757812,0.0003110523975919932
931,6.167085122943165e-07,6.167085122943166e-06,1.0,84.04727090371621,4.6984281797666805,3.1185191386454814,3.1185191386454814,3.178983533704603,0.0,0.0,0.28862958341031464,1.71898145933409,0.0910378597878121,1.6816230980125633,0.078988706743395,0.021761990882254934,0.0,1.3572886698954814,376.43084881756755,0.20470313768129092,376.2261665962838,0.0,0.0,0.0,0.0,0.0,2.7924180030822754,53.231224060058594,10.64445686340332,46.336849212646484,104.01460266113281,1.020790457725525,0.867266058921814,0.25,4.0,0.6330249905586243,0.6431822180747986,0.22621457489878544,0.016497975708502026,24.728681564331055,24.522281646728516,0.008346579944652316,,0.786018431186676,0.08622018992900848,,0.14331869781017303,,0.7942036390304565,0.07233740389347076,,0.13345900177955627,,,,,,,,,,,,,,,,,,,,,,,,,,,,,,,,,,,,
932,6.134110401326074e-07,6.134110401326074e-06,1.0,83.79511322846284,4.716772955817145,3.100714400007918,3.100714400007918,3.162053907239759,0.0,0.0,0.2856962874129012,1.6964728896682326,0.08989715576171875,1.690912607553843,0.08027431127187368,0.02155153171436207,0.0,1.3613878198572107,375.18433277027026,0.21635485984183647,374.96795819256755,0.0,0.0,0.0,0.0,0.0,2.2663357257843018,60.421241760253906,11.690648078918457,54.81184005737305,114.68480682373047,1.0182766914367676,0.766753077507019,0.25,4.0,0.6433430910110474,0.5917612314224243,0.16781376518218624,0.00597165991902834,6.808506011962891,6.6229047775268555,0.027260199830906277,,0.8014589548110962,0.07905271649360657,,0.13346470892429352,,0.8107631802558899,0.06519538909196854,,0.12404142320156097,,,,,,,,,,,,,,,,,,,,,,,,,,,,,,,,,,,,
933,6.101602583702482e-07,6.101602583702482e-06,1.0,85.25708667652027,4.876040072054477,3.0581611427100928,3.0581611427100928,3.1142128609322213,0.0,0.0,0.28595432075294286,1.733236364416174,0.08965771907084696,1.7122910989297402,0.08256641594139305,0.02332703970574044,0.0,1.3531317839751373,381.8469700168919,0.2476762307656778,381.59923986486484,0.0,0.0,0.0,0.0,0.0,3.1386771202087402,44.59297180175781,11.39977741241455,33.967041015625,96.1977767944336,1.013683795928955,0.6300286650657654,0.25,4.0,0.6022894978523254,0.4873192310333252,0.12570850202429149,0.002226720647773279,2.387120485305786,1.5171563625335693,0.36444080980720833,,0.7414519190788269,0.10318460315465927,,0.16480985283851624,,0.7530057430267334,0.09113919734954834,,0.15585505962371826,,,,,,,,,,,,,,,,,,,,,,,,,,,,,,,,,,,,
934,6.069561997425752e-07,6.069561997425751e-06,1.0,83.60909786739865,4.666296056798987,3.09901778762405,3.09901778762405,3.156238659008129,0.0,0.0,0.28688706578435125,1.700430071031725,0.09078493633785763,1.680298779461835,0.08084373216371278,0.02223313176954115,0.0,1.3716394579088367,374.51390941722974,0.2061660354201858,374.30780194256755,0.0,0.0,0.0,0.0,0.0,2.857165575027466,53.97993469238281,11.534154891967773,44.30137252807617,111.59137725830078,1.0012794733047485,0.6823060512542725,0.25,4.0,0.606739342212677,0.5076021552085876,0.11811740890688259,0.009817813765182187,3.8148107528686523,3.2569785118103027,0.1462280247162647,,0.7496419548988342,0.09395837038755417,,0.15870574116706848,,0.775700032711029,0.08080877363681793,,0.14349117875099182,,,,,,,,,,,,,,,,,,,,,,,,,,,,,,,,,,,,
935,6.037988965144231e-07,6.03798896514423e-06,1.0,84.98948875633445,4.796534770243877,3.106304065601246,3.106304065601246,3.1673328296558276,0.0,0.0,0.287476127212112,1.7281847773371517,0.08984605041710106,1.7009849548339844,0.0787171608692891,0.02244438190717955,0.0,1.3665321968697213,380.6852565456081,0.23881553959202123,380.4464474239865,0.0,0.0,0.0,0.0,0.0,1.9702802896499634,57.429691314697266,17.618431091308594,47.250762939453125,111.15632629394531,1.0152487754821777,0.7164718508720398,0.25,4.0,0.6250593662261963,0.5424078106880188,0.12955465587044535,0.0011133603238866396,1.0157976150512695,0.6952429413795471,0.31556942930560367,,0.7754677534103394,0.08615149557590485,,0.14979031682014465,,0.7922590374946594,0.0705946534872055,,0.13714633882045746,87.43670503385775,133.83131090802038,0.24149831513779527,19.33178987607851,87.43670495382636,97.48636076993917,114.86956419969943,142.4086102418191,34.659339904785156,73.15282877840737,135.5250005307405,0.6278398667077613,0.6977536612646041,0.5563921024167163,0.5307867082023513,0.0,0.6451329346971065,0.6733218830733637,0.717477701304869,0.6222571068491144,0.8786413103220843,0.9681580008061266,0.9922501923711113,0.37864131032208426,0.16815800080612653,0.042250192371111384,0.0003481001062621377,0.0,0.5989010989010989,0.4010989010989011,0.8507326007326006,0.9482856484559866,0.9181767389342025,0.9061844828692112,-8.075445175170898,0.000311036390485242
936,6.006883804798016e-07,6.006883804798015e-06,1.0,83.78158651815879,4.7913315231735645,3.109864312249261,3.109864312249261,3.1687182864627323,0.0,0.0,0.28954843572668126,1.7186287544869088,0.09051665744265995,1.6969903481973183,0.08082245491646431,0.021066860572711843,0.0,1.381464365366343,374.65403293918916,0.24969716974206874,374.404296875,0.0,0.0,0.0,0.0,0.0,3.6755051612854004,46.28983688354492,9.729820251464844,38.48969650268555,95.07704162597656,1.0103033781051636,0.6552976965904236,0.25,4.0,0.602229654788971,0.48809611797332764,0.09767206477732794,0.000708502024291498,12.643016815185547,11.821195602416992,0.0650019868502796,,0.741278350353241,0.10391847789287567,,0.16333657503128052,,0.7550783157348633,0.09120398759841919,,0.15371768176555634,,,,,,,,,,,,,,,,,,,,,,,,,,,,,,,,,,,,
937,5.976246829615703e-07,5.976246829615703e-06,1.0,84.53229914484797,4.689191251187711,3.078329344053526,3.078329344053526,3.1284247733451225,0.0,0.0,0.287601342072358,1.710914405616554,0.08913808255582242,1.69656464860246,0.0807839535378121,0.02162972012081662,0.0,1.356481191274282,379.09551836993245,0.21753754486908783,378.8780088682432,0.0,0.0,0.0,0.0,0.0,3.69696307182312,52.80280685424805,8.554730415344238,43.359737396240234,111.59137725830078,1.0092307329177856,0.605977475643158,0.25,3.864830255508423,0.615392804145813,0.4810388386249542,0.08947368421052632,0.0,10.223588943481445,9.812187194824219,0.04024044305102232,,0.7616149187088013,0.09128633141517639,,0.15426094830036163,,0.7753738760948181,0.08127989619970322,,0.14334622025489807,,,,,,,,,,,,,,,,,,,,,,,,,,,,,,,,,,,,
938,5.946078348111313e-07,5.946078348111312e-06,1.0,85.53737990920608,4.671436619114232,3.0859243032094597,3.0859243032094597,3.145585343644426,0.0,0.0,0.2882355870427312,1.7154381210739549,0.08991036543975005,1.698996672759185,0.08261092933448586,0.022845785360078554,0.0,1.3533765431996938,384.1580975506757,0.21664487993395007,383.9414326435811,0.0,0.0,0.0,0.0,0.0,3.453240394592285,52.50865173339844,11.690648078918457,44.73611831665039,104.42169952392578,1.0170766115188599,0.6362138986587524,0.25,4.0,0.6217177510261536,0.49689316749572754,0.11052631578947368,0.0011133603238866396,18.445945739746094,18.068275451660156,0.02047443342913878,,0.7702259421348572,0.08912883698940277,,0.15470117330551147,,0.774381160736084,0.07959475368261337,,0.14602410793304443,,,,,,,,,,,,,,,,,,,,,,,,,,,,,,,,,,,,
939,5.916378664081112e-07,5.916378664081112e-06,1.0,83.87235404349663,4.677468789590372,3.1502079319309546,3.1502079319309546,3.226527858424831,0.0,0.0,0.28823911821520004,1.6988214028848183,0.09016169728459539,1.6908888945708405,0.08132163898364918,0.022825328079429833,0.0,1.3668153092667863,375.505859375,0.20829723976753853,375.2975612331081,0.0,0.0,0.0,0.0,0.0,2.418231964111328,53.711917877197266,15.131775856018066,45.70764923095703,103.60908508300781,0.9867150783538818,0.6923937201499939,0.25,4.0,0.6019177436828613,0.531513512134552,0.12307692307692308,0.012753036437246963,44.68125534057617,44.31682586669922,0.008156204902909376,,0.7456744909286499,0.08559045195579529,,0.15341633558273315,,0.7790331840515137,0.07708700001239777,,0.14387983083724976,,,,,,,,,,,,,,,,,,,,,,,,,,,,,,,,,,,,
940,5.887148076600589e-07,5.887148076600588e-06,1.0,84.37117293074324,4.682361499683277,3.107412596006651,3.107412596006651,3.1686036393449113,0.0,0.0,0.28675718565244934,1.71767250267235,0.09053047283275707,1.6850384892644108,0.0811539211788693,0.022119876500722523,0.0,1.3558190835488808,378.1837257179054,0.20345107929126635,377.98023120777026,0.0,0.0,0.0,0.0,0.0,1.5355085134506226,65.66229248046875,23.345182418823242,60.90863800048828,114.68480682373047,1.0082831382751465,0.6882658004760742,0.25,4.0,0.6361721754074097,0.5300883054733276,0.10212550607287449,0.0029352226720647774,0.5278646349906921,0.425687313079834,0.193567280582568,,0.7935127019882202,0.07201985269784927,,0.14086785912513733,,0.8139200210571289,0.05926957726478577,,0.12681038677692413,86.91281467479664,136.46553688837523,0.24462103891082876,10.714118580241779,86.91281641351401,97.80261282006407,115.25921885397399,142.80634301662928,39.02305167061942,73.42063862408779,132.03714188285497,0.6409562033213871,0.6949112823292374,0.5523386419745194,0.5280516996576831,0.0,0.6421040284116581,0.6708287672992054,0.7128211857052591,0.6208056075882744,0.8790443736030193,0.9672602689531348,0.9919387343812979,0.37904437360301935,0.16726026895313473,0.041938734381297915,0.000494668572056722,0.0,0.5769230769230769,0.4230769230769231,0.8406593406593407,0.9410693935313068,0.914879380592278,0.9052606163607849,-8.075424194335938,0.0003110429097432643
941,5.858386880021432e-07,5.858386880021432e-06,1.0,84.5947067673142,4.73647370209565,3.089285154600401,3.089285154600401,3.1461490940403296,0.0,0.0,0.2869650093284813,1.7142015405603357,0.08956752596674739,1.7011829066920925,0.08142874047562883,0.022618208382580732,0.0,1.3541189657675254,379.10805532094594,0.2253006342295054,378.8827861064189,0.0,0.0,0.0,0.0,0.0,2.5875532627105713,58.56991958618164,11.828454971313477,50.00431823730469,119.25332641601562,1.0023376941680908,0.7255258560180664,0.25,4.0,0.627766489982605,0.5761709213256836,0.12327935222672065,0.010222672064777328,18.553466796875,18.500701904296875,0.002843937101125074,,0.7807756066322327,0.08066610246896744,,0.13911138474941254,,0.797798752784729,0.07173020392656326,,0.13047100603580475,,,,,,,,,,,,,,,,,,,,,,,,,,,,,,,,,,,,
942,5.830095363968577e-07,5.830095363968578e-06,1.0,84.18632548564189,4.663362657701647,3.116740252520587,3.116740252520587,3.1802941399651603,0.0,0.0,0.2876038937955289,1.706748137602935,0.08972073245692898,1.6863139384501689,0.08224925479373417,0.022027329818622488,0.0,1.3568954467773438,377.31273754222974,0.21427824690535263,377.0984744510135,0.0,0.0,0.0,0.0,0.0,1.608793020248413,65.60809326171875,20.561853408813477,59.730560302734375,117.45024871826172,1.0086848735809326,0.7214339971542358,0.25,4.0,0.6367022395133972,0.553831934928894,0.11953441295546559,0.007388663967611336,0.7996813058853149,0.6098105907440186,0.23743297954313616,,0.7939648032188416,0.07357555627822876,,0.1382179707288742,,0.8140425086021423,0.06047210842370987,,0.1254853755235672,,,,,,,,,,,,,,,,,,,,,,,,,,,,,,,,,,,,
943,5.802273813337279e-07,5.8022738133372785e-06,1.0,84.61502322635135,4.6812241012985645,3.1103697080869934,3.1103697080869934,3.1749966595623946,0.0,0.0,0.28652000427246094,1.708362476245777,0.08958299739940746,1.689154341414168,0.07964741861498034,0.022405286093015928,0.0,1.3610959439664274,379.4022909628378,0.20309520412135768,379.1991923564189,0.0,0.0,0.0,0.0,0.0,2.223004102706909,59.332576751708984,13.299089431762695,51.3904914855957,119.25332641601562,1.0173008441925049,0.8217176198959351,0.25,4.0,0.6336312890052795,0.6181326508522034,0.18157894736842106,0.005263157894736842,6.737338066101074,6.617660999298096,0.01776325688703879,,0.7872776985168457,0.08457021415233612,,0.14147992432117462,,0.8024042844772339,0.06840942054986954,,0.12918633222579956,,,,,,,,,,,,,,,,,,,,,,,,,,,,,,,,,,,,
944,5.774922508290228e-07,5.774922508290228e-06,1.0,83.62382548564189,4.738057316960515,3.121728020745355,3.121728020745355,3.1828310167467273,0.0,0.0,0.287784937265757,1.709295942976668,0.09102026836292164,1.6839993451092694,0.07710415608174093,0.02125118874214791,0.0,1.3693883741224133,374.1108530405405,0.21738364245440508,373.8934227195946,0.0,0.0,0.0,0.0,0.0,1.7803773880004883,62.898258209228516,20.164148330688477,55.67499923706055,113.34868621826172,1.0093995332717896,0.7655694484710693,0.25,4.0,0.6343614459037781,0.5843173861503601,0.1507085020242915,0.008502024291497975,3.905376434326172,3.8097972869873047,0.02447373484890664,,0.7905241847038269,0.07485124468803406,,0.1408383548259735,,0.8083393573760986,0.06288838386535645,,0.12877222895622253,,,,,,,,,,,,,,,,,,,,,,,,,,,,,,,,,,,,
945,5.748041724254774e-07,5.748041724254774e-06,1.0,84.61475929054055,4.803995080896326,3.1082334776182434,3.1082334776182434,3.174078657820418,0.0,0.0,0.288405366846033,1.717767148404508,0.0896242889198097,1.7010389791952598,0.07996751166678764,0.020933610361975594,0.0,1.3551785237080343,378.7735694679054,0.23741995321737752,378.5362383868243,0.0,0.0,0.0,0.0,0.0,1.535531997680664,64.604248046875,25.489871978759766,57.44231414794922,114.23768615722656,1.0074050426483154,0.6061780452728271,0.25,4.0,0.6405860781669617,0.5182520151138306,0.08441295546558704,0.002125506072874494,0.8063619136810303,0.6409912109375,0.20508248211850116,,0.8003793954849243,0.06806264072656631,,0.1356143206357956,,0.8118634819984436,0.06073082238435745,,0.12740570306777954,83.55313454093513,128.16005474068112,0.2317424934828613,3.659539778153975,83.55313639838279,94.0719595353387,112.01297966218958,139.2244141855129,36.26112365722656,69.0019434256147,131.55634606402853,0.6177632234104293,0.6913232573984135,0.5542045012022689,0.525566311949423,0.0,0.6377941031967093,0.6613399732691964,0.7040668701528424,0.6183228212315576,0.8821589535011543,0.9685061009123886,0.9922685134293356,0.38215895350115425,0.1685061009123886,0.042268513429335686,0.0002931369315891686,0.0,0.5604395604395604,0.43956043956043955,0.8406593406593407,0.9164547825252617,0.8912978327045074,0.8821122548901118,-8.075491905212402,0.00031102183857001364
946,5.72163173192012e-07,5.72163173192012e-06,1.0,83.264404296875,4.716937915698902,3.128086399387669,3.128086399387669,3.19237621410473,0.0,0.0,0.2903688533886059,1.6795878023714632,0.09021462620915593,1.6804569347484692,0.08113568537944071,0.02054793286967922,0.0,1.3713194357382286,372.4047191722973,0.22525874988452807,372.1795291385135,0.0,0.0,0.0,0.0,0.0,2.7346322536468506,57.115787506103516,10.543069839477539,53.12546157836914,108.58139038085938,1.0164097547531128,0.9077491164207458,0.25,4.0,0.6344109177589417,0.6621368527412415,0.2153846153846154,0.019736842105263157,28.63835906982422,29.16317367553711,-0.018325582287494934,,0.7887115478515625,0.08321478217840195,,0.13923442363739014,,0.8019332885742188,0.0687374398112297,,0.12932926416397095,,,,,,,,,,,,,,,,,,,,,,,,,,,,,,,,,,,,
947,5.695692797234584e-07,5.695692797234584e-06,1.0,82.92764859586148,4.715127480996622,3.0988878817171663,3.0988878817171663,3.1580470317118876,0.0,0.0,0.2882152763572899,1.685615230251003,0.09043475099512048,1.683172793001742,0.08269888645893819,0.02223972694293873,0.0,1.3632545471191406,370.86935177364865,0.2237344690271326,370.6455869932432,0.0,0.0,0.0,0.0,0.0,4.266668796539307,44.7310791015625,7.911831855773926,30.299562454223633,104.83039093017578,1.0094977617263794,0.5900391936302185,0.25,4.0,0.598546028137207,0.47462236881256104,0.0825910931174089,0.0034412955465587046,4.885046005249023,3.6769707202911377,0.24730069761058515,,0.7357317805290222,0.10683438181877136,,0.16588492691516876,,0.7454853057861328,0.0983600914478302,,0.156154602766037,,,,,,,,,,,,,,,,,,,,,,,,,,,,,,,,,,,,
948,5.670225181402952e-07,5.670225181402952e-06,1.0,84.06531091638513,4.728885959934544,3.114609177048142,3.114609177048142,3.175079345703125,0.0,0.0,0.2885590115109006,1.69084847939981,0.0894647353404277,1.686073921822213,0.08217560278402793,0.022511672329258273,0.0,1.3569899894095756,376.40450802364865,0.22304913804337784,376.1814822635135,0.0,0.0,0.0,0.0,0.0,3.618839979171753,51.674278259277344,9.61646556854248,44.30137252807617,106.48123168945312,1.0086874961853027,0.7339308261871338,0.25,4.0,0.612756073474884,0.5495571494102478,0.14807692307692308,0.00860323886639676,11.95144271850586,11.324962615966797,0.05241878468521694,,0.7574054002761841,0.09487146884202957,,0.15389925241470337,,0.7736564874649048,0.08236667513847351,,0.1439768373966217,,,,,,,,,,,,,,,,,,,,,,,,,,,,,,,,,,,,
949,5.645229140883844e-07,5.645229140883843e-06,1.0,84.08671611064189,4.690406593116554,3.116387856973184,3.116387856973184,3.1788880631730363,0.0,0.0,0.2879900545687289,1.710535410288218,0.0907599925994873,1.6951184659390837,0.07953145052935626,0.02186168045610995,0.0,1.3617146466229413,376.6729571368243,0.19686914134669947,376.4761402027027,0.0,0.0,0.0,0.0,0.0,2.065704107284546,57.186500549316406,15.190999984741211,51.793548583984375,105.65259552001953,1.0156444311141968,0.7905507683753967,0.25,4.0,0.6299769878387451,0.5908336043357849,0.1798582995951417,0.008805668016194331,6.848217964172363,6.644343852996826,0.029770388770062488,,0.7830047011375427,0.08213089406490326,,0.1443786323070526,,0.798073410987854,0.06834426522254944,,0.13358233869075775,,,,,,,,,,,,,,,,,,,,,,,,,,,,,,,,,,,,
950,5.620704927387093e-07,5.620704927387093e-06,1.0,84.98491606841216,4.873022543417441,3.074130290263408,3.074130290263408,3.1315957146721916,0.0,0.0,0.28750321671769424,1.722638413712785,0.09114253843152845,1.704004751669394,0.08269764281607964,0.023075870565465978,0.0,1.3512589738175675,380.4360483530405,0.2274473035657728,380.2085620777027,0.0,0.0,0.0,0.0,0.0,2.4025557041168213,56.37474060058594,15.397111892700195,51.09025192260742,103.60908508300781,1.0095250606536865,0.7177315354347229,0.25,4.0,0.6194083094596863,0.5383344888687134,0.1402834008097166,0.008097165991902834,3.233250141143799,2.734349250793457,0.15430321458946877,,0.7681136727333069,0.08575665205717087,,0.15340280532836914,,0.7855701446533203,0.07311099022626877,,0.14131882786750793,84.91984210171542,132.14343477642197,0.23286243654732988,7.4026302714924235,84.9198451640205,95.42891505958416,113.07766087148845,140.56382718184003,32.935926164899556,69.82356989660929,135.16563614555028,0.6301142160113843,0.6953575756968303,0.5546148268795686,0.5292531441350553,0.0,0.6428666372643796,0.6698669041986891,0.7071481835570028,0.618390279856278,0.8813161848228354,0.9683961745630427,0.9921036239053168,0.38131618482283536,0.16839617456304268,0.042103623905316856,0.00038474222271078377,0.0,0.5769230769230769,0.4230769230769231,0.8415750915750915,0.9268709746199649,0.9013508985658268,0.8918294331857136,-8.075489044189453,0.0003110227407887578
951,5.596652787871272e-07,5.596652787871272e-06,1.0,83.93170001055744,4.666404105521537,3.1398911347260348,3.1398911347260348,3.2106591301995353,0.0,0.0,0.29002609768429316,1.697897008947424,0.08875002732148042,1.7131060007456187,0.07938673689558699,0.021646106565320813,0.0,1.3530699240194786,375.8935810810811,0.19769476555489204,375.6958403716216,0.0,0.0,0.0,0.0,0.0,3.2035131454467773,56.99763488769531,9.320598602294922,51.49095916748047,112.46659851074219,1.0108506679534912,0.7250997424125671,0.25,4.0,0.6219988465309143,0.5297229290008545,0.11568825910931174,0.0020242914979757085,9.161208152770996,8.849922180175781,0.03397870318021974,,0.7707192301750183,0.08990360051393509,,0.148555189371109,,0.7900832295417786,0.07422135025262833,,0.1356954425573349,,,,,,,,,,,,,,,,,,,,,,,,,,,,,,,,,,,,
952,5.573072964541147e-07,5.573072964541148e-06,1.0,83.54290936444256,4.661193435256545,3.1333642908044763,3.1333642908044763,3.192800573400549,0.0,0.0,0.2893105068722287,1.6924940573202598,0.08989559637533652,1.685375316722973,0.08137773178719185,0.021278233141512483,0.0,1.3615053537729624,374.03592166385135,0.20617863938615127,373.82976140202703,0.0,0.0,0.0,0.0,0.0,2.5214297771453857,51.168312072753906,14.637603759765625,44.91121292114258,94.70636749267578,1.0111860036849976,0.6206470727920532,0.25,3.8186521530151367,0.606214702129364,0.4641532599925995,0.1125506072874494,0.0,3.209228754043579,2.552225351333618,0.2047231447375469,,0.7480640411376953,0.09662214666604996,,0.1641966700553894,,0.7647619843482971,0.08243778347969055,,0.15280020236968994,,,,,,,,,,,,,,,,,,,,,,,,,,,,,,,,,,,,
953,5.549965694845286e-07,5.549965694845285e-06,1.0,84.07175095016892,4.745503606023015,3.143077128642314,3.143077128642314,3.21206335119299,0.0,0.0,0.28857561059900233,1.7196514026538745,0.09205729252583272,1.69283542117557,0.07997629449174211,0.02155490340413274,0.0,1.366424560546875,376.1781566722973,0.22828017054377375,375.94985219594594,0.0,0.0,0.0,0.0,0.0,3.4532999992370605,48.977638244628906,10.001493453979492,37.16005325317383,109.0063705444336,1.0115280151367188,0.6494720578193665,0.25,4.0,0.6039843559265137,0.49414610862731934,0.12095141700404859,0.0015182186234817814,3.8407249450683594,3.076897621154785,0.19887582027824155,,0.7438002228736877,0.10304579883813858,,0.1621106117963791,,0.759037971496582,0.08963731676340103,,0.15132468938827515,,,,,,,,,,,,,,,,,,,,,,,,,,,,,,,,,,,,
954,5.527331211473634e-07,5.527331211473634e-06,1.0,83.86761639569256,4.733512259818412,3.1196967460013725,3.1196967460013725,3.1826132697028084,0.0,0.0,0.28769266283189926,1.7037855612265098,0.09002095944172628,1.690083374848237,0.08054705568262048,0.021762417780386435,0.0,1.364254513302365,375.35515202702703,0.22733193474846916,375.1278505067568,0.0,0.0,0.0,0.0,0.0,3.9865353107452393,47.51279067993164,8.340254783630371,35.320133209228516,104.42169952392578,1.0089958906173706,0.7453867793083191,0.25,4.0,0.603621780872345,0.5566031336784363,0.11831983805668016,0.011437246963562754,30.811473846435547,30.410533905029297,0.01301268298311647,,0.7434553503990173,0.1029646247625351,,0.16010762751102448,,0.7566996216773987,0.09124337136745453,,0.15205702185630798,,,,,,,,,,,,,,,,,,,,,,,,,,,,,,,,,,,,
955,5.505169742355188e-07,5.505169742355187e-06,1.0,85.08348949535473,4.731748013883023,3.0970760036159204,3.0970760036159204,3.1583247829127954,0.0,0.0,0.28715886296452703,1.7262476328256968,0.09038032067788614,1.6898893407873206,0.08431957863472603,0.022321786429430987,0.0,1.3408044351113808,381.5313291807432,0.2348554972055796,381.29650548986484,0.0,0.0,0.0,0.0,0.0,2.7116000652313232,55.33749771118164,11.900286674499512,47.158565521240234,108.20023345947266,1.0076810121536255,0.6208645701408386,0.25,4.0,0.6182330250740051,0.49768343567848206,0.06862348178137652,0.0013157894736842105,9.56656551361084,9.21170711517334,0.03709360458908946,,0.766236424446106,0.0878363847732544,,0.15104897320270538,,0.7783935070037842,0.0781446173787117,,0.14346185326576233,82.74606147179237,128.48348665308043,0.2265240618602435,7.055140484820355,82.74605872213344,93.98879339156599,112.07763302792549,139.8116000924147,26.446272713797434,69.91649781456289,127.29197958241339,0.6168633331877846,0.6964200218974455,0.5581249234048525,0.5354662618891028,0.0,0.6441423285333501,0.6738616757823127,0.7163049199635682,0.6181414774289636,0.88214063244293,0.9685061009123886,0.9921036239053168,0.38214063244292995,0.1685061009123886,0.042103623905316856,0.00027481587336484554,0.0,0.5824175824175825,0.4175824175824176,0.8397435897435898,0.922270801286776,0.8956000879406929,0.8857970399843468,-8.075478553771973,0.00031102600041776896
956,5.483481510655699e-07,5.4834815106556985e-06,1.0,84.10976430532095,4.653799520956503,3.085626756822741,3.085626756822741,3.138234112713788,0.0,0.0,0.288126481545938,1.708488670555321,0.09062321766002758,1.6878677574363914,0.08011991268879659,0.021214607599619274,0.0,1.3587902172191724,377.1338946368243,0.21233960744496938,376.92153188344594,0.0,0.0,0.0,0.0,0.0,2.936760425567627,49.2821159362793,10.646533966064453,42.68750762939453,97.71267700195312,1.0174599885940552,0.8060915470123291,0.25,4.0,0.6130801439285278,0.5863004922866821,0.198582995951417,0.009008097165991902,8.984064102172852,8.48582649230957,0.055457931310038115,,0.7567082643508911,0.09911738336086273,,0.15624521672725677,,0.7695589065551758,0.08313450217247009,,0.14730656147003174,,,,,,,,,,,,,,,,,,,,,,,,,,,,,,,,,,,,
957,5.462266734775409e-07,5.462266734775409e-06,1.0,85.13330078125,4.735342489706503,3.0956499254381336,3.0956499254381336,3.155295913283889,0.0,0.0,0.2894609296644056,1.7209658236116976,0.09012795783377983,1.70127518112595,0.08541971928364522,0.022157822106335615,0.0,1.3440984777502112,381.7544341216216,0.2398574416701858,381.5146220439189,0.0,0.0,0.0,0.0,0.0,1.8724085092544556,60.29734802246094,17.450618743896484,53.64680099487305,111.59137725830078,1.0132018327713013,0.7963175177574158,0.25,4.0,0.6314258575439453,0.5950889587402344,0.16022267206477733,0.009109311740890687,1.1668047904968262,0.892336368560791,0.23523079796335628,,0.7851429581642151,0.08089438825845718,,0.14463959634304047,,0.8044501543045044,0.06599145382642746,,0.12955833971500397,,,,,,,,,,,,,,,,,,,,,,,,,,,,,,,,,,,,
958,5.441525628346889e-07,5.4415256283468885e-06,1.0,82.65211280616555,4.628195272909628,3.094810073440139,3.094810073440139,3.1549719733160897,0.0,0.0,0.28715270274394267,1.6811589421452702,0.09070806245546083,1.684614542368296,0.08275403847565523,0.021675578645757726,0.0,1.3662724881558805,369.95180532094594,0.1811032939601589,369.77077174831084,0.0,0.0,0.0,0.0,0.0,4.0243706703186035,50.42165756225586,9.633389472961426,40.73270034790039,106.48123168945312,1.0075316429138184,0.6991429924964905,0.25,4.0,0.6081226468086243,0.516497790813446,0.11174089068825911,0.0034412955465587046,28.52045249938965,28.865764617919922,-0.01210752594257273,,0.7506350874900818,0.09724394232034683,,0.1590062975883484,,0.7645711898803711,0.08613859117031097,,0.14929020404815674,,,,,,,,,,,,,,,,,,,,,,,,,,,,,,,,,,,,
959,5.421258400232848e-07,5.4212584002328485e-06,1.0,83.30003563133445,4.744858612885347,3.121400987779772,3.121400987779772,3.181638356801626,0.0,0.0,0.2876957042797192,1.69863561681799,0.08993266079876874,1.6765997603132918,0.08032341905542321,0.021575064272493928,0.0,1.3722549644676414,372.4693042652027,0.22649393854914485,372.2428737331081,0.0,0.0,0.0,0.0,0.0,4.105252742767334,50.83298873901367,9.140320777893066,40.613563537597656,109.4330062866211,1.0173372030258179,0.7326585054397583,0.25,4.0,0.6193861365318298,0.555280864238739,0.13866396761133604,0.005465587044534413,29.53516387939453,28.542394638061523,0.03361312791040994,,0.7658739686012268,0.09541109949350357,,0.15243957936763763,,0.7718527317047119,0.08344902098178864,,0.14469830691814423,,,,,,,,,,,,,,,,,,,,,,,,,,,,,,,,,,,,
960,5.401465254524037e-07,5.4014652545240375e-06,1.0,85.25012536951013,4.733272243190456,3.1088935233451225,3.1088935233451225,3.171923250765414,0.0,0.0,0.2869896759858003,1.7224240689664274,0.08997321773219753,1.698813773490287,0.07939222696665171,0.023245637481277052,0.0,1.352226360424145,382.3021537162162,0.21019724253061656,382.09198163006755,0.0,0.0,0.0,0.0,0.0,1.4537516832351685,67.96154022216797,23.85216522216797,61.626609802246094,121.60538482666016,1.0068001747131348,0.6189231276512146,0.25,4.0,0.6389590501785278,0.5061975121498108,0.07702429149797571,0.00010121457489878542,0.43711528182029724,0.33058497309684753,0.24371215822018652,,0.7978665828704834,0.06951355189085007,,0.13722869753837585,,0.8150472640991211,0.05913461744785309,,0.1258181482553482,83.60142955151233,130.66983400139046,0.23179728778688313,-5.552658437372564,83.60142998715172,94.58814525651462,112.19890353978685,139.37869429779207,38.75524738856724,67.75053807931353,134.8772616179093,0.6265947700524093,0.6916891854921786,0.5533967070612299,0.5309554648924041,0.0,0.6382559782966576,0.6662740310670253,0.711883068497949,0.6158835231156994,0.8832948591110622,0.9678831849327617,0.9918837712066249,0.3832948591110622,0.16788318493276166,0.0418837712066249,0.00032977904803781465,0.0,0.5384615384615384,0.46153846153846156,0.8369963369963369,0.9059871255860223,0.884216984140349,0.8772348833608103,-8.075421333312988,0.000311043782858178
961,5.382146390537222e-07,5.382146390537222e-06,1.0,83.35103462837837,4.75027795740076,3.1463091051256336,3.1463091051256336,3.2117746713999153,0.0,0.0,0.2884193626610008,1.6965060878444362,0.09038363920675742,1.6833798176533468,0.07927556295652648,0.021026484064153722,0.0,1.3655254260913745,372.5707084037162,0.22281427641172666,372.34792018581084,0.0,0.0,0.0,0.0,0.0,3.4233274459838867,58.65293502807617,8.826286315917969,53.22932052612305,116.4908218383789,0.9949900507926941,0.746344268321991,0.25,4.0,0.6233801245689392,0.5782451033592224,0.132085020242915,0.016194331983805668,12.396953582763672,11.315046310424805,0.08727202736671665,,0.7749539613723755,0.08215386420488358,,0.13589929044246674,,0.7965777516365051,0.07364946603775024,,0.12977276742458344,,,,,,,,,,,,,,,,,,,,,,,,,,,,,,,,,,,,
962,5.363302002813152e-07,5.363302002813153e-06,1.0,84.11214632601352,4.739578659470017,3.128463538917335,3.128463538917335,3.198216000118771,0.0,0.0,0.28703279752989075,1.7127825762774493,0.08913389412132469,1.6966968227077175,0.07988040511672562,0.021581440358548552,0.0,1.3623262353845544,376.49250422297297,0.22393329723461255,376.2685546875,0.0,0.0,0.0,0.0,0.0,3.6600379943847656,44.717735290527344,11.027483940124512,37.01518249511719,88.96839904785156,1.0192441940307617,0.7257865071296692,0.25,4.0,0.6007501482963562,0.5154877305030823,0.16275303643724695,0.001417004048582996,20.81946563720703,20.247997283935547,0.027448752202851825,,0.7379955053329468,0.10835135728120804,,0.17007531225681305,,0.7506636381149292,0.09158704429864883,,0.15774935483932495,,,,,,,,,,,,,,,,,,,,,,,,,,,,,,,,,,,,
963,5.344932281114597e-07,5.344932281114598e-06,1.0,84.52751530827703,4.684122858820735,3.1076066300675675,3.1076066300675675,3.172864346890836,0.0,0.0,0.28892434609902873,1.7051156533730996,0.0895088749962884,1.6942573753563133,0.07925143113007417,0.021882340714738175,0.0,1.3539821521655933,378.9594858530405,0.2106025927775615,378.7488914695946,0.0,0.0,0.0,0.0,0.0,2.840531349182129,51.93340301513672,11.179285049438477,43.44450378417969,104.83039093017578,1.0113211870193481,0.7905283570289612,0.25,4.0,0.6179232597351074,0.589484453201294,0.16255060728744938,0.01659919028340081,4.61726188659668,3.982524871826172,0.1374704381861181,,0.7648388743400574,0.09200026094913483,,0.15153096616268158,,0.7828778028488159,0.07733088731765747,,0.1397913098335266,,,,,,,,,,,,,,,,,,,,,,,,,,,,,,,,,,,,
964,5.327037410424452e-07,5.3270374104244516e-06,1.0,84.2215675147804,4.737415210620777,3.086557130555849,3.086557130555849,3.143049910261824,0.0,0.0,0.2864622683138461,1.7029822066023543,0.08965759663968473,1.7006998835383236,0.08268303484530062,0.022698344411076727,0.0,1.3500038353172508,377.26198268581084,0.24877891025027712,377.0132495777027,0.0,0.0,0.0,0.0,0.0,2.4376394748687744,61.36628723144531,13.77763843536377,54.2791748046875,116.53623962402344,1.0141574144363403,0.6400530338287354,0.25,4.0,0.6357870697975159,0.5140463709831238,0.11204453441295546,0.0006072874493927126,3.9531466960906982,3.8162853717803955,0.03462085645484548,,0.791789174079895,0.07681112736463547,,0.14296260476112366,,0.8020814061164856,0.06687779724597931,,0.1310407817363739,,,,,,,,,,,,,,,,,,,,,,,,,,,,,,,,,,,,
965,5.309617570943865e-07,5.309617570943865e-06,1.0,84.64803499788852,4.70752612964527,3.079418491672825,3.079418491672825,3.141485884382918,0.0,0.0,0.2881939088976061,1.7052585498706714,0.08848705807247677,1.7018249099319045,0.07837365124676679,0.021470103714917158,0.0,1.3503203520903717,379.583984375,0.2298148387187236,379.35417546452703,0.0,0.0,0.0,0.0,0.0,3.0809502601623535,51.364601135253906,13.172416687011719,43.10641860961914,100.81439971923828,1.0100215673446655,0.6651196479797363,0.25,3.7943928241729736,0.6063379049301147,0.48877906799316406,0.11002024291497976,0.0,12.040071487426758,11.805252075195312,0.01950315764127009,,0.747970461845398,0.09809521585702896,,0.16237398982048035,,0.7668011784553528,0.0832022875547409,,0.14999651908874512,81.55873170789782,125.55509231519439,0.2238693907904938,-1.581535884312221,81.55873165204127,92.15742798006899,110.35355479174761,137.63356769881207,30.66965593610491,67.32191402228304,129.22771022630775,0.61688675866615,0.6862886700439403,0.5539858018144123,0.525251315032459,0.0,0.6306372302167426,0.6604153167787151,0.7045159909728667,0.6179212893782752,0.8841193067311568,0.9689641273679968,0.9922685134293356,0.3841193067311568,0.1689641273679967,0.042268513429335686,0.00025649481514052253,0.0,0.5659340659340659,0.4340659340659341,0.8479853479853481,0.9054342671246319,0.8801984390714667,0.8716522678732872,-8.075421333312988,0.000311043782858178
966,5.29267293809043e-07,5.292672938090429e-06,1.0,84.52065297719595,4.715113047006968,3.1012082486539274,3.1012082486539274,3.16524938634924,0.0,0.0,0.2870918995625264,1.7122399613663957,0.08974563753282702,1.6988216090846706,0.08035565711356499,0.022372861166258116,0.0,1.3609484079721812,378.7900126689189,0.21321323755625132,378.57680532094594,0.0,0.0,0.0,0.0,0.0,3.3868625164031982,53.945369720458984,12.302046775817871,48.845970153808594,100.81439971923828,1.0093061923980713,0.7183693647384644,0.25,4.0,0.614344596862793,0.5303088426589966,0.1069838056680162,0.003036437246963563,13.951066017150879,12.17245101928711,0.1274895406327525,,0.7600642442703247,0.09208014607429504,,0.15460649132728577,,0.7780454158782959,0.0784669816493988,,0.1434875875711441,,,,,,,,,,,,,,,,,,,,,,,,,,,,,,,,,,,,
967,5.276203682496407e-07,5.276203682496408e-06,1.0,82.12224846917229,4.679412016997466,3.147994582717483,3.147994582717483,3.2139880206133866,0.0,0.0,0.2886730658041464,1.6692751291635874,0.09048581123352051,1.669092539194468,0.07915802904077478,0.02031563423775338,0.0,1.3707431071513407,366.8131862331081,0.20230246878959038,366.6108002533784,0.0,0.0,0.0,0.0,0.0,2.229435443878174,56.61907958984375,15.102250099182129,49.518367767333984,106.10746002197266,1.0153517723083496,0.7053243517875671,0.25,4.0,0.6218684911727905,0.5283271670341492,0.14949392712550608,0.001417004048582996,1.8666396141052246,1.6099509000778198,0.13751380399716243,,0.7708151340484619,0.08767896145582199,,0.15360350906848907,,0.7869033813476562,0.07310740649700165,,0.13998925685882568,,,,,,,,,,,,,,,,,,,,,,,,,,,,,,,,,,,,
968,5.260209970007019e-07,5.260209970007019e-06,1.0,84.07501715582771,4.691005809887035,3.1532914445206925,3.1532914445206925,3.230482771589949,0.0,0.0,0.2883027308696025,1.701404468433277,0.08949903539709143,1.693530727077175,0.07937676842148239,0.021457411147452688,0.0,1.360110721072635,376.4385557432432,0.19736194610595703,376.2411845439189,0.0,0.0,0.0,0.0,0.0,2.222634792327881,62.22294998168945,13.989150047302246,55.241737365722656,115.1336669921875,1.0158730745315552,0.730021595954895,0.25,4.0,0.6340020895004272,0.5560600161552429,0.15202429149797572,0.005364372469635627,14.447330474853516,14.320042610168457,0.008810476434148931,,0.7884384393692017,0.08067869395017624,,0.14593036472797394,,0.8006097078323364,0.06768907606601715,,0.13170123100280762,,,,,,,,,,,,,,,,,,,,,,,,,,,,,,,,,,,,
969,5.244691961678771e-07,5.2446919616787714e-06,1.0,84.70771088471284,4.739982398780617,3.111910227182749,3.111910227182749,3.17723949535473,0.0,0.0,0.28645126239673513,1.7274023519979942,0.08965983261933198,1.7011999181798987,0.07936323011243665,0.0230602460938531,0.0,1.3446690327412374,379.5376372466216,0.2302912377022408,379.30735325168916,0.0,0.0,0.0,0.0,0.0,2.6111767292022705,59.276397705078125,13.508519172668457,47.99485397338867,120.18863677978516,1.0044406652450562,0.5889618396759033,0.25,4.0,0.6228898167610168,0.4878728985786438,0.061639676113360325,0.0006072874493927126,2.808366298675537,2.4731788635253906,0.11935317529918563,,0.773919403553009,0.08167072385549545,,0.14605022966861725,,0.7874948978424072,0.07432791590690613,,0.13817718625068665,,,,,,,,,,,,,,,,,,,,,,,,,,,,,,,,,,,,
970,5.22964981377784e-07,5.22964981377784e-06,1.0,83.5506492820946,4.7295684814453125,3.1227718043971704,3.1227718043971704,3.18920238597973,0.0,0.0,0.28938094989673513,1.6852221102327913,0.0888735345892004,1.688452437117293,0.08027740426965661,0.020792365074157715,0.0,1.364911156731683,373.7923880912162,0.23890072590595968,373.55344700168916,0.0,0.0,0.0,0.0,0.0,2.0375418663024902,59.4322624206543,14.438841819763184,52.815086364746094,112.02813720703125,1.0157583951950073,0.6884828805923462,0.25,4.0,0.6340308785438538,0.5423669219017029,0.12651821862348178,0.005060728744939271,1.6384652853012085,1.4311656951904297,0.1265205872657044,,0.7881968021392822,0.08227464556694031,,0.1440661996603012,,0.7985426187515259,0.0688214898109436,,0.1326359212398529,82.34254776252494,126.64977933004513,0.22862129099776163,2.0104403443388885,82.34254904763117,92.34950913714064,110.60064443137054,138.15826399277128,33.96512985229492,67.99311521071796,129.94512873110563,0.6105990863273525,0.6920408903068236,0.5572081790909725,0.5315140103311581,0.0,0.6378260553671776,0.6685983107698112,0.7126369508620127,0.6193169351937086,0.8822688798505002,0.9684511377377157,0.9922135502546627,0.3822688798505002,0.1684511377377157,0.04221355025466278,0.00025649481514052253,0.0,0.5659340659340659,0.4340659340659341,0.8470695970695972,0.9094526780830635,0.8839907016564201,0.8749633668870717,-8.075448036193848,0.00031103548826649785
971,5.215083677778482e-07,5.215083677778483e-06,1.0,84.45772408150337,4.682096326673353,3.095905407055004,3.095905407055004,3.149016302985114,0.0,0.0,0.2874451714593011,1.703472240551098,0.08914394636411925,1.692065883327175,0.08189334740509858,0.023589185766271642,0.0,1.358896203943201,378.677734375,0.2157656953141496,378.4619668496622,0.0,0.0,0.0,0.0,0.0,1.5406805276870728,67.15679168701172,16.811622619628906,62.35304260253906,119.7200698852539,1.0201637744903564,0.7757412195205688,0.25,4.0,0.655124843120575,0.609045684337616,0.1624493927125506,0.008704453441295546,4.675538063049316,4.4020609855651855,0.058491038634764785,,0.8194987177848816,0.06735670566558838,,0.13031937181949615,,0.8265816569328308,0.054853811860084534,,0.11856451630592346,,,,,,,,,,,,,,,,,,,,,,,,,,,,,,,,,,,,
972,5.200993700361527e-07,5.200993700361527e-06,1.0,84.69988518792229,4.70489501953125,3.092762096508129,3.092762096508129,3.15382735793655,0.0,0.0,0.2881867692277238,1.7102930223619617,0.09030286041465965,1.7007648364917651,0.08262687116055875,0.02205248620059039,0.0,1.3541516484440983,379.77277766047297,0.21322660188417178,379.5595439189189,0.0,0.0,0.0,0.0,0.0,2.7279467582702637,57.108802795410156,11.80767822265625,51.290218353271484,108.15806579589844,1.0085053443908691,0.7633436918258667,0.25,4.0,0.6186755299568176,0.5491049289703369,0.14018218623481782,0.007489878542510121,6.75477933883667,6.214369773864746,0.08000402942326092,,0.7665573954582214,0.08912623673677444,,0.14998380839824677,,0.7922330498695374,0.0723322331905365,,0.13543473184108734,,,,,,,,,,,,,,,,,,,,,,,,,,,,,,,,,,,,
973,5.187380023412895e-07,5.187380023412894e-06,1.0,85.52203864020271,4.77670246845967,3.1142571939004435,3.1142571939004435,3.1766971897434546,0.0,0.0,0.28831726795918233,1.7398516680743243,0.08879781413722683,1.7198522413099133,0.08325496879783836,0.023560248516701365,0.0,1.3360981296848606,383.3706714527027,0.26788420290560333,383.1028293918919,0.0,0.0,0.0,0.0,0.0,2.7784247398376465,62.4975700378418,11.597413063049316,54.491615295410156,124.53770446777344,1.0088648796081543,0.7944663166999817,0.25,4.0,0.6324747800827026,0.600779116153717,0.15111336032388664,0.008805668016194331,28.126615524291992,28.026580810546875,0.0035565855287039653,,0.7865772247314453,0.08164305239915848,,0.13950909674167633,,0.8029765486717224,0.06857387721538544,,0.12844958901405334,,,,,,,,,,,,,,,,,,,,,,,,,,,,,,,,,,,,
974,5.174242784022162e-07,5.174242784022162e-06,1.0,84.47244510135135,4.674188562341638,3.0892919591955237,3.0892919591955237,3.1468920321077913,0.0,0.0,0.28785396266627955,1.6905257766311232,0.08859569317585714,1.70236535974451,0.08204314515397355,0.023219849612261798,0.0,1.3545087865881018,378.8268581081081,0.2021454991521062,378.6247096706081,0.0,0.0,0.0,0.0,0.0,2.80971622467041,54.280921936035156,10.814192771911621,44.73611831665039,113.39287567138672,0.9959281086921692,0.7506289482116699,0.25,4.0,0.616592288017273,0.5868299007415771,0.16214574898785425,0.013360323886639677,9.380022048950195,9.157939910888672,0.023676078467894292,,0.7653676867485046,0.08434277027845383,,0.14277644455432892,,0.7896610498428345,0.07563462853431702,,0.13470430672168732,,,,,,,,,,,,,,,,,,,,,,,,,,,,,,,,,,,,
975,5.161582114481171e-07,5.161582114481171e-06,1.0,84.4088035789696,4.740577491554054,3.1035164497994088,3.1035164497994088,3.1594444481102197,0.0,0.0,0.2877542134877798,1.7073571488663957,0.08894009847898741,1.7001957248997044,0.0776760127093341,0.021834465297492774,0.0,1.3573693971376162,378.10222233952703,0.19740827663524732,377.9047719594595,0.0,0.0,0.0,0.0,0.0,2.8823134899139404,55.401756286621094,10.040637969970703,51.99626541137695,106.06610870361328,1.0246022939682007,0.7456545829772949,0.25,4.0,0.6401397585868835,0.581481397151947,0.19089068825910932,0.002125506072874494,7.1180315017700195,6.769168853759766,0.04901111324437146,,0.7959555387496948,0.08298806101083755,,0.14259470999240875,,0.796945333480835,0.07181289047002792,,0.1312417984008789,86.20873755151099,135.17461320124903,0.23808056957416326,9.512046310927841,86.20873566257632,97.62542675229042,114.84333310769424,142.44795650545072,33.04366193498884,71.86510071273922,134.52362193231997,0.6293472957078691,0.7004449490237328,0.5580403396556556,0.5375166431626801,0.0,0.6498539884877279,0.677461087123826,0.7201377964177033,0.6180320929183354,0.8810596900076948,0.9671320215455644,0.9916822395661573,0.3810596900076948,0.1671320215455644,0.04168223956615735,0.0003664211644864607,0.0,0.5769230769230769,0.4230769230769231,0.8324175824175825,0.9372160654965338,0.9117194934860691,0.9021321915826954,-8.075538635253906,0.0003110072866547853
976,5.149398142282743e-07,5.149398142282743e-06,1.0,83.62077702702703,4.6513993546769425,3.1517773190060177,3.1517773190060177,3.2210266525680953,0.0,0.0,0.28906358254922404,1.7078114071407833,0.09087465260479902,1.6884548084155933,0.0824824926015493,0.02148834112528208,0.0,1.356216946163693,374.3622255067568,0.19746268762124553,374.16477512668916,0.0,0.0,0.0,0.0,0.0,2.2890048027038574,56.23794174194336,12.542234420776367,49.80937194824219,107.77840423583984,1.0098798274993896,0.6633439660072327,0.25,4.0,0.6317455172538757,0.562046468257904,0.12834008097165991,0.006578947368421052,1.3201282024383545,1.0332801342010498,0.2172880389249161,,0.7861464619636536,0.07922162860631943,,0.1406976729631424,,0.7935795783996582,0.07303411513566971,,0.1333862841129303,,,,,,,,,,,,,,,,,,,,,,,,,,,,,,,,,,,,
977,5.137690990119321e-07,5.137690990119321e-06,1.0,84.33447265625,4.709159232474662,3.0919005935256547,3.0919005935256547,3.149995752283045,0.0,0.0,0.2885329272295978,1.706204182392842,0.08999948888211637,1.6933026700406462,0.08089945767376874,0.022459461882307723,0.0,1.3591770481418919,377.9423036317568,0.22111650415368983,377.7211782094595,0.0,0.0,0.0,0.0,0.0,4.809290885925293,46.51451873779297,6.276525020599365,35.94648361206055,104.83039093017578,1.0145351886749268,0.7013046145439148,0.25,4.0,0.6096068620681763,0.5319784283638,0.11336032388663968,0.0017206477732793523,12.23460865020752,10.82063102722168,0.11557195357955781,,0.7514750361442566,0.10153286159038544,,0.16024675965309143,,0.7589370012283325,0.0911308228969574,,0.14993222057819366,,,,,,,,,,,,,,,,,,,,,,,,,,,,,,,,,,,,
978,5.126460775881817e-07,5.126460775881817e-06,1.0,83.75386665962837,4.6543257429793075,3.117276784536001,3.117276784536001,3.1909849837019637,0.0,0.0,0.2875269554756783,1.7013158024968327,0.0888002820917078,1.6859114363386825,0.08211578549565496,0.02138712438377174,0.0,1.3446295454695418,375.20344172297297,0.2213572424811286,374.9820259712838,0.0,0.0,0.0,0.0,0.0,2.856233835220337,66.1240234375,13.643745422363281,60.671173095703125,122.55914306640625,1.0144567489624023,0.6844182014465332,0.25,4.0,0.6497976779937744,0.5593475103378296,0.1305668016194332,0.000708502024291498,29.016176223754883,29.224042892456055,-0.007163820177346323,,0.8123289346694946,0.06901684403419495,,0.12904588878154755,,0.8175085783004761,0.06111627444624901,,0.121375173330307,,,,,,,,,,,,,,,,,,,,,,,,,,,,,,,,,,,,
979,5.115707612658352e-07,5.115707612658351e-06,1.0,82.95799461570945,4.684562476905617,3.1060104370117188,3.1060104370117188,3.1669845581054688,0.0,0.0,0.2878526223672403,1.6820116816340267,0.09007250940477526,1.6920779460185282,0.07796683826962032,0.02093322857006176,0.0,1.3713795429951436,371.14487436655406,0.21103125649529533,370.93385768581084,0.0,0.0,0.0,0.0,0.0,1.9216859340667725,60.39795684814453,15.920031547546387,53.177391052246094,114.23768615722656,0.9885661005973816,0.8507212996482849,0.25,4.0,0.6105466485023499,0.617392897605896,0.18218623481781376,0.02783400809716599,3.616595506668091,2.971954584121704,0.1782452368139681,,0.7575992345809937,0.0836956650018692,,0.14573024213314056,,0.8006225228309631,0.06770412623882294,,0.13167335093021393,,,,,,,,,,,,,,,,,,,,,,,,,,,,,,,,,,,,
980,5.10543160873316e-07,5.105431608733159e-06,1.0,84.36668602195945,4.741674062368032,3.0979618381809546,3.0979618381809546,3.159979330526816,0.0,0.0,0.28880560075914535,1.710797387200433,0.09065006874703072,1.6944006842535895,0.07866450258203454,0.021870901455750335,0.0,1.3562762286211993,377.9106049408784,0.21401790670446447,377.69655299831084,0.0,0.0,0.0,0.0,0.0,2.8245372772216797,56.12168502807617,10.318974494934082,49.133018493652344,110.72296142578125,1.0122556686401367,0.6393533945083618,0.25,4.0,0.624847412109375,0.5039798617362976,0.1097165991902834,0.0004048582995951417,5.477674961090088,5.265778541564941,0.038683642426818605,,0.7748531103134155,0.08766871690750122,,0.1495375633239746,,0.7850875854492188,0.07632497698068619,,0.13858747482299805,84.20765602195655,132.57377022249014,0.22977431841364804,7.139893081162002,84.2076555527529,94.9162704033065,112.62088802210904,139.91066812095687,30.335048130580358,69.07226941012597,134.85055011251697,0.6203001100882763,0.6964278303972601,0.557379959637871,0.533948151272211,0.0,0.6447397528242979,0.6731540617443915,0.7122210070341656,0.6191834918115093,0.8813161848228354,0.9682679271554725,0.9919753764977465,0.38131618482283536,0.16826792715547245,0.04197537649774652,0.00031145798981349165,0.0,0.5714285714285714,0.42857142857142855,0.8351648351648352,0.924813755429708,0.8988214436468187,0.8890336944342969,-8.075571060180664,0.00031099721672944725
981,5.095632867585495e-07,5.095632867585495e-06,1.0,85.36605917440879,4.73465007060283,3.1032215840107686,3.1032215840107686,3.1599329355600716,0.0,0.0,0.28701421376821157,1.732369087837838,0.09040917576970281,1.7025245460304055,0.0833250380851127,0.02409313659410219,0.0,1.3397613731590476,382.88202069256755,0.2266500576122387,382.6553526182432,0.0,0.0,0.0,0.0,0.0,3.7997682094573975,55.815345764160156,8.588212966918945,47.06654739379883,115.1336669921875,1.0139917135238647,0.6543843746185303,0.25,4.0,0.6322038173675537,0.5338388085365295,0.12753036437246965,0.0003036437246963563,21.337196350097656,20.496135711669922,0.03941757973389438,,0.7852436304092407,0.08546481281518936,,0.14128753542900085,,0.7883561849594116,0.07775543630123138,,0.13388840854167938,,,,,,,,,,,,,,,,,,,,,,,,,,,,,,,,,,,,
982,5.086311487888564e-07,5.0863114878885636e-06,1.0,83.88135425464527,4.714675078520903,3.104145977948163,3.104145977948163,3.161485001847551,0.0,0.0,0.28819130562447215,1.7065668879328548,0.09027330939834183,1.6875235067831504,0.08154849103979163,0.02149848680238466,0.0,1.3592049882218644,375.59311655405406,0.23567367244411158,375.3575010557432,0.0,0.0,0.0,0.0,0.0,1.7601990699768066,60.24423599243164,21.380943298339844,54.226219177246094,106.48123168945312,1.0064750909805298,0.6542057991027832,0.25,4.0,0.6203219890594482,0.49596863985061646,0.09979757085020242,0.006376518218623482,0.8874902725219727,0.5588623285293579,0.3702890658832303,,0.7704476118087769,0.08091173321008682,,0.15290522575378418,,0.7940400838851929,0.06757457554340363,,0.1383853256702423,,,,,,,,,,,,,,,,,,,,,,,,,,,,,,,,,,,,
983,5.077467563508558e-07,5.077467563508557e-06,1.0,84.11597339527027,4.714320827174831,3.100576658506651,3.100576658506651,3.1565221838048987,0.0,0.0,0.2884475604907886,1.689694172627217,0.08940550443288442,1.6963664905444995,0.07931581059017696,0.02196252507132453,0.0,1.36773681640625,376.7968486064189,0.20118782971356367,376.5956503378378,0.0,0.0,0.0,0.0,0.0,2.6483938694000244,54.712493896484375,12.254085540771484,49.421749114990234,104.01460266113281,1.0188144445419312,0.6942631006240845,0.25,4.0,0.6270344853401184,0.5374610424041748,0.15435222672064777,0.0006072874493927126,7.744571208953857,7.613855361938477,0.016878384030384306,,0.7774417400360107,0.08859571814537048,,0.14963550865650177,,0.783431351184845,0.07579661905765533,,0.1407720446586609,,,,,,,,,,,,,,,,,,,,,,,,,,,,,,,,,,,,
984,5.069101183503697e-07,5.069101183503697e-06,1.0,84.62693992820945,4.685781118032095,3.0979230726087414,3.0979230726087414,3.158661919671136,0.0,0.0,0.288372735719423,1.703379656817462,0.08973675160794645,1.7045695330645587,0.08246388306488862,0.022187938561310638,0.0,1.36177227948163,379.47914907094594,0.20324582022589607,379.2759448902027,0.0,0.0,0.0,0.0,0.0,2.846465826034546,49.61246871948242,12.017069816589355,41.374149322509766,100.06885528564453,1.0133452415466309,0.7303738594055176,0.25,4.0,0.6055536270141602,0.531209409236908,0.1423076923076923,0.006174089068825911,1.9573715925216675,1.4641351699829102,0.25198915955622125,,0.7462664246559143,0.10063278675079346,,0.1643763780593872,,0.7664135694503784,0.08418908715248108,,0.1493973582983017,,,,,,,,,,,,,,,,,,,,,,,,,,,,,,,,,,,,
985,5.061212432123343e-07,5.0612124321233425e-06,1.0,84.8880714210304,4.713757076778927,3.0748326069599874,3.0748326069599874,3.133621422020165,0.0,0.0,0.285538776500805,1.723993765341269,0.0896613275682604,1.7183180113096495,0.08040073755625132,0.023096411614804656,0.0,1.347408810177365,380.7412373310811,0.20252314129391233,380.53869298986484,0.0,0.0,0.0,0.0,0.0,3.9373843669891357,51.93463134765625,8.774721145629883,46.15619659423828,103.20514678955078,1.0125243663787842,0.7890506982803345,0.25,4.0,0.6198493838310242,0.5775483846664429,0.17813765182186234,0.01103238866396761,74.35851287841797,75.97956085205078,-0.021800435631134176,,0.7673167586326599,0.09272786974906921,,0.14814135432243347,,0.7810134887695312,0.07915748655796051,,0.13982900977134705,84.2531183054159,129.09262432549164,0.23647070241613907,10.860459401057316,84.25311672045575,95.05332738094744,112.83783513642949,140.43962171548756,36.720013754708425,71.0331671663033,128.55975806194803,0.6331468659874174,0.6941881982410331,0.5561335128444169,0.5281632929479123,0.0,0.6404224787992563,0.6656282507489383,0.7091636694406936,0.6191986795053034,0.8808215162507786,0.9683045692719211,0.9920486607306438,0.38082151625077865,0.16830456927192106,0.04204866073064384,0.00040306328093510683,0.0,0.5824175824175825,0.4175824175824176,0.8470695970695972,0.9279239380752647,0.9010118334502965,0.8906778921629046,-8.075578689575195,0.00031099485931918025
986,5.053801388807123e-07,5.053801388807123e-06,1.0,83.92918602195945,4.744689529006545,3.1244628493850297,3.1244628493850297,3.188435734929265,0.0,0.0,0.287269334535341,1.7122968725256018,0.0899859634605614,1.6930399714289486,0.08017155930802629,0.022410107625497354,0.0,1.3580760440310917,375.57495777027026,0.22797406686318888,375.34691722972974,0.0,0.0,0.0,0.0,0.0,2.7580926418304443,55.9913444519043,11.4443941116333,49.22907257080078,108.15806579589844,1.0105036497116089,0.6238613724708557,0.25,3.558181047439575,0.6213299036026001,0.49040108919143677,0.09362348178137651,0.0,3.7070255279541016,3.341679573059082,0.09855501456356387,,0.7704111933708191,0.08716917783021927,,0.15029102563858032,,0.784377932548523,0.07524338364601135,,0.1403786987066269,,,,,,,,,,,,,,,,,,,,,,,,,,,,,,,,,,,,
987,5.046868128184165e-07,5.046868128184165e-06,1.0,84.11654085726352,4.703080460831925,3.11799600962046,3.11799600962046,3.176136738545186,0.0,0.0,0.28878052170212204,1.7090300482672613,0.08968104542912664,1.6934202039563977,0.07755720293199694,0.020828764180879335,0.0,1.3635124000343117,376.7577069256757,0.22175858471844648,376.5360008445946,0.0,0.0,0.0,0.0,0.0,2.4717280864715576,52.858455657958984,13.121062278747559,44.823577880859375,104.42169952392578,1.0181742906570435,0.7070270776748657,0.25,4.0,0.6150388121604919,0.5185039639472961,0.16012145748987855,0.0018218623481781376,1.6530811786651611,1.1990376710891724,0.274664979213315,,0.7597526907920837,0.09621810913085938,,0.15921397507190704,,0.7792353630065918,0.07806507498025894,,0.14269956946372986,,,,,,,,,,,,,,,,,,,,,,,,,,,,,,,,,,,,
988,5.040412720072331e-07,5.040412720072331e-06,1.0,85.84698981207771,4.735351974899705,3.082537264437289,3.082537264437289,3.1443854667044975,0.0,0.0,0.2869962743810705,1.7263514544512775,0.0889804814312909,1.708184525773332,0.08161538356059306,0.023571779599060882,0.0,1.3394716623667124,385.39234058277026,0.21866651483484217,385.17364336993245,0.0,0.0,0.0,0.0,0.0,3.506270170211792,48.684906005859375,8.928585052490234,41.45503616333008,99.63988494873047,1.0158069133758545,0.6843349933624268,0.25,4.0,0.6091921329498291,0.518587052822113,0.12722672064777327,0.0006072874493927126,2.838221788406372,2.4053425788879395,0.15251775294188308,,0.7510467171669006,0.10084937512874603,,0.1613338142633438,,0.7661883234977722,0.0854380875825882,,0.148373544216156,,,,,,,,,,,,,,,,,,,,,,,,,,,,,,,,,,,,
989,5.034435229477505e-07,5.034435229477504e-06,1.0,83.3776657516892,4.755156233504012,3.115087973104941,3.115087973104941,3.1750376933329814,0.0,0.0,0.2879356693577122,1.7000462300068624,0.09029829179918444,1.690116263724662,0.07780069918245883,0.021526900497642724,0.0,1.3681447828138196,372.8292335304054,0.21177701692323428,372.61739864864865,0.0,0.0,0.0,0.0,0.0,4.559726238250732,48.54948043823242,6.636456489562988,40.81233596801758,104.01460266113281,1.0148630142211914,0.7334153652191162,0.25,4.0,0.6111583709716797,0.5350155234336853,0.14625506072874495,0.0032388663967611335,17.364429473876953,16.183481216430664,0.0680096204267988,,0.7537246346473694,0.10072559863328934,,0.15893815457820892,,0.7681986689567566,0.08621501922607422,,0.14558632671833038,,,,,,,,,,,,,,,,,,,,,,,,,,,,,,,,,,,,
990,5.028935716592951e-07,5.028935716592952e-06,1.0,83.87573902027027,4.730043565904772,3.1054312216269,3.1054312216269,3.1586982108451225,0.0,0.0,0.2883126542374894,1.707633353568412,0.09003901481628418,1.6848400219066724,0.07918705811371675,0.02137158206991247,0.0,1.3738053811563027,375.48569467905406,0.21722288389463681,375.2684491131757,0.0,0.0,0.0,0.0,0.0,3.378227710723877,51.29922866821289,9.943060874938965,42.27266311645508,106.89798736572266,1.0199675559997559,0.7078845500946045,0.25,3.664388418197632,0.6201456785202026,0.5224049091339111,0.15151821862348178,0.0,17.580350875854492,17.31163787841797,0.015284848370437467,,0.7670212984085083,0.0946134403347969,,0.1527431607246399,,0.7762868404388428,0.08042097836732864,,0.1432921290397644,87.02771691961603,135.20055286608104,0.23868791056963667,17.48288835797991,87.02771739759345,98.62327220922992,115.51280552960827,143.36647882498477,32.95004381452288,72.61297589679097,135.68087569527003,0.6395376601390472,0.7018476627942457,0.5580746971518837,0.5358882532008534,0.0,0.6510710850081541,0.6778419419276966,0.7137879403312495,0.618507757161735,0.8801253160382544,0.968066395515005,0.9923051555457844,0.3801253160382544,0.1680663955150049,0.0423051555457844,0.00045802645560807595,0.0,0.5989010989010989,0.4010989010989011,0.8296703296703297,0.9448487368095052,0.9180283882133253,0.90741804258509,-8.075615882873535,0.00031098327599465847
991,5.023914236798709e-07,5.023914236798709e-06,1.0,83.60406329180744,4.69569273252745,3.1219863891601562,3.1219863891601562,3.184232763341955,0.0,0.0,0.2873670990402634,1.7012898213154561,0.09031880224073255,1.6956254082757074,0.07784507725689863,0.021481399600570265,0.0,1.3600604083086993,374.2206239442568,0.20606774252814217,374.0145692567568,0.0,0.0,0.0,0.0,0.0,2.8679027557373047,56.09853744506836,10.730035781860352,45.48503112792969,114.23768615722656,1.014641523361206,0.6985761523246765,0.25,4.0,0.6310687065124512,0.5577601790428162,0.1298582995951417,0.0038461538461538464,6.81587553024292,6.5128092765808105,0.04446475765547145,,0.7839764952659607,0.08411014825105667,,0.14374761283397675,,0.788896381855011,0.07543286681175232,,0.1356707662343979,,,,,,,,,,,,,,,,,,,,,,,,,,,,,,,,,,,,
992,5.019370840661013e-07,5.019370840661012e-06,1.0,84.7993362014358,4.668112265097128,3.1177194956186653,3.1177194956186653,3.1811106913798564,0.0,0.0,0.2885165085663667,1.7062810949377112,0.08916417972461597,1.693293184847445,0.07990435651830725,0.022513822929279226,0.0,1.3481988649110537,380.3485008445946,0.19494168822829788,380.15350506756755,0.0,0.0,0.0,0.0,0.0,3.750192880630493,44.8585205078125,8.809063911437988,37.819034576416016,91.0782241821289,1.0163178443908691,0.7733885049819946,0.25,4.0,0.6009718775749207,0.5486797094345093,0.16012145748987855,0.007388663967611336,17.53824806213379,17.074729919433594,0.026428987722038267,,0.7384036183357239,0.10847680270671844,,0.16708408296108246,,0.7542201280593872,0.09121471643447876,,0.15456512570381165,,,,,,,,,,,,,,,,,,,,,,,,,,,,,,,,,,,,
993,5.015305573931817e-07,5.0153055739318166e-06,1.0,84.65710119298987,4.741090104386613,3.100249213141364,3.100249213141364,3.1564632106471704,0.0,0.0,0.2875234758531725,1.7106754199878589,0.0893523628647263,1.6961220406197213,0.07961489058829643,0.021838671452290303,0.0,1.3498838270032727,379.3556007179054,0.21825548120447108,379.13737858952703,0.0,0.0,0.0,0.0,0.0,2.566382884979248,50.99684143066406,14.778365135192871,42.47959518432617,99.25142669677734,1.016309380531311,0.676669180393219,0.25,4.0,0.6103219389915466,0.5054769515991211,0.14483805668016195,0.0004048582995951417,2.696810722351074,2.298243999481201,0.14779187859443224,,0.7532597184181213,0.09698054194450378,,0.16417305171489716,,0.769204318523407,0.08129151165485382,,0.1495041400194168,,,,,,,,,,,,,,,,,,,,,,,,,,,,,,,,,,,,
994,5.011718477548315e-07,5.011718477548315e-06,1.0,84.75107553842905,4.75247522302576,3.1116634059596704,3.1116634059596704,3.1687024090741134,0.0,0.0,0.28880240466143636,1.716881107639622,0.09026374043645086,1.6970412795608107,0.07803272556614231,0.021246217392586374,0.0,1.3572283564387142,379.7032833614865,0.22823449727651235,379.4750052787162,0.0,0.0,0.0,0.0,0.0,2.643927812576294,51.0673713684082,13.56403636932373,39.556671142578125,105.65259552001953,0.9966802597045898,0.6253356337547302,0.25,4.0,0.5977634191513062,0.48684823513031006,0.08825910931174089,0.010020242914979757,1.749138593673706,1.0463460683822632,0.40179350443315737,,0.7375273704528809,0.09548334777355194,,0.16306838393211365,,0.7606185674667358,0.08623818308115005,,0.1531432569026947,,,,,,,,,,,,,,,,,,,,,,,,,,,,,,,,,,,,
995,5.008609587632526e-07,5.008609587632525e-06,1.0,84.79373416385135,4.7065054403769,3.122473433211043,3.122473433211043,3.1900669819599874,0.0,0.0,0.28742398442448797,1.7165260314941406,0.08874698587366052,1.7087915781381968,0.07997531504244418,0.023012356178180593,0.0,1.3392055614574536,380.0834828969595,0.21553137495711044,379.86797930743245,0.0,0.0,0.0,0.0,0.0,2.6172287464141846,52.590606689453125,12.593781471252441,41.45503616333008,110.29129791259766,1.0117411613464355,0.6848040819168091,0.25,4.0,0.6132089495658875,0.530951976776123,0.14261133603238865,0.004757085020242915,1.651015043258667,1.239161729812622,0.24945460983393308,,0.7585140466690063,0.09210970997810364,,0.15625452995300293,,0.774784505367279,0.0804000198841095,,0.14481545984745026,88.28584909963084,139.22411095985137,0.23954617530362696,18.142604785961108,88.28584967947103,98.98313648239439,116.14778791869817,143.68103268625254,32.606224060058594,72.46328327267669,141.1308135986328,0.6304287065706099,0.7023319864935756,0.5574604110319111,0.5356229489480693,0.0,0.6517344556482159,0.6768552557733903,0.71504473512106,0.6196392444672081,0.8797405738155436,0.9674068374189293,0.992176908138214,0.3797405738155436,0.16740683741892926,0.042176908138214064,0.0003664211644864607,0.0,0.6043956043956044,0.3956043956043956,0.8379120879120879,0.9487765352804582,0.9207360946706363,0.9093183455886421,-8.075590133666992,0.00031099127954803407
996,5.005978935490935e-07,5.005978935490935e-06,1.0,84.26758472339527,4.71446722906989,3.1049858299461572,3.1049858299461572,3.1680491679423564,0.0,0.0,0.28909541465140676,1.7128893878008868,0.0900652924099484,1.6970732405379012,0.0816068713729446,0.02253792736981366,0.0,1.3560407483899914,377.5029824746622,0.21859622646022486,377.28439083614865,0.0,0.0,0.0,0.0,0.0,2.326389789581299,61.42869186401367,12.040563583374023,54.2791748046875,119.25332641601562,1.013432502746582,0.7255943417549133,0.25,4.0,0.6327329874038696,0.5495668649673462,0.16093117408906882,0.004959514170040486,7.157432556152344,6.972095489501953,0.025894350410760027,,0.7871560454368591,0.07981729507446289,,0.1430494338274002,,0.803699791431427,0.06717010587453842,,0.12913012504577637,,,,,,,,,,,,,,,,,,,,,,,,,,,,,,,,,,,,
997,5.003826547614181e-07,5.003826547614181e-06,1.0,84.90996489653716,4.708623525258657,3.117631242081926,3.117631242081926,3.1812752388619088,0.0,0.0,0.2880004676612648,1.727312964362067,0.08964515376735378,1.7067351470122467,0.08118138442168364,0.02270595930718087,0.0,1.354738493223448,380.6609744510135,0.22117769395982897,380.43979624155406,0.0,0.0,0.0,0.0,0.0,3.57503080368042,47.99578094482422,10.646533966064453,39.711490631103516,96.95226287841797,1.0071786642074585,0.5645145177841187,0.25,4.0,0.6025441288948059,0.45375844836235046,0.07945344129554656,0.002125506072874494,3.6631312370300293,2.964142322540283,0.19081732792529377,,0.7433255314826965,0.09687893092632294,,0.16343575716018677,,0.7555782198905945,0.08877532184123993,,0.1556464433670044,,,,,,,,,,,,,,,,,,,,,,,,,,,,,,,,,,,,
998,5.00215244567679e-07,5.00215244567679e-06,1.0,82.6371872360642,4.671333519188133,3.1244954289616764,3.1244954289616764,3.188118393356736,0.0,0.0,0.2886443266997466,1.6944230569375527,0.09089388718476167,1.6897767556680214,0.08020783759452202,0.020665768030527477,0.0,1.35939376418655,369.4997096706081,0.21092162261138092,369.28874577702703,0.0,0.0,0.0,0.0,0.0,2.1871631145477295,56.094261169433594,17.176719665527344,48.75066375732422,104.01460266113281,1.0089280605316162,0.5872281193733215,0.25,4.0,0.6195683479309082,0.4804757237434387,0.07813765182186234,0.0003036437246963563,5.527994632720947,5.305135250091553,0.04031468867756487,,0.7688537240028381,0.08358509093523026,,0.15289540588855743,,0.7812652587890625,0.07406654208898544,,0.14466822147369385,,,,,,,,,,,,,,,,,,,,,,,,,,,,,,,,,,,,
999,5.000956646536941e-07,5.000956646536941e-06,1.0,83.91699878589527,4.815932815139358,3.0961522282780827,3.0961522282780827,3.1582779755463473,0.0,0.0,0.2870980855580923,1.703337592047614,0.0905830666825578,1.6968290999129012,0.08139384115064466,0.022254611994769122,0.0,1.3572194898450696,375.30196896114865,0.2186182382944468,375.08321896114865,0.0,0.0,0.0,0.0,0.0,2.4904775619506836,53.398643493652344,13.537569999694824,46.70027160644531,102.4020004272461,1.0149513483047485,0.6989860534667969,0.25,3.8986940383911133,0.6166178584098816,0.5159528255462646,0.13623481781376517,0.0,3.0368096828460693,2.735020160675049,0.09937716014135803,,0.7625218629837036,0.09353841096162796,,0.15700839459896088,,0.7798851728439331,0.07670789957046509,,0.14340689778327942,,,,,,,,,,,,,,,,,,,,,,,,,,,,,,,,,,,,
1000,5.000239162236325e-07,5.000239162236324e-06,1.0,84.04329866976352,4.668393934095228,3.133862675847234,3.133862675847234,3.2008273150469804,0.0,0.0,0.289180884490142,1.705269478462838,0.09028449574032345,1.6934357720452387,0.08252522107717153,0.02257947180722211,0.0,1.3503484983701963,376.4775918496622,0.2036166319975982,376.2739917652027,0.0,0.0,0.0,0.0,0.0,2.6260578632354736,52.12432861328125,12.396114349365234,47.250762939453125,96.57428741455078,1.0081169605255127,0.7597275972366333,0.25,4.0,0.6102136969566345,0.5492594242095947,0.13997975708502025,0.012651821862348178,5.819523334503174,5.396829128265381,0.0726338192909539,,0.754076361656189,0.09425893425941467,,0.1579245626926422,,0.77733314037323,0.07779544591903687,,0.14487144351005554,84.69304950420673,130.31392742027387,0.23377103780808478,7.409646505837912,84.69305234189301,95.16473581664506,113.17217281602707,140.58975797257406,34.107566833496094,70.79667906058852,131.36109658946162,0.6364228132627561,0.6982320280267129,0.5573905597124887,0.5342528365083493,0.0,0.6473590210315298,0.6732643649813083,0.7120746473363991,0.6197319466749104,0.8797405738155436,0.9676450111758456,0.9919387343812979,0.3797405738155436,0.16764501117584552,0.041938734381297915,0.0004397053973837529,0.0,0.5769230769230769,0.4230769230769231,0.8278388278388278,0.9261329338609517,0.9009990935305973,0.8914660223565258,-8.075608253479004,0.0003109856625087559
