epoch,lr_backbone,lr_main,solver_strength,train_total,train_count,train_count_l1,train_flat_dm16,train_allocation,train_dm16,train_dm32,train_dm64,train_cell,train_region_nb,train_hurdle_bce,train_trunc_nb,train_curvature,train_hard_bg,train_fg_bce,train_scale_align,train_spectral,train_spectral_dc,train_spectral_ac,train_cell_carrier,train_cell_fine,train_kd_total,train_kd_spatial,train_kd_count,region_mu_mean,region_dispersion_mean,region_dispersion_p10,region_dispersion_p50,region_dispersion_p90,region_weight_mean,region_weight_std,region_weight_min,region_weight_max,solver_weight_mean,solver_weight_std,weight_clip_low_fraction,weight_clip_high_fraction,solver_energy_before,solver_energy_after,solver_energy_reduction,weight_mean_16,weight_mean_32,weight_mean_64,weight_mean_64_32,weight_mean_128,weight_mean_band_0,weight_mean_band_1,weight_mean_band_2,weight_mean_band_3,weight_mean_band_4,scale_pi_16,scale_pi_32,scale_pi_64,scale_pi_64_32,scale_pi_128,scale_pi_band_0,scale_pi_band_1,scale_pi_band_2,scale_pi_band_3,scale_pi_band_4,val_mae,val_rmse,val_nae,val_bias,val_game0,val_game1,val_game2,val_game3,val_mae_sparse,val_mae_moderate,val_mae_dense,pearson_rate_var_error,spearman_rate_var_error,spearman_weight_error,spearman_pred_weight_error,spearman_rate_var_error_16,spearman_rate_var_error_32,spearman_rate_var_error_64,spearman_rate_var_error_128,spearman_rate_var_error_band_0,spearman_rate_var_error_band_1,spearman_rate_var_error_band_2,spearman_rate_var_error_band_3,spearman_rate_var_error_band_4,mean_std_residual,coverage_50,coverage_80,coverage_95,calib_gap_50,calib_gap_80,calib_gap_95,dispersion_sat_low_fraction,dispersion_sat_high_fraction,solver_help_fraction,solver_harm_fraction,energy_monotonic_fraction,mae_reg_y0,mae_reg_y1,mae_reg_y2,curvature_alpha,effective_curvature
1,1.0000000000000002e-06,1e-05,0.0,102.40642815667229,18.77841598923142,174.03551256334458,3.7559212349556588,3.7559212349556588,3.7559212349556588,0.0,0.0,0.33050173682135503,5.93155237146326,0.17327271281061946,4.072728749868032,0.05620658075487291,0.0002756792598882237,0.0,0.6395335841823269,0.0,0.0,0.0,0.0,0.0,0.0,0.0,0.0,2.1268887519836426,49.99410629272461,49.9067497253418,50.00431823730469,50.00431823730469,1.0,0.00638674246147275,0.9585235714912415,1.01643705368042,0.3326331079006195,0.0022953825537115335,0.0,0.0,0.0,0.0,0.0,,0.33250415325164795,0.3327147960662842,,0.3347878158092499,,,,,,,0.3325050473213196,0.33271723985671997,,0.33477771282196045,,,,,,,,,,,,,,,,,,,,,,,,,,,,,,,,,,,,,,,,,,,,,,
2,2.0000000000000003e-06,2e-05,0.0,100.88471283783784,18.555728396853887,171.25522592905406,3.775791477512669,3.775791477512669,3.775791477512669,0.0,0.0,0.3317482922528241,5.84817463642842,0.17324642232946447,3.9549292487067147,0.05552144952722498,0.00026936280364925797,0.0,0.6365189423432221,0.0,0.0,0.0,0.0,0.0,0.0,0.0,0.0,2.1335277557373047,49.89699935913086,49.9067497253418,49.9067497253418,49.9067497253418,1.0,0.0062956069596111774,0.9506756067276001,1.0142321586608887,0.3312591016292572,0.0028724311850965023,0.0,0.0,0.0,0.0,0.0,,0.33088162541389465,0.3314785063266754,,0.3376542627811432,,,,,,,0.33087974786758423,0.33148545026779175,,0.337634801864624,,,,,,,,,,,,,,,,,,,,,,,,,,,,,,,,,,,,,,,,,,,,,,
3,3e-06,3e-05,0.0,97.63334037162163,17.580643937394427,165.84233794341216,3.7459015717377535,3.7459015717377535,3.7459015717377535,0.0,0.0,0.3320777480666702,5.717696731154983,0.17320281106072502,3.943514024889147,0.05721050339776117,0.00026327245742888063,0.0,0.6340610916550095,0.0,0.0,0.0,0.0,0.0,0.0,0.0,0.0,2.1433935165405273,49.67564392089844,49.61518478393555,49.71218490600586,49.71218490600586,1.0000001192092896,0.0050201634876430035,0.96262127161026,1.0126254558563232,0.32894471287727356,0.003826361848041415,0.0,0.0,0.0,0.0,0.0,,0.3281072974205017,0.32960695028305054,,0.3423280715942383,,,,,,,0.3281066417694092,0.3296203315258026,,0.3422730267047882,,,,,,,,,,,,,,,,,,,,,,,,,,,,,,,,,,,,,,,,,,,,,,
4,4.000000000000001e-06,4e-05,0.0,103.06575300886824,20.082976470122468,173.93008340371622,3.798586046373522,3.798586046373522,3.798586046373522,0.0,0.0,0.3310216439736856,5.966561807168497,0.17313676267056852,4.124832565720017,0.05648101987065496,0.000253765592099847,0.0,0.6248959206246041,0.0,0.0,0.0,0.0,0.0,0.0,0.0,0.0,2.1540496349334717,49.5124397277832,49.421749114990234,49.518367767333984,49.61518478393555,1.0,0.004503314383327961,0.9669358730316162,1.0131839513778687,0.3262750208377838,0.0053101833909749985,0.0,0.0,0.0,0.0,0.0,,0.3249366581439972,0.32730069756507874,,0.3478134870529175,,,,,,,0.3249608278274536,0.3273424506187439,,0.3476967215538025,,,,,,,,,,,,,,,,,,,,,,,,,,,,,,,,,,,,,,,,,,,,,,
5,5e-06,5e-05,0.0,99.10077069256756,18.517459353885137,167.73744985219594,3.7541891561972127,3.7541891561972127,3.7541891561972127,0.0,0.0,0.3339897104211756,5.875566637193835,0.1730550430916451,3.998075330579603,0.058060749157055,0.00024331776374900664,0.0,0.6202872508280987,0.0,0.0,0.0,0.0,0.0,0.0,0.0,0.0,2.1703076362609863,49.14338302612305,48.94146728515625,49.133018493652344,49.3253173828125,1.0000001192092896,0.003541851183399558,0.9723526239395142,1.0141085386276245,0.3226243257522583,0.007448036223649979,0.0,0.0,0.0,0.0,0.0,,0.3206457495689392,0.32391995191574097,,0.3554794192314148,,,,,,,0.3206736743450165,0.3239632844924927,,0.35536304116249084,,,,,,250.5426256578047,374.1912423326362,0.6733393160428697,-115.26496734199944,250.54262432849782,323.12642712661324,388.29102376945895,425.6376465383038,195.9061551775251,145.76624176853386,552.6862955508025,0.03728488564167999,0.2489319998137386,0.27384534935964994,0.2961030742961066,0.0,0.3322339787393721,0.2931810938104058,0.18146134133815223,0.0,0.0,0.0,0.0,0.0,1.3908088490478823,0.7359752299292807,0.7826756073430802,0.831446264336228,0.23597522992928066,-0.017324392656919874,-0.11855373566377192,0.0,0.0,0.521978021978022,0.47802197802197804,1.0,2.3308148780366875,2.2741744953852434,2.2314345990563487,-8.001565933227539,0.00033488162443973124
6,6e-06,6e-05,0.05,97.99710330447635,20.076282398120778,163.9900100295608,3.820157025311444,3.820157025311444,3.820157025311444,0.0,0.0,0.33071515366837784,5.728829461175042,0.17287714416916306,3.7948781606313347,0.05255047695056812,0.00021169578807579505,0.0,0.6026292233853727,0.0,0.0,0.0,0.0,0.0,0.0,0.0,0.0,2.1873457431793213,48.651485443115234,48.371280670166016,48.65553665161133,48.845970153808594,1.0,0.004586043301969767,0.972274124622345,1.018052101135254,0.31579771637916565,0.012333261780440807,0.0,0.0,1.078237771987915,0.6909836530685425,0.3591546586291478,,0.3107892572879791,0.3270528316497803,,0.3623436689376831,,,,,,,0.3108791708946228,0.3271116614341736,,0.3620091378688812,,,,,,,,,,,,,,,,,,,,,,,,,,,,,,,,,,,,,,,,,,,,,,
7,7e-06,7e-05,0.1,93.55573664484797,19.14798221072635,156.06078441722974,3.7946212356154985,3.7946212356154985,3.7946212356154985,0.0,0.0,0.33405193122657567,5.693272358662373,0.17262850580988703,3.8818359375,0.054850971376573715,0.00018893475518436044,0.0,0.5989271627890097,0.0,0.0,0.0,0.0,0.0,0.0,0.0,0.0,2.1972858905792236,48.06364440917969,47.62135314941406,48.08868408203125,48.46584701538086,1.0,0.006899560801684856,0.954197883605957,1.0401352643966675,0.31643790006637573,0.012245608493685722,0.0,0.0,0.8896316289901733,0.41215014457702637,0.5367181975703127,,0.3121272027492523,0.32468947768211365,,0.3630906641483307,,,,,,,0.31212976574897766,0.32466045022010803,,0.3632097840309143,,,,,,,,,,,,,,,,,,,,,,,,,,,,,,,,,,,,,,,,,,,,,,
8,8.000000000000001e-06,8e-05,0.15,98.08024308488176,20.811731286951012,163.40320154138513,3.778510428763725,3.778510428763725,3.778510428763725,0.0,0.0,0.3329655157553183,5.876596399255701,0.17229183300121412,3.88782398120777,0.05445087922585977,0.00018186498483693277,0.0,0.6084241609315615,0.0,0.0,0.0,0.0,0.0,0.0,0.0,0.0,2.2347660064697266,47.12116622924805,46.51820755004883,47.158565521240234,47.62135314941406,1.0,0.017728442326188087,0.9433440566062927,1.1324008703231812,0.32290223240852356,0.011172208935022354,0.0,0.0,0.8271781206130981,0.2993674874305725,0.6380858246000467,,0.32231512665748596,0.31720399856567383,,0.36058199405670166,,,,,,,0.3223035931587219,0.3172342777252197,,0.36046212911605835,,,,,,,,,,,,,,,,,,,,,,,,,,,,,,,,,,,,,,,,,,,,,,
9,9e-06,9e-05,0.2,96.1082664695946,20.24732270111909,160.13826277449326,3.763319273252745,3.763319273252745,3.763319273252745,0.0,0.0,0.33364765064136404,5.753891816010347,0.17185883908658414,3.7932038178315035,0.055907197900720546,0.00018118666736660776,0.0,0.6149643562935494,0.0,0.0,0.0,0.0,0.0,0.0,0.0,0.0,2.2830841541290283,46.050960540771484,44.823577880859375,46.24643325805664,47.06654739379883,1.0,0.04038732498884201,0.9094744324684143,1.3158047199249268,0.3281394839286804,0.01836363971233368,0.0,0.0,0.7056369781494141,0.22306913137435913,0.6838755078292883,,0.3299922049045563,0.31415921449661255,,0.35599827766418457,,,,,,,0.32994818687438965,0.3142392635345459,,0.35581254959106445,,,,,,,,,,,,,,,,,,,,,,,,,,,,,,,,,,,,,,,,,,,,,,
10,1e-05,0.0001,0.25,95.61497703758445,20.085548194679053,159.4355732685811,3.7129945497255066,3.7129945497255066,3.7129945497255066,0.0,0.0,0.33409157314816035,5.693299577042863,0.17088136157474001,3.79194146233636,0.05830831141085238,0.00018481518821539107,0.0,0.6212593800312763,0.0,0.0,0.0,0.0,0.0,0.0,0.0,0.0,2.3904483318328857,44.34609603881836,41.45503616333008,45.08699035644531,46.42744064331055,1.0,0.10447810590267181,0.8396062254905701,1.8320789337158203,0.3321029245853424,0.04178393632173538,0.0,0.0,0.5710638761520386,0.16726583242416382,0.707097858209418,,0.3344022333621979,0.31906408071517944,,0.34688013792037964,,,,,,,0.33389994502067566,0.3187435269355774,,0.34735655784606934,,,,,,250.51502066392166,374.1117926630394,0.6734761773777035,-115.11519461411696,250.51502153703146,323.11666788422,388.28996785910954,425.64099843679674,195.89907128470284,145.80713411079822,552.4634774249533,0.03669837137694184,0.2603371172074949,0.25262036160534523,0.30050573697529476,0.0,0.3429838157841373,0.30063021155342795,0.17645933376596096,0.0,0.0,0.0,0.0,0.0,1.3874120319336471,0.727254406214503,0.7759151368583049,0.8324172804221172,0.227254406214503,-0.024084863141695112,-0.1175827195778828,0.0,0.0,0.5164835164835165,0.4835164835164835,1.0,2.3173534182401805,2.2672776671556325,2.225504371163609,-8.002833366394043,0.0003344575234223157
11,1e-05,0.0001,0.3,91.69758234797297,18.714635900548988,153.31672297297297,3.7637110529719173,3.7637110529719173,3.7637110529719173,0.0,0.0,0.33488825205210093,5.137333637959248,0.1681555799535803,3.2340261098500847,0.05688584817422403,0.00021595465069687044,0.0,0.6237202206173459,0.0,0.0,0.0,0.0,0.0,0.0,0.0,0.0,2.4920132160186768,43.02909851074219,36.505435943603516,44.73611831665039,47.158565521240234,1.0,0.18941649794578552,0.7047794461250305,3.1641476154327393,0.3332259953022003,0.07545143365859985,0.0,0.0,0.570009708404541,0.22344958782196045,0.6079898560896505,,0.33496206998825073,0.32378333806991577,,0.3425368666648865,,,,,,,0.33378565311431885,0.3226044774055481,,0.34360986948013306,,,,,,,,,,,,,,,,,,,,,,,,,,,,,,,,,,,,,,,,,,,,,,
12,9.999976083776368e-06,9.999976083776368e-05,0.35,85.46567514780405,17.42121681007179,142.42163745777026,3.76366527660473,3.76366527660473,3.76366527660473,0.0,0.0,0.3333113902323955,4.704627784522804,0.16538965379869616,2.9856278703019425,0.05602747685200459,0.000257185786157041,0.0,0.6255767925365551,0.0,0.0,0.0,0.0,0.0,0.0,0.0,0.0,2.450615406036377,43.08466339111328,36.58394241333008,44.47475814819336,48.371280670166016,1.0,0.17956653237342834,0.702950119972229,2.3994369506835938,0.33481407165527344,0.07449030131101608,0.0,0.0,0.5522266030311584,0.21203309297561646,0.6160396985372093,,0.3361675441265106,0.328503280878067,,0.33724772930145264,,,,,,,0.3347987234592438,0.3269156217575073,,0.3382856845855713,,,,,,,,,,,,,,,,,,,,,,,,,,,,,,,,,,,,,,,,,,,,,,
13,9.999904335346307e-06,9.999904335346306e-05,0.4,84.55644267314189,16.40955084723395,141.8677153716216,3.7041770316459037,3.7041770316459037,3.7041770316459037,0.0,0.0,0.33166506483748154,4.507644240920608,0.16148495029758764,2.85381049078864,0.05465021648922482,0.0003248847819663383,0.0,0.6402091464480838,0.0,0.0,0.0,0.0,0.0,0.0,0.0,0.0,2.4869868755340576,43.02412414550781,32.474937438964844,44.99901580810547,50.39651107788086,1.0,0.1989094763994217,0.6571558117866516,3.143913745880127,0.33629506826400757,0.08007320761680603,0.0,0.0,0.5323193073272705,0.19689300656318665,0.6301223648043699,,0.33646613359451294,0.33733171224594116,,0.3281802535057068,,,,,,,0.3351399004459381,0.33492356538772583,,0.32993656396865845,,,,,,,,,,,,,,,,,,,,,,,,,,,,,,,,,,,,,,,,,,,,,,
14,9.99978475543232e-06,9.99978475543232e-05,0.45,86.31095597550676,16.254031619510137,145.58621463260135,3.675787435995566,3.675787435995566,3.675787435995566,0.0,0.0,0.3332110482293206,4.4634552001953125,0.16090565758782463,2.8944089734876477,0.05665483990231076,0.0003803877562687204,0.0,0.6480859292520059,0.0,0.0,0.0,0.0,0.0,0.0,0.0,0.0,2.5614891052246094,42.56047439575195,30.151962280273438,44.21493148803711,52.60918045043945,1.0,0.21549884974956512,0.6566834449768066,3.107593297958374,0.3395000398159027,0.08691201359033585,0.0,0.0,0.5404067039489746,0.15434131026268005,0.7143978615830551,,0.33880430459976196,0.3473675847053528,,0.31701862812042236,,,,,,,0.33749282360076904,0.3444872796535492,,0.31801989674568176,,,,,,,,,,,,,,,,,,,,,,,,,,,,,,,,,,,,,,,,,,,,,,
15,9.999617345238583e-06,9.999617345238582e-05,0.5,80.63665276604729,15.07858688766892,135.5698902027027,3.705188648120777,3.705188648120777,3.705188648120777,0.0,0.0,0.33236879915804474,4.121532543285473,0.15932156588580157,2.701433748812289,0.056033347104046796,0.0004305022491796597,0.0,0.648685764622044,0.0,0.0,0.0,0.0,0.0,0.0,0.0,0.0,2.3815860748291016,45.74073791503906,29.39602279663086,46.974708557128906,59.26573181152344,1.0,0.24061906337738037,0.5471612215042114,2.6191515922546387,0.337787926197052,0.09319876879453659,0.0,0.0,0.572783350944519,0.14635205268859863,0.7444896880342903,,0.3356516659259796,0.35175660252571106,,0.31554311513900757,,,,,,,0.3344697654247284,0.34851133823394775,,0.31701892614364624,,,,,,250.3027955359155,374.20987070239937,0.6705127689861675,-116.68900546398791,250.30279613059054,322.6054964792017,387.51909883469705,424.7500537909967,194.50738634381975,145.03097924520804,554.0121904456097,0.0388227745769543,0.3196527329017681,0.301657468293655,0.3412269282844872,0.0,0.39454436156929906,0.28423307726095304,0.18594938880939127,0.0,0.0,0.0,0.0,0.0,1.3835762873302138,0.7230405628229086,0.7693012348393243,0.8324172804221172,0.22304056282290863,-0.03069876516067571,-0.1175827195778828,0.0,0.0,0.4945054945054945,0.5054945054945055,1.0,2.3015500565806586,2.254323442558666,2.21412810585001,-8.001599311828613,0.00033487044856883585
16,9.999402106450908e-06,9.999402106450908e-05,0.55,75.40273305532095,13.98876293285473,126.22778980152027,3.7500870163376265,3.7500870163376265,3.7500870163376265,0.0,0.0,0.33151314709637614,3.934414837811444,0.15721600764506571,2.5782128411370353,0.053084676330154006,0.0006248471201271624,0.0,0.67417015900483,0.0,0.0,0.0,0.0,0.0,0.0,0.0,0.0,2.5239388942718506,45.46526336669922,27.831594467163086,42.93836212158203,64.58413696289062,1.0,0.2312031239271164,0.4698418974876404,2.401948928833008,0.34298771619796753,0.09183455258607864,0.0,0.0,0.6380829811096191,0.14958631992340088,0.7655691746185238,,0.33938026428222656,0.3690342605113983,,0.2941364049911499,,,,,,,0.33856022357940674,0.3654135465621948,,0.29602622985839844,,,,,,,,,,,,,,,,,,,,,,,,,,,,,,,,,,,,,,,,,,,,,,
17,9.999139041236748e-06,9.999139041236749e-05,0.6,73.22447080869932,12.885015539220861,123.1008498733108,3.7199756519214526,3.7199756519214526,3.7199756519214526,0.0,0.0,0.3320832381377349,3.733302760768581,0.1572508683075776,2.610295682340055,0.055239471229347026,0.0005607606490721573,0.0,0.6674879950446051,0.0,0.0,0.0,0.0,0.0,0.0,0.0,0.0,2.616063117980957,46.78813934326172,23.992334365844727,50.49503707885742,65.85794067382812,1.0,0.24397748708724976,0.4468807876110077,2.8141849040985107,0.3430418372154236,0.0952274277806282,0.0,0.0,0.682762622833252,0.26713985204696655,0.6087368536103814,,0.3384672999382019,0.3740934431552887,,0.2901748716831207,,,,,,,0.33762943744659424,0.37128305435180664,,0.2910875380039215,,,,,,,,,,,,,,,,,,,,,,,,,,,,,,,,,,,,,,,,,,,,,,
18,9.99882815224517e-06,9.998828152245169e-05,0.65,70.75221046241555,12.160328633076436,118.88021273226352,3.71794623297614,3.71794623297614,3.71794623297614,0.0,0.0,0.3315238179387273,3.7886191703177787,0.15700599309560415,2.5634402713260136,0.053485399967915306,0.0008888639308310843,0.0,0.7049846133670291,0.0,0.0,0.0,0.0,0.0,0.0,0.0,0.0,2.6750235557556152,44.621185302734375,24.89454460144043,42.02569580078125,65.34542846679688,1.0,0.25599753856658936,0.3615948259830475,2.8939707279205322,0.34793734550476074,0.10187670588493347,0.0,0.0,0.6606303453445435,0.20336082577705383,0.6921715340354316,,0.3424092233181,0.3879897892475128,,0.2724425494670868,,,,,,,0.3416706323623657,0.38382869958877563,,0.27450066804885864,,,,,,,,,,,,,,,,,,,,,,,,,,,,,,,,,,,,,,,,,,,,,,
19,9.99846944260682e-06,9.998469442606819e-05,0.7,67.77641997466216,11.777691815350506,113.38722022804055,3.69800835686761,3.69800835686761,3.69800835686761,0.0,0.0,0.3311949807244378,3.68593659272065,0.15537537755192937,2.5668205055030615,0.05739164352416992,0.0009776491772484136,0.0,0.7088323541589685,0.0,0.0,0.0,0.0,0.0,0.0,0.0,0.0,2.549494981765747,47.96363067626953,23.028181076049805,52.918338775634766,68.21443939208984,1.0,0.24638426303863525,0.33843111991882324,2.7067880630493164,0.3454431891441345,0.09597130864858627,0.0,0.0,0.6532837152481079,0.20035427808761597,0.6933119968993499,,0.33920949697494507,0.38730695843696594,,0.27546921372413635,,,,,,,0.3385617733001709,0.3851165771484375,,0.2763216495513916,,,,,,,,,,,,,,,,,,,,,,,,,,,,,,,,,,,,,,,,,,,,,,
20,9.9980629159339e-06,9.9980629159339e-05,0.75,67.68544130067568,11.262799237225506,113.80966269003379,3.6719945959142737,3.6719945959142737,3.6719945959142737,0.0,0.0,0.33046552297231313,3.66352349358636,0.15841025275153084,2.494460647170608,0.056637725314578495,0.001097232707448908,0.0,0.7212910523285737,0.0,0.0,0.0,0.0,0.0,0.0,0.0,0.0,2.848527669906616,43.65058135986328,23.07320213317871,44.128658294677734,64.58413696289062,1.0,0.325935035943985,0.33622419834136963,3.132172107696533,0.352170467376709,0.12622836232185364,0.0,0.0,0.6603995561599731,0.33951786160469055,0.48589023351425936,,0.3449610471725464,0.40428876876831055,,0.2542446553707123,,,,,,,0.34399479627609253,0.3997802734375,,0.25622498989105225,,,,,,249.4079482109992,373.66740429378245,0.6639627072607907,-119.10006676139412,249.40794747776434,320.91039326153697,385.4103464088729,422.48154832326435,191.63270514351981,143.34336412415024,555.6418188343878,0.04896458830074579,0.3212214501717156,0.2562005564305574,0.33257305193668535,0.0,0.3744012302641351,0.2634751509813328,0.19738524007913447,0.0,0.0,0.0,0.0,0.0,1.3737999814450137,0.7259169689641274,0.7727822359019457,0.8340112124876333,0.22591696896412738,-0.02721776409805432,-0.11598878751236663,0.0,0.0,0.4835164835164835,0.5164835164835165,1.0,2.2768249682017734,2.232016003066367,2.1944823274900624,-7.998970985412598,0.0003357516252435744
21,9.99760857632013e-06,9.99760857632013e-05,0.8,69.0642287795608,11.349735569309544,116.41596283783784,3.692624891126478,3.692624891126478,3.692624891126478,0.0,0.0,0.3289176064568597,3.7637617781355575,0.1573389414194468,2.4510671254750847,0.055699825286865234,0.0014021384554940301,0.0,0.75059885592074,0.0,0.0,0.0,0.0,0.0,0.0,0.0,0.0,2.9232120513916016,42.970977783203125,22.016603469848633,42.77096176147461,66.1156997680664,1.0,0.27678588032722473,0.33846601843833923,3.248039722442627,0.3545732796192169,0.11079823225736618,0.0,0.0,0.5935664176940918,0.25048506259918213,0.5779999421593366,,0.3459860384464264,0.416240930557251,,0.23982074856758118,,,,,,,0.345659077167511,0.41264572739601135,,0.24169518053531647,,,,,,,,,,,,,,,,,,,,,,,,,,,,,,,,,,,,,,,,,,,,,,
22,9.997106428340707e-06,9.997106428340706e-05,0.85,61.50862410261824,10.37125046188767,102.34551177153716,3.712460492108319,3.712460492108319,3.712460492108319,0.0,0.0,0.32961505168193095,3.550350704708615,0.15578183612307986,2.4107041230072848,0.05462813377380371,0.001276870132298083,0.0,0.7537857777363545,0.0,0.0,0.0,0.0,0.0,0.0,0.0,0.0,2.7518491744995117,44.484375,20.243070602416992,47.99485397338867,63.831703186035156,0.9999998807907104,0.2893240749835968,0.3724192678928375,3.623080015182495,0.3528587222099304,0.1134452149271965,0.0,0.0,0.4123156666755676,0.21186748147010803,0.4861522406403808,,0.34467458724975586,0.41084596514701843,,0.24709975719451904,,,,,,,0.3438583016395569,0.4083934426307678,,0.24774819612503052,,,,,,,,,,,,,,,,,,,,,,,,,,,,,,,,,,,,,,,,,,,,,,
23,9.99655647705225e-06,9.99655647705225e-05,0.9,62.70098052153716,10.263933336412585,104.79059332770271,3.6987312935494088,3.6987312935494088,3.6987312935494088,0.0,0.0,0.3281616520237278,3.7267060150971285,0.15562661918433937,2.407168620341533,0.057165777361070785,0.0016999510494438378,0.0,0.7947617608147699,0.0,0.0,0.0,0.0,0.0,0.0,0.0,0.0,3.0984435081481934,41.90227508544922,19.620256423950195,43.65717697143555,63.58284378051758,1.0,0.20557303726673126,0.4468270242214203,2.231783390045166,0.35728195309638977,0.09053018689155579,0.0,0.0,0.7840888500213623,0.24670860171318054,0.6853563193680677,,0.34817618131637573,0.4240216314792633,,0.22940966486930847,,,,,,,0.34818965196609497,0.42238396406173706,,0.22942641377449036,,,,,,,,,,,,,,,,,,,,,,,,,,,,,,,,,,,,,,,,,,,,,,
24,9.995958727992769e-06,9.995958727992767e-05,0.95,63.430954391891895,11.189841605521536,105.0911766258446,3.805407137484164,3.805407137484164,3.805407137484164,0.0,0.0,0.3314278576825116,3.6640806455869934,0.15563993196229678,2.5193264935467696,0.05629036233231828,0.001349735803700782,0.0,0.7747921299290013,0.0,0.0,0.0,0.0,0.0,0.0,0.0,0.0,2.707810401916504,43.0517463684082,20.481689453125,46.51820755004883,59.03467559814453,1.0,0.28583836555480957,0.4263934791088104,2.8275537490844727,0.35590416193008423,0.11378869414329529,0.0,0.0,0.38393259048461914,0.21558958292007446,0.4384702203896096,,0.3483572006225586,0.41311702132225037,,0.24120503664016724,,,,,,,0.3480234742164612,0.4100707769393921,,0.24190576374530792,,,,,,,,,,,,,,,,,,,,,,,,,,,,,,,,,,,,,,,,,,,,,,
25,9.995313187181584e-06,9.995313187181583e-05,1.0,69.39463682432432,11.729450122730151,116.42736486486487,3.8043122162690035,3.8043122162690035,3.8043122162690035,0.0,0.0,0.3303940231735642,3.8495268950591215,0.15500081552041545,2.465686694995777,0.055814266204833984,0.0016292019470317944,0.0,0.8002702352162954,0.0,0.0,0.0,0.0,0.0,0.0,0.0,0.0,3.124058246612549,39.941551208496094,18.831798553466797,45.7970085144043,56.995296478271484,1.0,0.2224980741739273,0.54737788438797,2.711524486541748,0.3601464033126831,0.09636249393224716,0.0,0.0,0.4592658281326294,0.2868746817111969,0.3753624499396641,,0.35182544589042664,0.42515382170677185,,0.22483685612678528,,,,,,,0.3518074154853821,0.42268258333206177,,0.22551001608371735,,,,,,247.30565037570156,371.3379767509814,0.6535955458333554,-121.49386125082498,247.30565010630784,317.8721634763095,382.01610586531865,418.7993971504761,187.33909007481165,140.83288864017456,555.0176544189453,0.06933731336352116,0.3178637735914704,0.2351719563603574,0.31422972624220924,0.0,0.3647414445470563,0.2520599533483987,0.20269645245722662,0.0,0.0,0.0,0.0,0.0,1.3559870661939109,0.7313583232567513,0.7836649444871936,0.8491260855226997,0.23135832325675132,-0.01633505551280645,-0.10087391447730021,0.0,0.0,0.47802197802197804,0.521978021978022,1.0,2.2241604223356144,2.184981263928361,2.1534467313315844,-7.998280048370361,0.00033598364097997546
26,9.99461986111929e-06,9.994619861119289e-05,1.0,61.5494285789696,9.997177536423141,102.65195444467905,3.7557472022804053,3.7557472022804053,3.7557472022804053,0.0,0.0,0.3281707248172244,3.7051997829127954,0.1530646633457493,2.3961608474319047,0.0564327368865142,0.0017341798221742785,0.0,0.819621060345624,0.0,0.0,0.0,0.0,0.0,0.0,0.0,0.0,2.8296709060668945,41.32010269165039,20.967397689819336,46.24643325805664,55.67499923706055,0.9999998807907104,0.24663099646568298,0.47849664092063904,2.812403440475464,0.3601096570491791,0.10266073793172836,0.0,0.0,0.40714168548583984,0.2837658226490021,0.30302930708167125,,0.35194912552833557,0.4241844415664673,,0.22593505680561066,,,,,,,0.3518044054508209,0.42219093441963196,,0.22600466012954712,,,,,,,,,,,,,,,,,,,,,,,,,,,,,,,,,,,,,,,,,,,,,,
27,9.993878756787668e-06,9.993878756787667e-05,1.0,57.738248258023646,9.20047986829603,95.8380225929054,3.7589494859850086,3.7589494859850086,3.7589494859850086,0.0,0.0,0.32817966873581345,3.6914718215529985,0.15340225116626635,2.3574886837521114,0.056854273821856524,0.00187652900412276,0.0,0.8422573708199166,0.0,0.0,0.0,0.0,0.0,0.0,0.0,0.0,2.9932024478912354,39.3271484375,18.942466735839844,43.529441833496094,53.437652587890625,1.0,0.2798609733581543,0.47987788915634155,3.0380170345306396,0.3630814850330353,0.11560775339603424,0.0,0.0,0.43570396304130554,0.28161370754241943,0.35365814536848283,,0.3538235127925873,0.4350736737251282,,0.21407555043697357,,,,,,,0.3538849949836731,0.43205705285072327,,0.21405795216560364,,,,,,,,,,,,,,,,,,,,,,,,,,,,,,,,,,,,,,,,,,,,,,
28,9.993089881649631e-06,9.993089881649632e-05,1.0,60.85536317567568,10.22724130991343,100.967529296875,3.794334617820946,3.794334617820946,3.794334617820946,0.0,0.0,0.3298876221115525,3.668009989970439,0.151950436669427,2.4007580731366134,0.05475350328393885,0.0018350508164715123,0.0,0.8421803551751215,0.0,0.0,0.0,0.0,0.0,0.0,0.0,0.0,3.633418560028076,34.77980041503906,17.11309242248535,30.86699676513672,53.64680099487305,1.0,0.24669820070266724,0.5104755163192749,2.783677577972412,0.3682577908039093,0.10766075551509857,0.0,0.0,1.0817220211029053,0.5761834383010864,0.4673461138254173,,0.35719725489616394,0.4543071985244751,,0.19005584716796875,,,,,,,0.3576396107673645,0.4512518346309662,,0.1911085546016693,,,,,,,,,,,,,,,,,,,,,,,,,,,,,,,,,,,,,,,,,,,,,,
29,9.992253243649145e-06,9.992253243649144e-05,1.0,61.66734190244932,9.818240603885135,102.98425622888513,3.785670924831081,3.785670924831081,3.785670924831081,0.0,0.0,0.3300375036291174,3.7428951778927364,0.15046347798527898,2.4014405946473816,0.05561296359912769,0.0019400105685801119,0.0,0.8678979615907412,0.0,0.0,0.0,0.0,0.0,0.0,0.0,0.0,2.8906822204589844,39.55763626098633,18.64879035949707,42.85457992553711,54.067562103271484,1.0,0.24035465717315674,0.4901697635650635,2.7921159267425537,0.3641497790813446,0.1029626876115799,0.0,0.0,0.36964601278305054,0.24179229140281677,0.34588151084771085,,0.3543253242969513,0.4401428997516632,,0.20788246393203735,,,,,,,0.3545798659324646,0.4375629425048828,,0.2078571915626526,,,,,,,,,,,,,,,,,,,,,,,,,,,,,,,,,,,,,,,,,,,,,,
30,9.991368851211145e-06,9.991368851211145e-05,1.0,58.664570576435814,9.579416635874155,97.3820602829392,3.7317249194995776,3.7317249194995776,3.7317249194995776,0.0,0.0,0.3277334264806799,3.659172676705025,0.1529900834367082,2.344901626174514,0.056232948560972475,0.0021496346673449953,0.0,0.873693002236856,0.0,0.0,0.0,0.0,0.0,0.0,0.0,0.0,3.0055112838745117,38.15100860595703,19.316072463989258,41.69865036010742,52.199771881103516,1.0,0.2668849527835846,0.49153679609298706,3.4091999530792236,0.36584264039993286,0.1123545691370964,0.0,0.0,0.6292004585266113,0.4209435284137726,0.3309866152998532,,0.35528191924095154,0.4471043348312378,,0.19982309639453888,,,,,,,0.355760395526886,0.44394567608833313,,0.20029392838478088,,,,,,241.0817373925513,362.3930971272134,0.641345101153613,-115.71270911248176,241.08173538184474,311.5067038501125,375.9657864926587,412.94947533531496,184.8473777770996,137.95827605373177,538.8331945668097,0.11063893305132355,0.2991808458154699,0.20065392640158022,0.24609987339027434,0.0,0.3382780828939647,0.1954281026894087,0.11506989685172131,0.0,0.0,0.0,0.0,0.0,1.3150886082973816,0.7310468652669379,0.8024989923417977,0.8636363636363636,0.23104686526693785,0.0024989923417976234,-0.08636363636363631,0.0,0.0,0.46703296703296704,0.532967032967033,1.0,2.161071036215667,2.1246444343865574,2.100232428901798,-7.997623920440674,0.0003362041315995157
31,9.99043671324145e-06,9.990436713241451e-05,1.0,55.63715424408784,9.243094779349661,91.72621938344595,3.702072555954392,3.702072555954392,3.702072555954392,0.0,0.0,0.3290749111691037,3.6611637424778296,0.152595262269716,2.32575308310019,0.05757648880417283,0.0023421105500814076,0.0,0.8823513340305638,0.0,0.0,0.0,0.0,0.0,0.0,0.0,0.0,3.4615278244018555,33.991432189941406,17.553165435791016,35.38918685913086,49.61518478393555,1.0,0.3002467751502991,0.4706468880176544,3.142009973526001,0.3701896667480469,0.12644702196121216,0.0,0.0,0.7389042973518372,0.4277454614639282,0.42110843989278807,,0.35781288146972656,0.46411600708961487,,0.1816319078207016,,,,,,,0.3587881922721863,0.4589821696281433,,0.1822296380996704,,,,,,,,,,,,,,,,,,,,,,,,,,,,,,,,,,,,,,,,,,,,,,
32,9.989456839126684e-06,9.989456839126684e-05,1.0,57.158605627111484,9.340190990551099,94.5962112014358,3.7461700439453125,3.7461700439453125,3.7461700439453125,0.0,0.0,0.3279684427622202,3.6478572536159204,0.1513304581513276,2.3134557363149284,0.05543228742238637,0.0022632421271221058,0.0,0.8959433065878378,0.0,0.0,0.0,0.0,0.0,0.0,0.0,0.0,3.143878936767578,37.66244125366211,17.553165435791016,41.45503616333008,53.75168228149414,1.0,0.2188217043876648,0.5293467044830322,2.558371067047119,0.3676404356956482,0.09969493746757507,0.0,0.0,0.5361958146095276,0.3897554576396942,0.2731098471487981,,0.3560081720352173,0.45622870326042175,,0.18899200856685638,,,,,,,0.3563527762889862,0.4537639021873474,,0.189883291721344,,,,,,,,,,,,,,,,,,,,,,,,,,,,,,,,,,,,,,,,,,,,,,
33,9.988429238734164e-06,9.988429238734165e-05,1.0,59.5513355152027,10.004113274651605,98.73566168707771,3.7440024710990287,3.7440024710990287,3.7440024710990287,0.0,0.0,0.3263772758277687,3.6106423042915963,0.1489622657363479,2.3177211864574536,0.05681099118413152,0.0022568301977338016,0.0,0.8990418717667863,0.0,0.0,0.0,0.0,0.0,0.0,0.0,0.0,3.459632635116577,34.337928771972656,16.265764236450195,34.63697814941406,51.19013595581055,1.0,0.2812267541885376,0.47294360399246216,2.929621934890747,0.3704317510128021,0.12013769894838333,0.0,0.0,0.6950963139533997,0.4595597982406616,0.33885450258412503,,0.3577790856361389,0.4665532112121582,,0.17720526456832886,,,,,,,0.35874128341674805,0.4616949260234833,,0.1795637607574463,,,,,,,,,,,,,,,,,,,,,,,,,,,,,,,,,,,,,,,,,,,,,,
34,9.987353922411819e-06,9.987353922411818e-05,1.0,53.167015281883444,8.749293146906671,87.26124366554055,3.7469795845650338,3.7469795845650338,3.7469795845650338,0.0,0.0,0.32715859284272064,3.560695338893581,0.1504983901977539,2.2563187882706925,0.05418805173925451,0.002344545883101386,0.0,0.9058496629869616,0.0,0.0,0.0,0.0,0.0,0.0,0.0,0.0,3.3675239086151123,35.56433868408203,17.180070877075195,39.019535064697266,50.69266891479492,1.0,0.2840282917022705,0.48631158471107483,2.6740376949310303,0.36983752250671387,0.1211613118648529,0.0,0.0,0.9593250155448914,0.7164515256881714,0.25317122551919397,,0.3570430874824524,0.46586182713508606,,0.17983810603618622,,,,,,,0.35785752534866333,0.46203529834747314,,0.18010717630386353,,,,,,,,,,,,,,,,,,,,,,,,,,,,,,,,,,,,,,,,,,,,,,
35,9.986230900988068e-06,9.986230900988069e-05,1.0,54.95457334776182,8.606192923880911,90.94267974028716,3.7472892967430322,3.7472892967430322,3.7472892967430322,0.0,0.0,0.3270623748366897,3.6112980198215796,0.15036638362987623,2.2824608055320947,0.056523671021332614,0.0031543225049972534,0.0,0.9358905070536846,0.0,0.0,0.0,0.0,0.0,0.0,0.0,0.0,3.035595417022705,37.699562072753906,17.587482452392578,40.101200103759766,52.09791564941406,1.0,0.27990537881851196,0.4005924463272095,2.4905850887298584,0.3686448633670807,0.11992479115724564,0.0,0.0,0.39087241888046265,0.31092214584350586,0.20454314291591735,,0.35603994131088257,0.4628337025642395,,0.18335668742656708,,,,,,,0.35681331157684326,0.45786261558532715,,0.1853240728378296,,,,,,232.66093599927294,351.29546935206275,0.6203163904674558,-110.97200955401411,232.66093669225103,302.4202172750734,366.79919187316113,404.09216589360335,180.95701817103796,132.92471106477487,520.2239890720533,0.1639407462550489,0.30707112848837526,0.18560088356802099,0.2168716298231403,0.0,0.3473630748699702,0.1966450627705122,0.10243107773751912,0.0,0.0,0.0,0.0,0.0,1.2667619290271945,0.7339232714081565,0.8107801106591916,0.8749954197354439,0.2339232714081565,0.0107801106591916,-0.07500458026455603,0.0,0.0,0.46703296703296704,0.532967032967033,1.0,2.0714731887801663,2.0437051408238465,2.0306300262173456,-7.9989705085754395,0.00033575177076272666
36,9.985060185771726e-06,9.985060185771726e-05,1.0,58.583067198057435,9.57670799461571,97.21543100717905,3.752977938265414,3.752977938265414,3.752977938265414,0.0,0.0,0.3282443381644584,3.5839352994351774,0.1498590933310019,2.316569147883235,0.056789043787363415,0.00249403332536285,0.0,0.9207431690112965,0.0,0.0,0.0,0.0,0.0,0.0,0.0,0.0,3.2292263507843018,34.6378059387207,18.427928924560547,37.671592712402344,46.883052825927734,1.0,0.33464038372039795,0.5136476159095764,3.072301149368286,0.37049925327301025,0.13725310564041138,0.0,0.0,0.5413659811019897,0.39966148138046265,0.2617536096987057,,0.35731276869773865,0.4689733684062958,,0.17693908512592316,,,,,,,0.3584285378456116,0.464147686958313,,0.17742374539375305,,,,,,,,,,,,,,,,,,,,,,,,,,,,,,,,,,,,,,,,,,,,,,
37,9.983841788551883e-06,9.983841788551883e-05,1.0,50.539854307432435,8.27514730917441,82.47061074746621,3.770880209433066,3.770880209433066,3.770880209433066,0.0,0.0,0.3271179714718381,3.4831967740445524,0.14813028799520955,2.229865409232475,0.055632236841562634,0.0025320477985047007,0.0,0.9381147848593222,0.0,0.0,0.0,0.0,0.0,0.0,0.0,0.0,3.0257492065429688,36.44670104980469,19.240766525268555,38.41459655761719,50.29817199707031,1.0,0.31871360540390015,0.4804859161376953,2.842595100402832,0.36996638774871826,0.13343694806098938,0.0,0.0,0.4144092798233032,0.33587387204170227,0.18951170160834008,,0.3566054105758667,0.4689071774482727,,0.1776856780052185,,,,,,,0.35766705870628357,0.46361005306243896,,0.17872291803359985,,,,,,,,,,,,,,,,,,,,,,,,,,,,,,,,,,,,,,,,,,,,,,
38,9.982575721597784e-06,9.982575721597784e-05,1.0,53.671706740920605,9.147383406355575,87.82873865076013,3.7796300939611487,3.7796300939611487,3.7796300939611487,0.0,0.0,0.3280081104587864,3.520257485879434,0.14830229733441327,2.23152325604413,0.054695683556634025,0.0023689338484325926,0.0,0.9424138455777555,0.0,0.0,0.0,0.0,0.0,0.0,0.0,0.0,3.5936660766601562,33.67755889892578,15.460390090942383,35.1137809753418,49.421749114990234,1.0,0.34672313928604126,0.4283193349838257,2.9525351524353027,0.3721733093261719,0.14353306591510773,0.0,0.0,0.9145903587341309,0.6941823363304138,0.24099097513861842,,0.3568974733352661,0.48312610387802124,,0.1622902750968933,,,,,,,0.3586201071739197,0.47614020109176636,,0.16523969173431396,,,,,,,,,,,,,,,,,,,,,,,,,,,,,,,,,,,,,,,,,,,,,,
39,9.981261997658713e-06,9.981261997658712e-05,1.0,53.071470518369935,8.249109216638514,87.62472946579392,3.7245438034470015,3.7245438034470015,3.7245438034470015,0.0,0.0,0.32695321778993347,3.554827303499789,0.14782998368546768,2.2179948961412586,0.05630805041338947,0.0031124089617986937,0.0,0.9713328593486065,0.0,0.0,0.0,0.0,0.0,0.0,0.0,0.0,3.185330390930176,35.939151763916016,15.88896656036377,38.41459655761719,49.518367767333984,1.0,0.3070628345012665,0.46073517203330994,3.0822525024414062,0.3704186975955963,0.12968550622463226,0.0,0.0,0.5503917932510376,0.45809516310691833,0.1676925987557778,,0.3559437096118927,0.47589579224586487,,0.16997282207012177,,,,,,,0.3572150468826294,0.4706777334213257,,0.17210718989372253,,,,,,,,,,,,,,,,,,,,,,,,,,,,,,,,,,,,,,,,,,,,,,
40,9.979900629963849e-06,9.979900629963848e-05,1.0,50.96741052576014,8.867612271695524,82.60967192778716,3.8429078798036316,3.8429078798036316,3.8429078798036316,0.0,0.0,0.3254622124336861,3.464557544605152,0.14758247942537875,2.205818588669236,0.052060249689463024,0.0027519230907027785,0.0,0.9569180462811444,0.0,0.0,0.0,0.0,0.0,0.0,0.0,0.0,3.304593324661255,35.80410385131836,15.250455856323242,39.24884033203125,51.19013595581055,1.0,0.3096909523010254,0.49406862258911133,3.7268149852752686,0.37094274163246155,0.13029810786247253,0.0,0.0,0.5671249628067017,0.4316355586051941,0.23890573169442314,,0.35629066824913025,0.4777419865131378,,0.1678982526063919,,,,,,,0.3574843406677246,0.47371724247932434,,0.16879844665527344,,,,,,222.5171732221331,338.60059809859104,0.5901866580535059,-108.65277992500053,222.5171745677199,291.2892426384841,354.82241918460636,392.1075942086996,173.37227521623885,125.53382358994595,501.9707903654679,0.21733998169591898,0.3113882805136165,0.167039951597971,0.18878319900885332,0.0,0.3497446925957077,0.20411422287951303,0.09765420101923006,0.0,0.0,0.0,0.0,0.0,1.2167494570665394,0.7348759664358213,0.8175955443186399,0.8878018394342457,0.23487596643582132,0.017595544318639855,-0.062198160565754224,0.0,0.0,0.45054945054945056,0.5494505494505495,1.0,1.9875998280860565,1.9730541345837351,1.9702212496118232,-7.999424457550049,0.0003355994413141161
41,9.978491632222153e-06,9.978491632222152e-05,1.0,58.883848448057435,9.330497123099661,98.07132205447635,3.7493554192620353,3.7493554192620353,3.7493554192620353,0.0,0.0,0.3258892265526024,3.616975938951647,0.14825895670297984,2.2673587283572636,0.05864651138718064,0.0032400072023675247,0.0,0.9825433267129434,0.0,0.0,0.0,0.0,0.0,0.0,0.0,0.0,2.756047487258911,37.99127197265625,21.418563842773438,40.17959976196289,49.518367767333984,1.0,0.3221205472946167,0.44799312949180603,3.3850207328796387,0.36946624517440796,0.13324716687202454,0.0,0.0,0.31944677233695984,0.25829988718032837,0.1914149412413919,,0.3552670478820801,0.4721253216266632,,0.17655138671398163,,,,,,,0.35678207874298096,0.46732455492019653,,0.1758934110403061,,,,,,,,,,,,,,,,,,,,,,,,,,,,,,,,,,,,,,,,,,,,,,
42,9.977035018622216e-06,9.977035018622216e-05,1.0,57.880661423141895,9.437302048141891,96.03278742609797,3.7402121054159627,3.7402121054159627,3.7402121054159627,0.0,0.0,0.3284621625333219,3.4810997215477197,0.14741913047996727,2.2671286093222127,0.0559258847623258,0.0025463867429140453,0.0,0.9689171249802048,0.0,0.0,0.0,0.0,0.0,0.0,0.0,0.0,3.3443026542663574,35.60778045654297,13.99460506439209,40.25815200805664,50.593753814697266,0.9999998807907104,0.25969815254211426,0.5321201682090759,2.8519513607025146,0.37179434299468994,0.11764147877693176,0.0,0.0,0.5228086709976196,0.4157176613807678,0.20483786049780225,,0.3562397062778473,0.4840114414691925,,0.16157278418540955,,,,,,,0.3570431172847748,0.4811771810054779,,0.1617797166109085,,,,,,,,,,,,,,,,,,,,,,,,,,,,,,,,,,,,,,,,,,,,,,
43,9.975530803832124e-06,9.975530803832123e-05,1.0,55.06700010557432,8.383067363017314,91.5110985008446,3.6949582486539274,3.6949582486539274,3.6949582486539274,0.0,0.0,0.3261679829777898,3.5857247017525338,0.1469995524432208,2.2501426902977197,0.05787062644958496,0.0040521601567397245,0.0,1.008974333067198,0.0,0.0,0.0,0.0,0.0,0.0,0.0,0.0,2.8700199127197266,36.54010009765625,22.059646606445312,38.527320861816406,47.62135314941406,1.0,0.3171005845069885,0.43315383791923523,3.4309825897216797,0.37051451206207275,0.13205468654632568,0.0,0.0,0.44448861479759216,0.3617261052131653,0.18619714167957854,,0.3553102910518646,0.4796927273273468,,0.16737540066242218,,,,,,,0.356918603181839,0.4754736125469208,,0.16760781407356262,,,,,,,,,,,,,,,,,,,,,,,,,,,,,,,,,,,,,,,,,,,,,,
44,9.973979002999299e-06,9.973979002999299e-05,1.0,52.08356537690034,9.2017541833826,84.56601034628379,3.815349681957348,3.815349681957348,3.815349681957348,0.0,0.0,0.32732682614713104,3.4341484276024072,0.14784481718733505,2.209518226417335,0.054760430310223554,0.0030923908626711047,0.0,0.9861840944032412,0.0,0.0,0.0,0.0,0.0,0.0,0.0,0.0,3.185983180999756,36.295814514160156,15.28027057647705,41.05216979980469,50.593753814697266,1.0,0.28843289613723755,0.5080001950263977,2.66656494140625,0.3717437982559204,0.1267974078655243,0.0,0.0,0.6369475722312927,0.45571744441986084,0.2845291130894245,,0.3558412492275238,0.4857196807861328,,0.16027018427848816,,,,,,,0.3569539785385132,0.48149263858795166,,0.16155338287353516,,,,,,,,,,,,,,,,,,,,,,,,,,,,,,,,,,,,,,,,,,,,,,
45,9.97237963175036e-06,9.972379631750359e-05,1.0,50.02706001900338,8.124941439241976,81.65311576224663,3.7493290256809546,3.7493290256809546,3.7493290256809546,0.0,0.0,0.3247435286238387,3.4739602578652873,0.14727055059896932,2.1878439413534627,0.055954340341928845,0.004026636078551009,0.0,1.0133360785406988,0.0,0.0,0.0,0.0,0.0,0.0,0.0,0.0,2.9474973678588867,36.33354568481445,18.612401962280273,39.556671142578125,49.037147521972656,1.0,0.29625898599624634,0.4160670042037964,2.9059650897979736,0.3715430796146393,0.1282503753900528,0.0,0.0,0.6709258556365967,0.359761506319046,0.4637835115510754,,0.35622528195381165,0.48212796449661255,,0.16417254507541656,,,,,,,0.35730552673339844,0.4787517189979553,,0.16394276916980743,,,,,,207.7413125509744,318.5247591712247,0.5625055069740664,-93.12528572501716,207.74131286629634,278.08449178048,341.78993772229944,379.906748523064,171.67518615722656,119.63976364727168,460.29702327562416,0.2642181233492422,0.3071603148821964,0.12048168389053887,0.12670259440788922,0.0,0.3373733731860016,0.1953821749494445,0.07019829209428502,0.0,0.0,0.0,0.0,0.0,1.1661930090434092,0.730259059763292,0.8254735993550988,0.8969990106628559,0.23025905976329197,0.02547359935509874,-0.05300098933714403,0.0,0.0,0.45604395604395603,0.5439560439560439,1.0,1.9169135506336505,1.909744496856417,1.9087424720381643,-7.999682426452637,0.0003355128865223378
46,9.970732706190957e-06,9.970732706190958e-05,1.0,47.028043179898646,7.853000950168919,75.97819230363176,3.7344912967166386,3.7344912967166386,3.7344912967166386,0.0,0.0,0.3254791465965477,3.4304811632311023,0.14653231646563555,2.1728185705236487,0.057205915451049805,0.0039977552117528145,0.0,1.0140083931587838,0.0,0.0,0.0,0.0,0.0,0.0,0.0,0.0,3.072199821472168,34.15143585205078,19.50182342529297,35.806339263916016,44.73611831665039,1.0000001192092896,0.3202389180660248,0.49825620651245117,2.710675001144409,0.37212562561035156,0.13416965305805206,0.0,0.0,0.6549853086471558,0.5730196237564087,0.12514125707650406,,0.35577964782714844,0.4887852966785431,,0.15702421963214874,,,,,,,0.35770654678344727,0.48408985137939453,,0.1582036167383194,,,,,,,,,,,,,,,,,,,,,,,,,,,,,,,,,,,,,,,,,,,,,,
47,9.969038242905615e-06,9.969038242905614e-05,1.0,51.33544591955236,8.14221108926309,84.32143422719595,3.682297165329392,3.682297165329392,3.682297165329392,0.0,0.0,0.3248893892442858,3.57278772302576,0.14781294642268,2.2455662907780827,0.05601832028981801,0.004700063853650479,0.0,1.0342293816643793,0.0,0.0,0.0,0.0,0.0,0.0,0.0,0.0,3.024015188217163,36.258445739746094,17.76007843017578,40.101200103759766,48.27689743041992,1.0000001192092896,0.2583175301551819,0.5123955607414246,2.7847046852111816,0.3715999722480774,0.11556454002857208,0.0,0.0,0.6502271890640259,0.5533736348152161,0.1489534056369226,,0.3555677831172943,0.48650485277175903,,0.15840385854244232,,,,,,,0.3568806052207947,0.4833260476589203,,0.15979337692260742,,,,,,,,,,,,,,,,,,,,,,,,,,,,,,,,,,,,,,,,,,,,,,
48,9.967296258957556e-06,9.967296258957556e-05,1.0,51.195441168707774,8.386527396537161,83.7159324852196,3.7582084037162162,3.7582084037162162,3.7582084037162162,0.0,0.0,0.3257307361912083,3.4502072720914274,0.14651883615029826,2.1919252550279773,0.05656290054321289,0.004016363942945325,0.0,1.0236939095162056,0.0,0.0,0.0,0.0,0.0,0.0,0.0,0.0,3.858402729034424,31.548044204711914,13.27573013305664,31.109086990356445,48.27689743041992,1.0,0.22611717879772186,0.46769118309020996,2.730302572250366,0.3746207356452942,0.11216611415147781,0.0,0.0,1.1194993257522583,0.8423142433166504,0.24759736433905463,,0.3564107120037079,0.5033119916915894,,0.14083102345466614,,,,,,,0.3575104773044586,0.50055330991745,,0.14193621277809143,,,,,,,,,,,,,,,,,,,,,,,,,,,,,,,,,,,,,,,,,,,,,,
49,9.96550677188854e-06,9.965506771888541e-05,1.0,46.626811259501686,7.632770435230152,75.42117557010135,3.704986572265625,3.704986572265625,3.704986572265625,0.0,0.0,0.3231145240165092,3.496147361961571,0.14707882339889938,2.1873290603225297,0.05735187272767763,0.005241273222742854,0.0,1.0486433699324325,0.0,0.0,0.0,0.0,0.0,0.0,0.0,0.0,3.333437204360962,35.054115295410156,14.04937744140625,39.789127349853516,50.20002746582031,1.0,0.20805300772190094,0.4846126139163971,2.668196201324463,0.37300851941108704,0.10429486632347107,0.0,0.0,0.744748592376709,0.6142112612724304,0.17527704307261063,,0.35596445202827454,0.49432915449142456,,0.15019609034061432,,,,,,,0.35682904720306396,0.4928583800792694,,0.15031254291534424,,,,,,,,,,,,,,,,,,,,,,,,,,,,,,,,,,,,,,,,,,,,,,
50,9.963669799718686e-06,9.963669799718686e-05,1.0,51.61416543496622,8.66048946896115,84.3912452491554,3.68103687183277,3.68103687183277,3.68103687183277,0.0,0.0,0.3233685880093961,3.5145960627375423,0.14481632129566088,2.2299975833377323,0.057624713794605154,0.004751834112244683,0.0,1.0528960356841217,0.0,0.0,0.0,0.0,0.0,0.0,0.0,0.0,3.1242480278015137,34.44887161254883,17.314815521240234,37.01518249511719,48.18269729614258,1.0000001192092896,0.2836584150791168,0.40615931153297424,2.671339511871338,0.3732042908668518,0.12631475925445557,0.0,0.0,0.8861755132675171,0.505266010761261,0.4298352829698058,,0.3556029796600342,0.4972207844257355,,0.1489427536725998,,,,,,,0.35723650455474854,0.49312716722488403,,0.14963635802268982,,,,,,196.4028773674598,303.1286271196218,0.5242216407334794,-94.14395449711726,196.4028787730357,266.04290374415297,328.46363287993256,366.0997377219075,156.29561342511857,111.01778435522272,441.9556566321331,0.30444439926087696,0.30846310217347445,0.1032531321183872,0.11582645652618316,0.0,0.32915685562239294,0.21874040884643148,0.07840575148869793,0.0,0.0,0.0,0.0,0.0,1.1275043328920913,0.7318163497123594,0.8321424645487523,0.9071855190355795,0.23181634971235943,0.03214246454875225,-0.04281448096442042,0.0,0.0,0.43956043956043955,0.5604395604395604,1.0,1.8610589121069228,1.8609953005235274,1.858774633197994,-8.001147270202637,0.00033502187579870224
51,9.96178536094628e-06,9.961785360946278e-05,1.0,47.04946816934122,8.180700353673986,75.70697186444256,3.7426646464579814,3.7426646464579814,3.7426646464579814,0.0,0.0,0.3268462258416253,3.350500570761191,0.14518670778016787,2.1671004424224027,0.05752590540293101,0.00417706007893021,0.0,1.0423108693715688,0.0,0.0,0.0,0.0,0.0,0.0,0.0,0.0,3.1412625312805176,33.41486740112305,16.329425811767578,35.94648361206055,46.60914993286133,1.0,0.30410394072532654,0.457424134016037,2.548513650894165,0.3739496171474457,0.13333339989185333,0.0,0.0,0.545275092124939,0.35162925720214844,0.3551342023860874,,0.35606056451797485,0.500053346157074,,0.14574557542800903,,,,,,,0.3577255308628082,0.4954751133918762,,0.14679932594299316,,,,,,,,,,,,,,,,,,,,,,,,,,,,,,,,,,,,,,,,,,,,,,
52,9.959853474547597e-06,9.959853474547597e-05,1.0,52.74306838576858,8.681183686127534,86.57344673775337,3.721237595016892,3.721237595016892,3.721237595016892,0.0,0.0,0.3244508537086281,3.4603296228357263,0.14468213674184438,2.218930012470967,0.056753899600054766,0.004628102118904526,0.0,1.0578807109111064,0.0,0.0,0.0,0.0,0.0,0.0,0.0,0.0,3.4161417484283447,33.62385940551758,13.455855369567871,37.01518249511719,49.518367767333984,1.0,0.2669372260570526,0.42791280150413513,2.3601551055908203,0.3741450011730194,0.1242925375699997,0.0,0.0,0.6807174682617188,0.579825222492218,0.1482145684128532,,0.3557255268096924,0.503087043762207,,0.14331179857254028,,,,,,,0.3569900393486023,0.49937888979911804,,0.14363105595111847,,,,,,,,,,,,,,,,,,,,,,,,,,,,,,,,,,,,,,,,,,,,,,
53,9.957874159976716e-06,9.957874159976717e-05,1.0,53.07406698690878,8.255470894478464,87.82120328336148,3.633514404296875,3.633514404296875,3.633514404296875,0.0,0.0,0.32364221521326014,3.489137804186022,0.14307908754091006,2.2166479987067147,0.059156179428100586,0.005107832518783775,0.0,1.0918351250725824,0.0,0.0,0.0,0.0,0.0,0.0,0.0,0.0,3.2858383655548096,33.62493133544922,16.61900520324707,35.25121307373047,47.714454650878906,1.0,0.290804922580719,0.4377521872520447,2.635805130004883,0.37349778413772583,0.12827159464359283,0.0,0.0,0.856360912322998,0.817807674407959,0.04501984777709908,,0.35553354024887085,0.4997096657752991,,0.1462729424238205,,,,,,,0.3573189973831177,0.49602416157722473,,0.1466568559408188,,,,,,,,,,,,,,,,,,,,,,,,,,,,,,,,,,,,,,,,,,,,,,
54,9.955847437165313e-06,9.955847437165312e-05,1.0,48.396556957347975,8.094106313344595,78.53984770903716,3.702774460251267,3.702774460251267,3.702774460251267,0.0,0.0,0.3251393550151103,3.4005469244879647,0.1437115411500673,2.1811610041437923,0.05819419912389807,0.004906355126484021,0.0,1.0738289291794236,0.0,0.0,0.0,0.0,0.0,0.0,0.0,0.0,3.562403440475464,31.843936920166016,14.952568054199219,33.407806396484375,47.158565521240234,1.0,0.2755611836910248,0.3760448098182678,2.714953660964966,0.374869704246521,0.12701602280139923,0.0,0.0,0.9624443054199219,0.848153829574585,0.11875022294975406,,0.35594192147254944,0.5072717666625977,,0.1381170153617859,,,,,,,0.3572753965854645,0.5041267275810242,,0.13859789073467255,,,,,,,,,,,,,,,,,,,,,,,,,,,,,,,,,,,,,,,,,,,,,,
55,9.95377332652246e-06,9.95377332652246e-05,1.0,50.03505067567568,7.995325861750422,81.89908414273648,3.702013582796664,3.702013582796664,3.702013582796664,0.0,0.0,0.32565864356788427,3.4355685259844804,0.14393481692752322,2.185196129051415,0.058679322938661314,0.0052369663844237455,0.0,1.0864833110087626,0.0,0.0,0.0,0.0,0.0,0.0,0.0,0.0,2.9993793964385986,35.286376953125,13.77763843536377,39.019535064697266,49.037147521972656,1.0,0.31405365467071533,0.4640275239944458,3.1002485752105713,0.3739005923271179,0.13900545239448547,0.0,0.0,0.43360018730163574,0.4388607442378998,-0.012132275516303017,,0.3555075228214264,0.5025691390037537,,0.14380553364753723,,,,,,,0.3568798899650574,0.49760717153549194,,0.14551296830177307,,,,,,174.24007616986285,273.5470157829106,0.485397217939243,-66.21369238214179,174.24007836060863,246.14729262689346,306.91898509502545,345.9996007586594,153.55528695242745,102.35371186012445,378.9821309628694,0.3214749493498449,0.300469258955148,0.06259801430839086,0.05120179954545532,0.0,0.3003088821600611,0.2115793212573428,0.017262541367300314,0.0,0.0,0.0,0.0,0.0,1.0801792506459473,0.7247993844124436,0.8408083250888572,0.9146605107911033,0.22479938441244363,0.04080832508885712,-0.035339489208896624,0.0,0.0,0.5164835164835165,0.4835164835164835,0.9990842490842491,1.7969891297948228,1.7871723093174317,1.7768175569209423,-8.002882957458496,0.0003344409342389554
56,9.951651848934432e-06,9.951651848934431e-05,1.0,48.50051467483108,8.152103733372044,78.66670185810811,3.6991383320576436,3.6991383320576436,3.6991383320576436,0.0,0.0,0.32624169942494985,3.43575534305057,0.1420333192155168,2.2193830335462414,0.056978431907860005,0.004816180548152408,0.0,1.0881778613941089,0.0,0.0,0.0,0.0,0.0,0.0,0.0,0.0,3.6825246810913086,30.20017433166504,12.767145156860352,31.414377212524414,45.70764923095703,1.0000001192092896,0.30591586232185364,0.4152807593345642,2.63519549369812,0.37534067034721375,0.1369989514350891,0.0,0.0,1.0442782640457153,0.9624334573745728,0.07837451902336987,,0.35501042008399963,0.5152430534362793,,0.13165399432182312,,,,,,,0.35693782567977905,0.5113928914070129,,0.1316693127155304,,,,,,,,,,,,,,,,,,,,,,,,,,,,,,,,,,,,,,,,,,,,,,
57,9.949483025764483e-06,9.949483025764483e-05,1.0,51.303430505701016,8.69668166701858,83.72385055954392,3.718306257918074,3.718306257918074,3.718306257918074,0.0,0.0,0.32485959336564346,3.3880242012642525,0.14386697717615077,2.1814925735061235,0.057590529725358296,0.004915228566607913,0.0,1.0919636906804264,0.0,0.0,0.0,0.0,0.0,0.0,0.0,0.0,3.371161699295044,31.816883087158203,13.044405937194824,34.772544860839844,45.70764923095703,1.0,0.2627112567424774,0.4252031743526459,2.735715627670288,0.37512996792793274,0.12368923425674438,0.0,0.0,0.5341005325317383,0.49079474806785583,0.08108170995187887,,0.35543251037597656,0.5119390487670898,,0.1332375854253769,,,,,,,0.35692375898361206,0.5088160037994385,,0.13426026701927185,,,,,,,,,,,,,,,,,,,,,,,,,,,,,,,,,,,,,,,,,,,,,,
58,9.947266878852637e-06,9.947266878852636e-05,1.0,47.2626953125,8.233293687975085,76.11650126689189,3.692610457136824,3.692610457136824,3.692610457136824,0.0,0.0,0.3235207377253352,3.4618179733688765,0.1420388479490538,2.2055247538798564,0.05780352128518594,0.005631057394517434,0.0,1.1201143007020693,0.0,0.0,0.0,0.0,0.0,0.0,0.0,0.0,3.2237868309020996,34.016536712646484,15.04337215423584,37.16005325317383,48.65553665161133,1.0,0.23617231845855713,0.46123015880584717,3.048499584197998,0.3750338554382324,0.11703797429800034,0.0,0.0,0.6637955904006958,0.5798417925834656,0.12647537740730105,,0.3558462858200073,0.5090687274932861,,0.13587892055511475,,,,,,,0.35692983865737915,0.5066866278648376,,0.1363835632801056,,,,,,,,,,,,,,,,,,,,,,,,,,,,,,,,,,,,,,,,,,,,,,
59,9.945003430515472e-06,9.945003430515471e-05,1.0,48.733962600295605,8.190455256281671,79.05423880912163,3.7236645672772384,3.7236645672772384,3.7236645672772384,0.0,0.0,0.3245089762919658,3.440344526961043,0.144015325082315,2.1858508135821366,0.05914817629633723,0.006321652918248563,0.0,1.1105773513381545,0.0,0.0,0.0,0.0,0.0,0.0,0.0,0.0,3.497286796569824,31.69159507751465,11.511648178100586,35.59715270996094,45.89548110961914,1.0,0.25629279017448425,0.43332260847091675,3.0014333724975586,0.37557080388069153,0.12269186973571777,0.0,0.0,0.5605325698852539,0.5378309488296509,0.04050009272476398,,0.35587313771247864,0.5127460360527039,,0.1320003718137741,,,,,,,0.3570152819156647,0.5108638405799866,,0.13212087750434875,,,,,,,,,,,,,,,,,,,,,,,,,,,,,,,,,,,,,,,,,,,,,,
60,9.942692703545886e-06,9.942692703545886e-05,1.0,47.47914247255068,8.078726278769004,76.66032120988176,3.7350760794974662,3.7350760794974662,3.7350760794974662,0.0,0.0,0.32183904905576965,3.39559606603674,0.14229152009293838,2.1662162574561865,0.058799750096089134,0.0069376487989683405,0.0,1.131833875501478,0.0,0.0,0.0,0.0,0.0,0.0,0.0,0.0,3.450749158859253,32.36717987060547,12.817113876342773,35.38918685913086,46.51820755004883,1.0,0.264748215675354,0.41871365904808044,2.8530001640319824,0.3753478229045868,0.12484212219715118,0.0,0.0,0.5877675414085388,0.5701994299888611,0.029889556979579263,,0.3554474413394928,0.5133957862854004,,0.13174638152122498,,,,,,,0.3567897081375122,0.5118810534477234,,0.1313292384147644,,,,,,158.9858038346846,252.971568550624,0.45003098770279176,-46.81472044724684,158.98580428516996,230.22065330665615,287.982031111917,327.6406406163111,138.51841953822546,97.58169419636098,334.29888716987944,0.3159463942917144,0.3031787810845927,0.04603604823105937,0.024441830115813707,0.0,0.2955461702089845,0.23178474582585643,-0.01590989209282033,0.0,0.0,0.0,0.0,0.0,1.0522590991712342,0.7208969990106628,0.8462313583232568,0.9206148547140083,0.22089699901066284,0.046231358323256755,-0.029385145285991676,0.0,0.0,0.5384615384615384,0.46153846153846156,0.9963369963369964,1.7509557791463621,1.7303687245636197,1.7151510148912996,-8.0012845993042,0.00033497586264275014
61,9.940334721212874e-06,9.940334721212874e-05,1.0,48.47255067567568,7.728792757601352,79.1532081397804,3.6633292533255912,3.6633292533255912,3.6633292533255912,0.0,0.0,0.32491910779798355,3.358297399572424,0.14311281410423485,2.169261829273121,0.05776296435175715,0.006441857363726641,0.0,1.1217854474041913,0.0,0.0,0.0,0.0,0.0,0.0,0.0,0.0,3.2194948196411133,31.535993576049805,14.692026138305664,34.569393157958984,43.27513122558594,1.0,0.3342249095439911,0.4849005937576294,2.529391050338745,0.3751639425754547,0.14530733227729797,0.0,0.0,0.7498930096626282,0.47226881980895996,0.3702183995268465,,0.35470232367515564,0.515906810760498,,0.13019339740276337,,,,,,,0.35698455572128296,0.5110379457473755,,0.13197749853134155,,,,,,,,,,,,,,,,,,,,,,,,,,,,,,,,,,,,,,,,,,,,,,
62,9.93792950726129e-06,9.937929507261291e-05,1.0,44.3648780616554,7.618317475190034,70.910400390625,3.7393242088524072,3.7393242088524072,3.7393242088524072,0.0,0.0,0.32094478607177734,3.3752414600269214,0.14378966511906804,2.1237475420977616,0.05577225942869444,0.0077405193367519895,0.0,1.1499587394095756,0.0,0.0,0.0,0.0,0.0,0.0,0.0,0.0,3.6326887607574463,31.527416229248047,10.058304786682129,35.14810562133789,45.618465423583984,1.0,0.324339896440506,0.34324488043785095,2.7306790351867676,0.37507808208465576,0.1438661366701126,0.0,0.0,0.8565206527709961,0.7366043925285339,0.14000393318539583,,0.35404470562934875,0.5185531973838806,,0.12877562642097473,,,,,,,0.35612693428993225,0.5135709643363953,,0.13030211627483368,,,,,,,,,,,,,,,,,,,,,,,,,,,,,,,,,,,,,,,,,,,,,,
63,9.935477085911616e-06,9.935477085911616e-05,1.0,46.18649704391892,7.51069434913429,74.70943306587837,3.7234138282569678,3.7234138282569678,3.7234138282569678,0.0,0.0,0.324683885316591,3.328967944995777,0.14541468749175201,2.1184906830658785,0.05689952824566815,0.00755948231026933,0.0,1.14110482705606,0.0,0.0,0.0,0.0,0.0,0.0,0.0,0.0,3.3793747425079346,30.37395477294922,12.520204544067383,32.729644775390625,42.93836212158203,1.0,0.2986551523208618,0.4180285632610321,2.382720947265625,0.37576088309288025,0.13638056814670563,0.0,0.0,0.9132981896400452,0.805894672870636,0.11759961640977273,,0.3546324372291565,0.5205163955688477,,0.12544433772563934,,,,,,,0.35650160908699036,0.5156604647636414,,0.1278379261493683,,,,,,,,,,,,,,,,,,,,,,,,,,,,,,,,,,,,,,,,,,,,,,
64,9.932977481859705e-06,9.932977481859704e-05,1.0,48.32681191934122,8.15120387721706,78.26732078758445,3.7443517736486487,3.7443517736486487,3.7443517736486487,0.0,0.0,0.32478043839738174,3.385961996542441,0.1441750784178038,2.1597512734902873,0.05717616467862516,0.006907466295603159,0.0,1.1524614901156038,0.0,0.0,0.0,0.0,0.0,0.0,0.0,0.0,3.2458128929138184,31.077634811401367,12.468960762023926,35.04526901245117,43.359737396240234,1.0,0.3237270712852478,0.4436594247817993,3.076536178588867,0.3759000599384308,0.1437137871980667,0.0,0.0,0.903509259223938,0.7068356275558472,0.21767749434800707,,0.35474473237991333,0.5207867622375488,,0.12550680339336395,,,,,,,0.35661840438842773,0.5170972943305969,,0.12628431618213654,,,,,,,,,,,,,,,,,,,,,,,,,,,,,,,,,,,,,,,,,,,,,,
65,9.930430720276543e-06,9.930430720276542e-05,1.0,44.0198413745777,7.856449436497044,69.9479782516892,3.7495018211570947,3.7495018211570947,3.7495018211570947,0.0,0.0,0.3216985238564981,3.3670530576963684,0.1424230498236579,2.156003591176626,0.05793664262101457,0.008742549129434535,0.0,1.1628233419882286,0.0,0.0,0.0,0.0,0.0,0.0,0.0,0.0,2.8797223567962646,32.396202087402344,16.680795669555664,34.23344802856445,43.10641860961914,1.0,0.330386757850647,0.4342188239097595,2.9126851558685303,0.37497463822364807,0.14351218938827515,0.0,0.0,0.4368906617164612,0.4368365705013275,0.0001238095017209862,,0.3542121350765228,0.5170072913169861,,0.1299833208322525,,,,,,,0.35658198595046997,0.5133014917373657,,0.1301165223121643,,,,,,144.00561850411552,231.45772034940504,0.4145819439203531,-39.29029569521055,144.0056188149924,216.3584585750714,272.2374325512495,312.327602130344,130.94583347865515,90.05267499583636,297.29579693338144,0.3324452267921364,0.32287270645979615,0.05747920930160738,0.03818688012669852,0.0,0.31887644682303096,0.264893258351535,-0.001447863590398565,0.0,0.0,0.0,0.0,0.0,1.0260301457198306,0.7224726100179546,0.8513246125096186,0.9253966509105566,0.2224726100179546,0.051324612509618506,-0.024603349089443394,0.0,0.0,0.5384615384615384,0.46153846153846156,0.978021978021978,1.7019173489822137,1.6794698952318547,1.6630059257968441,-7.997956275939941,0.00033609243109822273
66,9.92783682680799e-06,9.92783682680799e-05,1.0,40.644036370354726,7.343228726773648,63.79340424408784,3.7250659014727616,3.7250659014727616,3.7250659014727616,0.0,0.0,0.3234099826297244,3.3094878325591215,0.14280757388553103,2.122279811549831,0.056803033158585835,0.009230070822947734,0.0,1.1705335668615393,0.0,0.0,0.0,0.0,0.0,0.0,0.0,0.0,3.5045957565307617,29.82830810546875,13.299089431762695,31.169906616210938,43.44450378417969,1.0,0.28390470147132874,0.3003382384777069,2.8300909996032715,0.3764471411705017,0.133824422955513,0.0,0.0,0.7763482332229614,0.7422493100166321,0.0439222010782066,,0.3545728027820587,0.5255680084228516,,0.12071476131677628,,,,,,,0.3560117483139038,0.523672342300415,,0.12031592428684235,,,,,,,,,,,,,,,,,,,,,,,,,,,,,,,,,,,,,,,,,,,,,,
67,9.925195827574523e-06,9.925195827574523e-05,1.0,44.794238941089525,7.632163382865287,71.7551467483108,3.7351635082347974,3.7351635082347974,3.7351635082347974,0.0,0.0,0.3234121992781356,3.3708510527739652,0.14443535418123812,2.1286155082084037,0.058257392934850744,0.009863744716386538,0.0,1.175312970135663,0.0,0.0,0.0,0.0,0.0,0.0,0.0,0.0,2.5583229064941406,33.17295837402344,20.602052688598633,34.97688674926758,42.521080017089844,1.0,0.29159650206565857,0.35166215896606445,2.6990957260131836,0.3757828176021576,0.1325514018535614,0.0,0.0,0.5074034333229065,0.47855937480926514,0.056846399963725286,,0.35571929812431335,0.5150356888771057,,0.12984740734100342,,,,,,,0.35718411207199097,0.5125681161880493,,0.13024777173995972,,,,,,,,,,,,,,,,,,,,,,,,,,,,,,,,,,,,,,,,,,,,,,
68,9.922507749170978e-06,9.922507749170979e-05,1.0,46.539610166807435,7.93976489917652,74.88601272170608,3.769432274070946,3.769432274070946,3.769432274070946,0.0,0.0,0.32395569053856105,3.3277200234902873,0.14424947790197423,2.134842125145165,0.056827738478377056,0.010104364640003926,0.0,1.168732823552312,0.0,0.0,0.0,0.0,0.0,0.0,0.0,0.0,3.369553327560425,30.777156829833984,12.569208145141602,33.70270538330078,42.10786056518555,1.0000020265579224,0.28273600339889526,0.25,2.675929307937622,0.3768729269504547,0.13418400287628174,0.00010121457489878542,0.0,1.0874038934707642,1.092319130897522,-0.0045201580169714215,,0.3558945655822754,0.5218035578727722,,0.1228082999587059,,,,,,,0.35676783323287964,0.5200933218002319,,0.12313883006572723,,,,,,,,,,,,,,,,,,,,,,,,,,,,,,,,,,,,,,,,,,,,,,
69,9.919772618666274e-06,9.919772618666273e-05,1.0,41.94951567778716,7.510076574377112,66.26241817989865,3.71791241620038,3.71791241620038,3.71791241620038,0.0,0.0,0.3209572353878537,3.2991052576013513,0.14457421689420133,2.1058821807036527,0.05761346301516971,0.010662688596828564,0.0,1.1802511472959776,0.0,0.0,0.0,0.0,0.0,0.0,0.0,0.0,3.688075542449951,29.324682235717773,8.878154754638672,34.09998321533203,41.21284866333008,0.9999998807907104,0.29799818992614746,0.49238723516464233,2.8475613594055176,0.37641364336013794,0.1376914083957672,0.0,0.0,1.24111008644104,1.2021164894104004,0.03141832256190601,,0.35392072796821594,0.5289016962051392,,0.11735024303197861,,,,,,,0.3559497594833374,0.5251423716545105,,0.1189078688621521,,,,,,,,,,,,,,,,,,,,,,,,,,,,,,,,,,,,,,,,,,,,,,
70,9.916990463603144e-06,9.916990463603143e-05,1.0,43.821447423986484,7.422097695840372,70.0672508445946,3.7135055129592485,3.7135055129592485,3.7135055129592485,0.0,0.0,0.322680782627415,3.363462087270376,0.1427520416878365,2.1295803173168286,0.05587200860719423,0.009500887748357412,0.0,1.1937484741210938,0.0,0.0,0.0,0.0,0.0,0.0,0.0,0.0,3.798527479171753,27.973752975463867,10.52249813079834,31.04838752746582,39.94485855102539,1.0,0.3072623312473297,0.31642305850982666,2.599555730819702,0.3767105042934418,0.14140121638774872,0.0,0.0,1.2017850875854492,1.058586597442627,0.1191548236220235,,0.3541894257068634,0.5296367406845093,,0.11618804931640625,,,,,,,0.35586443543434143,0.5267467498779297,,0.11738881468772888,,,,,,140.40298139131986,231.67260114385581,0.3710591065553386,-61.59562092036991,140.40298192132715,208.35076363876342,262.93000437391777,302.20224577213645,107.81677791050502,80.63470825668453,312.9727783203125,0.2951448657635442,0.3382305093609289,0.06232010119753577,0.05865374339633679,0.0,0.3355491312386076,0.26958864294140905,0.031575324093229946,0.0,0.0,0.0,0.0,0.0,1.0101564880885319,0.7357736982888131,0.8544025502913049,0.9312410684841157,0.23577369828881312,0.05440255029130481,-0.01875893151588426,0.0,0.0,0.521978021978022,0.47802197802197804,0.9304029304029303,1.680066895353925,1.6593311350424211,1.6424472882197454,-7.99641227722168,0.0003366116725374013
71,9.914161311997858e-06,9.914161311997857e-05,1.0,44.87197463576858,7.276212125211148,72.33104149070945,3.706051388302365,3.706051388302365,3.706051388302365,0.0,0.0,0.3234104723543734,3.3341027337151603,0.14303371068593618,2.1437782081397803,0.057665670240247574,0.012196743810499037,0.0,1.2008140151565139,0.0,0.0,0.0,0.0,0.0,0.0,0.0,0.0,2.9568960666656494,31.41004180908203,18.463956832885742,33.63694763183594,41.13242721557617,1.0,0.3404039144515991,0.2743943929672241,2.831789970397949,0.3756360113620758,0.1471887230873108,0.0,0.0,0.7844359874725342,0.7582587003707886,0.03337083907393038,,0.3545505702495575,0.5200973749160767,,0.12582673132419586,,,,,,,0.35663893818855286,0.5177604556083679,,0.12560060620307922,,,,,,,,,,,,,,,,,,,,,,,,,,,,,,,,,,,,,,,,,,,,,,
72,9.911285192339942e-06,9.911285192339942e-05,1.0,42.146355706292226,7.778267525337838,66.32374366554055,3.7462867530616553,3.7462867530616553,3.7462867530616553,0.0,0.0,0.3219476132779508,3.290298668113915,0.14265123573509422,2.123153480323585,0.05849741600655221,0.01194633503217955,0.0,1.201809651142842,0.0,0.0,0.0,0.0,0.0,0.0,0.0,0.0,3.343043088912964,30.21930694580078,12.643072128295898,33.24506378173828,42.10786056518555,1.000004529953003,0.3432539701461792,0.25,2.4567253589630127,0.3763006031513214,0.1511119306087494,0.00010121457489878542,0.0,0.901661217212677,0.8838859796524048,0.019713876144325203,,0.35426998138427734,0.5263358354568481,,0.11943472176790237,,,,,,,0.3565039038658142,0.5218470692634583,,0.12164899706840515,,,,,,,,,,,,,,,,,,,,,,,,,,,,,,,,,,,,,,,,,,,,,,
73,9.90836213359189e-06,9.90836213359189e-05,1.0,41.388691670185814,7.75577771985853,64.79672323690879,3.7741484770903715,3.7741484770903715,3.7741484770903715,0.0,0.0,0.32306397927773967,3.2560569144584037,0.14308522198651288,2.1030745635161527,0.05780685914529336,0.013190895318984985,0.0,1.1947017360377956,0.0,0.0,0.0,0.0,0.0,0.0,0.0,0.0,3.4949495792388916,28.762895584106445,12.254085540771484,31.230844497680664,41.78017044067383,1.0000020265579224,0.27781713008880615,0.25,2.987729787826538,0.3774201273918152,0.13316865265369415,0.00020242914979757084,0.0,2.18426251411438,1.1682592630386353,0.46514704368659104,,0.3547954261302948,0.5315237045288086,,0.11352383345365524,,,,,,,0.35638782382011414,0.5290144085884094,,0.11459779739379883,,,,,,,,,,,,,,,,,,,,,,,,,,,,,,,,,,,,,,,,,,,,,,
74,9.90539216518887e-06,9.90539216518887e-05,1.0,42.71473817567568,7.2076127335831925,68.13864548141892,3.703657820418074,3.703657820418074,3.703657820418074,0.0,0.0,0.3224096813717404,3.26590481319943,0.1419439444670806,2.0902281065244934,0.05762447537602605,0.012230424462137995,0.0,1.2135804666055214,0.0,0.0,0.0,0.0,0.0,0.0,0.0,0.0,3.240892171859741,29.900142669677734,15.131775856018066,32.22222137451172,40.25815200805664,1.0000008344650269,0.3408970236778259,0.25,2.6910059452056885,0.3764927387237549,0.15014062821865082,0.00010121457489878542,0.0,1.6199251413345337,1.3213361501693726,0.1843227094550655,,0.354306697845459,0.5276488065719604,,0.1175275444984436,,,,,,,0.35652440786361694,0.5236076712608337,,0.11986790597438812,,,,,,,,,,,,,,,,,,,,,,,,,,,,,,,,,,,,,,,,,,,,,,
75,9.90237531703843e-06,9.90237531703843e-05,1.0,45.54517921241554,7.415396200644003,73.5609031883446,3.7116979650548987,3.7116979650548987,3.7116979650548987,0.0,0.0,0.32118106532741236,3.2675704956054688,0.14121363614056562,2.120795997413429,0.060013822607091954,0.013662267375636744,0.0,1.217763849206873,0.0,0.0,0.0,0.0,0.0,0.0,0.0,0.0,3.1598362922668457,29.453105926513672,14.101613998413086,31.59898567199707,40.415714263916016,1.0000039339065552,0.3450842797756195,0.25,2.8185200691223145,0.3766442537307739,0.1511736363172531,0.00010121457489878542,0.0,0.9432119727134705,0.8894603252410889,0.05698787656156089,,0.3542253077030182,0.5290176868438721,,0.11665657162666321,,,,,,,0.35677099227905273,0.5240168571472168,,0.11921221017837524,,,,,,129.33515710097092,209.3183112751039,0.3563568070077239,-39.70886094229562,129.3351572351701,193.0768966691938,246.62743069922422,287.8772389993893,105.02826636178153,80.25754760032477,270.6647192913553,0.2912131603518797,0.3529287858571873,0.06965621627415935,0.06291340282222703,0.0,0.34810187269269677,0.2914959089636107,0.028003969247663924,0.0,0.0,0.0,0.0,0.0,0.9867645239715886,0.7321644498186215,0.8590377780220586,0.9347587116631857,0.2321644498186215,0.05903777802205856,-0.015241288336814263,0.0,0.0,0.5659340659340659,0.4340659340659341,0.8956043956043956,1.628133088022798,1.607260104719099,1.5891739336343913,-7.995494842529297,0.00033692060969769955
76,9.8993116195202e-06,9.8993116195202e-05,1.0,41.361377612964525,7.151650918496622,65.45233319256756,3.7066823598500847,3.7066823598500847,3.7066823598500847,0.0,0.0,0.3194590645867425,3.2887589738175675,0.14027398341410868,2.1365443049250423,0.060645986247707055,0.01554319987425933,0.0,1.224504109975454,0.0,0.0,0.0,0.0,0.0,0.0,0.0,0.0,3.313561201095581,28.483640670776367,12.111320495605469,30.596906661987305,39.789127349853516,1.0000038146972656,0.3088529109954834,0.25,2.836379289627075,0.3773263096809387,0.14156045019626617,0.00010121457489878542,0.0,1.7509346008300781,1.688920021057129,0.03541798748139966,,0.35457152128219604,0.5320091843605042,,0.11332058161497116,,,,,,,0.3563481569290161,0.5299776792526245,,0.11367412656545639,,,,,,,,,,,,,,,,,,,,,,,,,,,,,,,,,,,,,,,,,,,,,,
77,9.896201103485577e-06,9.896201103485577e-05,1.0,46.592469911317565,7.38380225929054,75.67192118876689,3.7054332011454814,3.7054332011454814,3.7054332011454814,0.0,0.0,0.32219051670383764,3.298925863729941,0.139407441422746,2.147695592931799,0.061702199884363124,0.0157065166009439,0.0,1.2320698918523014,0.0,0.0,0.0,0.0,0.0,0.0,0.0,0.0,3.0940961837768555,29.953956604003906,15.734557151794434,32.28521728515625,39.63400650024414,1.0000276565551758,0.3194127082824707,0.25,2.7918519973754883,0.37701401114463806,0.14382575452327728,0.0005060728744939271,0.0,1.5070050954818726,1.5412571430206299,-0.02272855456258763,,0.3549209535121918,0.5280722379684448,,0.11667453497648239,,,,,,,0.3566945791244507,0.524693489074707,,0.11861196905374527,,,,,,,,,,,,,,,,,,,,,,,,,,,,,,,,,,,,,,,,,,,,,,
78,9.893043800257426e-06,9.893043800257425e-05,1.0,39.09330460831926,7.264426566459037,60.7909034522804,3.7297618969066724,3.7297618969066724,3.7297618969066724,0.0,0.0,0.3215148771131361,3.223883345320418,0.140614754444844,2.1185403772302576,0.058246838079916465,0.012872334267642047,0.0,1.2304127667401288,0.0,0.0,0.0,0.0,0.0,0.0,0.0,0.0,3.7351677417755127,28.8657169342041,9.599574089050293,33.31005859375,41.943695068359375,1.0000693798065186,0.2605816125869751,0.25,3.1215362548828125,0.37819620966911316,0.13148924708366394,0.0016194331983805667,0.0,1.1277680397033691,1.0488653182983398,0.06996360831947557,,0.35484641790390015,0.5366196036338806,,0.10868390649557114,,,,,,,0.35591721534729004,0.5347203016281128,,0.10936250537633896,,,,,,,,,,,,,,,,,,,,,,,,,,,,,,,,,,,,,,,,,,,,,,
79,9.889839741629753e-06,9.889839741629753e-05,1.0,40.79175134607264,7.16119384765625,64.2508445945946,3.7435315106366134,3.7435315106366134,3.7435315106366134,0.0,0.0,0.3219122500032992,3.2535623086465373,0.14090746802252693,2.118902051771009,0.057758447286244984,0.011645967895920211,0.0,1.2408621504500106,0.0,0.0,0.0,0.0,0.0,0.0,0.0,0.0,3.234778642654419,29.244508743286133,14.04937744140625,31.909082412719727,40.17959976196289,1.0000003576278687,0.32596173882484436,0.25,2.8990368843078613,0.37781664729118347,0.1482318490743637,0.00010121457489878542,0.0,0.9905921220779419,0.8413918614387512,0.15061724933388002,,0.35443344712257385,0.5361040830612183,,0.109583280980587,,,,,,,0.3563253879547119,0.5333560705184937,,0.11031851917505264,,,,,,,,,,,,,,,,,,,,,,,,,,,,,,,,,,,,,,,,,,,,,,
80,9.886588959867394e-06,9.886588959867394e-05,1.0,39.73247466216216,7.12784803235853,62.26272170608108,3.697564614785684,3.697564614785684,3.697564614785684,0.0,0.0,0.32051890605204814,3.241696950551626,0.13804416398744326,2.1186150215767525,0.05812342102463181,0.013203645074689711,0.0,1.2489596186457455,0.0,0.0,0.0,0.0,0.0,0.0,0.0,0.0,2.871534824371338,29.47477149963379,15.734557151794434,31.35308074951172,39.3255729675293,1.0,0.27921977639198303,0.3296276926994324,2.513293504714966,0.3779629170894623,0.1332773119211197,0.0,0.0,0.6490131616592407,0.5815627574920654,0.1039276368367235,,0.35485079884529114,0.5349454283714294,,0.11040650308132172,,,,,,,0.3567557632923126,0.5327824354171753,,0.11046178638935089,,,,,,123.38489656133966,196.71007403351365,0.3339267047230187,-39.06409863063267,123.38489691864719,182.81748719567466,235.4478019686865,276.8539374989687,96.00243050711495,75.99757950065671,260.4423131528108,0.29255933761203506,0.3640483711177541,0.07760123243328672,0.07940803546735653,0.0,0.3567243924926739,0.29400717461432324,0.019579156661315322,0.0,0.0,0.0,0.0,0.0,0.9647797060419506,0.7382287200908725,0.8631600161225312,0.9396504342090799,0.23822872009087248,0.06316001612253119,-0.010349565790920057,0.0,0.0,0.5384615384615384,0.46153846153846156,0.8690476190476188,1.5911760896771818,1.570343621812024,1.5517433413437434,-7.995156764984131,0.00033703449298627675
81,9.883291487705685e-06,9.883291487705685e-05,1.0,42.69441511824324,7.390182907516892,67.80746542440879,3.7397168133709884,3.7397168133709884,3.7397168133709884,0.0,0.0,0.3223793699934676,3.2890987911739864,0.14008802980990023,2.1366744170317777,0.06079575822160051,0.015316104566728746,0.0,1.256504265037743,0.0,0.0,0.0,0.0,0.0,0.0,0.0,0.0,3.5231752395629883,26.92273712158203,10.37961483001709,28.94028091430664,38.640342712402344,1.0,0.3551912009716034,0.25125449895858765,2.7718496322631836,0.37705564498901367,0.15580207109451294,0.0,0.0,0.7144302129745483,0.6315668225288391,0.1159852830141455,,0.3526012599468231,0.540401816368103,,0.10660284012556076,,,,,,,0.3557273745536804,0.5364425778388977,,0.10783005505800247,,,,,,,,,,,,,,,,,,,,,,,,,,,,,,,,,,,,,,,,,,,,,,
82,9.879947358350133e-06,9.879947358350133e-05,1.0,41.145580394847975,7.460900384026605,64.70564558699324,3.7115462019636825,3.7115462019636825,3.7115462019636825,0.0,0.0,0.32155882345663533,3.269357629724451,0.14085883063239021,2.1323122591585726,0.0601657467919427,0.016281624098081846,0.0,1.2607577555888407,0.0,0.0,0.0,0.0,0.0,0.0,0.0,0.0,3.1572630405426025,27.980018615722656,14.81014633178711,29.858943939208984,37.16005325317383,1.0000419616699219,0.308805912733078,0.25,2.3663017749786377,0.37820640206336975,0.14198219776153564,0.0004048582995951417,0.0,1.4932177066802979,1.4442341327667236,0.03280404035823675,,0.35535627603530884,0.5341067910194397,,0.11047916859388351,,,,,,,0.3569227457046509,0.5324575901031494,,0.11061970889568329,,,,,,,,,,,,,,,,,,,,,,,,,,,,,,,,,,,,,,,,,,,,,,
83,9.876556605476086e-06,9.876556605476085e-05,1.0,42.800989099451016,7.351070919552365,68.12953969594595,3.7097464896537162,3.7097464896537162,3.7097464896537162,0.0,0.0,0.32062118117873734,3.2661097758525126,0.1415070714177312,2.129239881360853,0.06204128909755398,0.02072149676245612,0.0,1.265467154013144,0.0,0.0,0.0,0.0,0.0,0.0,0.0,0.0,3.0785484313964844,27.782140731811523,15.04337215423584,29.511075973510742,37.671592712402344,1.0000203847885132,0.2614904046058655,0.25,2.493582248687744,0.378645122051239,0.13047851622104645,0.0003036437246963563,0.0,1.110698938369751,1.0930862426757812,0.015857308479848814,,0.35536089539527893,0.5373730659484863,,0.10644952207803726,,,,,,,0.3564668893814087,0.5358034372329712,,0.1077297106385231,,,,,,,,,,,,,,,,,,,,,,,,,,,,,,,,,,,,,,,,,,,,,,
84,9.873119263228384e-06,9.873119263228384e-05,1.0,45.49490273965372,7.886920825855152,72.97526261613176,3.7080956536370353,3.7080956536370353,3.7080956536370353,0.0,0.0,0.3241653700132628,3.2673661515519425,0.1408250782940839,2.1580882716823266,0.0592174143404574,0.013110559534382176,0.0,1.2576365084261507,0.0,0.0,0.0,0.0,0.0,0.0,0.0,0.0,3.540666103363037,27.010269165039062,9.693778991699219,29.91731834411621,38.041282653808594,1.0,0.29334425926208496,0.2717759907245636,2.799329996109009,0.3782455027103424,0.1391049027442932,0.0,0.0,1.2989047765731812,1.2859036922454834,0.010009266700825982,,0.35452383756637573,0.5389128923416138,,0.10572320222854614,,,,,,,0.3564579486846924,0.5368348360061646,,0.10670725256204605,,,,,,,,,,,,,,,,,,,,,,,,,,,,,,,,,,,,,,,,,,,,,,
85,9.869635366221029e-06,9.86963536622103e-05,1.0,39.462926916173984,7.110185777818835,61.6424659522804,3.75754485259185,3.75754485259185,3.75754485259185,0.0,0.0,0.3224198109394795,3.188997217126795,0.13938011994233002,2.1074690947661527,0.05839566926698427,0.012985240768741918,0.0,1.2693002030656144,0.0,0.0,0.0,0.0,0.0,0.0,0.0,0.0,2.942612886428833,28.23202133178711,14.076845169067383,30.388446807861328,37.7452392578125,1.0000001192092896,0.31185925006866455,0.4567309021949768,2.678922414779663,0.3780498802661896,0.1436367779970169,0.0,0.0,0.47868549823760986,0.49555468559265137,-0.035240648436498025,,0.3543583154678345,0.5384147763252258,,0.10632635653018951,,,,,,,0.35689765214920044,0.5347193479537964,,0.10838304460048676,,,,,,122.43774822780064,186.95603211216596,0.33878317241120637,-6.869448211166885,122.43774786297709,176.30930225394343,227.8720939673001,271.2046411108539,90.14777864728656,82.73251212659733,238.69873179560122,0.3218671880565763,0.3861345813051175,0.10483041194738217,0.10342809942299336,0.0,0.38558834601095887,0.35216343309607184,0.026926641962247665,0.0,0.0,0.0,0.0,0.0,0.9651432673325367,0.7235535524531896,0.8609065259609395,0.9386610970649665,0.22355355245318964,0.060906525960939484,-0.011338902935033479,0.0,0.0,0.6208791208791209,0.3791208791208791,0.8296703296703297,1.578588374040939,1.5580910719358003,1.5372359864004366,-7.9940690994262695,0.0003374012012500316
86,9.866104949536824e-06,9.866104949536824e-05,1.0,42.177130621832774,7.251901162637247,66.97235932221284,3.7122901710304053,3.7122901710304053,3.7122901710304053,0.0,0.0,0.32206762159192887,3.2798121684306376,0.14074770179954735,2.1232532810520484,0.06161118198085476,0.014431296168146906,0.0,1.2801107458166174,0.0,0.0,0.0,0.0,0.0,0.0,0.0,0.0,3.350717067718506,26.258407592773438,9.562149047851562,29.626577377319336,36.79893112182617,1.0000015497207642,0.3410338759422302,0.25,2.445929527282715,0.37809401750564575,0.15270453691482544,0.00020242914979757084,0.0,1.2254619598388672,0.7859799265861511,0.3586256021447638,,0.35321488976478577,0.5444863438606262,,0.10198342055082321,,,,,,,0.3563233017921448,0.5398144125938416,,0.10386227071285248,,,,,,,,,,,,,,,,,,,,,,,,,,,,,,,,,,,,,,,,,,,,,,
87,9.862528048727025e-06,9.862528048727025e-05,1.0,40.818431957347975,7.181008828652872,64.42487726984797,3.68534686114337,3.68534686114337,3.68534686114337,0.0,0.0,0.31915437853014145,3.203914333034206,0.13982276658754092,2.0991406827359587,0.05883484917718011,0.013790075843398636,0.0,1.2897554346033044,0.0,0.0,0.0,0.0,0.0,0.0,0.0,0.0,3.252814531326294,26.766775131225586,11.198956489562988,29.39602279663086,35.666744232177734,1.0000038146972656,0.32913079857826233,0.25,2.806210517883301,0.3781384825706482,0.14796599745750427,0.00010121457489878542,0.0,0.8312910795211792,0.6411054134368896,0.2287834800222274,,0.35391247272491455,0.5413771271705627,,0.10370039939880371,,,,,,,0.35679399967193604,0.5380486249923706,,0.10515740513801575,,,,,,,,,,,,,,,,,,,,,,,,,,,,,,,,,,,,,,,,,,,,,,
88,9.858904699810983e-06,9.858904699810983e-05,1.0,43.978561813766895,7.203669367609797,70.73682960304055,3.6566722972972974,3.6566722972972974,3.6566722972972974,0.0,0.0,0.32345784677041545,3.247149287043391,0.13977900066891233,2.140750163310283,0.06284445685309333,0.016210665573944915,0.0,1.290020092113598,0.0,0.0,0.0,0.0,0.0,0.0,0.0,0.0,2.9159021377563477,28.313495635986328,16.52191162109375,30.26997184753418,37.232704162597656,1.0000430345535278,0.2521331012248993,0.25,2.5332632064819336,0.3796728551387787,0.12877881526947021,0.000708502024291498,0.0,0.8586037158966064,0.8297193646430969,0.03364107412853055,,0.3565175235271454,0.5385764241218567,,0.10414214432239532,,,,,,,0.35753700137138367,0.5377270579338074,,0.10473596304655075,,,,,,,,,,,,,,,,,,,,,,,,,,,,,,,,,,,,,,,,,,,,,,
89,9.855234939275784e-06,9.855234939275784e-05,1.0,41.148688239020274,7.236278637035473,65.0220848289696,3.696615270666174,3.696615270666174,3.696615270666174,0.0,0.0,0.3207940539798221,3.1859780388909416,0.14037902935131177,2.082375397553315,0.057214717607240416,0.015323348947473475,0.0,1.2776608853726774,0.0,0.0,0.0,0.0,0.0,0.0,0.0,0.0,3.429192066192627,25.757753372192383,9.865684509277344,28.82745361328125,35.4583740234375,1.000030517578125,0.3404996395111084,0.25,2.7421064376831055,0.37881016731262207,0.1531706005334854,0.0005060728744939271,0.0,1.8425747156143188,1.6675796508789062,0.09497311737346228,,0.35415929555892944,0.5446008443832397,,0.10098608583211899,,,,,,,0.3566662669181824,0.5416224598884583,,0.10171126574277878,,,,,,,,,,,,,,,,,,,,,,,,,,,,,,,,,,,,,,,,,,,,,,
90,9.851518804075874e-06,9.851518804075873e-05,1.0,36.172181825380065,6.718012629328547,55.58350929054054,3.691697816591005,3.691697816591005,3.691697816591005,0.0,0.0,0.3201870016149572,3.196520624934016,0.14025099213058884,2.0919193577122046,0.060813768489940745,0.01935130841023213,0.0,1.2921029168206293,0.0,0.0,0.0,0.0,0.0,0.0,0.0,0.0,3.890444755554199,25.276927947998047,10.099641799926758,27.668996810913086,36.58394241333008,1.0001344680786133,0.320597767829895,0.25,2.761279821395874,0.3785969614982605,0.1480003297328949,0.0019230769230769232,0.0,2.0305798053741455,1.9926069974899292,0.018700475491639005,,0.3539522588253021,0.5443012118339539,,0.10104749351739883,,,,,,,0.35578858852386475,0.5428736209869385,,0.10133776068687439,,,,,,124.01081864912432,179.58370271507368,0.36233075188421904,21.196231548602764,124.01081961163848,171.50561479141155,222.09919817180622,266.64426132520805,96.44520350864956,93.1669403785883,214.70254914656928,0.3278456998653597,0.40645981202329234,0.13366377124171677,0.137714939694771,0.0,0.40987929770021564,0.39032400842870646,0.04518527762948298,0.0,0.0,0.0,0.0,0.0,0.9588793713001152,0.7160419185812172,0.8609248470191638,0.9393939393939394,0.21604191858121724,0.060924847019163786,-0.010606060606060508,5.496317467296911e-05,0.0,0.6483516483516484,0.3516483516483517,0.8360805860805862,1.5632927493079678,1.5422638484409876,1.5207186505034729,-7.993486404418945,0.0003375978267285973
91,9.847756331632695e-06,9.847756331632693e-05,1.0,39.86685098184122,6.990260768581081,62.631868929476354,3.7198271880278715,3.7198271880278715,3.7198271880278715,0.0,0.0,0.3200492085637273,3.200304804621516,0.13974625355488546,2.1221214500633447,0.05957982346818254,0.01492779963725322,0.0,1.308811600143845,0.0,0.0,0.0,0.0,0.0,0.0,0.0,0.0,3.1758694648742676,25.724573135375977,9.487736701965332,28.659034729003906,36.08717346191406,1.0,0.31519725918769836,0.3034753203392029,2.496655225753784,0.3795984387397766,0.1467055380344391,0.0,0.0,0.9072585105895996,0.8115053176879883,0.10554124517320235,,0.35498157143592834,0.5458736419677734,,0.09888256341218948,,,,,,,0.3571091592311859,0.5438095927238464,,0.09908127784729004,,,,,,,,,,,,,,,,,,,,,,,,,,,,,,,,,,,,,,,,,,,,,,
92,9.843947559834298e-06,9.843947559834297e-05,1.0,40.37969145903716,7.273517505542652,63.44510794974662,3.685798026419975,3.685798026419975,3.685798026419975,0.0,0.0,0.31828955057505015,3.2065169875686235,0.1408322050764754,2.111651033968539,0.060079052641585064,0.016277643474372657,0.0,1.304601308461782,0.0,0.0,0.0,0.0,0.0,0.0,0.0,0.0,3.127180814743042,25.989484786987305,12.35019588470459,27.995149612426758,35.258079528808594,1.000009536743164,0.32498103380203247,0.25,2.6817898750305176,0.3795100152492523,0.1489449292421341,0.00020242914979757084,0.0,0.985466480255127,0.8427837491035461,0.14478699581404508,,0.35522791743278503,0.5441138744354248,,0.09990238398313522,,,,,,,0.357271671295166,0.5426459312438965,,0.10008230060338974,,,,,,,,,,,,,,,,,,,,,,,,,,,,,,,,,,,,,,,,,,,,,,
93,9.840092527034976e-06,9.840092527034975e-05,1.0,40.9083350929054,7.214679614917652,64.54622175886824,3.6936987799567147,3.6936987799567147,3.6936987799567147,0.0,0.0,0.3203512397972313,3.1949215450802364,0.14157099337191195,2.11693676097973,0.05961287343824232,0.01739106307158599,0.0,1.3012299408783783,0.0,0.0,0.0,0.0,0.0,0.0,0.0,0.0,3.7974853515625,24.486175537109375,9.017966270446777,26.55709457397461,34.84052658081055,1.0000554323196411,0.33502015471458435,0.25,2.7159407138824463,0.37919360399246216,0.15357477962970734,0.0010121457489878543,0.0,1.6579127311706543,1.5770307779312134,0.04878541054590375,,0.3542519509792328,0.5470964312553406,,0.09737399965524673,,,,,,,0.3561244308948517,0.5454075336456299,,0.09846806526184082,,,,,,,,,,,,,,,,,,,,,,,,,,,,,,,,,,,,,,,,,,,,,,
94,9.836191272054868e-06,9.836191272054868e-05,1.0,38.80561127533784,7.3149397566511825,60.152284364442565,3.7413276466163428,3.7413276466163428,3.7413276466163428,0.0,0.0,0.32116526526373784,3.183726336504962,0.14070402609335408,2.1115885554133236,0.05785909214535275,0.018621227225741825,0.0,1.3046394554344383,0.0,0.0,0.0,0.0,0.0,0.0,0.0,0.0,3.3412563800811768,26.670001983642578,14.29852294921875,28.94028091430664,34.09998321533203,1.000115990638733,0.31055164337158203,0.25,2.706096887588501,0.37907087802886963,0.14446307718753815,0.0011133603238866396,0.0,1.934983253479004,1.912563681602478,0.011586442330297484,,0.3548318147659302,0.543205738067627,,0.10077406466007233,,,,,,,0.3563760221004486,0.5427826046943665,,0.10084135830402374,,,,,,,,,,,,,,,,,,,,,,,,,,,,,,,,,,,,,,,,,,,,,,
95,9.832243834179566e-06,9.832243834179565e-05,1.0,37.1280616554054,6.674931706608953,57.544222445101354,3.693705378351985,3.693705378351985,3.693705378351985,0.0,0.0,0.3222352105218011,3.1602758459142737,0.14134935430578283,2.0947146029085726,0.05965902354266193,0.01784034033079405,0.0,1.3203338416847024,0.0,0.0,0.0,0.0,0.0,0.0,0.0,0.0,3.1114678382873535,26.21303367614746,10.038679122924805,29.22428321838379,35.59715270996094,1.0000046491622925,0.2420330047607422,0.25,2.4942431449890137,0.38042181730270386,0.1309802085161209,0.00020242914979757084,0.0,1.3010883331298828,1.06269109249115,0.18322909718608213,,0.35502198338508606,0.5514749884605408,,0.09312252700328827,,,,,,,0.35607796907424927,0.5500432848930359,,0.09387876093387604,,,,,,136.16970408093798,190.27078066388722,0.40107438164963577,49.23105577322153,136.1697041414753,179.73435831615365,227.9215527782845,274.0877754568619,92.06040518624442,109.96276349799578,216.37536554751188,0.4163107159931993,0.41930040132533647,0.157373688211345,0.16654260922781405,0.0,0.42862896923852445,0.42426402581194467,0.06446557028488376,0.0,0.0,0.0,0.0,0.0,0.9684241554026436,0.7022095196218534,0.857077424792056,0.9368106701843099,0.2022095196218534,0.05707742479205591,-0.013189329815690098,0.0001465684657945843,0.0,0.6813186813186813,0.31868131868131866,0.8260073260073258,1.5947820540967879,1.5736634917966612,1.5522383611935835,-7.991861343383789,0.0003381467831786722
96,9.828250253159725e-06,9.828250253159726e-05,1.0,36.502246753589525,6.712401518950591,56.22685942778716,3.710065274625211,3.710065274625211,3.710065274625211,0.0,0.0,0.31989424937480204,3.1494986044394,0.13899662687971787,2.0938155715529985,0.06194649515925227,0.018622680290325266,0.0,1.3255285314611487,0.0,0.0,0.0,0.0,0.0,0.0,0.0,0.0,3.9168593883514404,24.754234313964844,8.25920295715332,28.436010360717773,35.182430267333984,1.000236988067627,0.3278571367263794,0.25,2.984173536300659,0.3797890245914459,0.15218490362167358,0.0025303643724696357,0.0,1.8985028266906738,1.7822647094726562,0.061226201817479016,,0.3542560636997223,0.5511119961738586,,0.0938611701130867,,,,,,,0.35584020614624023,0.5494941473007202,,0.09466564655303955,,,,,,,,,,,,,,,,,,,,,,,,,,,,,,,,,,,,,,,,,,,,,,
97,9.824210569210664e-06,9.824210569210665e-05,1.0,35.84727684227196,6.665197836386191,54.9277244774071,3.732780662742821,3.732780662742821,3.732780662742821,0.0,0.0,0.3216291891561972,3.143489528346706,0.13913862125293627,2.0812971785261825,0.058278721732062264,0.015547546180518897,0.0,1.3376983436378274,0.0,0.0,0.0,0.0,0.0,0.0,0.0,0.0,3.4649147987365723,24.776988983154297,9.767902374267578,26.922672271728516,34.5019416809082,1.0000808238983154,0.2771257758140564,0.25,2.9065663814544678,0.38010933995246887,0.13755027949810028,0.0010121457489878543,0.0,2.804126024246216,2.0361320972442627,0.27387996130038395,,0.3553188443183899,0.5479247570037842,,0.09572556614875793,,,,,,,0.3559873104095459,0.5487889051437378,,0.09522373974323273,,,,,,,,,,,,,,,,,,,,,,,,,,,,,,,,,,,,,,,,,,,,,,
98,9.820124823011957e-06,9.820124823011956e-05,1.0,37.277389938766895,6.906676833694045,57.51052444045608,3.7332400760135136,3.7332400760135136,3.7332400760135136,0.0,0.0,0.3217995102341111,3.184973433211043,0.1397971333684148,2.1126040896853886,0.06264227145426982,0.020113131484469852,0.0,1.3362908234467377,0.0,0.0,0.0,0.0,0.0,0.0,0.0,0.0,3.4886603355407715,22.846460342407227,9.710836410522461,24.94808006286621,31.660762786865234,1.0000001192092896,0.29151949286460876,0.2575618624687195,2.443930149078369,0.37980788946151733,0.14255446195602417,0.0,0.0,1.1361103057861328,1.1246042251586914,0.010127608709155895,,0.3538620173931122,0.5536134839057922,,0.0905785858631134,,,,,,,0.35562679171562195,0.5522363185882568,,0.09213686734437943,,,,,,,,,,,,,,,,,,,,,,,,,,,,,,,,,,,,,,,,,,,,,,
99,9.815993055707015e-06,9.815993055707015e-05,1.0,35.463101773648646,6.674760973131335,54.22596864442568,3.6753700874947213,3.6753700874947213,3.6753700874947213,0.0,0.0,0.3211204683458483,3.190909926955764,0.14070090732058962,2.117093060467694,0.06197068497941301,0.0213589249430476,0.0,1.3388731672957137,0.0,0.0,0.0,0.0,0.0,0.0,0.0,0.0,3.766960859298706,24.080337524414062,10.835334777832031,26.35042381286621,32.79363250732422,1.0002806186676025,0.3018379807472229,0.25,2.9428963661193848,0.3803136646747589,0.1455390751361847,0.0029352226720647774,0.0,3.036266565322876,2.9705395698547363,0.021647307327625976,,0.355339914560318,0.5492014288902283,,0.09460094571113586,,,,,,,0.356158971786499,0.5485033392906189,,0.09533771127462387,,,,,,,,,,,,,,,,,,,,,,,,,,,,,,,,,,,,,,,,,,,,,,
100,9.811815308902698e-06,9.811815308902698e-05,1.0,40.526060362119935,7.24322509765625,63.701231260557435,3.723897160710515,3.723897160710515,3.723897160710515,0.0,0.0,0.3206021076924092,3.1750607877164274,0.14105660206562765,2.103477065627639,0.05936685768333641,0.017276333796011435,0.0,1.3508896698822845,0.0,0.0,0.0,0.0,0.0,0.0,0.0,0.0,4.203882694244385,21.813091278076172,5.816185474395752,24.99685287475586,32.03396987915039,1.0001665353775024,0.2739592492580414,0.25,2.645369291305542,0.3804470896720886,0.14020678400993347,0.0025303643724696357,0.0,3.165367841720581,2.9052352905273438,0.0821808283273133,,0.3546445071697235,0.5538787245750427,,0.09012436121702194,,,,,,,0.35557591915130615,0.5538017153739929,,0.09062238037586212,,,,,,117.9309750022469,176.4793585794131,0.308414646812839,-9.091091176965735,117.93097215799959,167.82204412858377,217.64040523798406,262.3038183376256,65.90755299159459,82.07549989685532,226.39880636463994,0.4592162594547725,0.4225783314048868,0.12420583352692806,0.13981085886052205,0.0,0.4166496550004349,0.38611648999311526,0.06793565983808153,0.0,0.0,0.0,0.0,0.0,0.938456018240315,0.7349492506687186,0.8662562749624418,0.9479681946429226,0.23494925066871863,0.0662562749624418,-0.0020318053570773653,0.0002931369315891686,0.0,0.6098901098901099,0.3901098901098901,0.7692307692307693,1.5805431705909772,1.5585574560113005,1.536238825255698,-7.991210460662842,0.00033836692455224693
101,9.807591624668865e-06,9.807591624668864e-05,1.0,36.70602499472128,6.810313869167018,56.48909285261824,3.7342587032833614,3.7342587032833614,3.7342587032833614,0.0,0.0,0.3206260268752639,3.1513290405273438,0.14086243912980362,2.0876334937843115,0.05961989712070774,0.017631377722765948,0.0,1.3484864106049408,0.0,0.0,0.0,0.0,0.0,0.0,0.0,0.0,2.9710865020751953,22.879074096679688,11.049042701721191,24.561296463012695,30.447856903076172,1.0000096559524536,0.3319913148880005,0.25,2.5198471546173096,0.380117267370224,0.1530396193265915,0.00020242914979757084,0.0,1.2458314895629883,1.2197901010513306,0.020902817700323574,,0.35472214221954346,0.5510973334312439,,0.09306018054485321,,,,,,,0.35658058524131775,0.5497310161590576,,0.09368832409381866,,,,,,,,,,,,,,,,,,,,,,,,,,,,,,,,,,,,,,,,,,,,,,
102,9.803322045537968e-06,9.803322045537969e-05,1.0,43.0350902660473,7.057272421347128,68.98696157094595,3.6858347299936653,3.6858347299936653,3.6858347299936653,0.0,0.0,0.32204960487984324,3.1498693517736487,0.14037384858002533,2.109134983372044,0.05980489060685441,0.01848629841933379,0.0,1.3518455092971389,0.0,0.0,0.0,0.0,0.0,0.0,0.0,0.0,3.050832986831665,22.82504653930664,11.198956489562988,24.46554183959961,30.74665641784668,1.0000308752059937,0.26281818747520447,0.25,2.604682207107544,0.38060495257377625,0.13477514684200287,0.0004048582995951417,0.0,1.4478957653045654,1.4241538047790527,0.016397561961595048,,0.3550828695297241,0.5526747107505798,,0.09103512018918991,,,,,,,0.35638904571533203,0.5518101453781128,,0.09180083125829697,,,,,,,,,,,,,,,,,,,,,,,,,,,,,,,,,,,,,,,,,,,,,,
103,9.799006614504628e-06,9.799006614504627e-05,1.0,37.817442198057435,6.99504295555321,58.470168654983105,3.7565311741184546,3.7565311741184546,3.7565311741184546,0.0,0.0,0.32158565521240234,3.1489649592219173,0.14100613465180267,2.1157599784232475,0.05910469390250541,0.019466237441913503,0.0,1.359773893614073,0.0,0.0,0.0,0.0,0.0,0.0,0.0,0.0,3.6373543739318848,22.391347885131836,8.05213737487793,24.80232810974121,31.909082412719727,1.0000743865966797,0.3498605489730835,0.25,2.6263110637664795,0.37999197840690613,0.16079926490783691,0.0015182186234817814,0.0,1.928239345550537,1.8761818408966064,0.026997428910500516,,0.35373881459236145,0.55518639087677,,0.09041184931993484,,,,,,,0.3553684949874878,0.5540038347244263,,0.09062769263982773,,,,,,,,,,,,,,,,,,,,,,,,,,,,,,,,,,,,,,,,,,,,,,
104,9.79464537502518e-06,9.794645375025178e-05,1.0,38.92869774070946,6.8320939347550675,60.92399308488176,3.73686713141364,3.73686713141364,3.73686713141364,0.0,0.0,0.32056220802100927,3.122330330513619,0.1416270668442185,2.069420891839105,0.06000457583247004,0.019597404711955303,0.0,1.3610256298168286,0.0,0.0,0.0,0.0,0.0,0.0,0.0,0.0,4.95141077041626,19.175230026245117,5.363356113433838,20.92648696899414,29.975807189941406,1.00032377243042,0.30443525314331055,0.25,2.4524457454681396,0.3807898461818695,0.1506424844264984,0.008704453441295546,0.0,3.4692821502685547,3.232966899871826,0.06811646910253048,,0.3538690507411957,0.5602225065231323,,0.08484158664941788,,,,,,,0.35452502965927124,0.5606014728546143,,0.08487345278263092,,,,,,,,,,,,,,,,,,,,,,,,,,,,,,,,,,,,,,,,,,,,,,
105,9.79023837101726e-06,9.79023837101726e-05,1.0,37.63428064294764,7.489867339263091,57.61881730363176,3.746323869035051,3.746323869035051,3.746323869035051,0.0,0.0,0.3218905990188186,3.1828320477459884,0.14146848627038905,2.1035337705869934,0.0594189875834697,0.0214670670999063,0.0,1.3664527068266998,0.0,0.0,0.0,0.0,0.0,0.0,0.0,0.0,3.684044361114502,19.835712432861328,6.76602840423584,21.887977600097656,29.05354881286621,1.0000206232070923,0.2697274386882782,0.25,2.690155267715454,0.3805573582649231,0.14048807322978973,0.0005060728744939271,0.0,2.166057586669922,1.7680433988571167,0.18375051072612927,,0.3533697724342346,0.5611475706100464,,0.0845259353518486,,,,,,,0.35452699661254883,0.5601354241371155,,0.0853375494480133,,,,,,119.35983242831388,183.5657382651408,0.2969276065737804,-44.45483976930053,119.35983387249368,168.10938000745443,219.9119996449454,262.79818641457075,54.54396275111607,76.6494069653888,248.9980057426121,0.4910696521925665,0.40204038937674097,0.11152297608077835,0.13521963639791096,0.0,0.3915078991444597,0.3249643033569203,0.049505541311802875,0.0,0.0,0.0,0.0,0.0,0.9323159115405253,0.7472060386207907,0.8681983071342201,0.950771316551244,0.2472060386207907,0.06819830713422004,0.0007713165512440723,0.0005679528049540142,0.0,0.5274725274725275,0.4725274725274725,0.728021978021978,1.5831231844949198,1.5632664197748833,1.542294244844835,-7.989486217498779,0.000338950747391209
106,9.78578564685935e-06,9.785785646859351e-05,1.0,42.18264688027872,7.348813443570523,66.90013988597973,3.7242456384607263,3.7242456384607263,3.7242456384607263,0.0,0.0,0.3215863511369035,3.1733897441142314,0.142800691965464,2.1050817128774284,0.06267364605053051,0.022926090536890802,0.0,1.3676825858451225,0.0,0.0,0.0,0.0,0.0,0.0,0.0,0.0,3.607741355895996,20.872108459472656,9.842597007751465,22.276126861572266,28.380523681640625,1.0001662969589233,0.2711919844150543,0.25,2.264815092086792,0.3805040717124939,0.13873453438282013,0.002327935222672065,0.0,2.111177682876587,1.7505605220794678,0.17081326868980537,,0.3545205891132355,0.5549160838127136,,0.08922749757766724,,,,,,,0.35522061586380005,0.555435836315155,,0.08934357017278671,,,,,,,,,,,,,,,,,,,,,,,,,,,,,,,,,,,,,,,,,,,,,,
107,9.781287247390335e-06,9.781287247390335e-05,1.0,36.9473975929054,6.807443567224451,57.011019320101354,3.7130856900601774,3.7130856900601774,3.7130856900601774,0.0,0.0,0.3211241283932248,3.1319165616422087,0.14052869178153374,2.1090170370565877,0.061677687876933326,0.022056942050521437,0.0,1.3627270878972233,0.0,0.0,0.0,0.0,0.0,0.0,0.0,0.0,3.3155293464660645,21.39545440673828,10.667348861694336,22.98324966430664,28.547304153442383,1.0001698732376099,0.3116571605205536,0.25,2.5624003410339355,0.38003572821617126,0.1484554558992386,0.0018218623481781376,0.0,2.057058811187744,2.0360350608825684,0.010220296177646318,,0.35448166728019714,0.5519283413887024,,0.0919051468372345,,,,,,,0.35540571808815,0.5519038438796997,,0.09269048273563385,,,,,,,,,,,,,,,,,,,,,,,,,,,,,,,,,,,,,,,,,,,,,,
108,9.776743217909046e-06,9.776743217909046e-05,1.0,41.83259871199324,7.053613611169763,66.52526525548987,3.71982141443201,3.71982141443201,3.71982141443201,0.0,0.0,0.3228756672627217,3.113844175596495,0.1410173209937843,2.114151413376267,0.06063081122733451,0.02256107169228631,0.0,1.3698296418061127,0.0,0.0,0.0,0.0,0.0,0.0,0.0,0.0,3.7534689903259277,19.592416763305664,7.910288333892822,21.29758644104004,27.77728843688965,1.0001219511032104,0.27451393008232117,0.25,2.753493547439575,0.3803393244743347,0.14235085248947144,0.0015182186234817814,0.0,1.6712396144866943,1.5547298192977905,0.0697145963864007,,0.3531249463558197,0.5608585476875305,,0.08515994250774384,,,,,,,0.35388100147247314,0.5611942410469055,,0.08492472767829895,,,,,,,,,,,,,,,,,,,,,,,,,,,,,,,,,,,,,,,,,,,,,,
109,9.772153604173808e-06,9.772153604173808e-05,1.0,37.9743553367821,6.702777347049198,59.16703177787162,3.7302167737806164,3.7302167737806164,3.7302167737806164,0.0,0.0,0.3218944394910658,3.0954160948057434,0.13945708403716217,2.0665285265123523,0.05955706415949641,0.021067068383500382,0.0,1.3803350087758657,0.0,0.0,0.0,0.0,0.0,0.0,0.0,0.0,3.1829681396484375,19.979162216186523,8.58486557006836,21.506589889526367,28.380523681640625,1.0000059604644775,0.3428174555301666,0.25,2.324366807937622,0.379423588514328,0.15760868787765503,0.00010121457489878542,0.0,1.184390664100647,1.0927619934082031,0.0773635536565302,,0.35239139199256897,0.5584580898284912,,0.08748957514762878,,,,,,,0.3549487888813019,0.5557266473770142,,0.08932457864284515,,,,,,,,,,,,,,,,,,,,,,,,,,,,,,,,,,,,,,,,,,,,,,
110,9.767518452401981e-06,9.76751845240198e-05,1.0,35.24819863809122,6.56876971270587,53.941221494932435,3.691516773120777,3.691516773120777,3.691516773120777,0.0,0.0,0.32143340239653717,3.0596950634105786,0.1412352742375554,2.064571071315456,0.06007920084772883,0.01861256522101325,0.0,1.3832697481722445,0.0,0.0,0.0,0.0,0.0,0.0,0.0,0.0,3.5764312744140625,19.535308837890625,8.843542098999023,20.844900131225586,27.29328155517578,1.0001884698867798,0.2862774133682251,0.25,2.5861141681671143,0.380520761013031,0.1456136256456375,0.0016194331983805667,0.0,1.5106078386306763,1.4089946746826172,0.0672664084943241,,0.3531656563282013,0.561771035194397,,0.08474484831094742,,,,,,,0.3539442718029022,0.5620088577270508,,0.08404684066772461,,,,,,134.19685386825392,199.9816353194821,0.3553640509236091,36.084959197830365,134.19685448818,180.85276219854197,229.07268408455747,275.55921762856514,58.31234359741211,105.51702106091403,226.172723521357,0.6075985240225069,0.45203357960120716,0.1465532850908882,0.16377914001249597,0.0,0.45927471337540016,0.4524875966819405,0.1508210272854302,0.0,0.0,0.0,0.0,0.0,0.9477002918553463,0.7209886043017845,0.8605034626800044,0.9458246308306768,0.22098860430178446,0.060503462680004394,-0.004175369169323151,0.001538968890843135,0.0,0.6813186813186813,0.31868131868131866,0.750915750915751,1.6407404466644748,1.6224588863142244,1.6022582856508403,-7.989620685577393,0.0003389051998965442
111,9.762837809269491e-06,9.762837809269491e-05,1.0,38.252896695523646,7.011059735272382,59.42907384923986,3.7183755410684123,3.7183755410684123,3.7183755410684123,0.0,0.0,0.32071170291385137,3.0883153966955237,0.1406287502598118,2.100866987898543,0.06072255727407094,0.018890216543867782,0.0,1.3800847852552258,0.0,0.0,0.0,0.0,0.0,0.0,0.0,0.0,3.324920415878296,19.721296310424805,8.791875839233398,20.763633728027344,28.2147159576416,1.000095248222351,0.27380746603012085,0.25,2.6602749824523926,0.38045573234558105,0.1409352570772171,0.0012145748987854252,0.0,1.4884096384048462,1.4066858291625977,0.05490679926652002,,0.35340404510498047,0.5603728890419006,,0.08485011756420135,,,,,,,0.35415634512901306,0.5608665943145752,,0.08497704565525055,,,,,,,,,,,,,,,,,,,,,,,,,,,,,,,,,,,,,,,,,,,,,,
112,9.758111721910364e-06,9.758111721910365e-05,1.0,34.953431825380065,6.694127675649282,53.164029508023646,3.7247269089157515,3.7247269089157515,3.7247269089157515,0.0,0.0,0.31845141745902394,3.062950340477196,0.14343523334812475,2.056877754830025,0.058480533393653666,0.02036751766462584,0.0,1.3959112425108213,0.0,0.0,0.0,0.0,0.0,0.0,0.0,0.0,3.2444703578948975,19.1713924407959,9.750744819641113,20.401838302612305,25.489871978759766,1.0001628398895264,0.26847559213638306,0.25,2.5500950813293457,0.38040071725845337,0.1390678435564041,0.0015182186234817814,0.0,1.470794916152954,1.5016870498657227,-0.021003699002149632,,0.35324811935424805,0.5606323480606079,,0.08533065766096115,,,,,,,0.35397130250930786,0.5612351298332214,,0.08479355275630951,,,,,,,,,,,,,,,,,,,,,,,,,,,,,,,,,,,,,,,,,,,,,,
113,9.753340237916249e-06,9.753340237916249e-05,1.0,38.032886402027025,7.095451561180321,58.913514833192565,3.7211006783150338,3.7211006783150338,3.7211006783150338,0.0,0.0,0.32229248253074855,3.072131801295925,0.14295567692937078,2.0768383129222974,0.06019554911433039,0.02069449102556383,0.0,1.3773327389278927,0.0,0.0,0.0,0.0,0.0,0.0,0.0,0.0,3.252727508544922,19.184429168701172,8.947787284851074,20.28264617919922,26.609012603759766,1.0001717805862427,0.24480701982975006,0.25,2.579223871231079,0.3812088668346405,0.1339012086391449,0.0018218623481781376,0.0,1.0242193937301636,1.0284473896026611,-0.004128017784450827,,0.3547911047935486,0.558406412601471,,0.08565893024206161,,,,,,,0.3551690876483917,0.5586751699447632,,0.08615570515394211,,,,,,,,,,,,,,,,,,,,,,,,,,,,,,,,,,,,,,,,,,,,,,
114,9.748523405335934e-06,9.748523405335933e-05,1.0,41.1969093116554,7.577211947054477,64.71348448057432,3.7352476377744934,3.7352476377744934,3.7352476377744934,0.0,0.0,0.3188856227977856,3.1072897008947424,0.14242035633808858,2.0903722402211784,0.06004642151497506,0.024446503536121267,0.0,1.3880827620222762,0.0,0.0,0.0,0.0,0.0,0.0,0.0,0.0,2.858048915863037,18.75507926940918,10.099641799926758,19.581974029541016,25.539705276489258,1.0000267028808594,0.28747662901878357,0.25,2.5098464488983154,0.38099852204322815,0.1449260413646698,0.0004048582995951417,0.0,1.5339195728302002,1.368931770324707,0.10755961748442776,,0.35412049293518066,0.5603470802307129,,0.08459819108247757,,,,,,,0.3551124930381775,0.5599091053009033,,0.0849783718585968,,,,,,,,,,,,,,,,,,,,,,,,,,,,,,,,,,,,,,,,,,,,,,
115,9.743661272674867e-06,9.743661272674867e-05,1.0,34.91948638091216,6.718823819547086,53.16465965477196,3.674883455843539,3.674883455843539,3.674883455843539,0.0,0.0,0.32014398317079285,3.039568514437289,0.13880033750791806,2.087323369206609,0.06233325520077267,0.02031610140929351,0.0,1.3864070789234058,0.0,0.0,0.0,0.0,0.0,0.0,0.0,0.0,3.1517457962036133,17.602760314941406,7.503952980041504,18.721778869628906,25.001720428466797,1.0000032186508179,0.29102399945259094,0.25,2.5280158519744873,0.38081926107406616,0.14748753607273102,0.00010121457489878542,0.0,1.101402997970581,1.0030019283294678,0.08934156691276922,,0.35306474566459656,0.5646584630012512,,0.08098869025707245,,,,,,,0.3543534278869629,0.5638184547424316,,0.08182810246944427,,,,,,137.81978967687587,203.9569282456371,0.36180649144026106,40.46993859259637,137.81978891562815,183.25271683607107,231.60807110133368,279.5316526056014,48.76651109967913,108.78743483669074,232.7881967295771,0.6729247922836833,0.45660315045295585,0.1412145713214406,0.15943997874090693,0.0,0.4624890071454938,0.45092967710634996,0.1595081446125421,0.0,0.0,0.0,0.0,0.0,0.934957545930434,0.7265948481184273,0.8648455534791689,0.9478399472353524,0.22659484811842734,0.06484555347916887,-0.002160052764647591,0.002436700743834964,0.0,0.6758241758241759,0.3241758241758242,0.7454212454212455,1.6560654260300018,1.638413892014996,1.618510555435013,-7.988626003265381,0.0003392424259800464
116,9.738753888894675e-06,9.738753888894675e-05,1.0,35.997034021326016,6.725781414959882,55.161301071579395,3.7584042935758024,3.7584042935758024,3.7584042935758024,0.0,0.0,0.3221359510679503,3.0188210977090373,0.1395294730727737,2.066607294855891,0.058459481677493534,0.024435529837737214,0.0,1.4017086544552364,0.0,0.0,0.0,0.0,0.0,0.0,0.0,0.0,2.4782333374023438,18.24774169921875,10.667348861694336,18.68524932861328,24.705631256103516,1.0,0.26412177085876465,0.39282897114753723,2.5153257846832275,0.3807523846626282,0.1391928344964981,0.0,0.0,0.4516431987285614,0.45733487606048584,-0.01260215441735269,,0.3530537784099579,0.5641608834266663,,0.08180291205644608,,,,,,,0.354190856218338,0.5633832216262817,,0.08242595195770264,,,,,,,,,,,,,,,,,,,,,,,,,,,,,,,,,,,,,,,,,,,,,,
117,9.733801303412658e-06,9.733801303412658e-05,1.0,34.774842958192565,6.79592936747783,52.669225744298984,3.7507674758498735,3.7507674758498735,3.7507674758498735,0.0,0.0,0.32089315878378377,3.004265450142525,0.13926808898513382,2.062562066155511,0.05995747849747941,0.02249585132341127,0.0,1.408202197100665,0.0,0.0,0.0,0.0,0.0,0.0,0.0,0.0,2.9016332626342773,18.028108596801758,8.605003356933594,19.016605377197266,24.850818634033203,1.0000057220458984,0.304316908121109,0.25,2.5442657470703125,0.3798080384731293,0.14947929978370667,0.00010121457489878542,0.0,0.7223175764083862,0.7248401045799255,-0.0034922702339353177,,0.3515773117542267,0.5654281973838806,,0.08113846927881241,,,,,,,0.3532763421535492,0.56480872631073,,0.08191493898630142,,,,,,,,,,,,,,,,,,,,,,,,,,,,,,,,,,,,,,,,,,,,,,
118,9.728803566101293e-06,9.728803566101293e-05,1.0,34.5203956397804,6.596529161607897,52.3919116870777,3.7470443313186235,3.7470443313186235,3.7470443313186235,0.0,0.0,0.31992832390037745,2.9732531985721073,0.14129271378388275,2.0304225199931376,0.060808484618728224,0.020508922435141897,0.0,1.4163934862291492,0.0,0.0,0.0,0.0,0.0,0.0,0.0,0.0,4.141692638397217,17.700092315673828,6.819760322570801,19.016605377197266,24.51337242126465,1.000467300415039,0.29878267645835876,0.25,2.5443243980407715,0.3802514374256134,0.15105818212032318,0.005364372469635627,0.0,2.2043142318725586,2.2073559761047363,-0.0013799050009280125,,0.35195475816726685,0.5662270784378052,,0.08124274760484695,,,,,,,0.3521549701690674,0.5671182870864868,,0.08072671294212341,,,,,,,,,,,,,,,,,,,,,,,,,,,,,,,,,,,,,,,,,,,,,,
119,9.723760727287744e-06,9.723760727287744e-05,1.0,34.8471778663429,6.627730910842483,53.039936787373314,3.715003761085304,3.715003761085304,3.715003761085304,0.0,0.0,0.32221508026123047,3.0105592882311023,0.13914360871186127,2.0803544328019425,0.06080771781302787,0.022572549613746436,0.0,1.4268649333232157,0.0,0.0,0.0,0.0,0.0,0.0,0.0,0.0,2.739609956741333,18.54557991027832,9.844513893127441,19.429584503173828,24.850818634033203,1.0000585317611694,0.3317403197288513,0.25,2.6463563442230225,0.3800055682659149,0.15783998370170593,0.000708502024291498,0.0,0.7602242827415466,0.7285810112953186,0.04162359998830212,,0.35180798172950745,0.5654376745223999,,0.08154980838298798,,,,,,,0.35340818762779236,0.5638446807861328,,0.08274713903665543,,,,,,,,,,,,,,,,,,,,,,,,,,,,,,,,,,,,,,,,,,,,,,
120,9.718672837753336e-06,9.718672837753336e-05,1.0,37.26290976034628,6.8670332625105575,57.63923933699324,3.7045535525760136,3.7045535525760136,3.7045535525760136,0.0,0.0,0.3203306971369563,3.0450216757284627,0.14348832981006518,2.082287968815984,0.06204614123782596,0.019400433914081472,0.0,1.4260651871964738,0.0,0.0,0.0,0.0,0.0,0.0,0.0,0.0,2.758012056350708,16.639713287353516,8.740511894226074,17.264171600341797,22.75989532470703,1.0000516176223755,0.2500627338886261,0.25,2.3254754543304443,0.38086703419685364,0.1380886286497116,0.0006072874493927126,0.0,0.5638837814331055,0.6236281991004944,-0.10595165109297704,,0.3521948456764221,0.5693737864494324,,0.07760147750377655,,,,,,,0.3530099391937256,0.569236695766449,,0.07775339484214783,,,,,,163.1117473225017,231.66245621461965,0.4678498273315968,100.29191312685117,163.11174748641827,205.14739199238522,251.31272771804151,300.07212222220664,75.26087079729352,139.27925961516624,243.31494405995244,0.6880005056361325,0.49004674463800557,0.17667076168953294,0.19604225542371123,0.0,0.5090181304559843,0.5292529820944395,0.24058527262482415,0.0,0.0,0.0,0.0,0.0,0.9589779270309123,0.6942032171778242,0.8510864387527024,0.9391191235205746,0.19420321717782418,0.05108643875270236,-0.010880876479425372,0.00307793778168627,0.0,0.7472527472527473,0.25274725274725274,0.7527472527472527,1.7289724428575117,1.7163061303096814,1.7002669828278678,-7.987511157989502,0.0003396207466721535
121,9.713539948733065e-06,9.713539948733066e-05,1.0,33.80309728673986,6.661443349477407,50.890526024070944,3.738414867504223,3.738414867504223,3.738414867504223,0.0,0.0,0.3193329733771247,2.9933003606023014,0.14018275286700274,2.051041061813767,0.06081963874198295,0.022733992821461445,0.0,1.4464514448836043,0.0,0.0,0.0,0.0,0.0,0.0,0.0,0.0,3.8008053302764893,15.952890396118164,5.74225378036499,16.94678497314453,23.345182418823242,1.0002483129501343,0.26851582527160645,0.25,2.5834782123565674,0.380073219537735,0.14349864423274994,0.0027327935222672063,0.0,3.5396456718444824,3.423938035964966,0.032689044782050806,,0.3511970043182373,0.569145143032074,,0.078214630484581,,,,,,,0.35141804814338684,0.5706923007965088,,0.07788959890604019,,,,,,,,,,,,,,,,,,,,,,,,,,,,,,,,,,,,,,,,,,,,,,
122,9.708362111915066e-06,9.708362111915065e-05,1.0,35.349398226351354,6.691293252480997,53.948506123310814,3.7352332037848397,3.7352332037848397,3.7352332037848397,0.0,0.0,0.32078328003754486,2.9960059088629647,0.1389999647398253,2.076358073466533,0.06054675901258314,0.02082301313812668,0.0,1.4420294890532623,0.0,0.0,0.0,0.0,0.0,0.0,0.0,0.0,2.492311716079712,16.638343811035156,9.865684509277344,17.11309242248535,22.10277557373047,1.000017762184143,0.24767203629016876,0.25,2.3439226150512695,0.38046807050704956,0.13814494013786316,0.00020242914979757084,0.0,0.4243432581424713,0.46545326709747314,-0.09687913774088837,,0.35111984610557556,0.5721114277839661,,0.07605896890163422,,,,,,,0.3519282937049866,0.5718241333961487,,0.07624755799770355,,,,,,,,,,,,,,,,,,,,,,,,,,,,,,,,,,,,,,,,,,,,,,
123,9.703139379440095e-06,9.703139379440095e-05,1.0,33.706358213682435,6.503381677576013,50.93317475190034,3.7045189110008447,3.7045189110008447,3.7045189110008447,0.0,0.0,0.3202140137955949,2.961612185916385,0.1422938398412756,2.057409750448691,0.05913557877411713,0.020889522256077948,0.0,1.4543199281434755,0.0,0.0,0.0,0.0,0.0,0.0,0.0,0.0,2.4834208488464355,16.327415466308594,9.358902931213379,16.6514949798584,22.450841903686523,1.0000135898590088,0.2750197649002075,0.25,2.487306594848633,0.3798312544822693,0.14547789096832275,0.00020242914979757084,0.0,0.8464973568916321,0.8333831429481506,0.015492327101454042,,0.34996137022972107,0.5737588405609131,,0.07516323029994965,,,,,,,0.35128507018089294,0.5721266269683838,,0.07658833265304565,,,,,,,,,,,,,,,,,,,,,,,,,,,,,,,,,,,,,,,,,,,,,,
124,9.697871803901013e-06,9.697871803901013e-05,1.0,35.173412426097975,6.803583093591638,53.505268818623314,3.738096082532728,3.738096082532728,3.738096082532728,0.0,0.0,0.3212867427516628,2.9554270151499153,0.1415301786886679,2.0478035179344385,0.059195305850054766,0.02397759379567327,0.0,1.4451520765149914,0.0,0.0,0.0,0.0,0.0,0.0,0.0,0.0,3.7655723094940186,15.580671310424805,7.316534519195557,16.425386428833008,21.590763092041016,1.0003747940063477,0.28654739260673523,0.25,2.2414193153381348,0.3795824646949768,0.1493981033563614,0.0036437246963562753,0.0,2.204951047897339,2.1256258487701416,0.035975945680446056,,0.34985747933387756,0.572411835193634,,0.07711571455001831,,,,,,,0.3499913513660431,0.5729483366012573,,0.07706031203269958,,,,,,,,,,,,,,,,,,,,,,,,,,,,,,,,,,,,,,,,,,,,,,
125,9.692559438342248e-06,9.692559438342247e-05,1.0,33.431445972339525,6.172860222893792,50.78408730996622,3.6822105613914697,3.6822105613914697,3.6822105613914697,0.0,0.0,0.31873058628391576,2.9103987410261825,0.13967186695820577,2.044109447582348,0.0604119687467008,0.023368915996036015,0.0,1.4562900646312817,0.0,0.0,0.0,0.0,0.0,0.0,0.0,0.0,3.8414864540100098,15.340086936950684,7.036929130554199,16.170734405517578,21.506589889526367,1.0002994537353516,0.3073195815086365,0.25,2.285586357116699,0.3792731761932373,0.15616099536418915,0.0033400809716599192,0.0,1.4675298929214478,1.4176385402679443,0.03399682207098588,,0.34885576367378235,0.5756440162658691,,0.0741237998008728,,,,,,,0.3492562770843506,0.5759167075157166,,0.07482702285051346,,,,,,115.67004457410876,171.37883296026902,0.306285790441843,-17.643023270827072,115.67004564416868,168.29968877238937,219.2183939628247,265.28749977217245,42.904715401785715,86.4208177078602,208.76803522524625,0.6732602306389636,0.42978317732413107,0.11472064975435375,0.14099364222714517,0.0,0.4247859485271305,0.3585441024653944,0.11127859359571317,0.0,0.0,0.0,0.0,0.0,0.904827831490804,0.7540031512220146,0.873584698252171,0.9560844234362976,0.25400315122201456,0.07358469825217095,0.00608442343629767,0.0027848008500971017,0.0,0.5714285714285714,0.42857142857142855,0.717948717948718,1.6027381043512743,1.5863461871068556,1.567360452570758,-7.988054275512695,0.00033943637390621006
126,9.687202336259257e-06,9.687202336259259e-05,1.0,41.01151749894426,7.284843651024071,64.76933329814189,3.69548900707348,3.69548900707348,3.69548900707348,0.0,0.0,0.3203356717083905,2.9734692960172087,0.1403850606969885,2.067388998495566,0.06153765240231076,0.018578761332743877,0.0,1.4600939364046663,0.0,0.0,0.0,0.0,0.0,0.0,0.0,0.0,2.989859104156494,14.466564178466797,6.914314270019531,15.04337215423584,20.164148330688477,1.000012993812561,0.2856963276863098,0.25,2.5050339698791504,0.3794207274913788,0.14894048869609833,0.0004048582995951417,0.0,0.9333045482635498,0.9255259037017822,0.008334519076586581,,0.34899118542671204,0.576066255569458,,0.07324810326099396,,,,,,,0.35017889738082886,0.5758365392684937,,0.0739845484495163,,,,,,,,,,,,,,,,,,,,,,,,,,,,,,,,,,,,,,,,,,,,,,
127,9.681800551598005e-06,9.681800551598005e-05,1.0,36.9558006492821,6.588504275760135,57.32681191934122,3.7170938027871623,3.7170938027871623,3.7170938027871623,0.0,0.0,0.3215379457216005,2.94093487713788,0.14070336883132523,2.0605046040303,0.06027751999932367,0.01726655863426827,0.0,1.4638632697028082,0.0,0.0,0.0,0.0,0.0,0.0,0.0,0.0,3.330576181411743,14.098089218139648,6.839768886566162,14.666219711303711,19.851533889770508,1.0002176761627197,0.2674495279788971,0.25,2.389052152633667,0.3799183666706085,0.14658169448375702,0.0025303643724696357,0.0,2.242887020111084,2.202792167663574,0.01787644767123579,,0.34950190782546997,0.5765969753265381,,0.07333844900131226,,,,,,,0.3500980734825134,0.5760716199874878,,0.07383028417825699,,,,,,,,,,,,,,,,,,,,,,,,,,,,,,,,,,,,,,,,,,,,,,
128,9.6763541387544e-06,9.6763541387544e-05,1.0,34.42049263619088,6.564719947608742,52.299497862119935,3.70382360509924,3.70382360509924,3.70382360509924,0.0,0.0,0.32127303046149175,2.949464952623522,0.1422145817730878,2.0625395903716215,0.06229812390095479,0.021505046535182645,0.0,1.4585142393369932,0.0,0.0,0.0,0.0,0.0,0.0,0.0,0.0,2.6267993450164795,14.00573444366455,7.161718845367432,14.29852294921875,19.73555564880371,1.0,0.2902773320674896,0.40990346670150757,2.1535162925720215,0.3791659474372864,0.15057075023651123,0.0,0.0,0.35977303981781006,0.35919705033302307,0.0016009801209080864,,0.34803101420402527,0.5790969729423523,,0.07174159586429596,,,,,,,0.34979724884033203,0.5776636004447937,,0.07253912836313248,,,,,,,,,,,,,,,,,,,,,,,,,,,,,,,,,,,,,,,,,,,,,,
129,9.670863152573759e-06,9.670863152573758e-05,1.0,37.75163970122466,6.839475477063978,58.583054001266895,3.7675323486328125,3.7675323486328125,3.7675323486328125,0.0,0.0,0.320772325670397,2.9231010643211572,0.1421228872763144,2.0395190264727616,0.05790053831564414,0.021849194088497677,0.0,1.46976460637273,0.0,0.0,0.0,0.0,0.0,0.0,0.0,0.0,2.832479953765869,13.737601280212402,7.287299156188965,13.858603477478027,19.585786819458008,1.0001057386398315,0.21912696957588196,0.25,2.3595588207244873,0.3798828721046448,0.13525517284870148,0.0013157894736842105,0.0,1.996143102645874,1.8963720798492432,0.04998189892517478,,0.3492082953453064,0.5779232978820801,,0.07211147993803024,,,,,,,0.34955254197120667,0.5779752731323242,,0.07247214019298553,,,,,,,,,,,,,,,,,,,,,,,,,,,,,,,,,,,,,,,,,,,,,,
130,9.665327648350252e-06,9.665327648350251e-05,1.0,36.209327491554056,6.79742060480891,55.69058145059122,3.69257622796136,3.69257622796136,3.69257622796136,0.0,0.0,0.32012975538099137,2.9100725328600086,0.13955040235777158,2.0447263975401184,0.06149417000847894,0.01904161395253362,0.0,1.4832454372096706,0.0,0.0,0.0,0.0,0.0,0.0,0.0,0.0,3.9596943855285645,12.353917121887207,4.377871036529541,12.729801177978516,18.612401962280273,1.0001707077026367,0.2543368339538574,0.25,2.5615146160125732,0.37956535816192627,0.14460711181163788,0.0025303643724696357,0.0,2.337057113647461,2.18106746673584,0.06674618519192584,,0.34823235869407654,0.5808946490287781,,0.06960450112819672,,,,,,,0.34862762689590454,0.582586407661438,,0.06878596544265747,,,,,,140.23926200447502,196.597399839762,0.40035656646537443,67.63908352694669,140.23925904922922,186.9287082777572,237.19127683907044,285.2705850035543,64.47733088902065,119.22170683395031,210.7087866741678,0.6940757602100704,0.47810082663293213,0.15067187103770782,0.17731175085532488,0.0,0.48642953565315333,0.4753077859715051,0.23013339420221926,0.0,0.0,0.0,0.0,0.0,0.9193212902338094,0.7237550840936573,0.8659448169726284,0.9510644534828332,0.2237550840936573,0.06594481697262833,0.0010644534828332386,0.004360411857388883,0.0,0.7087912087912088,0.29120879120879123,0.7564102564102565,1.6894006581751855,1.6742222869134211,1.656846129959756,-7.987154960632324,0.0003397417312953621
131,9.659747681826346e-06,9.659747681826346e-05,1.0,33.8370460304054,6.616478172508446,51.12791649070946,3.6972219106313347,3.6972219106313347,3.6972219106313347,0.0,0.0,0.3203884846455342,2.8948545713682434,0.14072358930433118,2.039683573954814,0.058670404795053845,0.021827340126037598,0.0,1.4768536541913007,0.0,0.0,0.0,0.0,0.0,0.0,0.0,0.0,3.7804267406463623,13.585721015930176,6.5011091232299805,13.96729850769043,20.04634666442871,1.0005885362625122,0.27503255009651184,0.25,2.5948331356048584,0.3798879384994507,0.1484912484884262,0.00597165991902834,0.0,2.470290422439575,2.3521134853363037,0.04783928886651471,,0.3496962785720825,0.5752337574958801,,0.07501713931560516,,,,,,,0.3493095636367798,0.5763230323791504,,0.07436743378639221,,,,,,,,,,,,,,,,,,,,,,,,,,,,,,,,,,,,,,,,,,,,,,
132,9.654123309192241e-06,9.654123309192241e-05,1.0,36.75344436233108,6.419410499366554,57.072925464527025,3.736825891443201,3.736825891443201,3.736825891443201,0.0,0.0,0.31968431215028503,2.893209715147276,0.14021995905283335,2.048535527409734,0.06018877673793484,0.024846449091627792,0.0,1.488254753318993,0.0,0.0,0.0,0.0,0.0,0.0,0.0,0.0,3.0077643394470215,12.705890655517578,6.53229284286499,13.069908142089844,17.867923736572266,1.0001634359359741,0.27927571535110474,0.25,2.3910446166992188,0.37949371337890625,0.14971581101417542,0.0018218623481781376,0.0,2.6262545585632324,2.61147403717041,0.005627985049898732,,0.34885191917419434,0.5770789980888367,,0.07316908240318298,,,,,,,0.34907370805740356,0.5779216289520264,,0.07300467044115067,,,,,,,,,,,,,,,,,,,,,,,,,,,,,,,,,,,,,,,,,,,,,,
133,9.648454587085307e-06,9.648454587085307e-05,1.0,36.224398226351354,6.679838850691512,55.72570470861486,3.7485545390361064,3.7485545390361064,3.7485545390361064,0.0,0.0,0.3213125435081688,2.9058044021194047,0.14063318355663404,2.0519248343802787,0.05776181092133393,0.019833511597401387,0.0,1.4989643612423458,0.0,0.0,0.0,0.0,0.0,0.0,0.0,0.0,3.3607444763183594,10.961274147033691,4.808150768280029,11.092287063598633,16.265764236450195,1.0001009702682495,0.25206002593040466,0.25,2.2525217533111572,0.3794878125190735,0.1457587629556656,0.001417004048582996,0.0,1.1900171041488647,1.0997918844223022,0.075818422619307,,0.3476859927177429,0.5831435918807983,,0.06803920865058899,,,,,,,0.3479498624801636,0.5835250616073608,,0.0685250461101532,,,,,,,,,,,,,,,,,,,,,,,,,,,,,,,,,,,,,,,,,,,,,,
134,9.642741572589514e-06,9.642741572589513e-05,1.0,36.28752837309966,6.953127474398227,55.54630753800676,3.7697667302312077,3.7697667302312077,3.7697667302312077,0.0,0.0,0.32032561946559596,2.8853320559939823,0.14152694392848658,2.044332555822424,0.05971717834472656,0.019763015411995554,0.0,1.4994025359282623,0.0,0.0,0.0,0.0,0.0,0.0,0.0,0.0,3.0816617012023926,11.450830459594727,5.107764720916748,11.534154891967773,17.34866714477539,1.0000910758972168,0.32556939125061035,0.25,2.416590452194214,0.3785461485385895,0.1613920032978058,0.0012145748987854252,0.0,1.821531891822815,1.7985855340957642,0.012597285740678556,,0.3470028340816498,0.5802285671234131,,0.07108835130929947,,,,,,,0.3478694558143616,0.5806025266647339,,0.07152801752090454,,,,,,,,,,,,,,,,,,,,,,,,,,,,,,,,,,,,,,,,,,,,,,
135,9.636984323234855e-06,9.636984323234853e-05,1.0,37.021339210304056,6.855399054449958,57.1592918602196,3.7532365128800675,3.7532365128800675,3.7532365128800675,0.0,0.0,0.3207928167807089,2.8532110678183065,0.138941275106894,2.038056450921136,0.060424875568699195,0.01993776978673162,0.0,1.5002785760003168,0.0,0.0,0.0,0.0,0.0,0.0,0.0,0.0,2.9648406505584717,9.638083457946777,4.486067771911621,9.506284713745117,14.52369213104248,1.0001415014266968,0.2567896842956543,0.25,2.252544403076172,0.37868592143058777,0.14748550951480865,0.002125506072874494,0.0,1.7962470054626465,1.854440689086914,-0.03239737265937935,,0.3461621403694153,0.5853120684623718,,0.06775860488414764,,,,,,,0.3466854691505432,0.5851871967315674,,0.06812727451324463,,,,,,191.2233325413295,267.2991027572672,0.5774579245291032,157.84887255155124,191.22333111757405,233.61148569349606,277.7941817615173,324.5820728546225,99.18836321149554,171.41321114236993,260.7831248407779,0.6949253902036244,0.5438765516177831,0.17514370070006424,0.20419414074015357,0.0,0.5645172870195897,0.6144740159998745,0.3762891487378147,0.0,0.0,0.0,0.0,0.0,0.9527743669179427,0.6824594188560331,0.8483566010772782,0.9431680773881499,0.18245941885603312,0.04835660107727813,-0.006831922611850061,0.006265801912718479,0.0,0.8076923076923077,0.19230769230769232,0.7728937728937728,1.8893304090578478,1.8754097180707114,1.8596071813787733,-7.986464023590088,0.0003399765118956566
136,9.631182896996762e-06,9.631182896996763e-05,1.0,34.06416609480574,6.618938136745143,51.62476905616554,3.679741524361275,3.679741524361275,3.679741524361275,0.0,0.0,0.3185380987218908,2.8531877672350086,0.13854122161865234,2.0480959093248523,0.06082170074050491,0.021424293518066406,0.0,1.5113373833733637,0.0,0.0,0.0,0.0,0.0,0.0,0.0,0.0,3.868436098098755,9.199283599853516,3.9581685066223145,8.930327415466309,14.495352745056152,1.0003012418746948,0.27562835812568665,0.25,2.2741949558258057,0.3790818452835083,0.1521400511264801,0.003036437246963563,0.0,19.760868072509766,19.649763107299805,0.005622473911686302,,0.34687525033950806,0.5843175053596497,,0.06831780076026917,,,,,,,0.3468259871006012,0.5848233699798584,,0.06835057586431503,,,,,,,,,,,,,,,,,,,,,,,,,,,,,,,,,,,,,,,,,,,,,,
137,9.625337352295538e-06,9.625337352295538e-05,1.0,34.912940772804056,6.487744717984586,53.339025548986484,3.7378123515361064,3.7378123515361064,3.7378123515361064,0.0,0.0,0.3217729104531778,2.840242540514147,0.13939318785796295,2.053015425398543,0.058714112719974,0.021194060106535215,0.0,1.5145696691564612,0.0,0.0,0.0,0.0,0.0,0.0,0.0,0.0,2.9053537845611572,8.912571907043457,3.814347267150879,8.554730415344238,14.187251091003418,1.0001612901687622,0.2743149697780609,0.25,2.376521110534668,0.3785626292228699,0.152618870139122,0.002327935222672065,0.0,5.2007951736450195,5.179530143737793,0.0040888035766120726,,0.34635043144226074,0.5835580825805664,,0.0690108984708786,,,,,,,0.34609758853912354,0.5847262740135193,,0.06917612254619598,,,,,,,,,,,,,,,,,,,,,,,,,,,,,,,,,,,,,,,,,,,,,,
138,9.619447747995754e-06,9.619447747995753e-05,1.0,34.47930083403716,6.761172732791385,52.17006044130068,3.765985024941934,3.765985024941934,3.765985024941934,0.0,0.0,0.3215102891664247,2.795081061285895,0.13955716829042178,2.031000704378695,0.05741580112560375,0.018152789489642995,0.0,1.5268740267366976,0.0,0.0,0.0,0.0,0.0,0.0,0.0,0.0,3.500162124633789,8.359661102294922,3.2852840423583984,8.067879676818848,13.406009674072266,1.0001235008239746,0.2736208438873291,0.25,2.607135772705078,0.3782026469707489,0.15505602955818176,0.002834008097165992,0.0,2.832392454147339,2.5715198516845703,0.09210326841564102,,0.344943106174469,0.5883280038833618,,0.06563577055931091,,,,,,,0.34466350078582764,0.5896916389465332,,0.06564489006996155,,,,,,,,,,,,,,,,,,,,,,,,,,,,,,,,,,,,,,,,,,,,,,
139,9.613514143405655e-06,9.613514143405655e-05,1.0,35.0067798511402,6.592166385135135,53.435619457347975,3.747281873548353,3.747281873548353,3.747281873548353,0.0,0.0,0.3201653506304767,2.7818028218037374,0.13818440566191803,2.0330738376926734,0.05878861530407055,0.02116748448964712,0.0,1.5233769803433805,0.0,0.0,0.0,0.0,0.0,0.0,0.0,0.0,3.2005820274353027,7.818806171417236,3.3007209300994873,7.54952335357666,12.302046775817871,1.0000218152999878,0.2885766923427582,0.25,2.7705838680267334,0.37819841504096985,0.1583949327468872,0.000708502024291498,0.0,1.5874638557434082,1.439559817314148,0.09317001952148189,,0.34456494450569153,0.5902690887451172,,0.06403239071369171,,,,,,,0.3447994589805603,0.5906574130058289,,0.06454314291477203,,,,,,,,,,,,,,,,,,,,,,,,,,,,,,,,,,,,,,,,,,,,,,
140,9.607536598276576e-06,9.607536598276576e-05,1.0,32.894904059332774,6.473520227380701,49.315449482685814,3.757467321447424,3.757467321447424,3.757467321447424,0.0,0.0,0.32110760663006754,2.774785840833509,0.13839051530167862,2.023199751570418,0.05854232246811326,0.018936590568439382,0.0,1.5370573095373206,0.0,0.0,0.0,0.0,0.0,0.0,0.0,0.0,3.2825112342834473,8.403416633605957,3.137596607208252,8.099455833435059,13.997330665588379,1.0001657009124756,0.2865440547466278,0.25,2.4481496810913086,0.37746039032936096,0.15704543888568878,0.0029352226720647774,0.0,3.225992202758789,3.224719524383545,0.00039450757945285093,,0.3441656231880188,0.5874026417732239,,0.06642544269561768,,,,,,,0.34404271841049194,0.5892238020896912,,0.06673350930213928,,,,,,132.04623471773587,182.93072124477956,0.3878339279945234,59.22130190671145,132.04623904749872,181.99356250747928,233.03683811633803,281.67643460468236,74.92489515032086,112.68878617397574,195.02363122027853,0.7080016285939135,0.482920609554014,0.14046148278212553,0.17134034302770965,0.0,0.4885843061553865,0.48001414994477287,0.24690118445749437,0.0,0.0,0.0,0.0,0.0,0.9046760079349231,0.7276208273789894,0.8686746546480525,0.9546187387783518,0.22762082737898937,0.06867465464805245,0.0046187387783518385,0.006485654611410355,0.0,0.6593406593406593,0.34065934065934067,0.7399267399267401,1.6750818418932485,1.661277575479759,1.6446498616056129,-7.986273288726807,0.0003400413552299142
141,9.60151517280233e-06,9.60151517280233e-05,1.0,33.055182379645274,6.736644435573268,49.36026908255912,3.7610395276868664,3.7610395276868664,3.7610395276868664,0.0,0.0,0.3221607723751584,2.7751772081529773,0.14081771953685865,2.0338301787505277,0.058396610053809916,0.01648019616668289,0.0,1.5410426371806376,0.0,0.0,0.0,0.0,0.0,0.0,0.0,0.0,3.015449285507202,7.66561222076416,3.125669002532959,7.403501987457275,12.422772407531738,1.0001975297927856,0.2520751953125,0.25,2.1696510314941406,0.37735700607299805,0.1508924961090088,0.0025303643724696357,0.0,1.1413322687149048,1.1173044443130493,0.02105243587733645,,0.343012273311615,0.5923107862472534,,0.06390201300382614,,,,,,,0.3428586423397064,0.5926295518875122,,0.06451185047626495,,,,,,,,,,,,,,,,,,,,,,,,,,,,,,,,,,,,,,,,,,,,,,
142,9.595449927618607e-06,9.595449927618606e-05,1.0,35.33460792335304,6.641314532305743,54.115174989442565,3.72674560546875,3.72674560546875,3.72674560546875,0.0,0.0,0.3212884181254619,2.7218931043470227,0.13963324314839132,2.006710774189717,0.05873236785063873,0.01899657861606495,0.0,1.5415358672270905,0.0,0.0,0.0,0.0,0.0,0.0,0.0,0.0,3.2040350437164307,6.993083953857422,2.5673418045043945,6.721245288848877,11.244980812072754,1.0002306699752808,0.2653423845767975,0.25,2.2789201736450195,0.37754276394844055,0.15575405955314636,0.003036437246963563,0.0,2.0946390628814697,2.081524133682251,0.0062611881118923305,,0.34317368268966675,0.5927473902702332,,0.06341350823640823,,,,,,,0.3426663279533386,0.593988299369812,,0.06334536522626877,,,,,,,,,,,,,,,,,,,,,,,,,,,,,,,,,,,,,,,,,,,,,,
143,9.589340923802355e-06,9.589340923802354e-05,1.0,36.618345518369935,7.013794770111909,56.28988729940878,3.7265839447846285,3.7265839447846285,3.7265839447846285,0.0,0.0,0.3198473904583905,2.762384981722445,0.1430882118843697,2.016343400285051,0.05839635230399467,0.022462949559495255,0.0,1.5474651439769849,0.0,0.0,0.0,0.0,0.0,0.0,0.0,0.0,3.1599907875061035,6.7810258865356445,2.5622074604034424,6.527190208435059,10.941666603088379,1.0002381801605225,0.25484466552734375,0.25,2.521217107772827,0.3772594928741455,0.1546122431755066,0.0033400809716599192,0.0,3.426856756210327,2.938441276550293,0.14252579387069575,,0.34227094054222107,0.5953676700592041,,0.061946894973516464,,,,,,,0.34155410528182983,0.596623420715332,,0.061822522431612015,,,,,,,,,,,,,,,,,,,,,,,,,,,,,,,,,,,,,,,,,,,,,,
144,9.583188222871176e-06,9.583188222871175e-05,1.0,35.095924171241556,6.586224530194257,53.6141357421875,3.762000831397804,3.762000831397804,3.762000831397804,0.0,0.0,0.3210345345574456,2.7283547891152873,0.14004514024064346,2.016936224860114,0.05911106032294196,0.018307967765911204,0.0,1.557265719851932,0.0,0.0,0.0,0.0,0.0,0.0,0.0,0.0,3.7034049034118652,6.709598064422607,1.9436171054840088,6.388453483581543,11.466768264770508,1.0003676414489746,0.27480077743530273,0.25,2.4758527278900146,0.3773985207080841,0.160660520195961,0.005566801619433198,0.0,2.966484546661377,2.381356716156006,0.19724620887167668,,0.3427045941352844,0.5941371917724609,,0.0625956654548645,,,,,,,0.3413032293319702,0.5969610214233398,,0.061735786497592926,,,,,,,,,,,,,,,,,,,,,,,,,,,,,,,,,,,,,,,,,,,,,,
145,9.5769918867827e-06,9.576991886782698e-05,1.0,34.663270692567565,6.538182439030828,52.857811180320944,3.737807815139358,3.737807815139358,3.737807815139358,0.0,0.0,0.3205097559336069,2.6998233279666386,0.14038146508706584,2.010931685164168,0.05922240179938239,0.02287146368542233,0.0,1.5594129820127745,0.0,0.0,0.0,0.0,0.0,0.0,0.0,0.0,2.497192144393921,6.297746181488037,2.288799524307251,5.960511684417725,10.545123100280762,1.0000324249267578,0.2950953245162964,0.25,2.5105834007263184,0.3758739233016968,0.16457897424697876,0.0010121457489878543,0.0,0.3875964283943176,0.39996057748794556,-0.03189954341129629,,0.339931458234787,0.597947359085083,,0.06106196343898773,,,,,,,0.3400213122367859,0.5988786220550537,,0.06110008805990219,,,,,,135.25599586570655,192.97575143425627,0.37160638832513393,53.907733204600575,135.2559993815492,185.55607472975385,235.3661115054034,282.87273144366617,53.47686658586775,112.52042105031568,211.45910578188688,0.7233517579530955,0.4864294852814598,0.11719760506151754,0.14759523877854389,0.0,0.4883642714706768,0.4841523122983732,0.2786324821280133,0.0,0.0,0.0,0.0,0.0,0.8911796719155487,0.7387050676047049,0.8747755670367521,0.9577149976182624,0.2387050676047049,0.07477556703675203,0.0077149976182624425,0.008592576307207504,0.0,0.6483516483516484,0.3516483516483517,0.7316849816849815,1.6861129652012836,1.6724282123230316,1.655748298207482,-7.98561429977417,0.0003402654838282615
146,9.570751977933964e-06,9.570751977933963e-05,1.0,33.0886890308277,6.698049596838049,49.39137061866554,3.8238475902660474,3.8238475902660474,3.8238475902660474,0.0,0.0,0.3222267563278611,2.664517376873944,0.14104721997235273,2.0039246017868453,0.059796359087969805,0.01652884161150133,0.0,1.5768782125936973,0.0,0.0,0.0,0.0,0.0,0.0,0.0,0.0,3.6608901023864746,5.449610233306885,2.035700559616089,4.982626438140869,9.358902931213379,1.0002449750900269,0.2621467411518097,0.25,2.3630924224853516,0.3757227957248688,0.15708522498607635,0.0029352226720647774,0.0,2.7540197372436523,2.5069918632507324,0.08969720538029136,,0.33917737007141113,0.6007282733917236,,0.05927310511469841,,,,,,,0.3389110863208771,0.6007176637649536,,0.06037125736474991,,,,,,,,,,,,,,,,,,,,,,,,,,,,,,,,,,,,,,,,,,,,,,
147,9.564468559160777e-06,9.564468559160776e-05,1.0,36.97079880173142,6.623560312631968,57.44851272170608,3.7037811279296875,3.7037811279296875,3.7037811279296875,0.0,0.0,0.3213703310167467,2.677451262602935,0.13840577409074112,2.045248289366026,0.061263612798742345,0.019602081260165653,0.0,1.5668487548828125,0.0,0.0,0.0,0.0,0.0,0.0,0.0,0.0,2.9606804847717285,5.178033351898193,1.767956256866455,4.632993221282959,9.322417259216309,1.000058650970459,0.29645317792892456,0.25,2.2386388778686523,0.375476211309433,0.16809193789958954,0.0012145748987854252,0.0,0.6556649804115295,0.7116031646728516,-0.0853151928690965,,0.33868202567100525,0.6017120480537415,,0.05825507640838623,,,,,,,0.3378954529762268,0.6037938594818115,,0.058310676366090775,,,,,,,,,,,,,,,,,,,,,,,,,,,,,,,,,,,,,,,,,,,,,,
148,9.5581416937371e-06,9.5581416937371e-05,1.0,37.680334142736484,6.690903534760347,58.70691247888514,3.753831605653505,3.753831605653505,3.753831605653505,0.0,0.0,0.32312153481148387,2.6688182933910474,0.13854057724411423,2.0345127002612964,0.05897601230724438,0.018133110291249043,0.0,1.5859919367609798,0.0,0.0,0.0,0.0,0.0,0.0,0.0,0.0,2.4926090240478516,5.324719429016113,1.6150964498519897,4.910170555114746,9.340641975402832,1.0000885725021362,0.30363717675209045,0.25,2.3106789588928223,0.3752533197402954,0.17246408760547638,0.0020242914979757085,0.0,0.4550330936908722,0.47502678632736206,-0.04393898578742194,,0.3381693363189697,0.6028277277946472,,0.05756920203566551,,,,,,,0.33771812915802,0.6038709878921509,,0.05841093510389328,,,,,,,,,,,,,,,,,,,,,,,,,,,,,,,,,,,,,,,,,,,,,,
149,9.551771445374397e-06,9.551771445374397e-05,1.0,34.97754236169764,6.539404791754645,53.52059029244088,3.7324342469911316,3.7324342469911316,3.7324342469911316,0.0,0.0,0.32197895565548457,2.6092250927074536,0.13795115496661212,2.02933069177576,0.059566143396738415,0.022714761463371484,0.0,1.5886237685744826,0.0,0.0,0.0,0.0,0.0,0.0,0.0,0.0,3.8234734535217285,4.67732048034668,1.5554999113082886,4.189650058746338,8.473244667053223,1.0003407001495361,0.2884008586406708,0.25,2.8879878520965576,0.37521660327911377,0.16600137948989868,0.004453441295546558,0.0,1.973293423652649,1.9224696159362793,0.025755828863146278,,0.3380780518054962,0.6028038859367371,,0.0585433691740036,,,,,,,0.3369693458080292,0.60530686378479,,0.05772380530834198,,,,,,,,,,,,,,,,,,,,,,,,,,,,,,,,,,,,,,,,,,,,,,
150,9.545357878220998e-06,9.545357878220998e-05,1.0,36.214174012880065,6.70961823334565,55.9600269214527,3.660013972101985,3.660013972101985,3.660013972101985,0.0,0.0,0.31959572353878535,2.620179253655511,0.13952708888698268,2.0503659634976774,0.05896260931685164,0.019686230131097743,0.0,1.5808932330157306,0.0,0.0,0.0,0.0,0.0,0.0,0.0,0.0,3.736374616622925,5.136983394622803,1.519948959350586,4.692185401916504,9.159977912902832,1.0003520250320435,0.3344127833843231,0.25,2.749187469482422,0.3749750852584839,0.17893090844154358,0.005566801619433198,0.0,2.189896583557129,2.118478536605835,0.03261252037540832,,0.33801525831222534,0.6015870571136475,,0.05927504226565361,,,,,,,0.3371225595474243,0.6032196283340454,,0.05965777859091759,,,,,,142.35195063496684,213.02720500702276,0.3802497302870159,61.62581512954209,142.3519514967121,191.60132466601547,244.42235470743339,295.16826956289253,39.01277596609933,119.5707121265027,221.96399390179178,0.7583256850460406,0.4859936078933336,0.09717888500126673,0.12491727749574615,0.0,0.4865397717943856,0.47919113314182155,0.279532515299355,0.0,0.0,0.0,0.0,0.0,0.8822663787032354,0.7487999706863069,0.8788794840790004,0.9595837455571434,0.24879997068630688,0.07887948407900036,0.009583745557143475,0.011414019273753252,0.0,0.6758241758241759,0.3241758241758242,0.7051282051282051,1.745764712383459,1.7335068501613953,1.7183952586991447,-7.984785556793213,0.0003405475290492177
151,9.538901056861453e-06,9.538901056861452e-05,1.0,32.7744140625,6.338380143449113,49.34187605574324,3.723931802285684,3.723931802285684,3.723931802285684,0.0,0.0,0.32007382367108317,2.583840241303315,0.1412423752449654,2.027787492081926,0.06158906060296136,0.021979612273138924,0.0,1.5955961072767102,0.0,0.0,0.0,0.0,0.0,0.0,0.0,0.0,3.8146748542785645,4.6533026695251465,1.3114300966262817,4.033083915710449,8.757599830627441,1.0002461671829224,0.30534955859184265,0.25,2.2646796703338623,0.3746401369571686,0.1725614219903946,0.004251012145748988,0.0,6.442232131958008,6.472363471984863,-0.004677158383874869,,0.3371647298336029,0.6037163734436035,,0.05773688852787018,,,,,,,0.33585214614868164,0.6062123775482178,,0.0579354427754879,,,,,,,,,,,,,,,,,,,,,,,,,,,,,,,,,,,,,,,,,,,,,,
152,9.532401046315878e-06,9.532401046315879e-05,1.0,33.61490775443412,6.7058732316300675,50.621631519214525,3.7470517545133024,3.7470517545133024,3.7470517545133024,0.0,0.0,0.31772064518284154,2.5683127738334037,0.1381583600430875,2.0122146606445312,0.06172104783960291,0.026482151972280966,0.0,1.6097652332202808,0.0,0.0,0.0,0.0,0.0,0.0,0.0,0.0,2.973459482192993,4.216033935546875,1.1503890752792358,3.5418472290039062,8.020745277404785,1.0000745058059692,0.33114269375801086,0.25,2.598323345184326,0.37429627776145935,0.18236979842185974,0.002327935222672065,0.0,1.0330392122268677,0.9852650165557861,0.04624625581065529,,0.33610105514526367,0.6067848205566406,,0.05584174767136574,,,,,,,0.3354213833808899,0.6086031198501587,,0.05597543343901634,,,,,,,,,,,,,,,,,,,,,,,,,,,,,,,,,,,,,,,,,,,,,,
153,9.525857912039313e-06,9.525857912039312e-05,1.0,33.11859955658784,6.38788212956609,49.98643369932432,3.724780933277027,3.724780933277027,3.724780933277027,0.0,0.0,0.3201228992359058,2.5667885445259713,0.13806136878761086,2.02685732454867,0.06017028963243639,0.022901304670282313,0.0,1.6108421119483742,0.0,0.0,0.0,0.0,0.0,0.0,0.0,0.0,3.2844061851501465,4.007759094238281,0.9918009638786316,3.3500804901123047,7.911831855773926,1.0001496076583862,0.35845762491226196,0.25,2.589054822921753,0.37378770112991333,0.18935588002204895,0.00354251012145749,0.0,0.9637652635574341,0.9632725119590759,0.0005112776077229822,,0.33550968766212463,0.6063191890716553,,0.05675914138555527,,,,,,,0.3348049223423004,0.6079784631729126,,0.05721663311123848,,,,,,,,,,,,,,,,,,,,,,,,,,,,,,,,,,,,,,,,,,,,,,
154,9.519271719921043e-06,9.519271719921044e-05,1.0,35.6225684913429,7.037338669235642,54.298943596917226,3.742693514437289,3.742693514437289,3.742693514437289,0.0,0.0,0.32072928145125107,2.569621111895587,0.14063939532718142,2.043413729281039,0.06115482948921822,0.024831826622421678,0.0,1.6079716038059544,0.0,0.0,0.0,0.0,0.0,0.0,0.0,0.0,3.2785799503326416,4.152737140655518,0.8457725644111633,3.5211551189422607,8.116869926452637,1.0003445148468018,0.3873285949230194,0.25,2.462644100189209,0.3741105794906616,0.19815771281719208,0.0066801619433198385,0.0,2.1813788414001465,2.188180685043335,-0.003118139551964584,,0.3364494740962982,0.6035447716712952,,0.05920492857694626,,,,,,,0.3348361849784851,0.6074349880218506,,0.05772882699966431,,,,,,,,,,,,,,,,,,,,,,,,,,,,,,,,,,,,,,,,,,,,,,
155,9.512642536283953e-06,9.512642536283953e-05,1.0,37.246126741976354,6.588801203547297,58.10610879434122,3.6836877771326013,3.6836877771326013,3.6836877771326013,0.0,0.0,0.32063762561695,2.5584972484691724,0.13685544761451515,2.072821952201225,0.06139210108164195,0.02452841159459707,0.0,1.606936892947635,0.0,0.0,0.0,0.0,0.0,0.0,0.0,0.0,4.993422508239746,4.099568843841553,0.7913162708282471,3.700965642929077,7.713475227355957,1.0004103183746338,0.34451112151145935,0.25,2.6081345081329346,0.37417033314704895,0.1857263594865799,0.009008097165991902,0.0,5.086912631988525,5.06622314453125,0.0040671992923903754,,0.33645620942115784,0.6042239665985107,,0.05746001377701759,,,,,,,0.333840548992157,0.6098392009735107,,0.05632028728723526,,,,,,134.87544068137368,197.96917351402178,0.3564020774085462,49.17059173164787,134.87543967451901,184.95118080049676,237.38887591949782,289.4015212426866,29.242869240897043,113.95971224289532,209.60493999978772,0.7495940618703044,0.4705163292858229,0.08837525009566752,0.11616733098475417,0.0,0.46714545283819126,0.4462206369870016,0.2732718310109701,0.0,0.0,0.0,0.0,0.0,0.8634522060328518,0.7627972591696897,0.8848704701183541,0.9626983254552783,0.26279725916968966,0.08487047011835402,0.01269832545527838,0.012513282767212634,0.0,0.6538461538461539,0.34615384615384615,0.717032967032967,1.7011814579203888,1.6882724909337012,1.6727224270721057,-7.984196186065674,0.0003407482581678778
156,9.505970427883846e-06,9.505970427883845e-05,1.0,33.7523292335304,6.232579411687078,51.49393937394426,3.6793942838101774,3.6793942838101774,3.6793942838101774,0.0,0.0,0.32064388893746043,2.5393449937975086,0.13942758457080737,2.0627932161898226,0.060902434426385,0.025503981757808377,0.0,1.6141112044050887,0.0,0.0,0.0,0.0,0.0,0.0,0.0,0.0,3.630197525024414,3.180792808532715,0.6947969198226929,2.6090452671051025,6.264889240264893,1.0000934600830078,0.378788024187088,0.25,2.8379945755004883,0.3733239769935608,0.19928789138793945,0.004554655870445344,0.0,4.28789758682251,4.23392391204834,0.012587444938060287,,0.3341788053512573,0.6099764108657837,,0.05437978357076645,,,,,,,0.33277034759521484,0.6127067804336548,,0.05452287197113037,,,,,,,,,,,,,,,,,,,,,,,,,,,,,,,,,,,,,,,,,,,,,,
157,9.49925546190878e-06,9.49925546190878e-05,1.0,32.89028518264358,6.358684230495143,49.607699007601354,3.7123355349978886,3.7123355349978886,3.7123355349978886,0.0,0.0,0.3199136063859269,2.487521197344806,0.13752850970706423,2.0407933415593327,0.062052295014664936,0.023800015449523926,0.0,1.6157799798089105,0.0,0.0,0.0,0.0,0.0,0.0,0.0,0.0,2.9155759811401367,3.5564088821411133,0.8368480205535889,2.904921293258667,7.225644111633301,1.0001161098480225,0.38692745566368103,0.25,2.864806890487671,0.37254637479782104,0.19831733405590057,0.004048582995951417,0.0,1.7663419246673584,1.7555665969848633,0.006100363430214312,,0.3336537778377533,0.607366681098938,,0.057061146944761276,,,,,,,0.3329002559185028,0.6101393699645996,,0.05696041136980057,,,,,,,,,,,,,,,,,,,,,,,,,,,,,,,,,,,,,,,,,,,,,,
158,9.49249770597839e-06,9.49249770597839e-05,1.0,34.635966532939186,6.530878840266047,52.83383591110642,3.758205104518581,3.758205104518581,3.758205104518581,0.0,0.0,0.3223325626270191,2.4619996354386613,0.1382157222644703,2.060976183092272,0.060219945134343325,0.028351426124572754,0.0,1.6291911150958087,0.0,0.0,0.0,0.0,0.0,0.0,0.0,0.0,2.2387800216674805,2.9067904949188232,0.6752806305885315,2.276761054992676,6.090547561645508,1.0001137256622314,0.39715054631233215,0.25,2.9068093299865723,0.37170448899269104,0.20621035993099213,0.00354251012145749,0.0,0.28425154089927673,0.29305124282836914,-0.03095744670812723,,0.3309260904788971,0.6152721047401428,,0.053038470447063446,,,,,,,0.3300313949584961,0.6165980100631714,,0.053370632231235504,,,,,,,,,,,,,,,,,,,,,,,,,,,,,,,,,,,,,,,,,,,,,,
159,9.4856972281432e-06,9.485697228143199e-05,1.0,32.67951264252534,6.230206051388302,49.32041807432432,3.7028214738175675,3.7028214738175675,3.7028214738175675,0.0,0.0,0.3208974889806799,2.4790550438133447,0.13784965308936867,2.0813825452649914,0.06008292533255912,0.02507494591377877,0.0,1.6250824799408783,0.0,0.0,0.0,0.0,0.0,0.0,0.0,0.0,3.2745707035064697,2.9144270420074463,0.5938706994056702,2.110806941986084,6.345548629760742,1.0002027750015259,0.38407692313194275,0.25,2.9668171405792236,0.37229615449905396,0.20298448204994202,0.006072874493927126,0.0,1.1303296089172363,1.1381914615631104,-0.006955362917021202,,0.3321801424026489,0.6130532622337341,,0.053544700145721436,,,,,,,0.33077484369277954,0.6155397295951843,,0.053685400635004044,,,,,,,,,,,,,,,,,,,,,,,,,,,,,,,,,,,,,,,,,,,,,,
160,9.478854096883946e-06,9.478854096883945e-05,1.0,31.736291833826012,6.404366982949747,47.12894584037162,3.7819395323057434,3.7819395323057434,3.7819395323057434,0.0,0.0,0.32127705135860957,2.4377961029877535,0.1398628466838115,2.053794448440139,0.058411263130806586,0.02324753999710083,0.0,1.6413198935019004,0.0,0.0,0.0,0.0,0.0,0.0,0.0,0.0,2.8095972537994385,2.5071868896484375,0.5865795612335205,1.9474170207977295,5.18364143371582,1.0000216960906982,0.3674088418483734,0.25,2.9910242557525635,0.3710545599460602,0.19864971935749054,0.0011133603238866396,0.0,2.9695825576782227,2.7531564235687256,0.07288099586586692,,0.32990559935569763,0.6162144541740417,,0.052343327552080154,,,,,,,0.3290514349937439,0.6179958581924438,,0.05295272544026375,,,,,,162.98918021904242,226.98639950265172,0.4757254481289881,119.31038544204209,162.98917891059065,206.54072980747327,257.2165604639912,309.4458118719029,68.15088544573102,144.98602762148363,227.90819649074388,0.745659845457295,0.5160519370396855,0.10316765313063353,0.12455407354859649,0.0,0.520440828599108,0.5409228366253802,0.3426587810074917,0.0,0.0,0.0,0.0,0.0,0.8620397700633267,0.7426440951229343,0.8819391008024624,0.9618738778351837,0.24264409512293428,0.08193910080246236,0.011873877835183788,0.015041588802169213,0.0,0.7582417582417582,0.24175824175824176,0.7408424908424909,1.7971545919612213,1.7859714506091653,1.7720338505703015,-7.984766483306885,0.0003405539900995791
161,9.471968381110888e-06,9.471968381110888e-05,1.0,31.49088431693412,6.190720429291597,46.921934385557435,3.759688093855574,3.759688093855574,3.759688093855574,0.0,0.0,0.3226466565518766,2.3879883224899703,0.13796794736707532,2.042539235707876,0.05615122253830369,0.02144411447885874,0.0,1.6469869871397276,0.0,0.0,0.0,0.0,0.0,0.0,0.0,0.0,2.629033327102661,2.725825786590576,0.5973606109619141,2.196500062942505,5.51795768737793,1.0000314712524414,0.43123859167099,0.25,3.0709848403930664,0.37077730894088745,0.2153974175453186,0.0017206477732793523,0.0,0.8819464445114136,0.8172308206558228,0.07337817875261395,,0.32974913716316223,0.6151462197303772,,0.053330253809690475,,,,,,,0.3295605778694153,0.6165895462036133,,0.05384986847639084,,,,,,,,,,,,,,,,,,,,,,,,,,,,,,,,,,,,,,,,,,,,,,
162,9.465040150163103e-06,9.465040150163102e-05,1.0,32.44890532622466,6.187220805400127,48.881410341005065,3.731486552470439,3.731486552470439,3.731486552470439,0.0,0.0,0.3221054334898253,2.407126555571685,0.13856791161202095,2.058762215279244,0.058188322428110485,0.022839443103687185,0.0,1.6499792562948692,0.0,0.0,0.0,0.0,0.0,0.0,0.0,0.0,3.5716476440429688,3.3038012981414795,0.584435224533081,2.699763298034668,6.833759784698486,1.0002009868621826,0.44300487637519836,0.25,2.9065208435058594,0.37195441126823425,0.21972446143627167,0.007692307692307693,0.0,1.9931038618087769,1.954567790031433,0.01933470328152974,,0.33246469497680664,0.6095023155212402,,0.055655382573604584,,,,,,,0.33060771226882935,0.614412784576416,,0.054979532957077026,,,,,,,,,,,,,,,,,,,,,,,,,,,,,,,,,,,,,,,,,,,,,,
163,9.458069473807803e-06,9.458069473807803e-05,1.0,33.0378516944679,6.304073024440456,49.94216506545608,3.7301017142630912,3.7301017142630912,3.7301017142630912,0.0,0.0,0.3215919185329128,2.4045661720069678,0.13691052875003298,2.07155670990815,0.05938266419075631,0.018518662130510486,0.0,1.6490845551361908,0.0,0.0,0.0,0.0,0.0,0.0,0.0,0.0,2.7206766605377197,2.486243486404419,0.4998939335346222,1.8010663986206055,5.485720634460449,1.0000555515289307,0.4099293351173401,0.25,3.2391409873962402,0.3709968626499176,0.21416237950325012,0.003036437246963563,0.0,1.2231098413467407,1.2638490200042725,-0.033307865966211735,,0.3302169144153595,0.614520251750946,,0.05256381258368492,,,,,,,0.32842934131622314,0.6194238662719727,,0.0521467961370945,,,,,,,,,,,,,,,,,,,,,,,,,,,,,,,,,,,,,,,,,,,,,,
164,9.451056422239619e-06,9.451056422239618e-05,1.0,34.27437117293074,6.5596453692462,52.135220914273646,3.748761563687711,3.748761563687711,3.748761563687711,0.0,0.0,0.3211666828877217,2.3784777667071366,0.1389194694725243,2.0656078441722974,0.058665185361295134,0.019969116997074435,0.0,1.6512048051163957,0.0,0.0,0.0,0.0,0.0,0.0,0.0,0.0,3.113311529159546,2.3456029891967773,0.4998939335346222,1.597995400428772,5.453671455383301,1.000057339668274,0.4744582176208496,0.25,3.035444498062134,0.37066808342933655,0.23589275777339935,0.0020242914979757085,0.0,0.7569154500961304,0.7709610462188721,-0.018556360715001746,,0.3291623592376709,0.6173627972602844,,0.05190695822238922,,,,,,,0.32714420557022095,0.6216285824775696,,0.05122717097401619,,,,,,,,,,,,,,,,,,,,,,,,,,,,,,,,,,,,,,,,,,,,,,
165,9.444001066079904e-06,9.444001066079904e-05,1.0,31.33842509501689,6.520420796162373,46.312467008023646,3.7310791015625,3.7310791015625,3.7310791015625,0.0,0.0,0.32096342138341954,2.399708515888936,0.13783587636174383,2.097523663495038,0.062254132451237856,0.023390051480886097,0.0,1.6511449040593327,0.0,0.0,0.0,0.0,0.0,0.0,0.0,0.0,3.990265130996704,2.196913957595825,0.4998939335346222,1.6616524457931519,4.66933012008667,1.000016689300537,0.44342973828315735,0.25,3.170259952545166,0.36970263719558716,0.22288727760314941,0.004554655870445344,0.0,2.421462059020996,2.4053080081939697,0.0066711971665405715,,0.327463835477829,0.6193665862083435,,0.051684100180864334,,,,,,,0.32593071460723877,0.6229715347290039,,0.051097750663757324,,,,,,136.16702417226938,193.56375054946452,0.3875546697416971,73.3591216789497,136.16702342779675,186.13360744213927,240.33870846115914,291.7705755578685,55.80271475655692,117.10269857007404,201.85937566342562,0.7400054775310011,0.4934871519784954,0.08023164956040646,0.104819648089097,0.0,0.48631852270918513,0.46843195393693216,0.30472303871460366,0.0,0.0,0.0,0.0,0.0,0.824551522152664,0.7721226778058701,0.8968524421970613,0.9690190905426698,0.2721226778058701,0.09685244219706124,0.019019090542669814,0.016269099703198855,0.0,0.7142857142857143,0.2857142857142857,0.7353479853479853,1.71917421575431,1.7065965641330887,1.6915291069628118,-7.984838008880615,0.0003405296884011477
166,9.436903476376016e-06,9.436903476376015e-05,1.0,36.72586966849662,6.67278021735114,56.899842958192565,3.7517609467377535,3.7517609467377535,3.7517609467377535,0.0,0.0,0.32146116205163905,2.3892073760161527,0.13933965322133657,2.094691714724979,0.05969058500753867,0.02075475615424079,0.0,1.6678117288125527,0.0,0.0,0.0,0.0,0.0,0.0,0.0,0.0,2.6792757511138916,2.106461763381958,0.4998939335346222,1.4001059532165527,4.90825080871582,1.000085711479187,0.4295995831489563,0.25,3.624502658843994,0.36967194080352783,0.22366760671138763,0.0034412955465587046,0.0,0.8135188817977905,0.7795670628547668,0.041734518648164326,,0.32691681385040283,0.6219800710678101,,0.049638863652944565,,,,,,,0.32498878240585327,0.6257866621017456,,0.04922453314065933,,,,,,,,,,,,,,,,,,,,,,,,,,,,,,,,,,,,,,,,,,,,,,
167,9.429763724600604e-06,9.429763724600603e-05,1.0,35.445226720861484,6.63053357923353,54.46586320206926,3.70977123363598,3.70977123363598,3.70977123363598,0.0,0.0,0.31887044133366765,2.3882747340846704,0.13961191435117978,2.0944141697239234,0.060356243236644846,0.02617307933601173,0.0,1.6643608711861275,0.0,0.0,0.0,0.0,0.0,0.0,0.0,0.0,3.964130401611328,2.7213830947875977,0.4998939335346222,1.9004483222961426,6.2161359786987305,1.0001698732376099,0.4677427411079407,0.25,3.732558250427246,0.37009134888648987,0.23412401974201202,0.00597165991902834,0.0,2.7439124584198,2.685161828994751,0.021411262318070785,,0.3287334442138672,0.615721583366394,,0.05331967771053314,,,,,,,0.3265368938446045,0.6205250024795532,,0.0529380664229393,,,,,,,,,,,,,,,,,,,,,,,,,,,,,,,,,,,,,,,,,,,,,,
168,9.42258188265089e-06,9.422581882650889e-05,1.0,33.38529349662162,6.338017644108953,50.641067092483105,3.719175184095228,3.719175184095228,3.719175184095228,0.0,0.0,0.32092156281342377,2.3467530946473816,0.1371312914667903,2.0865495011613175,0.05895229932424184,0.018726622736131824,0.0,1.6690491341255806,0.0,0.0,0.0,0.0,0.0,0.0,0.0,0.0,3.4039762020111084,2.530346632003784,0.4998939335346222,1.7962360382080078,5.743933200836182,1.0000628232955933,0.43972113728523254,0.25,3.37607479095459,0.3700462579727173,0.22232869267463684,0.00465587044534413,0.0,1.1897886991500854,1.2034294605255127,-0.011464860428722677,,0.32886645197868347,0.614949107170105,,0.05311981588602066,,,,,,,0.3261813223361969,0.6215924024581909,,0.05222628638148308,,,,,,,,,,,,,,,,,,,,,,,,,,,,,,,,,,,,,,,,,,,,,,
169,9.415358022847941e-06,9.41535802284794e-05,1.0,32.43363663956926,6.373968175939612,48.660812790329395,3.746575020455025,3.746575020455025,3.746575020455025,0.0,0.0,0.32048776987436656,2.3191293252481,0.13686057683583852,2.077157716493349,0.059760377213761616,0.01989582583710954,0.0,1.6723944174276817,0.0,0.0,0.0,0.0,0.0,0.0,0.0,0.0,2.9438369274139404,2.3248417377471924,0.4998939335346222,1.535839557647705,5.421809673309326,1.0001516342163086,0.4628501832485199,0.25,3.2519338130950928,0.36906200647354126,0.23597803711891174,0.004858299595141701,0.0,2.4774692058563232,2.5215654373168945,-0.017798901942488392,,0.32640185952186584,0.6205399036407471,,0.0509781613945961,,,,,,,0.32435300946235657,0.6248003840446472,,0.05084661766886711,,,,,,,,,,,,,,,,,,,,,,,,,,,,,,,,,,,,,,,,,,,,,,
170,9.408092217935945e-06,9.408092217935944e-05,1.0,34.285888671875,6.517800820840372,52.2228904930321,3.7300608866923564,3.7300608866923564,3.7300608866923564,0.0,0.0,0.32079949250092377,2.3657698760161527,0.13709853146527265,2.1097533767287797,0.05967792949161014,0.01824815047753824,0.0,1.6738883353568412,0.0,0.0,0.0,0.0,0.0,0.0,0.0,0.0,3.2997701168060303,2.116915702819824,0.4998939335346222,1.2310724258422852,5.184145927429199,1.000130295753479,0.42526939511299133,0.25,3.1275131702423096,0.3688690960407257,0.22178712487220764,0.004959514170040486,0.0,1.1106979846954346,1.1824817657470703,-0.06462943305989668,,0.32510849833488464,0.6256165504455566,,0.04817060008645058,,,,,,,0.3237096667289734,0.6280432343482971,,0.048247046768665314,,,,,,167.8012428702889,232.78689211781162,0.5303696197556895,135.64344242640905,167.80124266570024,209.93343379133069,261.50700428164305,315.1862773934487,118.48633684430804,148.36744370571404,229.80481753141984,0.7149797174901866,0.5266088899399474,0.09900096737059329,0.11191410247906693,0.0,0.5269540522992181,0.546923597475682,0.38036459134690753,0.0,0.0,0.0,0.0,0.0,0.8269817056740505,0.7532703088930417,0.8948920889670587,0.9672419478949104,0.2532703088930417,0.0948920889670587,0.017241947894910403,0.01965849547469862,0.0,0.7527472527472527,0.24725274725274726,0.750915750915751,1.814904083262433,1.8050581793208698,1.7929752266014016,-7.985001087188721,0.0003404741291888058
171,9.40078454108148e-06,9.40078454108148e-05,1.0,31.21065376900338,6.108516383815456,46.437816722972975,3.7683319916596285,3.7683319916596285,3.7683319916596285,0.0,0.0,0.3205380568633208,2.309686196816934,0.13764481931119352,2.0845730755780196,0.058806928428443705,0.01769865203548122,0.0,1.6842610127217061,0.0,0.0,0.0,0.0,0.0,0.0,0.0,0.0,3.363766670227051,1.973800778388977,0.4998939335346222,1.2702285051345825,4.597386360168457,1.0000078678131104,0.46474263072013855,0.25,3.7739858627319336,0.36809420585632324,0.23960505425930023,0.00010121457489878542,0.0,1.9694793224334717,1.9638450145721436,0.0028608108737929894,,0.3241032660007477,0.6255928874015808,,0.04846441373229027,,,,,,,0.3218618929386139,0.630635678768158,,0.047502435743808746,,,,,,,,,,,,,,,,,,,,,,,,,,,,,,,,,,,,,,,,,,,,,,
172,9.393435065872768e-06,9.393435065872768e-05,1.0,34.31179397170608,6.515622938001478,52.281797666807435,3.7295012602934965,3.7295012602934965,3.7295012602934965,0.0,0.0,0.31907829078468114,2.3549181963946366,0.13869295893488703,2.1066300675675675,0.05991603232718803,0.025924159062875284,0.0,1.6804288915685706,0.0,0.0,0.0,0.0,0.0,0.0,0.0,0.0,2.68601655960083,1.8202570676803589,0.4998939335346222,0.9838356971740723,4.552708148956299,1.0001235008239746,0.46368029713630676,0.25,3.681368112564087,0.3678776025772095,0.23889994621276855,0.0072874493927125505,0.0,1.0447231531143188,1.1049609184265137,-0.05765906990060103,,0.3232645094394684,0.628287136554718,,0.04708300158381462,,,,,,,0.3213576078414917,0.63182532787323,,0.04681713879108429,,,,,,,,,,,,,,,,,,,,,,,,,,,,,,,,,,,,,,,,,,,,,,
173,9.386043866318943e-06,9.386043866318942e-05,1.0,34.51886811127534,6.680924699113175,52.494787267736484,3.7506969555004224,3.7506969555004224,3.7506969555004224,0.0,0.0,0.3208667394277212,2.3333859830289274,0.13817111865894213,2.107006382297825,0.06100501240910711,0.022185514102110993,0.0,1.6832070221772064,0.0,0.0,0.0,0.0,0.0,0.0,0.0,0.0,2.6142940521240234,1.867549180984497,0.4998939335346222,1.216952919960022,4.34422492980957,1.0,0.5086942911148071,0.26565325260162354,3.723309278488159,0.36763235926628113,0.2516985535621643,0.0,0.0,1.6677166223526,1.6889233589172363,-0.012716031177239509,,0.323746919631958,0.6244412064552307,,0.049100056290626526,,,,,,,0.3218569755554199,0.6288328170776367,,0.04931018501520157,,,,,,,,,,,,,,,,,,,,,,,,,,,,,,,,,,,,,,,,,,,,,,
174,9.378611016849303e-06,9.378611016849302e-05,1.0,32.752870301942565,6.456053450300887,49.14923920502534,3.777997403531461,3.777997403531461,3.777997403531461,0.0,0.0,0.3208991385794975,2.310500480033256,0.13590565243282834,2.092174839329075,0.05936412553529482,0.02084962902842341,0.0,1.6968334301097974,0.0,0.0,0.0,0.0,0.0,0.0,0.0,0.0,4.38800048828125,2.1741435527801514,0.4998939335346222,1.4102261066436768,4.970959663391113,1.0001012086868286,0.440418541431427,0.25,3.2351222038269043,0.3678775429725647,0.2267942726612091,0.00597165991902834,0.0,3.5788378715515137,3.549590826034546,0.008172218627017173,,0.32398077845573425,0.624787449836731,,0.04910421743988991,,,,,,,0.3212742805480957,0.6303006410598755,,0.04842507839202881,,,,,,,,,,,,,,,,,,,,,,,,,,,,,,,,,,,,,,,,,,,,,,
175,9.37113659231256e-06,9.371136592312559e-05,1.0,34.46387048669764,6.531850453969595,52.571592588682435,3.727882179054054,3.727882179054054,3.727882179054054,0.0,0.0,0.3219892656480944,2.340979498785895,0.13734198905326225,2.1170691412848397,0.05897585765735523,0.024625808806032747,0.0,1.6949135032860008,0.0,0.0,0.0,0.0,0.0,0.0,0.0,0.0,3.442182779312134,1.9149246215820312,0.4998939335346222,1.2855937480926514,4.284818172454834,1.0000239610671997,0.5233533382415771,0.25,4.0,0.36677661538124084,0.2563348114490509,0.0006072874493927126,0.00010121457489878542,1.9008772373199463,1.8755552768707275,0.01332119715680339,,0.3217412233352661,0.6286086440086365,,0.0477328784763813,,,,,,,0.31959250569343567,0.6333322525024414,,0.047075316309928894,,,,,,165.85607423887149,235.66025426317174,0.47793083129294295,123.94797717083941,165.85607188238274,208.6640829263583,261.11518406841515,313.7002901871603,76.352292742048,142.59488660235738,244.7086758820907,0.741308236922852,0.5215210546689969,0.07431583164976524,0.08600751486945456,0.0,0.5131391481626263,0.5235694188164017,0.3698707551304506,0.0,0.0,0.0,0.0,0.0,0.7951392445006403,0.7737349309296105,0.9089443406251145,0.9722252757319263,0.27373493092961054,0.10894434062511449,0.02222527573192634,0.025796049979846837,0.0,0.7637362637362637,0.23626373626373626,0.7454212454212453,1.8108032633970073,1.800681899209599,1.7880362835559216,-7.984578609466553,0.0003406180185265839
176,9.363620667976085e-06,9.363620667976085e-05,1.0,34.7261863914696,6.28305754790435,53.356409021326016,3.7296134330130912,3.7296134330130912,3.7296134330130912,0.0,0.0,0.320807121895455,2.315120181521854,0.1369869644577439,2.1110926447687923,0.05949325174898715,0.021675063146127237,0.0,1.6900790446513407,0.0,0.0,0.0,0.0,0.0,0.0,0.0,0.0,3.6395421028137207,2.192476987838745,0.4998939335346222,1.549208402633667,4.946265697479248,0.9999758005142212,0.5046281814575195,0.25,4.0,0.36704838275909424,0.24891971051692963,0.0008097165991902834,0.0003036437246963563,2.7454752922058105,2.723200798034668,0.008113165044456281,,0.32284340262413025,0.6248154640197754,,0.05038319155573845,,,,,,,0.32056689262390137,0.6299051642417908,,0.04952790588140488,,,,,,,,,,,,,,,,,,,,,,,,,,,,,,,,,,,,,,,,,,,,,,
177,9.356063319525153e-06,9.356063319525154e-05,1.0,35.41477842588682,6.741713652739653,54.2248634132179,3.7483842179581925,3.7483842179581925,3.7483842179581925,0.0,0.0,0.3201053722484692,2.3274618612753377,0.1373460743878339,2.1226268459010766,0.06151158100849873,0.024598413222544902,0.0,1.6971123154098924,0.0,0.0,0.0,0.0,0.0,0.0,0.0,0.0,3.563551664352417,2.401703357696533,0.4998939335346222,1.770547866821289,5.3691205978393555,1.000038743019104,0.5004386305809021,0.25,3.3285348415374756,0.3670073449611664,0.24357300996780396,0.0015182186234817814,0.0,6.256662368774414,6.229217529296875,0.004386498401209892,,0.3241007626056671,0.6185852289199829,,0.05329901725053787,,,,,,,0.32148972153663635,0.6263432502746582,,0.052167050540447235,,,,,,,,,,,,,,,,,,,,,,,,,,,,,,,,,,,,,,,,,,,,,,
178,9.34846462306218e-06,9.348464623062179e-05,1.0,36.275723843961146,6.64404668034734,56.0472511085304,3.7558102994351774,3.7558102994351774,3.7558102994351774,0.0,0.0,0.3207363180212072,2.3008767205315666,0.13878805572922165,2.1096366676124365,0.058997231560784416,0.021259399684699806,0.0,1.704512106405722,0.0,0.0,0.0,0.0,0.0,0.0,0.0,0.0,3.000537633895874,1.7313429117202759,0.4998939335346222,1.0916354656219482,4.013829231262207,1.0000048875808716,0.5087155103683472,0.25,4.0,0.3664570450782776,0.25311967730522156,0.000708502024291498,0.00020242914979757084,1.3900319337844849,1.3421255350112915,0.03446424330897489,,0.3208576738834381,0.6309426426887512,,0.0462888702750206,,,,,,,0.3184804320335388,0.6358782052993774,,0.045641377568244934,,,,,,,,,,,,,,,,,,,,,,,,,,,,,,,,,,,,,,,,,,,,,,
179,9.340824655105955e-06,9.340824655105954e-05,1.0,29.8288013355152,5.9646453857421875,43.93994140625,3.70398980218011,3.70398980218011,3.70398980218011,0.0,0.0,0.321395358523807,2.290377024057749,0.1367786252820814,2.1088588817699536,0.05949351594254777,0.024426299172478752,0.0,1.6978322621938344,0.0,0.0,0.0,0.0,0.0,0.0,0.0,0.0,3.163999557495117,2.1144003868103027,0.4998939335346222,1.3854844570159912,4.951580047607422,1.0000280141830444,0.5189553499221802,0.25,3.941324234008789,0.36669614911079407,0.25615546107292175,0.0011133603238866396,0.0,1.8940074443817139,1.886783242225647,0.003814241690282895,,0.32227200269699097,0.6255215406417847,,0.04946987330913544,,,,,,,0.319540798664093,0.6313962340354919,,0.04906296730041504,,,,,,,,,,,,,,,,,,,,,,,,,,,,,,,,,,,,,,,,,,,,,,
180,9.333143492590867e-06,9.333143492590866e-05,1.0,33.56244721283784,6.614988997175887,50.61797270903716,3.779293988202069,3.779293988202069,3.779293988202069,0.0,0.0,0.3216949411340662,2.284679309741871,0.13879277255084063,2.0860803964975716,0.05808187175441433,0.023263871669769287,0.0,1.7052372081859692,0.0,0.0,0.0,0.0,0.0,0.0,0.0,0.0,2.9732131958007812,2.2146832942962646,0.4998939335346222,1.3550426959991455,5.443029880523682,1.0000879764556885,0.5479865074157715,0.25,3.6138525009155273,0.36668840050697327,0.2645956873893738,0.0038461538461538464,0.0,1.251349687576294,1.1621149778366089,0.0713107699835059,,0.3220781981945038,0.626319169998169,,0.04941287636756897,,,,,,,0.31918013095855713,0.6324307918548584,,0.048389047384262085,,,,,,167.85898252633902,241.82655871273954,0.4562140143272269,109.6584063729087,167.85898406226096,208.81863645488417,261.7530957108933,314.24535417157034,55.129949297223774,140.80732103096423,260.8756687330163,0.734667189353319,0.5170889758765572,0.06481108708659104,0.07270988028087531,0.0,0.4961862815038904,0.5115832910472886,0.35613245215519873,0.0,0.0,0.0,0.0,0.0,0.7685237366220385,0.7895093620607526,0.9212011285771866,0.9754681030376314,0.2895093620607526,0.12120112857718657,0.025468103037631473,0.03365578395808142,0.0,0.7417582417582418,0.25824175824175827,0.7371794871794871,1.821257621704877,1.8111815387076073,1.798428720170325,-7.983770847320557,0.00034089319524355233
181,9.325421212866142e-06,9.325421212866141e-05,1.0,29.48560889991554,6.025232675913218,43.141759923986484,3.7454050424936653,3.7454050424936653,3.7454050424936653,0.0,0.0,0.32111232345168655,2.253546431257918,0.137485645912789,2.0741773038297087,0.056919903368563264,0.019905420573982032,0.0,1.7082075170568518,0.0,0.0,0.0,0.0,0.0,0.0,0.0,0.0,3.6086483001708984,2.18515944480896,0.4998939335346222,1.5556516647338867,4.860079288482666,1.0000051259994507,0.49446922540664673,0.25,3.4781880378723145,0.36594653129577637,0.24517880380153656,0.0003036437246963563,0.0,2.397881507873535,2.4006173610687256,-0.0011409459500843356,,0.32031500339508057,0.6301683187484741,,0.04762015864253044,,,,,,,0.31834521889686584,0.6344516277313232,,0.04720311984419823,,,,,,,,,,,,,,,,,,,,,,,,,,,,,,,,,,,,,,,,,,,,,,
182,9.317657893695048e-06,9.31765789369505e-05,1.0,35.17728568412162,6.467076481999578,54.0455322265625,3.7485533018369934,3.7485533018369934,3.7485533018369934,0.0,0.0,0.3218708553829709,2.2951686962230786,0.13691037410014384,2.103915240313556,0.059866389712771854,0.01728817095627656,0.0,1.7090793300319362,0.0,0.0,0.0,0.0,0.0,0.0,0.0,0.0,2.037458658218384,1.9182302951812744,0.4998939335346222,1.1272162199020386,4.692185401916504,1.00006902217865,0.5880861282348633,0.25,4.0,0.3645721673965454,0.2828866243362427,0.001417004048582996,0.00010121457489878542,0.5128793716430664,0.500519335269928,0.024099304937029675,,0.317700058221817,0.6340798139572144,,0.04630415514111519,,,,,,,0.31575247645378113,0.6382834315299988,,0.0459640696644783,,,,,,,,,,,,,,,,,,,,,,,,,,,,,,,,,,,,,,,,,,,,,,
183,9.309853613254126e-06,9.309853613254124e-05,1.0,33.00526222022804,6.328449558567357,49.82763671875,3.7559348441459037,3.7559348441459037,3.7559348441459037,0.0,0.0,0.32130555848817566,2.2821164517789274,0.13661152607685811,2.095339182260874,0.06338783212610193,0.028396738542092813,0.0,1.7105984043430638,0.0,0.0,0.0,0.0,0.0,0.0,0.0,0.0,3.5120720863342285,2.02927565574646,0.4998939335346222,1.2119125127792358,4.955935478210449,1.0000470876693726,0.47853463888168335,0.25,4.0,0.3656085729598999,0.24363501369953156,0.0036437246963562753,0.00010121457489878542,5.300414562225342,4.955394268035889,0.06509307718085333,,0.3192194700241089,0.6335374712944031,,0.04511760547757149,,,,,,,0.3163927495479584,0.6390705704689026,,0.044536687433719635,,,,,,,,,,,,,,,,,,,,,,,,,,,,,,,,,,,,,,,,,,,,,,
184,9.302008450132389e-06,9.30200845013239e-05,1.0,35.2748924461571,6.711105759079392,53.963114970439186,3.7671273721231,3.7671273721231,3.7671273721231,0.0,0.0,0.31962737521609746,2.2948276416675464,0.13823685774932037,2.0944521104967273,0.05985280629750844,0.027440138765283534,0.0,1.7023812371331293,0.0,0.0,0.0,0.0,0.0,0.0,0.0,0.0,2.735276699066162,2.1249570846557617,0.4998939335346222,1.249467372894287,5.244744777679443,1.0000642538070679,0.48925378918647766,0.25,4.0,0.36486902832984924,0.24724334478378296,0.0017206477732793523,0.00010121457489878542,1.7809175252914429,1.7983278036117554,-0.009776016055242845,,0.31896165013313293,0.6298727989196777,,0.0483626052737236,,,,,,,0.3165392279624939,0.6359429359436035,,0.04751785099506378,,,,,,,,,,,,,,,,,,,,,,,,,,,,,,,,,,,,,,,,,,,,,,
185,9.294122483330547e-06,9.294122483330546e-05,1.0,31.099850216427363,6.120421950881545,46.278571051520274,3.7371912775812923,3.7371912775812923,3.7371912775812923,0.0,0.0,0.32122802734375,2.258748028729413,0.13629083375673037,2.082280958021009,0.061633148708859005,0.028125070236824656,0.0,1.7136226344752956,0.0,0.0,0.0,0.0,0.0,0.0,0.0,0.0,4.406205654144287,2.828099250793457,0.4998939335346222,1.819629430770874,6.740965366363525,1.0001729726791382,0.5365127921104431,0.25,3.880946636199951,0.3652646243572235,0.26180434226989746,0.005668016194331984,0.0,3.1363015174865723,3.0631439685821533,0.023326057299187006,,0.31983134150505066,0.6279648542404175,,0.050037264823913574,,,,,,,0.31706684827804565,0.6339777708053589,,0.04895533621311188,,,,,,165.17601520412572,238.59320352996986,0.4654566232843512,122.7896359202626,165.17601926689892,208.1936142952091,262.22827278577506,316.57580846312277,67.55462864467076,139.88508635528328,250.95600493057916,0.7383739001298127,0.521400037186711,0.07311281297682719,0.07898802703596494,0.0,0.4952614681403768,0.5163860882078445,0.36719108865440614,0.0,0.0,0.0,0.0,0.0,0.7449011218581948,0.7966912168846872,0.928822688798505,0.9781796196548312,0.29669121688468725,0.128822688798505,0.02817961965483129,0.04168040746033491,0.0,0.7857142857142857,0.21428571428571427,0.7564102564102565,1.8276084985706833,1.8172842450849302,1.804392201232386,-7.982481002807617,0.00034133309964090586
186,9.286195792260194e-06,9.286195792260194e-05,1.0,33.1177417652027,6.817319302945523,49.538270692567565,3.7748165646114864,3.7748165646114864,3.7748165646114864,0.0,0.0,0.3213546340529983,2.2707239099451013,0.13678528811480548,2.083305977486275,0.06065389272328969,0.02190192970069679,0.0,1.727117074502481,0.0,0.0,0.0,0.0,0.0,0.0,0.0,0.0,3.9514057636260986,2.35444974899292,0.4998939335346222,1.6531550884246826,5.405948638916016,1.00006902217865,0.5593277215957642,0.25,3.7649242877960205,0.3639225959777832,0.2682817876338959,0.002834008097165992,0.0,2.5982513427734375,2.575423240661621,0.008785948355346226,,0.3167869746685028,0.6342718005180359,,0.046958912163972855,,,,,,,0.31518155336380005,0.6376701593399048,,0.04714826121926308,,,,,,,,,,,,,,,,,,,,,,,,,,,,,,,,,,,,,,,,,,,,,,
187,9.278228456743023e-06,9.278228456743023e-05,1.0,32.88602591849662,6.527644801784206,49.3887840477196,3.7647045238597974,3.7647045238597974,3.7647045238597974,0.0,0.0,0.31898163460396434,2.2579479733028927,0.135900033486856,2.0919280181059965,0.060962612564499315,0.024838893800168425,0.0,1.7167580063278611,0.0,0.0,0.0,0.0,0.0,0.0,0.0,0.0,3.199880361557007,1.9906127452850342,0.4998939335346222,1.0236362218856812,5.332542419433594,1.000091552734375,0.5220717787742615,0.25,4.0,0.36312156915664673,0.2640734314918518,0.00354251012145749,0.00020242914979757084,1.93118155002594,1.8072211742401123,0.06418887741764237,,0.31472817063331604,0.6392056941986084,,0.044491805136203766,,,,,,,0.311872661113739,0.6440648436546326,,0.04406246170401573,,,,,,,,,,,,,,,,,,,,,,,,,,,,,,,,,,,,,,,,,,,,,,
188,9.270220557010016e-06,9.270220557010015e-05,1.0,32.03354294235642,6.343397398252745,47.968017578125,3.7030689136402026,3.7030689136402026,3.7030689136402026,0.0,0.0,0.3194449656718486,2.3029187176678634,0.13656269537435994,2.0947102727116764,0.06352848620028109,0.02709250192384462,0.0,1.7206688958245355,0.0,0.0,0.0,0.0,0.0,0.0,0.0,0.0,2.8743579387664795,2.116811513900757,0.4998939335346222,1.366504430770874,5.07395601272583,1.00016188621521,0.545780599117279,0.25,4.0,0.3627464473247528,0.26971644163131714,0.0057692307692307696,0.00010121457489878542,1.2185596227645874,1.2142986059188843,0.0034967651693858133,,0.31402507424354553,0.6400583386421204,,0.0449114628136158,,,,,,,0.312067449092865,0.6436404585838318,,0.04429209977388382,,,,,,,,,,,,,,,,,,,,,,,,,,,,,,,,,,,,,,,,,,,,,,
189,9.262172173700632e-06,9.262172173700633e-05,1.0,34.934105125633444,6.373590830210093,53.674487964527025,3.7411379427523226,3.7411379427523226,3.7411379427523226,0.0,0.0,0.3202248650628167,2.282050467826225,0.13717427124848236,2.0912209588128166,0.06089453439454775,0.02506793672974045,0.0,1.7246110245988175,0.0,0.0,0.0,0.0,0.0,0.0,0.0,0.0,3.780057430267334,2.1964457035064697,0.4998939335346222,1.2737221717834473,5.374366283416748,1.0000965595245361,0.5167649984359741,0.25,4.0,0.36316704750061035,0.2592136561870575,0.008299595141700405,0.0006072874493927126,7.375860214233398,7.12838077545166,0.03355262052067777,,0.3148098587989807,0.6391751170158386,,0.04417698085308075,,,,,,,0.312543123960495,0.643997848033905,,0.04345902055501938,,,,,,,,,,,,,,,,,,,,,,,,,,,,,,,,,,,,,,,,,,,,,,
190,9.254083387862003e-06,9.254083387862002e-05,1.0,32.582093934755065,6.397353713576858,49.00671716638514,3.7211518158783785,3.7211518158783785,3.7211518158783785,0.0,0.0,0.31987017554205815,2.2487242415144637,0.13648968773919182,2.084858662373311,0.0596694752976701,0.018743883919071506,0.0,1.7192431269465267,0.0,0.0,0.0,0.0,0.0,0.0,0.0,0.0,3.2851336002349854,2.655344247817993,0.4998939335346222,1.5619308948516846,6.6565752029418945,0.9988740086555481,0.5558313727378845,0.25,4.0,0.36307623982429504,0.27159059047698975,0.005668016194331984,0.002327935222672065,1.8117612600326538,1.681226372718811,0.0720486137955561,,0.316209614276886,0.6321558356285095,,0.046667419373989105,,,,,,,0.3133479356765747,0.6412323713302612,,0.04541965201497078,,,,,,181.65738103677938,252.33635252523467,0.5513178780902127,157.41739340142888,181.65738228912457,219.62598743062898,271.6563820478055,327.4287990854123,104.00607408796039,157.68184975320978,260.7096133024796,0.7416609857673505,0.5315855302081803,0.09308787278353693,0.09580165209379128,0.0,0.5072947443479404,0.5286371552944791,0.3899756971457406,0.0,0.0,0.0,0.0,0.0,0.7367810629758198,0.7952438532849657,0.9303616576893481,0.9793338463229636,0.2952438532849657,0.13036165768934804,0.029333846322963653,0.04915539921585871,0.0,0.8406593406593407,0.15934065934065933,0.7582417582417582,1.8642378514939613,1.8556345573493414,1.8446023532977471,-7.983880519866943,0.00034085585502907634
191,9.245954280948111e-06,9.245954280948111e-05,1.0,31.162723025760137,6.358182752454603,46.13424765097128,3.758612143026816,3.758612143026816,3.758612143026816,0.0,0.0,0.31908573975434174,2.245594746357686,0.1346029719790897,2.074818585370038,0.061950883349856815,0.022150384413229453,0.0,1.7302819329339105,0.0,0.0,0.0,0.0,0.0,0.0,0.0,0.0,3.1772990226745605,2.594695568084717,0.4998939335346222,1.6463078260421753,6.185857772827148,1.0002192258834839,0.5583440065383911,0.25,4.0,0.36225342750549316,0.26873070001602173,0.00931174089068826,0.00010121457489878542,0.9200193881988525,0.9067593216896057,0.014412812033457715,,0.31344902515411377,0.6397401690483093,,0.04524476081132889,,,,,,,0.3120994567871094,0.6429929733276367,,0.04490751773118973,,,,,,,,,,,,,,,,,,,,,,,,,,,,,,,,,,,,,,,,,,,,,,
192,9.237784934818974e-06,9.237784934818973e-05,1.0,31.3558910472973,6.396651809279983,46.47615339949324,3.764815871779983,3.764815871779983,3.764815871779983,0.0,0.0,0.320871301599451,2.2210907807221285,0.13407506169499578,2.0827022243190454,0.06069498448758512,0.020204205770750303,0.0,1.7338599127692145,0.0,0.0,0.0,0.0,0.0,0.0,0.0,0.0,3.943652629852295,2.65885591506958,0.4998939335346222,1.554133415222168,6.787864685058594,1.0000910758972168,0.5061303377151489,0.25,4.0,0.36272862553596497,0.25473344326019287,0.005060728744939271,0.00020242914979757084,3.452897787094116,3.4426136016845703,0.0029784216167605833,,0.31493455171585083,0.635657012462616,,0.046834252774715424,,,,,,,0.3120015561580658,0.6420776844024658,,0.04592077434062958,,,,,,,,,,,,,,,,,,,,,,,,,,,,,,,,,,,,,,,,,,,,,,
193,9.229575431739816e-06,9.229575431739816e-05,1.0,33.597389014991556,6.3451509217958195,51.053747228673984,3.73359845135663,3.73359845135663,3.73359845135663,0.0,0.0,0.3220710754394531,2.257320094752956,0.1336040496826172,2.095644151842272,0.05994002239124195,0.022838244567046296,0.0,1.7190904359559755,0.0,0.0,0.0,0.0,0.0,0.0,0.0,0.0,4.524582386016846,2.866161346435547,0.4998939335346222,1.6172269582748413,7.288721084594727,1.0003786087036133,0.4861825704574585,0.25,4.0,0.3625980019569397,0.24687179923057556,0.012651821862348178,0.00010121457489878542,4.078299045562744,3.6950278282165527,0.09397820342850943,,0.3133678734302521,0.6423230171203613,,0.04366089776158333,,,,,,,0.3108309507369995,0.6459304690361023,,0.04323863238096237,,,,,,,,,,,,,,,,,,,,,,,,,,,,,,,,,,,,,,,,,,,,,,
194,9.22132585438024e-06,9.221325854380241e-05,1.0,33.623611037795605,6.40175030682538,50.969462626689186,3.7753724794130066,3.7753724794130066,3.7753724794130066,0.0,0.0,0.3202537845920872,2.2572522550015837,0.13370800018310547,2.085497675715266,0.06002457077438767,0.02566832465094489,0.0,1.7343046858504012,0.0,0.0,0.0,0.0,0.0,0.0,0.0,0.0,4.000209808349609,1.957181453704834,0.4998939335346222,1.0253400802612305,5.108760356903076,0.9998072385787964,0.5707830190658569,0.25,4.0,0.36135414242744446,0.27780529856681824,0.0020242914979757085,0.0009109311740890688,8.126604080200195,8.013800621032715,0.013880762253733617,,0.31159448623657227,0.6432317495346069,,0.04291705787181854,,,,,,,0.309073269367218,0.6486239433288574,,0.04230281710624695,,,,,,,,,,,,,,,,,,,,,,,,,,,,,,,,,,,,,,,,,,,,,,
195,9.213036285813404e-06,9.213036285813403e-05,1.0,34.09189255173142,6.159327738993877,52.25444731841216,3.705857560441301,3.705857560441301,3.705857560441301,0.0,0.0,0.3206075977634739,2.2907026136243664,0.13502352946513407,2.1255889067778715,0.062318589236285235,0.02912971457919559,0.0,1.7310322941960514,0.0,0.0,0.0,0.0,0.0,0.0,0.0,0.0,2.8834540843963623,2.0046803951263428,0.4998939335346222,1.0446702241897583,5.174030780792236,0.999783456325531,0.6333019137382507,0.25,4.0,0.3617576062679291,0.2987401783466339,0.002327935222672065,0.0009109311740890688,4.722135543823242,4.713044166564941,0.0019252681702863648,,0.31280189752578735,0.6398256421089172,,0.04504602774977684,,,,,,,0.30945712327957153,0.6471831202507019,,0.04335971921682358,,,,,,142.9543724479256,203.93768482394773,0.40130471792038336,88.6891593513908,142.95437425217557,191.27987122681668,245.83920140035127,299.88783134223394,57.60887145996094,118.63763900875121,224.13430985160497,0.7353487223307527,0.4957592081355483,0.08956078563706756,0.10360845355068025,0.0,0.45432968623037256,0.4483398691723612,0.3076909288350717,0.0,0.0,0.0,0.0,0.0,0.7020701463822917,0.8218460298266828,0.9443772672309553,0.9832911948994174,0.32184602982668276,0.14437726723095523,0.03329119489941745,0.06073430801363087,0.0,0.7307692307692307,0.2692307692307692,0.7554945054945055,1.7370542199402066,1.7265229277558378,1.713461547107487,-7.984297752380371,0.00034071365371346474
196,9.204706809515164e-06,9.204706809515165e-05,1.0,31.768557986697637,6.425431122650972,47.18008010451858,3.7959681330500423,3.7959681330500423,3.7959681330500423,0.0,0.0,0.3221026240168391,2.2570409001530827,0.13459410538544525,2.104068240603885,0.06337041468233676,0.02625674814791293,0.0,1.7495447107263513,0.0,0.0,0.0,0.0,0.0,0.0,0.0,0.0,2.4490764141082764,1.949640154838562,0.4998939335346222,1.105413794517517,4.932275772094727,1.000252366065979,0.5225943922996521,0.25,3.6646316051483154,0.3607310652732849,0.26146960258483887,0.006275303643724696,0.0,2.407404899597168,2.4216244220733643,-0.005906577027643189,,0.3104400038719177,0.6446655988693237,,0.04327170550823212,,,,,,,0.3081165552139282,0.6483474373817444,,0.043536022305488586,,,,,,,,,,,,,,,,,,,,,,,,,,,,,,,,,,,,,,,,,,,,,,
197,9.19633750936326e-06,9.19633750936326e-05,1.0,30.88233081714527,6.19505804938239,45.722022804054056,3.7639894227723816,3.7639894227723816,3.7639894227723816,0.0,0.0,0.3213786563357791,2.2535468436576225,0.13551932412224846,2.0707393336940454,0.06107632533924,0.02185753229502085,0.0,1.7376843014278927,0.0,0.0,0.0,0.0,0.0,0.0,0.0,0.0,3.658773899078369,2.546759843826294,0.4998939335346222,1.4549914598464966,6.527190208435059,1.0001177787780762,0.49660056829452515,0.25,4.0,0.36178451776504517,0.2515818178653717,0.006275303643724696,0.0005060728744939271,2.570378303527832,2.432191848754883,0.05376113492060253,,0.3123241364955902,0.6422648429870605,,0.043893780559301376,,,,,,,0.3094998598098755,0.6471570134162903,,0.04334312677383423,,,,,,,,,,,,,,,,,,,,,,,,,,,,,,,,,,,,,,,,,,,,,,
198,9.187928469636449e-06,9.187928469636448e-05,1.0,32.274612014358105,6.377254176784206,48.33684477934966,3.7555838919974662,3.7555838919974662,3.7555838919974662,0.0,0.0,0.32023349968162745,2.2746241801493876,0.1365853773581015,2.061730668351457,0.05979582425710317,0.02542051431295034,0.0,1.7443239366686023,0.0,0.0,0.0,0.0,0.0,0.0,0.0,0.0,2.6076812744140625,2.5616934299468994,0.4998939335346222,1.3356642723083496,6.773961067199707,1.000199556350708,0.5859434008598328,0.25,4.0,0.3604392409324646,0.2856326997280121,0.0057692307692307696,0.00020242914979757084,1.1578888893127441,1.0805237293243408,0.06681570287311661,,0.3105068802833557,0.6423603296279907,,0.045189838856458664,,,,,,,0.3080497980117798,0.6482685208320618,,0.04368164390325546,,,,,,,,,,,,,,,,,,,,,,,,,,,,,,,,,,,,,,,,,,,,,,
199,9.179479775013668e-06,9.179479775013667e-05,1.0,32.255701013513516,6.539633261190878,48.132548564189186,3.77218957849451,3.77218957849451,3.77218957849451,0.0,0.0,0.32303629694758235,2.2281079678922087,0.13648689115369642,2.0461116481471704,0.05541390986055941,0.01755826054392634,0.0,1.7414288907437712,0.0,0.0,0.0,0.0,0.0,0.0,0.0,0.0,3.459564685821533,2.5687103271484375,0.4998939335346222,1.5405336618423462,6.520819187164307,1.0000581741333008,0.5225364565849304,0.25,4.0,0.35957661271095276,0.26432469487190247,0.009716599190283401,0.0004048582995951417,2.6839053630828857,2.4707067012786865,0.07943598337584719,,0.3082042634487152,0.6482093930244446,,0.041748497635126114,,,,,,,0.3060741126537323,0.6518440246582031,,0.04208182170987129,,,,,,,,,,,,,,,,,,,,,,,,,,,,,,,,,,,,,,,,,,,,,,
200,9.170991510573178e-06,9.170991510573176e-05,1.0,33.009323532516895,6.248792081265836,49.97130027977196,3.7379401954444678,3.7379401954444678,3.7379401954444678,0.0,0.0,0.3200244645814638,2.2732457341374577,0.1347225163434003,2.0601190103066935,0.06097283234467377,0.024554257457320754,0.0,1.7402760273701436,0.0,0.0,0.0,0.0,0.0,0.0,0.0,0.0,4.249754905700684,3.044954299926758,0.4998939335346222,1.9674882888793945,7.175720691680908,1.0001814365386963,0.5524882674217224,0.25,4.0,0.36061617732048035,0.273261696100235,0.0057692307692307696,0.00010121457489878542,3.483149528503418,3.3258309364318848,0.04516561542482136,,0.3104792535305023,0.6437006592750549,,0.04403699189424515,,,,,,,0.3078829050064087,0.648735761642456,,0.043381281197071075,,,,,,116.54476402618073,163.8964814653151,0.34372124920825103,43.63961714440649,116.54476142361406,173.26087594245368,230.91924345910596,285.6943390573994,56.96489661080496,98.24346580801084,176.9344714620839,0.7270856604940199,0.4674868685565461,0.0907536097214767,0.11393345840004732,0.0,0.41276062248220635,0.3840549475052044,0.27990496100600565,0.0,0.0,0.0,0.0,0.0,0.6806412370967838,0.8372357187351142,0.9504048953867575,0.9846469532080173,0.33723571873511415,0.1504048953867575,0.03464695320801736,0.07361401194532996,0.0,0.6703296703296703,0.32967032967032966,0.761904761904762,1.665393400978256,1.6528574860357976,1.638433962732881,-7.984145164489746,0.0003407656622584909
201,9.162463761791707e-06,9.162463761791706e-05,1.0,30.24834380278716,6.132442989864865,44.5931957347973,3.7213732745196366,3.7213732745196366,3.7213732745196366,0.0,0.0,0.3221747166401631,2.280784813133446,0.13623827856940193,2.067007116369299,0.05854075019424026,0.02303569220207833,0.0,1.7430578695761192,0.0,0.0,0.0,0.0,0.0,0.0,0.0,0.0,3.2484679222106934,2.809596061706543,0.4998939335346222,1.6277238130569458,7.196773529052734,0.9999179840087891,0.5710413455963135,0.25,4.0,0.3595457375049591,0.2774113118648529,0.010020242914979757,0.0013157894736842105,10.267017364501953,10.200241088867188,0.006503960523690505,,0.3093026876449585,0.6423637866973877,,0.04627110809087753,,,,,,,0.30709177255630493,0.6479930281639099,,0.04491522163152695,,,,,,,,,,,,,,,,,,,,,,,,,,,,,,,,,,,,,,,,,,,,,,
202,9.153896614543592e-06,9.153896614543592e-05,1.0,30.892492345861488,6.287048752243455,45.68910011085304,3.7473915718697213,3.7473915718697213,3.7473915718697213,0.0,0.0,0.32063628531791066,2.2541685362119934,0.1356160189654376,2.06454797693201,0.05940749194170978,0.018667731736157392,0.0,1.7380399961729307,0.0,0.0,0.0,0.0,0.0,0.0,0.0,0.0,2.780266761779785,2.652125120162964,0.4998939335346222,1.4696288108825684,6.721899509429932,1.000023365020752,0.5750215649604797,0.25,4.0,0.3590337038040161,0.28319597244262695,0.002226720647773279,0.00010121457489878542,3.077556610107422,3.09299373626709,-0.005016033209257241,,0.3082379698753357,0.6443727016448975,,0.04502265155315399,,,,,,,0.3053969442844391,0.650902271270752,,0.04370073974132538,,,,,,,,,,,,,,,,,,,,,,,,,,,,,,,,,,,,,,,,,,,,,,
203,9.145290155099908e-06,9.145290155099908e-05,1.0,30.56058646537162,6.437523094383446,44.972649651604726,3.705547435863598,3.705547435863598,3.705547435863598,0.0,0.0,0.3199293291246569,2.2399063110351562,0.13532534161129514,2.046479302483636,0.0590831589054417,0.019177190355352453,0.0,1.73520227380701,0.0,0.0,0.0,0.0,0.0,0.0,0.0,0.0,3.700788974761963,2.4591329097747803,0.4998939335346222,1.4291155338287354,6.167761325836182,0.9999545216560364,0.4755591154098511,0.25,4.0,0.3577342629432678,0.25026535987854004,0.0010121457489878543,0.0005060728744939271,2.705761671066284,2.413769483566284,0.10791496923856268,,0.30465513467788696,0.6535835862159729,,0.040243733674287796,,,,,,,0.3032805621623993,0.6567251682281494,,0.039994314312934875,,,,,,,,,,,,,,,,,,,,,,,,,,,,,,,,,,,,,,,,,,,,,,
204,9.136644470127611e-06,9.13664447012761e-05,1.0,32.317541173986484,6.003036911423142,48.83438027871622,3.7424468994140625,3.7424468994140625,3.7424468994140625,0.0,0.0,0.32147801888955607,2.2577100186734587,0.1351206753704999,2.051073641390414,0.05889871313765242,0.023185277307355725,0.0,1.7489702379381336,0.0,0.0,0.0,0.0,0.0,0.0,0.0,0.0,3.3436496257781982,3.4332845211029053,0.4998939335346222,2.202406883239746,8.45506477355957,1.000569224357605,0.598305881023407,0.25,3.7812180519104004,0.35998761653900146,0.28905415534973145,0.012044534412955466,0.0,2.178906202316284,1.6916472911834717,0.22362546428792224,,0.3094179034233093,0.6445055603981018,,0.04531353339552879,,,,,,,0.30760401487350464,0.6480893492698669,,0.044306665658950806,,,,,,,,,,,,,,,,,,,,,,,,,,,,,,,,,,,,,,,,,,,,,,
205,9.127959646688646e-06,9.127959646688647e-05,1.0,31.83559768264358,6.5877974226668075,47.21401565139358,3.7795290560335726,3.7795290560335726,3.7795290560335726,0.0,0.0,0.32082408183329814,2.2533214672191724,0.1351783597791517,2.0447511415223816,0.06061420569548736,0.022505718308526115,0.0,1.7588092700855151,0.0,0.0,0.0,0.0,0.0,0.0,0.0,0.0,2.399696111679077,2.535353183746338,0.4998939335346222,1.5780292749404907,6.191901206970215,0.9999752640724182,0.4625913202762604,0.25,4.0,0.3557300865650177,0.2502804696559906,0.0016194331983805667,0.0005060728744939271,1.0820729732513428,0.8313525915145874,0.23170376484259375,,0.3011589050292969,0.6574726700782776,,0.04044133797287941,,,,,,,0.3004288077354431,0.6587010025978088,,0.04087022319436073,,,,,,132.70128325577622,197.8000530334312,0.3725243474925826,73.66803762414953,132.7012826161808,187.55977987518307,244.55724061747378,295.4095397958346,46.805637904575896,113.53973016073537,199.50801948879075,0.7387335227927904,0.4812069262943674,0.10054752753536682,0.12170818968482339,0.0,0.4273526217708056,0.42175001129185535,0.30991947340086273,0.0,0.0,0.0,0.0,0.0,0.680488069631588,0.8348539811659521,0.9510644534828332,0.9852881902458686,0.3348539811659521,0.15106445348283315,0.0352881902458686,0.08944340625114507,0.0,0.7142857142857143,0.2857142857142857,0.7783882783882785,1.7229566524971973,1.7110988376559793,1.6975150278636388,-7.984189987182617,0.0003407503536436707
206,9.119235772239096e-06,9.119235772239095e-05,1.0,32.41142974028716,6.200969799144848,48.826640361064186,3.7380622657569678,3.7380622657569678,3.7380622657569678,0.0,0.0,0.3203470127002613,2.264895671122783,0.13598443366385796,2.0595191749366553,0.059962755924946556,0.02326001025534965,0.0,1.7486217601879224,0.0,0.0,0.0,0.0,0.0,0.0,0.0,0.0,4.17958927154541,3.1442136764526367,0.4998939335346222,1.9931120872497559,7.461568355560303,0.9995998740196228,0.5383706092834473,0.25,4.0,0.3554389178752899,0.2701774537563324,0.003137651821862348,0.0010121457489878543,2.843501091003418,2.7700023651123047,0.025847968240158812,,0.30223485827445984,0.6504477262496948,,0.04425867274403572,,,,,,,0.3007732331752777,0.6557226777076721,,0.043504051864147186,,,,,,,,,,,,,,,,,,,,,,,,,,,,,,,,,,,,,,,,,,,,,,
207,9.110472934628274e-06,9.110472934628274e-05,1.0,33.4713035789696,6.31885796624261,50.84365762246622,3.73272705078125,3.73272705078125,3.73272705078125,0.0,0.0,0.3210773210267763,2.2538328428526184,0.13469360970162056,2.052502812565984,0.060383983560510585,0.02642777159407332,0.0,1.75768197549356,0.0,0.0,0.0,0.0,0.0,0.0,0.0,0.0,2.745274543762207,2.912285327911377,0.4998939335346222,1.679598331451416,7.5642828941345215,1.0003474950790405,0.603354275226593,0.25,4.0,0.35479995608329773,0.2962794303894043,0.013461538461538462,0.00010121457489878542,1.1672486066818237,1.1713953018188477,-0.0035525380911028658,,0.30039727687835693,0.6548839211463928,,0.04382215067744255,,,,,,,0.29810112714767456,0.6594900488853455,,0.042408812791109085,,,,,,,,,,,,,,,,,,,,,,,,,,,,,,,,,,,,,,,,,,,,,,
208,9.10167122209786e-06,9.101671222097859e-05,1.0,31.99026736697635,6.217932623785895,47.96378800675676,3.7402702537742822,3.7402702537742822,3.7402702537742822,0.0,0.0,0.3214222160545555,2.261749267578125,0.13793963354987068,2.04694634514886,0.06123779271100018,0.027144602827123693,0.0,1.7640762329101562,0.0,0.0,0.0,0.0,0.0,0.0,0.0,0.0,4.343765735626221,3.0384819507598877,0.4998939335346222,1.5921541452407837,7.850261688232422,0.9997454881668091,0.5559725165367126,0.25,4.0,0.3541983664035797,0.28201529383659363,0.006578947368421052,0.0017206477732793523,4.987434387207031,4.679201126098633,0.0618019681419828,,0.29973945021629333,0.6545417904853821,,0.04313202202320099,,,,,,,0.29628437757492065,0.66246497631073,,0.04125070199370384,,,,,,,,,,,,,,,,,,,,,,,,,,,,,,,,,,,,,,,,,,,,,,
209,9.092830723281e-06,9.092830723281e-05,1.0,30.6241455078125,6.27133137470967,45.161017340582774,3.7509687269056164,3.7509687269056164,3.7509687269056164,0.0,0.0,0.3221863669318122,2.252036223540435,0.1348809036048683,2.0506725826778927,0.059684792080441036,0.025633457544687634,0.0,1.763810647500528,0.0,0.0,0.0,0.0,0.0,0.0,0.0,0.0,4.3953351974487305,2.6504130363464355,0.4998939335346222,1.7439494132995605,6.425995826721191,1.0000405311584473,0.5619869232177734,0.25,4.0,0.35416799783706665,0.28105732798576355,0.005161943319838057,0.0004048582995951417,4.440712928771973,4.070553779602051,0.08335579333931074,,0.2991599142551422,0.6570186614990234,,0.0423588827252388,,,,,,,0.2960083484649658,0.6632407307624817,,0.0407508909702301,,,,,,,,,,,,,,,,,,,,,,,,,,,,,,,,,,,,,,,,,,,,,,
210,9.083951527201422e-06,9.083951527201421e-05,1.0,31.419232342694258,6.236981778531461,46.7631176097973,3.7635856834617822,3.7635856834617822,3.7635856834617822,0.0,0.0,0.3202362576046506,2.238278363202069,0.1346321492581754,2.06265588708826,0.05906795811008762,0.023307586038434826,0.0,1.775995615366343,0.0,0.0,0.0,0.0,0.0,0.0,0.0,0.0,3.5375447273254395,2.7786495685577393,0.4998939335346222,1.9317905902862549,6.637102127075195,0.9998520612716675,0.6071418523788452,0.25,4.0,0.3542524576187134,0.29302579164505005,0.0033400809716599192,0.0011133603238866396,6.876612186431885,6.8536787033081055,0.0033349973071084226,,0.3000534176826477,0.653362512588501,,0.04375384747982025,,,,,,,0.2971886992454529,0.6601719260215759,,0.042639411985874176,,,,,,118.99469530713428,168.91336293279826,0.34266924529490045,52.48839585859697,118.99469339647347,177.457233662017,236.05974825955482,289.4790539790923,51.580072675432476,102.04831222415895,176.7769947881284,0.7487761406211519,0.4518531859225792,0.10493162981368157,0.13485796732411096,0.0,0.39179799479261807,0.3621079490193336,0.2604427509728447,0.0,0.0,0.0,0.0,0.0,0.6669100362854383,0.8449488842475541,0.9541423912645194,0.9862042431570848,0.3449488842475541,0.15414239126451934,0.036204243157084814,0.10027115166171999,0.0,0.6648351648351648,0.33516483516483514,0.7921245421245421,1.6744379578055917,1.6627489593657818,1.6487192953680898,-7.983745574951172,0.0003409018099773675
211,9.075033723272529e-06,9.075033723272529e-05,1.0,32.25033981735642,6.615179113439612,48.029385953336146,3.7677575188714103,3.7677575188714103,3.7677575188714103,0.0,0.0,0.3210139918971706,2.2514867009343327,0.13487025853749868,2.080237105086043,0.057715029329866975,0.019967692929345207,0.0,1.7620410403689823,0.0,0.0,0.0,0.0,0.0,0.0,0.0,0.0,4.490866661071777,2.578996419906616,0.4998939335346222,1.8200737237930298,5.873835563659668,1.0000338554382324,0.541146457195282,0.25,4.0,0.35478469729423523,0.2692004144191742,0.0033400809716599192,0.0003036437246963563,8.869991302490234,8.59658432006836,0.030823816292256844,,0.30064186453819275,0.6537553071975708,,0.04382497817277908,,,,,,,0.2979115843772888,0.6584036350250244,,0.04368482530117035,,,,,,,,,,,,,,,,,,,,,,,,,,,,,,,,,,,,,,,,,,,,,,
212,9.066077401296507e-06,9.066077401296508e-05,1.0,31.607425174197637,6.330424128351985,46.980270798141895,3.7895210884712838,3.7895210884712838,3.7895210884712838,0.0,0.0,0.32157712369351776,2.2589630951752535,0.13648654319144585,2.0803657737938135,0.05659807694924844,0.023017253424670245,0.0,1.7700176754513302,0.0,0.0,0.0,0.0,0.0,0.0,0.0,0.0,4.438669681549072,2.076404571533203,0.4998939335346222,1.3466330766677856,4.970959663391113,0.9994213581085205,0.5249598622322083,0.25,4.0,0.3547382950782776,0.26420676708221436,0.002226720647773279,0.0018218623481781376,26.796958923339844,26.60080337524414,0.007320067499333064,,0.30070990324020386,0.6533976197242737,,0.04296193644404411,,,,,,,0.29704707860946655,0.6611843109130859,,0.0417686402797699,,,,,,,,,,,,,,,,,,,,,,,,,,,,,,,,,,,,,,,,,,,,,,
213,9.057082651463422e-06,9.057082651463422e-05,1.0,30.80964619404561,6.414194055505701,45.330655484586146,3.7703337798247465,3.7703337798247465,3.7703337798247465,0.0,0.0,0.3201677992537215,2.265010524440456,0.1357224954141153,2.083749719568201,0.06244843070571487,0.025431001508558117,0.0,1.768785012734903,0.0,0.0,0.0,0.0,0.0,0.0,0.0,0.0,2.180943012237549,2.32285475730896,0.4998939335346222,1.2235069274902344,6.07273006439209,1.0000072717666626,0.5652849078178406,0.25,4.0,0.3536885976791382,0.2821506857872009,0.00465587044534413,0.0004048582995951417,0.6211689710617065,0.6313489675521851,-0.016388449785376097,,0.29868388175964355,0.6563184857368469,,0.04282752797007561,,,,,,,0.2950310707092285,0.6639951467514038,,0.0409737154841423,,,,,,,,,,,,,,,,,,,,,,,,,,,,,,,,,,,,,,,,,,,,,,
214,9.048049564350303e-06,9.048049564350303e-05,1.0,31.32083377322635,6.188806482263513,46.68042322107264,3.7362864726298564,3.7362864726298564,3.7362864726298564,0.0,0.0,0.32096316363360433,2.22706109124261,0.13508157472352725,2.047390912030194,0.05804979478990709,0.024309092276805156,0.0,1.767676069929793,0.0,0.0,0.0,0.0,0.0,0.0,0.0,0.0,5.06583309173584,2.773184061050415,0.4998939335346222,1.9636493921279907,6.382217884063721,0.9994995594024658,0.5599619150161743,0.25,4.0,0.35488563776016235,0.27713149785995483,0.0024291497975708503,0.001417004048582996,12.981012344360352,12.713058471679688,0.020641985815311053,,0.3012726604938507,0.6517499089241028,,0.043203819543123245,,,,,,,0.29759976267814636,0.6602146625518799,,0.042185552418231964,,,,,,,,,,,,,,,,,,,,,,,,,,,,,,,,,,,,,,,,,,,,,,
215,9.038978230920239e-06,9.038978230920238e-05,1.0,29.62453811233108,6.053837956608953,43.417054872255065,3.7257080078125,3.7257080078125,3.7257080078125,0.0,0.0,0.32093122843149546,2.2604908298801734,0.13545652337976405,2.0761673386032515,0.06137652010531039,0.02367028674563846,0.0,1.7560090760926943,0.0,0.0,0.0,0.0,0.0,0.0,0.0,0.0,2.85429310798645,2.460221767425537,0.4998939335346222,1.2305467128753662,6.552737236022949,1.0004754066467285,0.5652737617492676,0.25,3.910198211669922,0.3534615933895111,0.27833127975463867,0.01568825910931174,0.0,1.8876229524612427,1.8495612144470215,0.02016384573232333,,0.29759466648101807,0.6598621606826782,,0.042196787893772125,,,,,,,0.29464927315711975,0.6647101640701294,,0.04064051806926727,,,,,,124.7477895296537,178.3698035735383,0.35431612698705944,63.66089659470778,124.74779037555197,182.13980980478425,239.64554385651994,293.42453286627904,45.595677512032644,107.22868196354356,185.9223473590353,0.759244098152161,0.47035279599215035,0.11769322076990706,0.14981820079280417,0.0,0.4110690025588904,0.39478879812723616,0.2754512537396535,0.0,0.0,0.0,0.0,0.0,0.6642510443221538,0.845278663295592,0.9543622439632113,0.986387453739328,0.345278663295592,0.1543622439632113,0.03638745373932806,0.11353559781612986,0.0,0.6758241758241759,0.3241758241758242,0.7573260073260072,1.6895585397442618,1.678330781040611,1.6652191205994114,-7.9823899269104,0.00034136418253183365
216,9.029868742521454e-06,9.029868742521454e-05,1.0,31.300731762035472,6.181112340978674,46.71519346494932,3.696089461043074,3.696089461043074,3.696089461043074,0.0,0.0,0.32001907761032516,2.2379799920159416,0.13389753650974584,2.0711329692118876,0.05982754681561444,0.025610938265516952,0.0,1.7500913465345227,0.0,0.0,0.0,0.0,0.0,0.0,0.0,0.0,3.6375982761383057,2.502321481704712,0.4998939335346222,1.6426945924758911,6.019590377807617,1.0001240968704224,0.5570511817932129,0.25,4.0,0.35265615582466125,0.280027836561203,0.0034412955465587046,0.00020242914979757084,3.9184184074401855,3.5569827556610107,0.09224018830987796,,0.2961767911911011,0.6617361307144165,,0.04109747335314751,,,,,,,0.29393017292022705,0.6655679941177368,,0.040501873940229416,,,,,,,,,,,,,,,,,,,,,,,,,,,,,,,,,,,,,,,,,,,,,,
217,9.020721190886395e-06,9.020721190886395e-05,1.0,28.7832691089527,5.903809006149705,41.921258050042226,3.7159910459776184,3.7159910459776184,3.7159910459776184,0.0,0.0,0.3194969538095835,2.2382641354122677,0.13377666473388672,2.0636200775971285,0.05911485568897144,0.02666806530308079,0.0,1.7536748937658362,0.0,0.0,0.0,0.0,0.0,0.0,0.0,0.0,3.530609130859375,2.6923325061798096,0.4998939335346222,1.663681983947754,6.780579090118408,0.9997953772544861,0.5692847371101379,0.25,4.0,0.3531401753425598,0.2819032073020935,0.011133603238866396,0.0012145748987854252,2.618523597717285,2.549102783203125,0.02651143360887723,,0.2981569766998291,0.65537029504776,,0.04369243234395981,,,,,,,0.29527831077575684,0.6630449295043945,,0.04167677462100983,,,,,,,,,,,,,,,,,,,,,,,,,,,,,,,,,,,,,,,,,,,,,,
218,9.011535668130808e-06,9.011535668130807e-05,1.0,32.22593565244932,6.309655679238809,48.300256677576016,3.7548749769056164,3.7548749769056164,3.7548749769056164,0.0,0.0,0.321854153194943,2.265879863017314,0.13415542808738914,2.07240274790171,0.06277976809321223,0.0298992040995005,0.0,1.7645977123363599,0.0,0.0,0.0,0.0,0.0,0.0,0.0,0.0,3.2204174995422363,2.7608883380889893,0.4998939335346222,1.6428951025009155,7.0990495681762695,1.000056505203247,0.5308884382247925,0.25,4.0,0.3530726730823517,0.27309104800224304,0.006275303643724696,0.0004048582995951417,13.663908958435059,13.690794944763184,-0.001967664334555423,,0.2977544665336609,0.6569258570671082,,0.04274251312017441,,,,,,,0.29419076442718506,0.6639571189880371,,0.04185212031006813,,,,,,,,,,,,,,,,,,,,,,,,,,,,,,,,,,,,,,,,,,,,,,
219,9.002312266752803e-06,9.002312266752802e-05,1.0,33.11055611275338,6.227941564611487,50.234520164695944,3.7240349022117822,3.7240349022117822,3.7240349022117822,0.0,0.0,0.3220985000197952,2.2340314710462414,0.13367950594103015,2.06203522553315,0.05930531991494668,0.02437739597784506,0.0,1.767101597141575,0.0,0.0,0.0,0.0,0.0,0.0,0.0,0.0,3.3562026023864746,2.976992130279541,0.4998939335346222,1.9242591857910156,7.154728889465332,1.0001342296600342,0.5669884085655212,0.25,4.0,0.3531532287597656,0.28239163756370544,0.005465587044534413,0.00020242914979757084,13.750116348266602,13.765613555908203,-0.0011270601098262857,,0.29814496636390686,0.6554509401321411,,0.04388727247714996,,,,,,,0.2950686514377594,0.6619580984115601,,0.04297322407364845,,,,,,,,,,,,,,,,,,,,,,,,,,,,,,,,,,,,,,,,,,,,,,
220,8.993051079631929e-06,8.993051079631929e-05,1.0,31.844324060388512,6.295386237067145,47.517013962204395,3.7906477644636825,3.7906477644636825,3.7906477644636825,0.0,0.0,0.32142530905233846,2.2250867276578337,0.13512397456813502,2.0320535608240076,0.058584606325304184,0.025660215197382746,0.0,1.7736872080210093,0.0,0.0,0.0,0.0,0.0,0.0,0.0,0.0,2.65604305267334,3.1697845458984375,0.4998939335346222,2.114933490753174,7.5642828941345215,1.0005394220352173,0.615894615650177,0.25,3.85774564743042,0.35232147574424744,0.30218371748924255,0.014878542510121457,0.0,1.217957854270935,1.2038977146148682,0.011544028068592933,,0.2960018813610077,0.6601527333259583,,0.04336508736014366,,,,,,,0.2929498553276062,0.6655373573303223,,0.04151275008916855,,,,,,117.4979758629432,169.73258903605424,0.3370808080766237,57.44990841372982,117.49797362845217,175.48960434400365,232.32868937206072,288.27307556698634,47.98723384312221,98.53878920207652,181.24385137143344,0.7739932949157932,0.4791992955368698,0.12153691317298157,0.1603585314660821,0.0,0.41300626574753996,0.3933905020464176,0.28411257192544326,0.0,0.0,0.0,0.0,0.0,0.65235268673807,0.8513612546260672,0.9587226558206002,0.9879447436883955,0.35136125462606715,0.1587226558206002,0.03794474368839551,0.12297094280165623,0.0,0.6923076923076923,0.3076923076923077,0.7216117216117215,1.6598152072875054,1.6493298968116006,1.6363748908042908,-7.982339382171631,0.00034138147020712495
221,8.983752200028242e-06,8.983752200028241e-05,1.0,31.75530181059966,6.168180311048353,47.485846442145274,3.7736515354465796,3.7736515354465796,3.7736515354465796,0.0,0.0,0.32057553368645747,2.252879374736064,0.1355512335493758,2.0416802071236275,0.059213696299372495,0.02375101076590048,0.0,1.7743598319388725,0.0,0.0,0.0,0.0,0.0,0.0,0.0,0.0,3.65488600730896,3.0112862586975098,0.4998939335346222,2.26511812210083,6.781239032745361,1.0002062320709229,0.5130872130393982,0.25,4.0,0.3525456488132477,0.26641470193862915,0.005060728744939271,0.00010121457489878542,2.6777546405792236,2.2179086208343506,0.17172821317393142,,0.2963878810405731,0.6600348949432373,,0.04198642447590828,,,,,,,0.29382550716400146,0.6647415161132812,,0.04143292456865311,,,,,,,,,,,,,,,,,,,,,,,,,,,,,,,,,,,,,,,,,,,,,,
222,8.974415721581351e-06,8.97441572158135e-05,1.0,30.53482303103885,6.204654178103885,44.942405906883444,3.813030346019848,3.813030346019848,3.813030346019848,0.0,0.0,0.3213611808983055,2.2302173923801734,0.13428238275888804,2.0346065211940454,0.05964550456485233,0.021301707705935917,0.0,1.763448766759924,0.0,0.0,0.0,0.0,0.0,0.0,0.0,0.0,3.023193120956421,2.7808821201324463,0.4998939335346222,1.797552227973938,6.636456489562988,1.0002350807189941,0.5420809388160706,0.25,4.0,0.35236164927482605,0.2770518362522125,0.010121457489878543,0.00010121457489878542,3.254077434539795,3.1955602169036865,0.017982736678294243,,0.2956054210662842,0.662608802318573,,0.04087499529123306,,,,,,,0.2934357523918152,0.6662570238113403,,0.04030719771981239,,,,,,,,,,,,,,,,,,,,,,,,,,,,,,,,,,,,,,,,,,,,,,
223,8.965041738309492e-06,8.965041738309492e-05,1.0,32.5773265941723,6.292188902158995,49.0220848289696,3.769756420238598,3.769756420238598,3.769756420238598,0.0,0.0,0.3210945902643977,2.236535149651605,0.13468849336778796,2.03742300497519,0.05865730466069402,0.025192877730807743,0.0,1.7702496502850507,0.0,0.0,0.0,0.0,0.0,0.0,0.0,0.0,3.3997161388397217,3.126386880874634,0.4998939335346222,1.955039143562317,7.653448104858398,1.0004254579544067,0.5471926927566528,0.25,3.822138547897339,0.35335880517959595,0.27826061844825745,0.01771255060728745,0.0,1.751146912574768,1.754288911819458,-0.0017942522252859744,,0.29771509766578674,0.6587145924568176,,0.04251372814178467,,,,,,,0.29444387555122375,0.6643348336219788,,0.04122132435441017,,,,,,,,,,,,,,,,,,,,,,,,,,,,,,,,,,,,,,,,,,,,,,
224,8.955630344608575e-06,8.955630344608574e-05,1.0,30.624096019847972,6.213990495011613,45.216367979307435,3.7575634105785474,3.7575634105785474,3.7575634105785474,0.0,0.0,0.31941885561556427,2.242152652224979,0.1356329144658269,2.0361406480943836,0.060411305040926545,0.024382821611455968,0.0,1.7712375537769214,0.0,0.0,0.0,0.0,0.0,0.0,0.0,0.0,2.6057326793670654,2.82513689994812,0.4998939335346222,1.7887964248657227,7.051372528076172,0.9997833371162415,0.5834382772445679,0.25,4.0,0.35210245847702026,0.29718682169914246,0.004352226720647773,0.0008097165991902834,1.1331143379211426,1.133167028427124,-4.65006082952877e-05,,0.2958069443702698,0.6603572964668274,,0.04072802886366844,,,,,,,0.29325300455093384,0.6667805910110474,,0.03996645286679268,,,,,,,,,,,,,,,,,,,,,,,,,,,,,,,,,,,,,,,,,,,,,,
225,8.946181635251226e-06,8.946181635251224e-05,1.0,32.115079312711146,6.36971056139147,48.0552978515625,3.756492820945946,3.756492820945946,3.756492820945946,0.0,0.0,0.3201264304083747,2.23549239699905,0.13535060109318914,2.022793744061444,0.05846289041880015,0.02170986742586703,0.0,1.7667248700116132,0.0,0.0,0.0,0.0,0.0,0.0,0.0,0.0,2.634619951248169,3.4488565921783447,0.4998939335346222,1.936039686203003,8.862557411193848,1.0001715421676636,0.6380524039268494,0.25,4.0,0.3534509837627411,0.31214848160743713,0.011538461538461539,0.0008097165991902834,1.1703388690948486,1.1073424816131592,0.053827476079993365,,0.2988176643848419,0.654038667678833,,0.04468388482928276,,,,,,,0.2951900064945221,0.6628435850143433,,0.041966408491134644,,,,,,183.8815721155523,269.11995535715295,0.4877249801402901,152.06221031356642,183.88157033970052,226.97729885264297,275.9381444308831,329.12579380624925,42.45057078770229,150.74612509557443,298.32699983016306,0.768190741366032,0.5433288473840158,0.12536306675183914,0.15564921618080102,0.0,0.4882142833402662,0.5202999932591038,0.37283718110014935,0.0,0.0,0.0,0.0,0.0,0.6787314813525699,0.8282950423216445,0.9520721116851709,0.9874500751163388,0.3282950423216445,0.15207211168517087,0.0374500751163388,0.11862885200249167,0.0,0.7582417582417582,0.24175824175824176,0.6767399267399267,1.879110377240967,1.8697231470883549,1.8583802446559234,-7.982866287231445,0.00034120166674256325
226,8.936695705385847e-06,8.936695705385846e-05,1.0,30.545779666385137,6.2193145751953125,45.12540580130912,3.7211497538798564,3.7211497538798564,3.7211497538798564,0.0,0.0,0.3213139869071342,2.2429489960541598,0.13330080702498154,2.0438215925886825,0.06060847076209816,0.0176179779542459,0.0,1.7595233401736698,0.0,0.0,0.0,0.0,0.0,0.0,0.0,0.0,2.109710931777954,3.160008430480957,0.4998939335346222,2.1858012676239014,7.345887660980225,1.0003408193588257,0.524621307849884,0.25,4.0,0.3512096703052521,0.272867888212204,0.012145748987854251,0.00010121457489878542,0.5278034210205078,0.506499707698822,0.04036296938071198,,0.29397720098495483,0.6629741787910461,,0.04209525138139725,,,,,,,0.2921712398529053,0.6667596101760864,,0.04106912389397621,,,,,,,,,,,,,,,,,,,,,,,,,,,,,,,,,,,,,,,,,,,,,,
227,8.927172650535642e-06,8.927172650535642e-05,1.0,28.589724978885137,5.94391528980152,41.45557960304054,3.7509316109322213,3.7509316109322213,3.7509316109322213,0.0,0.0,0.3215697520488017,2.2162723025760136,0.13385896424989444,2.010674966348184,0.056839433876243795,0.020694692392606993,0.0,1.7593165217219173,0.0,0.0,0.0,0.0,0.0,0.0,0.0,0.0,2.047679901123047,2.95371675491333,0.4998939335346222,1.8787662982940674,7.09212064743042,1.0000391006469727,0.5070347189903259,0.25,4.0,0.35202744603157043,0.26876112818717957,0.004858299595141701,0.0004048582995951417,0.6908714175224304,0.6524453163146973,0.05561975822582873,,0.29610830545425415,0.658272922039032,,0.04249868169426918,,,,,,,0.29263392090797424,0.6667757034301758,,0.04059039428830147,,,,,,,,,,,,,,,,,,,,,,,,,,,,,,,,,,,,,,,,,,,,,,
228,8.917612566597672e-06,8.917612566597672e-05,1.0,29.33218631228885,6.042608312658362,42.855462151604726,3.731486140070735,3.731486140070735,3.731486140070735,0.0,0.0,0.31970787048339844,2.246808232487859,0.1342663507203798,2.0331109536660685,0.06310209712466679,0.022944890164040232,0.0,1.7480745057801943,0.0,0.0,0.0,0.0,0.0,0.0,0.0,0.0,2.7817654609680176,3.2658095359802246,0.4998939335346222,2.1714401245117188,7.653448104858398,1.0001647472381592,0.49133336544036865,0.25,4.0,0.35292288661003113,0.26370441913604736,0.007995951417004049,0.0004048582995951417,1.5451728105545044,1.533118486404419,0.00780127896876441,,0.29727432131767273,0.658324658870697,,0.041961412876844406,,,,,,,0.2943670451641083,0.6647069454193115,,0.04092598333954811,,,,,,,,,,,,,,,,,,,,,,,,,,,,,,,,,,,,,,,,,,,,,,
229,8.908015549841876e-06,8.908015549841876e-05,1.0,29.788603911528718,6.154543077623522,43.628721494932435,3.751207093934755,3.751207093934755,3.751207093934755,0.0,0.0,0.32079013618263036,2.2414880701013513,0.13535015003101245,2.012723561879751,0.06021235440228436,0.021176919743821427,0.0,1.7540520332955025,0.0,0.0,0.0,0.0,0.0,0.0,0.0,0.0,2.8465569019317627,3.601773500442505,0.4998939335346222,2.041872262954712,9.233617782592773,0.9999629259109497,0.6107640862464905,0.25,4.0,0.35218068957328796,0.30568748712539673,0.004959514170040486,0.000708502024291498,1.8920750617980957,1.7715301513671875,0.06371042717319617,,0.29675719141960144,0.6561904549598694,,0.043196503072977066,,,,,,,0.2930452823638916,0.6658908128738403,,0.04106385260820389,,,,,,,,,,,,,,,,,,,,,,,,,,,,,,,,,,,,,,,,,,,,,,
230,8.898381696910102e-06,8.898381696910102e-05,1.0,32.6159568992821,6.282953623178843,49.16521391997466,3.7463877909892314,3.7463877909892314,3.7463877909892314,0.0,0.0,0.32114737742655985,2.235704989046664,0.1354136982479611,2.017267794222445,0.0595118032919394,0.020101225053941883,0.0,1.7601778185045398,0.0,0.0,0.0,0.0,0.0,0.0,0.0,0.0,2.3449907302856445,3.325465202331543,0.570283830165863,2.120103359222412,7.989474773406982,1.0001507997512817,0.5036631226539612,0.25,4.0,0.35148778557777405,0.27072808146476746,0.007186234817813765,0.00010121457489878542,0.887740433216095,0.8487583994865417,0.04391152218709876,,0.2942139804363251,0.6639067530632019,,0.04017948359251022,,,,,,,0.29231536388397217,0.667982280254364,,0.03970235586166382,,,,,,119.85046078608586,178.38036399618167,0.31183964846628337,24.92372741280021,119.85046259699635,177.7486359871218,235.27019866065874,286.4801277915726,16.671358380998885,100.72843805948894,189.1764314070992,0.7613318450032656,0.4501341642065046,0.09294729355353447,0.14241453316364158,0.0,0.3734815645345376,0.346314224856576,0.20445773639519357,0.0,0.0,0.0,0.0,0.0,0.6476874326425347,0.8596973361181341,0.961324246088454,0.9882378806199846,0.35969733611813415,0.16132424608845397,0.03823788061998468,0.12896192884100985,0.0,0.6208791208791209,0.3791208791208791,0.7326007326007326,1.645367124905953,1.6332418021264967,1.6191990942090422,-7.98327112197876,0.00034106356906704605
231,8.888711104815145e-06,8.888711104815145e-05,1.0,32.168668179898646,6.270269445470862,48.22958786423142,3.764366356102196,3.764366356102196,3.764366356102196,0.0,0.0,0.32129457834604624,2.266412889635241,0.1350601170514081,2.0285741445180534,0.05942429722966375,0.02090537386971551,0.0,1.7674341975031673,0.0,0.0,0.0,0.0,0.0,0.0,0.0,0.0,2.6611058712005615,3.5112781524658203,0.4998939335346222,2.168261766433716,8.638681411743164,1.0002481937408447,0.47638753056526184,0.25,3.553895950317383,0.3510679602622986,0.25739917159080505,0.008502024291497975,0.0,1.2909948825836182,1.3106334209442139,-0.015211941290808105,,0.29436159133911133,0.6604278683662415,,0.042677294462919235,,,,,,,0.2911602854728699,0.6681703329086304,,0.040669411420822144,,,,,,,,,,,,,,,,,,,,,,,,,,,,,,,,,,,,,,,,,,,,,,
232,8.879003870939762e-06,8.879003870939762e-05,1.0,32.1655372413429,6.438507904877534,48.04838273331926,3.772943032754434,3.772943032754434,3.772943032754434,0.0,0.0,0.3223425633198506,2.248146469528611,0.13592124629665064,2.011935466044658,0.06090557897413099,0.02644041905532012,0.0,1.7590622773041595,0.0,0.0,0.0,0.0,0.0,0.0,0.0,0.0,2.3857178688049316,4.24378776550293,0.5308367609977722,2.8501267433166504,10.1589937210083,1.000335454940796,0.5815525650978088,0.25,3.98978328704834,0.3518722355365753,0.30030733346939087,0.012550607287449392,0.0,1.2978975772857666,1.247025489807129,0.039195764264406865,,0.29597029089927673,0.6577273607254028,,0.0437992624938488,,,,,,,0.2926838994026184,0.6654893159866333,,0.041826777160167694,,,,,,,,,,,,,,,,,,,,,,,,,,,,,,,,,,,,,,,,,,,,,,
233,8.869260093035687e-06,8.869260093035688e-05,1.0,30.773632152660472,6.147514137061867,45.677632099873314,3.7112043226087414,3.7112043226087414,3.7112043226087414,0.0,0.0,0.3226330989115947,2.2563919892182223,0.13460520151499156,2.014872370539485,0.05928440996118494,0.02052932172208219,0.0,1.7621020755252323,0.0,0.0,0.0,0.0,0.0,0.0,0.0,0.0,2.704042911529541,3.6653330326080322,0.5300338268280029,2.4762327671051025,8.7251558303833,1.0000629425048828,0.5423131585121155,0.25,4.0,0.3487125337123871,0.2861044108867645,0.006477732793522267,0.0003036437246963563,1.1357977390289307,1.1295466423034668,0.005503705907011531,,0.2898696959018707,0.667015016078949,,0.041160427033901215,,,,,,,0.2881767451763153,0.6709168553352356,,0.0409063994884491,,,,,,,,,,,,,,,,,,,,,,,,,,,,,,,,,,,,,,,,,,,,,,
234,8.859479869222656e-06,8.859479869222656e-05,1.0,30.822301916173988,6.101669723923142,45.791553394214525,3.728695843670819,3.728695843670819,3.728695843670819,0.0,0.0,0.32168942528801997,2.2499744312183276,0.13308655249105916,2.001925700419658,0.060832461795291386,0.026278083388869826,0.0,1.762035472972973,0.0,0.0,0.0,0.0,0.0,0.0,0.0,0.0,2.2989301681518555,3.608449697494507,0.5254213809967041,2.3438775539398193,8.672492980957031,1.0001397132873535,0.5599115490913391,0.25,4.0,0.3480132222175598,0.2953166961669922,0.006477732793522267,0.00010121457489878542,1.0070784091949463,0.6597700119018555,0.34486728552817203,,0.28895124793052673,0.6669600009918213,,0.04179881513118744,,,,,,,0.28655755519866943,0.6730650663375854,,0.04037734866142273,,,,,,,,,,,,,,,,,,,,,,,,,,,,,,,,,,,,,,,,,,,,,,
235,8.849663297987415e-06,8.849663297987415e-05,1.0,32.725958746832774,6.1636336043074325,49.587976404138516,3.708183907173775,3.708183907173775,3.708183907173775,0.0,0.0,0.3213539896784602,2.2248411436338684,0.13371698276416674,2.0100881215688347,0.06009443386180981,0.019258929265512002,0.0,1.7598926441089526,0.0,0.0,0.0,0.0,0.0,0.0,0.0,0.0,3.4958715438842773,3.760432243347168,0.5609491467475891,2.7963647842407227,8.405668258666992,1.0001500844955444,0.5237875580787659,0.25,4.0,0.3494989275932312,0.2730557322502136,0.006174089068825911,0.00020242914979757084,1.6757924556732178,1.59714674949646,0.04693045723562671,,0.2918117344379425,0.6625967621803284,,0.043180834501981735,,,,,,,0.2894054055213928,0.6677929162979126,,0.042801737785339355,,,,,,104.87787462590815,150.92991845891518,0.3000783439502058,25.46524766775278,104.8778751885253,167.57966946191598,224.91086899616045,277.67528149644846,35.7400267464774,91.70444062698719,152.34174247409987,0.7303180466141616,0.45511488949947265,0.1111914726153145,0.1716753680753955,0.0,0.3731021233177228,0.34942467286470097,0.23889424559721514,0.0,0.0,0.0,0.0,0.0,0.6456412106517424,0.8614195155912205,0.9626433622806053,0.9887508702502656,0.36141951559122054,0.16264336228060527,0.03875087025026569,0.12245795317137517,0.0,0.6263736263736264,0.37362637362637363,0.8086080586080587,1.6167335520078847,1.6032265044830658,1.587699021939393,-7.983236789703369,0.00034107526880688965
236,8.839810478182728e-06,8.839810478182727e-05,1.0,31.091968433277028,6.108778257627745,46.279996304898646,3.7549496212521114,3.7549496212521114,3.7549496212521114,0.0,0.0,0.32131818822912267,2.2231070028769,0.13323843156969226,2.009815937763936,0.06075368700800715,0.02112494288264094,0.0,1.7703622354043496,0.0,0.0,0.0,0.0,0.0,0.0,0.0,0.0,2.04672908782959,3.0951051712036133,0.4998939335346222,1.9032342433929443,7.728555202484131,1.0000410079956055,0.5434970855712891,0.25,4.0,0.34533607959747314,0.2875349521636963,0.004858299595141701,0.0003036437246963563,0.8183033466339111,0.6872164607048035,0.16019351071742924,,0.28428956866264343,0.6723814606666565,,0.040855616331100464,,,,,,,0.28172051906585693,0.6784330606460571,,0.039846427738666534,,,,,,,,,,,,,,,,,,,,,,,,,,,,,,,,,,,,,,,,,,,,,,
237,8.829921509026378e-06,8.829921509026379e-05,1.0,29.921924487964528,6.085047541437922,43.96412782411318,3.7629213075380066,3.7629213075380066,3.7629213075380066,0.0,0.0,0.32176265201053106,2.2025002144478463,0.1343195373947556,1.9946802500131968,0.05778170276332546,0.01894149909148345,0.0,1.7786842552391258,0.0,0.0,0.0,0.0,0.0,0.0,0.0,0.0,4.152695655822754,2.7351205348968506,0.4998939335346222,1.9303760528564453,6.072139263153076,1.0001815557479858,0.4992591142654419,0.25,4.0,0.34596264362335205,0.27234336733818054,0.00597165991902834,0.00010121457489878542,3.6413912773132324,3.5028605461120605,0.038043352293463374,,0.28453001379966736,0.6750789284706116,,0.039546284824609756,,,,,,,0.28173166513442993,0.6794726848602295,,0.03879568725824356,,,,,,,,,,,,,,,,,,,,,,,,,,,,,,,,,,,,,,,,,,,,,,
238,8.819996490100178e-06,8.819996490100178e-05,1.0,28.640539220861488,6.109489234718117,41.368751319679056,3.7519630225929053,3.7519630225929053,3.7519630225929053,0.0,0.0,0.319831049120104,2.23925595670133,0.13132121111895587,2.032772785908467,0.06032069309337719,0.02312611889194798,0.0,1.7674123403188344,0.0,0.0,0.0,0.0,0.0,0.0,0.0,0.0,2.651789665222168,3.118624687194824,0.4998939335346222,2.1826019287109375,7.203805446624756,1.0000649690628052,0.458162397146225,0.25,3.619814872741699,0.34643876552581787,0.25489160418510437,0.0016194331983805667,0.0,1.119666337966919,1.1409956216812134,-0.019049678454229474,,0.28646746277809143,0.6689121127128601,,0.041866008192300797,,,,,,,0.2829812169075012,0.6760140657424927,,0.041004687547683716,,,,,,,,,,,,,,,,,,,,,,,,,,,,,,,,,,,,,,,,,,,,,,
239,8.810035521348958e-06,8.810035521348958e-05,1.0,30.861222550675677,6.472873584644215,45.42015281883446,3.774334056957348,3.774334056957348,3.774334056957348,0.0,0.0,0.3212758141594964,2.214856328190984,0.13304654971973315,2.0110300424936653,0.059603600888638884,0.02099260607281247,0.0,1.7660804954735008,0.0,0.0,0.0,0.0,0.0,0.0,0.0,0.0,3.4399971961975098,2.847885847091675,0.4998939335346222,1.8218519687652588,6.642940044403076,1.0000489950180054,0.47914719581604004,0.25,4.0,0.3461434841156006,0.26351457834243774,0.01305668016194332,0.0006072874493927126,2.80849552154541,2.6697285175323486,0.04940972949698821,,0.2850908637046814,0.6736504435539246,,0.03966401889920235,,,,,,,0.2821747064590454,0.6789473295211792,,0.03887791931629181,,,,,,,,,,,,,,,,,,,,,,,,,,,,,,,,,,,,,,,,,,,,,,
240,8.80003870307956e-06,8.800038703079561e-05,1.0,32.2766014305321,6.1692352294921875,48.62423788534628,3.726619411159206,3.726619411159206,3.726619411159206,0.0,0.0,0.3208270201811919,2.26054877203864,0.1346788148622255,2.0339771992451436,0.05862309481646564,0.020497173876375764,0.0,1.7614867751662795,0.0,0.0,0.0,0.0,0.0,0.0,0.0,0.0,3.3779287338256836,3.4076974391937256,0.4998939335346222,2.202406883239746,8.162981033325195,0.9993588328361511,0.5687960982322693,0.25,4.0,0.34716203808784485,0.2942943572998047,0.003947368421052632,0.0013157894736842105,2.3112874031066895,2.2394444942474365,0.0310835029701136,,0.2885274291038513,0.6638444066047668,,0.042964935302734375,,,,,,,0.2845110297203064,0.674053430557251,,0.04143552482128143,,,,,,110.82632167522723,160.95816717337505,0.30756822458543487,32.60014538188557,110.8263211676853,169.35441349489017,225.42289635363113,278.59810557396764,35.5782356262207,90.50768002059108,179.25765593155572,0.734647763203065,0.4556989035199176,0.09994978065686441,0.16172397939682182,0.0,0.369382588822213,0.3565139351110316,0.25803366774837305,0.0,0.0,0.0,0.0,0.0,0.6428468377836113,0.8638378952768312,0.9642922575207944,0.9895203546956872,0.3638378952768312,0.16429225752079435,0.039520354695687265,0.11729141475211609,0.0,0.6483516483516484,0.3516483516483517,0.7783882783882783,1.6207654784013936,1.6063032238693027,1.5905518590748966,-7.982511520385742,0.0003413227095734328
241,8.790006135959837e-06,8.790006135959836e-05,1.0,31.138879724451012,6.250994708086993,46.26234559755068,3.7274112185916386,3.7274112185916386,3.7274112185916386,0.0,0.0,0.3212930318471548,2.2584671845307223,0.13482743340569572,2.0360449713629647,0.061244610193613415,0.0253081692231668,0.0,1.746945149189717,0.0,0.0,0.0,0.0,0.0,0.0,0.0,0.0,3.5661799907684326,2.8765666484832764,0.4998939335346222,1.6853489875793457,6.7825608253479,1.0000221729278564,0.46960747241973877,0.25,4.0,0.34652870893478394,0.2605572044849396,0.004251012145748988,0.0005060728744939271,2.341813087463379,2.309674024581909,0.01372400856990783,,0.28629788756370544,0.6703022122383118,,0.04107470437884331,,,,,,,0.2823961675167084,0.6785723567008972,,0.039031483232975006,,,,,,,,,,,,,,,,,,,,,,,,,,,,,,,,,,,,,,,,,,,,,,
242,8.779937921017624e-06,8.779937921017623e-05,1.0,31.617114917652028,6.182069933092272,47.27278425886824,3.745509792018581,3.745509792018581,3.745509792018581,0.0,0.0,0.32128870165025863,2.2302957483240076,0.1339831996608425,2.015855119035051,0.058729094427985115,0.027189412632504024,0.0,1.7493521200644004,0.0,0.0,0.0,0.0,0.0,0.0,0.0,0.0,2.53950834274292,3.3395028114318848,0.4998939335346222,2.0190696716308594,8.291528701782227,0.9999932050704956,0.5289536714553833,0.25,4.0,0.34807634353637695,0.27741166949272156,0.0037449392712550606,0.00020242914979757084,2.6423256397247314,2.5278451442718506,0.043325657417761364,,0.29046615958213806,0.6600683927536011,,0.04532501474022865,,,,,,,0.2852834165096283,0.6728910207748413,,0.041825566440820694,,,,,,,,,,,,,,,,,,,,,,,,,,,,,,,,,,,,,,,,,,,,,,
243,8.769834159639737e-06,8.769834159639735e-05,1.0,27.896398595861488,6.0573713972761825,39.980676599451016,3.737586768897804,3.737586768897804,3.737586768897804,0.0,0.0,0.32080181224926096,2.2201237034153296,0.13358403540946343,2.0028830863334037,0.061475869771596546,0.022567531547030888,0.0,1.746037869840055,0.0,0.0,0.0,0.0,0.0,0.0,0.0,0.0,4.040252685546875,3.162792205810547,0.4998939335346222,2.121656894683838,7.203805446624756,0.999622642993927,0.5654807090759277,0.25,4.0,0.3483957350254059,0.29332414269447327,0.00465587044534413,0.0018218623481781376,6.371932029724121,5.86612606048584,0.07938031461710061,,0.2903444170951843,0.6627227067947388,,0.043574556708335876,,,,,,,0.28604841232299805,0.6728888750076294,,0.04106272757053375,,,,,,,,,,,,,,,,,,,,,,,,,,,,,,,,,,,,,,,,,,,,,,
244,8.759694953570939e-06,8.75969495357094e-05,1.0,31.71849266258446,6.031964276288007,47.606573981207774,3.757134927285684,3.757134927285684,3.757134927285684,0.0,0.0,0.32156807667500265,2.227184192554371,0.13435843184187607,2.0131186407965584,0.057404614783622125,0.02353121461095037,0.0,1.7515277347049198,0.0,0.0,0.0,0.0,0.0,0.0,0.0,0.0,3.2636823654174805,3.296834945678711,0.4998939335346222,2.430710792541504,7.447009563446045,1.0000439882278442,0.49624326825141907,0.25,4.0,0.34992271661758423,0.26282525062561035,0.008502024291497975,0.00020242914979757084,1.7627812623977661,1.7266048192977905,0.020522366485089448,,0.2922322154045105,0.6632772088050842,,0.04249001294374466,,,,,,,0.28896665573120117,0.6691591739654541,,0.04187418520450592,,,,,,,,,,,,,,,,,,,,,,,,,,,,,,,,,,,,,,,,,,,,,,
245,8.749520404912924e-06,8.749520404912923e-05,1.0,30.94195391680743,6.063805657464105,46.020365947001686,3.761049425279772,3.761049425279772,3.761049425279772,0.0,0.0,0.32098829424059067,2.2134308686127535,0.13219973847672745,2.012227238835515,0.05915596678450301,0.019017495013572073,0.0,1.7509085165487754,0.0,0.0,0.0,0.0,0.0,0.0,0.0,0.0,2.6288888454437256,3.4528913497924805,0.4998939335346222,2.4141509532928467,7.976994037628174,1.0000839233398438,0.5177568793296814,0.25,4.0,0.3483913838863373,0.27754852175712585,0.0025303643724696357,0.0003036437246963563,1.2478007078170776,1.3208367824554443,-0.058531842609816406,,0.2901620864868164,0.6636085510253906,,0.0429733507335186,,,,,,,0.2863799035549164,0.6720812320709229,,0.041538819670677185,,,,,,118.9857544532189,167.7490318455752,0.35040284141771905,64.21608629331485,118.98575645381639,175.6629583784818,232.004723475253,287.8829247957503,55.62083544049944,104.31489598473837,169.7704321819803,0.7161559296892708,0.48687230424863925,0.13278463031377385,0.18593665375100155,0.0,0.41449846853525235,0.42988934135704476,0.2925537401769932,0.0,0.0,0.0,0.0,0.0,0.6594734574897586,0.8515811073247591,0.9604631563519109,0.9888974387160603,0.3515811073247591,0.16046315635191089,0.03889743871606033,0.11058590744201385,0.0,0.6978021978021978,0.3021978021978022,0.7847985347985347,1.6543359013049157,1.6411438882350922,1.6265622326633433,-7.982060432434082,0.0003414766688365489
246,8.739310616123284e-06,8.739310616123283e-05,1.0,26.63476067620355,5.878702112146326,37.52110496727196,3.799241761903505,3.799241761903505,3.799241761903505,0.0,0.0,0.3217090658239416,2.2117148734427787,0.13471447454916463,1.9939393739442568,0.058936711904164905,0.02208024263381958,0.0,1.7475693161423143,0.0,0.0,0.0,0.0,0.0,0.0,0.0,0.0,3.433199882507324,3.7544007301330566,0.5279674530029297,2.7076845169067383,8.405668258666992,0.9997225403785706,0.5369524955749512,0.25,4.0,0.3482845425605774,0.2893046438694,0.004251012145748988,0.0010121457489878543,2.443652868270874,2.189502239227295,0.1040043912715867,,0.290270060300827,0.662534236907959,,0.043095674365758896,,,,,,,0.28610461950302124,0.6721147894859314,,0.04178062081336975,,,,,,,,,,,,,,,,,,,,,,,,,,,,,,,,,,,,,,,,,,,,,,
247,8.729065690014477e-06,8.729065690014478e-05,1.0,33.923023120777025,6.666764542863175,51.3965965477196,3.7445728198902026,3.7445728198902026,3.7445728198902026,0.0,0.0,0.32194062825795766,2.2479377952781885,0.13354617196160393,2.0177733962600297,0.058825196446599184,0.019524360025251233,0.0,1.7392077059359163,0.0,0.0,0.0,0.0,0.0,0.0,0.0,0.0,2.553797721862793,4.342513561248779,0.4998939335346222,2.557957410812378,11.027483940124512,1.000465989112854,0.5387092232704163,0.25,4.0,0.3500051498413086,0.28499940037727356,0.015789473684210527,0.00020242914979757084,1.6388862133026123,1.2356901168823242,0.24601835877780973,,0.2935802638530731,0.6571398973464966,,0.04631173238158226,,,,,,,0.2881835699081421,0.6694563627243042,,0.042360030114650726,,,,,,,,,,,,,,,,,,,,,,,,,,,,,,,,,,,,,,,,,,,,,,
248,8.718785729752798e-06,8.718785729752799e-05,1.0,30.384627058699323,6.127253764384502,44.78067923880912,3.7974944243559965,3.7974944243559965,3.7974944243559965,0.0,0.0,0.3214709565446183,2.2199436909443624,0.13380964382274732,1.9793987789669552,0.057695060162930877,0.019207163436992747,0.0,1.7489904455236487,0.0,0.0,0.0,0.0,0.0,0.0,0.0,0.0,3.7076377868652344,3.4733126163482666,0.5036917924880981,2.597604990005493,7.490772247314453,0.9998887777328491,0.5427347421646118,0.25,4.0,0.3469577431678772,0.2897406816482544,0.0024291497975708503,0.0005060728744939271,4.171838283538818,4.026795864105225,0.03476702824409568,,0.28783661127090454,0.6655769944190979,,0.04340813681483269,,,,,,,0.28491225838661194,0.6734069585800171,,0.04168082773685455,,,,,,,,,,,,,,,,,,,,,,,,,,,,,,,,,,,,,,,,,,,,,,
249,8.70847083885733e-06,8.70847083885733e-05,1.0,33.007574957770274,6.596031395164696,49.650938291807435,3.7410253576330237,3.7410253576330237,3.7410253576330237,0.0,0.0,0.3198681135435362,2.241674887167441,0.1327609886994233,2.0095924171241553,0.05831106289013012,0.02241199081008499,0.0,1.7416480811866555,0.0,0.0,0.0,0.0,0.0,0.0,0.0,0.0,5.1790771484375,3.484764814376831,0.4998939335346222,2.5900063514709473,7.683403015136719,1.0001542568206787,0.5251120924949646,0.25,4.0,0.3472302258014679,0.2802618145942688,0.006072874493927126,0.0005060728744939271,7.451988220214844,6.567998886108398,0.11862462848618936,,0.2871783971786499,0.6701851487159729,,0.042025621980428696,,,,,,,0.2849798798561096,0.6737711429595947,,0.04124898836016655,,,,,,,,,,,,,,,,,,,,,,,,,,,,,,,,,,,,,,,,,,,,,,
250,8.698121121198912e-06,8.698121121198913e-05,1.0,27.440875079180742,5.878400235562711,39.19115881017736,3.7739134092588684,3.7739134092588684,3.7739134092588684,0.0,0.0,0.3215514002619563,2.2119847890493034,0.13241990836890968,1.9815754246067356,0.0578298890912855,0.020982291247393633,0.0,1.7477748973949536,0.0,0.0,0.0,0.0,0.0,0.0,0.0,0.0,2.314054250717163,3.443652629852295,0.4998939335346222,2.1788747310638428,8.422101974487305,1.000006079673767,0.5217114090919495,0.25,4.0,0.3469107151031494,0.28191879391670227,0.0066801619433198385,0.0006072874493927126,0.6064419150352478,0.5808548331260681,0.04219213955172031,,0.28810298442840576,0.6641660332679749,,0.04347884654998779,,,,,,,0.28346288204193115,0.6757475733757019,,0.04078952968120575,,,,,,154.3790931911259,221.41261774120417,0.4258622929176479,115.05233213403723,154.37909797271683,200.84626406986,252.795532131111,307.82598459079736,53.128649030412944,130.9350261540376,235.53208790654722,0.7540559240396045,0.5282363983961018,0.12506251895861834,0.17257306512466208,0.0,0.456785839502543,0.5110342049275374,0.33303423009250804,0.0,0.0,0.0,0.0,0.0,0.6674602959885987,0.8444358946172731,0.9600967351874244,0.9897402073943791,0.3444358946172731,0.1600967351874244,0.03974020739437911,0.11007291781173281,0.0,0.7527472527472527,0.24725274725274726,0.7454212454212455,1.7872913587879349,1.7737692512653687,1.7591603526047297,-7.982171058654785,0.00034143892116844654
251,8.687736680999084e-06,8.687736680999083e-05,1.0,29.487865551097972,5.9725968644425675,43.2129005225929,3.750094439532306,3.750094439532306,3.750094439532306,0.0,0.0,0.32165797981056005,2.237869675095017,0.13294964867669182,2.0203240884316935,0.05843977670411806,0.02197632596299455,0.0,1.7348203916807432,0.0,0.0,0.0,0.0,0.0,0.0,0.0,0.0,2.9225802421569824,3.348355293273926,0.4998939335346222,2.3988752365112305,7.476156234741211,1.000063180923462,0.5700244903564453,0.25,4.0,0.3505513072013855,0.2909700274467468,0.004554655870445344,0.0003036437246963563,3.165818214416504,3.0809741020202637,0.026800058199765574,,0.2944434583187103,0.6567460298538208,,0.04495641216635704,,,,,,,0.2885919511318207,0.6689807176589966,,0.042427316308021545,,,,,,,,,,,,,,,,,,,,,,,,,,,,,,,,,,,,,,,,,,,,,,
252,8.677317622829044e-06,8.677317622829044e-05,1.0,28.49746291701858,6.068906629407728,41.07320259712838,3.7696718782991976,3.7696718782991976,3.7696718782991976,0.0,0.0,0.32029981870908997,2.264615651723501,0.13161761051899679,2.0526176658836572,0.060629748009346625,0.021640951569015916,0.0,1.7284013902818836,0.0,0.0,0.0,0.0,0.0,0.0,0.0,0.0,4.705314636230469,2.799492597579956,0.4998939335346222,1.8700714111328125,6.332551002502441,0.9996015429496765,0.508557140827179,0.25,4.0,0.3500009775161743,0.26522764563560486,0.003137651821862348,0.0006072874493927126,10.556705474853516,9.763315200805664,0.07515510174435937,,0.29331961274147034,0.6587777137756348,,0.04379869997501373,,,,,,,0.2882630527019501,0.6703349351882935,,0.041401974856853485,,,,,,,,,,,,,,,,,,,,,,,,,,,,,,,,,,,,,,,,,,,,,,
253,8.666864051608594e-06,8.666864051608593e-05,1.0,30.6825611011402,6.0770247175886825,45.52609665329392,3.7302052265888936,3.7302052265888936,3.7302052265888936,0.0,0.0,0.3206897941795555,2.242664440258129,0.13178290547551336,2.0443537944072,0.06041836094211887,0.0209638862996488,0.0,1.7303619384765625,0.0,0.0,0.0,0.0,0.0,0.0,0.0,0.0,3.0061697959899902,3.3720552921295166,0.5015320777893066,2.5263054370880127,7.490772247314453,1.0000779628753662,0.5218820571899414,0.25,3.9920527935028076,0.3499824106693268,0.2715373635292053,0.002125506072874494,0.0,4.407248497009277,4.214619159698486,0.04370739191164458,,0.2932555675506592,0.6586866974830627,,0.045003946870565414,,,,,,,0.28865373134613037,0.6683673858642578,,0.04297894984483719,,,,,,,,,,,,,,,,,,,,,,,,,,,,,,,,,,,,,,,,,,,,,,
254,8.656376072605079e-06,8.656376072605077e-05,1.0,29.236087283572637,5.803563710805532,42.98372175886824,3.6976194639463684,3.6976194639463684,3.6976194639463684,0.0,0.0,0.3210021096306878,2.2288193573822848,0.13181133528013486,2.0300150690851986,0.059441147623835386,0.025754263272156585,0.0,1.7158662950670398,0.0,0.0,0.0,0.0,0.0,0.0,0.0,0.0,2.1171185970306396,3.0538523197174072,0.4998939335346222,1.983888030052185,7.197474002838135,0.9997527003288269,0.5327538847923279,0.25,4.0,0.34700244665145874,0.28265392780303955,0.0027327935222672063,0.0009109311740890688,1.8532040119171143,1.6252810955047607,0.12298857273494156,,0.28826403617858887,0.6641067266464233,,0.04290325567126274,,,,,,,0.28414803743362427,0.6750528216362,,0.04079911857843399,,,,,,,,,,,,,,,,,,,,,,,,,,,,,,,,,,,,,,,,,,,,,,
255,8.645853791432327e-06,8.645853791432326e-05,1.0,28.86467021220439,6.299647563212627,41.69287109375,3.72671838708826,3.72671838708826,3.72671838708826,0.0,0.0,0.31963918015763565,2.228791314202386,0.131993783486856,2.015866872426626,0.06031919814444877,0.022675014830924368,0.0,1.7236535355851457,0.0,0.0,0.0,0.0,0.0,0.0,0.0,0.0,2.5292019844055176,3.230879306793213,0.5686710476875305,2.30584979057312,6.982167720794678,0.9999498128890991,0.5013920664787292,0.25,4.0,0.34742626547813416,0.2759058475494385,0.002125506072874494,0.0006072874493927126,2.8146510124206543,2.5597758293151855,0.09055303196763678,,0.2886064052581787,0.6650108695030212,,0.0427195243537426,,,,,,,0.28494012355804443,0.6739107370376587,,0.041149117052555084,,,,,,111.46306884681786,161.48458400102578,0.31064824980652533,22.674713994120502,111.46306938184846,168.52870396796104,223.96096011707175,277.03036887001207,43.112405504499165,90.53844617503557,180.54417684803838,0.7211529746083092,0.46956508205682335,0.09753784098259502,0.16938031942181164,0.0,0.38491699152224296,0.3853169902621292,0.26567073681436776,0.0,0.0,0.0,0.0,0.0,0.6394644024283719,0.8675937122128174,0.9666007108570591,0.9906196181891466,0.36759371221281745,0.16660071085705908,0.04061961818914661,0.11564251951192701,0.0,0.5989010989010989,0.4010989010989011,0.7573260073260072,1.6049705491616175,1.5911182423869332,1.5758006189550673,-7.981154441833496,0.0003417861298657954
256,8.6352973140496e-06,8.635297314049599e-05,1.0,30.377771326013512,5.824511553790118,45.2718604835304,3.6726523734427787,3.6726523734427787,3.6726523734427787,0.0,0.0,0.32137741913666595,2.2774495305241764,0.13187654598339185,2.0435256958007812,0.059288630614409574,0.023975378758198506,0.0,1.7124252319335938,0.0,0.0,0.0,0.0,0.0,0.0,0.0,0.0,4.0365800857543945,3.634726047515869,0.6588491201400757,2.934861660003662,7.5054168701171875,1.0000488758087158,0.515190601348877,0.25,3.8095436096191406,0.3507857918739319,0.27395927906036377,0.002834008097165992,0.0,8.115713119506836,7.985559940338135,0.01603718333215432,,0.29429420828819275,0.6588982343673706,,0.043909937143325806,,,,,,,0.29003679752349854,0.6674929261207581,,0.04247023165225983,,,,,,,,,,,,,,,,,,,,,,,,,,,,,,,,,,,,,,,,,,,,,,
257,8.624706746760503e-06,8.624706746760502e-05,1.0,29.03820140941723,5.975994625607052,42.31528122360642,3.748232867266681,3.748232867266681,3.748232867266681,0.0,0.0,0.322018829551903,2.2316783183329814,0.13297254974777634,2.0135768168681376,0.06124448776245117,0.027203682306650524,0.0,1.7255292325406462,0.0,0.0,0.0,0.0,0.0,0.0,0.0,0.0,4.140829086303711,4.1127824783325195,0.6332533359527588,3.2233147621154785,8.740511894226074,1.0000745058059692,0.48243188858032227,0.25,3.559828996658325,0.3510911762714386,0.2609471380710602,0.00354251012145749,0.0,9.554819107055664,9.0693359375,0.050810294168433155,,0.29536306858062744,0.6555655002593994,,0.04594774916768074,,,,,,,0.29042118787765503,0.6661937236785889,,0.0433851033449173,,,,,,,,,,,,,,,,,,,,,,,,,,,,,,,,,,,,,,,,,,,,,,
258,8.614082196211931e-06,8.614082196211931e-05,1.0,28.610186602618242,6.067777479017103,41.348220412795605,3.7675913217905403,3.7675913217905403,3.7675913217905403,0.0,0.0,0.32068981995453705,2.2191471409153296,0.13201667167044975,1.9908063733899914,0.05951441945256414,0.023504503675409266,0.0,1.7156174118454393,0.0,0.0,0.0,0.0,0.0,0.0,0.0,0.0,3.770465135574341,4.542974472045898,0.7160475254058838,3.6507108211517334,9.769808769226074,1.000159502029419,0.48806440830230713,0.25,3.8482666015625,0.3518991768360138,0.26066669821739197,0.00708502024291498,0.0,4.748020172119141,4.536015510559082,0.04465117119867595,,0.2972237467765808,0.6519292593002319,,0.046518534421920776,,,,,,,0.29204148054122925,0.6640324592590332,,0.04392608627676964,,,,,,,,,,,,,,,,,,,,,,,,,,,,,,,,,,,,,,,,,,,,,,
259,8.603423769392993e-06,8.603423769392994e-05,1.0,32.245546083192565,5.997507456186655,48.75303856102196,3.7291581437394425,3.7291581437394425,3.7291581437394425,0.0,0.0,0.32229892627612966,2.2210316013645484,0.13100207818521037,2.010077811576225,0.059915858346062736,0.029912584536784404,0.0,1.7239899506440033,0.0,0.0,0.0,0.0,0.0,0.0,0.0,0.0,4.0706281661987305,4.30410623550415,0.5369108319282532,3.3599095344543457,8.982807159423828,1.000168800354004,0.4747912883758545,0.25,3.972662925720215,0.35070061683654785,0.25679418444633484,0.006882591093117409,0.0,9.368132591247559,9.024871826171875,0.03664132224135946,,0.2955089211463928,0.6525025963783264,,0.04730857163667679,,,,,,,0.2899879813194275,0.6655529141426086,,0.044459111988544464,,,,,,,,,,,,,,,,,,,,,,,,,,,,,,,,,,,,,,,,,,,,,,
260,8.592731573633927e-06,8.592731573633927e-05,1.0,30.85404349662162,6.072098190720017,45.84928605363176,3.7573361783414274,3.7573361783414274,3.7573361783414274,0.0,0.0,0.3213732693646405,2.2167259422508447,0.1317441785657728,1.9918798498205237,0.06067094931731353,0.025026179648734426,0.0,1.7269696416081608,0.0,0.0,0.0,0.0,0.0,0.0,0.0,0.0,4.39842414855957,4.194865703582764,0.5508789420127869,3.224888563156128,8.91290283203125,0.9999657869338989,0.4688771069049835,0.25,4.0,0.3505074977874756,0.2584415674209595,0.00819838056680162,0.0004048582995951417,4.889903545379639,4.448026657104492,0.09036515427644093,,0.2947806715965271,0.6548526883125305,,0.04593310132622719,,,,,,,0.289326012134552,0.6673677563667297,,0.043306220322847366,,,,,,100.30890171344464,142.69011311716127,0.2867233881976094,3.3815231113643436,100.30890077884936,163.93567601909587,222.2016700545578,272.03593384785586,39.33455875941685,87.62291673172352,145.16352048127547,0.7206823746163075,0.46628557861338515,0.08611418467529063,0.15540898632421468,0.0,0.3790551360190115,0.39246370898370997,0.245519329663983,0.0,0.0,0.0,0.0,0.0,0.6367603174904842,0.8734381297863765,0.9683412113883698,0.9913341394598952,0.37343812978637647,0.16834121138836977,0.04133413945989528,0.11791433073174307,0.0,0.5494505494505495,0.45054945054945056,0.7683150183150182,1.5882634566380427,1.5724011351774028,1.555371995974373,-7.980769157409668,0.0003419178246986121
261,8.582005716605026e-06,8.582005716605026e-05,1.0,27.02744437552787,5.706481521194045,38.66953916807432,3.6946930756440035,3.6946930756440035,3.6946930756440035,0.0,0.0,0.3205402219617689,2.2355340493691935,0.13194000398790515,2.01909369391364,0.060887555818299986,0.028345246572752256,0.0,1.7130744521682326,0.0,0.0,0.0,0.0,0.0,0.0,0.0,0.0,3.888936996459961,3.2738254070281982,0.5901705026626587,2.3330302238464355,7.141463279724121,0.9999861717224121,0.4771098792552948,0.25,4.0,0.34718379378318787,0.2605607211589813,0.002226720647773279,0.00010121457489878542,7.98848819732666,7.582089424133301,0.05087305171576273,,0.28792229294776917,0.6665884256362915,,0.04278118163347244,,,,,,,0.28423964977264404,0.6750149726867676,,0.04074535891413689,,,,,,,,,,,,,,,,,,,,,,,,,,,,,,,,,,,,,,,,,,,,,,
262,8.571246306315551e-06,8.571246306315551e-05,1.0,29.83162544869088,5.93019640123522,44.00358292863176,3.72785083667652,3.72785083667652,3.72785083667652,0.0,0.0,0.3199504130595439,2.2187893841717696,0.13178103678935282,2.002718951251056,0.05915867315756308,0.02397941254280709,0.0,1.7250083717139992,0.0,0.0,0.0,0.0,0.0,0.0,0.0,0.0,2.6493959426879883,4.639720916748047,0.506676435470581,2.988365411758423,11.244980812072754,1.0004082918167114,0.5550258755683899,0.25,4.0,0.3475455045700073,0.294829398393631,0.011437246963562754,0.00020242914979757084,1.3407480716705322,1.3019410371780396,0.02894431497793636,,0.2898156940937042,0.6596049070358276,,0.0468297004699707,,,,,,,0.283852219581604,0.6735342741012573,,0.0426134429872036,,,,,,,,,,,,,,,,,,,,,,,,,,,,,,,,,,,,,,,,,,,,,,
263,8.560453451112646e-06,8.560453451112646e-05,1.0,29.87781421558277,6.198563446869722,43.8165184227196,3.737983497413429,3.737983497413429,3.737983497413429,0.0,0.0,0.32032329971725876,2.208123490617082,0.13157245275136586,1.9917437579180743,0.05975145907015414,0.021573326072177372,0.0,1.717749312117293,0.0,0.0,0.0,0.0,0.0,0.0,0.0,0.0,1.980472445487976,4.1203484535217285,0.5407517552375793,2.499312400817871,10.584334373474121,1.0003759860992432,0.4623339772224426,0.25,4.0,0.3478972315788269,0.26320573687553406,0.012955465587044534,0.0003036437246963563,0.4206119477748871,0.4288322925567627,-0.01954377384038355,,0.2895321846008301,0.6634805798530579,,0.043459899723529816,,,,,,,0.2847072184085846,0.6744531393051147,,0.04083968326449394,,,,,,,,,,,,,,,,,,,,,,,,,,,,,,,,,,,,,,,,,,,,,,
264,8.549627259680238e-06,8.549627259680237e-05,1.0,30.07417915962838,6.113646636138091,44.23044235641892,3.76919885583826,3.76919885583826,3.76919885583826,0.0,0.0,0.3200286659034523,2.2050892597920186,0.13118604711584142,1.9977188110351562,0.06087961068024506,0.022569999501511857,0.0,1.7082943271946263,0.0,0.0,0.0,0.0,0.0,0.0,0.0,0.0,3.2350833415985107,4.2198872566223145,0.6874067783355713,2.947787046432495,9.750744819641113,1.0004032850265503,0.5518195033073425,0.25,3.993765354156494,0.35064318776130676,0.29424771666526794,0.011538461538461539,0.0,4.581271171569824,4.251448154449463,0.071993777440453,,0.29417335987091064,0.658513605594635,,0.04445171356201172,,,,,,,0.2893509864807129,0.6693367958068848,,0.04131225496530533,,,,,,,,,,,,,,,,,,,,,,,,,,,,,,,,,,,,,,,,,,,,,,
265,8.53876784103796e-06,8.538767841037959e-05,1.0,28.591427364864863,5.779223467852618,41.68713708826014,3.7167036726668075,3.7167036726668075,3.7167036726668075,0.0,0.0,0.3208160915890256,2.2341219927813554,0.12936431008416252,2.0146839038745776,0.06011458989736196,0.021325739654334815,0.0,1.70358183577254,0.0,0.0,0.0,0.0,0.0,0.0,0.0,0.0,4.413566589355469,3.3844594955444336,0.4998939335346222,2.443801164627075,7.821179389953613,1.0001509189605713,0.4938732385635376,0.25,3.879114866256714,0.3522973358631134,0.26358142495155334,0.0037449392712550606,0.0,17.351146697998047,16.72797966003418,0.03591503482797292,,0.29697173833847046,0.6555504202842712,,0.04486760124564171,,,,,,,0.2916034758090973,0.6668350696563721,,0.04156140238046646,,,,,,117.49422301826897,166.20267632083315,0.32342350015258053,25.254124002142266,117.49422362915324,173.8562737831673,231.49951898442137,282.71772175498785,35.78129959106445,101.43223347035489,174.97220379373303,0.7260290524211012,0.4580467408133018,0.08892945236022047,0.1572718856335623,0.0,0.370200517788594,0.3959476643500078,0.22791614506893074,0.0,0.0,0.0,0.0,0.0,0.6449427797435003,0.8691876442783335,0.9659045106445349,0.9898318126855007,0.3691876442783335,0.16590451064453482,0.039831812685500734,0.11236305008977318,0.0,0.5879120879120879,0.41208791208791207,0.7445054945054945,1.6288898993324448,1.6141500201199082,1.5987861244888095,-7.981404781341553,0.00034170059370808303
266,8.527875304540034e-06,8.527875304540033e-05,1.0,30.68816973711993,6.21812562684755,45.355666701858105,3.761340991870777,3.761340991870777,3.761340991870777,0.0,0.0,0.32145296560751424,2.2281980772276184,0.13140313689773148,2.0140077745592273,0.05835530564591691,0.01960734902201472,0.0,1.710243018897804,0.0,0.0,0.0,0.0,0.0,0.0,0.0,0.0,3.110919237136841,3.600912094116211,0.5675337314605713,2.5436339378356934,8.116869926452637,1.0000927448272705,0.42142364382743835,0.25,3.6178395748138428,0.3489861786365509,0.24300849437713623,0.004352226720647773,0.0,3.823112964630127,3.686824083328247,0.03564866708432859,,0.2916005253791809,0.6604226231575012,,0.04438294097781181,,,,,,,0.28734272718429565,0.669986367225647,,0.04267089068889618,,,,,,,,,,,,,,,,,,,,,,,,,,,,,,,,,,,,,,,,,,,,,,
267,8.516949759874182e-06,8.516949759874182e-05,1.0,29.59982712204392,5.882059045740076,43.59717126794764,3.723781276393581,3.723781276393581,3.723781276393581,0.0,0.0,0.3205861529788455,2.219999364904455,0.1318038089855297,2.006321262668919,0.058102826814393736,0.02213757746928447,0.0,1.70644203392235,0.0,0.0,0.0,0.0,0.0,0.0,0.0,0.0,3.4277777671813965,3.8088150024414062,0.5631172060966492,2.7057018280029297,8.164570808410645,1.0001665353775024,0.4886466860771179,0.25,4.0,0.3475302457809448,0.2690183222293854,0.011234817813765181,0.0004048582995951417,3.9227356910705566,3.69625186920166,0.057736192215154476,,0.2891458570957184,0.6628727316856384,,0.044577933847904205,,,,,,,0.28406059741973877,0.6738228797912598,,0.04211653769016266,,,,,,,,,,,,,,,,,,,,,,,,,,,,,,,,,,,,,,,,,,,,,,
268,8.505991317060517e-06,8.505991317060517e-05,1.0,31.52313397381757,6.184350091057855,47.07764991554054,3.760583001214105,3.760583001214105,3.760583001214105,0.0,0.0,0.31999296755404083,2.2030656144425675,0.13132141731880806,1.9937902914511192,0.058993217107411976,0.02454847580677754,0.0,1.7175255852776605,0.0,0.0,0.0,0.0,0.0,0.0,0.0,0.0,3.3590872287750244,3.925906181335449,0.609201967716217,2.916290760040283,8.638681411743164,1.0002015829086304,0.4419681429862976,0.25,3.932796001434326,0.3454907536506653,0.25487807393074036,0.008704453441295546,0.0,2.7521278858184814,2.5635263919830322,0.06852933499467785,,0.2852059006690979,0.6689894199371338,,0.04235959053039551,,,,,,,0.2815021872520447,0.6773850917816162,,0.04111268371343613,,,,,,,,,,,,,,,,,,,,,,,,,,,,,,,,,,,,,,,,,,,,,,
269,8.49500008645044e-06,8.49500008645044e-05,1.0,27.72971653293919,5.691234691722973,40.0455223289696,3.7237862251900338,3.7237862251900338,3.7237862251900338,0.0,0.0,0.3209595551361909,2.220322273872994,0.13163390030732025,2.0053778983451225,0.058125457248172245,0.022046601450121082,0.0,1.7279825983820736,0.0,0.0,0.0,0.0,0.0,0.0,0.0,0.0,1.8634599447250366,4.232891082763672,0.6255854368209839,2.8626787662506104,9.731719017028809,1.0001009702682495,0.4657440483570099,0.25,4.0,0.3402818739414215,0.27019184827804565,0.002834008097165992,0.00020242914979757084,0.7579965591430664,0.7023108005523682,0.07346439494877437,,0.27684998512268066,0.6758576035499573,,0.043414387851953506,,,,,,,0.27280905842781067,0.6870777606964111,,0.0401131734251976,,,,,,,,,,,,,,,,,,,,,,,,,,,,,,,,,,,,,,,,,,,,,,
270,8.483976178725517e-06,8.483976178725516e-05,1.0,29.253467456714528,5.982687048009924,42.750389305320944,3.7498387517155827,3.7498387517155827,3.7498387517155827,0.0,0.0,0.3219533095488677,2.2165828395534204,0.131613370534536,2.0007796416411527,0.06024961213807802,0.02193593978881836,0.0,1.7212868767815668,0.0,0.0,0.0,0.0,0.0,0.0,0.0,0.0,2.309570550918579,4.558615684509277,0.5804536938667297,3.0235915184020996,11.070643424987793,1.0002520084381104,0.5404170751571655,0.25,4.0,0.3414616584777832,0.29680508375167847,0.011639676113360324,0.0008097165991902834,1.4069982767105103,1.1453813314437866,0.18593977661320996,,0.2791479527950287,0.6721944212913513,,0.04490272328257561,,,,,,,0.2748204469680786,0.6840283870697021,,0.041151128709316254,,,,,,110.47945439684521,154.20743534773158,0.3248453689276952,42.92194850628193,110.47945314650525,168.55281066216094,223.6230706471451,278.9323646415197,46.13100051879883,99.31578980675039,151.5784089461617,0.7101009824971548,0.4802268850489037,0.11060966925280522,0.17406371832811132,0.0,0.39712859622846713,0.4423973582745438,0.2688720991623371,0.0,0.0,0.0,0.0,0.0,0.6548216863487247,0.865816569565058,0.9658129053534132,0.9908394708878385,0.36581656956505804,0.1658129053534132,0.04083947088783857,0.09638708731816349,0.0,0.6318681318681318,0.36813186813186816,0.7893772893772895,1.6078146244143392,1.5919813690604745,1.5752712648648481,-7.981342792510986,0.000341721810400486
271,8.472919704896379e-06,8.472919704896378e-05,1.0,28.32394161739865,5.814248987146326,41.081589157516895,3.7478629447318412,3.7478629447318412,3.7478629447318412,0.0,0.0,0.3210285032117689,2.1965958878800675,0.13137821249059728,1.9838147550015837,0.05719085641809412,0.021305367753312394,0.0,1.7326266314532306,0.0,0.0,0.0,0.0,0.0,0.0,0.0,0.0,2.1822729110717773,4.241145133972168,0.5302410125732422,2.7342560291290283,10.52249813079834,0.9994083046913147,0.5801104307174683,0.25,4.0,0.3397336006164551,0.3152025640010834,0.008097165991902834,0.0015182186234817814,0.6154553890228271,0.5316693782806396,0.13613661077079284,,0.276632696390152,0.6738491654396057,,0.0430806502699852,,,,,,,0.2720731496810913,0.6878601312637329,,0.04006670042872429,,,,,,,,,,,,,,,,,,,,,,,,,,,,,,,,,,,,,,,,,,,,,,
272,8.461830776301593e-06,8.461830776301593e-05,1.0,29.695906355574323,5.9208662703230575,43.714794262035475,3.7303780220650338,3.7303780220650338,3.7303780220650338,0.0,0.0,0.321055438067462,2.2468637002481,0.1312533069301296,2.0219176008894637,0.0606524235493428,0.02216389694729367,0.0,1.7328171601166595,0.0,0.0,0.0,0.0,0.0,0.0,0.0,0.0,4.0176215171813965,3.875662088394165,0.6574030518531799,2.997133255004883,8.131155967712402,0.9997029900550842,0.4690365493297577,0.25,4.0,0.3423141539096832,0.26490160822868347,0.0008097165991902834,0.0004048582995951417,8.187864303588867,6.087019920349121,0.25658026383252514,,0.2807818651199341,0.6700782775878906,,0.04406178742647171,,,,,,,0.2766091823577881,0.6809747219085693,,0.04241607338190079,,,,,,,,,,,,,,,,,,,,,,,,,,,,,,,,,,,,,,,,,,,,,,
273,8.45070950460655e-06,8.450709504606548e-05,1.0,29.221296980574323,5.986293483424831,42.6720630542652,3.7491681897962414,3.7491681897962414,3.7491681897962414,0.0,0.0,0.31893338383855047,2.2373599490603886,0.13121272422171928,2.007496808026288,0.06110237740181588,0.027352552156190615,0.0,1.7347453349345439,0.0,0.0,0.0,0.0,0.0,0.0,0.0,0.0,3.2518086433410645,4.1530046463012695,0.5005534291267395,2.9334285259246826,9.599574089050293,1.0001939535140991,0.46720150113105774,0.25,4.0,0.339698851108551,0.2641330361366272,0.0029352226720647774,0.00020242914979757084,4.713204383850098,4.693485260009766,0.004183804103191463,,0.27615997195243835,0.6752898097038269,,0.044861335307359695,,,,,,,0.2720527946949005,0.685588002204895,,0.04235919564962387,,,,,,,,,,,,,,,,,,,,,,,,,,,,,,,,,,,,,,,,,,,,,,
274,8.439556001802328e-06,8.439556001802327e-05,1.0,28.21068016258446,5.840335330447635,40.81076462204392,3.7452949317725928,3.7452949317725928,3.7452949317725928,0.0,0.0,0.32113376823631495,2.22837850209829,0.13101611266265045,2.0105034080711572,0.05635308574985813,0.02407464465579471,0.0,1.7320711290514148,0.0,0.0,0.0,0.0,0.0,0.0,0.0,0.0,3.308974504470825,4.3577561378479,0.7749887108802795,3.5870988368988037,8.947787284851074,1.0003341436386108,0.47426754236221313,0.25,4.0,0.3412306010723114,0.2662818431854248,0.01082995951417004,0.00010121457489878542,2.3473777770996094,2.0502657890319824,0.12657186711324106,,0.27827078104019165,0.6748262643814087,,0.044198036193847656,,,,,,,0.27407705783843994,0.6839808821678162,,0.04194207116961479,,,,,,,,,,,,,,,,,,,,,,,,,,,,,,,,,,,,,,,,,,,,,,
275,8.428370380204577e-06,8.428370380204577e-05,1.0,27.742319467905407,5.916484935863598,39.7758228198902,3.754897658889358,3.754897658889358,3.754897658889358,0.0,0.0,0.32096942695411473,2.2305935009105786,0.13121960614178632,2.0089540223817566,0.05913329768825222,0.019847167504800332,0.0,1.7441831021695524,0.0,0.0,0.0,0.0,0.0,0.0,0.0,0.0,4.352276802062988,3.7196316719055176,0.4998939335346222,2.765136241912842,8.162981033325195,1.0002108812332153,0.5306391716003418,0.25,3.910653829574585,0.34139978885650635,0.28719499707221985,0.005263157894736842,0.0,10.001338958740234,9.177141189575195,0.08240874272586945,,0.2786938548088074,0.6737009286880493,,0.045331183820962906,,,,,,,0.2727508544921875,0.6857160329818726,,0.04153306037187576,,,,,,129.3533336513645,183.1513502933007,0.3826178413986494,90.0627071254856,129.35333239149472,182.2712045807524,237.81700628067816,293.07284320655845,55.08199528285435,117.00981270250423,175.271019977072,0.7047157547499544,0.5314000021645451,0.13523349736946874,0.18328380498548946,0.0,0.4554471671896379,0.5479932014779381,0.3543958142892056,0.0,0.0,0.0,0.0,0.0,0.6777388761267656,0.8463779267890513,0.9627166465135026,0.9910593235865304,0.3463779267890513,0.1627166465135026,0.041059323586530416,0.08839910593235865,0.0,0.6758241758241759,0.3241758241758242,0.8141025641025642,1.6838000668929174,1.6685602406224052,1.6528257439424703,-7.980842113494873,0.00034189291181974113
276,8.417152752452386e-06,8.417152752452385e-05,1.0,28.035321209881758,5.894186896246833,40.51090384818412,3.690891575168919,3.690891575168919,3.690891575168919,0.0,0.0,0.31791926719046926,2.2375884184966215,0.13006205172152133,2.015491382495777,0.05913240200764424,0.023143647490320978,0.0,1.7252610696328652,0.0,0.0,0.0,0.0,0.0,0.0,0.0,0.0,3.332890033721924,3.347757339477539,0.5131749510765076,2.245297431945801,7.88098669052124,1.0002156496047974,0.4848732650279999,0.25,3.5501837730407715,0.3385942876338959,0.2702754735946655,0.005060728744939271,0.0,5.0381975173950195,4.878542423248291,0.031688931129734185,,0.2739986479282379,0.6786088347434998,,0.04416901618242264,,,,,,,0.2686845064163208,0.6910178065299988,,0.04029767960309982,,,,,,,,,,,,,,,,,,,,,,,,,,,,,,,,,,,,,,,,,,,,,,
277,8.40590323150714e-06,8.40590323150714e-05,1.0,27.851450327280407,5.845475480363175,40.079042176942565,3.753822120460304,3.753822120460304,3.753822120460304,0.0,0.0,0.3223987270045925,2.20936563852671,0.13128848977991053,2.0000921713339315,0.05808736826922443,0.02234183292131166,0.0,1.735217944995777,0.0,0.0,0.0,0.0,0.0,0.0,0.0,0.0,4.177935600280762,2.997310161590576,0.5705902576446533,2.179939031600952,6.258774280548096,0.9994117021560669,0.4649083614349365,0.25,4.0,0.33713874220848083,0.2703011631965637,0.0005060728744939271,0.0011133603238866396,12.3502779006958,11.834922790527344,0.04172821974632834,,0.27134039998054504,0.682503342628479,,0.04173366725444794,,,,,,,0.2674667537212372,0.6934316158294678,,0.03910162299871445,,,,,,,,,,,,,,,,,,,,,,,,,,,,,,,,,,,,,,,,,,,,,,
278,8.39462193065139e-06,8.394621930651389e-05,1.0,31.89018950591216,6.212706694731841,47.760438661317565,3.7653602393897803,3.7653602393897803,3.7653602393897803,0.0,0.0,0.32067077224319046,2.216379114099451,0.13044698818309888,2.0070151251715584,0.06007761568636508,0.024218610815099767,0.0,1.7304994737779773,0.0,0.0,0.0,0.0,0.0,0.0,0.0,0.0,3.5724387168884277,3.8705930709838867,0.590429961681366,2.716291666030884,8.965280532836914,0.9993683099746704,0.4754709303379059,0.25,4.0,0.3393571674823761,0.26483139395713806,0.008805668016194331,0.000708502024291498,5.66615104675293,5.539791107177734,0.022300842058844816,,0.27652794122695923,0.6719473004341125,,0.044380027800798416,,,,,,,0.271959513425827,0.6864208579063416,,0.04161962866783142,,,,,,,,,,,,,,,,,,,,,,,,,,,,,,,,,,,,,,,,,,,,,,
279,8.383308963487709e-06,8.383308963487708e-05,1.0,29.87070774387669,6.222160133155617,43.68876359269426,3.776352341110642,3.776352341110642,3.776352341110642,0.0,0.0,0.322930671073295,2.2207643663561023,0.13121509552001953,2.0050624125712626,0.05948071222047548,0.021850104267532762,0.0,1.7224694329339105,0.0,0.0,0.0,0.0,0.0,0.0,0.0,0.0,4.079257011413574,3.3807265758514404,0.5835797190666199,2.425375461578369,7.389056205749512,1.0000879764556885,0.44265517592430115,0.25,3.8017640113830566,0.3389751613140106,0.2592066526412964,0.001417004048582996,0.0,8.600128173828125,7.990772247314453,0.07085428428474605,,0.2738526463508606,0.6818260550498962,,0.04185887798666954,,,,,,,0.26960957050323486,0.6901423335075378,,0.04024811461567879,,,,,,,,,,,,,,,,,,,,,,,,,,,,,,,,,,,,,,,,,,,,,,
280,8.37196444393755e-06,8.371964443937551e-05,1.0,29.46071975295608,5.79213776459565,43.32447608741554,3.7724011395428634,3.7724011395428634,3.7724011395428634,0.0,0.0,0.3201260695586333,2.197041485760663,0.13275360416721654,1.9872896349107898,0.058140619381054026,0.02767142734012088,0.0,1.7317624478726774,0.0,0.0,0.0,0.0,0.0,0.0,0.0,0.0,4.114657402038574,3.5475833415985107,0.547954797744751,2.401219129562378,7.927299976348877,0.9998171329498291,0.4527179002761841,0.25,4.0,0.33735743165016174,0.26401594281196594,0.0018218623481781376,0.000708502024291498,12.886462211608887,11.196398735046387,0.13115030710601014,,0.2716071307659149,0.6824529767036438,,0.04224655404686928,,,,,,,0.26809364557266235,0.6918115615844727,,0.04009478911757469,,,,,,128.34738360394488,184.89303171629138,0.37801028277029486,84.56787511804602,128.34738618051668,183.53228763940626,241.84058458941303,293.22558605206297,58.16913277762277,114.13648146991582,178.87899514903194,0.6947995955346437,0.5423218167019217,0.12909425703892863,0.18204739319920002,0.0,0.4647666861904388,0.5646851853590429,0.3551590093754452,0.0,0.0,0.0,0.0,0.0,0.6745343778653652,0.8495108277454105,0.9643472206954674,0.9914623868674655,0.34951082774541053,0.16434722069546737,0.041462386867465506,0.09030449598768825,0.0,0.6373626373626373,0.3626373626373626,0.8076923076923077,1.709971493089592,1.6938153950722663,1.6776196354038113,-7.979355335235596,0.00034240150125697255
281,8.360588486240105e-06,8.360588486240105e-05,1.0,28.332664695945947,6.003948727169552,40.834083350929056,3.7825705038534627,3.7825705038534627,3.7825705038534627,0.0,0.0,0.3197359909882417,2.203284186285895,0.13055282025723844,1.9850476239178632,0.059356264165929845,0.02373983892234596,0.0,1.7450775971283783,0.0,0.0,0.0,0.0,0.0,0.0,0.0,0.0,2.98538875579834,3.6140291690826416,0.5266286730766296,2.6853015422821045,7.789170265197754,1.0000203847885132,0.4528436064720154,0.25,3.589118003845215,0.3326475918292999,0.2666330635547638,0.0011133603238866396,0.0,2.332301139831543,2.390665054321289,-0.025024176120739535,,0.26383697986602783,0.6896000504493713,,0.043111011385917664,,,,,,,0.2599903345108032,0.6991467475891113,,0.040862925350666046,,,,,,,,,,,,,,,,,,,,,,,,,,,,,,,,,,,,,,,,,,,,,,
282,8.349181204951135e-06,8.349181204951135e-05,1.0,28.46819903399493,6.113420641100085,40.99972616659628,3.7714241646431588,3.7714241646431588,3.7714241646431588,0.0,0.0,0.32075820098052155,2.219641401961043,0.13150112048999682,2.0053191313872465,0.06084062602068927,0.026118181847237253,0.0,1.746970511771537,0.0,0.0,0.0,0.0,0.0,0.0,0.0,0.0,4.250683307647705,3.994257688522339,0.5573453307151794,3.01033353805542,8.757599830627441,1.0000916719436646,0.42933380603790283,0.25,3.6536142826080322,0.3341830372810364,0.2553144693374634,0.002327935222672065,0.0,5.66956090927124,5.165987014770508,0.08882061636858953,,0.26655375957489014,0.6861836910247803,,0.044215064495801926,,,,,,,0.2616514563560486,0.6965922117233276,,0.04175636172294617,,,,,,,,,,,,,,,,,,,,,,,,,,,,,,,,,,,,,,,,,,,,,,
283,8.33774271494184e-06,8.33774271494184e-05,1.0,32.5034839527027,6.2230500917176945,48.949914880701016,3.7739146464579814,3.7739146464579814,3.7739146464579814,0.0,0.0,0.3194874686163825,2.2262649536132812,0.12998324471551018,2.0125204550253377,0.06236021583144729,0.02883698811402192,0.0,1.7416643709749788,0.0,0.0,0.0,0.0,0.0,0.0,0.0,0.0,3.3650355339050293,4.160388469696045,0.6050221920013428,3.1997923851013184,8.91290283203125,1.000079870223999,0.48330989480018616,0.25,4.0,0.3332158625125885,0.2794532775878906,0.002834008097165992,0.00010121457489878542,3.7789316177368164,3.6361522674560547,0.0377829939051058,,0.26550090312957764,0.6852328181266785,,0.04485400393605232,,,,,,,0.2606743276119232,0.6969919204711914,,0.042333777993917465,,,,,,,,,,,,,,,,,,,,,,,,,,,,,,,,,,,,,,,,,,,,,,
284,8.326273131397686e-06,8.326273131397685e-05,1.0,27.83085673564189,5.833250715925887,40.015281883445944,3.7732902733055322,3.7732902733055322,3.7732902733055322,0.0,0.0,0.31998497730976827,2.2152136725348397,0.13336252521824193,1.9883420789563977,0.05697899895745355,0.02265568037290831,0.0,1.7472414583773226,0.0,0.0,0.0,0.0,0.0,0.0,0.0,0.0,3.631019353866577,3.651326894760132,0.4998939335346222,2.5017542839050293,8.178939819335938,1.0000910758972168,0.47887513041496277,0.25,4.0,0.3317869305610657,0.277638703584671,0.01082995951417004,0.0004048582995951417,3.900880813598633,3.6042237281799316,0.07604874375667726,,0.26265180110931396,0.689854085445404,,0.04349707067012787,,,,,,,0.25790300965309143,0.701261043548584,,0.04083596169948578,,,,,,,,,,,,,,,,,,,,,,,,,,,,,,,,,,,,,,,,,,,,,,
285,8.31477256981725e-06,8.31477256981725e-05,1.0,28.221362964527028,5.722552737674198,40.960508604307435,3.7396982553842903,3.7396982553842903,3.7396982553842903,0.0,0.0,0.3211285874650285,2.226110303724134,0.13109551249323664,2.0085587372650973,0.05928998380093961,0.0217631813642141,0.0,1.7322699057089317,0.0,0.0,0.0,0.0,0.0,0.0,0.0,0.0,3.6305999755859375,3.97552490234375,0.5901417136192322,2.968008041381836,8.556396484375,0.9988850355148315,0.5171024203300476,0.25,4.0,0.3309580683708191,0.29512590169906616,0.0027327935222672063,0.002125506072874494,5.911827087402344,4.742861747741699,0.19773334408775609,,0.2623631954193115,0.6865724921226501,,0.04333501681685448,,,,,,,0.2588704228401184,0.6997135281562805,,0.04141605272889137,,,,,,118.44177652715327,170.21995790660526,0.34406078693656283,67.86303354619623,118.44177267497886,173.35300594964576,231.91599279851653,285.22680803769026,47.86894008091518,102.96023305257161,172.59675399116847,0.7022637073528554,0.5306675536039556,0.10916067613285176,0.17096395685835156,0.0,0.45250318360018454,0.5236939018860842,0.34056922216300456,0.0,0.0,0.0,0.0,0.0,0.6655760283712661,0.858781283206918,0.9667472793228536,0.992341797662233,0.35878128320691804,0.1667472793228536,0.042341797662233005,0.08794107947675057,0.0,0.6318681318681318,0.36813186813186816,0.7957875457875458,1.6656331989791366,1.6491668024560908,1.6324986124431693,-7.9799370765686035,0.00034220240195281804
286,8.303241146011063e-06,8.303241146011061e-05,1.0,28.88006756756757,5.7726333205764355,42.249072925464525,3.7308291873416386,3.7308291873416386,3.7308291873416386,0.0,0.0,0.32197336248449376,2.21571700637405,0.13160522564037427,2.0077887870169975,0.059418053240389436,0.022383451461791992,0.0,1.7294116664577175,0.0,0.0,0.0,0.0,0.0,0.0,0.0,0.0,2.6932485103607178,4.015177249908447,0.5172249674797058,2.6327202320098877,9.562149047851562,0.998660683631897,0.5059627294540405,0.25,4.0,0.3286881446838379,0.29119154810905457,0.006275303643724696,0.0020242914979757085,2.5682854652404785,2.3924801349639893,0.0684524102386056,,0.25945979356765747,0.686255931854248,,0.04451971501111984,,,,,,,0.25432661175727844,0.7049494981765747,,0.040723904967308044,,,,,,,,,,,,,,,,,,,,,,,,,,,,,,,,,,,,,,,,,,,,,,
287,8.291678976100432e-06,8.291678976100432e-05,1.0,31.36552470439189,5.97751555571685,46.93486724028716,3.7761791332347974,3.7761791332347974,3.7761791332347974,0.0,0.0,0.3215075570183831,2.2082103007548564,0.13067934964154218,1.989978687183277,0.05858519914987925,0.02313985534616419,0.0,1.738454870275549,0.0,0.0,0.0,0.0,0.0,0.0,0.0,0.0,2.4143810272216797,3.991328239440918,0.6709914207458496,2.880908250808716,8.878154754638672,0.9998248219490051,0.44537580013275146,0.25,4.0,0.3273220956325531,0.27566733956336975,0.0012145748987854252,0.0006072874493927126,0.9124295711517334,0.9046891331672668,0.00848332652644743,,0.2547187805175781,0.6997196674346924,,0.04124781861901283,,,,,,,0.25160688161849976,0.708800196647644,,0.03959289938211441,,,,,,,,,,,,,,,,,,,,,,,,,,,,,,,,,,,,,,,,,,,,,,
288,8.280086176516281e-06,8.28008617651628e-05,1.0,28.939868823902028,6.020793605495143,42.03848184121622,3.7798169110272384,3.7798169110272384,3.7798169110272384,0.0,0.0,0.3214860606837917,2.195333532384924,0.13159362689868823,1.992098009264147,0.05868379489795582,0.021134134885427112,0.0,1.730216361380912,0.0,0.0,0.0,0.0,0.0,0.0,0.0,0.0,3.070042848587036,4.154334545135498,0.7452263832092285,3.098317861557007,8.965280532836914,0.9998143911361694,0.5104716420173645,0.25,4.0,0.331051766872406,0.29432421922683716,0.0034412955465587046,0.0008097165991902834,3.708254337310791,3.520512342453003,0.05062813328870471,,0.26145610213279724,0.6910688281059265,,0.042839594185352325,,,,,,,0.25809627771377563,0.701073408126831,,0.04083031415939331,,,,,,,,,,,,,,,,,,,,,,,,,,,,,,,,,,,,,,,,,,,,,,
289,8.268462863997972e-06,8.268462863997972e-05,1.0,28.0769702808277,6.120720528267525,40.258838550464525,3.7588814400337838,3.7588814400337838,3.7588814400337838,0.0,0.0,0.32029762783566035,2.1995233071816935,0.13213362564911713,1.9810417793892525,0.06015996030859045,0.018634850914413865,0.0,1.7191017769478463,0.0,0.0,0.0,0.0,0.0,0.0,0.0,0.0,2.4475958347320557,4.324361801147461,0.6290008425712585,2.880908250808716,10.440611839294434,1.0000303983688354,0.47422343492507935,0.25,4.0,0.32985392212867737,0.2813994586467743,0.015384615384615385,0.0011133603238866396,1.436873435974121,1.2379789352416992,0.13842172577822232,,0.2595083713531494,0.6926801204681396,,0.04344926401972771,,,,,,,0.25517669320106506,0.7038670778274536,,0.04095623642206192,,,,,,,,,,,,,,,,,,,,,,,,,,,,,,,,,,,,,,,,,,,,,,
290,8.256809155592134e-06,8.256809155592135e-05,1.0,27.052595808699323,5.712916193781672,38.633050042229726,3.751640938423775,3.751640938423775,3.751640938423775,0.0,0.0,0.3201853520161397,2.1891312470307223,0.13141239011609876,1.9864440093169342,0.05908967353202201,0.0225743200327899,0.0,1.73380877520587,0.0,0.0,0.0,0.0,0.0,0.0,0.0,0.0,3.4088423252105713,4.226861953735352,0.6626562476158142,3.1873176097869873,9.088693618774414,1.00006103515625,0.497845321893692,0.25,4.0,0.3264393210411072,0.29361778497695923,0.006174089068825911,0.0005060728744939271,2.9976768493652344,2.767239570617676,0.0768719546259145,,0.2534171938896179,0.7000414729118347,,0.043047983199357986,,,,,,,0.2496105581521988,0.7092646360397339,,0.041124843060970306,,,,,,105.77032910860501,151.4339229193946,0.29606614660709385,33.571349552699495,105.77033146266886,164.7529588283837,222.19394993839776,274.51203232641717,36.59376743861607,89.09452695624773,163.0619467030401,0.6817748535717856,0.5131122343376091,0.08384759168944561,0.15618674574785846,0.0,0.42722803202092774,0.4969493082729775,0.30233444712395446,0.0,0.0,0.0,0.0,0.0,0.6553014031570336,0.8698105602579606,0.9704664541423913,0.9928914294089627,0.36981056025796055,0.17046645414239125,0.042891429408962733,0.08860063757282621,0.0,0.5934065934065934,0.4065934065934066,0.7783882783882785,1.6089089987697183,1.590385996705883,1.5721656048035884,-7.979187965393066,0.00034245880669914186
291,8.245125168651482e-06,8.245125168651482e-05,1.0,28.38283229518581,5.936953982791385,41.11671241554054,3.708664352829392,3.708664352829392,3.708664352829392,0.0,0.0,0.32117482778188344,2.2385870443808065,0.13106290714160815,2.0207748413085938,0.06275577158541293,0.024402228561607568,0.0,1.7345393412822,0.0,0.0,0.0,0.0,0.0,0.0,0.0,0.0,2.5524303913116455,3.9171273708343506,0.5667306780815125,2.4070889949798584,8.826286315917969,1.000105619430542,0.4539361894130707,0.25,3.7574546337127686,0.3237737715244293,0.2830218970775604,0.0029352226720647774,0.0,1.5249176025390625,1.4310426712036133,0.06156065821467525,,0.2486565262079239,0.7060518860816956,,0.04163289815187454,,,,,,,0.24515676498413086,0.7159594297409058,,0.03888380527496338,,,,,,,,,,,,,,,,,,,,,,,,,,,,,,,,,,,,,,,,,,,,,,
292,8.233411020833634e-06,8.233411020833634e-05,1.0,29.170123126055742,5.998922811972128,42.64944375527872,3.7140952445365287,3.7140952445365287,3.7140952445365287,0.0,0.0,0.32014715349352035,2.21076470452386,0.13128414669552366,1.998202555888408,0.05662164172610721,0.01446656439755414,0.0,1.7273425540408573,0.0,0.0,0.0,0.0,0.0,0.0,0.0,0.0,5.057704925537109,3.698068857192993,0.5357581973075867,2.547362804412842,8.372897148132324,1.000557780265808,0.45369604229927063,0.25,3.700077772140503,0.3283003568649292,0.2700257897377014,0.013866396761133604,0.0,14.143119812011719,13.249086380004883,0.06321331105797007,,0.2559373378753662,0.6993290185928345,,0.04379897564649582,,,,,,,0.2510431706905365,0.7084909677505493,,0.040465861558914185,,,,,,,,,,,,,,,,,,,,,,,,,,,,,,,,,,,,,,,,,,,,,,
293,8.221666830099928e-06,8.221666830099928e-05,1.0,29.29195259712838,5.8979158143739445,42.980541332347975,3.7194296347128377,3.7194296347128377,3.7194296347128377,0.0,0.0,0.32111812282252955,2.2120996423669763,0.13079553037076383,1.987160553803315,0.05995847727801349,0.020923873862704716,0.0,1.7337302130621832,0.0,0.0,0.0,0.0,0.0,0.0,0.0,0.0,2.216505765914917,4.386546611785889,0.7084140181541443,3.181098461151123,9.96250057220459,0.9999918937683105,0.4748481810092926,0.25,4.0,0.3218192160129547,0.2911396324634552,0.004251012145748988,0.0003036437246963563,0.8067522048950195,0.7298245429992676,0.09535475878341397,,0.24590396881103516,0.7068577408790588,,0.04265361651778221,,,,,,,0.24186378717422485,0.7186769843101501,,0.03945925831794739,,,,,,,,,,,,,,,,,,,,,,,,,,,,,,,,,,,,,,,,,,,,,,
294,8.209892714714233e-06,8.209892714714233e-05,1.0,28.78703349345439,6.004114511850718,41.72427285684122,3.7881997598184123,3.7881997598184123,3.7881997598184123,0.0,0.0,0.32204648610707876,2.2066227680928,0.13226304183135162,1.9869124953811232,0.060900275771682326,0.02814737203958872,0.0,1.7401399354676943,0.0,0.0,0.0,0.0,0.0,0.0,0.0,0.0,2.9474403858184814,4.348360538482666,0.6504901051521301,3.026545524597168,9.506284713745117,0.9999604821205139,0.4350687563419342,0.25,4.0,0.3226654827594757,0.2769857943058014,0.007894736842105263,0.000708502024291498,2.4219751358032227,2.3481600284576416,0.030477235812373875,,0.2475818246603012,0.7040860056877136,,0.04380396381020546,,,,,,,0.24376559257507324,0.7152500748634338,,0.04098435118794441,,,,,,,,,,,,,,,,,,,,,,,,,,,,,,,,,,,,,,,,,,,,,,
295,8.198088793241763e-06,8.198088793241764e-05,1.0,27.95029098923142,5.911771619642103,40.23172904349662,3.7515370136982686,3.7515370136982686,3.7515370136982686,0.0,0.0,0.3219520207997915,2.200901340793919,0.13109458459390178,1.9737258086333405,0.057512102900324644,0.017193657320898934,0.0,1.7331074895085514,0.0,0.0,0.0,0.0,0.0,0.0,0.0,0.0,4.157797336578369,4.317600250244141,0.6479856371879578,3.0682082176208496,9.017966270446777,0.9999393820762634,0.5178470611572266,0.25,4.0,0.3263874053955078,0.30121371150016785,0.002226720647773279,0.0008097165991902834,5.318498134613037,4.95576810836792,0.06820158944579731,,0.2542693018913269,0.6955034732818604,,0.04586498811841011,,,,,,,0.25001060962677,0.7078638672828674,,0.04212547093629837,,,,,,102.52040173457219,147.50728068611596,0.2799895806461824,13.055875945877244,102.52040238520134,163.24221823017302,217.63028210027176,270.67383340917127,30.365088871547155,82.60275641153025,169.35656340225884,0.6125988015786146,0.48638894647845,0.08271689434758504,0.16533015625773426,0.0,0.4009635740260569,0.45579038415380285,0.27630964723389667,0.0,0.0,0.0,0.0,0.0,0.661834771527536,0.8702319445971199,0.9690374116008941,0.9914807079256898,0.37023194459711994,0.16903741160089403,0.04148070792568981,0.08123557216664834,0.0,0.5879120879120879,0.41208791208791207,0.7985347985347986,1.5723777544367445,1.553474778002435,1.535028310922476,-7.979516983032227,0.00034234614577144384
296,8.186255184547876e-06,8.186255184547875e-05,1.0,23.94128912848395,5.480597006308066,32.665491052576016,3.73806061615815,3.73806061615815,3.73806061615815,0.0,0.0,0.3203288671132681,2.2103277670370565,0.13192430702415672,1.967565175649282,0.06228254936836861,0.023410810006631387,0.0,1.7318492580104519,0.0,0.0,0.0,0.0,0.0,0.0,0.0,0.0,2.7212612628936768,3.6620771884918213,0.6331451535224915,2.6951534748077393,7.928843975067139,0.9999714493751526,0.49379396438598633,0.25,4.0,0.3245086669921875,0.2905438542366028,0.0029352226720647774,0.000708502024291498,3.0557994842529297,2.938948154449463,0.0382392007085616,,0.25001227855682373,0.7042491436004639,,0.041843947023153305,,,,,,,0.24687114357948303,0.7127237915992737,,0.04040505737066269,,,,,,,,,,,,,,,,,,,,,,,,,,,,,,,,,,,,,,,,,,,,,,
297,8.174392007796878e-06,8.174392007796878e-05,1.0,28.095089474239863,5.859496245513091,40.524176520270274,3.7725075386665963,3.7725075386665963,3.7725075386665963,0.0,0.0,0.3206977586488466,2.2113175263275973,0.13184252300777952,1.978181993639147,0.058882610217945,0.019581806015323947,0.0,1.7386621011270058,0.0,0.0,0.0,0.0,0.0,0.0,0.0,0.0,5.324460029602051,3.39638352394104,0.5620183944702148,2.401219129562378,7.367440223693848,0.9996013641357422,0.4566274881362915,0.25,4.0,0.3266248106956482,0.2786965072154999,0.0004048582995951417,0.0009109311740890688,23.871694564819336,20.811450958251953,0.12819549103469954,,0.2533417344093323,0.7015264630317688,,0.042383722960948944,,,,,,,0.2502449154853821,0.709105908870697,,0.040649183094501495,,,,,,,,,,,,,,,,,,,,,,,,,,,,,,,,,,,,,,,,,,,,,,
298,8.16249938245083e-06,8.162499382450829e-05,1.0,29.91752005912162,5.885516604861698,44.212234084670605,3.7336429905247046,3.7336429905247046,3.7336429905247046,0.0,0.0,0.3221943829510663,2.2083028844884924,0.1319175926414696,1.9992133475638725,0.058210875536944415,0.02311686728451703,0.0,1.7326672528241132,0.0,0.0,0.0,0.0,0.0,0.0,0.0,0.0,2.6821632385253906,5.000772476196289,0.7861939668655396,3.5453076362609863,11.244980812072754,1.0002906322479248,0.5302287340164185,0.25,4.0,0.32090845704078674,0.3128807842731476,0.017611336032388663,0.000708502024291498,1.7600975036621094,1.5767877101898193,0.10414752199289552,,0.24384330213069916,0.7105603814125061,,0.04311218112707138,,,,,,,0.24104571342468262,0.7182245254516602,,0.04072980582714081,,,,,,,,,,,,,,,,,,,,,,,,,,,,,,,,,,,,,,,,,,,,,,
299,8.150577428268332e-06,8.150577428268332e-05,1.0,27.899064347550677,5.821306795687289,40.17988875105574,3.7716522216796875,3.7716522216796875,3.7716522216796875,0.0,0.0,0.32080830754460515,2.1931469891522384,0.13064334199235245,1.970767459353885,0.05983551128490551,0.02063793266141737,0.0,1.7509909964896537,0.0,0.0,0.0,0.0,0.0,0.0,0.0,0.0,2.0591156482696533,4.482387065887451,0.6398739218711853,2.9362945556640625,10.625760078430176,1.0001633167266846,0.45988863706588745,0.25,3.8621530532836914,0.315411239862442,0.29283803701400757,0.007388663967611336,0.0,1.3000297546386719,0.9215962886810303,0.2910960034624921,,0.23477019369602203,0.7193962931632996,,0.041929107159376144,,,,,,,0.23106321692466736,0.7302180528640747,,0.03871874883770943,,,,,,,,,,,,,,,,,,,,,,,,,,,,,,,,,,,,,,,,,,,,,,
300,8.138626265303336e-06,8.138626265303335e-05,1.0,27.89923920502534,5.940486186259502,40.07860008445946,3.7567740775443412,3.7567740775443412,3.7567740775443412,0.0,0.0,0.32084050049652924,2.206556990339949,0.1310659743644096,1.984071886217272,0.05977740158905854,0.023014688814008557,0.0,1.7585434784760345,0.0,0.0,0.0,0.0,0.0,0.0,0.0,0.0,2.4485394954681396,4.589241981506348,0.6337172985076904,3.080216884613037,10.565738677978516,0.99933260679245,0.5257571935653687,0.25,4.0,0.31672191619873047,0.3132258951663971,0.00819838056680162,0.0017206477732793523,0.7767032384872437,0.7030219435691833,0.09486415308576111,,0.23872625827789307,0.7092268466949463,,0.04407396912574768,,,,,,,0.23466765880584717,0.7253157496452332,,0.04001659154891968,,,,,,113.77631979722243,166.75048104214423,0.3101777753203327,42.43048718211415,113.77631674510921,172.61211962051578,226.57139978424564,279.6142441583021,34.84818649291992,93.5061562116756,182.63171187691066,0.6370706392234308,0.5298741912582506,0.09485287158271118,0.17178909186065106,0.0,0.44634179934061846,0.5311770605725449,0.32317900514722175,0.0,0.0,0.0,0.0,0.0,0.6708613875901929,0.8620790736872962,0.967901505990986,0.9919204133230736,0.3620790736872962,0.16790150599098597,0.04192041332307361,0.08105236158440511,0.0,0.6153846153846154,0.38461538461538464,0.8104395604395604,1.6426689749235635,1.6228098502525916,1.6031920664258055,-7.97995662689209,0.000342195708071813
301,8.126646013903917e-06,8.126646013903917e-05,1.0,25.51932669974662,5.771865019927153,35.508010451858105,3.7390322298616976,3.7390322298616976,3.7390322298616976,0.0,0.0,0.32111464320002375,2.2211971798458614,0.13126250859853383,2.0048469337257178,0.06103117401535447,0.022152654222539953,0.0,1.752564507561761,0.0,0.0,0.0,0.0,0.0,0.0,0.0,0.0,3.6010208129882812,4.0785956382751465,0.6044315695762634,3.0147461891174316,8.809063911437988,1.0000836849212646,0.4388997554779053,0.25,3.870944023132324,0.32044944167137146,0.2745334208011627,0.002631578947368421,0.0,5.894326686859131,5.804728984832764,0.015200667826253535,,0.2433793544769287,0.710008978843689,,0.043173544108867645,,,,,,,0.23867693543434143,0.720134973526001,,0.041188061237335205,,,,,,,,,,,,,,,,,,,,,,,,,,,,,,,,,,,,,,,,,,,,,,
302,8.114636794711075e-06,8.114636794711075e-05,1.0,27.64459063555743,5.784320315799198,39.74716598923142,3.7367021715318836,3.7367021715318836,3.7367021715318836,0.0,0.0,0.31991193101212784,2.2313172623917863,0.1300697713284879,2.005842879011824,0.05987662882418246,0.02809612815444534,0.0,1.7519281748178843,0.0,0.0,0.0,0.0,0.0,0.0,0.0,0.0,4.118841648101807,3.6652138233184814,0.6214298009872437,2.7355918884277344,7.775485992431641,0.9997814297676086,0.43238022923469543,0.25,4.0,0.3194674849510193,0.27515414357185364,0.0038461538461538464,0.0009109311740890688,7.226914405822754,6.540155410766602,0.095027968575749,,0.24110694229602814,0.7146544456481934,,0.04166021943092346,,,,,,,0.23724094033241272,0.7230366468429565,,0.039722368121147156,,,,,,,,,,,,,,,,,,,,,,,,,,,,,,,,,,,,,,,,,,,,,,
303,8.102598728657515e-06,8.102598728657516e-05,1.0,27.638803842905407,5.8210952346389355,39.701990076013516,3.7420666668866134,3.7420666668866134,3.7420666668866134,0.0,0.0,0.3196491808504672,2.2150534552496834,0.13146677532711545,1.99748065020587,0.05834603309631348,0.018493845656111434,0.0,1.755352123363598,0.0,0.0,0.0,0.0,0.0,0.0,0.0,0.0,3.072370767593384,3.2829413414001465,0.5705902576446533,2.4780468940734863,6.900822639465332,0.9998120069503784,0.460806667804718,0.25,4.0,0.3174073398113251,0.2880414128303528,0.0008097165991902834,0.0005060728744939271,2.8221235275268555,2.8138649463653564,0.0029263712523371938,,0.23734089732170105,0.7196300029754639,,0.04074930399656296,,,,,,,0.23436857759952545,0.726148247718811,,0.03948318958282471,,,,,,,,,,,,,,,,,,,,,,,,,,,,,,,,,,,,,,,,,,,,,,
304,8.090531936966428e-06,8.090531936966427e-05,1.0,28.689855627111488,6.003449723527238,41.583703943201016,3.75316351813239,3.75316351813239,3.75316351813239,0.0,0.0,0.3216094970703125,2.2292284578890413,0.13176661568718986,2.0094680786132812,0.06213706248515361,0.019773921451053104,0.0,1.7471474312447213,0.0,0.0,0.0,0.0,0.0,0.0,0.0,0.0,3.409275770187378,3.4810657501220703,0.5352353453636169,2.4659764766693115,7.382562637329102,0.9999006390571594,0.4356638789176941,0.25,4.0,0.3181670904159546,0.2755257487297058,0.0018218623481781376,0.0003036437246963563,4.8485870361328125,4.711801052093506,0.028211514616515134,,0.2395806759595871,0.7138199210166931,,0.042650703340768814,,,,,,,0.23540905117988586,0.7239810824394226,,0.040609877556562424,,,,,,,,,,,,,,,,,,,,,,,,,,,,,,,,,,,,,,,,,,,,,,
305,8.078436541150269e-06,8.078436541150268e-05,1.0,27.998944256756758,5.798905243744722,40.40024216110642,3.7598617141311235,3.7598617141311235,3.7598617141311235,0.0,0.0,0.32014272019669815,2.221472250448691,0.1296665604050095,2.0108956001900338,0.059729221704843884,0.02514810497696335,0.0,1.7273428633406356,0.0,0.0,0.0,0.0,0.0,0.0,0.0,0.0,3.6413657665252686,3.137470245361328,0.4998939335346222,2.125804901123047,6.8611741065979,0.9996839761734009,0.5167732834815979,0.25,4.0,0.3167770206928253,0.3027476370334625,0.0024291497975708503,0.0012145748987854252,22.754878997802734,21.96162986755371,0.03486061737905183,,0.2376982569694519,0.7141462564468384,,0.04303432255983353,,,,,,,0.2329431176185608,0.7271530628204346,,0.03990381583571434,,,,,,117.83472132420802,170.0938815986283,0.3438476802433421,66.81190113444904,117.83472364120942,179.15666182829372,231.06886525420023,284.4886074762739,49.920842851911274,103.94232526675675,167.12855264414912,0.6483979366195018,0.5374090968466667,0.11384431755511655,0.19346245869177173,0.0,0.45967159292307447,0.5441384928979046,0.33618861827244234,0.0,0.0,0.0,0.0,0.0,0.6783481173415344,0.8556117401341101,0.9666923161481807,0.9915906342750357,0.3556117401341101,0.1666923161481807,0.04159063427503573,0.08026455608075922,0.0,0.6593406593406593,0.34065934065934067,0.8250915750915752,1.653627777165109,1.6362269399585305,1.6189414059722818,-7.98042106628418,0.00034203685936518013
306,8.066312663009543e-06,8.066312663009543e-05,1.0,28.033965239653718,5.899398391311233,40.39150918496622,3.742444425015836,3.742444425015836,3.742444425015836,0.0,0.0,0.3221678862700591,2.2269334535341003,0.12950620135745486,2.040681993639147,0.058524144662393106,0.01933956307333869,0.0,1.7269167513460726,0.0,0.0,0.0,0.0,0.0,0.0,0.0,0.0,3.021223783493042,3.15193772315979,0.5447269082069397,2.3433053493499756,6.793835163116455,0.9999338984489441,0.4728873074054718,0.25,4.0,0.31654226779937744,0.282610684633255,0.001417004048582996,0.0004048582995951417,5.4540534019470215,5.166036605834961,0.052807843063883926,,0.2368546426296234,0.7163829803466797,,0.04339245334267616,,,,,,,0.23175856471061707,0.7270920276641846,,0.04114942252635956,,,,,,,,,,,,,,,,,,,,,,,,,,,,,,,,,,,,,,,,,,,,,,
307,8.054160424631568e-06,8.054160424631568e-05,1.0,26.707813159839528,5.757118843697213,37.819246859163854,3.754697645032728,3.754697645032728,3.754697645032728,0.0,0.0,0.321010718474517,2.269228961016681,0.12932402378803975,2.0964037920977616,0.05875046188766892,0.018772258951857284,0.0,1.7235798191379856,0.0,0.0,0.0,0.0,0.0,0.0,0.0,0.0,4.88823127746582,2.2859466075897217,0.4998939335346222,1.621575951576233,4.841131210327148,1.0001287460327148,0.5407232046127319,0.25,3.107313394546509,0.31890037655830383,0.2847521901130676,0.004554655870445344,0.0,84.70235443115234,82.04669952392578,0.031352787358291535,,0.2408149540424347,0.711760401725769,,0.04638209193944931,,,,,,,0.23288249969482422,0.7246807813644409,,0.04243675246834755,,,,,,,,,,,,,,,,,,,,,,,,,,,,,,,,,,,,,,,,,,,,,,
308,8.041979948389248e-06,8.041979948389248e-05,1.0,30.83513579497466,6.052812730943835,45.869866448479726,3.6958865603885136,3.6958865603885136,3.6958865603885136,0.0,0.0,0.318863971813305,2.2990980406065247,0.12741802834175728,2.141954164247255,0.059034850146319415,0.022280915363414866,0.0,1.69344577273807,0.0,0.0,0.0,0.0,0.0,0.0,0.0,0.0,2.8751304149627686,2.436689853668213,0.4998939335346222,1.637089490890503,5.475549221038818,1.0000202655792236,0.5289741158485413,0.25,4.0,0.31603333353996277,0.28506746888160706,0.0013157894736842105,0.00010121457489878542,12.986225128173828,10.917191505432129,0.15932525443848167,,0.23602263629436493,0.716676652431488,,0.04553445428609848,,,,,,,0.22946906089782715,0.7285161018371582,,0.04201485216617584,,,,,,,,,,,,,,,,,,,,,,,,,,,,,,,,,,,,,,,,,,,,,,
309,8.029771356939846e-06,8.029771356939846e-05,1.0,30.28874907622466,6.148126963022593,44.5479835304054,3.754054713893581,3.754054713893581,3.754054713893581,0.0,0.0,0.32176254891060496,2.3096474312447213,0.12905937916523702,2.164155083733636,0.05907034873962402,0.022790293435792666,0.0,1.7027181676916174,0.0,0.0,0.0,0.0,0.0,0.0,0.0,0.0,8.3687105178833,1.5937731266021729,0.4998939335346222,1.068954348564148,3.2756731510162354,0.9999402165412903,0.45555180311203003,0.25,4.0,0.31554555892944336,0.2613193392753601,0.0004048582995951417,0.00020242914979757084,489.6335144042969,488.17376708984375,0.0029813059594768513,,0.23398663103580475,0.7230696678161621,,0.043815769255161285,,,,,,,0.22846119105815887,0.730614185333252,,0.04092458635568619,,,,,,,,,,,,,,,,,,,,,,,,,,,,,,,,,,,,,,,,,,,,,,
310,8.01753477322374e-06,8.01753477322374e-05,1.0,28.03045489336993,5.806074812605575,40.38939110008446,3.7431648872994088,3.7431648872994088,3.7431648872994088,0.0,0.0,0.3208635948799752,2.3253233626082137,0.13107016279890732,2.167805852116765,0.059805303006558806,0.019375896131670154,0.0,1.6916786400047508,0.0,0.0,0.0,0.0,0.0,0.0,0.0,0.0,3.429995059967041,2.1886425018310547,0.4998939335346222,1.4254567623138428,5.083380699157715,0.9999860525131226,0.6315178871154785,0.25,4.0,0.3176391124725342,0.3137481212615967,0.0010121457489878543,0.00010121457489878542,33.07583999633789,29.133522033691406,0.11919025981148089,,0.238970085978508,0.712473452091217,,0.047500867396593094,,,,,,,0.23097360134124756,0.726321816444397,,0.04270462319254875,,,,,,134.11816022684286,197.05521842383473,0.392737349684511,89.30513845171247,134.1181603377094,190.5203841602109,243.96756754010474,297.2139721142298,64.17913654872349,115.65078865465267,196.54998845639437,0.7056793861894198,0.6000476262875426,0.11878473798049358,0.1928322070797955,0.0,0.5348168169211648,0.6078280180090498,0.40918832781404146,0.0,0.0,0.0,0.0,0.0,0.679499446098966,0.8485398116595214,0.9669121688468726,0.992744860943168,0.3485398116595214,0.16691216884687254,0.042744860943168095,0.08964493789161262,0.0,0.5769230769230769,0.4230769230769231,0.7774725274725275,1.7322897279000544,1.7166403852976286,1.7015552897374708,-7.981263160705566,0.0003417489642743021
311,8.005270320463192e-06,8.005270320463192e-05,1.0,28.607098553631758,6.258689261771537,40.98819877005912,3.7676808125263936,3.7676808125263936,3.7676808125263936,0.0,0.0,0.32110866340431005,2.3621254998284416,0.13036138946945602,2.2700611836201436,0.05661518509323533,0.019977780612739356,0.0,1.692937283902555,0.0,0.0,0.0,0.0,0.0,0.0,0.0,0.0,12.169496536254883,1.2645106315612793,0.4998939335346222,0.8927088379859924,2.556209087371826,0.9999971389770508,0.4784112572669983,0.27518218755722046,4.0,0.3184261918067932,0.2501627206802368,0.0,0.00010121457489878542,1232.1434326171875,1229.7154541015625,0.0019705323677031233,,0.2383773922920227,0.7195319533348083,,0.046550847589969635,,,,,,,0.23192012310028076,0.7247123718261719,,0.04336749389767647,,,,,,,,,,,,,,,,,,,,,,,,,,,,,,,,,,,,,,,,,,,,,,
312,7.992978122161107e-06,7.992978122161107e-05,1.0,26.541108002533782,5.741910779798353,37.40904442039696,3.675618352116765,3.675618352116765,3.675618352116765,0.0,0.0,0.3210356686566327,2.5241996146537162,0.1278334952689506,2.4776343268317147,0.058896444939278265,0.01944357801128078,0.0,1.6796746125092377,0.0,0.0,0.0,0.0,0.0,0.0,0.0,0.0,17.674358367919922,0.9098265767097473,0.4998939335346222,0.6251731514930725,1.7331676483154297,0.99992835521698,0.4338703751564026,0.3292202949523926,4.0,0.3128690719604492,0.24050398170948029,0.0,0.00020242914979757084,2507.31884765625,2504.468505859375,0.0011368086669708542,,0.22834303975105286,0.732367217540741,,0.04434770345687866,,,,,,,0.22278627753257751,0.7354282140731812,,0.04178547486662865,,,,,,,,,,,,,,,,,,,,,,,,,,,,,,,,,,,,,,,,,,,,,,
313,7.980658302099786e-06,7.980658302099785e-05,1.0,30.91213576858108,6.24181757746516,45.34023635451858,3.809901881862331,3.809901881862331,3.809901881862331,0.0,0.0,0.3214316496977935,2.5459567920581714,0.12903087203567093,2.554843180888408,0.058555293727565454,0.0256685775679511,0.0,1.686083716315192,0.0,0.0,0.0,0.0,0.0,0.0,0.0,0.0,19.78877830505371,0.7814420461654663,0.4998939335346222,0.4998939335346222,1.371584415435791,1.0,0.3706974983215332,0.2599667012691498,3.6121585369110107,0.3124631643295288,0.22753144800662994,0.0,0.0,3319.177490234375,3317.99853515625,0.0003551949486261885,,0.22755590081214905,0.7330306768417358,,0.046507105231285095,,,,,,,0.22336044907569885,0.7329921722412109,,0.043647393584251404,,,,,,,,,,,,,,,,,,,,,,,,,,,,,,,,,,,,,,,,,,,,,,
314,7.968310984339677e-06,7.968310984339676e-05,1.0,29.30012470967061,5.849696803737331,42.728904930320944,3.6925968479465796,3.6925968479465796,3.6925968479465796,0.0,0.0,0.323164295505833,2.550556079761402,0.12731099773097682,2.582190436285895,0.05927425461846429,0.023527080948288377,0.0,1.6840001699086782,0.0,0.0,0.0,0.0,0.0,0.0,0.0,0.0,26.875919342041016,0.7627668380737305,0.4998939335346222,0.4998939335346222,1.3313016891479492,1.0000098943710327,0.35407111048698425,0.25,3.7029848098754883,0.31587329506874084,0.22341600060462952,0.0013157894736842105,0.0,4911.328125,4910.1669921875,0.00023641931122246084,,0.23376424610614777,0.7252172827720642,,0.04657578840851784,,,,,,,0.22983139753341675,0.7256081104278564,,0.044560544192790985,,,,,,,,,,,,,,,,,,,,,,,,,,,,,,,,,,,,,,,,,,,,,,
315,7.955936293218135e-06,7.955936293218135e-05,1.0,28.2123462573902,5.638724662162162,40.780078784839525,3.7018044961465373,3.7018044961465373,3.7018044961465373,0.0,0.0,0.32013882817448797,2.51591986578864,0.1255001635164828,2.5397025443412162,0.06152818009660051,0.024275750727266877,0.0,1.6598799421980575,0.0,0.0,0.0,0.0,0.0,0.0,0.0,0.0,8.877263069152832,0.8710816502571106,0.4998939335346222,0.6022515296936035,1.6447409391403198,1.0,0.42914775013923645,0.2930682301521301,3.4186923503875732,0.3152806758880615,0.23482546210289001,0.0,0.0,747.23974609375,745.2303466796875,0.002689096002409911,,0.23293808102607727,0.7252643704414368,,0.04762659966945648,,,,,,,0.227544367313385,0.7275798916816711,,0.04487575590610504,,,,,,138.16897436288687,214.09654972274956,0.3580972020279799,62.0822377886091,138.16897449911957,191.6201926695256,242.51929036805805,290.7732113349958,18.716067722865514,114.21450261552205,223.52326136050016,0.7279205758654725,0.6451249076371448,0.10696877675273467,0.18268220192438153,0.0,0.588665799519437,0.6624704305737479,0.420829683552238,0.0,0.0,0.0,0.0,0.0,0.67745427310823,0.8450954527133487,0.967333553186032,0.9930379978747572,0.34509545271334874,0.16733355318603194,0.04303799787475726,0.11635704078267561,0.0,0.4945054945054945,0.5054945054945055,0.8131868131868132,1.7071835873546182,1.6889206912818846,1.672122326689762,-7.981183052062988,0.0003417763509787619
316,7.943534353348162e-06,7.943534353348161e-05,1.0,27.53348685599662,5.858065218538852,39.10695008973818,3.767886599978885,3.767886599978885,3.767886599978885,0.0,0.0,0.32076474782582876,2.4657980429159627,0.12773549878919446,2.504784661370355,0.058686114646293024,0.022267367388751055,0.0,1.6626969414788324,0.0,0.0,0.0,0.0,0.0,0.0,0.0,0.0,10.591580390930176,0.9265972971916199,0.4998939335346222,0.6225838661193848,1.8117384910583496,0.999995231628418,0.44498491287231445,0.2884892225265503,4.0,0.316316157579422,0.23747660219669342,0.0,0.00020242914979757084,1260.1312255859375,1259.3148193359375,0.0006478739939329623,,0.23531442880630493,0.7203868627548218,,0.049515314400196075,,,,,,,0.2296309471130371,0.7241921424865723,,0.046176888048648834,,,,,,,,,,,,,,,,,,,,,,,,,,,,,,,,,,,,,,,,,,,,,,
317,7.931105289617156e-06,7.931105289617156e-05,1.0,28.60053315033784,5.817653759105785,41.4420067039696,3.706048501504434,3.706048501504434,3.706048501504434,0.0,0.0,0.3204092850556245,2.42201212290171,0.1266432710596033,2.468796188766892,0.05932311753968935,0.016238436505601212,0.0,1.6305538899189718,0.0,0.0,0.0,0.0,0.0,0.0,0.0,0.0,15.19576644897461,0.9054045081138611,0.4998939335346222,0.5797455310821533,1.7304621934890747,1.0,0.4262065291404724,0.3034595847129822,3.5077126026153564,0.31850752234458923,0.2348765879869461,0.0,0.0,1845.994384765625,1844.9600830078125,0.000560295180932427,,0.2391730695962906,0.7158963084220886,,0.04968973994255066,,,,,,,0.23370671272277832,0.7197446823120117,,0.046548664569854736,,,,,,,,,,,,,,,,,,,,,,,,,,,,,,,,,,,,,,,,,,,,,,
318,7.918649227185646e-06,7.918649227185645e-05,1.0,26.530174461570947,5.794765575512035,37.231247360641895,3.7614172858160897,3.7614172858160897,3.7614172858160897,0.0,0.0,0.32163676700076543,2.417740074363915,0.12713790584254908,2.420512225176837,0.05859683655403756,0.022700625496941643,0.0,1.6372892018911,0.0,0.0,0.0,0.0,0.0,0.0,0.0,0.0,13.605025291442871,1.1356457471847534,0.4998939335346222,0.8448128700256348,2.2847788333892822,0.9999126195907593,0.5110276341438293,0.25770074129104614,4.0,0.31912875175476074,0.25538623332977295,0.0,0.0006072874493927126,1502.5687255859375,1499.9815673828125,0.0017218235406278133,,0.240866556763649,0.7117598652839661,,0.05112883448600769,,,,,,,0.23538784682750702,0.7167962789535522,,0.04781586676836014,,,,,,,,,,,,,,,,,,,,,,,,,,,,,,,,,,,,,,,,,,,,,,
319,7.906166291486047e-06,7.906166291486048e-05,1.0,29.76225322001689,6.033746667810388,43.58090292440878,3.7177012675517314,3.7177012675517314,3.7177012675517314,0.0,0.0,0.32078807418410843,2.3918290009369723,0.1275541589066789,2.3674134950380066,0.05931923840496991,0.016512625926249736,0.0,1.6019690230086043,0.0,0.0,0.0,0.0,0.0,0.0,0.0,0.0,3.8436241149902344,1.4468799829483032,0.4998939335346222,1.1679060459136963,2.8293275833129883,1.0000165700912476,0.5109189748764038,0.25,3.7326395511627197,0.3205389678478241,0.25649845600128174,0.001417004048582996,0.0,49.35629653930664,47.53678894042969,0.03686475133781408,,0.24420630931854248,0.7046138048171997,,0.05398496240377426,,,,,,,0.23677827417850494,0.713355541229248,,0.049866192042827606,,,,,,,,,,,,,,,,,,,,,,,,,,,,,,,,,,,,,,,,,,,,,,
320,7.893656608221384e-06,7.893656608221385e-05,1.0,27.105953732052363,5.887451584274705,38.33829972550676,3.7428287815403296,3.7428287815403296,3.7428287815403296,0.0,0.0,0.3209957174352697,2.4271244358372046,0.12789782962283572,2.3950432442330025,0.05831352440086571,0.024223622438069935,0.0,1.5947658435718433,0.0,0.0,0.0,0.0,0.0,0.0,0.0,0.0,11.200221061706543,1.0007961988449097,0.4998939335346222,0.7366341352462769,1.8764740228652954,1.0000054836273193,0.3245891332626343,0.25,3.3715779781341553,0.31845197081565857,0.21678337454795837,0.0006072874493927126,0.0,840.4081420898438,840.36181640625,5.5122840050730446e-05,,0.23948310315608978,0.7144007682800293,,0.04907635226845741,,,,,,,0.23610112071037292,0.7159671783447266,,0.04793170467019081,,,,,,119.24300160250822,179.46318197076795,0.3381236119489253,52.584853266621685,119.24299743018888,177.83058079096153,229.0621825141001,280.42148154230176,52.580479758126394,100.77217303135599,181.18592635444972,0.7477842350982203,0.6894092217358051,0.13079639356404782,0.21315030485524836,0.0,0.6437802638547386,0.7018839650884613,0.4371061388139023,0.0,0.0,0.0,0.0,0.0,0.6561101774112239,0.852313949653732,0.9721703125572533,0.995236524861676,0.352313949653732,0.17217031255725324,0.045236524861676064,0.1398996006009307,0.0,0.532967032967033,0.46703296703296704,0.858058608058608,1.6453222193560757,1.6254377083463982,1.6072040994416226,-7.9813232421875,0.0003417284751776606
321,7.881120303364025e-06,7.881120303364025e-05,1.0,28.074677338471282,5.968489775786528,40.2601417335304,3.720168654983108,3.720168654983108,3.720168654983108,0.0,0.0,0.320843438844423,2.40815054403769,0.12655999209429766,2.3689098873653927,0.05800895433168154,0.024739312159048545,0.0,1.5798588314571895,0.0,0.0,0.0,0.0,0.0,0.0,0.0,0.0,5.73477029800415,1.6927552223205566,0.4998939335346222,1.4093656539916992,3.24700927734375,1.0000017881393433,0.5181662440299988,0.25,3.5253939628601074,0.32222703099250793,0.25725552439689636,0.0005060728744939271,0.0,314.8912658691406,313.0145263671875,0.005959960485957212,,0.24800293147563934,0.6970007419586182,,0.05702941492199898,,,,,,,0.2401714324951172,0.7085180282592773,,0.05131050944328308,,,,,,,,,,,,,,,,,,,,,,,,,,,,,,,,,,,,,,,,,,,,,,
322,7.868557503154422e-06,7.868557503154421e-05,1.0,26.74381565403294,5.956328108504012,37.608827333192565,3.7381468076963684,3.7381468076963684,3.7381468076963684,0.0,0.0,0.32079485300424937,2.376133480587521,0.12817357037518476,2.313671421360325,0.058760301486865896,0.020782599578032624,0.0,1.5883858139450486,0.0,0.0,0.0,0.0,0.0,0.0,0.0,0.0,14.061310768127441,1.4027563333511353,0.4998939335346222,0.9741036891937256,2.9942078590393066,0.9999964237213135,0.4605364203453064,0.25,4.0,0.31920912861824036,0.24848417937755585,0.0004048582995951417,0.00010121457489878542,1217.1279296875,1216.3026123046875,0.0006780859782129902,,0.24236665666103363,0.7050469517707825,,0.05455910414457321,,,,,,,0.236496239900589,0.7145240306854248,,0.0489797405898571,,,,,,,,,,,,,,,,,,,,,,,,,,,,,,,,,,,,,,,,,,,,,,
323,7.855968334099833e-06,7.855968334099833e-05,1.0,28.245166675464528,6.132045436549831,40.43544130067568,3.7495974978885136,3.7495974978885136,3.7495974978885136,0.0,0.0,0.3201958682086017,2.3437023678341427,0.1275200199436497,2.2926033638619088,0.059295209678443705,0.01781790965312236,0.0,1.5879671251451648,0.0,0.0,0.0,0.0,0.0,0.0,0.0,0.0,12.858577728271484,1.3365272283554077,0.4998939335346222,1.014535665512085,2.6670074462890625,0.9998798966407776,0.40133824944496155,0.25,4.0,0.3221103847026825,0.23321396112442017,0.0004048582995951417,0.0008097165991902834,788.0635986328125,787.82177734375,0.0003068550425143711,,0.2466380000114441,0.7032475471496582,,0.052174609154462814,,,,,,,0.24133431911468506,0.7086408138275146,,0.05002489686012268,,,,,,,,,,,,,,,,,,,,,,,,,,,,,,,,,,,,,,,,,,,,,,
324,7.843352922973051e-06,7.84335292297305e-05,1.0,28.977515968116553,5.786328702359586,42.34736921980574,3.694607708905194,3.694607708905194,3.694607708905194,0.0,0.0,0.3203651840622361,2.3683106705949113,0.1270398707003207,2.29493218499261,0.05778247601277119,0.0183736810813079,0.0,1.5776429047455658,0.0,0.0,0.0,0.0,0.0,0.0,0.0,0.0,6.4647932052612305,1.6785681247711182,0.4998939335346222,1.4369874000549316,3.2884938716888428,1.000002384185791,0.44245749711990356,0.25,3.7482385635375977,0.3173336386680603,0.2495422661304474,0.0004048582995951417,0.0,339.85540771484375,338.3890380859375,0.0043146867627206036,,0.23877198994159698,0.7109773755073547,,0.05055579915642738,,,,,,,0.23391932249069214,0.717988908290863,,0.048091743141412735,,,,,,,,,,,,,,,,,,,,,,,,,,,,,,,,,,,,,,,,,,,,,,
325,7.830711396811129e-06,7.830711396811128e-05,1.0,29.335683461782093,5.926488515493032,42.85679832664696,3.7417598415065454,3.7417598415065454,3.7417598415065454,0.0,0.0,0.32073005470069677,2.337711849728146,0.13038362039102092,2.246769260715794,0.058693022341341584,0.02035734460160539,0.0,1.591577890756968,0.0,0.0,0.0,0.0,0.0,0.0,0.0,0.0,9.506750106811523,1.656587839126587,0.4998939335346222,1.3319194316864014,3.324333667755127,1.0000163316726685,0.4368092715740204,0.25,3.1971192359924316,0.3195866644382477,0.24941092729568481,0.0006072874493927126,0.0,426.65753173828125,426.1728515625,0.0011359934835946147,,0.24283890426158905,0.705498993396759,,0.05273669958114624,,,,,,,0.23680007457733154,0.7135794162750244,,0.04962047562003136,,,,,,128.41882389194362,194.0223404531025,0.34899424834510717,67.697787127652,128.41882351150832,179.68939150736074,230.57573774639306,281.0877160832384,42.08957726614816,108.39685082250787,197.70445981233016,0.7715300888336581,0.748535822554413,0.1450232897760952,0.23117205557984974,0.0,0.713184728071086,0.7569412523245039,0.5132977552887492,0.0,0.0,0.0,0.0,0.0,0.6596839466689673,0.8435381627642813,0.9727932285368803,0.9965373199956029,0.3435381627642813,0.17279322853688028,0.046537319995602955,0.15232127807702173,0.0,0.489010989010989,0.510989010989011,0.88003663003663,1.6566345134934226,1.6366577927882855,1.6186836114624044,-7.980639934539795,0.0003419620043132454
326,7.81804388291409e-06,7.818043882914089e-05,1.0,27.58378147434544,5.791950535129857,39.543031434755065,3.7177519927153715,3.7177519927153715,3.7177519927153715,0.0,0.0,0.3204408851829735,2.3290322793496623,0.12775626053681244,2.239030167863176,0.0590213376122552,0.025505958376704035,0.0,1.5718970427641998,0.0,0.0,0.0,0.0,0.0,0.0,0.0,0.0,3.3089144229888916,2.1169679164886475,0.4998939335346222,1.7753093242645264,4.194151401519775,1.0000020265579224,0.5499093532562256,0.25,3.782705068588257,0.31834322214126587,0.2786003649234772,0.00020242914979757084,0.0,52.25688552856445,50.13793182373047,0.040548794353152375,,0.24243547022342682,0.6993404030799866,,0.05758790299296379,,,,,,,0.23465199768543243,0.7140217423439026,,0.051326289772987366,,,,,,,,,,,,,,,,,,,,,,,,,,,,,,,,,,,,,,,,,,,,,,
327,7.80535050884366e-06,7.805350508843659e-05,1.0,27.24445899757179,5.72822364600929,38.96178869298986,3.7055049586940454,3.7055049586940454,3.7055049586940454,0.0,0.0,0.32059458139780406,2.3145997330949113,0.12752362844106313,2.2287084218618034,0.06109727395547403,0.021796577685588115,0.0,1.5684144303605363,0.0,0.0,0.0,0.0,0.0,0.0,0.0,0.0,8.371797561645508,2.1161396503448486,0.4998939335346222,1.8285359144210815,4.18556022644043,0.9997103810310364,0.4924832880496979,0.25,4.0,0.3187902867794037,0.26884889602661133,0.0012145748987854252,0.0005060728744939271,347.0574951171875,345.42730712890625,0.004697169809661654,,0.2429042011499405,0.700574517250061,,0.05399675667285919,,,,,,,0.2371124029159546,0.7131602764129639,,0.049727313220500946,,,,,,,,,,,,,,,,,,,,,,,,,,,,,,,,,,,,,,,,,,,,,,
328,7.792631402421977e-06,7.792631402421977e-05,1.0,29.632713524070947,6.269979528478674,43.15490392736486,3.738755922059755,3.738755922059755,3.738755922059755,0.0,0.0,0.32107118658117345,2.298515938423775,0.12924698236826304,2.1812925596494934,0.061195624841226114,0.021564187230290594,0.0,1.5652206008498732,0.0,0.0,0.0,0.0,0.0,0.0,0.0,0.0,3.3558297157287598,2.5268728733062744,0.6197025775909424,2.197572708129883,4.687605381011963,0.9999800324440002,0.47206464409828186,0.25,4.0,0.319898396730423,0.26561224460601807,0.00020242914979757084,0.00010121457489878542,22.76805877685547,21.85834503173828,0.039955700836557195,,0.2449132353067398,0.6977422833442688,,0.05552906170487404,,,,,,,0.2386443018913269,0.7103002667427063,,0.05105537921190262,,,,,,,,,,,,,,,,,,,,,,,,,,,,,,,,,,,,,,,,,,,,,,
329,7.7798866917303e-06,7.779886691730299e-05,1.0,25.24835864917652,5.679880503061655,35.02370803420608,3.7120138632284627,3.7120138632284627,3.7120138632284627,0.0,0.0,0.3217701009801916,2.3178884145375847,0.13023411261068807,2.1734181996938347,0.06116387650773332,0.023674982625084953,0.0,1.5648917120856207,0.0,0.0,0.0,0.0,0.0,0.0,0.0,0.0,4.060390949249268,2.2875401973724365,0.5933489203453064,2.0775747299194336,4.264362335205078,1.0000165700912476,0.41262543201446533,0.25,3.386068344116211,0.3213106095790863,0.2491205334663391,0.0012145748987854252,0.0,19.217418670654297,18.965702056884766,0.013098357177070391,,0.2464011311531067,0.6997933387756348,,0.05252275615930557,,,,,,,0.24103853106498718,0.7086102366447449,,0.05035122483968735,,,,,,,,,,,,,,,,,,,,,,,,,,,,,,,,,,,,,,,,,,,,,,
330,7.767116505107723e-06,7.767116505107724e-05,1.0,28.78353634396115,5.667123743005701,42.071975295608105,3.7377220360008447,3.7377220360008447,3.7377220360008447,0.0,0.0,0.321633158503352,2.302700764424092,0.13031431146570155,2.1572061487146326,0.05823643787487133,0.018743025289999472,0.0,1.5700602144808382,0.0,0.0,0.0,0.0,0.0,0.0,0.0,0.0,8.474912643432617,1.9308342933654785,0.4998939335346222,1.4359352588653564,4.173316478729248,0.9999541640281677,0.48906946182250977,0.25,4.0,0.3207729458808899,0.2720944583415985,0.0004048582995951417,0.0004048582995951417,308.915771484375,308.5782470703125,0.0010926098477933232,,0.2459726184606552,0.6982301473617554,,0.05455389991402626,,,,,,,0.24052147567272186,0.7088032364845276,,0.05067533627152443,,,,,,160.6632499066028,236.14128487927428,0.45697276466112474,131.09447322048985,160.66324826014886,205.2724962295226,252.27187533468313,303.07222718524946,68.72562789916992,135.61905693823053,244.88638571034306,0.7873950152047797,0.8253130123829078,0.17291535721926743,0.2533130775208473,0.0,0.803928791072643,0.837358192635716,0.6516733946106973,0.0,0.0,0.0,0.0,0.0,0.6885578484555486,0.8063830566853541,0.9646586786852809,0.9962991462386868,0.30638305668535415,0.16465867868528083,0.046299146238686806,0.16514601883404786,0.0,0.3956043956043956,0.6043956043956044,0.924908424908425,1.7547034490239488,1.738494412257121,1.7243152758577367,-7.980630874633789,0.00034196508931927383
331,7.754320971149887e-06,7.754320971149887e-05,1.0,27.93475176836993,6.063597395613387,39.97202940244932,3.74113299395587,3.74113299395587,3.74113299395587,0.0,0.0,0.32063417176942566,2.2970574868691935,0.12980119602100268,2.1624423877612964,0.05755293691480482,0.02402243420884416,0.0,1.5645902479017102,0.0,0.0,0.0,0.0,0.0,0.0,0.0,0.0,6.300169944763184,2.087388753890991,0.4998939335346222,1.8442275524139404,3.978318929672241,1.0000027418136597,0.46221911907196045,0.25,3.9143569469451904,0.31996509432792664,0.2583898901939392,0.00010121457489878542,0.0,197.11953735351562,196.52056884765625,0.003038605477168813,,0.2449750006198883,0.6976888179779053,,0.05624380707740784,,,,,,,0.23884914815425873,0.7090117931365967,,0.052139073610305786,,,,,,,,,,,,,,,,,,,,,,,,,,,,,,,,,,,,,,,,,,,,,,
332,7.741500218707673e-06,7.741500218707674e-05,1.0,25.75029857738598,5.76541467615076,35.939865524704395,3.7026358939505912,3.7026358939505912,3.7026358939505912,0.0,0.0,0.3188349234091269,2.34221566689981,0.12873368649869352,2.2140801919473185,0.06015397406913139,0.02648406576465916,0.0,1.5484909882416595,0.0,0.0,0.0,0.0,0.0,0.0,0.0,0.0,9.054176330566406,1.8508235216140747,0.4998939335346222,1.477904200553894,3.8147194385528564,1.0000512599945068,0.4693014919757843,0.25,3.7676243782043457,0.32276859879493713,0.2552332580089569,0.001417004048582996,0.0,306.6092224121094,305.9884338378906,0.0020246898294023143,,0.249521866440773,0.6933262944221497,,0.057761143893003464,,,,,,,0.24290068447589874,0.7034302353858948,,0.05366906151175499,,,,,,,,,,,,,,,,,,,,,,,,,,,,,,,,,,,,,,,,,,,,,,
333,7.72865437688592e-06,7.728654376885918e-05,1.0,27.651649268897803,6.109974216770482,39.327537742820944,3.7446841678103886,3.7446841678103886,3.7446841678103886,0.0,0.0,0.3208251643825222,2.322777000633446,0.12842722196836728,2.2020942069388725,0.058469424376616605,0.018794013036263955,0.0,1.5584483791042019,0.0,0.0,0.0,0.0,0.0,0.0,0.0,0.0,3.5656771659851074,2.268364429473877,0.5318486094474792,1.960296392440796,4.373597621917725,1.0000051259994507,0.4579102694988251,0.25,3.9690001010894775,0.31963273882865906,0.26142725348472595,0.0005060728744939271,0.0,68.7121353149414,67.97686767578125,0.010700695529109438,,0.2452511191368103,0.6943303942680359,,0.05787328630685806,,,,,,,0.2387341558933258,0.7084692120552063,,0.0527966283261776,,,,,,,,,,,,,,,,,,,,,,,,,,,,,,,,,,,,,,,,,,,,,,
334,7.715783575042108e-06,7.715783575042108e-05,1.0,25.65966961834882,5.8125470135663,35.65514806798986,3.7341836465371623,3.7341836465371623,3.7341836465371623,0.0,0.0,0.32007181322252426,2.3319149532833614,0.12821853483045423,2.20618521200644,0.05998557322734111,0.022863613592611777,0.0,1.5548288499986804,0.0,0.0,0.0,0.0,0.0,0.0,0.0,0.0,7.2278242111206055,1.7519503831863403,0.4998939335346222,1.4390939474105835,3.453385829925537,0.9999778866767883,0.4245053231716156,0.2603747248649597,4.0,0.32108011841773987,0.24871926009655,0.0,0.00010121457489878542,240.81846618652344,240.17019653320312,0.0026919432865177458,,0.24642635881900787,0.6979612112045288,,0.05463169887661934,,,,,,,0.24119991064071655,0.7071551084518433,,0.05164496600627899,,,,,,,,,,,,,,,,,,,,,,,,,,,,,,,,,,,,,,,,,,,,,,
335,7.70288794278507e-06,7.70288794278507e-05,1.0,28.35649150126689,5.913902488914696,41.0061694995777,3.6997367240287162,3.6997367240287162,3.6997367240287162,0.0,0.0,0.31972281997268265,2.3475207766971073,0.12967042665223819,2.2171102987753377,0.05922358744853252,0.024263570437560212,0.0,1.554243448618296,0.0,0.0,0.0,0.0,0.0,0.0,0.0,0.0,5.122574329376221,2.1175456047058105,0.4998939335346222,1.8478331565856934,4.092596530914307,0.9998171329498291,0.45002561807632446,0.25,4.0,0.3190755248069763,0.258678138256073,0.0006072874493927126,0.0004048582995951417,102.08717346191406,101.48731994628906,0.005875895034441217,,0.24388718605041504,0.6974838972091675,,0.05609823763370514,,,,,,,0.2381562441587448,0.7100658416748047,,0.051777929067611694,,,,,,105.62413209349245,163.81005433506226,0.3008920674967293,45.05557653406164,105.62413109114503,171.59080524177264,220.2435040460319,272.0959398263075,46.94964926583426,89.98422341753346,158.41260163680366,0.7980616880663821,0.761904991726582,0.1505251863537591,0.24865600936131194,0.0,0.7322496740841314,0.7464881186102829,0.5199418542061853,0.0,0.0,0.0,0.0,0.0,0.6529211524388813,0.8575171301894398,0.9758345242021179,0.9961525777728921,0.35751713018943976,0.17583452420211787,0.04615257777289217,0.16078560697665897,0.0,0.5384615384615384,0.46153846153846156,0.8891941391941393,1.6198883272789337,1.5951237072656443,1.5735182290548806,-7.981163024902344,0.00034178319037891924
336,7.689967609973683e-06,7.689967609973682e-05,1.0,27.611664643158782,5.890289306640625,39.4442138671875,3.760415979333826,3.760415979333826,3.760415979333826,0.0,0.0,0.3215804486661344,2.313105196566195,0.1299470953039221,2.186614990234375,0.05819619024122084,0.02047477541743098,0.0,1.5618607804581925,0.0,0.0,0.0,0.0,0.0,0.0,0.0,0.0,6.173167705535889,2.261725902557373,0.4998939335346222,1.8939636945724487,4.482125282287598,0.9999427795410156,0.43392470479011536,0.25,4.0,0.3202604651451111,0.25675857067108154,0.00020242914979757084,0.0004048582995951417,227.90594482421875,227.01986694335938,0.0038879103462737524,,0.24592295289039612,0.6953155398368835,,0.05599420890212059,,,,,,,0.2409093976020813,0.7065277695655823,,0.05256284400820732,,,,,,,,,,,,,,,,,,,,,,,,,,,,,,,,,,,,,,,,,,,,,,
337,7.67702270671555e-06,7.677022706715548e-05,1.0,27.421878299197637,5.733002533783784,39.312097497888516,3.7191030141469597,3.7191030141469597,3.7191030141469597,0.0,0.0,0.3209273879592483,2.306803729083087,0.1307954401583285,2.1675248017182223,0.059624787923452015,0.025396582242604847,0.0,1.563811224860114,0.0,0.0,0.0,0.0,0.0,0.0,0.0,0.0,9.360657691955566,1.8724349737167358,0.4998939335346222,1.47646164894104,3.8596863746643066,1.0000745058059692,0.43284887075424194,0.25,3.911271333694458,0.3212485909461975,0.2493171989917755,0.0018218623481781376,0.0,271.17718505859375,270.5307312011719,0.002383879961296134,,0.24698130786418915,0.6961161494255066,,0.05646596476435661,,,,,,,0.24025419354438782,0.7084721922874451,,0.051273591816425323,,,,,,,,,,,,,,,,,,,,,,,,,,,,,,,,,,,,,,,,,,,,,,
338,7.664053363365703e-06,7.664053363365704e-05,1.0,27.86058250633446,5.955977568755278,39.864224820523646,3.7753774282094597,3.7753774282094597,3.7753774282094597,0.0,0.0,0.3211904474206873,2.2997158153637036,0.13056503759848104,2.15746410472973,0.056988439044436894,0.021110700594412314,0.0,1.5670189728608002,0.0,0.0,0.0,0.0,0.0,0.0,0.0,0.0,9.197181701660156,1.7815660238265991,0.4998939335346222,1.389719009399414,3.740936279296875,0.9999789595603943,0.38017746806144714,0.25,4.0,0.3202996253967285,0.24027270078659058,0.00020242914979757084,0.00010121457489878542,308.2939453125,308.039306640625,0.0008259606643162819,,0.24485668540000916,0.7007156610488892,,0.05309721454977989,,,,,,,0.24060609936714172,0.7088660001754761,,0.05052793771028519,,,,,,,,,,,,,,,,,,,,,,,,,,,,,,,,,,,,,,,,,,,,,,
339,7.651059710525292e-06,7.651059710525291e-05,1.0,27.570987185916387,5.775002969277872,39.474642366976354,3.7797352558857686,3.7797352558857686,3.7797352558857686,0.0,0.0,0.3206265423748944,2.278545482738598,0.1303643664798221,2.13280404580606,0.05866790462184597,0.021323735649521287,0.0,1.5655114457413957,0.0,0.0,0.0,0.0,0.0,0.0,0.0,0.0,2.4548122882843018,2.6921048164367676,0.6570981740951538,2.4106171131134033,5.029066562652588,1.0000433921813965,0.448018342256546,0.25,3.6675961017608643,0.32044726610183716,0.26213306188583374,0.0013157894736842105,0.0,3.571908473968506,3.3745226860046387,0.05526059511389585,,0.2467765212059021,0.6922860145568848,,0.057873427867889404,,,,,,,0.2398233711719513,0.7074978351593018,,0.05267879366874695,,,,,,,,,,,,,,,,,,,,,,,,,,,,,,,,,,,,,,,,,,,,,,
340,7.638041879040251e-06,7.638041879040251e-05,1.0,30.49690205342061,6.067403020085515,45.129645270270274,3.7146140433646537,3.7146140433646537,3.7146140433646537,0.0,0.0,0.3209489873937658,2.3153830863334037,0.12913288941254486,2.179476969950908,0.05934872498383393,0.028737487019719305,0.0,1.5484793379500106,0.0,0.0,0.0,0.0,0.0,0.0,0.0,0.0,8.235257148742676,2.131934404373169,0.4998939335346222,1.6455042362213135,4.459859371185303,0.9998806118965149,0.45914047956466675,0.25,4.0,0.32017385959625244,0.2714819610118866,0.00020242914979757084,0.0004048582995951417,290.0195617675781,289.89111328125,0.00044289593965755907,,0.24554939568042755,0.6965194940567017,,0.05561015009880066,,,,,,,0.24026571214199066,0.7082005143165588,,0.0515337698161602,,,,,,112.5558342566857,177.71391027883405,0.2889939469090648,-40.454295231745796,112.55583264260157,174.7606831328071,224.58628566981113,266.6447273355922,22.17925316946847,85.92683389944624,200.98577151091203,0.7664697449800175,0.6584992278629749,0.08414909352970762,0.1995122296117054,0.0,0.6227345516884301,0.6025018180251799,0.39032396185224516,0.0,0.0,0.0,0.0,0.0,0.6327185379238595,0.8865560074749917,0.9770070719284746,0.9946319299402734,0.38655600747499175,0.17700707192847454,0.04463192994027343,0.14264775933457916,0.0,0.5,0.5,0.8296703296703297,1.5958555209767686,1.5686941014213875,1.5445789463899948,-7.98115873336792,0.00034178467467427254
341,7.625e-06,7.625e-05,1.0,26.089569916596282,5.700479455896326,36.63144333298142,3.7557113235061235,3.7557113235061235,3.7557113235061235,0.0,0.0,0.32150472177041545,2.2748839919631547,0.12895230989198428,2.1537081744219804,0.05632600268802127,0.018253593831448943,0.0,1.5525727143158783,0.0,0.0,0.0,0.0,0.0,0.0,0.0,0.0,7.088439464569092,2.008894443511963,0.4998939335346222,1.5251903533935547,4.276457786560059,0.9991266131401062,0.45466089248657227,0.25,4.0,0.3181728720664978,0.2624414563179016,0.0008097165991902834,0.0012145748987854252,336.3868103027344,335.489013671875,0.0026689412407442333,,0.24291348457336426,0.6970030665397644,,0.054652292281389236,,,,,,,0.23827235400676727,0.7105721235275269,,0.051155541092157364,,,,,,,,,,,,,,,,,,,,,,,,,,,,,,,,,,,,,,,,,,,,,,
342,7.611934204736119e-06,7.611934204736119e-05,1.0,27.15709129539696,5.65083106788429,38.89088563661318,3.6900325465846704,3.6900325465846704,3.6900325465846704,0.0,0.0,0.3203057469548406,2.3468726905616553,0.1284544274613664,2.216477059029244,0.05914799587146656,0.02595404354301659,0.0,1.5413244092786633,0.0,0.0,0.0,0.0,0.0,0.0,0.0,0.0,3.078238010406494,2.1266391277313232,0.5154099464416504,1.8737273216247559,3.93965744972229,1.0000020265579224,0.44350314140319824,0.25,3.9728755950927734,0.3186374008655548,0.2593376636505127,0.00010121457489878542,0.0,13.636631965637207,12.856249809265137,0.057226898719459934,,0.2429189831018448,0.6995421051979065,,0.05459345132112503,,,,,,,0.2376788854598999,0.7105746269226074,,0.051746465265750885,,,,,,,,,,,,,,,,,,,,,,,,,,,,,,,,,,,,,,,,,,,,,,
343,7.5988446248210156e-06,7.598844624821016e-05,1.0,27.361738875105573,5.819730191617398,39.09692712732264,3.706416774440456,3.706416774440456,3.706416774440456,0.0,0.0,0.32182737298913905,2.3398796287742822,0.1273130210670265,2.22128625818201,0.061018202755902265,0.024538492834245838,0.0,1.538516276591533,0.0,0.0,0.0,0.0,0.0,0.0,0.0,0.0,11.749727249145508,1.6254942417144775,0.4998939335346222,1.287792682647705,3.31428599357605,1.0000181198120117,0.3815215528011322,0.25,3.530268430709839,0.31887760758399963,0.23826366662979126,0.0009109311740890688,0.0,643.3666381835938,642.656494140625,0.0011037937014789698,,0.2423609048128128,0.7034206986427307,,0.0537823885679245,,,,,,,0.23815730214118958,0.7108817100524902,,0.05096098780632019,,,,,,,,,,,,,,,,,,,,,,,,,,,,,,,,,,,,,,,,,,,,,,
344,7.58573139206662e-06,7.58573139206662e-05,1.0,26.093665870460303,5.905605419262035,36.3149974926098,3.776566788956926,3.776566788956926,3.776566788956926,0.0,0.0,0.3197760710845122,2.3540024628510348,0.12687264262018977,2.262379414326436,0.060279627104063295,0.023592243323454987,0.0,1.545352317191459,0.0,0.0,0.0,0.0,0.0,0.0,0.0,0.0,9.36571979522705,1.6714503765106201,0.4998939335346222,1.3616753816604614,3.3796541690826416,1.0000061988830566,0.424922913312912,0.25,3.7797112464904785,0.3197346329689026,0.24739468097686768,0.0008097165991902834,0.0,373.07037353515625,372.31591796875,0.0020222875358800207,,0.24447505176067352,0.6982966065406799,,0.05744917318224907,,,,,,,0.2394234538078308,0.7073173522949219,,0.053259242326021194,,,,,,,,,,,,,,,,,,,,,,,,,,,,,,,,,,,,,,,,,,,,,,
345,7.572594638523036e-06,7.572594638523035e-05,1.0,27.65228436444257,5.735878196922508,39.73501504434122,3.7239631446632178,3.7239631446632178,3.7239631446632178,0.0,0.0,0.32203385636613174,2.3236244820259713,0.127471653190819,2.2290391664247253,0.058455145036852035,0.019698226774061047,0.0,1.527943585370038,0.0,0.0,0.0,0.0,0.0,0.0,0.0,0.0,11.503436088562012,1.6135871410369873,0.4998939335346222,1.1609411239624023,3.3799831867218018,0.9993751049041748,0.43926364183425903,0.25,4.0,0.321321964263916,0.2544018030166626,0.0011133603238866396,0.0012145748987854252,445.5274353027344,445.4813232421875,0.00010349993489299264,,0.24774876236915588,0.6933965682983398,,0.0557514987885952,,,,,,,0.24252387881278992,0.7047280073165894,,0.052748143672943115,,,,,,124.8653162233122,194.20278193930284,0.3275813511042719,59.94232158870487,124.86531578103248,181.0203968770526,232.87803319579902,282.839415911801,34.69827325003488,102.87437143251877,200.25664619777513,0.7767724180647853,0.7781706806994961,0.12681263208564966,0.22094124979958,0.0,0.755782109489515,0.7561863670805721,0.5234785746065859,0.0,0.0,0.0,0.0,0.0,0.6554507755760322,0.8564178666959804,0.978051372247261,0.9965006778791543,0.3564178666959804,0.17805137224726098,0.04650067787915435,0.1669231614818072,0.0,0.510989010989011,0.489010989010989,0.8608058608058609,1.6726663685761964,1.651313563460832,1.6321094170376496,-7.982186794281006,0.0003414335078559816
346,7.5594344964772274e-06,7.559434496477226e-05,1.0,26.456505027977197,5.594585521801098,37.48714302681588,3.7323319718644425,3.7323319718644425,3.7323319718644425,0.0,0.0,0.32268962344607793,2.3003461683118664,0.12790862934009448,2.1930348164326436,0.06077280560055295,0.022624051248705066,0.0,1.534289282721442,0.0,0.0,0.0,0.0,0.0,0.0,0.0,0.0,6.56626558303833,1.9255633354187012,0.4998939335346222,1.4093656539916992,4.18556022644043,1.0000042915344238,0.49846866726875305,0.25,3.8041372299194336,0.32358255982398987,0.26857516169548035,0.0009109311740890688,0.0,115.41952514648438,115.09370422363281,0.0028229272511565767,,0.25198596715927124,0.6871055960655212,,0.05851360037922859,,,,,,,0.24435478448867798,0.7021679878234863,,0.053477197885513306,,,,,,,,,,,,,,,,,,,,,,,,,,,,,,,,,,,,,,,,,,,,,,
347,7.546251098451679e-06,7.546251098451679e-05,1.0,25.181318953230573,5.735495077597128,34.78467126794764,3.73079083416913,3.73079083416913,3.73079083416913,0.0,0.0,0.3200416307191591,2.3132204622835726,0.12885455827455264,2.2270765562315247,0.060275677088144665,0.01718656114629797,0.0,1.5353627591519743,0.0,0.0,0.0,0.0,0.0,0.0,0.0,0.0,7.133220195770264,1.8879170417785645,0.4998939335346222,1.4083337783813477,4.014220237731934,0.9998683333396912,0.4415649175643921,0.26916393637657166,4.0,0.32491475343704224,0.24728313088417053,0.0,0.0003036437246963563,149.0301513671875,148.90542602539062,0.0008369134745731475,,0.2539583146572113,0.6856696605682373,,0.060002170503139496,,,,,,,0.24696798622608185,0.6982227563858032,,0.05480927228927612,,,,,,,,,,,,,,,,,,,,,,,,,,,,,,,,,,,,,,,,,,,,,,
348,7.5330445772030625e-06,7.533044577203063e-05,1.0,27.91924224028716,5.997111964870143,39.951247756545605,3.760795799461571,3.760795799461571,3.760795799461571,0.0,0.0,0.31935251081312027,2.3046984285921663,0.1279972437265757,2.200784425477724,0.05962582536645838,0.025200655331482757,0.0,1.5420993083232157,0.0,0.0,0.0,0.0,0.0,0.0,0.0,0.0,6.506624698638916,2.1312177181243896,0.4998939335346222,1.7879232168197632,4.36932897567749,0.9999765753746033,0.48431435227394104,0.2657375633716583,4.0,0.3226028382778168,0.26845642924308777,0.0,0.00010121457489878542,251.12449645996094,250.1685791015625,0.0038065476362273087,,0.24997326731681824,0.6906120777130127,,0.05719397962093353,,,,,,,0.24456250667572021,0.7029797434806824,,0.05245775356888771,,,,,,,,,,,,,,,,,,,,,,,,,,,,,,,,,,,,,,,,,,,,,,
349,7.519815065720902e-06,7.5198150657209e-05,1.0,29.62925926414696,5.784499709670608,43.60598672402872,3.7636500178156673,3.7636500178156673,3.7636500178156673,0.0,0.0,0.32159452180604675,2.2839648272540116,0.1303514274390968,2.1558800774651603,0.05798212901965992,0.017304492963326944,0.0,1.5395445952544342,0.0,0.0,0.0,0.0,0.0,0.0,0.0,0.0,5.310275554656982,2.3404054641723633,0.4998939335346222,1.870071291923523,4.742861747741699,0.9997519850730896,0.5209662318229675,0.25,4.0,0.3240075707435608,0.2716847360134125,0.0011133603238866396,0.0005060728744939271,151.50576782226562,150.31631469726562,0.007850876848433722,,0.2539503574371338,0.6802060604095459,,0.06238146126270294,,,,,,,0.24670051038265228,0.6984695196151733,,0.054829977452754974,,,,,,,,,,,,,,,,,,,,,,,,,,,,,,,,,,,,,,,,,,,,,,
350,7.506562697226227e-06,7.506562697226228e-05,1.0,25.671464249894427,5.65896565205342,35.83677549619932,3.768922960436022,3.768922960436022,3.768922960436022,0.0,0.0,0.32054272213497675,2.2399153838286527,0.1294956465025206,2.1243030444995776,0.057802857579411684,0.018704119566324597,0.0,1.5379959312645164,0.0,0.0,0.0,0.0,0.0,0.0,0.0,0.0,4.539426803588867,2.371304512023926,0.4998939335346222,1.974706768989563,4.719759464263916,1.000051736831665,0.49337583780288696,0.25,4.0,0.3250407874584198,0.2654746174812317,0.002834008097165992,0.0003036437246963563,64.5744857788086,63.765960693359375,0.012520813378502386,,0.255079448223114,0.6812053918838501,,0.06169071048498154,,,,,,,0.2478490173816681,0.6973689794540405,,0.05478200316429138,,,,,,104.57959003238888,155.98399797180164,0.27710053530180495,10.99525499867869,104.57958788366103,169.10588160688823,221.4232641246502,270.6763426253104,24.594504765101842,88.04071163207061,163.13200113047725,0.7535621048885508,0.7554774182556642,0.12393964404442707,0.2202050284400863,0.0,0.7324436949741772,0.7293372152551266,0.46632589370928135,0.0,0.0,0.0,0.0,0.0,0.6475134264277075,0.867740280678612,0.9792239199736177,0.996427393646257,0.367740280678612,0.17922391997361764,0.04642739364625703,0.16241618115862372,0.0,0.5604395604395604,0.43956043956043955,0.8479853479853479,1.594308227300644,1.5709883411834529,1.5497382288123225,-7.9824395179748535,0.0003413472732063383
351,7.493287605170244e-06,7.493287605170243e-05,1.0,29.00290989231419,5.94331895982897,42.3077953441723,3.703044169657939,3.703044169657939,3.703044169657939,0.0,0.0,0.32101695602004593,2.2880117055532097,0.1302004762597986,2.1722193537531673,0.0584189054128286,0.017581237329019082,0.0,1.537756533236117,0.0,0.0,0.0,0.0,0.0,0.0,0.0,0.0,4.090529441833496,2.062622547149658,0.4998939335346222,1.7670931816101074,4.005607604980469,1.0,0.506365954875946,0.25,3.7812042236328125,0.3236517012119293,0.27107322216033936,0.00010121457489878542,0.0,39.1911735534668,38.00822067260742,0.030184165810843207,,0.25229519605636597,0.6861424446105957,,0.0586148276925087,,,,,,,0.24558432400226593,0.7006620168685913,,0.05375365540385246,,,,,,,,,,,,,,,,,,,,,,,,,,,,,,,,,,,,,,,,,,,,,,
352,7.479989923232982e-06,7.479989923232982e-05,1.0,27.36699779613598,5.915278254328547,38.98362608213682,3.751116365999789,3.751116365999789,3.751116365999789,0.0,0.0,0.31962951453956395,2.2759952029666386,0.12984221690409892,2.1486414316538216,0.057752937883944123,0.02100954990129213,0.0,1.5334924233926308,0.0,0.0,0.0,0.0,0.0,0.0,0.0,0.0,5.730791091918945,2.1073901653289795,0.4998939335346222,1.553564190864563,4.429475784301758,0.9991153478622437,0.5143142342567444,0.25,4.0,0.32247093319892883,0.28036636114120483,0.0006072874493927126,0.001417004048582996,114.62818145751953,114.35955047607422,0.00234349858847639,,0.25092241168022156,0.6860775351524353,,0.0560762919485569,,,,,,,0.2453872561454773,0.7018333673477173,,0.05277939885854721,,,,,,,,,,,,,,,,,,,,,,,,,,,,,,,,,,,,,,,,,,,,,,
353,7.4666697853219504e-06,7.46666978532195e-05,1.0,26.07915434966216,5.589767868454392,36.78503088048986,3.7223420014252535,3.7223420014252535,3.7223420014252535,0.0,0.0,0.32234753789128484,2.287328565442884,0.13039240965972076,2.1437015017947636,0.05925039342931799,0.020256946215758454,0.0,1.5265813260465055,0.0,0.0,0.0,0.0,0.0,0.0,0.0,0.0,3.165727138519287,2.3329389095306396,0.4998939335346222,1.8856589794158936,4.775859355926514,1.0000206232070923,0.4644564390182495,0.25,3.900632619857788,0.32297077775001526,0.25738656520843506,0.0018218623481781376,0.0,50.35844802856445,49.43094253540039,0.018418071435361956,,0.25111913681030273,0.6873836517333984,,0.058818966150283813,,,,,,,0.2453230321407318,0.700714111328125,,0.0539628267288208,,,,,,,,,,,,,,,,,,,,,,,,,,,,,,,,,,,,,,,,,,,,,,
354,7.453327325570792e-06,7.453327325570791e-05,1.0,28.19781329180743,5.930480132231841,40.60746146537162,3.7640364363386825,3.7640364363386825,3.7640364363386825,0.0,0.0,0.3205943494229703,2.2715841757284627,0.12997176196124102,2.144094518713049,0.05704658740275615,0.021076851599925273,0.0,1.5337523383063238,0.0,0.0,0.0,0.0,0.0,0.0,0.0,0.0,8.644886016845703,2.045830488204956,0.4998939335346222,1.6993969678878784,4.148934364318848,0.9998780488967896,0.4332059323787689,0.25,4.0,0.32447555661201477,0.25409996509552,0.0011133603238866396,0.00020242914979757084,320.9332580566406,321.0064392089844,-0.0002280260786522613,,0.25343477725982666,0.686245322227478,,0.056556254625320435,,,,,,,0.2484796941280365,0.6980183124542236,,0.05350193381309509,,,,,,,,,,,,,,,,,,,,,,,,,,,,,,,,,,,,,,,,,,,,,,
355,7.439962678337924e-06,7.439962678337924e-05,1.0,25.61929568728885,5.589713431693412,35.853657490498314,3.723008439347551,3.723008439347551,3.723008439347551,0.0,0.0,0.3219263489181931,2.2928439990894214,0.12847534385887352,2.164322105613915,0.060831675658354886,0.017766588443034404,0.0,1.5255371299949851,0.0,0.0,0.0,0.0,0.0,0.0,0.0,0.0,3.384990930557251,2.1844449043273926,0.4998939335346222,1.816078782081604,4.234898567199707,1.0000052452087402,0.40697771310806274,0.25,3.214165210723877,0.32362741231918335,0.2450355589389801,0.0005060728744939271,0.0,38.75362014770508,38.66999435424805,0.002157883396139533,,0.25133082270622253,0.6905544996261597,,0.05665763467550278,,,,,,,0.24569538235664368,0.7016891241073608,,0.05261547118425369,,,,,,110.98289843967983,164.1218009468354,0.286165304759931,-2.1326732635498047,110.98289794977748,170.7395723721657,222.7434835594098,270.14802090252147,25.054801395961217,88.55832169407098,186.94522625467053,0.7684241144216354,0.7315189162640213,0.10604861173106186,0.20753864771310543,0.0,0.7085353185803919,0.6889881175324305,0.43298362820002667,0.0,0.0,0.0,0.0,0.0,0.6400972570461839,0.8769557729654465,0.9802865413506284,0.9959510461324246,0.37695577296544647,0.18028654135062838,0.04595104613242462,0.16171998094609943,0.0,0.5384615384615384,0.46153846153846156,0.8003663003663005,1.597831206007318,1.5735672250553803,1.5517690653329368,-7.9823431968688965,0.0003413801605347544
356,7.426575978205201e-06,7.4265759782052e-05,1.0,26.658674910261823,5.639461208034206,37.92213563661318,3.7055503226615287,3.7055503226615287,3.7055503226615287,0.0,0.0,0.32016754150390625,2.2918610443940035,0.1283971812274005,2.160677317026499,0.05852904190888276,0.02189987092404752,0.0,1.5269403199891787,0.0,0.0,0.0,0.0,0.0,0.0,0.0,0.0,4.078501224517822,2.052004337310791,0.4998939335346222,1.5828523635864258,4.194151401519775,0.9995599389076233,0.441466361284256,0.2872623801231384,4.0,0.3231376111507416,0.2534705400466919,0.0,0.0010121457489878543,58.68451690673828,58.34735107421875,0.005745396746732308,,0.25151392817497253,0.6870002150535583,,0.05704162269830704,,,,,,,0.2461913526058197,0.7009505033493042,,0.05285816267132759,,,,,,,,,,,,,,,,,,,,,,,,,,,,,,,,,,,,,,,,,,,,,,
357,7.413167359976541e-06,7.41316735997654e-05,1.0,27.562938793285472,5.83864366686022,39.46617002744932,3.7335852545660897,3.7335852545660897,3.7335852545660897,0.0,0.0,0.3198378021652634,2.29594256426837,0.12818500157949086,2.1732711791992188,0.06268452309273384,0.017980077782192745,0.0,1.5265636959591427,0.0,0.0,0.0,0.0,0.0,0.0,0.0,0.0,6.538854598999023,1.9279158115386963,0.4998939335346222,1.4183402061462402,4.002087593078613,0.9994962215423584,0.4812862277030945,0.25,4.0,0.32452192902565,0.27529412508010864,0.0003036437246963563,0.0012145748987854252,116.2290267944336,116.10366821289062,0.0010785479754956736,,0.2534775137901306,0.6864445209503174,,0.05597260594367981,,,,,,,0.24867019057273865,0.6985807418823242,,0.05274904519319534,,,,,,,,,,,,,,,,,,,,,,,,,,,,,,,,,,,,,,,,,,,,,,
358,7.399736958676581e-06,7.39973695867658e-05,1.0,26.565847036000843,5.6370391845703125,37.6958568676098,3.7385641561972127,3.7385641561972127,3.7385641561972127,0.0,0.0,0.32132666819804423,2.264584309345967,0.12919356371905352,2.137235486829603,0.05705860498789195,0.01426252320006087,0.0,1.5242812697951857,0.0,0.0,0.0,0.0,0.0,0.0,0.0,0.0,9.733556747436523,1.6407079696655273,0.4998939335346222,1.2755892276763916,3.340280055999756,1.0000133514404297,0.4032260775566101,0.25,3.9013266563415527,0.3280887305736542,0.24093806743621826,0.0006072874493927126,0.0,238.43795776367188,238.46421813964844,-0.0001101350482232804,,0.2585696578025818,0.6838874220848083,,0.05774484574794769,,,,,,,0.25304123759269714,0.691731333732605,,0.05522744357585907,,,,,,,,,,,,,,,,,,,,,,,,,,,,,,,,,,,,,,,,,,,,,,
359,7.386284909549314e-06,7.386284909549314e-05,1.0,25.79332836254223,5.781882621146537,35.90730574324324,3.7705589500633447,3.7705589500633447,3.7705589500633447,0.0,0.0,0.32065159565693624,2.3030422313793286,0.12894473204741608,2.178638148952175,0.05875454722224055,0.02078528661985655,0.0,1.52254733523807,0.0,0.0,0.0,0.0,0.0,0.0,0.0,0.0,3.529844045639038,2.1211557388305664,0.4998939335346222,1.7953591346740723,4.096595287322998,0.9999339580535889,0.44745489954948425,0.25,4.0,0.3238498270511627,0.25691384077072144,0.0004048582995951417,0.0003036437246963563,14.707629203796387,14.117855072021484,0.040099877662313356,,0.252118319272995,0.6883878111839294,,0.05676664412021637,,,,,,,0.24642053246498108,0.6999893188476562,,0.05359023064374924,,,,,,,,,,,,,,,,,,,,,,,,,,,,,,,,,,,,,,,,,,,,,,
360,7.372811348056724e-06,7.372811348056724e-05,1.0,26.243396655933278,5.933055568385768,36.69918905722128,3.742889404296875,3.742889404296875,3.742889404296875,0.0,0.0,0.3190523611532675,2.3259535093565247,0.12793260007291227,2.1829520560599662,0.06062580443717338,0.026201075798756367,0.0,1.520856187150285,0.0,0.0,0.0,0.0,0.0,0.0,0.0,0.0,5.332197189331055,2.329188585281372,0.4998939335346222,1.9060242176055908,4.7992353439331055,1.0000029802322388,0.470440536737442,0.25,3.8880574703216553,0.3249186873435974,0.26382777094841003,0.0005060728744939271,0.0,143.18014526367188,142.8230743408203,0.0024938578054520223,,0.25480568408966064,0.6822470426559448,,0.0591985285282135,,,,,,,0.24834957718849182,0.6967530250549316,,0.054897330701351166,,,,,,112.57493381709843,164.72133426149443,0.31643683844279596,56.6935789506514,112.57493133767511,170.750161335556,222.4288178281586,276.0903631844697,46.34164537702288,96.34578976889914,168.16607732358187,0.7945443656398642,0.7835551923726083,0.13562850024177556,0.2287637572298207,0.0,0.7664982509188977,0.757054596270329,0.491976660240581,0.0,0.0,0.0,0.0,0.0,0.6495795049680989,0.8636913268110366,0.979755230662123,0.9964457147044813,0.36369132681103655,0.17975523066212296,0.04644571470448133,0.18408999303799786,0.0,0.5604395604395604,0.43956043956043955,0.8214285714285714,1.6134530420486743,1.5935454398066133,1.5753895884359277,-7.982659339904785,0.0003412722726352513
361,7.359316409877428e-06,7.359316409877428e-05,1.0,26.25224345439189,5.784505895666174,36.89289154877534,3.7546106286951013,3.7546106286951013,3.7546106286951013,0.0,0.0,0.3205288551949166,2.263419692580764,0.13106325510385874,2.1304306855072848,0.05557016424230627,0.017069513733322557,0.0,1.5289498406487543,0.0,0.0,0.0,0.0,0.0,0.0,0.0,0.0,5.65313196182251,2.1312217712402344,0.4998939335346222,1.8076741695404053,4.069082736968994,0.9998323917388916,0.39090800285339355,0.25,4.0,0.32474732398986816,0.2437014877796173,0.0003036437246963563,0.0006072874493927126,119.48541259765625,119.4897689819336,-3.645954918374029e-05,,0.2532062828540802,0.6889446377754211,,0.05549298971891403,,,,,,,0.2487221658229828,0.6975094676017761,,0.05376838147640228,,,,,,,,,,,,,,,,,,,,,,,,,,,,,,,,,,,,,,,,,,,,,,
362,7.3458002309053014e-06,7.345800230905301e-05,1.0,26.8553747228674,5.718532252956081,38.16085897909628,3.747241870777027,3.747241870777027,3.747241870777027,0.0,0.0,0.31982957994615707,2.2821459383577913,0.1296135412680136,2.1442959759686446,0.060885867557010136,0.023999806996938343,0.0,1.524529843717008,0.0,0.0,0.0,0.0,0.0,0.0,0.0,0.0,3.7611405849456787,2.251333713531494,0.4998939335346222,1.833900809288025,4.407900333404541,0.9995021224021912,0.44272947311401367,0.25,4.0,0.3248239755630493,0.2525371015071869,0.0006072874493927126,0.0006072874493927126,48.59050750732422,48.22937774658203,0.007432105142918154,,0.25462964177131653,0.6825479865074158,,0.058882854878902435,,,,,,,0.24854518473148346,0.6966362595558167,,0.05481851473450661,,,,,,,,,,,,,,,,,,,,,,,,,,,,,,,,,,,,,,,,,,,,,,
363,7.3322629472481184e-06,7.332262947248118e-05,1.0,27.06664214263091,5.708487020956503,38.647751266891895,3.7200305010821366,3.7200305010821366,3.7200305010821366,0.0,0.0,0.32088470458984375,2.2802338471283785,0.1282210736661344,2.1569230363175675,0.058295391701363226,0.01768125231201584,0.0,1.519911173227671,0.0,0.0,0.0,0.0,0.0,0.0,0.0,0.0,2.094193458557129,2.790313482284546,0.5323681831359863,2.3398752212524414,5.523349285125732,1.0000187158584595,0.4928755760192871,0.25,4.0,0.3244040906429291,0.2723817229270935,0.0005060728744939271,0.00010121457489878542,1.269147515296936,1.2216858863830566,0.037396463643373276,,0.2544426918029785,0.6806321144104004,,0.0607629120349884,,,,,,,0.24631649255752563,0.6990712285041809,,0.05461224913597107,,,,,,,,,,,,,,,,,,,,,,,,,,,,,,,,,,,,,,,,,,,,,,
364,7.318704695226174e-06,7.318704695226174e-05,1.0,29.79544314822635,5.73040111644848,44.093621331292226,3.7117957037848397,3.7117957037848397,3.7117957037848397,0.0,0.0,0.31982501777442723,2.286093840727935,0.12775843852275126,2.15773360793655,0.06022607313620078,0.02559445677576838,0.0,1.524643459835568,0.0,0.0,0.0,0.0,0.0,0.0,0.0,0.0,8.225038528442383,1.8839960098266602,0.4998939335346222,1.4100539684295654,3.8823678493499756,0.999970555305481,0.45811203122138977,0.25,4.0,0.32905328273773193,0.25629255175590515,0.0017206477732793523,0.00010121457489878542,124.84713745117188,124.82624816894531,0.00016731887212658253,,0.2603025436401367,0.6817842721939087,,0.05772632732987404,,,,,,,0.25379660725593567,0.6918922662734985,,0.054311107844114304,,,,,,,,,,,,,,,,,,,,,,,,,,,,,,,,,,,,,,,,,,,,,,
365,7.3051256113709145e-06,7.305125611370914e-05,1.0,25.131214038745778,5.726577346389358,34.684890334670605,3.7521201468802787,3.7521201468802787,3.7521201468802787,0.0,0.0,0.32022017401617925,2.282376882192251,0.12794698251260295,2.171633952372783,0.059996392275836016,0.020663722141368968,0.0,1.5310634922336888,0.0,0.0,0.0,0.0,0.0,0.0,0.0,0.0,6.396644115447998,2.0140552520751953,0.4998939335346222,1.5238875150680542,4.1814751625061035,0.9999068975448608,0.5049628615379333,0.25,4.0,0.3250621259212494,0.27680832147598267,0.0005060728744939271,0.0006072874493927126,182.86441040039062,182.35836791992188,0.002767309830057938,,0.2542908191680908,0.6855847835540771,,0.0575857013463974,,,,,,,0.24792850017547607,0.6992693543434143,,0.052802130579948425,,,,,,102.2103342957549,151.65599780167716,0.2851390199509268,29.352681484851207,102.21033327962853,167.00182300594554,219.29210792661942,270.79097649611776,38.80283464704241,87.40775236972543,153.37089007833728,0.7958829756775788,0.7531997646104488,0.12171231815975352,0.21575208035294285,0.0,0.733489490157735,0.7225319918642888,0.4546511022473763,0.0,0.0,0.0,0.0,0.0,0.640562507680947,0.8759481147631087,0.9808544941555825,0.9960792935399949,0.37594811476310874,0.1808544941555824,0.04607929353999496,0.17619361694331465,0.0,0.5164835164835165,0.4835164835164835,0.8021978021978022,1.5897923806211451,1.5686623064371257,1.549768457864667,-7.982882022857666,0.00034119628253392875
366,7.291525832423566e-06,7.291525832423566e-05,1.0,27.395435230152028,5.541018924197635,39.490514806798984,3.705159367741765,3.705159367741765,3.705159367741765,0.0,0.0,0.321238053811563,2.2949789923590584,0.1282143463959565,2.1641528155352616,0.05959199570320748,0.019719157669995283,0.0,1.5298487689044025,0.0,0.0,0.0,0.0,0.0,0.0,0.0,0.0,7.189992904663086,1.9662429094314575,0.4998939335346222,1.2798004150390625,4.391142845153809,0.9993748068809509,0.5033450722694397,0.25,4.0,0.3251968324184418,0.27357685565948486,0.00010121457489878542,0.001417004048582996,126.66112518310547,126.09963989257812,0.004432972545567097,,0.25525373220443726,0.6821234822273254,,0.05798923596739769,,,,,,,0.24934402108192444,0.6980224847793579,,0.05263347923755646,,,,,,,,,,,,,,,,,,,,,,,,,,,,,,,,,,,,,,,,,,,,,,
367,7.277905495333749e-06,7.277905495333748e-05,1.0,26.81264351509713,5.710631499419341,38.148279138513516,3.7120967555690454,3.7120967555690454,3.7120967555690454,0.0,0.0,0.3209353782035209,2.282746392327386,0.1281473056690113,2.1570826350031673,0.060628091966783676,0.021968213287559716,0.0,1.5246695441168707,0.0,0.0,0.0,0.0,0.0,0.0,0.0,0.0,2.4025187492370605,2.525667667388916,0.4998939335346222,2.0289523601531982,5.098295211791992,0.9997766017913818,0.5258405804634094,0.25,4.0,0.3233186900615692,0.27564117312431335,0.0011133603238866396,0.0004048582995951417,13.264212608337402,11.251081466674805,0.15177162799676602,,0.2522302269935608,0.6842581033706665,,0.060148756951093674,,,,,,,0.2442312240600586,0.7023102045059204,,0.05345857888460159,,,,,,,,,,,,,,,,,,,,,,,,,,,,,,,,,,,,,,,,,,,,,,
368,7.26426473725811e-06,7.264264737258109e-05,1.0,27.01600605732686,5.738421465899493,38.48880912162162,3.7477165428367822,3.7477165428367822,3.7477165428367822,0.0,0.0,0.3215678447001689,2.249153549606736,0.1289951350237872,2.1191828959697,0.055396273329451275,0.016156451122180837,0.0,1.5440686200116132,0.0,0.0,0.0,0.0,0.0,0.0,0.0,0.0,6.595974922180176,2.2160227298736572,0.4998939335346222,1.5554617643356323,4.860079288482666,1.000001072883606,0.43964827060699463,0.25,4.0,0.32554569840431213,0.25482431054115295,0.00020242914979757084,0.00010121457489878542,108.8159408569336,108.84959411621094,-0.00030926773239584054,,0.255529522895813,0.6827124953269958,,0.05866854265332222,,,,,,,0.24907460808753967,0.6976867318153381,,0.05323869735002518,,,,,,,,,,,,,,,,,,,,,,,,,,,,,,,,,,,,,,,,,,,,,,
369,7.2506036955589274e-06,7.250603695558928e-05,1.0,26.582171465899492,5.703948974609375,37.678245750633444,3.720680030616554,3.720680030616554,3.720680030616554,0.0,0.0,0.3191461305360536,2.296796231656461,0.12843250583957982,2.1453995575775973,0.059390042279217695,0.018551541341317666,0.0,1.541260796624261,0.0,0.0,0.0,0.0,0.0,0.0,0.0,0.0,2.3231594562530518,2.696134328842163,0.4998939335346222,2.2131869792938232,5.443029880523682,0.999977171421051,0.5030861496925354,0.25,4.0,0.3231542110443115,0.2747100591659546,0.0005060728744939271,0.00020242914979757084,5.989422798156738,5.454466819763184,0.0893167833398218,,0.25168803334236145,0.6861686110496521,,0.05786379426717758,,,,,,,0.24358098208904266,0.7031111717224121,,0.05330786854028702,,,,,,,,,,,,,,,,,,,,,,,,,,,,,,,,,,,,,,,,,,,,,,
370,7.236922507802741e-06,7.236922507802741e-05,1.0,25.209007469383447,5.63591498297614,34.949182458826016,3.7421277020428634,3.7421277020428634,3.7421277020428634,0.0,0.0,0.32078791953421926,2.295442942026499,0.12852743509653453,2.1572688334697,0.05980761631115063,0.022709314887588088,0.0,1.544587212639886,0.0,0.0,0.0,0.0,0.0,0.0,0.0,0.0,4.649244785308838,2.1171021461486816,0.4998939335346222,1.6194000244140625,4.251473426818848,0.9993669986724854,0.4793930649757385,0.25,4.0,0.3248775601387024,0.27046602964401245,0.000708502024291498,0.000708502024291498,23.632326126098633,23.57413101196289,0.002462521625049586,,0.25447309017181396,0.6841921806335449,,0.05575365200638771,,,,,,,0.24690201878547668,0.7006052732467651,,0.052492689341306686,,,,,,126.0245426094139,178.5613014878497,0.36286138244101235,82.32578007205503,126.02454205474551,179.51698617953133,234.59870418156552,286.5006278997336,54.11786488124302,111.3870691698651,178.01542995287025,0.7918103652853522,0.8117974848738605,0.13537996019758178,0.20930249887516433,0.0,0.7991435497221698,0.8019987326372666,0.5560680942094001,0.0,0.0,0.0,0.0,0.0,0.6558149156625681,0.8520574548385915,0.979755230662123,0.9963541094133597,0.3520574548385915,0.17975523066212296,0.04635410941335971,0.19662159686343483,0.0,0.6043956043956044,0.3956043956043956,0.8003663003663005,1.648392338346649,1.6322443856970295,1.6174515168090442,-7.982908248901367,0.0003411873185541481
371,7.223221311758962e-06,7.223221311758962e-05,1.0,27.92953243771115,5.621574195655617,40.4551441089527,3.712164389120566,3.712164389120566,3.712164389120566,0.0,0.0,0.32063765139193146,2.318462474926098,0.1291835759137128,2.166116662927576,0.057657815314627985,0.021238575110564362,0.0,1.536792445827175,0.0,0.0,0.0,0.0,0.0,0.0,0.0,0.0,6.202832221984863,2.2803916931152344,0.4998939335346222,1.7227903604507446,4.780059814453125,0.9998294115066528,0.4935207962989807,0.25,4.0,0.3237379193305969,0.2830103933811188,0.000708502024291498,0.0008097165991902834,118.18632507324219,118.06214904785156,0.0010506801469093053,,0.2520814538002014,0.6880517601966858,,0.05621310696005821,,,,,,,0.2459847629070282,0.7019597291946411,,0.05205550789833069,,,,,,,,,,,,,,,,,,,,,,,,,,,,,,,,,,,,,,,,,,,,,,
372,7.209500245398478e-06,7.209500245398479e-05,1.0,26.69347319731841,5.710092493005701,37.94308554159628,3.6982248667124153,3.6982248667124153,3.6982248667124153,0.0,0.0,0.32029463793780355,2.281458055650866,0.12892180520135002,2.143176723170925,0.06046537450841955,0.024650501238333213,0.0,1.5352525453309755,0.0,0.0,0.0,0.0,0.0,0.0,0.0,0.0,3.9864706993103027,2.3960516452789307,0.4998939335346222,1.8819797039031982,4.6465864181518555,0.9999088644981384,0.46557289361953735,0.25,4.0,0.32465457916259766,0.26115700602531433,0.0009109311740890688,0.00020242914979757084,31.734477996826172,31.306753158569336,0.013478237716707158,,0.2537793815135956,0.6854684352874756,,0.05787845328450203,,,,,,,0.24592554569244385,0.7013201117515564,,0.05275435745716095,,,,,,,,,,,,,,,,,,,,,,,,,,,,,,,,,,,,,,,,,,,,,,
373,7.195759446892278e-06,7.195759446892278e-05,1.0,26.21481735641892,5.666748459274705,36.845914273648646,3.7970354234850086,3.7970354234850086,3.7970354234850086,0.0,0.0,0.3212517918767156,2.261227169552365,0.1301233704025681,2.1248983434728674,0.0593817813976391,0.023667913836401863,0.0,1.5469314987595018,0.0,0.0,0.0,0.0,0.0,0.0,0.0,0.0,2.819538116455078,2.3260269165039062,0.4998939335346222,1.8263053894042969,4.728986740112305,0.998570442199707,0.4743031859397888,0.25,4.0,0.3209555447101593,0.2680763900279999,0.0016194331983805667,0.0015182186234817814,7.752333641052246,7.300631046295166,0.05826666081102377,,0.24877962470054626,0.6869584321975708,,0.05586257204413414,,,,,,,0.24218502640724182,0.7056229114532471,,0.05219209939241409,,,,,,,,,,,,,,,,,,,,,,,,,,,,,,,,,,,,,,,,,,,,,,
374,7.181999054610053e-06,7.181999054610052e-05,1.0,25.6646068676098,5.639314806139147,35.86907134184966,3.741855930637669,3.741855930637669,3.741855930637669,0.0,0.0,0.3205149882548564,2.2892103452940247,0.12934725993388407,2.136346353066934,0.059685919735882734,0.023037270919696706,0.0,1.5391557023331925,0.0,0.0,0.0,0.0,0.0,0.0,0.0,0.0,6.198104381561279,2.404219150543213,0.4998939335346222,1.8125351667404175,5.0487494468688965,0.9995546936988831,0.4576689898967743,0.25,4.0,0.3213534951210022,0.2716175615787506,0.0010121457489878543,0.0006072874493927126,123.58329010009766,123.42886352539062,0.0012495748784641656,,0.2489406317472458,0.6882871389389038,,0.05663437023758888,,,,,,,0.24299001693725586,0.7052356004714966,,0.05177432298660278,,,,,,,,,,,,,,,,,,,,,,,,,,,,,,,,,,,,,,,,,,,,,,
375,7.168219207118794e-06,7.168219207118794e-05,1.0,26.8285571948902,5.658249726166597,38.14610496727196,3.760330612595017,3.760330612595017,3.760330612595017,0.0,0.0,0.32018501694137985,2.2816689980996623,0.13033131006601695,2.1307140041042016,0.059706185315106367,0.023103214598990774,0.0,1.542607797158731,0.0,0.0,0.0,0.0,0.0,0.0,0.0,0.0,6.012743949890137,2.1418545246124268,0.4998939335346222,1.5863343477249146,4.468578338623047,0.9988805055618286,0.3962010145187378,0.325044184923172,4.0,0.31861138343811035,0.24974815547466278,0.0,0.0013157894736842105,157.00379943847656,156.81552124023438,0.0011991951718083491,,0.24386629462242126,0.6956520676612854,,0.05322258546948433,,,,,,,0.23996469378471375,0.7095595002174377,,0.05047581344842911,,,,,,102.66141912439367,152.45616683377065,0.28475983028449586,29.254554748535156,102.66142050852433,164.84362750413698,220.45099321879877,269.63761548270224,36.960580008370535,88.09506450327792,153.5084978186566,0.7980736987931265,0.7503331810985511,0.12152366574647927,0.20889397156827677,0.0,0.7320816269653385,0.7220013363923752,0.44830779062380277,0.0,0.0,0.0,0.0,0.0,0.6386483324988423,0.879081015719468,0.9816972628339012,0.9960060093070976,0.37908101571946795,0.1816972628339012,0.04600600930709764,0.17776922795060643,0.0,0.6043956043956044,0.3956043956043956,0.7793040293040293,1.5698327412317088,1.5496921822592453,1.5320663453785928,-7.982820987701416,0.0003412171208765358
376,7.154420043181416e-06,7.154420043181416e-05,1.0,26.73340008709882,5.936263213286528,37.689232078758444,3.756371575432855,3.756371575432855,3.756371575432855,0.0,0.0,0.32086606927820155,2.2893701501794763,0.13203797469267975,2.1195241567250847,0.056983632010382576,0.019490261335630674,0.0,1.549051336340002,0.0,0.0,0.0,0.0,0.0,0.0,0.0,0.0,3.062835216522217,2.714062213897705,0.5139780640602112,2.0913147926330566,5.621297359466553,0.9999674558639526,0.48420101404190063,0.25,4.0,0.3241857886314392,0.27512750029563904,0.0015182186234817814,0.0003036437246963563,7.677362442016602,7.479345321655273,0.025792337128389534,,0.2541173994541168,0.681187629699707,,0.05909055098891258,,,,,,,0.2454516887664795,0.7006439566612244,,0.05390436202287674,,,,,,,,,,,,,,,,,,,,,,,,,,,,,,,,,,,,,,,,,,,,,,
377,7.1406017017553476e-06,7.140601701755348e-05,1.0,26.678849503800677,5.726612400364232,37.88514503272804,3.702623934359164,3.702623934359164,3.702623934359164,0.0,0.0,0.32066084887530355,2.2939139701224662,0.1297254175753207,2.1422385138434334,0.060121130298923804,0.020449804293142783,0.0,1.5337060464395058,0.0,0.0,0.0,0.0,0.0,0.0,0.0,0.0,5.348848819732666,2.446359157562256,0.4998939335346222,1.7148175239562988,5.1042704582214355,0.9995672702789307,0.4749508500099182,0.25,4.0,0.32167211174964905,0.273232102394104,0.00020242914979757084,0.000708502024291498,174.35536193847656,174.1222686767578,0.0013368861107982434,,0.2495693415403366,0.6873750686645508,,0.05652156099677086,,,,,,,0.242621049284935,0.7054481506347656,,0.05193079635500908,,,,,,,,,,,,,,,,,,,,,,,,,,,,,,,,,,,,,,,,,,,,,,
378,7.12676432199113e-06,7.12676432199113e-05,1.0,24.181820431271113,5.644252055400127,32.828646273226354,3.787864891258446,3.787864891258446,3.787864891258446,0.0,0.0,0.3220501203794737,2.2606615633577913,0.1294685312219568,2.115324896735114,0.05674151472143225,0.01828127616160625,0.0,1.5444233868573163,0.0,0.0,0.0,0.0,0.0,0.0,0.0,0.0,2.9873547554016113,2.3806653022766113,0.4998939335346222,1.8930392265319824,4.893416404724121,1.0000464916229248,0.49920037388801575,0.25,3.9299888610839844,0.3232401907444,0.27124571800231934,0.002125506072874494,0.0,10.853666305541992,9.84421443939209,0.0930056109827576,,0.25164732336997986,0.6868525147438049,,0.05768947675824165,,,,,,,0.24283364415168762,0.70462965965271,,0.05253663659095764,,,,,,,,,,,,,,,,,,,,,,,,,,,,,,,,,,,,,,,,,,,,,,
379,7.112908043231026e-06,7.112908043231026e-05,1.0,28.28054397170608,5.804948961412585,40.88959565033784,3.775306495460304,3.775306495460304,3.775306495460304,0.0,0.0,0.32134205586201436,2.2593346673089103,0.12955077918800148,2.1246523470491976,0.05594459739891258,0.01617877708899008,0.0,1.5429332836254224,0.0,0.0,0.0,0.0,0.0,0.0,0.0,0.0,3.151419162750244,2.4772562980651855,0.4998939335346222,1.7997477054595947,5.348708629608154,0.9999145269393921,0.5068423748016357,0.26035115122795105,4.0,0.32209616899490356,0.2773946225643158,0.0,0.0004048582995951417,17.87078094482422,17.083454132080078,0.04405665399710292,,0.24986591935157776,0.6880620718002319,,0.05823782458901405,,,,,,,0.2418683022260666,0.7060240507125854,,0.05210765078663826,,,,,,,,,,,,,,,,,,,,,,,,,,,,,,,,,,,,,,,,,,,,,,
380,7.099033005007611e-06,7.09903300500761e-05,1.0,27.713599952491553,5.8744647051837,39.6269432274071,3.79627124683277,3.79627124683277,3.79627124683277,0.0,0.0,0.3209105053463498,2.2721666903109163,0.12973215773298935,2.1437497525601774,0.05928916544527621,0.019474161637795938,0.0,1.5490726780247044,0.0,0.0,0.0,0.0,0.0,0.0,0.0,0.0,2.2799906730651855,2.2796432971954346,0.4998939335346222,1.7435238361358643,4.72437047958374,0.9997232556343079,0.4831664264202118,0.25,4.0,0.320853590965271,0.26849132776260376,0.0012145748987854252,0.0005060728744939271,4.291427135467529,3.9646310806274414,0.07615090377259431,,0.24801088869571686,0.6893434524536133,,0.05741681903600693,,,,,,,0.2403564453125,0.7075541019439697,,0.05208937078714371,,,,,,109.67115259694529,158.1283360971773,0.30951476953643886,47.48847001463502,109.67115500177086,170.38067288207583,225.8260523518386,277.43464241896174,44.52483694893973,93.76315822157748,164.1962718134341,0.8004175138851574,0.7566164408752845,0.11360245090374102,0.1929909121252878,0.0,0.7380298638237245,0.7344676940429495,0.460372295978049,0.0,0.0,0.0,0.0,0.0,0.639859929183715,0.8766809570920816,0.9819171155325932,0.9960609724817705,0.3766809570920816,0.18191711553259315,0.046060972481770546,0.18392510351397898,0.0,0.6483516483516484,0.3516483516483517,0.7371794871794873,1.607552285050298,1.5894694166196572,1.5734612904079668,-7.983824729919434,0.0003408748598303646
381,7.085139347042362e-06,7.08513934704236e-05,1.0,27.25012866870777,5.693205962309966,39.00581648543074,3.7334021490973397,3.7334021490973397,3.7334021490973397,0.0,0.0,0.32192830781678894,2.2713235391152873,0.12984572230158625,2.143216107342694,0.060670910654841245,0.020248909254331846,0.0,1.539775023589263,0.0,0.0,0.0,0.0,0.0,0.0,0.0,0.0,6.011471748352051,1.9972307682037354,0.4998939335346222,1.608564019203186,3.9516005516052246,1.0000015497207642,0.4805348813533783,0.25,3.97025203704834,0.32579731941223145,0.26509636640548706,0.00020242914979757084,0.0,86.54156494140625,85.98133850097656,0.006473495606521489,,0.25510624051094055,0.6863752007484436,,0.05649351328611374,,,,,,,0.24743470549583435,0.6991201639175415,,0.05344512313604355,,,,,,,,,,,,,,,,,,,,,,,,,,,,,,,,,,,,,,,,,,,,,,
382,7.071227209244262e-06,7.071227209244262e-05,1.0,26.04455401446368,5.735704164247255,36.5550438133446,3.7283985034839526,3.7283985034839526,3.7283985034839526,0.0,0.0,0.3216747077735695,2.2841685527079814,0.12849605405652845,2.16164831213049,0.0580864210386534,0.018591851801485627,0.0,1.52195997495909,0.0,0.0,0.0,0.0,0.0,0.0,0.0,0.0,5.068458557128906,2.2875609397888184,0.4998939335346222,1.6697856187820435,4.822726726531982,0.9995701313018799,0.5499482154846191,0.266644150018692,4.0,0.32319825887680054,0.29111215472221375,0.0,0.0012145748987854252,123.1037826538086,122.13009643554688,0.007909474406646876,,0.2526112198829651,0.6819556951522827,,0.06021246314048767,,,,,,,0.24373745918273926,0.7022028565406799,,0.05405969172716141,,,,,,,,,,,,,,,,,,,,,,,,,,,,,,,,,,,,,,,,,,,,,,
383,7.057296731708385e-06,7.057296731708384e-05,1.0,27.110376306482262,5.567460343644425,38.820837072423984,3.7513988597972974,3.7513988597972974,3.7513988597972974,0.0,0.0,0.3211118337270376,2.27447324185758,0.12895535133980415,2.135614549791491,0.059262591439324455,0.02265422569738852,0.0,1.5265477154705975,0.0,0.0,0.0,0.0,0.0,0.0,0.0,0.0,7.535127639770508,2.0253493785858154,0.4998939335346222,1.2318241596221924,4.588862895965576,0.9998504519462585,0.47678670287132263,0.2561512887477875,4.0,0.32459503412246704,0.2705555558204651,0.0,0.000708502024291498,126.3087158203125,126.10552978515625,0.001608646195447855,,0.25348803400993347,0.6864498257637024,,0.05758550018072128,,,,,,,0.2477630227804184,0.6990953683853149,,0.05314160883426666,,,,,,,,,,,,,,,,,,,,,,,,,,,,,,,,,,,,,,,,,,,,,,
384,7.043348054714486e-06,7.043348054714486e-05,1.0,26.327247413429053,5.667092813027872,37.2586109058277,3.6964894887563347,3.6964894887563347,3.6964894887563347,0.0,0.0,0.32148874128187027,2.2794175019135348,0.12781015602318016,2.1484603881835938,0.05924629520725559,0.019755896684285755,0.0,1.5244329297864758,0.0,0.0,0.0,0.0,0.0,0.0,0.0,0.0,5.330182075500488,2.3534419536590576,0.4998939335346222,1.745227336883545,5.07395601272583,0.9997495412826538,0.5189052820205688,0.2529764473438263,4.0,0.32210636138916016,0.281477689743042,0.0,0.0006072874493927126,157.83734130859375,157.31411743164062,0.0033149562240164083,,0.2502512037754059,0.6862788200378418,,0.05912698805332184,,,,,,,0.24242781102657318,0.7042711973190308,,0.05330101400613785,,,,,,,,,,,,,,,,,,,,,,,,,,,,,,,,,,,,,,,,,,,,,,
385,7.029381318725583e-06,7.029381318725583e-05,1.0,27.05136520798142,5.999484912769215,38.269861169763516,3.7649280444995776,3.7649280444995776,3.7649280444995776,0.0,0.0,0.31888136992583405,2.2445484883076436,0.12904850212303368,2.111122956147065,0.05744508794836096,0.019154519648165315,0.0,1.533711304535737,0.0,0.0,0.0,0.0,0.0,0.0,0.0,0.0,6.301591873168945,2.323725700378418,0.4998939335346222,1.757198452949524,4.8695807456970215,0.9996005892753601,0.4995459020137787,0.25,4.0,0.32228827476501465,0.2782827913761139,0.0013157894736842105,0.000708502024291498,106.06322479248047,105.49459838867188,0.0053612022915685235,,0.2506263554096222,0.6858158707618713,,0.05847971513867378,,,,,,,0.24366405606269836,0.70257967710495,,0.05375624820590019,,,,,,121.81778438274677,184.45906091841832,0.3217864347716496,56.33143642970494,121.81778665382636,179.08337138092259,233.59543403381207,281.87882273982876,28.511559077671595,103.38004237921663,187.72239950428838,0.7981992763665384,0.7626605334053627,0.11221995944578805,0.1905937578883163,0.0,0.7454549452631914,0.7379621686538929,0.4837550895510284,0.0,0.0,0.0,0.0,0.0,0.6438636708528497,0.8723022241764684,0.9807628888644608,0.9957311934337327,0.3723022241764684,0.1807628888644608,0.045731193433732775,0.1866549411894031,0.0,0.6263736263736264,0.37362637362637363,0.7554945054945055,1.635177180334762,1.6171928031758949,1.6016423507378652,-7.9830498695373535,0.0003411390061955899
386,7.015396664386556e-06,7.015396664386556e-05,1.0,30.24892116237331,5.839416091506545,44.832849451013516,3.7567184035842485,3.7567184035842485,3.7567184035842485,0.0,0.0,0.3196819408519848,2.2582003619219804,0.1269635767550082,2.11823169605152,0.05790900539707493,0.01919729000813252,0.0,1.528351861077386,0.0,0.0,0.0,0.0,0.0,0.0,0.0,0.0,2.591628313064575,2.524618625640869,0.4998939335346222,1.9493197202682495,5.276079177856445,0.9991401433944702,0.49535951018333435,0.25,4.0,0.31943970918655396,0.27762502431869507,0.0024291497975708503,0.0009109311740890688,13.382014274597168,13.024245262145996,0.026735064326625195,,0.24699115753173828,0.6853352785110474,,0.06018557772040367,,,,,,,0.23887622356414795,0.708356499671936,,0.05276734009385109,,,,,,,,,,,,,,,,,,,,,,,,,,,,,,,,,,,,,,,,,,,,,,
387,7.001394232522719e-06,7.001394232522719e-05,1.0,28.4183910472973,5.84698486328125,41.16512154244088,3.7514965985272384,3.7514965985272384,3.7514965985272384,0.0,0.0,0.3210707484064875,2.25837212639886,0.12764135566917625,2.1279556686813765,0.0613167092606828,0.02283384187801464,0.0,1.5239020682669975,0.0,0.0,0.0,0.0,0.0,0.0,0.0,0.0,3.2895023822784424,2.580754518508911,0.4998939335346222,2.0358991622924805,5.3481879234313965,0.9997181296348572,0.5495336055755615,0.25,4.0,0.3240632116794586,0.2975691556930542,0.0006072874493927126,0.0009109311740890688,10.955411911010742,10.673397064208984,0.025742057815125934,,0.254195898771286,0.6799259185791016,,0.06025584414601326,,,,,,,0.24453690648078918,0.7007629871368408,,0.05470012128353119,,,,,,,,,,,,,,,,,,,,,,,,,,,,,,,,,,,,,,,,,,,,,,
388,6.987374164138405e-06,6.987374164138405e-05,1.0,26.49981029613598,5.625009485193201,37.547967034417226,3.752001375765414,3.752001375765414,3.752001375765414,0.0,0.0,0.32058507042962153,2.2627513988597974,0.12877470738178975,2.13312427417652,0.05919300543295371,0.020982871184477937,0.0,1.5247191351813238,0.0,0.0,0.0,0.0,0.0,0.0,0.0,0.0,5.846904277801514,2.030170202255249,0.4998939335346222,1.446491003036499,4.395005226135254,1.0,0.4345869719982147,0.27667489647865295,3.964282751083374,0.32222071290016174,0.2578088641166687,0.0,0.0,87.34659576416016,87.0814437866211,0.0030356303553602144,,0.2490556240081787,0.6928263306617737,,0.05539218708872795,,,,,,,0.24324065446853638,0.7049523591995239,,0.05180699750781059,,,,,,,,,,,,,,,,,,,,,,,,,,,,,,,,,,,,,,,,,,,,,,
389,6.973336600415545e-06,6.973336600415544e-05,1.0,26.61241356102196,5.525026888460727,37.865306957347975,3.7655981940192147,3.7655981940192147,3.7655981940192147,0.0,0.0,0.32193377211287216,2.244580655484586,0.13011226138553103,2.102390598606419,0.0566150239996008,0.017254347736771043,0.0,1.5475746360985008,0.0,0.0,0.0,0.0,0.0,0.0,0.0,0.0,5.506714344024658,2.0477163791656494,0.4998939335346222,1.6225659847259521,4.227046966552734,1.00003182888031,0.4371106028556824,0.25,4.0,0.3256576359272003,0.2490949034690857,0.0012145748987854252,0.00010121457489878542,94.60411834716797,93.99116516113281,0.00647913850627313,,0.2548680007457733,0.6864518523216248,,0.05729295685887337,,,,,,,0.2472541630268097,0.6996656656265259,,0.05308022350072861,,,,,,,,,,,,,,,,,,,,,,,,,,,,,,,,,,,,,,,,,,,,,,
390,6.959281682712252e-06,6.959281682712252e-05,1.0,26.007131215688343,5.719604904587205,36.42898147170608,3.7679360879434123,3.7679360879434123,3.7679360879434123,0.0,0.0,0.3210223945411476,2.272867976008235,0.12897470835092906,2.1380955464131124,0.0577287094013111,0.02066076607317538,0.0,1.5467420010953337,0.0,0.0,0.0,0.0,0.0,0.0,0.0,0.0,2.7413647174835205,2.1774802207946777,0.4998939335346222,1.6948392391204834,4.464216709136963,0.999695360660553,0.4427948296070099,0.25,4.0,0.3198176920413971,0.2565813958644867,0.00010121457489878542,0.000708502024291498,15.408087730407715,15.028786659240723,0.02461701139061177,,0.24552075564861298,0.6945652961730957,,0.056168556213378906,,,,,,,0.2386181801557541,0.709648847579956,,0.05173293873667717,,,,,,139.93114389692033,204.02021243852056,0.39727421590953427,102.79829773536095,139.9311457739204,188.3452381608315,243.64225416254988,294.9415975944535,51.27061898367746,123.01934438897658,200.84953109077784,0.8153952212103238,0.7997076471005024,0.1301117975702524,0.19409392669305714,0.0,0.785051193581648,0.7944743153167942,0.5463313480561998,0.0,0.0,0.0,0.0,0.0,0.6524004981315419,0.855831592832802,0.9806346414568905,0.9962258620057894,0.35583159283280197,0.18063464145689045,0.046225862005789486,0.20195302480671284,0.0,0.6868131868131868,0.3131868131868132,0.7032967032967034,1.6853773498928153,1.6705144945081773,1.6574237489110821,-7.983850002288818,0.0003408662450965494
391,6.945209552561391e-06,6.945209552561392e-05,1.0,29.105267498944258,5.6991729736328125,42.7065990551098,3.725205704972551,3.725205704972551,3.725205704972551,0.0,0.0,0.3218887432201489,2.3045582126926734,0.1280081980937236,2.1688609767604516,0.05819653820347141,0.019267246529862687,0.0,1.535167797191723,0.0,0.0,0.0,0.0,0.0,0.0,0.0,0.0,4.969342231750488,2.0803377628326416,0.4998939335346222,1.5480741262435913,4.33956241607666,0.9998891949653625,0.45979994535446167,0.25,4.0,0.32344937324523926,0.26280149817466736,0.0004048582995951417,0.0006072874493927126,57.976383209228516,57.93626022338867,0.0006920574140516079,,0.25150391459465027,0.6887491941452026,,0.057064518332481384,,,,,,,0.24313417077064514,0.7035864591598511,,0.05327937752008438,,,,,,,,,,,,,,,,,,,,,,,,,,,,,,,,,,,,,,,,,,,,,,
392,6.931120351669157e-06,6.931120351669156e-05,1.0,26.876379064611488,5.787398467192778,38.13354162267736,3.737457275390625,3.737457275390625,3.737457275390625,0.0,0.0,0.3210241214649097,2.3079596854544975,0.12913559578560493,2.170998032028611,0.05914845337738862,0.02025134982289495,0.0,1.532508540797878,0.0,0.0,0.0,0.0,0.0,0.0,0.0,0.0,2.0499017238616943,2.4531917572021484,0.4998939335346222,2.0161139965057373,4.8886399269104,0.9999621510505676,0.4774334132671356,0.25,4.0,0.31921741366386414,0.2681886851787567,0.0012145748987854252,0.00020242914979757084,3.4069268703460693,2.6968884468078613,0.2084102331982499,,0.24509716033935547,0.6925098896026611,,0.05878496915102005,,,,,,,0.23709049820899963,0.7097103595733643,,0.0531991571187973,,,,,,,,,,,,,,,,,,,,,,,,,,,,,,,,,,,,,,,,,,,,,,
393,6.917014221913646e-06,6.917014221913645e-05,1.0,26.60278980152027,5.657449670740076,37.67859216638514,3.7523894438872465,3.7523894438872465,3.7523894438872465,0.0,0.0,0.31921763033480255,2.3055580757759713,0.1272455679403769,2.1933230838260136,0.06027396949561867,0.022220017136754217,0.0,1.5360319807722762,0.0,0.0,0.0,0.0,0.0,0.0,0.0,0.0,6.097816467285156,2.028313636779785,0.4998939335346222,1.645705223083496,4.133161544799805,1.0000027418136597,0.416436105966568,0.25,3.7391233444213867,0.3228220045566559,0.2439531832933426,0.00020242914979757084,0.0,97.60310363769531,97.34642028808594,0.0026298687238695685,,0.2498757243156433,0.6924153566360474,,0.05635090172290802,,,,,,,0.24422451853752136,0.7019246816635132,,0.05385078117251396,,,,,,,,,,,,,,,,,,,,,,,,,,,,,,,,,,,,,,,,,,,,,,
394,6.902891305343424e-06,6.902891305343424e-05,1.0,27.338177655194258,5.510781365471917,39.43775733741554,3.6897673735747465,3.6897673735747465,3.6897673735747465,0.0,0.0,0.31947873089764567,2.2980994147223397,0.12920906737044052,2.161750174857475,0.059694721892073345,0.020647356639037263,0.0,1.531407845986856,0.0,0.0,0.0,0.0,0.0,0.0,0.0,0.0,3.7254669666290283,2.4278833866119385,0.4998939335346222,2.102064609527588,4.614931106567383,0.9998940229415894,0.4830753207206726,0.25,4.0,0.32298603653907776,0.275882363319397,0.0005060728744939271,0.0004048582995951417,32.888404846191406,32.41774368286133,0.014310854099832767,,0.2510577440261841,0.6881119012832642,,0.0570632666349411,,,,,,,0.2433030903339386,0.7037321925163269,,0.0529647171497345,,,,,,,,,,,,,,,,,,,,,,,,,,,,,,,,,,,,,,,,,,,,,,
395,6.888751744176111e-06,6.88875174417611e-05,1.0,28.65542190139358,5.87897388355152,41.623366897170605,3.72597936681799,3.72597936681799,3.72597936681799,0.0,0.0,0.32029087479050095,2.2994551787505277,0.127130972372519,2.175997966044658,0.06044403282371727,0.023258977645152324,0.0,1.5322792465622361,0.0,0.0,0.0,0.0,0.0,0.0,0.0,0.0,10.909205436706543,1.5640569925308228,0.4998939335346222,1.189270257949829,3.221740961074829,0.9999808073043823,0.3341858983039856,0.25,4.0,0.3192087411880493,0.22659093141555786,0.0008097165991902834,0.00010121457489878542,659.7530517578125,659.8245849609375,-0.00010842420953478058,,0.24266499280929565,0.7039252519607544,,0.05384812504053116,,,,,,,0.23976540565490723,0.7082335948944092,,0.0520009770989418,,,,,,122.3038273696061,180.3706896036973,0.3356126908414598,71.5577448960189,122.30382775211562,178.676869272122,233.23016717768286,283.94803852513667,36.56301825387137,106.85106842277585,178.68625275985053,0.8082954564875526,0.7699491823950364,0.11578625628736455,0.18389238997967872,0.0,0.7527728852976442,0.7543000504410934,0.48487536193956854,0.0,0.0,0.0,0.0,0.0,0.6422282922109043,0.8720274083031035,0.9821186471730607,0.9961708988311165,0.37202740830310355,0.1821186471730607,0.04617089883111658,0.19588875453446192,0.0,0.6593406593406593,0.34065934065934067,0.7152014652014653,1.641341017825263,1.6237676587406096,1.6084247267508245,-7.98313570022583,0.0003411097568459809
396,6.874595680796928e-06,6.874595680796929e-05,1.0,27.46886382231841,5.77389856286951,39.276805980785475,3.767407803922086,3.767407803922086,3.767407803922086,0.0,0.0,0.32115008379961996,2.298530372413429,0.12873286169928475,2.1676718222128377,0.05801793691274282,0.02430862993807406,0.0,1.5351694467905406,0.0,0.0,0.0,0.0,0.0,0.0,0.0,0.0,7.842574596405029,1.8894847631454468,0.4998939335346222,1.3837941884994507,4.005607604980469,0.9999819993972778,0.41788285970687866,0.25,4.0,0.32095950841903687,0.25335198640823364,0.0008097165991902834,0.00010121457489878542,272.3083801269531,272.2486572265625,0.0002193208316350071,,0.2470058798789978,0.6944122314453125,,0.056521881371736526,,,,,,,0.24109388887882233,0.7063518762588501,,0.05255421996116638,,,,,,,,,,,,,,,,,,,,,,,,,,,,,,,,,,,,,,,,,,,,,,
397,6.860423257757272e-06,6.860423257757273e-05,1.0,27.23613677153716,5.645719373548353,38.93528953758446,3.7702554238809123,3.7702554238809123,3.7702554238809123,0.0,0.0,0.32214358046248154,2.294945794182855,0.130832543244233,2.1648598748284416,0.057739232037518476,0.021633086977778253,0.0,1.5429513261124894,0.0,0.0,0.0,0.0,0.0,0.0,0.0,0.0,10.309781074523926,1.9296953678131104,0.4998939335346222,1.3750381469726562,3.935811758041382,0.9999060034751892,0.38965848088264465,0.2565208077430725,4.0,0.32165542244911194,0.2429802566766739,0.0,0.0003036437246963563,418.5574645996094,418.5013427734375,0.00013408392136922214,,0.248860701918602,0.6897990107536316,,0.05886846408247948,,,,,,,0.24325886368751526,0.7026858925819397,,0.05405522137880325,,,,,,,,,,,,,,,,,,,,,,,,,,,,,,,,,,,,,,,,,,,,,,
398,6.846234617773293e-06,6.846234617773293e-05,1.0,26.24903003589527,5.752388206688133,36.9025779930321,3.7517201191670186,3.7517201191670186,3.7517201191670186,0.0,0.0,0.31959853301177155,2.2813840299039274,0.12829721296155774,2.1624331087679476,0.05796351303925385,0.021540561237850704,0.0,1.5243360158559438,0.0,0.0,0.0,0.0,0.0,0.0,0.0,0.0,7.689544677734375,2.5587446689605713,0.4998939335346222,1.7039668560028076,5.932055950164795,1.000003457069397,0.4986412227153778,0.25,4.0,0.3214366137981415,0.27806001901626587,0.0005060728744939271,0.00010121457489878542,252.0228271484375,251.74827575683594,0.0010893909679056811,,0.24947665631771088,0.685639500617981,,0.06037198007106781,,,,,,,0.24190101027488708,0.7040858864784241,,0.05401310324668884,,,,,,,,,,,,,,,,,,,,,,,,,,,,,,,,,,,,,,,,,,,,,,
399,6.832029903724434e-06,6.832029903724434e-05,1.0,24.44898285736909,5.596674326303843,33.466288798564186,3.7610795304581925,3.7610795304581925,3.7610795304581925,0.0,0.0,0.32194042205810547,2.24928634231155,0.12964141691053235,2.120861362766575,0.058442682833284944,0.018072456926912873,0.0,1.5304329330856736,0.0,0.0,0.0,0.0,0.0,0.0,0.0,0.0,5.190064430236816,2.4036998748779297,0.4998939335346222,1.870071291923523,5.029066562652588,0.999785304069519,0.42222392559051514,0.2892574369907379,4.0,0.3177576959133148,0.25748932361602783,0.0,0.0006072874493927126,140.04058837890625,139.8353271484375,0.001465726707127058,,0.24262407422065735,0.6955141425132751,,0.05670128017663956,,,,,,,0.236982524394989,0.710252046585083,,0.052765388041734695,,,,,,,,,,,,,,,,,,,,,,,,,,,,,,,,,,,,,,,,,,,,,,
400,6.817809258652008e-06,6.817809258652009e-05,1.0,26.76792454075169,5.830350308804898,37.86502982474662,3.7618845346811653,3.7618845346811653,3.7618845346811653,0.0,0.0,0.3186343682778848,2.2548609553156673,0.12839229686840162,2.1297595049883866,0.05977781398876293,0.02065361029392964,0.0,1.52577374432538,0.0,0.0,0.0,0.0,0.0,0.0,0.0,0.0,5.339257717132568,2.2101333141326904,0.4998939335346222,1.6042499542236328,4.77073335647583,0.9999995827674866,0.4337647259235382,0.2500353455543518,4.0,0.32092010974884033,0.25829893350601196,0.00010121457489878542,0.00010121457489878542,101.84624481201172,101.67472839355469,0.0016840720909604185,,0.24706561863422394,0.6940672397613525,,0.05594192072749138,,,,,,,0.2414100468158722,0.7051711082458496,,0.05341881513595581,,,,,,114.39942494067517,162.25665519761168,0.32385671360841933,53.549198213514394,114.39942425339984,169.71403913350565,228.5438768081742,279.084527329417,41.190756116594585,101.02413632888202,163.04883608610734,0.7882377066431738,0.754300563379141,0.10249180045413218,0.16376548803680727,0.0,0.7365754799842519,0.7388051412224107,0.46089642793534247,0.0,0.0,0.0,0.0,0.0,0.6366455693447698,0.877212267780587,0.9824301051628742,0.9960609724817705,0.37721226778058703,0.18243010516287417,0.046060972481770546,0.19130848997838115,0.0,0.6538461538461539,0.34065934065934067,0.7206959706959707,1.6094040006071657,1.592296655033971,1.5773233073753314,-7.9834065437316895,0.00034101741039194167
401,6.803572825757755e-06,6.803572825757754e-05,1.0,25.76564479518581,5.654522045238598,36.013939110008444,3.7705041009026603,3.7705041009026603,3.7705041009026603,0.0,0.0,0.32080609089619405,2.260146682326858,0.1281427563847722,2.133425944560283,0.05842594842653017,0.023799847912144016,0.0,1.5239013465675149,0.0,0.0,0.0,0.0,0.0,0.0,0.0,0.0,6.8935112953186035,2.4861786365509033,0.4998939335346222,1.8764740228652954,5.128255844116211,0.9999545216560364,0.4028761088848114,0.25,4.0,0.31947025656700134,0.25251030921936035,0.0003036437246963563,0.0003036437246963563,141.01596069335938,141.0266876220703,-7.606889786230166e-05,,0.2459813505411148,0.6899498105049133,,0.059572286903858185,,,,,,,0.24006804823875427,0.704905092716217,,0.055026862770318985,,,,,,,,,,,,,,,,,,,,,,,,,,,,,,,,,,,,,,,,,,,,,,
402,6.7893207484023904e-06,6.789320748402391e-05,1.0,26.049205883129222,5.657341622017525,36.63710145692568,3.7514013341955237,3.7514013341955237,3.7514013341955237,0.0,0.0,0.32182858441327067,2.242201109190245,0.12961406965513486,2.0940112552127323,0.059907526583284944,0.01995554646930179,0.0,1.5303349881558805,0.0,0.0,0.0,0.0,0.0,0.0,0.0,0.0,2.0461058616638184,2.699152708053589,0.4998939335346222,2.1325623989105225,5.528745651245117,0.999719500541687,0.42604270577430725,0.25,4.0,0.31444400548934937,0.2603309154510498,0.00020242914979757084,0.0003036437246963563,5.8543806076049805,5.632786273956299,0.03785102959667933,,0.2367360144853592,0.7027202248573303,,0.05557166039943695,,,,,,,0.230665922164917,0.7171578407287598,,0.05217619985342026,,,,,,,,,,,,,,,,,,,,,,,,,,,,,,,,,,,,,,,,,,,,,,
403,6.775053170104182e-06,6.775053170104182e-05,1.0,26.47555954391892,5.855107487858953,37.33987014358108,3.732059788059544,3.732059788059544,3.732059788059544,0.0,0.0,0.3197172010267103,2.225568204312711,0.1301766215143977,2.099201924092061,0.05710168142576475,0.01750000103099926,0.0,1.5401521631189294,0.0,0.0,0.0,0.0,0.0,0.0,0.0,0.0,3.1662495136260986,2.531052350997925,0.4998939335346222,1.869614839553833,5.229910373687744,1.0000170469284058,0.405107319355011,0.25,3.9991471767425537,0.3167089819908142,0.2540895938873291,0.0003036437246963563,0.0,16.14813995361328,15.860158920288086,0.017833696893415713,,0.24022740125656128,0.7001272439956665,,0.05609038472175598,,,,,,,0.23467934131622314,0.7126421928405762,,0.052678465843200684,,,,,,,,,,,,,,,,,,,,,,,,,,,,,,,,,,,,,,,,,,,,,,
404,6.760770234537483e-06,6.760770234537483e-05,1.0,26.02122538798564,5.56472819560283,36.72689901815878,3.727298221072635,3.727298221072635,3.727298221072635,0.0,0.0,0.320301983807538,2.2393602938265413,0.12802872786650787,2.094842446816934,0.0590314414050128,0.016641209254393708,0.0,1.5261805766337626,0.0,0.0,0.0,0.0,0.0,0.0,0.0,0.0,3.9102585315704346,2.2783713340759277,0.4998939335346222,1.6886439323425293,4.936614036560059,1.0000125169754028,0.40565988421440125,0.25,3.599111557006836,0.31964340806007385,0.24898716807365417,0.0004048582995951417,0.0,46.32244110107422,46.130645751953125,0.004140441318768194,,0.2447940856218338,0.6966354846954346,,0.05652119964361191,,,,,,,0.23807483911514282,0.7088138461112976,,0.05311132222414017,,,,,,,,,,,,,,,,,,,,,,,,,,,,,,,,,,,,,,,,,,,,,,
405,6.746472085531291e-06,6.746472085531292e-05,1.0,26.59832103832348,5.690387622730152,37.70022500527872,3.7527321480415963,3.7527321480415963,3.7527321480415963,0.0,0.0,0.32112863901499156,2.2391518257759713,0.1280984234165501,2.1065585162188554,0.058331276919390704,0.016047271522315772,0.0,1.5238459819072,0.0,0.0,0.0,0.0,0.0,0.0,0.0,0.0,2.885251522064209,2.7295925617218018,0.4998939335346222,2.1362099647521973,5.51795768737793,0.9991926550865173,0.4446873664855957,0.318378746509552,4.0,0.3151130676269531,0.2687881886959076,0.0,0.0009109311740890688,128.5744171142578,128.3795623779297,0.001515501611451733,,0.23969656229019165,0.6933556199073792,,0.05737236142158508,,,,,,,0.2344636619091034,0.7113432884216309,,0.05419304966926575,,,,,,108.12327397524656,153.9327399258803,0.310113111280869,31.01584669259878,108.12327319755903,164.83621611392633,222.92380013521105,273.39211274585017,41.99033301217215,95.74609061544255,152.8969096308169,0.7768928716434313,0.7331131328347199,0.09952690573644378,0.16669704274874145,0.0,0.7143806867478161,0.7073950312621493,0.4336245791291388,0.0,0.0,0.0,0.0,0.0,0.6375728776860606,0.8822505587922759,0.9810377047378257,0.9952731669781246,0.3822505587922759,0.18103770473782566,0.04527316697812467,0.18493276171631673,0.0,0.6153846153846154,0.38461538461538464,0.7536630036630038,1.5793471893111428,1.5611719895195175,1.5455610234658796,-7.983638286590576,0.00034093839349225163
406,6.732158867067814e-06,6.732158867067814e-05,1.0,24.93406718486064,5.709263569599873,34.312846415751686,3.7729739627322636,3.7729739627322636,3.7729739627322636,0.0,0.0,0.32062066567910685,2.240035598342483,0.129099871661212,2.102798668113915,0.05838004318443504,0.021806869957898115,0.0,1.51578088708826,0.0,0.0,0.0,0.0,0.0,0.0,0.0,0.0,4.6638383865356445,2.8422765731811523,0.4998939335346222,2.169321060180664,6.090547561645508,0.9999885559082031,0.4731522798538208,0.25,4.0,0.3220478892326355,0.27259761095046997,0.001417004048582996,0.0003036437246963563,59.690818786621094,59.579307556152344,0.0018681471076376617,,0.250961035490036,0.6825191378593445,,0.060995109379291534,,,,,,,0.24225611984729767,0.7013146281242371,,0.056429218500852585,,,,,,,,,,,,,,,,,,,,,,,,,,,,,,,,,,,,,,,,,,,,,,
407,6.7178307232810015e-06,6.717830723281e-05,1.0,27.10325003959037,5.801248086465372,38.54680571684966,3.781453313054265,3.781453313054265,3.781453313054265,0.0,0.0,0.320827071731155,2.2395359761006124,0.12857001536601298,2.0915257221943624,0.05880317816863189,0.02152006368379335,0.0,1.5131861712481525,0.0,0.0,0.0,0.0,0.0,0.0,0.0,0.0,3.0549659729003906,2.8201043605804443,0.4998939335346222,2.2601466178894043,5.873835563659668,1.0000321865081787,0.4892805814743042,0.25,3.601641893386841,0.31962960958480835,0.2777567207813263,0.002125506072874494,0.0,7.859866619110107,7.644953727722168,0.02734307104721223,,0.2463579773902893,0.6893465518951416,,0.058970119804143906,,,,,,,0.23735421895980835,0.7076858282089233,,0.05496001988649368,,,,,,,,,,,,,,,,,,,,,,,,,,,,,,,,,,,,,,,,,,,,,,
408,6.703487798455101e-06,6.7034877984551e-05,1.0,26.71980739284206,5.820836247624578,37.80932287267736,3.7575510385874153,3.7575510385874153,3.7575510385874153,0.0,0.0,0.31975248697641734,2.2358016967773438,0.12928688203966296,2.08957424679318,0.05879331279445339,0.02340280043112265,0.0,1.5278008950723183,0.0,0.0,0.0,0.0,0.0,0.0,0.0,0.0,4.496282577514648,2.7610247135162354,0.4998939335346222,2.238182544708252,5.523349285125732,0.9997220635414124,0.4962020218372345,0.25,4.0,0.3202805817127228,0.28478336334228516,0.0010121457489878543,0.0010121457489878543,43.272705078125,43.01786804199219,0.005889094191655618,,0.2473406344652176,0.6888024806976318,,0.05860448256134987,,,,,,,0.23892179131507874,0.7065273523330688,,0.054550901055336,,,,,,,,,,,,,,,,,,,,,,,,,,,,,,,,,,,,,,,,,,,,,,
409,6.689130237023206e-06,6.689130237023205e-05,1.0,25.82238934491132,5.6503935117979305,36.249531513935814,3.7153444032411316,3.7153444032411316,3.7153444032411316,0.0,0.0,0.31902828732052363,2.266675175847234,0.1275761707409008,2.1085508191907727,0.059774643666035424,0.023383182448309822,0.0,1.5274715939083614,0.0,0.0,0.0,0.0,0.0,0.0,0.0,0.0,3.3825626373291016,2.9386441707611084,0.4998939335346222,2.3358798027038574,5.995538711547852,0.9995689392089844,0.5201759934425354,0.25,4.0,0.3195868134498596,0.2815777063369751,0.002631578947368421,0.000708502024291498,11.285778045654297,10.506221771240234,0.0690742163509266,,0.24698881804943085,0.6859576106071472,,0.06108154356479645,,,,,,,0.23670409619808197,0.7086424827575684,,0.05465341731905937,,,,,,,,,,,,,,,,,,,,,,,,,,,,,,,,,,,,,,,,,,,,,,
410,6.6747581835658016e-06,6.674758183565801e-05,1.0,26.30005542652027,5.566212009739232,37.254249366554056,3.7462418014938765,3.7462418014938765,3.7462418014938765,0.0,0.0,0.3192968110780458,2.2307394904059334,0.12877885715381518,2.078634313634924,0.058796953510593726,0.02116751348650133,0.0,1.5321757342364337,0.0,0.0,0.0,0.0,0.0,0.0,0.0,0.0,5.533406734466553,2.6275365352630615,0.4998939335346222,1.8178532123565674,5.955272674560547,0.9999696612358093,0.4694443345069885,0.25,4.0,0.3170957863330841,0.273357093334198,0.00020242914979757084,0.00010121457489878542,64.46269989013672,63.99543762207031,0.0072485680690191024,,0.24192650616168976,0.6942098140716553,,0.0596877820789814,,,,,,,0.23438885807991028,0.7117162346839905,,0.053894951939582825,,,,,,99.63547178415152,143.69442933186787,0.28513828921987844,12.21596311212896,99.63547068066599,160.71389848564908,220.3426885986452,268.7964756230285,42.317705971854075,86.5585507533347,145.02997555940047,0.7922945503367917,0.684941190467912,0.08676087424588362,0.16808118437016975,0.0,0.662029233940058,0.6470860240884103,0.37585782517219546,0.0,0.0,0.0,0.0,0.0,0.6282508871140342,0.8953684364808911,0.9808728152138068,0.9949983511047598,0.39536843648089115,0.18087281521380671,0.044998351104759804,0.1721813051921879,0.0,0.5879120879120879,0.4065934065934066,0.7225274725274725,1.5558476317059862,1.5361736914613744,1.5197568470305138,-7.982805252075195,0.0003412224759813398
411,6.660371782809307e-06,6.660371782809307e-05,1.0,24.97555294552365,5.746904527818835,34.37500329919764,3.7738936140730575,3.7738936140730575,3.7738936140730575,0.0,0.0,0.3200614516799514,2.214510118639147,0.1266688398412756,2.081601941907728,0.05904188027253022,0.02106302010046469,0.0,1.5221825676995355,0.0,0.0,0.0,0.0,0.0,0.0,0.0,0.0,2.9301562309265137,2.1718244552612305,0.4998939335346222,1.691945195198059,4.486067771911621,1.0000011920928955,0.44836604595184326,0.25,4.0,0.3146805167198181,0.26908981800079346,0.0008097165991902834,0.00010121457489878542,7.760871410369873,7.723584175109863,0.004804516566295318,,0.23621129989624023,0.7063459157943726,,0.05517354980111122,,,,,,,0.2301327884197235,0.717719554901123,,0.05214764177799225,,,,,,,,,,,,,,,,,,,,,,,,,,,,,,,,,,,,,,,,,,,,,,
412,6.6459711796246175e-06,6.645971179624617e-05,1.0,26.29226272170608,5.517134795317778,37.334304397170605,3.706274908942145,3.706274908942145,3.706274908942145,0.0,0.0,0.3201031556000581,2.2664999059728674,0.12804442483025627,2.120717022870038,0.06157586381242082,0.020958478386337694,0.0,1.5206187480204814,0.0,0.0,0.0,0.0,0.0,0.0,0.0,0.0,4.727354049682617,2.2937262058258057,0.4998939335346222,1.7966744899749756,4.61538028717041,1.0000098943710327,0.41195932030677795,0.25,3.6048636436462402,0.3189135491847992,0.2525540292263031,0.0005060728744939271,0.0,25.280054092407227,25.277080535888672,0.0001176246105995392,,0.24396422505378723,0.6959049701690674,,0.057754985988140106,,,,,,,0.23689323663711548,0.709052324295044,,0.05405442416667938,,,,,,,,,,,,,,,,,,,,,,,,,,,,,,,,,,,,,,,,,,,,,,
413,6.631556519025646e-06,6.631556519025646e-05,1.0,25.352801348711992,5.4492905075485645,35.53237832559122,3.7097765948321366,3.7097765948321366,3.7097765948321366,0.0,0.0,0.32046459816597606,2.253393843367293,0.12625328270164696,2.1023903924065666,0.05776921478477684,0.02233100581813503,0.0,1.5189365696262669,0.0,0.0,0.0,0.0,0.0,0.0,0.0,0.0,1.9332908391952515,2.9869821071624756,0.4998939335346222,2.344449758529663,6.265499114990234,0.9994786977767944,0.4983014166355133,0.2646045982837677,4.0,0.31255075335502625,0.2903939187526703,0.0,0.0011133603238866396,1.2192836999893188,0.9672907590866089,0.20667293502317588,,0.23568980395793915,0.6959595680236816,,0.059415899217128754,,,,,,,0.22688508033752441,0.7201104760169983,,0.0530044361948967,,,,,,,,,,,,,,,,,,,,,,,,,,,,,,,,,,,,,,,,,,,,,,
414,6.6171279461678685e-06,6.617127946167868e-05,1.0,28.18284813133446,5.675128833667652,40.893356735641895,3.7473128035261825,3.7473128035261825,3.7473128035261825,0.0,0.0,0.3221057427896036,2.245545464593011,0.12793845099371834,2.096019847972973,0.05890114242966111,0.02262007223593222,0.0,1.5259458181020376,0.0,0.0,0.0,0.0,0.0,0.0,0.0,0.0,2.594273090362549,2.733896017074585,0.4998939335346222,2.1746232509613037,5.733283996582031,0.9992417097091675,0.49086594581604004,0.25,4.0,0.3141193389892578,0.286440372467041,0.0013157894736842105,0.0010121457489878543,7.592988967895508,7.399503231048584,0.025482156982581633,,0.2377365380525589,0.6961789727210999,,0.05780290812253952,,,,,,,0.22893843054771423,0.7185467481613159,,0.052514851093292236,,,,,,,,,,,,,,,,,,,,,,,,,,,,,,,,,,,,,,,,,,,,,,
415,6.602685606346849e-06,6.602685606346849e-05,1.0,26.04710594383446,5.573579118058488,36.76423933699324,3.7250762114653715,3.7250762114653715,3.7250762114653715,0.0,0.0,0.31985001950650604,2.239176569758235,0.12606113021438187,2.11548882561761,0.060605139345736116,0.02155994241302078,0.0,1.5223685599662162,0.0,0.0,0.0,0.0,0.0,0.0,0.0,0.0,7.544857501983643,2.037195920944214,0.4998939335346222,1.476101279258728,4.3066301345825195,0.9992052316665649,0.42831167578697205,0.25,4.0,0.31749579310417175,0.26838600635528564,0.0006072874493927126,0.0011133603238866396,92.38201904296875,92.22687530517578,0.0016793715855117678,,0.2420920878648758,0.6962883472442627,,0.05697835236787796,,,,,,,0.23717500269412994,0.7085319757461548,,0.0542929507791996,,,,,,133.08717042273219,189.34720549292652,0.38846845959575443,89.51127484080556,133.0871697474753,182.02365839414452,239.41651878603562,291.7912485529508,66.79698835100446,117.10699909417204,187.98876555069634,0.8059745547121951,0.7477894643071298,0.09409709601573141,0.14910803119479904,0.0,0.7294998336036398,0.7372520824881668,0.46761766684047246,0.0,0.0,0.0,0.0,0.0,0.6395994784611474,0.8815726796379759,0.9823934630464256,0.9960060093070976,0.3815726796379759,0.18239346304642556,0.04600600930709764,0.18469458795940052,0.0,0.7362637362637363,0.25824175824175827,0.6529304029304029,1.6673672667571477,1.6519483337690541,1.6388810391609485,-7.982767581939697,0.00034123531077057123
416,6.588229644996792e-06,6.588229644996792e-05,1.0,24.10516357421875,5.5535476272170605,32.84439994193412,3.759380443676098,3.759380443676098,3.759380443676098,0.0,0.0,0.32045534494760874,2.240506971204603,0.12630606986380913,2.0872503744589315,0.057159733127903296,0.021230944105096766,0.0,1.5326077229267843,0.0,0.0,0.0,0.0,0.0,0.0,0.0,0.0,4.580309867858887,2.7759571075439453,0.4998939335346222,1.8815202713012695,6.271010875701904,0.9998353123664856,0.5037423968315125,0.25,4.0,0.31734681129455566,0.2905825972557068,0.0004048582995951417,0.0006072874493927126,36.19052505493164,35.94270706176758,0.00684759319705677,,0.24249209463596344,0.693566083908081,,0.0578790046274662,,,,,,,0.23399993777275085,0.7126131057739258,,0.05338697135448456,,,,,,,,,,,,,,,,,,,,,,,,,,,,,,,,,,,,,,,,,,,,,,
417,6.573760207689068e-06,6.573760207689069e-05,1.0,28.389298722550677,5.768395913613809,41.31460158889358,3.6970915923247465,3.6970915923247465,3.6970915923247465,0.0,0.0,0.3189538491738809,2.2538524318385766,0.12717899116309914,2.098176904626795,0.05863049867990855,0.01847102352090784,0.0,1.5204426533467061,0.0,0.0,0.0,0.0,0.0,0.0,0.0,0.0,4.187169551849365,2.716078519821167,0.4998939335346222,2.07858943939209,5.783332824707031,1.0000125169754028,0.46103620529174805,0.25,3.926862955093384,0.3169802129268646,0.27503731846809387,0.0006072874493927126,0.0,20.891071319580078,20.70822525024414,0.008752354847621706,,0.24168163537979126,0.6947770118713379,,0.05897259712219238,,,,,,,0.2331835925579071,0.7125915884971619,,0.05422484874725342,,,,,,,,,,,,,,,,,,,,,,,,,,,,,,,,,,,,,,,,,,,,,,
418,6.559277440130747e-06,6.559277440130746e-05,1.0,26.88064822635135,5.487733995592272,38.56089658994932,3.7126712283572636,3.7126712283572636,3.7126712283572636,0.0,0.0,0.3204589018950591,2.231387370341533,0.1292376131624789,2.0747899235905827,0.059522776990323455,0.018704863818916114,0.0,1.5341124663481842,0.0,0.0,0.0,0.0,0.0,0.0,0.0,0.0,5.339234352111816,2.3623061180114746,0.4998939335346222,1.7896699905395508,4.8605523109436035,0.9999972581863403,0.4563034176826477,0.25,4.0,0.3183070421218872,0.26931408047676086,0.0004048582995951417,0.00010121457489878542,45.84625244140625,45.84416961669922,4.5430642552370046e-05,,0.2432517260313034,0.6955821514129639,,0.05792413651943207,,,,,,,0.23501300811767578,0.7116519212722778,,0.053335100412368774,,,,,,,,,,,,,,,,,,,,,,,,,,,,,,,,,,,,,,,,,,,,,,
419,6.544781488163141e-06,6.544781488163141e-05,1.0,24.92263381545608,5.677121961438978,34.370341532939186,3.739583195866765,3.739583195866765,3.739583195866765,0.0,0.0,0.3211903700957427,2.2594451904296875,0.1276648237898543,2.111539686048353,0.06242158606245711,0.02595281762045783,0.0,1.5331796182168496,0.0,0.0,0.0,0.0,0.0,0.0,0.0,0.0,6.324770450592041,2.429079294204712,0.4998939335346222,1.6767303943634033,5.354455947875977,0.9990653395652771,0.4704557955265045,0.3412819802761078,4.0,0.3103628158569336,0.29159513115882874,0.0,0.0025303643724696357,176.89739990234375,176.72567749023438,0.0009707458233087338,,0.23149600625038147,0.7027292251586914,,0.05543595924973488,,,,,,,0.22566504776477814,0.7223925590515137,,0.051942434161901474,,,,,,,,,,,,,,,,,,,,,,,,,,,,,,,,,,,,,,,,,,,,,,
420,6.5302724977603235e-06,6.530272497760324e-05,1.0,24.629175134607262,5.560172416068412,33.97355363175676,3.71128020415435,3.71128020415435,3.71128020415435,0.0,0.0,0.32030224155735326,2.2532659994589315,0.12798458821064718,2.0940498145850928,0.058081414248492266,0.01932090843046034,0.0,1.5335329416635874,0.0,0.0,0.0,0.0,0.0,0.0,0.0,0.0,3.6000237464904785,2.5311899185180664,0.4998939335346222,1.8995206356048584,5.464334011077881,0.9997009038925171,0.4720466732978821,0.25,4.0,0.3141341805458069,0.27631741762161255,0.0003036437246963563,0.000708502024291498,12.990717887878418,12.695967674255371,0.02268929370701499,,0.23722803592681885,0.6984549164772034,,0.05769843980669975,,,,,,,0.2287655919790268,0.7180659174919128,,0.05316852033138275,,,,,,146.90644515739692,212.8820496554843,0.43079602330149136,119.94301867223048,146.906447751505,195.28602606029511,250.52638367093354,300.3627232769241,75.5123906816755,129.99632505668225,205.19261633831522,0.8098423768005272,0.7708352628699172,0.10371022656705182,0.1489736826876775,0.0,0.7536617877018623,0.769135299472722,0.5043986043098382,0.0,0.0,0.0,0.0,0.0,0.6469851010036914,0.8751236671430142,0.9819171155325932,0.9967571726942949,0.37512366714301415,0.18191711553259315,0.04675717269429491,0.19343373273240264,0.0,0.7582417582417582,0.23626373626373626,0.663919413919414,1.7189084242333423,1.703561430612763,1.6902979564863247,-7.983381271362305,0.00034102602512575686
421,6.515750615027666e-06,6.515750615027667e-05,1.0,24.90758617504223,5.494806650522593,34.556891364020274,3.7296423009923987,3.7296423009923987,3.7296423009923987,0.0,0.0,0.32098868086531357,2.249486768567884,0.12808556170076937,2.1002574611354516,0.057765780268488706,0.02211474727939915,0.0,1.5328393884607263,0.0,0.0,0.0,0.0,0.0,0.0,0.0,0.0,10.346993446350098,2.2308454513549805,0.4998939335346222,1.4836885929107666,4.946265697479248,0.9979230165481567,0.4258877635002136,0.2564832270145416,4.0,0.31452399492263794,0.26327359676361084,0.0,0.0024291497975708503,317.8594665527344,317.7420654296875,0.00036934914765987504,,0.2395039051771164,0.6905723214149475,,0.05908431112766266,,,,,,,0.23392079770565033,0.7114142179489136,,0.05466500669717789,,,,,,,,,,,,,,,,,,,,,,,,,,,,,,,,,,,,,,,,,,,,,,
422,6.50121598620037e-06,6.50121598620037e-05,1.0,24.091113941089528,5.476628071552998,32.97795806059966,3.7017607817778715,3.7017607817778715,3.7017607817778715,0.0,0.0,0.32015313328923406,2.2845982731999577,0.12841952813638224,2.116845620645059,0.0594959645657926,0.022948666198833567,0.0,1.5132547326990076,0.0,0.0,0.0,0.0,0.0,0.0,0.0,0.0,4.262124538421631,2.5245630741119385,0.4998939335346222,1.8985933065414429,5.059112548828125,0.999735414981842,0.4667375683784485,0.25,4.0,0.31605789065361023,0.2744034230709076,0.0013157894736842105,0.0009109311740890688,31.786670684814453,31.54342269897461,0.007652515365695451,,0.24102173745632172,0.6923028230667114,,0.06003091484308243,,,,,,,0.23291996121406555,0.7117513418197632,,0.055328723043203354,,,,,,,,,,,,,,,,,,,,,,,,,,,,,,,,,,,,,,,,,,,,,,
423,6.4866687576419825e-06,6.486668757641983e-05,1.0,27.02337646484375,5.781611674540752,38.48667783994932,3.72247314453125,3.72247314453125,3.72247314453125,0.0,0.0,0.32053274721712677,2.2834340688344597,0.1277153814161146,2.133942681389886,0.062147933083611565,0.023703749115402635,0.0,1.5122600246120144,0.0,0.0,0.0,0.0,0.0,0.0,0.0,0.0,2.3962795734405518,2.7310538291931152,0.4998939335346222,2.23272442817688,5.593916416168213,0.9999558329582214,0.5099578499794006,0.25,4.0,0.31284603476524353,0.2879338562488556,0.0004048582995951417,0.0003036437246963563,4.065098285675049,3.0312881469726562,0.25431368839110824,,0.23623858392238617,0.6944526433944702,,0.06301482766866684,,,,,,,0.22655479609966278,0.7179455757141113,,0.055499620735645294,,,,,,,,,,,,,,,,,,,,,,,,,,,,,,,,,,,,,,,,,,,,,,
424,6.472109075842936e-06,6.472109075842936e-05,1.0,27.68717337943412,5.733309359163852,39.8735252586571,3.723411766258446,3.723411766258446,3.723411766258446,0.0,0.0,0.32248857859018687,2.2719930700353674,0.12844458141842405,2.1189391677444047,0.058787577861064186,0.021297356566867313,0.0,1.5096187076053105,0.0,0.0,0.0,0.0,0.0,0.0,0.0,0.0,5.19345235824585,2.453495502471924,0.4998939335346222,1.7861779928207397,5.337752342224121,0.9998418688774109,0.46942228078842163,0.25,4.0,0.31545183062553406,0.2785669267177582,0.0003036437246963563,0.0005060728744939271,96.48258972167969,96.31116485595703,0.0017767440345160738,,0.23981565237045288,0.694128155708313,,0.0600278414785862,,,,,,,0.2318582534790039,0.7130441665649414,,0.055097587406635284,,,,,,,,,,,,,,,,,,,,,,,,,,,,,,,,,,,,,,,,,,,,,,
425,6.4575370874190644e-06,6.457537087419065e-05,1.0,27.36989944045608,5.696480415962838,39.12467667863176,3.811571688265414,3.811571688265414,3.811571688265414,0.0,0.0,0.3214338921211861,2.237639349860114,0.12752566466460358,2.0931002642657304,0.0594354062467008,0.01696939887227239,0.0,1.517381204141153,0.0,0.0,0.0,0.0,0.0,0.0,0.0,0.0,4.162441253662109,2.2410740852355957,0.4998939335346222,1.6738673448562622,4.619440078735352,0.9996739029884338,0.42924079298973083,0.25,4.0,0.3114306628704071,0.2638835906982422,0.00020242914979757084,0.0005060728744939271,57.76493835449219,57.73218536376953,0.0005670046858123091,,0.2323838472366333,0.7043048143386841,,0.05770163610577583,,,,,,,0.22708085179328918,0.7180718183517456,,0.05484730005264282,,,,,,117.29794391170962,167.8662911459541,0.353332451107576,74.25316448002071,117.29794427379198,173.37924221169584,230.64210540348193,282.57760344013144,69.26310185023716,105.69167298309563,157.15561443826428,0.8058664236785928,0.7406531006343496,0.10131433865756581,0.15492338467029998,0.0,0.7227017491183729,0.7274494774456272,0.43686278349736996,0.0,0.0,0.0,0.0,0.0,0.6423005685365174,0.8836979223919974,0.9820270418819391,0.9960792935399949,0.3836979223919974,0.18202704188193908,0.04607929353999496,0.18850536807005971,0.0,0.6923076923076923,0.2967032967032967,0.7106227106227105,1.6166014006504645,1.5994948806998495,1.5853137115200797,-7.983760833740234,0.00034089660039171576
426,6.442952939110127e-06,6.442952939110126e-05,1.0,25.217242266680742,5.779362858952703,34.8888599292652,3.726697354703336,3.726697354703336,3.726697354703336,0.0,0.0,0.32027043523015203,2.2577005334802576,0.1267165879945497,2.123109972154772,0.058852363277126,0.020254475039404793,0.0,1.499990617906725,0.0,0.0,0.0,0.0,0.0,0.0,0.0,0.0,7.266767501831055,2.4980552196502686,0.4998939335346222,1.7896699905395508,5.56666898727417,1.000007152557373,0.4584619104862213,0.25,3.9962902069091797,0.31768229603767395,0.26921871304512024,0.0003036437246963563,0.0,259.4264221191406,259.4097900390625,6.411097197527081e-05,,0.24334920942783356,0.6910114288330078,,0.06125509366393089,,,,,,,0.23571358621120453,0.7072341442108154,,0.057052310556173325,,,,,,,,,,,,,,,,,,,,,,,,,,,,,,,,,,,,,,,,,,,,,,
427,6.428356777778338e-06,6.428356777778339e-05,1.0,23.671782622466218,5.37472864099451,32.09651802681588,3.775883030247044,3.775883030247044,3.775883030247044,0.0,0.0,0.32054156226080815,2.275073902027027,0.12742019344020533,2.122543747360642,0.05982548481709248,0.021464713521905848,0.0,1.492162343618032,0.0,0.0,0.0,0.0,0.0,0.0,0.0,0.0,8.316082000732422,1.9765982627868652,0.4998939335346222,1.2906254529953003,4.408329486846924,0.999849259853363,0.4368464946746826,0.2699702978134155,4.0,0.31560850143432617,0.26218381524086,0.0,0.00020242914979757084,268.13165283203125,267.9573669433594,0.0006500011723011862,,0.2393556386232376,0.697039008140564,,0.05963149294257164,,,,,,,0.23347359895706177,0.7103179097175598,,0.05620848387479782,,,,,,,,,,,,,,,,,,,,,,,,,,,,,,,,,,,,,,,,,,,,,,
428,6.41374875040688e-06,6.41374875040688e-05,1.0,28.778227934966218,5.563836587441934,42.172887853673984,3.7380210257865287,3.7380210257865287,3.7380210257865287,0.0,0.0,0.3202298654092325,2.2971288320180534,0.12688230823826147,2.160814852327914,0.05954621933601998,0.02295354411408708,0.0,1.484746572133657,0.0,0.0,0.0,0.0,0.0,0.0,0.0,0.0,6.921896934509277,2.2752127647399902,0.4998939335346222,1.6360905170440674,5.0487494468688965,0.999710202217102,0.5082576274871826,0.25,4.0,0.31294041872024536,0.2875719666481018,0.0006072874493927126,0.0009109311740890688,194.89797973632812,194.50137329101562,0.0020349438503624176,,0.23614849150180817,0.6954651474952698,,0.06251134723424911,,,,,,,0.2283768653869629,0.7146777510643005,,0.05694537237286568,,,,,,,,,,,,,,,,,,,,,,,,,,,,,,,,,,,,,,,,,,,,,,
429,6.399129004098422e-06,6.399129004098422e-05,1.0,25.21633498733108,5.5429580276076855,35.08195206925676,3.743024259000211,3.743024259000211,3.743024259000211,0.0,0.0,0.32074010694349137,2.2760432475322,0.12837060722144875,2.130347174567145,0.057528064057633686,0.019047469706148713,0.0,1.4950514097471495,0.0,0.0,0.0,0.0,0.0,0.0,0.0,0.0,3.3593757152557373,2.6200923919677734,0.4998939335346222,2.1367313861846924,5.2755656242370605,0.9997612833976746,0.47002774477005005,0.25,4.0,0.3127613067626953,0.26924005150794983,0.0006072874493927126,0.0004048582995951417,30.383094787597656,30.133544921875,0.008213444596977731,,0.23600232601165771,0.6948968172073364,,0.06347408145666122,,,,,,,0.22769808769226074,0.714669942855835,,0.05763199180364609,,,,,,,,,,,,,,,,,,,,,,,,,,,,,,,,,,,,,,,,,,,,,,
430,6.384497686073653e-06,6.384497686073653e-05,1.0,25.958405365815032,5.656124630489865,36.41598923141892,3.7660398741026184,3.7660398741026184,3.7660398741026184,0.0,0.0,0.3230591335812131,2.2561272286080025,0.12939329405088681,2.1139448011243664,0.05908210857494457,0.021540073124138085,0.0,1.5009865631928314,0.0,0.0,0.0,0.0,0.0,0.0,0.0,0.0,3.085416078567505,2.586360216140747,0.4998939335346222,2.179939031600952,5.163432598114014,0.9992258548736572,0.49039342999458313,0.25,4.0,0.31378084421157837,0.274999737739563,0.0016194331983805667,0.0009109311740890688,10.945093154907227,9.95945930480957,0.0900525775475696,,0.23800267279148102,0.6919893026351929,,0.06328986585140228,,,,,,,0.2276993691921234,0.7154537439346313,,0.05684683471918106,,,,,,115.42344621511606,164.4930593687378,0.3355684957558874,60.686135784610286,115.42344756286214,173.27840152485496,229.86961161828228,279.37401445592167,54.50830350603376,102.47336968710256,161.0096608037534,0.811573598128334,0.7359307359301988,0.09663316924392494,0.15220936758388517,0.0,0.7160354693237748,0.7205362894793791,0.44267846950511597,0.0,0.0,0.0,0.0,0.0,0.6407819701550163,0.886006375728262,0.9830163790260525,0.9960609724817705,0.386006375728262,0.1830163790260525,0.046060972481770546,0.19211461654025136,0.0,0.6318681318681318,0.3626373626373626,0.6822344322344321,1.6128880587907939,1.5945016933338982,1.5796269872686366,-7.983327388763428,0.00034104438964277506
431,6.369854943669781e-06,6.369854943669781e-05,1.0,25.704721811655407,5.55191369958826,36.04841902449324,3.7386115821632178,3.7386115821632178,3.7386115821632178,0.0,0.0,0.3212587511217272,2.2880302635399072,0.12814939344251478,2.1447656992319466,0.05765533447265625,0.01952548768069293,0.0,1.4837457811510242,0.0,0.0,0.0,0.0,0.0,0.0,0.0,0.0,2.863767147064209,2.6298892498016357,0.4998939335346222,2.1906089782714844,5.332542419433594,1.000016450881958,0.4758751094341278,0.25,3.7833850383758545,0.3141445815563202,0.27194133400917053,0.001417004048582996,0.0,8.38438606262207,7.944037914276123,0.05252002293990695,,0.2382623851299286,0.692726194858551,,0.0639810711145401,,,,,,,0.22829706966876984,0.7133293151855469,,0.05837365239858627,,,,,,,,,,,,,,,,,,,,,,,,,,,,,,,,,,,,,,,,,,,,,,
432,6.355200924339056e-06,6.355200924339056e-05,1.0,24.57357375686233,5.430576221362965,33.8690746410473,3.7611475764094173,3.7611475764094173,3.7611475764094173,0.0,0.0,0.3208651929288297,2.271650984480574,0.1295638471036344,2.135882197199641,0.05904224112227156,0.01937658400148959,0.0,1.5056127599767737,0.0,0.0,0.0,0.0,0.0,0.0,0.0,0.0,8.455857276916504,2.0883595943450928,0.4998939335346222,1.366504192352295,4.655670642852783,0.9997730851173401,0.4763670563697815,0.25,4.0,0.3165331482887268,0.26908010244369507,0.0004048582995951417,0.000708502024291498,186.94053649902344,186.87091064453125,0.00037244920655585696,,0.2419377565383911,0.690208911895752,,0.06365891546010971,,,,,,,0.23360638320446014,0.7082751989364624,,0.05811844766139984,,,,,,,,,,,,,,,,,,,,,,,,,,,,,,,,,,,,,,,,,,,,,,
433,6.340535775647295e-06,6.340535775647295e-05,1.0,27.112164471600508,5.746166744747677,38.538392762880065,3.82345910974451,3.82345910974451,3.82345910974451,0.0,0.0,0.322542345201647,2.2442235173405827,0.13046535285743507,2.091061360127217,0.055292303497726854,0.01742193827757964,0.0,1.4958314637880068,0.0,0.0,0.0,0.0,0.0,0.0,0.0,0.0,3.2021734714508057,2.817145824432373,0.5360199213027954,2.345022201538086,5.7265729904174805,0.9998986721038818,0.47241178154945374,0.25,4.0,0.315815269947052,0.275380939245224,0.0011133603238866396,0.00020242914979757084,11.473060607910156,11.05183219909668,0.036714563202347124,,0.2407330423593521,0.6917464137077332,,0.06213194876909256,,,,,,,0.231214702129364,0.7110666036605835,,0.057718705385923386,,,,,,,,,,,,,,,,,,,,,,,,,,,,,,,,,,,,,,,,,,,,,,
434,6.325859645272382e-06,6.325859645272382e-05,1.0,26.13877909892314,5.516260507944468,36.98495895798142,3.7164459228515625,3.7164459228515625,3.7164459228515625,0.0,0.0,0.32034665185051997,2.2926986281936235,0.1285619477967958,2.166342039366026,0.05961697166030471,0.02131312118994223,0.0,1.4776287594357052,0.0,0.0,0.0,0.0,0.0,0.0,0.0,0.0,7.179458141326904,2.1722288131713867,0.4998939335346222,1.7456536293029785,4.4908881187438965,0.9999978542327881,0.4000011384487152,0.26785776019096375,4.0,0.31644710898399353,0.24533328413963318,0.0,0.00010121457489878542,222.22032165527344,221.8874053955078,0.0014981359818301058,,0.2406136691570282,0.6958599090576172,,0.061510805040597916,,,,,,,0.2348497211933136,0.7063833475112915,,0.05876690894365311,,,,,,,,,,,,,,,,,,,,,,,,,,,,,,,,,,,,,,,,,,,,,,
435,6.311172681002783e-06,6.311172681002782e-05,1.0,27.09927780563767,5.771463342615076,38.543084221917226,3.7671925312763936,3.7671925312763936,3.7671925312763936,0.0,0.0,0.3192899549329603,2.306843938054265,0.12794400550223686,2.175690728264886,0.05699606199522276,0.0231490344614596,0.0,1.4779670302932326,0.0,0.0,0.0,0.0,0.0,0.0,0.0,0.0,6.865253925323486,2.2360758781433105,0.4998939335346222,1.8618712425231934,4.481688976287842,1.0,0.3703009784221649,0.28654375672340393,3.460862398147583,0.3114892244338989,0.24079878628253937,0.0,0.0,591.7384033203125,591.174072265625,0.0009536833362867329,,0.23198501765727997,0.7058380842208862,,0.05995982885360718,,,,,,,0.22796037793159485,0.7146649360656738,,0.057374730706214905,,,,,,106.09012746286916,149.74707685294428,0.30518191953829726,31.261025900369162,106.09013068284042,165.84991125556084,222.4502506526319,274.9631989193973,52.18357849121094,91.03861029573189,156.5029874055282,0.8113986450546591,0.7041648027647018,0.08764336534459523,0.15063212343711269,0.0,0.6841061596105565,0.6777405832008294,0.3930163082164433,0.0,0.0,0.0,0.0,0.0,0.6357929131675399,0.891557656370232,0.982759884210912,0.9955663039097138,0.391557656370232,0.18275988421091194,0.045566303909713834,0.18408999303799786,0.0,0.6208791208791209,0.3791208791208791,0.6904761904761906,1.5704625183409386,1.5527244259367932,1.5378023255002367,-7.983768939971924,0.0003408938355278224
436,6.296475030736069e-06,6.296475030736069e-05,1.0,24.9807409338049,5.5753190324113175,34.536291173986484,3.75142071698163,3.75142071698163,3.75142071698163,0.0,0.0,0.32024917087039434,2.3037901182432434,0.12706701175586596,2.171140309926626,0.05886933610245988,0.020296860385585477,0.0,1.4644309378959037,0.0,0.0,0.0,0.0,0.0,0.0,0.0,0.0,5.160276889801025,2.611823558807373,0.4998939335346222,2.1735618114471436,5.270416736602783,1.0000263452529907,0.4495501220226288,0.25,3.8021321296691895,0.3188273310661316,0.2573041617870331,0.0013157894736842105,0.0,120.79875183105469,120.34564971923828,0.003750884052594356,,0.2458316683769226,0.6857118010520935,,0.06576292961835861,,,,,,,0.2364957332611084,0.7030404806137085,,0.060463741421699524,,,,,,,,,,,,,,,,,,,,,,,,,,,,,,,,,,,,,,,,,,,,,,
437,6.281766842477413e-06,6.281766842477413e-05,1.0,24.247174237225508,5.39611156566723,33.25199271537162,3.7493051064981,3.7493051064981,3.7493051064981,0.0,0.0,0.31950406770448425,2.2991485595703125,0.125799527039399,2.1709188512853674,0.06051993370056152,0.027639163506997598,0.0,1.4613430951092694,0.0,0.0,0.0,0.0,0.0,0.0,0.0,0.0,7.769282817840576,2.506350040435791,0.4998939335346222,1.8041470050811768,5.578094482421875,0.9999168515205383,0.40621867775917053,0.25,4.0,0.31386590003967285,0.25175148248672485,0.0004048582995951417,0.00010121457489878542,417.23565673828125,417.0852966308594,0.00036037214220210125,,0.23722703754901886,0.696040153503418,,0.06204456090927124,,,,,,,0.23141472041606903,0.7106091380119324,,0.05797617882490158,,,,,,,,,,,,,,,,,,,,,,,,,,,,,,,,,,,,,,,,,,,,,,
438,6.2670482643381085e-06,6.267048264338108e-05,1.0,26.964672191722972,5.5804245407516895,38.56107804581926,3.7280553869298987,3.7280553869298987,3.7280553869298987,0.0,0.0,0.3201275902825433,2.286507065231736,0.1273620708568676,2.151125108873522,0.05861757252667401,0.020065831171499716,0.0,1.4643657787426099,0.0,0.0,0.0,0.0,0.0,0.0,0.0,0.0,8.878637313842773,2.5540473461151123,0.4998939335346222,1.8464802503585815,5.891069412231445,0.9998211860656738,0.39118579030036926,0.2788483202457428,4.0,0.314256489276886,0.24901673197746277,0.0,0.00020242914979757084,409.5342102050781,409.4281005859375,0.0002590983036252078,,0.23736070096492767,0.6979417204856873,,0.0605357326567173,,,,,,,0.23159530758857727,0.7116944789886475,,0.05671023577451706,,,,,,,,,,,,,,,,,,,,,,,,,,,,,,,,,,,,,,,,,,,,,,
439,6.252319444534073e-06,6.252319444534073e-05,1.0,25.71257885082348,5.63475531500739,36.052318676097975,3.716560157569679,3.716560157569679,3.716560157569679,0.0,0.0,0.31875679944012614,2.2606679555532097,0.1277903092874063,2.1143605000263936,0.057240576357454866,0.019376857860668284,0.0,1.4757670840701542,0.0,0.0,0.0,0.0,0.0,0.0,0.0,0.0,4.6400885581970215,2.7522218227386475,0.4998939335346222,2.1503379344940186,5.704246997833252,0.9999799132347107,0.4425897002220154,0.25,4.0,0.3147965669631958,0.26357099413871765,0.00010121457489878542,0.00010121457489878542,51.29928970336914,51.10820007324219,0.003724995633115035,,0.23902174830436707,0.6933621168136597,,0.06259943544864655,,,,,,,0.23081105947494507,0.7111188173294067,,0.05807005614042282,,,,,,,,,,,,,,,,,,,,,,,,,,,,,,,,,,,,,,,,,,,,,,
440,6.2375805313843564e-06,6.237580531384356e-05,1.0,26.26479195259713,6.055492504222973,36.71983543602196,3.730178420608108,3.730178420608108,3.730178420608108,0.0,0.0,0.31898305222794815,2.2301262520455025,0.12742121155197556,2.116971608754751,0.05693706950625858,0.01937718165887369,0.0,1.4784572704418286,0.0,0.0,0.0,0.0,0.0,0.0,0.0,0.0,2.841442108154297,3.1558330059051514,0.4998939335346222,2.48289155960083,6.695041656494141,0.9996194839477539,0.49648699164390564,0.25,4.0,0.31149694323539734,0.2805723249912262,0.0003036437246963563,0.0010121457489878543,27.71107292175293,26.762893676757812,0.03421661974880826,,0.23504960536956787,0.6916365623474121,,0.06526240706443787,,,,,,,0.22518256306648254,0.7169941663742065,,0.05782322585582733,,,,,,103.59446330646892,153.40734571451424,0.292334429662722,43.82642037527902,103.59446502003813,168.67703536144785,224.27738183836178,276.34073730949547,44.88872310093471,88.40758455261704,155.11723593006963,0.8173212814383519,0.7175705702694275,0.09108967889167109,0.14934044852042302,0.0,0.6983553541090572,0.6914216901525881,0.41054515376327283,0.0,0.0,0.0,0.0,0.0,0.6365017961690599,0.892070646000513,0.9829064526767066,0.9959693671906489,0.392070646000513,0.18290645267670658,0.045969367190648924,0.18900003664211645,0.0,0.6538461538461539,0.34065934065934067,0.6675824175824175,1.5881400003538026,1.5691972758088792,1.5538423921053226,-7.983841419219971,0.00034086915547959507
441,6.222831673309657e-06,6.222831673309657e-05,1.0,26.3589147619299,5.565559593406883,37.429123337204395,3.697189743454392,3.697189743454392,3.697189743454392,0.0,0.0,0.32130514608847127,2.283082085686761,0.12652489945695206,2.1441046225058065,0.058080080393198376,0.021831188652966474,0.0,1.46656541566591,0.0,0.0,0.0,0.0,0.0,0.0,0.0,0.0,4.034296989440918,2.3363146781921387,0.4998939335346222,1.7997477054595947,4.90298318862915,0.9998384118080139,0.4282056987285614,0.2788131535053253,4.0,0.311305969953537,0.2651086151599884,0.0,0.0005060728744939271,69.06656646728516,68.7065200805664,0.00521303439760964,,0.2325800061225891,0.7021989226341248,,0.060382675379514694,,,,,,,0.2264343798160553,0.7166976928710938,,0.056867942214012146,,,,,,,,,,,,,,,,,,,,,,,,,,,,,,,,,,,,,,,,,,,,,,
442,6.208073018830807e-06,6.208073018830807e-05,1.0,27.294227393897803,5.880754625475085,38.87691023543074,3.74943377520587,3.74943377520587,3.74943377520587,0.0,0.0,0.32101674982019374,2.281047099345439,0.12779952384330132,2.1523990115603886,0.057268458443718986,0.021306513129053888,0.0,1.4830730541332349,0.0,0.0,0.0,0.0,0.0,0.0,0.0,0.0,10.612378120422363,2.002401828765869,0.4998939335346222,1.4141910076141357,4.5389485359191895,1.0000091791152954,0.4264843463897705,0.25,3.6426382064819336,0.3176411986351013,0.2509838044643402,0.0004048582995951417,0.0,500.6234130859375,500.659423828125,-7.19317979267549e-05,,0.24273762106895447,0.6929917335510254,,0.06312105059623718,,,,,,,0.23496168851852417,0.7059213519096375,,0.05911696329712868,,,,,,,,,,,,,,,,,,,,,,,,,,,,,,,,,,,,,,,,,,,,,,
443,6.193304716567291e-06,6.19330471656729e-05,1.0,26.71681831978463,5.581944646062078,38.0784912109375,3.7172047383076436,3.7172047383076436,3.7172047383076436,0.0,0.0,0.32138316695754593,2.28334870209565,0.1268063751426903,2.161190754658467,0.05946159362792969,0.021005268032486375,0.0,1.484711827458562,0.0,0.0,0.0,0.0,0.0,0.0,0.0,0.0,4.207283973693848,2.2474277019500732,0.4998939335346222,1.7215291261672974,4.8695807456970215,0.9999961256980896,0.43569260835647583,0.3041011393070221,4.0,0.30998125672340393,0.2555513381958008,0.0,0.00010121457489878542,74.9229965209961,74.30075073242188,0.008305137507411938,,0.22964534163475037,0.7071877121925354,,0.06164179742336273,,,,,,,0.2217942178249359,0.7213315963745117,,0.056874170899391174,,,,,,,,,,,,,,,,,,,,,,,,,,,,,,,,,,,,,,,,,,,,,,
444,6.178526915235755e-06,6.178526915235755e-05,1.0,24.929344383445947,5.48499854835304,34.519359691722975,3.769974167282517,3.769974167282517,3.769974167282517,0.0,0.0,0.3207274514275628,2.261041177285684,0.12893562059144717,2.1232662716427364,0.05901087296975625,0.02139001279263883,0.0,1.4871174580342061,0.0,0.0,0.0,0.0,0.0,0.0,0.0,0.0,5.14529275894165,2.608368158340454,0.4998939335346222,1.9742246866226196,5.665937423706055,0.9998210668563843,0.4555976390838623,0.26657357811927795,4.0,0.30897536873817444,0.2735272943973541,0.0,0.0006072874493927126,239.8142547607422,239.4251708984375,0.0016224384271605063,,0.22941209375858307,0.702687680721283,,0.06152752414345741,,,,,,,0.2225325107574463,0.720801591873169,,0.05666588246822357,,,,,,,,,,,,,,,,,,,,,,,,,,,,,,,,,,,,,,,,,,,,,,
445,6.1637397636484904e-06,6.16373976364849e-05,1.0,25.96288897540118,5.512662732923353,36.61446236275338,3.7412723850559546,3.7412723850559546,3.7412723850559546,0.0,0.0,0.3208831838659338,2.2677257640941724,0.1301586048023121,2.12099044387405,0.0584874153137207,0.021818473532393173,0.0,1.4867975389635242,0.0,0.0,0.0,0.0,0.0,0.0,0.0,0.0,8.303092002868652,2.447615385055542,0.4998939335346222,1.921911597251892,5.204436302185059,1.0000083446502686,0.4353862404823303,0.25,3.844228506088257,0.3143053948879242,0.2591674029827118,0.0005060728744939271,0.0,441.49041748046875,441.2098083496094,0.000635595065597973,,0.23780781030654907,0.6956100463867188,,0.06370676308870316,,,,,,,0.2298326939344406,0.7111543416976929,,0.059013016521930695,,,,,,104.42032057374388,154.98265847742485,0.2923185330720182,47.41177288516537,104.42032354754004,168.4884412881217,224.81676275093164,276.0252406367769,42.5757566179548,88.56315364394077,158.3004614788553,0.8225582106179434,0.7180229957688518,0.08969325699399741,0.1457794719996904,0.0,0.6999377624527773,0.6930010642698408,0.4113664020994887,0.0,0.0,0.0,0.0,0.0,0.6356888896362431,0.8927851672712616,0.9835293686563336,0.9961708988311165,0.39278516727126156,0.1835293686563335,0.04617089883111658,0.1921329375984757,0.0,0.6538461538461539,0.3241758241758242,0.6346153846153846,1.5854966990895323,1.5664503630046005,1.5513041469749513,-7.982931613922119,0.00034117934410460293
446,6.148943410711949e-06,6.14894341071195e-05,1.0,23.73380588840794,5.534105043153505,32.09765954919764,3.7472620783625423,3.7472620783625423,3.7472620783625423,0.0,0.0,0.3207705729716533,2.2897641980970227,0.1279165422594225,2.1651930937895902,0.05862399049707361,0.02247729494764998,0.0,1.4762189710462414,0.0,0.0,0.0,0.0,0.0,0.0,0.0,0.0,7.834258556365967,2.015624761581421,0.4998939335346222,1.5307859182357788,4.222920894622803,1.000004529953003,0.41667959094047546,0.25,3.9807097911834717,0.3130129277706146,0.2521747648715973,0.0010121457489878543,0.0,299.6463317871094,299.6435546875,9.267924599017132e-06,,0.2347516417503357,0.7023250460624695,,0.06023597717285156,,,,,,,0.2284269630908966,0.7143731713294983,,0.05719988793134689,,,,,,,,,,,,,,,,,,,,,,,,,,,,,,,,,,,,,,,,,,,,,,
447,6.134138005425243e-06,6.134138005425243e-05,1.0,25.16655009501689,5.441974949192357,35.1396484375,3.7081872063714103,3.7081872063714103,3.7081872063714103,0.0,0.0,0.3202792502738334,2.2744932432432434,0.12686039950396563,2.1633125511375635,0.05913550144917256,0.026457939599011396,0.0,1.4725438710805532,0.0,0.0,0.0,0.0,0.0,0.0,0.0,0.0,3.6247777938842773,2.5031392574310303,0.4998939335346222,1.9317905902862549,5.219705581665039,0.9999904036521912,0.4499009847640991,0.27866703271865845,4.0,0.3090784251689911,0.2731909155845642,0.0,0.00010121457489878542,56.89521408081055,56.636756896972656,0.004542687605864239,,0.2290247529745102,0.7052320837974548,,0.06003749370574951,,,,,,,0.22189781069755554,0.721560001373291,,0.056542135775089264,,,,,,,,,,,,,,,,,,,,,,,,,,,,,,,,,,,,,,,,,,,,,,
448,6.119323696878637e-06,6.119323696878637e-05,1.0,25.48078217377534,5.659467130093961,35.45434900232264,3.769179060652449,3.769179060652449,3.769179060652449,0.0,0.0,0.32294020781645905,2.24606653161951,0.12731849825060046,2.11891339276288,0.06090089437123891,0.018675576996158908,0.0,1.4848807051375106,0.0,0.0,0.0,0.0,0.0,0.0,0.0,0.0,4.765676975250244,2.8173060417175293,0.4998939335346222,2.4100289344787598,5.704246997833252,0.9999943375587463,0.43756043910980225,0.25,4.0,0.31058236956596375,0.2680231034755707,0.00010121457489878542,0.00010121457489878542,139.61817932128906,139.85195922851562,-0.0016744231185581405,,0.23217324912548065,0.6993198990821838,,0.06334231793880463,,,,,,,0.2245502769947052,0.7173305749893188,,0.05811915546655655,,,,,,,,,,,,,,,,,,,,,,,,,,,,,,,,,,,,,,,,,,,,,,
449,6.104500634252056e-06,6.104500634252057e-05,1.0,25.196610734269427,5.501656609612542,35.11055281355574,3.72200177166913,3.72200177166913,3.72200177166913,0.0,0.0,0.31961188445220123,2.2928258535024284,0.12737903079471072,2.151714428051098,0.06031408825436154,0.02281210068109873,0.0,1.4694671630859375,0.0,0.0,0.0,0.0,0.0,0.0,0.0,0.0,6.668438911437988,2.230288028717041,0.4998939335346222,1.5970203876495361,4.7940850257873535,0.9989719390869141,0.4347015917301178,0.25,4.0,0.31401491165161133,0.26356765627861023,0.0009109311740890688,0.0012145748987854252,198.08596801757812,197.70913696289062,0.0019023611740840727,,0.23808619379997253,0.6935990452766418,,0.06015834957361221,,,,,,,0.2310236394405365,0.7115994095802307,,0.05737698823213577,,,,,,,,,,,,,,,,,,,,,,,,,,,,,,,,,,,,,,,,,,,,,,
450,6.089668966813574e-06,6.089668966813574e-05,1.0,23.58299956450591,5.404863512193835,31.940825591216218,3.7588447364600928,3.7588447364600928,3.7588447364600928,0.0,0.0,0.3213450199848897,2.243183857685811,0.1273153408153637,2.1231252309438347,0.05724835395812988,0.018035680861086457,0.0,1.4662690033783783,0.0,0.0,0.0,0.0,0.0,0.0,0.0,0.0,2.4531123638153076,2.8308067321777344,0.4998939335346222,2.3194000720977783,5.805968761444092,0.9998132586479187,0.4552218019962311,0.25,4.0,0.30898067355155945,0.2745012640953064,0.0008097165991902834,0.0004048582995951417,4.462769508361816,4.277402400970459,0.041536339047768024,,0.23006993532180786,0.6996952891349792,,0.06249922141432762,,,,,,,0.22192752361297607,0.7199251651763916,,0.058147311210632324,,,,,,101.17315705267937,146.2938492331224,0.2861170327615249,20.85637063246507,101.17315760083939,167.72469433682255,221.92566120739795,272.12983943737004,45.66573715209961,86.5771843370541,150.55212269658628,0.8228668406157348,0.684897004534636,0.07557434222360931,0.14114659436039045,0.0,0.6602155383344331,0.6487060736042726,0.3849577637422853,0.0,0.0,0.0,0.0,0.0,0.630639179952558,0.8980433109816423,0.9826682789197904,0.9954197354439193,0.39804331098164225,0.18266827891979032,0.04541973544391931,0.1878458099739841,0.0,0.6208791208791209,0.37362637362637363,0.6382783882783883,1.5740022561052343,1.5534470263090763,1.537098419044044,-7.983207702636719,0.0003410851932130754
451,6.074828843917921e-06,6.07482884391792e-05,1.0,25.456348316089528,5.644317626953125,35.43356405722128,3.7567344871727197,3.7567344871727197,3.7567344871727197,0.0,0.0,0.32109172924144846,2.2645288415857263,0.12716892603281382,2.1429047455658785,0.059295744509310334,0.017801935608322557,0.0,1.471971047891153,0.0,0.0,0.0,0.0,0.0,0.0,0.0,0.0,2.659062147140503,2.5988738536834717,0.4998939335346222,2.0378880500793457,5.32265567779541,0.9999998807907104,0.41011011600494385,0.2656507194042206,3.959751605987549,0.3084074556827545,0.26405590772628784,0.0,0.0,13.59683895111084,13.56726360321045,0.0021751635072484524,,0.22803612053394318,0.7057187557220459,,0.06028204411268234,,,,,,,0.22145864367485046,0.7214416265487671,,0.057099685072898865,,,,,,,,,,,,,,,,,,,,,,,,,,,,,,,,,,,,,,,,,,,,,,
452,6.059980415004965e-06,6.059980415004964e-05,1.0,24.23564189189189,5.4533967714051945,33.12676177153716,3.79055085053315,3.79055085053315,3.79055085053315,0.0,0.0,0.32179999995876,2.240274377771326,0.12828587196968697,2.1311598081846497,0.0587314206200677,0.023117851566623996,0.0,1.4831851237529032,0.0,0.0,0.0,0.0,0.0,0.0,0.0,0.0,7.835654258728027,2.359199047088623,0.4998939335346222,1.7931687831878662,5.214103698730469,1.000002145767212,0.4522598683834076,0.25,4.0,0.3140047788619995,0.267838716506958,0.0005060728744939271,0.00010121457489878542,250.4971160888672,250.30332946777344,0.00077360819205999,,0.23745614290237427,0.6956017017364502,,0.06306497007608414,,,,,,,0.22822469472885132,0.7144653797149658,,0.05730990692973137,,,,,,,,,,,,,,,,,,,,,,,,,,,,,,,,,,,,,,,,,,,,,,
453,6.045123829598222e-06,6.045123829598222e-05,1.0,25.423328296558278,5.917091575828758,35.1997169288429,3.699388246278505,3.699388246278505,3.699388246278505,0.0,0.0,0.31987772761164485,2.2821399585620776,0.1278819006842536,2.1456544205949113,0.06150903572907319,0.018810330210505304,0.0,1.4734845548062712,0.0,0.0,0.0,0.0,0.0,0.0,0.0,0.0,4.3794941902160645,2.6960904598236084,0.4998939335346222,2.116483211517334,5.710375785827637,0.9999926686286926,0.44205737113952637,0.25,4.0,0.3116967976093292,0.2677057087421417,0.0009109311740890688,0.00020242914979757084,45.06108093261719,44.822547912597656,0.005293548558593732,,0.23382851481437683,0.6985157132148743,,0.06265969574451447,,,,,,,0.22613082826137543,0.7154906392097473,,0.058378539979457855,,,,,,,,,,,,,,,,,,,,,,,,,,,,,,,,,,,,,,,,,,,,,,
454,6.030259237303342e-06,6.030259237303342e-05,1.0,24.537249590899492,5.638494543127112,33.60560401710304,3.749735651789485,3.749735651789485,3.749735651789485,0.0,0.0,0.32092932108286265,2.278193911990604,0.12723878912023595,2.140334670608108,0.06212007032858359,0.02521572886286555,0.0,1.4745191625646643,0.0,0.0,0.0,0.0,0.0,0.0,0.0,0.0,4.729021072387695,2.631941318511963,0.4998939335346222,2.0796046257019043,5.572107791900635,0.9998343586921692,0.45207440853118896,0.25,4.0,0.3175176680088043,0.260223388671875,0.0025303643724696357,0.0003036437246963563,43.1351318359375,42.985679626464844,0.003464744469568121,,0.24409852921962738,0.6861169338226318,,0.06488429754972458,,,,,,,0.23281802237033844,0.7074630260467529,,0.05971897020936012,,,,,,,,,,,,,,,,,,,,,,,,,,,,,,,,,,,,,,,,,,,,,,
455,6.015386787806605e-06,6.015386787806605e-05,1.0,24.386872162690032,5.498442778716216,33.4403175147804,3.7604658796980575,3.7604658796980575,3.7604658796980575,0.0,0.0,0.3219669960640572,2.2593653910868876,0.12811458432996595,2.124589249894426,0.05869781004415976,0.022616537841590675,0.0,1.4739971676388302,0.0,0.0,0.0,0.0,0.0,0.0,0.0,0.0,4.9320149421691895,2.782710313796997,0.4998939335346222,2.2612504959106445,5.693116664886475,0.9999620318412781,0.43119120597839355,0.2504619359970093,4.0,0.3137621581554413,0.26936423778533936,0.0,0.00010121457489878542,149.3279266357422,149.19873046875,0.0008651842284486921,,0.23765349388122559,0.6934236288070679,,0.06308083236217499,,,,,,,0.2297179102897644,0.7109907865524292,,0.05929127708077431,,,,,,105.09386123405709,150.67909933380187,0.30033412932256554,35.882289865514736,105.09386197942179,167.71472711652842,223.82237949738575,275.0990065334393,50.10485022408621,90.9826994311902,153.0343601392663,0.8176694804712414,0.7067505967036459,0.07830343287884861,0.12917568266366417,0.0,0.6848864015795193,0.6781005797280742,0.4127072451712815,0.0,0.0,0.0,0.0,0.0,0.633476251084363,0.8955516470631344,0.9835660107727823,0.9959876882488733,0.3955516470631344,0.18356601077278223,0.04598768824887334,0.19403832765380527,0.0,0.6153846153846154,0.3791208791208791,0.6236263736263736,1.5852689913340978,1.5661066403755775,1.550777562863224,-7.984048843383789,0.00034079846227541566
456,6.000506630873413e-06,6.0005066308734124e-05,1.0,24.93918918918919,5.51531982421875,34.507056983741556,3.7765560665646114,3.7765560665646114,3.7765560665646114,0.0,0.0,0.32175223891799515,2.2524360450538428,0.1282972258490485,2.1161490775443412,0.05608234534392486,0.019602811014330066,0.0,1.4608062537940774,0.0,0.0,0.0,0.0,0.0,0.0,0.0,0.0,4.626461029052734,2.775074005126953,0.4998939335346222,2.0714969635009766,6.060880661010742,0.9996462464332581,0.4799236059188843,0.2502168118953705,4.0,0.31283771991729736,0.27728262543678284,0.0,0.0006072874493927126,115.77606201171875,115.05944061279297,0.006189719934102142,,0.23742903769016266,0.688730776309967,,0.065732441842556,,,,,,,0.22759968042373657,0.7130938172340393,,0.05930648371577263,,,,,,,,,,,,,,,,,,,,,,,,,,,,,,,,,,,,,,,,,,,,,,
457,5.985618916346779e-06,5.985618916346779e-05,1.0,24.98149315086571,5.441384392815667,34.75890783361486,3.727664019610431,3.727664019610431,3.727664019610431,0.0,0.0,0.3206286559233794,2.2526195629222974,0.126546150929219,2.1262435913085938,0.05842183731697701,0.01640905882861163,0.0,1.465284811483847,0.0,0.0,0.0,0.0,0.0,0.0,0.0,0.0,5.656462669372559,2.487539529800415,0.4998939335346222,1.662869930267334,5.56666898727417,0.999728798866272,0.44137996435165405,0.25,4.0,0.31530213356018066,0.26351988315582275,0.0004048582995951417,0.0006072874493927126,65.10904693603516,65.06053924560547,0.0007450222774316253,,0.24094946682453156,0.687511146068573,,0.06440138071775436,,,,,,,0.2320023775100708,0.7093368768692017,,0.05866076797246933,,,,,,,,,,,,,,,,,,,,,,,,,,,,,,,,,,,,,,,,,,,,,,
458,5.970723794145826e-06,5.970723794145826e-05,1.0,25.508358517208613,5.637656134528083,35.69525971283784,3.676832456846495,3.676832456846495,3.676832456846495,0.0,0.0,0.31895333367425044,2.283579852129962,0.12824593363581477,2.1486791662267737,0.059503245998073266,0.019949938799883868,0.0,1.4713643048260663,0.0,0.0,0.0,0.0,0.0,0.0,0.0,0.0,9.134196281433105,2.6346607208251953,0.4998939335346222,1.8605085611343384,6.204610347747803,1.0000015497207642,0.46550098061561584,0.25,3.9591424465179443,0.3146192729473114,0.27410760521888733,0.000708502024291498,0.0,396.0173645019531,395.703857421875,0.0007916498320027045,,0.23934540152549744,0.6907606720924377,,0.06372994929552078,,,,,,,0.2294090986251831,0.7129823565483093,,0.057608552277088165,,,,,,,,,,,,,,,,,,,,,,,,,,,,,,,,,,,,,,,,,,,,,,
459,5.9558214142642656e-06,5.955821414264265e-05,1.0,23.890316525021113,5.507562998178843,32.497142894847975,3.72990912360114,3.72990912360114,3.72990912360114,0.0,0.0,0.3202447633485536,2.2621495014912374,0.12687552941812053,2.131241050926415,0.05903996648015203,0.02303128145836495,0.0,1.4718108306059967,0.0,0.0,0.0,0.0,0.0,0.0,0.0,0.0,3.756983757019043,2.804175853729248,0.4998939335346222,2.1571736335754395,5.879574775695801,0.9997157454490662,0.42058607935905457,0.25,4.0,0.31114551424980164,0.26381346583366394,0.0010121457489878543,0.0004048582995951417,102.22266387939453,102.1635971069336,0.0005778246253749199,,0.23344217240810394,0.6971644759178162,,0.06254704296588898,,,,,,,0.22602146863937378,0.715477705001831,,0.05850088596343994,,,,,,,,,,,,,,,,,,,,,,,,,,,,,,,,,,,,,,,,,,,,,,
460,5.940911926768903e-06,5.940911926768903e-05,1.0,25.386151288006758,5.63844835436022,35.35947067673142,3.7280195081556164,3.7280195081556164,3.7280195081556164,0.0,0.0,0.31999673070134343,2.267815873429582,0.12620682329744906,2.129176578006229,0.06240327938182934,0.01979444800196467,0.0,1.459723189070418,0.0,0.0,0.0,0.0,0.0,0.0,0.0,0.0,5.580799102783203,2.5297739505767822,0.4998939335346222,1.9617327451705933,5.249868869781494,0.9996123313903809,0.4601360857486725,0.25,4.0,0.3171485662460327,0.2715427577495575,0.0006072874493927126,0.0008097165991902834,81.26122283935547,80.82942199707031,0.005313737933021008,,0.2431674599647522,0.6885587573051453,,0.06262986361980438,,,,,,,0.23360668122768402,0.7076174020767212,,0.05877590924501419,,,,,,103.55011585780552,148.75052052091766,0.2936343824205175,24.87067878639305,103.55011410057517,166.5620529617522,222.9442948868715,273.3405964559995,47.51414053780692,90.2290082236593,149.43434872834578,0.8244270149313588,0.6818128897903997,0.07255565147120045,0.1316512897239534,0.0,0.6580435145151835,0.6441996103855677,0.37353473300271756,0.0,0.0,0.0,0.0,0.0,0.6323055859309872,0.8974387160602396,0.9826865999780148,0.9954380565021436,0.3974387160602396,0.18268659997801473,0.04543805650214361,0.18766259939174088,0.0,0.6098901098901099,0.38461538461538464,0.6291208791208791,1.5712939648182838,1.5519133157782503,1.5367818882504662,-7.983722686767578,0.0003409096098039299
461,5.9259954817981055e-06,5.925995481798106e-05,1.0,25.063636573585303,5.58624267578125,34.742642789273646,3.7476282893000423,3.7476282893000423,3.7476282893000423,0.0,0.0,0.3187565416903109,2.257805489205025,0.12629380097260345,2.116116497967694,0.05650113079998944,0.019402426642340584,0.0,1.4722504486908783,0.0,0.0,0.0,0.0,0.0,0.0,0.0,0.0,4.602588176727295,2.590761423110962,0.4998939335346222,2.0872342586517334,5.297245502471924,0.9994634985923767,0.44192343950271606,0.25,4.0,0.3147197663784027,0.265324205160141,0.0003036437246963563,0.0009109311740890688,81.56492614746094,81.71237182617188,-0.0018077093387465464,,0.2394312471151352,0.69107586145401,,0.0631311684846878,,,,,,,0.23040255904197693,0.7102960348129272,,0.05930137634277344,,,,,,,,,,,,,,,,,,,,,,,,,,,,,,,,,,,,,,,,,,,,,,
462,5.9110722295603114e-06,5.911072229560312e-05,1.0,24.82471362964527,5.481947202940245,34.347679344383444,3.752231907200169,3.752231907200169,3.752231907200169,0.0,0.0,0.32060184994259394,2.2671106699350716,0.12741301510785077,2.1244682105811865,0.06065284883653795,0.017897584953823605,0.0,1.4658800073572107,0.0,0.0,0.0,0.0,0.0,0.0,0.0,0.0,6.571592807769775,2.358963966369629,0.4998939335346222,1.8019459247589111,5.068510055541992,1.0000306367874146,0.36592966318130493,0.25,3.7232627868652344,0.31269901990890503,0.2375960648059845,0.000708502024291498,0.0,199.79696655273438,199.64767456054688,0.0007472185126899607,,0.2341078817844391,0.7030428051948547,,0.061653126031160355,,,,,,,0.22885075211524963,0.7119712829589844,,0.05917792022228241,,,,,,,,,,,,,,,,,,,,,,,,,,,,,,,,,,,,,,,,,,,,,,
463,5.8961423203325066e-06,5.896142320332506e-05,1.0,26.948748614336992,5.572072621938345,38.59342667863176,3.6950077366184546,3.6950077366184546,3.6950077366184546,0.0,0.0,0.31997304349332245,2.2974300900021114,0.12752240412944071,2.1582078675966003,0.06003249658120645,0.02607732850152093,0.0,1.4641261745143581,0.0,0.0,0.0,0.0,0.0,0.0,0.0,0.0,12.737190246582031,2.0127062797546387,0.4998939335346222,1.043029546737671,4.8222575187683105,0.9997337460517883,0.4131212532520294,0.25,4.0,0.31811919808387756,0.24791350960731506,0.00010121457489878542,0.0005060728744939271,379.5935974121094,379.64208984375,-0.00012774828651279576,,0.24513737857341766,0.6847277879714966,,0.0660504400730133,,,,,,,0.23878121376037598,0.6999592781066895,,0.061259545385837555,,,,,,,,,,,,,,,,,,,,,,,,,,,,,,,,,,,,,,,,,,,,,,
464,5.881205904458708e-06,5.8812059044587076e-05,1.0,26.83725882865287,5.612731521194045,38.245912294130065,3.7417074667440877,3.7417074667440877,3.7417074667440877,0.0,0.0,0.3215840313885663,2.2815178536080025,0.12756986875791806,2.147956229544975,0.06002512493649045,0.025415678282041807,0.0,1.4592532596072636,0.0,0.0,0.0,0.0,0.0,0.0,0.0,0.0,3.8431589603424072,2.587245225906372,0.4998939335346222,1.8397306203842163,5.74898624420166,0.9998937249183655,0.45965516567230225,0.2896787226200104,4.0,0.3118082582950592,0.27129676938056946,0.0,0.0004048582995951417,71.92591857910156,71.37060546875,0.007720625906791151,,0.23472823202610016,0.6949347853660583,,0.06426630169153214,,,,,,,0.22569265961647034,0.7156262993812561,,0.05868107080459595,,,,,,,,,,,,,,,,,,,,,,,,,,,,,,,,,,,,,,,,,,,,,,
465,5.866263132348459e-06,5.866263132348459e-05,1.0,25.84382423194679,5.869481267155828,35.98562539590372,3.758398932379645,3.758398932379645,3.758398932379645,0.0,0.0,0.32015027226628484,2.2638712702570736,0.12706726950568123,2.134527670370566,0.057719733263995196,0.02076428323178678,0.0,1.468677211452175,0.0,0.0,0.0,0.0,0.0,0.0,0.0,0.0,3.8116183280944824,2.6037380695343018,0.4998939335346222,2.210487127304077,5.143802642822266,0.9999076724052429,0.41558271646499634,0.25,4.0,0.3147915005683899,0.2568572759628296,0.0017206477732793523,0.00020242914979757084,21.609416961669922,21.60060691833496,0.0004076946338065439,,0.23896154761314392,0.6935812830924988,,0.06264682114124298,,,,,,,0.22981971502304077,0.7118064761161804,,0.05837380886077881,,,,,,116.84764916556222,173.963962636505,0.3309925310093096,70.0542851123181,116.8476458106765,178.36822433541215,233.54304998428023,284.09601778555367,49.36493028913225,100.99132389985314,171.58340984842053,0.8369758891377358,0.7422491155289779,0.09572890926974083,0.12809600140421243,0.0,0.7236941891621715,0.7272119270998171,0.4731890173862424,0.0,0.0,0.0,0.0,0.0,0.6432356132837997,0.8847788648272324,0.9843538162764282,0.9962808251804625,0.38477886482723245,0.1843538162764281,0.046280825180462504,0.21281741233373638,0.0,0.7087912087912088,0.2802197802197802,0.597985347985348,1.6289122998714447,1.6100879504785433,1.5952419659921102,-7.984100341796875,0.00034078091266565025
466,5.85131415447531e-06,5.851314154475309e-05,1.0,23.924354347022803,5.426737604914485,32.59847115181588,3.7503414669552364,3.7503414669552364,3.7503414669552364,0.0,0.0,0.32094372929753484,2.2779196661871834,0.1255535177282385,2.1380355422561235,0.058956597302411054,0.01721785358480505,0.0,1.4625892639160156,0.0,0.0,0.0,0.0,0.0,0.0,0.0,0.0,5.839471817016602,2.226041316986084,0.4998939335346222,1.6020971536636353,4.965624809265137,0.9998021125793457,0.44704288244247437,0.25,4.0,0.317577064037323,0.25787755846977234,0.0013157894736842105,0.00020242914979757084,62.30488586425781,62.05124282836914,0.0040709975208248995,,0.2434929758310318,0.6895240545272827,,0.06261324137449265,,,,,,,0.23388803005218506,0.7072654962539673,,0.05884643644094467,,,,,,,,,,,,,,,,,,,,,,,,,,,,,,,,,,,,,,,,,,,,,,
467,5.8363591213753e-06,5.8363591213753e-05,1.0,22.615277264569258,5.321283701303843,30.11199126372466,3.740928856102196,3.740928856102196,3.740928856102196,0.0,0.0,0.3203056954048775,2.267143455711571,0.1271500200838656,2.128785210686761,0.05930334812886006,0.019850582689852327,0.0,1.4605690208641258,0.0,0.0,0.0,0.0,0.0,0.0,0.0,0.0,9.67453384399414,2.4986813068389893,0.4998939335346222,1.6121021509170532,5.7265729904174805,0.9996238946914673,0.4460424780845642,0.2683403789997101,4.0,0.3161955773830414,0.2656610608100891,0.0,0.0006072874493927126,516.824462890625,516.658935546875,0.00032027768736835196,,0.2426145076751709,0.6849451661109924,,0.06604887545108795,,,,,,,0.23416072130203247,0.7062285542488098,,0.059610724449157715,,,,,,,,,,,,,,,,,,,,,,,,,,,,,,,,,,,,,,,,,,,,,,
468,5.821398183645449e-06,5.821398183645449e-05,1.0,25.83285275021115,5.466716869457348,36.39094832136824,3.754692283836571,3.754692283836571,3.754692283836571,0.0,0.0,0.3222628928519584,2.2466962659681164,0.1282247981509647,2.10760683626742,0.05750541429261904,0.01837026428531956,0.0,1.4600782652158995,0.0,0.0,0.0,0.0,0.0,0.0,0.0,0.0,4.709006309509277,2.661996603012085,0.4998939335346222,2.0324225425720215,5.828125,0.999973714351654,0.45026740431785583,0.30146053433418274,4.0,0.3129219114780426,0.2697483003139496,0.0,0.0003036437246963563,143.04774475097656,143.0348358154297,9.02421465598595e-05,,0.23589244484901428,0.6966750025749207,,0.06151072308421135,,,,,,,0.22777888178825378,0.7147194147109985,,0.05750167742371559,,,,,,,,,,,,,,,,,,,,,,,,,,,,,,,,,,,,,,,,,,,,,,
469,5.806431491942233e-06,5.8064314919422325e-05,1.0,24.84696506809544,5.4432876174514355,34.42583403716216,3.7626400509396114,3.7626400509396114,3.7626400509396114,0.0,0.0,0.32112008172112544,2.2493762454471073,0.12721827223494248,2.1076276624524914,0.05794422046558277,0.018369671460744495,0.0,1.4670763788996517,0.0,0.0,0.0,0.0,0.0,0.0,0.0,0.0,8.040164947509766,2.3896610736846924,0.4998939335346222,1.6944255828857422,5.49161434173584,1.0000003576278687,0.44383031129837036,0.25,3.4934122562408447,0.3192393481731415,0.25175362825393677,0.0004048582995951417,0.0,203.03396606445312,202.90884399414062,0.0006162617651510585,,0.24646323919296265,0.6854333281517029,,0.06503938138484955,,,,,,,0.23736032843589783,0.7020825147628784,,0.06055714190006256,,,,,,,,,,,,,,,,,,,,,,,,,,,,,,,,,,,,,,,,,,,,,,
470,5.791459196980068e-06,5.791459196980068e-05,1.0,24.321056469066722,5.597061982025972,33.197433884079395,3.7778316188502954,3.7778316188502954,3.7778316188502954,0.0,0.0,0.3207600567791913,2.241012160842483,0.126557427483636,2.1053755476668075,0.055942696494025154,0.01871587134696342,0.0,1.4577892406566724,0.0,0.0,0.0,0.0,0.0,0.0,0.0,0.0,7.821229457855225,2.4217758178710938,0.4998939335346222,1.57149338722229,5.572649955749512,1.0000008344650269,0.4731667637825012,0.25,3.87196946144104,0.31584715843200684,0.26974478363990784,0.00020242914979757084,0.0,343.3799743652344,343.0999755859375,0.0008154196522801756,,0.24077239632606506,0.6915127635002136,,0.06323650479316711,,,,,,,0.23282267153263092,0.7082442045211792,,0.05893311649560928,,,,,,110.51754182249636,165.7360133134602,0.30433453023248797,48.18193129654769,110.51754407664411,175.75273827000458,229.66634401699463,279.9870114907668,44.65877314976284,93.5711406737335,168.06313158118206,0.839744093006123,0.703327628263751,0.08259951007254963,0.12885593667638126,0.0,0.6783251818010834,0.6761761707437628,0.4165016753730341,0.0,0.0,0.0,0.0,0.0,0.635241689134753,0.895075299549302,0.9838225055879227,0.995914404015976,0.395075299549302,0.18382250558792268,0.04591440401597602,0.20503096258839912,0.0,0.6538461538461539,0.34065934065934067,0.5842490842490842,1.6173287273108303,1.597634562260502,1.582235431441894,-7.984570503234863,0.00034062075428664684
471,5.776481449529803e-06,5.776481449529803e-05,1.0,24.73943431957348,5.488971194705448,34.1874340160473,3.7465597616659627,3.7465597616659627,3.7465597616659627,0.0,0.0,0.3211910144702808,2.258471102327914,0.12552823247136297,2.1227466480152026,0.059171309342255465,0.021568092139991554,0.0,1.449189263421136,0.0,0.0,0.0,0.0,0.0,0.0,0.0,0.0,7.311582565307617,2.3156533241271973,0.4998939335346222,1.478987216949463,5.337752342224121,0.999758243560791,0.48390495777130127,0.25,4.0,0.32234638929367065,0.26585736870765686,0.0005060728744939271,0.0003036437246963563,159.27166748046875,158.82955932617188,0.0027758116763051412,,0.2526475489139557,0.6757352948188782,,0.06659291684627533,,,,,,,0.2424105405807495,0.6968487501144409,,0.06074071675539017,,,,,,,,,,,,,,,,,,,,,,,,,,,,,,,,,,,,,,,,,,,,,,
472,5.761498400417187e-06,5.761498400417187e-05,1.0,24.95604643950591,5.522658889358108,34.577818174619935,3.7466447160050675,3.7466447160050675,3.7466447160050675,0.0,0.0,0.32065022958291545,2.2810060655748523,0.12606681359780803,2.126438450168919,0.05893015217136692,0.01991762824960657,0.0,1.4456727311417863,0.0,0.0,0.0,0.0,0.0,0.0,0.0,0.0,3.245271682739258,2.947111129760742,0.4998939335346222,2.334169864654541,6.2532734870910645,0.9999953508377075,0.40034806728363037,0.25,4.0,0.3147770166397095,0.24892252683639526,0.0009109311740890688,0.00010121457489878542,36.99359893798828,36.826316833496094,0.004521920259031828,,0.2395114302635193,0.6905221939086914,,0.06554514169692993,,,,,,,0.23105967044830322,0.706940233707428,,0.0620000958442688,,,,,,,,,,,,,,,,,,,,,,,,,,,,,,,,,,,,,,,,,,,,,,
473,5.746510200521354e-06,5.746510200521355e-05,1.0,25.185510583826012,5.4717130918760555,35.168899123733105,3.702867250184755,3.702867250184755,3.702867250184755,0.0,0.0,0.32010807862152924,2.2908554077148438,0.12727710363027211,2.1346400492900126,0.05920761340373271,0.021799135852504422,0.0,1.4316745448756862,0.0,0.0,0.0,0.0,0.0,0.0,0.0,0.0,9.826973915100098,2.553682327270508,0.4998939335346222,1.6009242534637451,6.167761325836182,0.9998414516448975,0.46091341972351074,0.26646536588668823,4.0,0.3228187561035156,0.26174482703208923,0.0,0.0004048582995951417,326.86627197265625,326.9715270996094,-0.0003220128106760738,,0.25426679849624634,0.6708316802978516,,0.06925828754901886,,,,,,,0.24439777433872223,0.6915394067764282,,0.06406282633543015,,,,,,,,,,,,,,,,,,,,,,,,,,,,,,,,,,,,,,,,,,,,,,
474,5.7315170007733164e-06,5.731517000773317e-05,1.0,25.92005054370777,5.610669522672086,36.37009079391892,3.764173765440245,3.764173765440245,3.764173765440245,0.0,0.0,0.3222156215358425,2.285150682603991,0.12653334076340134,2.1506566228093327,0.05947617582372717,0.02062841847136214,0.0,1.434820845320418,0.0,0.0,0.0,0.0,0.0,0.0,0.0,0.0,6.894758224487305,2.3407795429229736,0.4998939335346222,1.783998966217041,4.94191837310791,1.0000026226043701,0.40464532375335693,0.25,3.9324355125427246,0.31814002990722656,0.2416541874408722,0.0009109311740890688,0.0,393.12518310546875,393.07452392578125,0.00012886271819912643,,0.24481086432933807,0.6860352158546448,,0.06697554141283035,,,,,,,0.23590445518493652,0.7010719776153564,,0.06302356719970703,,,,,,,,,,,,,,,,,,,,,,,,,,,,,,,,,,,,,,,,,,,,,,
475,5.716518952154427e-06,5.716518952154427e-05,1.0,24.78203520903716,5.528815604544975,34.164857606630065,3.7750846244193412,3.7750846244193412,3.7750846244193412,0.0,0.0,0.3220869528280722,2.2795626666094804,0.1264422777536753,2.1404505549250423,0.05670064204447978,0.017900929257676407,0.0,1.42781840143977,0.0,0.0,0.0,0.0,0.0,0.0,0.0,0.0,11.308528900146484,2.2167139053344727,0.4998939335346222,1.350419521331787,5.343487739562988,0.9997872710227966,0.43587255477905273,0.2837356626987457,4.0,0.31870004534721375,0.24711430072784424,0.0,0.0003036437246963563,792.9979248046875,792.3401489257812,0.0008294799498602192,,0.2462785243988037,0.6826805472373962,,0.06770987063646317,,,,,,,0.2396431565284729,0.6978234052658081,,0.062533438205719,,,,,,113.55634240789728,164.81857816606797,0.32987203142826244,63.3123041509272,113.5563440564734,175.3590924741574,232.33605484516573,283.35689673711977,54.22862570626395,100.33573884002922,159.659644085428,0.8283513712892109,0.7306847658436911,0.08823687270334457,0.1118515847355518,0.0,0.7136600954077825,0.7126181737740067,0.44797765682978635,0.0,0.0,0.0,0.0,0.0,0.6409496294619322,0.8904400718185482,0.9840790004030633,0.9963357883551354,0.39044007181854823,0.18407900040306324,0.04633578835513541,0.21032574841522847,0.0,0.6758241758241759,0.3076923076923077,0.608974358974359,1.6257929742991268,1.607163933770997,1.592772942650449,-7.983608245849609,0.0003409486380405724
476,5.701516205694867e-06,5.7015162056948666e-05,1.0,25.33421366923564,5.561217024519637,35.180723448057435,3.802522813951647,3.802522813951647,3.802522813951647,0.0,0.0,0.32173100033321894,2.2698578705658785,0.12777199616303314,2.1466344884923987,0.05833883543272276,0.023985228023013554,0.0,1.4202392165725295,0.0,0.0,0.0,0.0,0.0,0.0,0.0,0.0,7.668184280395508,2.758596181869507,0.4998939335346222,2.1015515327453613,6.167761325836182,0.9998021125793457,0.4254927933216095,0.2664572298526764,4.0,0.31766968965530396,0.2505970001220703,0.0,0.0005060728744939271,268.67181396484375,268.53631591796875,0.0005043254998558583,,0.2459230124950409,0.6780382394790649,,0.07002948969602585,,,,,,,0.23799389600753784,0.6972761750221252,,0.06472992897033691,,,,,,,,,,,,,,,,,,,,,,,,,,,,,,,,,,,,,,,,,,,,,,
477,5.686508912472132e-06,5.6865089124721314e-05,1.0,24.48758841849662,5.475652333852407,33.712610193201016,3.733640516126478,3.733640516126478,3.733640516126478,0.0,0.0,0.32059056050068624,2.2795424590239652,0.1274541390908731,2.1388283806878166,0.057784769986126874,0.0220711392325324,0.0,1.4179154473382074,0.0,0.0,0.0,0.0,0.0,0.0,0.0,0.0,6.323992729187012,3.0647428035736084,0.4998939335346222,2.478652000427246,6.571962833404541,0.9997074007987976,0.4403935670852661,0.25,4.0,0.31797268986701965,0.2551209330558777,0.0005060728744939271,0.0004048582995951417,224.53738403320312,223.9964141845703,0.0024092640562375905,,0.2466156780719757,0.6765594482421875,,0.07087240368127823,,,,,,,0.23736661672592163,0.6968241333961487,,0.0658092349767685,,,,,,,,,,,,,,,,,,,,,,,,,,,,,,,,,,,,,,,,,,,,,,
478,5.6714972236094915e-06,5.671497223609491e-05,1.0,26.489226470122468,5.666752170872044,37.368022197001686,3.8217690957559123,3.8217690957559123,3.8217690957559123,0.0,0.0,0.3216372567254144,2.246017043654983,0.125554574502481,2.1253406421558276,0.05762886356663059,0.01783039602073463,0.0,1.418774682122308,0.0,0.0,0.0,0.0,0.0,0.0,0.0,0.0,6.98974084854126,2.773542642593384,0.4998939335346222,1.9398249387741089,6.438559055328369,0.9993626475334167,0.4347127377986908,0.2929742932319641,4.0,0.3124627470970154,0.25923842191696167,0.0,0.0010121457489878543,267.0305480957031,266.31121826171875,0.0026938110231739063,,0.23702140152454376,0.6879176497459412,,0.06800952553749084,,,,,,,0.22973477840423584,0.7066872119903564,,0.0635780394077301,,,,,,,,,,,,,,,,,,,,,,,,,,,,,,,,,,,,,,,,,,,,,,
479,5.656481290274489e-06,5.656481290274489e-05,1.0,26.585228172508447,5.638054100242821,37.66013975401182,3.784230000263936,3.784230000263936,3.784230000263936,0.0,0.0,0.321417421907992,2.255880613584776,0.12742574794872388,2.1182855142129435,0.060192829853779564,0.02042831279136039,0.0,1.4090795774717588,0.0,0.0,0.0,0.0,0.0,0.0,0.0,0.0,10.844849586486816,2.980762004852295,0.4998939335346222,1.7848702669143677,7.403501987457275,0.9998675584793091,0.3899451196193695,0.27435436844825745,4.0,0.31715893745422363,0.2417178750038147,0.0,0.0004048582995951417,708.1334838867188,708.1201171875,1.887595986195209e-05,,0.24574995040893555,0.675487756729126,,0.07226167619228363,,,,,,,0.23973223567008972,0.6935649514198303,,0.06670281291007996,,,,,,,,,,,,,,,,,,,,,,,,,,,,,,,,,,,,,,,,,,,,,,
480,5.641461263677408e-06,5.641461263677408e-05,1.0,24.882251636402028,5.54597638104413,34.37977723817568,3.764347385715794,3.764347385715794,3.764347385715794,0.0,0.0,0.32162019368764516,2.262283737595017,0.12515110582918734,2.1304249119114234,0.059289300763929215,0.02315114962088095,0.0,1.400796838708826,0.0,0.0,0.0,0.0,0.0,0.0,0.0,0.0,4.716400623321533,3.0311079025268555,0.4998939335346222,2.2338151931762695,6.8739190101623535,0.9999865293502808,0.48108091950416565,0.25,4.0,0.31832006573677063,0.2696475088596344,0.0005060728744939271,0.00020242914979757084,52.29767990112305,52.099090576171875,0.003797287476741532,,0.2475283294916153,0.6745251417160034,,0.07106898725032806,,,,,,,0.23532772064208984,0.6991074085235596,,0.06556488573551178,,,,,,116.94971210353977,176.6520244790874,0.3274899122857748,69.8071649153154,116.94971214249766,179.49883385866016,234.80793215165247,285.7896901861078,44.58241925920759,101.5924986018691,171.02909453018853,0.8355638955808566,0.731655701450592,0.09316946137581661,0.11324224825969442,0.0,0.7126261064963496,0.7145203533776592,0.46386465764971224,0.0,0.0,0.0,0.0,0.0,0.640933272154674,0.8870323549888242,0.9847385584991389,0.9963541094133597,0.38703235498882416,0.1847385584991389,0.04635410941335971,0.21483272873841194,0.0,0.6758241758241759,0.2967032967032967,0.5778388278388279,1.6449659034446045,1.6259412054832165,1.611388692489037,-7.984133243560791,0.0003407697076909244
481,5.626437295069746e-06,5.6264372950697454e-05,1.0,24.51580150707348,5.467768901103252,33.77023397909628,3.7424365894214526,3.7424365894214526,3.7424365894214526,0.0,0.0,0.32130066124168605,2.251741770151499,0.12592853082192912,2.138979318979624,0.0591182837615142,0.022672804626258643,0.0,1.400271750785209,0.0,0.0,0.0,0.0,0.0,0.0,0.0,0.0,8.62177848815918,2.2140109539031982,0.4998939335346222,1.4162640571594238,5.005056858062744,0.9996758699417114,0.37429237365722656,0.25,4.0,0.31490275263786316,0.23706620931625366,0.0004048582995951417,0.000708502024291498,353.3140869140625,353.3172302246094,-8.896646534332937e-06,,0.2403673231601715,0.6872501969337463,,0.06695190817117691,,,,,,,0.23535126447677612,0.7011260986328125,,0.06352268904447556,,,,,,,,,,,,,,,,,,,,,,,,,,,,,,,,,,,,,,,,,,,,,,
482,5.611409535742702e-06,5.6114095357427024e-05,1.0,25.397838695629222,5.47723759831609,35.49919829497466,3.760502170872044,3.760502170872044,3.760502170872044,0.0,0.0,0.32042297157081395,2.25567441373258,0.12659532959396774,2.1095395474820524,0.05891515757586505,0.020960901234600995,0.0,1.4120540103396855,0.0,0.0,0.0,0.0,0.0,0.0,0.0,0.0,4.117305278778076,3.187466859817505,0.4998939335346222,2.5097079277038574,6.9896697998046875,1.0,0.37815237045288086,0.25655174255371094,3.5100419521331787,0.3093526065349579,0.24886758625507355,0.0,0.0,107.4435806274414,107.37249755859375,0.0006615850703462263,,0.23180684447288513,0.6931023001670837,,0.06808355450630188,,,,,,,0.2256334125995636,0.7104065418243408,,0.06396006792783737,,,,,,,,,,,,,,,,,,,,,,,,,,,,,,,,,,,,,,,,,,,,,,
483,5.596378137025647e-06,5.5963781370256474e-05,1.0,24.817549421980573,5.487175193992821,34.3583423511402,3.7449258340371623,3.7449258340371623,3.7449258340371623,0.0,0.0,0.32048220247835724,2.2585814192488387,0.12628497304143133,2.115719769452069,0.05751759297138936,0.018862619593336776,0.0,1.4109850703059017,0.0,0.0,0.0,0.0,0.0,0.0,0.0,0.0,9.708477020263672,2.6567015647888184,0.4998939335346222,1.7748757600784302,6.432274341583252,0.9998974204063416,0.474422425031662,0.25,4.0,0.32108360528945923,0.26879116892814636,0.000708502024291498,0.0006072874493927126,322.9460754394531,322.87945556640625,0.00020628791650810784,,0.25209328532218933,0.6704837679862976,,0.06975143402814865,,,,,,,0.24105370044708252,0.6943614482879639,,0.06458486616611481,,,,,,,,,,,,,,,,,,,,,,,,,,,,,,,,,,,,,,,,,,,,,,
484,5.581343250284596e-06,5.581343250284595e-05,1.0,24.171599516997468,5.416533599028716,33.221033044763516,3.6846548544394,3.6846548544394,3.6846548544394,0.0,0.0,0.32110366305789434,2.29540830045133,0.12688528524862752,2.1583373611037797,0.06237238806647223,0.020001973654772784,0.0,1.3997073817897487,0.0,0.0,0.0,0.0,0.0,0.0,0.0,0.0,5.794039249420166,2.8596832752227783,0.4998939335346222,2.308666229248047,5.949459552764893,0.9999802112579346,0.385061651468277,0.25409018993377686,4.0,0.3113067150115967,0.24820002913475037,0.0,0.00020242914979757084,192.5885467529297,192.73699951171875,-0.0007708285943894232,,0.2343072146177292,0.6932157278060913,,0.06777561455965042,,,,,,,0.2284662127494812,0.70689457654953,,0.06463924050331116,,,,,,,,,,,,,,,,,,,,,,,,,,,,,,,,,,,,,,,,,,,,,,
485,5.566305026920694e-06,5.566305026920694e-05,1.0,25.467511151288008,5.685086636929898,35.375072582347975,3.781541566591005,3.781541566591005,3.781541566591005,0.0,0.0,0.32028391554548935,2.2746452125343115,0.12650275874782252,2.1276923514701225,0.05783010817862846,0.02122129620732488,0.0,1.4106023633802258,0.0,0.0,0.0,0.0,0.0,0.0,0.0,0.0,3.9072980880737305,2.895784616470337,0.4998939335346222,2.2354519367218018,6.290021896362305,0.9999659061431885,0.4240570664405823,0.2524142265319824,4.0,0.31268876791000366,0.25315621495246887,0.0,0.00010121457489878542,100.54440307617188,100.41595458984375,0.0012775299509293733,,0.237213596701622,0.6877185106277466,,0.07085089385509491,,,,,,,0.22709710896015167,0.7076140642166138,,0.06528879702091217,,,,,,135.42267830817255,203.07804239023457,0.35760658336996864,94.31327639569292,135.4226787413999,190.75171940638626,245.5861426383713,294.17306247605376,38.35573359898159,112.6061791708303,214.1791348664657,0.8462599138958158,0.7548039455944863,0.09982106105188629,0.10498933986851818,0.0,0.7365995924915055,0.7470896059536595,0.48314792518148464,0.0,0.0,0.0,0.0,0.0,0.6473540689616439,0.8788428419625518,0.9848118427320363,0.9967754937525192,0.3788428419625518,0.1848118427320362,0.046775493752519215,0.21897328789710893,0.0,0.7472527472527473,0.23076923076923078,0.5439560439560439,1.700967510650446,1.68266720529441,1.6685369447037415,-7.983985900878906,0.00034081991179846227
486,5.551263618368682e-06,5.551263618368682e-05,1.0,24.1831615551098,5.3007049560546875,33.318448453336146,3.710233533704603,3.710233533704603,3.710233533704603,0.0,0.0,0.3198600717493006,2.2951948836043075,0.1282020517297693,2.1437549075564823,0.05904340744018555,0.02236173442892126,0.0,1.398730200690192,0.0,0.0,0.0,0.0,0.0,0.0,0.0,0.0,7.898941993713379,2.525566339492798,0.4998939335346222,1.7023036479949951,5.57755184173584,0.998262345790863,0.45077693462371826,0.28629404306411743,4.0,0.3141705095767975,0.26105746626853943,0.0,0.002226720647773279,303.18377685546875,303.114501953125,0.00022849145512417757,,0.24230888485908508,0.6744651198387146,,0.0691249892115593,,,,,,,0.23465237021446228,0.7003084421157837,,0.06503915786743164,,,,,,,,,,,,,,,,,,,,,,,,,,,,,,,,,,,,,,,,,,,,,,
487,5.536219176095379e-06,5.5362191760953785e-05,1.0,25.11897236592061,5.4475419328019425,35.00216757284628,3.7307516561972127,3.7307516561972127,3.7307516561972127,0.0,0.0,0.31999737507588155,2.2844685734929264,0.12838044037690033,2.145487811114337,0.06016363324345769,0.02620332788776707,0.0,1.4104174021128062,0.0,0.0,0.0,0.0,0.0,0.0,0.0,0.0,6.123429775238037,2.826251268386841,0.4998939335346222,1.9979841709136963,6.36976432800293,0.9989771842956543,0.46430712938308716,0.2695389688014984,4.0,0.3118610680103302,0.2736239433288574,0.0,0.0012145748987854252,256.0147399902344,255.40521240234375,0.0023808300565579753,,0.23730166256427765,0.6834731101989746,,0.06775644421577454,,,,,,,0.22856488823890686,0.7074297666549683,,0.06400536745786667,,,,,,,,,,,,,,,,,,,,,,,,,,,,,,,,,,,,,,,,,,,,,,
488,5.5211718515981495e-06,5.521171851598149e-05,1.0,23.471099028716218,5.506148467192778,31.67861526076858,3.7188943398965373,3.7188943398965373,3.7188943398965373,0.0,0.0,0.3197235158971838,2.286104563120249,0.12705346700307485,2.1339851585594385,0.058646376068527635,0.021250623303490715,0.0,1.4145727415342588,0.0,0.0,0.0,0.0,0.0,0.0,0.0,0.0,4.880938529968262,3.095787286758423,0.4998939335346222,2.3216664791107178,6.853809833526611,0.9986886382102966,0.4650445282459259,0.26249444484710693,4.0,0.3091517686843872,0.27821680903434753,0.0,0.0018218623481781376,149.80252075195312,149.72216796875,0.0005363913958175324,,0.2336314171552658,0.6840893626213074,,0.06862349063158035,,,,,,,0.22499094903469086,0.7110050916671753,,0.06400395184755325,,,,,,,,,,,,,,,,,,,,,,,,,,,,,,,,,,,,,,,,,,,,,,
489,5.506121796403385e-06,5.506121796403384e-05,1.0,24.29282028610642,5.481555835620777,33.295713682432435,3.751190185546875,3.751190185546875,3.751190185546875,0.0,0.0,0.31953770405537374,2.26418737463049,0.1273681150900351,2.118033950393264,0.05968736957859348,0.02298897343712884,0.0,1.4150594762853674,0.0,0.0,0.0,0.0,0.0,0.0,0.0,0.0,1.9178975820541382,3.526503086090088,0.4998939335346222,2.717618465423584,7.638514518737793,0.9999027252197266,0.42154157161712646,0.2573343515396118,4.0,0.3055482804775238,0.2652240991592407,0.0,0.0004048582995951417,1.9493622779846191,1.8250300884246826,0.0637809559383079,,0.22581905126571655,0.6976163983345032,,0.06890533119440079,,,,,,,0.2166309356689453,0.7193857431411743,,0.06398331373929977,,,,,,,,,,,,,,,,,,,,,,,,,,,,,,,,,,,,,,,,,,,,,,
490,5.491069162064973e-06,5.491069162064972e-05,1.0,26.565461029877532,5.73193359375,37.62194494298986,3.7389270679370776,3.7389270679370776,3.7389270679370776,0.0,0.0,0.32010470209894953,2.24791820629223,0.12772112923699455,2.1176902152396537,0.058643212189545504,0.021444341620883427,0.0,1.422272759514886,0.0,0.0,0.0,0.0,0.0,0.0,0.0,0.0,2.6348087787628174,3.403221368789673,0.4998939335346222,2.6115944385528564,7.338717460632324,0.9999474883079529,0.437771737575531,0.25,4.0,0.3095400929450989,0.2695693075656891,0.0004048582995951417,0.00020242914979757084,3.5786685943603516,3.3215932846069336,0.07183546142231352,,0.23234650492668152,0.6921721696853638,,0.0664948895573616,,,,,,,0.2218676060438156,0.7149041891098022,,0.06322819739580154,,,,,,137.22771525120996,201.32427561064574,0.37438973869729525,96.17111344389863,137.22771341516264,190.71443148044372,245.10154872194235,295.40094562221947,49.536956787109375,117.39675779120867,206.18486354662025,0.8438133658670401,0.7431451344783416,0.0978220931054505,0.10197344717306557,0.0,0.7242276198409325,0.7331305841234192,0.46450596296474855,0.0,0.0,0.0,0.0,0.0,0.6443598714766386,0.8822322377340516,0.9850133743725038,0.9966655674031732,0.38223223773405157,0.18501337437250376,0.04666556740317329,0.21534571836869298,0.0,0.7472527472527473,0.23076923076923078,0.5375457875457875,1.7021763354212374,1.6849733394580884,1.6712749575848107,-7.983386993408203,0.0003410240460652858
491,5.476014100162777e-06,5.476014100162778e-05,1.0,24.91531784470017,5.400577029666385,34.663933831292226,3.740648836702914,3.740648836702914,3.740648836702914,0.0,0.0,0.3212425644333298,2.2316785245328337,0.1267967095246186,2.1067078049118453,0.0564300047384726,0.01591665035969502,0.0,1.4167030953072213,0.0,0.0,0.0,0.0,0.0,0.0,0.0,0.0,3.7977938652038574,3.3957860469818115,0.4998939335346222,2.681370735168457,7.189749240875244,1.0,0.4503059685230255,0.2629217803478241,3.5529770851135254,0.3115762174129486,0.26647868752479553,0.0,0.0,52.55660629272461,52.31775665283203,0.004544616875797819,,0.23550882935523987,0.6892048120498657,,0.0694199874997139,,,,,,,0.22402146458625793,0.7121031880378723,,0.06387536972761154,,,,,,,,,,,,,,,,,,,,,,,,,,,,,,,,,,,,,,,,,,,,,,
492,5.460956762301099e-06,5.460956762301099e-05,1.0,24.82056983741554,5.528931076462205,34.307353251689186,3.7505447800095015,3.7505447800095015,3.7505447800095015,0.0,0.0,0.32073871509448904,2.258534199482686,0.12659986599071607,2.1153688173036316,0.05945817199913231,0.02217644453048706,0.0,1.4202374638737858,0.0,0.0,0.0,0.0,0.0,0.0,0.0,0.0,6.62315034866333,2.877178430557251,0.4998939335346222,1.96941077709198,6.761401653289795,0.9998875260353088,0.4353027939796448,0.25,4.0,0.31309130787849426,0.2622089087963104,0.0003036437246963563,0.00020242914979757084,273.274658203125,273.1810607910156,0.00034250307995922573,,0.23869071900844574,0.6839113235473633,,0.06950892508029938,,,,,,,0.2290230393409729,0.7063640356063843,,0.06461295485496521,,,,,,,,,,,,,,,,,,,,,,,,,,,,,,,,,,,,,,,,,,,,,,
493,5.445897300107171e-06,5.44589730010717e-05,1.0,26.02147777660473,5.549633541622677,36.71653623838682,3.7257772909628377,3.7257772909628377,3.7257772909628377,0.0,0.0,0.3219504485259185,2.2698937493401603,0.1264316584612872,2.150074726826436,0.062095042821523304,0.020650628450754528,0.0,1.4171034323202598,0.0,0.0,0.0,0.0,0.0,0.0,0.0,0.0,3.349872350692749,3.074641704559326,0.4998939335346222,2.392441749572754,6.591886043548584,0.9999860525131226,0.4681330621242523,0.26904013752937317,4.0,0.3107156753540039,0.27526041865348816,0.0,0.00010121457489878542,27.633689880371094,27.186464309692383,0.01618406997454171,,0.23467640578746796,0.688004732131958,,0.06956659257411957,,,,,,,0.22135810554027557,0.7156000733375549,,0.06304183602333069,,,,,,,,,,,,,,,,,,,,,,,,,,,,,,,,,,,,,,,,,,,,,,
494,5.430835865229603e-06,5.430835865229603e-05,1.0,24.709685454497468,5.580976331556165,34.081750818201016,3.7187141212257178,3.7187141212257178,3.7187141212257178,0.0,0.0,0.31836806116877375,2.280623771048881,0.12659050967242266,2.1347546964078337,0.06046246837925266,0.023885863858300285,0.0,1.4175378954088367,0.0,0.0,0.0,0.0,0.0,0.0,0.0,0.0,5.879282474517822,3.1127617359161377,0.4998939335346222,2.2546355724334717,7.141463279724121,0.9999955296516418,0.43991726636886597,0.28632599115371704,4.0,0.30891701579093933,0.2683458626270294,0.0,0.00010121457489878542,273.8619384765625,273.6596984863281,0.0007384742522432813,,0.23147326707839966,0.6919599175453186,,0.0688927099108696,,,,,,,0.2226973921060562,0.7134974002838135,,0.06380514800548553,,,,,,,,,,,,,,,,,,,,,,,,,,,,,,,,,,,,,,,,,,,,,,
495,5.415772609336881e-06,5.415772609336881e-05,1.0,26.225269214527028,5.661981118691934,36.96704431482264,3.7543413316881336,3.7543413316881336,3.7543413316881336,0.0,0.0,0.31934534536825643,2.266685073440139,0.12702711208446607,2.128090729584565,0.0619162739934148,0.022216313594096416,0.0,1.4159338667586043,0.0,0.0,0.0,0.0,0.0,0.0,0.0,0.0,6.023179531097412,2.5884180068969727,0.4998939335346222,1.629910945892334,5.812206745147705,0.9999537467956543,0.4827991724014282,0.25,4.0,0.3132299482822418,0.2706318795681,0.000708502024291498,0.0006072874493927126,115.76769256591797,114.79922485351562,0.008365612986981661,,0.2386922836303711,0.6843464374542236,,0.0709741860628128,,,,,,,0.22714465856552124,0.7085511088371277,,0.06430424749851227,,,,,,104.74568763146034,155.76812977887226,0.2928009051651526,35.41069550566621,104.74568894739595,171.5453685374463,227.17325721968894,277.70804496694024,44.0272707257952,89.95191393711771,155.47233382515284,0.831474526679532,0.6723412083651357,0.07871275912744762,0.10812049454924638,0.0,0.6452671846726701,0.6459796577468624,0.3869847271350831,0.0,0.0,0.0,0.0,0.0,0.6337171290976814,0.8991242534168774,0.9831629474918472,0.9955846249679382,0.3991242534168774,0.18316294749184714,0.04558462496793825,0.19887508702502657,0.0,0.6208791208791209,0.3626373626373626,0.5787545787545788,1.5998405468660397,1.5795444670941803,1.5643697417044378,-7.984328746795654,0.0003407031181268394
496,5.400707684115823e-06,5.400707684115822e-05,1.0,25.288183263830238,5.487137253220017,35.22431244721284,3.785926612647804,3.785926612647804,3.785926612647804,0.0,0.0,0.32097514900001317,2.2448802638698266,0.12760643056921056,2.1071762909760348,0.058689342962728965,0.018099543210622425,0.0,1.416245950234903,0.0,0.0,0.0,0.0,0.0,0.0,0.0,0.0,3.9441373348236084,3.5401899814605713,0.4998939335346222,2.655961275100708,7.819656848907471,1.0000693798065186,0.48577550053596497,0.25,3.7399675846099854,0.3140834867954254,0.2726116478443146,0.002631578947368421,0.0,47.69449234008789,47.366966247558594,0.0068671680200274735,,0.2411956489086151,0.6775622963905334,,0.07454250752925873,,,,,,,0.22498498857021332,0.7094144821166992,,0.06560052186250687,,,,,,,,,,,,,,,,,,,,,,,,,,,,,,,,,,,,,,,,,,,,,,
497,5.3856412412700575e-06,5.3856412412700575e-05,1.0,24.159474965688343,5.492057594093117,33.0795238597973,3.7164723164326436,3.7164723164326436,3.7164723164326436,0.0,0.0,0.32159310418206294,2.27574838174356,0.12663251000481682,2.1222837293470227,0.060159934533608926,0.02179510206789584,0.0,1.4159420116527661,0.0,0.0,0.0,0.0,0.0,0.0,0.0,0.0,7.0593085289001465,2.7783775329589844,0.4998939335346222,1.905093789100647,6.283882141113281,0.9997100830078125,0.41550859808921814,0.28071385622024536,4.0,0.3064224421977997,0.2615589499473572,0.0,0.000708502024291498,372.79681396484375,372.6138000488281,0.0004909213522218673,,0.2266986221075058,0.6989983916282654,,0.06734096258878708,,,,,,,0.22024860978126526,0.7162442207336426,,0.06350719183683395,,,,,,,,,,,,,,,,,,,,,,,,,,,,,,,,,,,,,,,,,,,,,,
498,5.3705734325185e-06,5.3705734325185e-05,1.0,25.94530425200591,5.777200234902872,36.31736631651182,3.739818676097973,3.739818676097973,3.739818676097973,0.0,0.0,0.32119271561906143,2.271687275654561,0.12598423055700353,2.1353324683936865,0.05919109164057551,0.02349020983721759,0.0,1.409643843367293,0.0,0.0,0.0,0.0,0.0,0.0,0.0,0.0,6.476700782775879,2.5127127170562744,0.4998939335346222,1.7135618925094604,5.908353805541992,1.0,0.41303354501724243,0.29382002353668213,3.7703588008880615,0.30957022309303284,0.2562031149864197,0.0,0.0,224.4748992919922,224.462158203125,5.675952593084433e-05,,0.23090746998786926,0.6985810399055481,,0.06604894995689392,,,,,,,0.2243385910987854,0.712031364440918,,0.06362999975681305,,,,,,,,,,,,,,,,,,,,,,,,,,,,,,,,,,,,,,,,,,,,,,
499,5.355504409593816e-06,5.3555044095938155e-05,1.0,24.64598289695946,5.499569454708615,33.93114904455236,3.7782605145428634,3.7782605145428634,3.7782605145428634,0.0,0.0,0.32154588441591003,2.25559832598712,0.12674160261411924,2.127360163508235,0.05763388968802787,0.01806160243781837,0.0,1.416010263803843,0.0,0.0,0.0,0.0,0.0,0.0,0.0,0.0,9.460411071777344,2.485532760620117,0.4998939335346222,1.3819372653961182,6.426621437072754,0.9997791647911072,0.37973544001579285,0.2749760150909424,4.0,0.30741041898727417,0.24133723974227905,0.0,0.0004048582995951417,411.103271484375,410.83734130859375,0.0006468695197220228,,0.2283981442451477,0.6966890692710876,,0.0695151686668396,,,,,,,0.22446675598621368,0.7103701233863831,,0.06516315042972565,,,,,,,,,,,,,,,,,,,,,,,,,,,,,,,,,,,,,,,,,,,,,,
500,5.340434324240896e-06,5.340434324240896e-05,1.0,25.05529620196368,5.454674798089105,34.848395270270274,3.74760931891364,3.74760931891364,3.74760931891364,0.0,0.0,0.32222969467575485,2.2525451247756547,0.125959215937434,2.1371484704919763,0.0602563780707282,0.024634986310391814,0.0,1.4135093688964844,0.0,0.0,0.0,0.0,0.0,0.0,0.0,0.0,7.683835506439209,2.4166390895843506,0.4998939335346222,1.5529954433441162,5.737768650054932,1.0000020265579224,0.4004391133785248,0.25,3.564995765686035,0.31147855520248413,0.24805746972560883,0.0004048582995951417,0.0,241.3157501220703,241.263671875,0.00021580956503654882,,0.23445551097393036,0.6935915946960449,,0.06747345626354218,,,,,,,0.22736115753650665,0.7083133459091187,,0.06432551890611649,,,,,,116.05608317616222,177.8054891431513,0.311671235209013,59.52523124610985,116.0560852749373,179.60195747638193,235.57439940937448,285.3331497402557,39.012750898088726,97.37817850038986,180.15940989618716,0.8390669407867903,0.7039506471289599,0.08436184503695304,0.09407098484936333,0.0,0.6800711016255079,0.6871824452010254,0.43449197406062545,0.0,0.0,0.0,0.0,0.0,0.6393972846580789,0.8925469935143454,0.9845919900333443,0.9960243303653219,0.3925469935143454,0.18459199003334426,0.04602433036532194,0.21082041698728518,0.0,0.7032967032967034,0.2857142857142857,0.5421245421245421,1.6417544204127656,1.622402555012441,1.608025999023364,-7.984063148498535,0.00034079357283189893
501,5.3253633282153385e-06,5.325363328215338e-05,1.0,25.93385933540963,5.522411037135768,36.51540725295608,3.7654402449324325,3.7654402449324325,3.7654402449324325,0.0,0.0,0.32207741608490814,2.2469474173880912,0.1266107816953917,2.1172058517868453,0.05828981141786318,0.021062965328628953,0.0,1.413571125752217,0.0,0.0,0.0,0.0,0.0,0.0,0.0,0.0,5.306254863739014,2.7778165340423584,0.4998939335346222,1.9887373447418213,6.264889240264893,0.9997067451477051,0.41670435667037964,0.28151872754096985,4.0,0.3031264543533325,0.2633436620235443,0.0,0.0004048582995951417,200.5922088623047,200.55555725097656,0.00018271702343775615,,0.2211674302816391,0.7048336863517761,,0.06595328450202942,,,,,,,0.2146317958831787,0.7225366830825806,,0.06283155083656311,,,,,,,,,,,,,,,,,,,,,,,,,,,,,,,,,,,,,,,,,,,,,,
502,5.310291573281901e-06,5.3102915732819e-05,1.0,26.126677641997468,5.369145986196157,37.21828811233108,3.6776419974662162,3.6776419974662162,3.6776419974662162,0.0,0.0,0.32109046626735377,2.2747050104914486,0.12825605031606313,2.1226295264991553,0.057547711037300726,0.01950402356482841,0.0,1.4156605488545186,0.0,0.0,0.0,0.0,0.0,0.0,0.0,0.0,5.816598415374756,2.807793378829956,0.4998939335346222,1.8487355709075928,6.228288650512695,0.9999978542327881,0.4400317966938019,0.25,4.0,0.3119412064552307,0.2648620307445526,0.0005060728744939271,0.00010121457489878542,65.76588439941406,65.65036010742188,0.0017565990794038003,,0.236293762922287,0.687829315662384,,0.0695408433675766,,,,,,,0.22576040029525757,0.7094771265983582,,0.06476248800754547,,,,,,,,,,,,,,,,,,,,,,,,,,,,,,,,,,,,,,,,,,,,,,
503,5.29521921121299e-06,5.295219211212989e-05,1.0,24.761268409522803,5.508539973078547,34.23779626794764,3.736531025654561,3.736531025654561,3.736531025654561,0.0,0.0,0.32141517948459936,2.263064410235431,0.12725613568280195,2.119784587138408,0.055892325736380914,0.020713667611818056,0.0,1.4102143983583193,0.0,0.0,0.0,0.0,0.0,0.0,0.0,0.0,2.850616216659546,3.3960399627685547,0.4998939335346222,2.652073621749878,7.389056205749512,1.0,0.45107409358024597,0.28036606311798096,3.6531994342803955,0.3044404089450836,0.2730429172515869,0.0,0.0,11.377650260925293,11.229615211486816,0.013011038838738003,,0.22495190799236298,0.694805383682251,,0.07089649885892868,,,,,,,0.21281154453754425,0.7225356101989746,,0.06465283781290054,,,,,,,,,,,,,,,,,,,,,,,,,,,,,,,,,,,,,,,,,,,,,,
504,5.2801463937871245e-06,5.2801463937871245e-05,1.0,22.63202069256757,5.394334535341005,29.952197925464528,3.8043472702438765,3.8043472702438765,3.8043472702438765,0.0,0.0,0.32070652214256495,2.2667673471811653,0.12560437176678632,2.1282958984375,0.05768406713331068,0.01899401078353057,0.0,1.4158045794512775,0.0,0.0,0.0,0.0,0.0,0.0,0.0,0.0,4.053534507751465,2.688502550125122,0.4998939335346222,1.8792248964309692,6.107822895050049,1.0,0.4010056257247925,0.3097074329853058,3.363467216491699,0.3019125461578369,0.2550985813140869,0.0,0.0,80.38922119140625,80.34386444091797,0.0005642143289370487,,0.2182016521692276,0.7103312611579895,,0.0682789608836174,,,,,,,0.21050523221492767,0.7256780862808228,,0.06381666660308838,,,,,,,,,,,,,,,,,,,,,,,,,,,,,,,,,,,,,,,,,,,,,,
505,5.265073272787406e-06,5.265073272787406e-05,1.0,26.331280682538008,5.425150690851985,37.46284773543074,3.722646764806799,3.722646764806799,3.722646764806799,0.0,0.0,0.3195564940169051,2.297915690654033,0.1270279111088933,2.1522519910657727,0.057308023040359084,0.021953142978049612,0.0,1.4033926886481207,0.0,0.0,0.0,0.0,0.0,0.0,0.0,0.0,5.306230068206787,3.05542254447937,0.4998939335346222,2.3703489303588867,6.767348766326904,0.9999654293060303,0.46349674463272095,0.25,4.0,0.3090815842151642,0.2718356251716614,0.0005060728744939271,0.00020242914979757084,93.3431396484375,93.06698608398438,0.0029584773502714253,,0.232173353433609,0.6894557476043701,,0.07080968469381332,,,,,,,0.21970421075820923,0.7152622938156128,,0.06503348052501678,,,,,,125.19429695213233,183.7435859082487,0.3490682552206849,77.3516091986017,125.19430058794781,181.68568318988477,239.51252120098383,290.71137994063054,54.33590916224888,106.29318119019501,188.982397991678,0.834072351035181,0.7144521592356247,0.08766724374950399,0.08448242343565304,0.0,0.6933327088472979,0.7021801722561788,0.4290792035503326,0.0,0.0,0.0,0.0,0.0,0.6407998248903902,0.8898354768971456,0.984518705800447,0.9962441830640137,0.3898354768971456,0.18451870580044694,0.04624418306401379,0.2106005642885933,0.0,0.7032967032967034,0.26373626373626374,0.5247252747252747,1.6692157011110704,1.6516915877441785,1.6382119911057609,-7.984334468841553,0.0003407011681701988
506,5.2500000000000006e-06,5.25e-05,1.0,27.696678367820947,5.555251662795608,40.07732329497466,3.7274145177892737,3.7274145177892737,3.7274145177892737,0.0,0.0,0.31985404040362386,2.2591872344145902,0.1251855927544671,2.131328685863598,0.057646525872720254,0.02075715161658622,0.0,1.4098448882231842,0.0,0.0,0.0,0.0,0.0,0.0,0.0,0.0,3.1153876781463623,3.1700661182403564,0.4998939335346222,2.4889607429504395,6.761401653289795,0.9999744296073914,0.4117855727672577,0.25900527834892273,4.0,0.3040335178375244,0.26415202021598816,0.0,0.00010121457489878542,44.835636138916016,44.76195526123047,0.001643355242184108,,0.22283965349197388,0.7021506428718567,,0.06833821535110474,,,,,,,0.2127356082201004,0.7229564189910889,,0.06430798768997192,,,,,,,,,,,,,,,,,,,,,,,,,,,,,,,,,,,,,,,,,,,,,,
507,5.234926727212595e-06,5.234926727212594e-05,1.0,23.507794354413008,5.59433684477935,31.604907886402028,3.76695746344489,3.76695746344489,3.76695746344489,0.0,0.0,0.32079547160380595,2.2285952181429476,0.12529069024163322,2.0988771593248523,0.0591780559436695,0.018808363257227716,0.0,1.4077327831371411,0.0,0.0,0.0,0.0,0.0,0.0,0.0,0.0,4.118919849395752,2.847551107406616,0.4998939335346222,1.9877666234970093,6.420348167419434,1.0000104904174805,0.3699071407318115,0.25,3.3191070556640625,0.3036441206932068,0.2510204315185547,0.0012145748987854252,0.0,89.78382873535156,89.6904067993164,0.0010405207413300276,,0.22106613218784332,0.7081671953201294,,0.0656798705458641,,,,,,,0.21402201056480408,0.7228711843490601,,0.06310679763555527,,,,,,,,,,,,,,,,,,,,,,,,,,,,,,,,,,,,,,,,,,,,,,
508,5.2198536062128766e-06,5.2198536062128766e-05,1.0,24.497439822635137,5.502014572555955,33.773985166807435,3.708576924092061,3.708576924092061,3.708576924092061,0.0,0.0,0.3217196335663667,2.259157541635874,0.1279745101928711,2.115979375065984,0.05717906436404666,0.021189502767614415,0.0,1.4081738446209882,0.0,0.0,0.0,0.0,0.0,0.0,0.0,0.0,6.050710678100586,3.037381649017334,0.4998939335346222,2.175154447555542,6.914314270019531,0.9999346733093262,0.44761112332344055,0.25,4.0,0.30911239981651306,0.27119460701942444,0.0006072874493927126,0.0004048582995951417,199.76235961914062,199.5681610107422,0.0009721481502756036,,0.23198656737804413,0.6909791827201843,,0.06825319677591324,,,,,,,0.221614807844162,0.7144889831542969,,0.06389616429805756,,,,,,,,,,,,,,,,,,,,,,,,,,,,,,,,,,,,,,,,,,,,,,
509,5.204780788787011e-06,5.204780788787011e-05,1.0,24.81243236644848,5.42155951422614,34.47412109375,3.724506275073902,3.724506275073902,3.724506275073902,0.0,0.0,0.3202205348659206,2.224747941300676,0.12743752711528056,2.0924996040962838,0.060257383295007655,0.019519707641086063,0.0,1.4144945917902767,0.0,0.0,0.0,0.0,0.0,0.0,0.0,0.0,5.152138710021973,3.3014469146728516,0.4998939335346222,2.3918581008911133,7.54952335357666,0.9999662041664124,0.4356498122215271,0.25,4.0,0.30577683448791504,0.27336105704307556,0.0004048582995951417,0.0003036437246963563,211.35165405273438,211.2645263671875,0.0004122403770028493,,0.22693586349487305,0.69355309009552,,0.07142035663127899,,,,,,,0.21760793030261993,0.7167801856994629,,0.06561187654733658,,,,,,,,,,,,,,,,,,,,,,,,,,,,,,,,,,,,,,,,,,,,,,
510,5.1897084267181005e-06,5.189708426718101e-05,1.0,24.68762371991132,5.499301807300465,34.087286871832774,3.7385303394214526,3.7385303394214526,3.7385303394214526,0.0,0.0,0.32095339491560654,2.2598147005648226,0.12556101824786212,2.13723239383182,0.05961740339124525,0.01976652564229192,0.0,1.4116383114376583,0.0,0.0,0.0,0.0,0.0,0.0,0.0,0.0,7.69806432723999,2.535322666168213,0.4998939335346222,1.6283200979232788,6.271010875701904,1.0000041723251343,0.4296386241912842,0.25,3.5098400115966797,0.30816566944122314,0.257382869720459,0.0004048582995951417,0.0,288.6119689941406,288.08770751953125,0.0018164924914116035,,0.22893594205379486,0.6987291574478149,,0.06863438338041306,,,,,,,0.22086602449417114,0.7149721384048462,,0.06416185200214386,,,,,,110.57963105086442,164.19938871940514,0.3083430028568242,50.42080826811738,110.57963105565094,173.3400027820428,229.72082041787243,280.28633064588837,46.95706285749163,94.59933223280795,165.0756424613621,0.8442240982923939,0.6794826117530507,0.08368895836596466,0.09731302035936677,0.0,0.6532616950392413,0.6564548876860119,0.3969239425305924,0.0,0.0,0.0,0.0,0.0,0.6353116430766237,0.8972921475944451,0.9840790004030633,0.9953830933274705,0.3972921475944451,0.18407900040306324,0.04538309332747059,0.20851196365102048,0.0,0.6648351648351648,0.31868131868131866,0.5476190476190476,1.6171878378142368,1.5976789140111798,1.5833115096275623,-7.984171390533447,0.00034075669827871025
511,5.174636671784663e-06,5.174636671784663e-05,1.0,25.5260950036951,5.441807102512669,35.801790804476354,3.748087702570735,3.748087702570735,3.748087702570735,0.0,0.0,0.3198618759980073,2.276972384066195,0.12628133876903638,2.1246952366184546,0.05805377058080725,0.023137836842923552,0.0,1.4162971908981736,0.0,0.0,0.0,0.0,0.0,0.0,0.0,0.0,10.057769775390625,3.184067726135254,0.4998939335346222,2.121656894683838,7.54952335357666,0.9996545314788818,0.4617309868335724,0.25665101408958435,4.0,0.30761483311653137,0.2736794948577881,0.0,0.0006072874493927126,488.5025634765625,488.45623779296875,9.483201738811883e-05,,0.23055528104305267,0.688041627407074,,0.07206811755895615,,,,,,,0.22055280208587646,0.7127699851989746,,0.06667721271514893,,,,,,,,,,,,,,,,,,,,,,,,,,,,,,,,,,,,,,,,,,,,,,
512,5.159565675759103e-06,5.159565675759103e-05,1.0,23.36983840529983,5.502295004354941,31.46663521431588,3.7406904890730575,3.7406904890730575,3.7406904890730575,0.0,0.0,0.3202261280369114,2.2456679473052152,0.12536307927724477,2.0971578649572424,0.060535624220564556,0.01719851268304361,0.0,1.4124684720425993,0.0,0.0,0.0,0.0,0.0,0.0,0.0,0.0,4.554155349731445,3.045283794403076,0.4998939335346222,2.289022922515869,6.902166366577148,0.9999784231185913,0.39038771390914917,0.25,4.0,0.3035506010055542,0.2578602135181427,0.0011133603238866396,0.00010121457489878542,42.77058029174805,42.735836029052734,0.0008123402221413371,,0.22103504836559296,0.7079269289970398,,0.06503605842590332,,,,,,,0.2128971517086029,0.7249710559844971,,0.06213173270225525,,,,,,,,,,,,,,,,,,,,,,,,,,,,,,,,,,,,,,,,,,,,,,
513,5.144495590406185e-06,5.1444955904061856e-05,1.0,24.21603805954392,5.470338151261613,33.161964210304056,3.7502866177945524,3.7502866177945524,3.7502866177945524,0.0,0.0,0.3195352554321289,2.2604667044974662,0.1254234185089936,2.1070849444415116,0.05868917542534906,0.023212908087549982,0.0,1.4190418140308276,0.0,0.0,0.0,0.0,0.0,0.0,0.0,0.0,6.986215591430664,3.1284749507904053,0.4998939335346222,1.9497957229614258,7.68489933013916,1.000014066696167,0.45296311378479004,0.25,3.94496488571167,0.3097618818283081,0.2678978145122528,0.0006072874493927126,0.0,120.50934600830078,119.79866790771484,0.00589728617842624,,0.23215577006340027,0.6937687993049622,,0.06849455088376999,,,,,,,0.22098277509212494,0.7154067754745483,,0.06361045688390732,,,,,,,,,,,,,,,,,,,,,,,,,,,,,,,,,,,,,,,,,,,,,,
514,5.1294265674815e-06,5.1294265674815e-05,1.0,23.86184279983108,5.4768536541913,32.3916675464527,3.784556620829814,3.784556620829814,3.784556620829814,0.0,0.0,0.3201374105505041,2.2364685470993453,0.12639526418737462,2.0907976305162586,0.06001283027030326,0.02253208289275298,0.0,1.429579141977671,0.0,0.0,0.0,0.0,0.0,0.0,0.0,0.0,6.855841636657715,2.7660036087036133,0.4998939335346222,1.7645065784454346,6.5150885581970215,0.9999862313270569,0.39242279529571533,0.2570534348487854,4.0,0.3052784502506256,0.25586187839508057,0.0,0.00010121457489878542,248.75653076171875,248.4337615966797,0.001297530416792312,,0.22359569370746613,0.70660400390625,,0.06443953514099121,,,,,,,0.2175259292125702,0.7209700345993042,,0.0615040585398674,,,,,,,,,,,,,,,,,,,,,,,,,,,,,,,,,,,,,,,,,,,,,,
515,5.1143587587299436e-06,5.1143587587299436e-05,1.0,25.002715239653718,5.354980881149705,34.868263038429056,3.7394961795291386,3.7394961795291386,3.7394961795291386,0.0,0.0,0.3236207188786687,2.260781159272065,0.12592066945256414,2.1057627909892314,0.05872239293278875,0.02326187410870114,0.0,1.4207620362977724,0.0,0.0,0.0,0.0,0.0,0.0,0.0,0.0,6.671294689178467,3.032240390777588,0.4998939335346222,2.0230166912078857,7.071372985839844,1.000022292137146,0.4363276958465576,0.25,3.724595308303833,0.3052869737148285,0.2711803913116455,0.0008097165991902834,0.0,328.4466247558594,328.4812316894531,-0.0001053654718463738,,0.22505387663841248,0.6995576024055481,,0.06841234862804413,,,,,,,0.21524764597415924,0.721261739730835,,0.0634906142950058,,,,,,115.98118744315681,171.40126963040612,0.32369279700498127,63.257150901542914,115.98118557104621,175.76275706839385,232.75316678907623,283.2243036858537,51.790731702532085,97.5627889115681,177.4008961553159,0.8400563057526174,0.6729499605294519,0.08479781148984285,0.09528314753471019,0.0,0.6472727560840039,0.6519318207590258,0.37738165386578953,0.0,0.0,0.0,0.0,0.0,0.6357642597895474,0.8982998057967828,0.9835660107727823,0.9957861566084057,0.3982998057967828,0.18356601077278223,0.04578615660840579,0.20490271518082884,0.0,0.6703296703296703,0.3076923076923077,0.5650183150183151,1.6306073424907832,1.6114291910614287,1.5975573243020655,-7.983983039855957,0.00034082087222486734
516,5.09929231588418e-06,5.09929231588418e-05,1.0,24.28131103515625,5.429925454629434,33.4296875,3.6978207150021114,3.6978207150021114,3.6978207150021114,0.0,0.0,0.3210608250386006,2.26747110727671,0.1263400026269861,2.112232311351879,0.06038119986250594,0.022061998779709276,0.0,1.4216046719937712,0.0,0.0,0.0,0.0,0.0,0.0,0.0,0.0,7.45994758605957,3.176023006439209,0.4998939335346222,2.093358039855957,7.608734607696533,1.0000121593475342,0.505490779876709,0.25,3.8167636394500732,0.30751681327819824,0.28642186522483826,0.0017206477732793523,0.0,201.5233154296875,201.03176879882812,0.002439155140988528,,0.22918188571929932,0.693862795829773,,0.0698031559586525,,,,,,,0.21577535569667816,0.7205311059951782,,0.0636935904622078,,,,,,,,,,,,,,,,,,,,,,,,,,,,,,,,,,,,,,,,,,,,,,
517,5.084227390663123e-06,5.084227390663122e-05,1.0,26.071516707136823,5.628258782464105,36.686708192567565,3.7711701264252535,3.7711701264252535,3.7711701264252535,0.0,0.0,0.3221383223662505,2.2319694725242822,0.12684313026634422,2.0845604973870353,0.06239890407871555,0.02156362823537878,0.0,1.4273259961927258,0.0,0.0,0.0,0.0,0.0,0.0,0.0,0.0,2.927485704421997,3.6173312664031982,0.4998939335346222,2.687925100326538,8.21095085144043,0.9999839663505554,0.4320509135723114,0.3204689919948578,4.0,0.29570433497428894,0.28696832060813904,0.0,0.00010121457489878542,33.62900924682617,33.38273239135742,0.007323345557436934,,0.2094448357820511,0.7143362164497375,,0.06515713781118393,,,,,,,0.20186758041381836,0.7364829182624817,,0.06164951249957085,,,,,,,,,,,,,,,,,,,,,,,,,,,,,,,,,,,,,,,,,,,,,,
518,5.069164134770399e-06,5.069164134770399e-05,1.0,25.006623139252532,5.552983052021748,34.654930320945944,3.752028181746199,3.752028181746199,3.752028181746199,0.0,0.0,0.3207353127969278,2.258563892261402,0.1264204334568333,2.1131921716638513,0.05743177517040356,0.022888239976522083,0.0,1.4226486618454393,0.0,0.0,0.0,0.0,0.0,0.0,0.0,0.0,4.193088054656982,3.4969966411590576,0.4998939335346222,2.4402244091033936,8.115289688110352,1.0000001192092896,0.4585684537887573,0.2678554058074951,3.8296127319335938,0.30173325538635254,0.27956801652908325,0.0,0.0,121.65049743652344,120.88304138183594,0.006308696395491143,,0.2194935381412506,0.7035712599754333,,0.0694655030965805,,,,,,,0.20777729153633118,0.7290832996368408,,0.06313937157392502,,,,,,,,,,,,,,,,,,,,,,,,,,,,,,,,,,,,,,,,,,,,,,
519,5.054102699892831e-06,5.054102699892831e-05,1.0,23.729937579180742,5.591682227882179,32.01029679581926,3.7862907615867822,3.7862907615867822,3.7862907615867822,0.0,0.0,0.31984089516304637,2.2383608431429476,0.1258237684095228,2.094912554766681,0.058379972303235855,0.020021755953092833,0.0,1.4261082829655827,0.0,0.0,0.0,0.0,0.0,0.0,0.0,0.0,5.510880470275879,3.3908472061157227,0.4998939335346222,2.247490882873535,8.147052764892578,0.9999284148216248,0.3906031847000122,0.25,4.0,0.3012019991874695,0.2618284523487091,0.00020242914979757084,0.00010121457489878542,146.1898956298828,146.0885772705078,0.0006930599337146624,,0.2177453190088272,0.7088041305541992,,0.0663331001996994,,,,,,,0.20991405844688416,0.7268038988113403,,0.06328201293945312,,,,,,,,,,,,,,,,,,,,,,,,,,,,,,,,,,,,,,,,,,,,,,
520,5.039043237698901e-06,5.039043237698901e-05,1.0,25.050322661528718,5.552879539695946,34.780319626266895,3.736979304133235,3.736979304133235,3.736979304133235,0.0,0.0,0.3194964898599161,2.258521827491554,0.1266537872520653,2.097027959050359,0.05831536086829933,0.019556712459873508,0.0,1.4225608207084037,0.0,0.0,0.0,0.0,0.0,0.0,0.0,0.0,4.166701316833496,3.4553778171539307,0.4998939335346222,2.5510971546173096,7.638514518737793,1.0,0.3824455142021179,0.2663012444972992,3.8084681034088135,0.2961575388908386,0.26397085189819336,0.0,0.0,107.25328063964844,107.2322998046875,0.00019561951705169092,,0.2084745466709137,0.7207944393157959,,0.06595478951931,,,,,,,0.20149025321006775,0.7362202405929565,,0.06228950619697571,,,,,,119.03728799505548,172.23327555061164,0.3468298404099108,71.13517564207643,119.03728754669822,177.36922132135902,234.86736867224315,285.4310808307205,63.504507882254465,103.9517716400383,169.7929634425951,0.8343702735616331,0.6914180756368692,0.08995263353375305,0.08496808026198362,0.0,0.667184127782581,0.6854701383011759,0.42718246078210087,0.0,0.0,0.0,0.0,0.0,0.6428398974117916,0.891557656370232,0.9838774687625957,0.9958777618995274,0.391557656370232,0.1838774687625957,0.045877761899527414,0.2029606830090506,0.0,0.6978021978021978,0.2692307692307692,0.5714285714285714,1.6326413686786378,1.6143613085969464,1.6008923002979258,-7.984496116638184,0.00034064610372297466
521,5.023985899837225e-06,5.023985899837225e-05,1.0,23.09957473342483,5.3951432511613175,30.99958100190034,3.759161459433066,3.759161459433066,3.759161459433066,0.0,0.0,0.3221834285839184,2.2413525967984587,0.12636519767142632,2.091232712204392,0.057890840478845546,0.01777205112818125,0.0,1.423814309609903,0.0,0.0,0.0,0.0,0.0,0.0,0.0,0.0,4.037403583526611,3.770608901977539,0.4998939335346222,2.8529112339019775,8.194930076599121,0.9999555349349976,0.39237043261528015,0.26377639174461365,4.0,0.29644379019737244,0.26943355798721313,0.0,0.00010121457489878542,92.9744644165039,93.12712097167969,-0.0016419191670942626,,0.21059896051883698,0.7131498456001282,,0.06660787016153336,,,,,,,0.20350605249404907,0.7334163188934326,,0.0630776658654213,,,,,,,,,,,,,,,,,,,,,,,,,,,,,,,,,,,,,,,,,,,,,,
522,5.008930837935029e-06,5.008930837935029e-05,1.0,24.26887306007179,5.456233668971706,33.25592865815034,3.764847214157517,3.764847214157517,3.764847214157517,0.0,0.0,0.3205826733563397,2.250894288758974,0.1255563143137339,2.1038148209855363,0.0591539563359441,0.022167038273166965,0.0,1.425010062552787,0.0,0.0,0.0,0.0,0.0,0.0,0.0,0.0,3.358386516571045,3.481605052947998,0.4998939335346222,2.5423922538757324,7.773972034454346,0.9998403787612915,0.41800785064697266,0.25423648953437805,4.0,0.29469776153564453,0.27471357583999634,0.0,0.0005060728744939271,21.693384170532227,21.548160552978516,0.006694373566249715,,0.20737409591674805,0.7172285914421082,,0.06711842864751816,,,,,,,0.19941502809524536,0.7375307083129883,,0.06305431574583054,,,,,,,,,,,,,,,,,,,,,,,,,,,,,,,,,,,,,,,,,,,,,,
523,4.993878203596617e-06,4.993878203596617e-05,1.0,23.419689281566722,5.3648359968855575,31.744652000633447,3.712512866870777,3.712512866870777,3.712512866870777,0.0,0.0,0.3213614644231023,2.2657002629460514,0.12612654711749102,2.106880600387986,0.05960116515288482,0.02361182586566822,0.0,1.4256059801256336,0.0,0.0,0.0,0.0,0.0,0.0,0.0,0.0,7.986141204833984,3.0433530807495117,0.4998939335346222,2.2164313793182373,6.900822639465332,0.9993851184844971,0.42986682057380676,0.25,4.0,0.2972027361392975,0.28527456521987915,0.0017206477732793523,0.0006072874493927126,254.02359008789062,253.94601440429688,0.0003053877144516747,,0.2119937241077423,0.7112933993339539,,0.0669061690568924,,,,,,,0.2038777470588684,0.7326765060424805,,0.06344573199748993,,,,,,,,,,,,,,,,,,,,,,,,,,,,,,,,,,,,,,,,,,,,,,
524,4.978828148401852e-06,4.978828148401852e-05,1.0,23.722271893475508,5.430419097075591,32.17301652238176,3.7774398391311235,3.7774398391311235,3.7774398391311235,0.0,0.0,0.32093919290078654,2.2466269828177787,0.12739820738096494,2.0848172162030196,0.056735573588190855,0.021029580283809354,0.0,1.4418698903676626,0.0,0.0,0.0,0.0,0.0,0.0,0.0,0.0,3.6622958183288574,3.4515275955200195,0.4998939335346222,2.6205360889434814,7.668410301208496,0.9999159574508667,0.40829169750213623,0.25,4.0,0.29412293434143066,0.27797257900238037,0.00020242914979757084,0.00020242914979757084,45.792083740234375,45.52057647705078,0.0059291309983572306,,0.20649880170822144,0.7179977297782898,,0.06626596301794052,,,,,,,0.1978759765625,0.7395064830780029,,0.06261755526065826,,,,,,,,,,,,,,,,,,,,,,,,,,,,,,,,,,,,,,,,,,,,,,
525,4.963780823904623e-06,4.963780823904623e-05,1.0,22.93267657305743,5.319421716638513,30.762939453125,3.7403106689453125,3.7403106689453125,3.7403106689453125,0.0,0.0,0.32091839249069626,2.2620129971890837,0.12608530714705185,2.110764168404244,0.05897102484831939,0.01708973742820121,0.0,1.430244136501003,0.0,0.0,0.0,0.0,0.0,0.0,0.0,0.0,3.4045534133911133,3.320467710494995,0.4998939335346222,2.4336795806884766,7.403501987457275,0.9998348355293274,0.45822852849960327,0.29296213388442993,4.0,0.2949780225753784,0.2905843257904053,0.0,0.0004048582995951417,20.96137046813965,20.71843719482422,0.01158957014211821,,0.2081325352191925,0.7155090570449829,,0.06720315665006638,,,,,,,0.19722211360931396,0.7400754690170288,,0.06270240992307663,,,,,,112.2171003320715,164.11324170725166,0.31018161956245127,50.69789848746834,112.21709298714416,175.7199842979305,232.1544740104057,282.5600540178987,45.86004965645926,96.48511546526768,166.43286995265794,0.8330693673769661,0.6522390317514056,0.07084124961563845,0.08196697564625834,0.0,0.6220594458227461,0.6372624999625661,0.3686168067503618,0.0,0.0,0.0,0.0,0.0,0.6369942940188682,0.9007181854823935,0.9831629474918472,0.9953281301527976,0.40071818548239346,0.18316294749184714,0.045328130152797685,0.19466124363343226,0.0,0.6538461538461539,0.32967032967032966,0.5650183150183151,1.6218883778367723,1.6026351399474092,1.5887112671529853,-7.984979152679443,0.0003404816088732332
526,4.9487363816313185e-06,4.9487363816313185e-05,1.0,24.15498145850929,5.4058029587204395,33.1417137352196,3.7163300385346285,3.7163300385346285,3.7163300385346285,0.0,0.0,0.32079987912564667,2.2915309184306376,0.12598506824390307,2.142624519966744,0.060515835478499126,0.02275630267890724,0.0,1.427851084116343,0.0,0.0,0.0,0.0,0.0,0.0,0.0,0.0,6.169651985168457,3.07967472076416,0.4998939335346222,2.366879463195801,6.470073699951172,0.9999071955680847,0.440914511680603,0.25,4.0,0.29739993810653687,0.28509387373924255,0.00020242914979757084,0.0006072874493927126,219.4232635498047,219.2267608642578,0.0008955417140729603,,0.21182303130626678,0.7128563523292542,,0.06804856657981873,,,,,,,0.20311571657657623,0.7326459884643555,,0.06423824280500412,,,,,,,,,,,,,,,,,,,,,,,,,,,,,,,,,,,,,,,,,,,,,,
527,4.933694973079306e-06,4.933694973079306e-05,1.0,21.923485008445947,5.234351905616554,28.88206688133446,3.705817557669975,3.705817557669975,3.705817557669975,0.0,0.0,0.3210266474130991,2.2777260445259713,0.12548502071483716,2.131526431521854,0.06007265400242161,0.020505926093539677,0.0,1.428564638704867,0.0,0.0,0.0,0.0,0.0,0.0,0.0,0.0,4.250933647155762,3.749342918395996,0.4998939335346222,2.6488380432128906,8.776430130004883,0.9994699954986572,0.4654008448123932,0.28255677223205566,4.0,0.29232096672058105,0.2967478334903717,0.0,0.001417004048582996,199.4410858154297,198.9898223876953,0.0022626402473158976,,0.20561827719211578,0.7111203670501709,,0.06969725340604782,,,,,,,0.19647452235221863,0.7395409345626831,,0.06398449093103409,,,,,,,,,,,,,,,,,,,,,,,,,,,,,,,,,,,,,,,,,,,,,,
528,4.918656749715405e-06,4.9186567497154046e-05,1.0,26.41178440403294,5.501790227116765,37.54158308699324,3.7460949871991134,3.7460949871991134,3.7460949871991134,0.0,0.0,0.320508235209697,2.250639013341955,0.1268987784514556,2.0935623581345015,0.05646460765116924,0.018274593997646024,0.0,1.4248904666385136,0.0,0.0,0.0,0.0,0.0,0.0,0.0,0.0,7.822749614715576,2.707218885421753,0.4998939335346222,1.6291155815124512,6.827089309692383,0.9997114539146423,0.45920348167419434,0.2813376486301422,4.0,0.30130842328071594,0.27862313389778137,0.0,0.0009109311740890688,258.4510192871094,258.16851806640625,0.0010930551617956616,,0.21822772920131683,0.7071971893310547,,0.06693265587091446,,,,,,,0.21040111780166626,0.7258377075195312,,0.06376118212938309,,,,,,,,,,,,,,,,,,,,,,,,,,,,,,,,,,,,,,,,,,,,,,
529,4.9036218629743545e-06,4.9036218629743544e-05,1.0,23.831376359269427,5.458325772672086,32.483118005701016,3.717308250633446,3.717308250633446,3.717308250633446,0.0,0.0,0.3193916887850375,2.2421101750554264,0.12629479330939217,2.09810040448163,0.058548798432221286,0.017892740868233347,0.0,1.4204490249221389,0.0,0.0,0.0,0.0,0.0,0.0,0.0,0.0,3.737055540084839,3.4857046604156494,0.4998939335346222,2.370927572250366,7.928843975067139,0.9999642968177795,0.4266705811023712,0.2729119062423706,4.0,0.2917012870311737,0.28382906317710876,0.0,0.00020242914979757084,45.22922897338867,45.11091995239258,0.0026157647097124455,,0.2023478001356125,0.7222548127174377,,0.06709328293800354,,,,,,,0.19478841125965118,0.7427474856376648,,0.062464065849781036,,,,,,,,,,,,,,,,,,,,,,,,,,,,,,,,,,,,,,,,,,,,,,
530,4.8885904642572975e-06,4.888590464257297e-05,1.0,23.55602862383868,5.35537678486592,31.92730547930743,3.786216942039696,3.786216942039696,3.786216942039696,0.0,0.0,0.3218689480343381,2.2048156325881547,0.12622074178747228,2.0666244094436235,0.05436399820688609,0.015637935818852606,0.0,1.4220000602103569,0.0,0.0,0.0,0.0,0.0,0.0,0.0,0.0,3.7422938346862793,3.494041681289673,0.4998939335346222,2.194891929626465,8.638681411743164,0.9996360540390015,0.5017708539962769,0.2805045545101166,4.0,0.29521745443344116,0.3010043203830719,0.0,0.001417004048582996,39.247013092041016,38.9945068359375,0.006433770017385652,,0.21019864082336426,0.7073643803596497,,0.07011682540178299,,,,,,,0.1991184949874878,0.7363591194152832,,0.06452234089374542,,,,,,117.86407730605576,171.22689176204705,0.32729626120915534,64.68472985906915,117.8640794380721,179.13274768629108,237.33626544020058,287.5010128213865,41.74573516845703,102.53454465644305,172.43664484438688,0.8328497569081008,0.6861823446922689,0.07730956751835774,0.06513276982276084,0.0,0.6618667983647318,0.6770363498356635,0.410004626117071,0.0,0.0,0.0,0.0,0.0,0.6431807994608643,0.8941226045216372,0.9843171741599794,0.99580447766663,0.39412260452163717,0.1843171741599794,0.045804477666630095,0.20466454142391263,0.0,0.6978021978021978,0.2802197802197802,0.532967032967033,1.6562543162605265,1.6372487265002595,1.6232692861295008,-7.984638214111328,0.0003405977040529251
531,4.873562704930254e-06,4.873562704930254e-05,1.0,24.10030715529983,5.443659601984797,33.008551520270274,3.7268882957664697,3.7268882957664697,3.7268882957664697,0.0,0.0,0.3203543843449773,2.2477697423986487,0.1261287766533929,2.1020652152396537,0.06019310693483095,0.02213151229394449,0.0,1.4228326952135242,0.0,0.0,0.0,0.0,0.0,0.0,0.0,0.0,3.9873788356781006,3.814194440841675,0.4998939335346222,2.6135082244873047,8.947787284851074,1.0000183582305908,0.47523072361946106,0.25,4.0,0.29784485697746277,0.2922784686088562,0.0015182186234817814,0.00010121457489878542,34.515846252441406,34.201393127441406,0.009110398820882389,,0.2135668247938156,0.7077905535697937,,0.0683230459690094,,,,,,,0.20066580176353455,0.7366889715194702,,0.06264520436525345,,,,,,,,,,,,,,,,,,,,,,,,,,,,,,,,,,,,,,,,,,,,,,
532,4.858538736322594e-06,4.8585387363225944e-05,1.0,24.15163277290963,5.436837686074747,33.14725638724662,3.710772127718539,3.710772127718539,3.710772127718539,0.0,0.0,0.32093878050108215,2.2557579246727197,0.1268014263462376,2.1026829899968327,0.058425368489445864,0.021761786293339084,0.0,1.4298962773503483,0.0,0.0,0.0,0.0,0.0,0.0,0.0,0.0,3.418083429336548,4.0049147605896,0.4998939335346222,2.8487350940704346,9.487736701965332,0.9999347925186157,0.45790696144104004,0.28956204652786255,4.0,0.28916484117507935,0.29575806856155396,0.0,0.0003036437246963563,35.06919479370117,34.71712875366211,0.010039182311146123,,0.19897106289863586,0.7226473689079285,,0.06758727878332138,,,,,,,0.1898646056652069,0.7478617429733276,,0.062273669987916946,,,,,,,,,,,,,,,,,,,,,,,,,,,,,,,,,,,,,,,,,,,,,,
533,4.843518709725513e-06,4.843518709725512e-05,1.0,23.20758881440034,5.45762840477196,31.155365815033782,3.7534006479624153,3.7534006479624153,3.7534006479624153,0.0,0.0,0.32228797190898173,2.25113430538693,0.12599791707219304,2.0944450997017525,0.05904795672442462,0.0221420220426611,0.0,1.4397703634726036,0.0,0.0,0.0,0.0,0.0,0.0,0.0,0.0,2.9372904300689697,3.4931647777557373,0.4998939335346222,2.480468273162842,8.178939819335938,0.9991306662559509,0.4053282141685486,0.25922906398773193,4.0,0.2861184775829315,0.2794228494167328,0.0,0.0013157894736842105,29.314212799072266,29.2325439453125,0.0027859814732036836,,0.19375813007354736,0.7285463213920593,,0.0659564957022667,,,,,,,0.18672627210617065,0.7511023283004761,,0.06217145547270775,,,,,,,,,,,,,,,,,,,,,,,,,,,,,,,,,,,,,,,,,,,,,,
534,4.82850277639051e-06,4.8285027763905096e-05,1.0,24.112281593116553,5.315979828705659,33.156893343538854,3.7250308474978886,3.7250308474978886,3.7250308474978886,0.0,0.0,0.3211981283651816,2.2629050177496834,0.12490396241883973,2.1131123723210514,0.057724662729211756,0.01678627890509528,0.0,1.4227593911660683,0.0,0.0,0.0,0.0,0.0,0.0,0.0,0.0,2.599968194961548,3.990476369857788,0.4998939335346222,3.000061511993408,8.791875839233398,0.9999681711196899,0.44427216053009033,0.2861752212047577,4.0,0.29000288248062134,0.2903271019458771,0.0,0.00020242914979757084,11.163405418395996,10.956375122070312,0.0185454427718375,,0.20038606226444244,0.7208727598190308,,0.06910582631826401,,,,,,,0.18938758969306946,0.7472420930862427,,0.06337027251720428,,,,,,,,,,,,,,,,,,,,,,,,,,,,,,,,,,,,,,,,,,,,,,
535,4.81349108752787e-06,4.81349108752787e-05,1.0,25.80679733688767,5.575194487700591,36.194289748733105,3.769741986248944,3.769741986248944,3.769741986248944,0.0,0.0,0.3226160358738255,2.2604805198875635,0.12702803998380094,2.1123168532912797,0.05783534049987793,0.022040468615454598,0.0,1.430388270197688,0.0,0.0,0.0,0.0,0.0,0.0,0.0,0.0,5.062049865722656,3.209894895553589,0.4998939335346222,2.439033031463623,6.982167720794678,0.9999474287033081,0.4365626871585846,0.253193736076355,4.0,0.2964682877063751,0.2805502116680145,0.0,0.0003036437246963563,86.21464538574219,86.2989501953125,-0.0009778478957155748,,0.2101914882659912,0.7147115468978882,,0.06804578751325607,,,,,,,0.1994609534740448,0.7370612621307373,,0.06347773224115372,,,,,,105.71322516556624,151.6353861179238,0.29556116327126436,37.92623496841598,105.71322637073507,169.7175034577403,225.97283005022481,277.0473299119939,46.15586907523019,90.42279987187348,157.6559720246688,0.8382311883288521,0.642057501685076,0.07184413897555529,0.08626239103093217,0.0,0.6126882334509868,0.6181351187669518,0.3485047514389583,0.0,0.0,0.0,0.0,0.0,0.6379904013830519,0.9015609541607124,0.9827782052691364,0.9946502509984977,0.40156095416071236,0.18277820526913635,0.04465025099849773,0.19407496977025393,0.0,0.6483516483516484,0.34065934065934067,0.5970695970695971,1.588198871075452,1.5685065126681066,1.554562713254939,-7.984416484832764,0.0003406731993891299
536,4.798483794305134e-06,4.798483794305133e-05,1.0,23.646484375,5.332745113888302,32.19076620565878,3.7289783374683276,3.7289783374683276,3.7289783374683276,0.0,0.0,0.32060001991890574,2.267473787874789,0.12693111316577807,2.128281258247994,0.0580958417944006,0.02212763960297043,0.0,1.4248113889951963,0.0,0.0,0.0,0.0,0.0,0.0,0.0,0.0,8.718708992004395,3.0360798835754395,0.4998939335346222,1.806350588798523,7.461568355560303,0.9997062683105469,0.42519059777259827,0.251997172832489,4.0,0.2912750840187073,0.28304651379585266,0.0,0.0006072874493927126,491.64483642578125,491.5113525390625,0.00027150470589535166,,0.20206892490386963,0.720994234085083,,0.06760794669389725,,,,,,,0.19566893577575684,0.7404500842094421,,0.06388098001480103,,,,,,,,,,,,,,,,,,,,,,,,,,,,,,,,,,,,,,,,,,,,,,
537,4.783481047845574e-06,4.783481047845574e-05,1.0,22.894140295080238,5.337323163006757,30.67391060494088,3.744779432142103,3.744779432142103,3.744779432142103,0.0,0.0,0.321123844868428,2.2494059382258236,0.12484565941063133,2.0985645603489234,0.054825028857669315,0.016598214974274505,0.0,1.4240443255450275,0.0,0.0,0.0,0.0,0.0,0.0,0.0,0.0,5.716652870178223,2.9830009937286377,0.4998939335346222,1.905093789100647,7.232000350952148,0.9999060034751892,0.4356861412525177,0.2931777238845825,4.0,0.2907259166240692,0.28257930278778076,0.0,0.00020242914979757084,165.48716735839844,165.31417846679688,0.001045331153846615,,0.2001003623008728,0.726712167263031,,0.06611831486225128,,,,,,,0.19087517261505127,0.7469185590744019,,0.06220623478293419,,,,,,,,,,,,,,,,,,,,,,,,,,,,,,,,,,,,,,,,,,,,,,
538,4.768482999226684e-06,4.7684829992266836e-05,1.0,25.735699627850508,5.620364627322635,36.04113439611486,3.744930782833615,3.744930782833615,3.744930782833615,0.0,0.0,0.3224000157536687,2.2874898137273014,0.12456427393732844,2.119131346006651,0.06070548134881097,0.021270318611248118,0.0,1.4299181345346812,0.0,0.0,0.0,0.0,0.0,0.0,0.0,0.0,5.022098064422607,2.9094176292419434,0.4998939335346222,1.9497957229614258,6.642940044403076,1.0,0.42674633860588074,0.26213765144348145,3.8480308055877686,0.2935017943382263,0.27642732858657837,0.0,0.0,69.45537567138672,69.29081726074219,0.0023692681675656644,,0.20459342002868652,0.7226375341415405,,0.06667392700910568,,,,,,,0.19521771371364594,0.7419096231460571,,0.06287268549203873,,,,,,,,,,,,,,,,,,,,,,,,,,,,,,,,,,,,,,,,,,,,,,
539,4.753489799478647e-06,4.7534897994786464e-05,1.0,23.300304515941722,5.343612258498733,31.51834353885135,3.7177284859322213,3.7177284859322213,3.7177284859322213,0.0,0.0,0.3193129204414986,2.2603724711650126,0.12743386706790408,2.118212313265414,0.05810923189730258,0.020427454162288358,0.0,1.427235474457612,0.0,0.0,0.0,0.0,0.0,0.0,0.0,0.0,6.7643961906433105,3.24094820022583,0.4998939335346222,2.216972589492798,7.579071044921875,0.9998865127563477,0.4400673806667328,0.25,4.0,0.2920961081981659,0.28856131434440613,0.0019230769230769232,0.00020242914979757084,216.1885223388672,216.17274475097656,7.298069166638847e-05,,0.203478142619133,0.7190876007080078,,0.06941934674978256,,,,,,,0.19424358010292053,0.7418122887611389,,0.06394410133361816,,,,,,,,,,,,,,,,,,,,,,,,,,,,,,,,,,,,,,,,,,,,,,
540,4.7385015995828154e-06,4.738501599582815e-05,1.0,24.198633142419762,5.474435754724451,33.182013434332774,3.721482972841005,3.721482972841005,3.721482972841005,0.0,0.0,0.3215749585950697,2.248034090609164,0.1256162926957414,2.1174163818359375,0.05681011483475969,0.01826108629639084,0.0,1.4269211227829393,0.0,0.0,0.0,0.0,0.0,0.0,0.0,0.0,4.301608085632324,2.9213674068450928,0.4998939335346222,2.1820688247680664,6.477025985717773,0.9997285604476929,0.3986806571483612,0.260396271944046,4.0,0.2885882556438446,0.2781108021736145,0.0,0.0009109311740890688,57.27771759033203,57.213836669921875,0.0011152839725048467,,0.19607041776180267,0.7322455644607544,,0.06586948037147522,,,,,,,0.18890193104743958,0.7485895156860352,,0.06250853091478348,,,,,,111.82149933196686,158.09283768344136,0.329443842508903,52.79187590211303,111.8214984577133,171.64710937947214,229.04751407815877,280.39095970967355,65.17410714285714,98.98411453601926,154.92050767981488,0.839620128553877,0.6642601505722426,0.07617721125517429,0.07768138171418927,0.0,0.6373243647491112,0.6490420059060811,0.37594425459146763,0.0,0.0,0.0,0.0,0.0,0.6389917939468004,0.898428053204353,0.9828514895020336,0.9952548459199003,0.39842805320435304,0.18285148950203356,0.045254845919900366,0.20191638269026418,0.0,0.6538461538461539,0.3241758241758242,0.5842490842490842,1.6107717914568198,1.5914072530282724,1.5776209184429149,-7.984395980834961,0.0003406801843084395
541,4.723518550470198e-06,4.7235185504701976e-05,1.0,24.104142472550677,5.358787742820946,33.03490881017736,3.754566089527027,3.754566089527027,3.754566089527027,0.0,0.0,0.31987571716308594,2.2632347313133447,0.1262943293597247,2.11844387569943,0.057192821760435365,0.026300597835231473,0.0,1.425702172356683,0.0,0.0,0.0,0.0,0.0,0.0,0.0,0.0,2.75209903717041,3.5417778491973877,0.4998939335346222,2.533717393875122,7.897932052612305,0.9999610781669617,0.4336584210395813,0.2681509554386139,4.0,0.28593161702156067,0.28654512763023376,0.0,0.00010121457489878542,30.430105209350586,29.692045211791992,0.024254270318191412,,0.19317962229251862,0.7291011810302734,,0.07004427909851074,,,,,,,0.18320295214653015,0.7523354291915894,,0.0644616037607193,,,,,,,,,,,,,,,,,,,,,,,,,,,,,,,,,,,,,,,,,,,,,,
542,4.708540803019932e-06,4.708540803019932e-05,1.0,22.843543800147803,5.55412127520587,30.41566920924831,3.7120146880278715,3.7120146880278715,3.7120146880278715,0.0,0.0,0.3185612704302814,2.2524622324350716,0.12663256155477987,2.1094597481392525,0.05708317498903017,0.01828633450173043,0.0,1.4204023206556164,0.0,0.0,0.0,0.0,0.0,0.0,0.0,0.0,8.963092803955078,2.6322803497314453,0.4998939335346222,1.5962408781051636,6.375988006591797,0.9982818961143494,0.4421616494655609,0.25,4.0,0.2967022657394409,0.2759544551372528,0.00020242914979757084,0.0015182186234817814,302.8489685058594,302.5202941894531,0.0010852746767730562,,0.21171477437019348,0.7095876932144165,,0.06759588420391083,,,,,,,0.2036793828010559,0.7312586307525635,,0.0650620087981224,,,,,,,,,,,,,,,,,,,,,,,,,,,,,,,,,,,,,,,,,,,,,,
543,4.6935685080577684e-06,4.693568508057768e-05,1.0,24.268152185388512,5.319863809121622,33.486730627111484,3.706265423748944,3.706265423748944,3.706265423748944,0.0,0.0,0.32001057186642207,2.275595793852935,0.12507290453524203,2.135036159206081,0.05910209707311682,0.021659841408600677,0.0,1.423095703125,0.0,0.0,0.0,0.0,0.0,0.0,0.0,0.0,4.9381184577941895,2.7503879070281982,0.4998939335346222,1.7927311658859253,6.24046516418457,0.9998184442520142,0.4239142835140228,0.2644815742969513,4.0,0.28909915685653687,0.28127261996269226,0.0,0.0008097165991902834,83.87427520751953,83.89508819580078,-0.00024814507463408837,,0.19719485938549042,0.7299991846084595,,0.06700751930475235,,,,,,,0.18796467781066895,0.7494572401046753,,0.06257811188697815,,,,,,,,,,,,,,,,,,,,,,,,,,,,,,,,,,,,,,,,,,,,,,
544,4.678601816354551e-06,4.678601816354551e-05,1.0,23.004764041385137,5.39891258445946,30.89262431376689,3.704414161475929,3.704414161475929,3.704414161475929,0.0,0.0,0.32017774839658997,2.2650162980363175,0.12444796433319917,2.1246742042335303,0.05994696230501742,0.02138147966281788,0.0,1.4186216818319786,0.0,0.0,0.0,0.0,0.0,0.0,0.0,0.0,8.647171974182129,2.644469738006592,0.4998939335346222,1.8401798009872437,5.833819389343262,0.9997492432594299,0.38139238953590393,0.25,4.0,0.28787919878959656,0.2654125690460205,0.0004048582995951417,0.0004048582995951417,430.01617431640625,430.2058410644531,-0.0004410688699056191,,0.19517242908477783,0.7317134737968445,,0.068052738904953,,,,,,,0.19064155220985413,0.7437825202941895,,0.06557594239711761,,,,,,,,,,,,,,,,,,,,,,,,,,,,,,,,,,,,,,,,,,,,,,
545,4.6636408786247e-06,4.6636408786247e-05,1.0,22.93855079444679,5.402576755832982,30.72608081714527,3.725639961861275,3.725639961861275,3.725639961861275,0.0,0.0,0.32024888734559753,2.2539342931798987,0.12495566703177788,2.109479337125211,0.05938470041429674,0.0201711976850355,0.0,1.4113288054595123,0.0,0.0,0.0,0.0,0.0,0.0,0.0,0.0,3.873462677001953,3.4361071586608887,0.4998939335346222,2.601412773132324,7.773972034454346,0.9998241662979126,0.4356826841831207,0.2547619640827179,4.0,0.28751975297927856,0.299304723739624,0.0,0.0004048582995951417,54.38481140136719,54.40361785888672,-0.00034580348878544554,,0.19550618529319763,0.7286524772644043,,0.06650245934724808,,,,,,,0.18726122379302979,0.7488085031509399,,0.06393024325370789,,,,,,129.1953877878713,189.27801525161274,0.3566464096982723,87.86586283589457,129.19538937401262,184.01960295733244,240.92715486286227,292.11653814476904,48.99385288783482,110.28040662662004,194.4441554857337,0.8443065844480403,0.6939810970300245,0.08220604805965659,0.06563030937134011,0.0,0.6707188757623681,0.6874333374234329,0.41496328659390824,0.0,0.0,0.0,0.0,0.0,0.644157868477925,0.8918874354182698,0.9841339635777363,0.9961892198893408,0.39188743541826976,0.18413396357773626,0.04618921988934088,0.20977611666849877,0.0,0.7527472527472527,0.22527472527472528,0.5439560439560439,1.6736535798389833,1.6551733727638538,1.641865475492163,-7.983942031860352,0.0003408348420634866
546,4.648685845524691e-06,4.6486858455246906e-05,1.0,23.353673986486488,5.252141179265203,31.73168285472973,3.7145810513883024,3.7145810513883024,3.7145810513883024,0.0,0.0,0.32090143255285314,2.247054847511085,0.12590892894847974,2.115942877692145,0.057562196576917496,0.017019511880101385,0.0,1.4040813961544552,0.0,0.0,0.0,0.0,0.0,0.0,0.0,0.0,3.5058817863464355,3.6608693599700928,0.4998939335346222,2.8155462741851807,7.991030693054199,1.0000414848327637,0.4692992866039276,0.25,3.6802947521209717,0.2922511398792267,0.2937779426574707,0.0013157894736842105,0.0,34.178382873535156,33.84492874145508,0.009756287572583686,,0.20402219891548157,0.7175440788269043,,0.06974267214536667,,,,,,,0.1911211609840393,0.7435881495475769,,0.0652906745672226,,,,,,,,,,,,,,,,,,,,,,,,,,,,,,,,,,,,,,,,,,,,,,
547,4.633736867651541e-06,4.633736867651542e-05,1.0,23.60890651393581,5.485576320338893,31.95557300464527,3.739436793971706,3.739436793971706,3.739436793971706,0.0,0.0,0.32083323195173935,2.2498795792863175,0.1266520474408124,2.1168093294710726,0.05724082766352473,0.02123674186500343,0.0,1.4132781157622467,0.0,0.0,0.0,0.0,0.0,0.0,0.0,0.0,2.9619991779327393,3.7827253341674805,0.4998939335346222,2.8210506439208984,8.438567161560059,0.9998995065689087,0.4610643684864044,0.2724851071834564,4.0,0.28659766912460327,0.3000907897949219,0.0,0.0003036437246963563,32.61372375488281,32.33384323120117,0.00858167947288564,,0.1955636888742447,0.7223854660987854,,0.07091262936592102,,,,,,,0.1851307451725006,0.7499123811721802,,0.06495687365531921,,,,,,,,,,,,,,,,,,,,,,,,,,,,,,,,,,,,,,,,,,,,,,
548,4.618794095541294e-06,4.6187940955412935e-05,1.0,24.143224767736488,5.386814426731419,33.080711570945944,3.7552168562605575,3.7552168562605575,3.7552168562605575,0.0,0.0,0.3201721294506176,2.2589597959776184,0.12482797777330554,2.12594934411951,0.05908667719041979,0.026678670097041775,0.0,1.423049411258182,0.0,0.0,0.0,0.0,0.0,0.0,0.0,0.0,3.0179636478424072,3.7038793563842773,0.4998939335346222,2.6696133613586426,8.243087768554688,0.9999223947525024,0.474758118391037,0.2821577191352844,4.0,0.28636762499809265,0.30339568853378296,0.0,0.0003036437246963563,34.95928192138672,34.430931091308594,0.015113320441370412,,0.1943383514881134,0.7266326546669006,,0.0696435272693634,,,,,,,0.182868093252182,0.7530931830406189,,0.06403869390487671,,,,,,,,,,,,,,,,,,,,,,,,,,,,,,,,,,,,,,,,,,,,,,
549,4.603857679667496e-06,4.603857679667496e-05,1.0,23.82708575274493,5.342459188925253,32.527907912795605,3.7389984130859375,3.7389984130859375,3.7389984130859375,0.0,0.0,0.32107899640057536,2.2643073829444678,0.12506099649377772,2.121745135333087,0.057954446689502614,0.02147251689756239,0.0,1.408957816459037,0.0,0.0,0.0,0.0,0.0,0.0,0.0,0.0,9.574858665466309,2.7263126373291016,0.4998939335346222,1.9181617498397827,6.2465620040893555,0.9999971389770508,0.4178389310836792,0.2763323187828064,4.0,0.29299184679985046,0.27501723170280457,0.0,0.00010121457489878542,471.98175048828125,471.95794677734375,5.0433540942789094e-05,,0.2040012925863266,0.7220537662506104,,0.06811483204364777,,,,,,,0.19720476865768433,0.7381446361541748,,0.06465062499046326,,,,,,,,,,,,,,,,,,,,,,,,,,,,,,,,,,,,,,,,,,,,,,
550,4.5889277704396905e-06,4.588927770439691e-05,1.0,23.35179839263091,5.359003015466638,31.542394689611488,3.7437661660684123,3.7437661660684123,3.7437661660684123,0.0,0.0,0.3200494147635795,2.27472769247519,0.12476262530765019,2.1255115818332984,0.06036509049905313,0.028693199157714844,0.0,1.4059062648463894,0.0,0.0,0.0,0.0,0.0,0.0,0.0,0.0,5.137461185455322,3.4010815620422363,0.4998939335346222,2.4070889949798584,7.850261688232422,0.9993516802787781,0.4124164879322052,0.25,4.0,0.28509441018104553,0.28378918766975403,0.0004048582995951417,0.0004048582995951417,123.3779067993164,123.14285278320312,0.0019051548385856034,,0.19289037585258484,0.7259117364883423,,0.06926212459802628,,,,,,,0.18560335040092468,0.7492537498474121,,0.06514287739992142,,,,,,114.87494684575678,165.7719659732814,0.3209810649738036,51.92081912533268,114.874944741767,174.9932794938836,231.49893133658023,281.4955811351587,54.99701908656529,97.03487585496532,174.01656971807066,0.837824925526172,0.6459060085661995,0.06897676977088103,0.07889998155682955,0.0,0.6135149050658936,0.6277476106765045,0.3619105210201061,0.0,0.0,0.0,0.0,0.0,0.6366460062340037,0.9015609541607124,0.9830896632589499,0.9951082774541058,0.40156095416071236,0.18308966325894982,0.04510827745410584,0.2026309039610128,0.0,0.6373626373626373,0.34615384615384615,0.5769230769230769,1.618137769810446,1.5988015249207779,1.585555883226814,-7.983814716339111,0.000340878264978528
551,4.574004518201896e-06,4.574004518201896e-05,1.0,22.649811615815032,5.3189713761613175,30.16036080025338,3.756088669235642,3.756088669235642,3.756088669235642,0.0,0.0,0.3218775053282042,2.259358586491765,0.12577568518148885,2.1252701218063765,0.06026932355519887,0.022016195026603905,0.0,1.4035192953573692,0.0,0.0,0.0,0.0,0.0,0.0,0.0,0.0,6.287999629974365,3.360659599304199,0.4998939335346222,2.2131869792938232,7.8963942527771,0.999962568283081,0.4284270703792572,0.27379852533340454,4.0,0.2853492498397827,0.28617343306541443,0.0,0.0004048582995951417,207.32147216796875,207.34678649902344,-0.00012210182954025238,,0.1925238072872162,0.72883141040802,,0.06946725398302078,,,,,,,0.1855810582637787,0.7491622567176819,,0.06525671482086182,,,,,,,,,,,,,,,,,,,,,,,,,,,,,,,,,,,,,,,,,,,,,,
552,4.5590880732311e-06,4.5590880732311e-05,1.0,24.914554080447637,5.65309308026288,34.436925939611484,3.7133731326541386,3.7133731326541386,3.7133731326541386,0.0,0.0,0.3194563324387009,2.27918325888144,0.1261434555053711,2.1258553169869088,0.06013897947362951,0.020806349612571096,0.0,1.3925851357949746,0.0,0.0,0.0,0.0,0.0,0.0,0.0,0.0,7.1787638664245605,2.560119152069092,0.4998939335346222,1.651138186454773,6.037251949310303,0.9992306232452393,0.3970085084438324,0.26386451721191406,4.0,0.29072675108909607,0.26804643869400024,0.0,0.000708502024291498,186.30979919433594,186.30007934570312,5.2170356443108634e-05,,0.20088665187358856,0.7231698036193848,,0.06698570400476456,,,,,,,0.1946059763431549,0.7411490678787231,,0.06424492597579956,,,,,,,,,,,,,,,,,,,,,,,,,,,,,,,,,,,,,,,,,,,,,,
553,4.544178585735735e-06,4.544178585735735e-05,1.0,24.880286964210303,5.643838830896326,34.306541649070944,3.7638195140941724,3.7638195140941724,3.7638195140941724,0.0,0.0,0.31965000564987595,2.2427877477697424,0.12484736055941195,2.0958478772962414,0.05652554615123852,0.019464697386767413,0.0,1.4011551109520164,0.0,0.0,0.0,0.0,0.0,0.0,0.0,0.0,2.895577907562256,3.665649890899658,0.4998939335346222,2.6585562229156494,8.438567161560059,0.9998738765716553,0.47606804966926575,0.26052525639533997,4.0,0.28567883372306824,0.2996888756752014,0.0,0.0005060728744939271,26.770652770996094,26.26287841796875,0.018967574581426627,,0.19427528977394104,0.7223750948905945,,0.07306990772485733,,,,,,,0.18252864480018616,0.7510136961936951,,0.06645765155553818,,,,,,,,,,,,,,,,,,,,,,,,,,,,,,,,,,,,,,,,,,,,,,
554,4.529276205854175e-06,4.529276205854175e-05,1.0,25.354970571157093,5.354612195813978,35.5976463524071,3.7330074825802364,3.7330074825802364,3.7330074825802364,0.0,0.0,0.3202750231768634,2.2544772173907304,0.1270008087158203,2.0970077514648438,0.05871278530842549,0.022811710834503174,0.0,1.398414302516628,0.0,0.0,0.0,0.0,0.0,0.0,0.0,0.0,4.821961402893066,3.6890664100646973,0.4998939335346222,2.7990970611572266,8.147052764892578,0.9999118447303772,0.5016703009605408,0.25,4.0,0.29468467831611633,0.3040946424007416,0.001417004048582996,0.0004048582995951417,90.3056411743164,90.10340881347656,0.002239421128182634,,0.20938295125961304,0.7073704600334167,,0.07265762984752655,,,,,,,0.19495739042758942,0.7383806705474854,,0.06666192412376404,,,,,,,,,,,,,,,,,,,,,,,,,,,,,,,,,,,,,,,,,,,,,,
555,4.514381083653222e-06,4.514381083653222e-05,1.0,23.76873614336993,5.398234186945735,32.36225190033784,3.7428308435388513,3.7428308435388513,3.7428308435388513,0.0,0.0,0.3196664500880886,2.239601547653611,0.12400121946592589,2.10963419321421,0.06059544795268291,0.023454553372151143,0.0,1.39530779864337,0.0,0.0,0.0,0.0,0.0,0.0,0.0,0.0,5.28428316116333,3.361147880554199,0.4998939335346222,2.2867884635925293,7.865609169006348,0.999988317489624,0.4607755243778229,0.2728208601474762,4.0,0.29277732968330383,0.2895125448703766,0.0,0.00010121457489878542,80.91584777832031,80.93310546875,-0.00021327948607752624,,0.20561622083187103,0.7130599021911621,,0.0723341554403305,,,,,,,0.19407999515533447,0.7390621900558472,,0.06685782968997955,,,,,,136.39768074371003,196.96879243514795,0.3754247018100906,92.18192033453302,136.39768616181524,188.08097257191469,243.05519086577277,294.7276246618051,52.24628720964704,115.80328806795815,206.95716791567594,0.8398727457032331,0.6861561134501301,0.0779478323935629,0.061088884863041086,0.0,0.6598516573867604,0.6802453526649975,0.4157015948052478,0.0,0.0,0.0,0.0,0.0,0.6413055368924044,0.8941226045216372,0.984060679344839,0.9962075409475651,0.39412260452163717,0.18406067934483894,0.046207540947565184,0.21204792788831484,0.0,0.7197802197802198,0.25274725274725274,0.5421245421245421,1.6966210805125288,1.6786644222972158,1.6662115900071113,-7.983326435089111,0.0003410447097849101
556,4.499493369126588e-06,4.499493369126588e-05,1.0,25.66365669869088,5.609733787742821,35.919153161951016,3.7528418463629647,3.7528418463629647,3.7528418463629647,0.0,0.0,0.3203590238416517,2.25287710653769,0.1246517413371318,2.1031774572423987,0.05892433346928777,0.02081539179827716,0.0,1.3985559618150867,0.0,0.0,0.0,0.0,0.0,0.0,0.0,0.0,12.883566856384277,2.4479033946990967,0.4998939335346222,1.263732671737671,6.0780720710754395,0.9999254941940308,0.4243399202823639,0.2747562825679779,4.0,0.2930115759372711,0.273335337638855,0.0,0.00020242914979757084,792.4581909179688,792.644775390625,-0.00023545024178513952,,0.20467105507850647,0.71900475025177,,0.06947638839483261,,,,,,,0.19972243905067444,0.7337167859077454,,0.06656079739332199,,,,,,,,,,,,,,,,,,,,,,,,,,,,,,,,,,,,,,,,,,,,,,
557,4.484613212193396e-06,4.484613212193396e-05,1.0,24.60216625316723,5.457001557221284,33.89241316511824,3.7777693464949325,3.7777693464949325,3.7777693464949325,0.0,0.0,0.320547696706411,2.2635537224846916,0.1252792719248179,2.11414605218011,0.056669737841631915,0.021025100269833126,0.0,1.3971558648186762,0.0,0.0,0.0,0.0,0.0,0.0,0.0,0.0,5.835371971130371,3.4608492851257324,0.4998939335346222,2.3131797313690186,8.275350570678711,0.9999412894248962,0.42633160948753357,0.3162617087364197,4.0,0.288083553314209,0.2818000018596649,0.0,0.00010121457489878542,212.26258850097656,211.9570770263672,0.0014393090971279163,,0.19773542881011963,0.7208014130592346,,0.07304363697767258,,,,,,,0.18768715858459473,0.7450775504112244,,0.06723533570766449,,,,,,,,,,,,,,,,,,,,,,,,,,,,,,,,,,,,,,,,,,,,,,
558,4.46974076269666e-06,4.46974076269666e-05,1.0,23.231875857791387,5.236944250158362,31.415639516469593,3.7526467813027873,3.7526467813027873,3.7526467813027873,0.0,0.0,0.3209824175448031,2.25916372763144,0.1251025071015229,2.131396938014675,0.058661183795413456,0.019235623849404825,0.0,1.3920882972511086,0.0,0.0,0.0,0.0,0.0,0.0,0.0,0.0,10.415925025939941,2.094277858734131,0.4998939335346222,1.3753738403320312,4.813316345214844,0.9994114637374878,0.41086018085479736,0.266254186630249,4.0,0.2948247790336609,0.2649482786655426,0.0,0.0011133603238866396,538.7105712890625,538.6954956054688,2.7984755446093998e-05,,0.2069297581911087,0.7195227146148682,,0.06850017607212067,,,,,,,0.20089411735534668,0.732850968837738,,0.06625494360923767,,,,,,,,,,,,,,,,,,,,,,,,,,,,,,,,,,,,,,,,,,,,,,
559,4.454876170401779e-06,4.454876170401779e-05,1.0,24.39426731418919,5.582308382601352,33.438592034417226,3.7222673570787586,3.7222673570787586,3.7222673570787586,0.0,0.0,0.3198770574621252,2.2825700914537586,0.12268773929492847,2.1524569537188554,0.06007003139805149,0.020338981538205535,0.0,1.3850403863030512,0.0,0.0,0.0,0.0,0.0,0.0,0.0,0.0,7.89980936050415,3.240851879119873,0.4998939335346222,2.2175137996673584,7.668410301208496,0.9996920228004456,0.4489401876926422,0.2732800543308258,4.0,0.28993502259254456,0.28795140981674194,0.0,0.0009109311740890688,488.2341613769531,487.9471435546875,0.0005878691926352648,,0.2012930065393448,0.7155476808547974,,0.07406070828437805,,,,,,,0.1903740018606186,0.7413054704666138,,0.06832052022218704,,,,,,,,,,,,,,,,,,,,,,,,,,,,,,,,,,,,,,,,,,,,,,
560,4.440019584995037e-06,4.4400195849950375e-05,1.0,22.982708905194258,5.515521075274493,30.59726364548142,3.763949420001056,3.763949420001056,3.763949420001056,0.0,0.0,0.3208710953995988,2.28134485193201,0.12369932999482026,2.158173638421136,0.05831404634424158,0.02325739570566126,0.0,1.3802061338682432,0.0,0.0,0.0,0.0,0.0,0.0,0.0,0.0,3.9055354595184326,3.704186201095581,0.4998939335346222,2.832091808319092,8.101033210754395,0.9999064207077026,0.4261118173599243,0.25,4.0,0.28453484177589417,0.28676825761795044,0.00020242914979757084,0.0003036437246963563,111.42739868164062,111.56985473632812,-0.001278465228238087,,0.19244909286499023,0.7237906455993652,,0.07355217635631561,,,,,,,0.18287672102451324,0.7481790781021118,,0.06894414126873016,,,,,,116.84329206864912,171.04633087542598,0.318589964656757,57.55321108639895,116.84329116653946,177.3335911879087,233.2873692096026,283.8028144099512,38.16768210274832,99.33126044458197,177.92549531356147,0.8372015569193496,0.6411964969215312,0.060581784053959864,0.06501276520448585,0.0,0.6088251655459992,0.6219411087063452,0.3581812947615399,0.0,0.0,0.0,0.0,0.0,0.6342157167293571,0.9023304386061339,0.9836942581803525,0.9956945513172841,0.40233043860613393,0.18369425818035245,0.04569455131728417,0.20746766333223407,0.0,0.6153846153846154,0.3516483516483517,0.5558608058608059,1.6362966677317252,1.616968802698366,1.603863809134934,-7.983764171600342,0.00034089546534232795
561,4.425171156082081e-06,4.4251711560820804e-05,1.0,23.155154666385137,5.3185103132918075,31.22307524809966,3.716362205711571,3.716362205711571,3.716362205711571,0.0,0.0,0.319156517853608,2.300178321632179,0.12382136164484797,2.164439227129962,0.06051767194593275,0.026593875240635226,0.0,1.3773800617939718,0.0,0.0,0.0,0.0,0.0,0.0,0.0,0.0,9.747745513916016,2.672220468521118,0.4998939335346222,1.3476197719573975,6.894087314605713,0.9993582963943481,0.46522819995880127,0.29780513048171997,4.0,0.29235419631004333,0.2855685353279114,0.0,0.0009109311740890688,620.67529296875,620.32958984375,0.0005569790338301828,,0.20585186779499054,0.7092434763908386,,0.07457186281681061,,,,,,,0.19661566615104675,0.735196053981781,,0.06818826496601105,,,,,,,,,,,,,,,,,,,,,,,,,,,,,,,,,,,,,,,,,,,,,,
562,4.4103310331864245e-06,4.4103310331864245e-05,1.0,22.9601390941723,5.282118926177153,30.875620249155407,3.7129124821843327,3.7129124821843327,3.7129124821843327,0.0,0.0,0.32025329486743825,2.294291315851985,0.12377148705559808,2.1688834525443412,0.060244070517050254,0.02835188040862212,0.0,1.3768611598659206,0.0,0.0,0.0,0.0,0.0,0.0,0.0,0.0,10.453888893127441,2.6909570693969727,0.4998939335346222,1.6028796434402466,6.636456489562988,0.999444305896759,0.4446410536766052,0.29445499181747437,4.0,0.2888619601726532,0.28243571519851685,0.0,0.0013157894736842105,536.5138549804688,536.21533203125,0.0005564123767681962,,0.1986164152622223,0.7212265729904175,,0.07343222200870514,,,,,,,0.19076399505138397,0.7399370670318604,,0.06929893791675568,,,,,,,,,,,,,,,,,,,,,,,,,,,,,,,,,,,,,,,,,,,,,,
563,4.395499365747944e-06,4.395499365747944e-05,1.0,23.547564532305742,5.427328161291174,31.897817250844593,3.7327262259818412,3.7327262259818412,3.7327262259818412,0.0,0.0,0.32117054913495036,2.2582352096970015,0.12538982082057643,2.1345753025364234,0.057834805669011294,0.019143508898245322,0.0,1.3758171700142525,0.0,0.0,0.0,0.0,0.0,0.0,0.0,0.0,2.5499324798583984,3.7571651935577393,0.4998939335346222,2.845954418182373,8.356560707092285,0.9996546506881714,0.45629361271858215,0.28220948576927185,4.0,0.2812362611293793,0.3002413809299469,0.0,0.0008097165991902834,19.466712951660156,18.85905647277832,0.031215155860713193,,0.18720883131027222,0.7281132936477661,,0.07333938777446747,,,,,,,0.17737886309623718,0.7541120648384094,,0.06850908696651459,,,,,,,,,,,,,,,,,,,,,,,,,,,,,,,,,,,,,,,,,,,,,,
564,4.380676303121362e-06,4.3806763031213626e-05,1.0,22.510725691511823,5.3839004104201855,29.776608028927363,3.7751889615445524,3.7751889615445524,3.7751889615445524,0.0,0.0,0.3213477779079128,2.2729420017551734,0.1264786720275879,2.1269953959697,0.05819527522937672,0.02360233906153086,0.0,1.386662869840055,0.0,0.0,0.0,0.0,0.0,0.0,0.0,0.0,10.210622787475586,2.8673489093780518,0.4998939335346222,1.7857420444488525,6.894087314605713,0.9998701214790344,0.45641306042671204,0.25981295108795166,4.0,0.293768972158432,0.28943753242492676,0.0,0.0003036437246963563,401.99822998046875,401.88690185546875,0.00027693685369064664,,0.2062198519706726,0.7163988351821899,,0.07015760987997055,,,,,,,0.19604259729385376,0.7368683815002441,,0.06708906590938568,,,,,,,,,,,,,,,,,,,,,,,,,,,,,,,,,,,,,,,,,,,,,,
565,4.365861994574757e-06,4.365861994574757e-05,1.0,25.60395771748311,5.681685988967483,35.732781487542226,3.747941300675676,3.747941300675676,3.747941300675676,0.0,0.0,0.32072915257634343,2.257418658282306,0.12428092956542969,2.1179821942303634,0.057349378998215135,0.02231739501695375,0.0,1.3777089505582243,0.0,0.0,0.0,0.0,0.0,0.0,0.0,0.0,3.1933352947235107,3.800931453704834,0.4998939335346222,3.0354254245758057,8.356560707092285,0.9997698664665222,0.4870906174182892,0.2840278148651123,4.0,0.2847849130630493,0.31382060050964355,0.0,0.0005060728744939271,25.375802993774414,24.81635856628418,0.0220463733749622,,0.19288404285907745,0.7234447002410889,,0.07291239500045776,,,,,,,0.18105058372020721,0.7500452995300293,,0.06890416890382767,,,,,,116.48181611365014,170.99803407144674,0.3252466786573707,60.63089854900654,116.48181486780486,177.80661406112475,235.26784744144132,285.40309235614507,46.532499585832866,100.60343063709348,171.65479311735734,0.8435194472742894,0.6562776631579383,0.06733382149084295,0.061923413466071414,0.0,0.6252923362869549,0.6443226022450124,0.38543794431999023,0.0,0.0,0.0,0.0,0.0,0.636941578100471,0.8990692902422044,0.9839324319372686,0.99580447766663,0.3990692902422044,0.1839324319372686,0.045804477666630095,0.21045399582279872,0.0,0.6373626373626373,0.34065934065934067,0.5567765567765568,1.645955184003809,1.626048119349794,1.6123371576214884,-7.983665466308594,0.00034092910937033594
566,4.351056589288054e-06,4.351056589288053e-05,1.0,23.42762055268159,5.380758337072424,31.720551361908782,3.731599962389147,3.731599962389147,3.731599962389147,0.0,0.0,0.3206408474896405,2.2491335482210726,0.12490300874452333,2.1093189136402026,0.05829035269247519,0.022609056653203192,0.0,1.3665795197358002,0.0,0.0,0.0,0.0,0.0,0.0,0.0,0.0,4.611095428466797,2.699955463409424,0.4998939335346222,1.947892665863037,6.089954853057861,0.9996830224990845,0.39006221294403076,0.27152276039123535,4.0,0.2862440049648285,0.272264301776886,0.0,0.0003036437246963563,181.45770263671875,181.42965698242188,0.00015455752987803914,,0.19340090453624725,0.7297655344009399,,0.07052741944789886,,,,,,,0.18668784201145172,0.7447541952133179,,0.06855793297290802,,,,,,,,,,,,,,,,,,,,,,,,,,,,,,,,,,,,,,,,,,,,,,
567,4.336260236351512e-06,4.336260236351512e-05,1.0,24.29292915962838,5.335460765941723,33.474319045608105,3.7363677153716215,3.7363677153716215,3.7363677153716215,0.0,0.0,0.32103004971066035,2.264858967549092,0.12544558499310468,2.125388274321685,0.05860795201482,0.022022796643746866,0.0,1.359060442125475,0.0,0.0,0.0,0.0,0.0,0.0,0.0,0.0,5.5234150886535645,3.4093880653381348,0.4998939335346222,2.354200601577759,7.975438594818115,0.9998102188110352,0.42136427760124207,0.31457504630088806,4.0,0.2838267385959625,0.2816126048564911,0.0,0.0003036437246963563,233.5522003173828,233.45123291015625,0.00043231195034495123,,0.1904260814189911,0.7284467220306396,,0.07400120049715042,,,,,,,0.1838107407093048,0.7460203766822815,,0.0701688900589943,,,,,,,,,,,,,,,,,,,,,,,,,,,,,,,,,,,,,,,,,,,,,,
568,4.3214730847642476e-06,4.321473084764247e-05,1.0,23.73187915698902,5.546898919182855,32.086023279138516,3.7639168404244088,3.7639168404244088,3.7639168404244088,0.0,0.0,0.3206888405052391,2.2640257139463684,0.1249356914210964,2.1265477360905827,0.05891015078570392,0.022098394664558204,0.0,1.35552555805928,0.0,0.0,0.0,0.0,0.0,0.0,0.0,0.0,6.136566638946533,2.872697353363037,0.4998939335346222,1.983888030052185,6.780579090118408,1.0,0.42374053597450256,0.2859957814216614,3.9754581451416016,0.2857992649078369,0.28219106793403625,0.0,0.0,218.79922485351562,218.51780700683594,0.0012861921556993382,,0.19343140721321106,0.7264211177825928,,0.07407678663730621,,,,,,,0.18599581718444824,0.7443631887435913,,0.06964097917079926,,,,,,,,,,,,,,,,,,,,,,,,,,,,,,,,,,,,,,,,,,,,,,
569,4.30669528343271e-06,4.30669528343271e-05,1.0,24.874576053103887,5.36495930439717,34.65340279244088,3.716904098923142,3.716904098923142,3.716904098923142,0.0,0.0,0.31950633590285843,2.259068050900021,0.123764553585568,2.126387312605574,0.05721839054210766,0.018021647994582717,0.0,1.359178285341005,0.0,0.0,0.0,0.0,0.0,0.0,0.0,0.0,5.5408406257629395,3.6046969890594482,0.4998939335346222,2.06442928314209,9.524869918823242,0.9999824166297913,0.4552087187767029,0.29120194911956787,4.0,0.28291985392570496,0.289656400680542,0.0,0.00020242914979757084,173.5252685546875,172.69256591796875,0.0047987399394591275,,0.19007675349712372,0.7242959141731262,,0.07705440372228622,,,,,,,0.1802062839269638,0.7493854761123657,,0.07040827721357346,,,,,,,,,,,,,,,,,,,,,,,,,,,,,,,,,,,,,,,,,,,,,,
570,4.2919269811691956e-06,4.291926981169195e-05,1.0,22.85282939189189,5.408079817488387,30.6377612964527,3.6689428381017737,3.6689428381017737,3.6689428381017737,0.0,0.0,0.3188732250316723,2.287171441155511,0.1244129619082889,2.1473982527449325,0.06128412968403584,0.024744565422470506,0.0,1.3563963400351036,0.0,0.0,0.0,0.0,0.0,0.0,0.0,0.0,3.9906351566314697,3.3180644512176514,0.4998939335346222,2.5392906665802,7.281607151031494,0.9994247555732727,0.44005489349365234,0.25,4.0,0.28164130449295044,0.29201656579971313,0.001417004048582996,0.0009109311740890688,128.21731567382812,127.85295104980469,0.0028417739219431504,,0.18811000883579254,0.7262791991233826,,0.0742960125207901,,,,,,,0.17903050780296326,0.7502988576889038,,0.07067058980464935,,,,,,122.16422837645143,180.3263527656651,0.3358644455295138,77.47734048864343,122.16422637929911,179.6692127573155,236.81667093420336,287.7055482383253,44.97900608607701,103.8572067733883,185.24906191618547,0.8495316365480947,0.6724965236589736,0.07481156049836593,0.059834741208011466,0.0,0.6452094212808861,0.6613780195711748,0.39035908194457086,0.0,0.0,0.0,0.0,0.0,0.6378167736136854,0.8957348576453776,0.9843538162764282,0.996262504122238,0.39573485764537764,0.1843538162764281,0.04626250412223809,0.21626177127990912,0.0,0.7142857142857143,0.26373626373626374,0.5238095238095238,1.6521092573037515,1.6329709198121185,1.619887229669225,-7.983420372009277,0.0003410126664675772
571,4.277168326690345e-06,4.277168326690345e-05,1.0,25.549029376055742,5.472750277132602,35.85294816300676,3.742950439453125,3.742950439453125,3.742950439453125,0.0,0.0,0.3211025805086703,2.2459700300886825,0.12453019941175306,2.103618724926098,0.0587778800242656,0.018644564860575908,0.0,1.3624149013209987,0.0,0.0,0.0,0.0,0.0,0.0,0.0,0.0,4.922785758972168,3.900423765182495,0.4998939335346222,2.7732491493225098,9.249869346618652,0.9999596476554871,0.48092153668403625,0.25,4.0,0.2877381145954132,0.30080750584602356,0.00020242914979757084,0.00020242914979757084,113.60855102539062,113.56385040283203,0.00039346177867019457,,0.19798828661441803,0.7175334692001343,,0.07438427954912186,,,,,,,0.1857231706380844,0.7433794736862183,,0.07089735567569733,,,,,,,,,,,,,,,,,,,,,,,,,,,,,,,,,,,,,,,,,,,,,,
572,4.262419468615644e-06,4.2624194686156435e-05,1.0,22.62143851615287,5.2830216691300675,30.16891891891892,3.7518211570945947,3.7518211570945947,3.7518211570945947,0.0,0.0,0.3205974424207533,2.2402650987779773,0.12626220084525444,2.1007067706133866,0.06146195128157332,0.021666475244470546,0.0,1.3708828075512036,0.0,0.0,0.0,0.0,0.0,0.0,0.0,0.0,4.497079849243164,3.734783411026001,0.4998939335346222,2.3686137199401855,9.177886009216309,0.9998131990432739,0.4593086838722229,0.25,4.0,0.28306636214256287,0.29974162578582764,0.000708502024291498,0.0003036437246963563,108.02796173095703,107.70868682861328,0.0029554839064621268,,0.19089514017105103,0.7219510674476624,,0.07546404004096985,,,,,,,0.18010786175727844,0.7499260306358337,,0.06996612250804901,,,,,,,,,,,,,,,,,,,,,,,,,,,,,,,,,,,,,,,,,,,,,,
573,4.24768055546593e-06,4.247680555465929e-05,1.0,21.766977671030407,5.29549840978674,28.52813885663007,3.7110979234850086,3.7110979234850086,3.7110979234850086,0.0,0.0,0.3212110674059069,2.241207638302365,0.1252661266842404,2.107096491633235,0.06009206900725494,0.02057097731409846,0.0,1.3627546155774914,0.0,0.0,0.0,0.0,0.0,0.0,0.0,0.0,5.534152507781982,3.1937448978424072,0.4998939335346222,2.1403863430023193,7.224940776824951,0.9996346831321716,0.439879447221756,0.2727317214012146,4.0,0.285317987203598,0.2880260646343231,0.0,0.0010121457489878543,142.42898559570312,142.49078369140625,-0.00043388707322921044,,0.19329188764095306,0.7244903445243835,,0.0735483318567276,,,,,,,0.18395711481571198,0.7461215853691101,,0.06992127746343613,,,,,,,,,,,,,,,,,,,,,,,,,,,,,,,,,,,,,,,,,,,,,,
574,4.2329517356618935e-06,4.232951735661894e-05,1.0,23.187978383657093,5.261898556271115,31.4292652027027,3.6930859539959884,3.6930859539959884,3.6930859539959884,0.0,0.0,0.32117083265974716,2.260046881598395,0.12615769618266337,2.1188797821869723,0.05737214475064664,0.02043629498095126,0.0,1.371544193577122,0.0,0.0,0.0,0.0,0.0,0.0,0.0,0.0,3.6328797340393066,2.8468167781829834,0.4998939335346222,2.109776496887207,6.413456916809082,1.0,0.36188697814941406,0.2685674726963043,3.397228240966797,0.28060561418533325,0.26914700865745544,0.0,0.0,106.1201400756836,106.2718276977539,-0.001429395230369379,,0.1827203780412674,0.7446799874305725,,0.06940135359764099,,,,,,,0.17668050527572632,0.7554711103439331,,0.06784839183092117,,,,,,,,,,,,,,,,,,,,,,,,,,,,,,,,,,,,,,,,,,,,,,
575,4.218233157522588e-06,4.2182331575225884e-05,1.0,23.4298095703125,5.5253572206239445,31.58038165118243,3.72364972088788,3.72364972088788,3.72364972088788,0.0,0.0,0.31952636306350296,2.2654266357421875,0.12460425093367293,2.1301521095069678,0.059265723099579684,0.022628060869268468,0.0,1.378495809194204,0.0,0.0,0.0,0.0,0.0,0.0,0.0,0.0,2.7224690914154053,3.710129976272583,0.4998939335346222,2.7718963623046875,8.422101974487305,0.999951183795929,0.4581882357597351,0.2593940794467926,4.0,0.28032150864601135,0.2989480793476105,0.0,0.00020242914979757084,7.760134696960449,7.481226921081543,0.035941099835309694,,0.18568871915340424,0.7294301986694336,,0.0740494355559349,,,,,,,0.17424365878105164,0.7562460899353027,,0.06951028108596802,,,,,,127.3907118158026,186.460937059217,0.3639515685117132,90.65445453518039,127.39071323935418,183.19923316131062,238.5613824224647,289.6779349380567,58.814735412597656,110.90575059994246,184.05575163468072,0.8526475309409222,0.6965443915148574,0.09033867561139496,0.05922232717311992,0.0,0.671163277249866,0.7002787926063223,0.4369602588797342,0.0,0.0,0.0,0.0,0.0,0.6448018378065646,0.88782016049247,0.9843904583928768,0.99648235682093,0.38782016049247003,0.1843904583928767,0.04648235682093005,0.22296727859001136,0.0,0.7362637362637363,0.23626373626373626,0.5412087912087912,1.6574208657820146,1.6390369067807773,1.6263131553327643,-7.983490467071533,0.00034098877222277224
576,4.203524969263932e-06,4.203524969263932e-05,1.0,25.622228673986488,5.574277723157728,35.80348329286318,3.784916233372044,3.784916233372044,3.784916233372044,0.0,0.0,0.32328412339494034,2.2439643241263725,0.1257573076196619,2.1222499125712626,0.05728109462841137,0.021752470248454326,0.0,1.3813067255793392,0.0,0.0,0.0,0.0,0.0,0.0,0.0,0.0,3.8995378017425537,3.5445098876953125,0.4998939335346222,2.287905216217041,8.309356689453125,0.9999662041664124,0.46302565932273865,0.28190019726753235,4.0,0.2836828827857971,0.29483723640441895,0.0,0.00010121457489878542,77.81945037841797,77.89981842041016,-0.0010327500592895004,,0.1916576623916626,0.7219699621200562,,0.0759616419672966,,,,,,,0.1800665557384491,0.7487940788269043,,0.07113935053348541,,,,,,,,,,,,,,,,,,,,,,,,,,,,,,,,,,,,,,,,,,,,,,
577,4.188827318997218e-06,4.188827318997218e-05,1.0,23.797772381756758,5.356102195945946,32.45754922402872,3.7426027865023226,3.7426027865023226,3.7426027865023226,0.0,0.0,0.3197518941518423,2.2636537294130066,0.12524911519643422,2.1201963682432434,0.05511973999642037,0.02005952918851698,0.0,1.3721276360589105,0.0,0.0,0.0,0.0,0.0,0.0,0.0,0.0,6.826180458068848,3.037163019180298,0.4998939335346222,1.959817886352539,7.520090103149414,1.0000004768371582,0.4208691120147705,0.25,3.665752410888672,0.2859889566898346,0.2768547832965851,0.00020242914979757084,0.0,291.55224609375,291.41326904296875,0.0004766797465746886,,0.19347158074378967,0.7273908853530884,,0.07361742854118347,,,,,,,0.18431377410888672,0.7462014555931091,,0.06948480010032654,,,,,,,,,,,,,,,,,,,,,,,,,,,,,,,,,,,,,,,,,,,,,,
578,4.174140354727619e-06,4.174140354727619e-05,1.0,23.88683587151605,5.485368883287585,32.4874168602196,3.7495607943148226,3.7495607943148226,3.7495607943148226,0.0,0.0,0.3190069971857844,2.25956746694204,0.12513797347610062,2.128091760583826,0.059168789837811445,0.025538989015527674,0.0,1.3582925538758974,0.0,0.0,0.0,0.0,0.0,0.0,0.0,0.0,2.317551612854004,3.714914560317993,0.4998939335346222,2.602047920227051,8.774721145629883,0.9996014833450317,0.4954167902469635,0.2738427221775055,4.0,0.2792293131351471,0.3087911307811737,0.0,0.0009109311740890688,8.611409187316895,8.127471923828125,0.05619722079883566,,0.18592967092990875,0.7214906215667725,,0.078253835439682,,,,,,,0.17302870750427246,0.7553102970123291,,0.07166093587875366,,,,,,,,,,,,,,,,,,,,,,,,,,,,,,,,,,,,,,,,,,,,,,
579,4.159464224352704e-06,4.1594642243527046e-05,1.0,24.005503061655407,5.331341305294552,32.9168602195946,3.72333794671136,3.72333794671136,3.72333794671136,0.0,0.0,0.32011063034470016,2.281162777462521,0.12494681332562421,2.1463400351034627,0.05907515577367834,0.01912841442469004,0.0,1.3521693461650126,0.0,0.0,0.0,0.0,0.0,0.0,0.0,0.0,8.185608863830566,2.7689080238342285,0.4998939335346222,1.8428773880004883,6.451146602630615,0.9996652007102966,0.38521841168403625,0.35070446133613586,4.0,0.2798560857772827,0.2684806287288666,0.0,0.0004048582995951417,565.2489013671875,565.3948364257812,-0.00025817840289609005,,0.1836240589618683,0.7358496189117432,,0.07333488762378693,,,,,,,0.17868858575820923,0.7502234578132629,,0.07108796387910843,,,,,,,,,,,,,,,,,,,,,,,,,,,,,,,,,,,,,,,,,,,,,,
580,4.144799075660944e-06,4.1447990756609435e-05,1.0,24.22087798247466,5.53168095769109,33.1075439453125,3.7481136837521114,3.7481136837521114,3.7481136837521114,0.0,0.0,0.31982006897797455,2.2650952725797087,0.12474473747047218,2.134548908955342,0.059054477794750315,0.026018239356376028,0.0,1.3481286538613808,0.0,0.0,0.0,0.0,0.0,0.0,0.0,0.0,6.73101282119751,3.2458724975585938,0.4998939335346222,2.2310900688171387,7.653448104858398,0.9999028444290161,0.4342552125453949,0.26119309663772583,4.0,0.28642764687538147,0.27938950061798096,0.0,0.0005060728744939271,274.58258056640625,274.91986083984375,-0.0012283382024517416,,0.1953268200159073,0.721463143825531,,0.07550707459449768,,,,,,,0.1860126554965973,0.7422415614128113,,0.07174575328826904,,,,,,125.42063698401817,183.68016128361828,0.3449078243400017,84.05518001514477,125.42063880880193,182.17743669753668,239.32299342986832,289.8803738859419,43.29882376534598,107.3026448922564,188.726586383322,0.8506312359877665,0.6880619295163823,0.08043318470940054,0.048908362536985585,0.0,0.6619445583633838,0.6850504322931474,0.424611778497004,0.0,0.0,0.0,0.0,0.0,0.6430968837753468,0.8908064929830347,0.9845553479168957,0.9964090725880327,0.3908064929830347,0.18455534791689565,0.04640907258803273,0.22430471584038694,0.0,0.7087912087912088,0.27472527472527475,0.521978021978022,1.6651894717098592,1.6464224652602122,1.6334389403953657,-7.9837117195129395,0.0003409133350942284
581,4.13014505633022e-06,4.13014505633022e-05,1.0,23.792980297191722,5.45591570879962,32.352492873733105,3.729603535420186,3.729603535420186,3.729603535420186,0.0,0.0,0.3206721640921928,2.289182302114126,0.12458392736074086,2.1478584908150338,0.05775623708157926,0.0190585013982412,0.0,1.3446558359506968,0.0,0.0,0.0,0.0,0.0,0.0,0.0,0.0,4.78008508682251,3.4525015354156494,0.4998939335346222,2.4318976402282715,8.260811805725098,0.9998894929885864,0.4624595046043396,0.29052674770355225,4.0,0.2835846543312073,0.29157859086990356,0.0,0.00020242914979757084,158.79383850097656,158.5860595703125,0.0013084823229006124,,0.1914118528366089,0.7217279076576233,,0.079417385160923,,,,,,,0.180252343416214,0.7464791536331177,,0.07326846569776535,,,,,,,,,,,,,,,,,,,,,,,,,,,,,,,,,,,,,,,,,,,,,,
582,4.1155023139263475e-06,4.115502313926347e-05,1.0,23.658932247677363,5.49050944560283,32.05341400971284,3.7296402389938765,3.7296402389938765,3.7296402389938765,0.0,0.0,0.32023300995697845,2.282123462573902,0.12469363856959988,2.149094246529244,0.057360223821691564,0.018786063065399993,0.0,1.3399614901156038,0.0,0.0,0.0,0.0,0.0,0.0,0.0,0.0,4.020796775817871,3.0663790702819824,0.4998939335346222,2.2359979152679443,6.8745880126953125,0.9998866319656372,0.3972792327404022,0.2834465801715851,4.0,0.2818458378314972,0.2771933674812317,0.0,0.0003036437246963563,95.43972778320312,95.3916015625,0.0005042577322982993,,0.18660038709640503,0.7338259816169739,,0.07440455257892609,,,,,,,0.17789973318576813,0.7512482404708862,,0.07085201889276505,,,,,,,,,,,,,,,,,,,,,,,,,,,,,,,,,,,,,,,,,,,,,,
583,4.100870995901579e-06,4.100870995901579e-05,1.0,24.58907008815456,5.307853080130912,34.191505225929056,3.682205612595017,3.682205612595017,3.682205612595017,0.0,0.0,0.319818960653769,2.2789665428367822,0.1254326330648886,2.146368490683066,0.05916657963314572,0.02094341452057297,0.0,1.3388906942831504,0.0,0.0,0.0,0.0,0.0,0.0,0.0,0.0,7.310352325439453,2.97249698638916,0.4998939335346222,1.9436171054840088,7.210843563079834,0.9997036457061768,0.48069390654563904,0.25,4.0,0.2908886671066284,0.2931625247001648,0.0003036437246963563,0.0009109311740890688,164.28533935546875,163.69198608398438,0.0036117238081757254,,0.20339863002300262,0.7114620804786682,,0.07556135952472687,,,,,,,0.19310082495212555,0.7346318364143372,,0.0722673088312149,,,,,,,,,,,,,,,,,,,,,,,,,,,,,,,,,,,,,,,,,,,,,,
584,4.086251249593124e-06,4.0862512495931235e-05,1.0,23.41180584881757,5.384097537478885,31.682241078969593,3.72669116870777,3.72669116870777,3.72669116870777,0.0,0.0,0.3207641292262722,2.2684897345465584,0.12465804332011454,2.13074390308277,0.057804816478007545,0.023780605277499638,0.0,1.3355725262616132,0.0,0.0,0.0,0.0,0.0,0.0,0.0,0.0,7.200560569763184,3.084489107131958,0.4998939335346222,2.2403690814971924,7.065846920013428,1.0000050067901611,0.4401157796382904,0.25,4.0,0.292293518781662,0.2816394865512848,0.000708502024291498,0.00010121457489878542,213.55535888671875,213.65023803710938,-0.00044428363158497937,,0.20483097434043884,0.7133259177207947,,0.07431856542825699,,,,,,,0.19537244737148285,0.733022928237915,,0.0716046690940857,,,,,,,,,,,,,,,,,,,,,,,,,,,,,,,,,,,,,,,,,,,,,,
585,4.071643222221665e-06,4.0716432222216644e-05,1.0,23.65312895903716,5.465261923300253,32.061853357263516,3.7444462131809546,3.7444462131809546,3.7444462131809546,0.0,0.0,0.3204446483302761,2.2554294483081714,0.12405110694266655,2.11324743322424,0.057676237982672615,0.020106866553023055,0.0,1.3381708505991343,0.0,0.0,0.0,0.0,0.0,0.0,0.0,0.0,2.949165105819702,4.314713001251221,0.4998939335346222,2.92484712600708,10.33914852142334,0.9998603463172913,0.42724496126174927,0.28472816944122314,4.0,0.27837637066841125,0.29019883275032043,0.0,0.0003036437246963563,78.829345703125,78.7071304321289,0.0015503778435046534,,0.1838340163230896,0.7253159880638123,,0.08029117435216904,,,,,,,0.17401643097400665,0.7513487339019775,,0.07463479042053223,,,,,,108.16853395399157,156.4155333089995,0.3055941926334151,51.76358254401239,108.16853280987877,167.69782653622855,224.99746311370797,276.2498457531507,50.816734313964844,91.86536555327186,162.61573658818784,0.8538104714314575,0.6571693137536252,0.08211712481317274,0.0704724834130104,0.0,0.6274646703950459,0.6421709914703307,0.3811609338785145,0.0,0.0,0.0,0.0,0.0,0.6391127906786049,0.8964493789161262,0.983840826646147,0.9958960829577517,0.3964493789161262,0.18384082664614698,0.045896082957751716,0.21910153530467918,0.0,0.6373626373626373,0.34615384615384615,0.5457875457875457,1.584455124788232,1.5646096071699163,1.5511030032412036,-7.983991622924805,0.00034081796184182167
586,4.0570470608898745e-06,4.057047060889874e-05,1.0,23.04153854782517,5.289254265862542,31.01995024809966,3.736330186998522,3.736330186998522,3.736330186998522,0.0,0.0,0.3204168886751742,2.260693730534734,0.12388363400021114,2.1369270118507178,0.05793694547704748,0.018574212048504804,0.0,1.3345444137985643,0.0,0.0,0.0,0.0,0.0,0.0,0.0,0.0,5.519913673400879,3.2854387760162354,0.4998939335346222,2.0994999408721924,8.020745277404785,0.9997478723526001,0.4602068364620209,0.30043554306030273,4.0,0.28241223096847534,0.29227301478385925,0.0,0.0008097165991902834,176.1519775390625,176.15899658203125,-3.984651814194647e-05,,0.1892426460981369,0.7250858545303345,,0.07699272781610489,,,,,,,0.1791597157716751,0.747997522354126,,0.07284276932477951,,,,,,,,,,,,,,,,,,,,,,,,,,,,,,,,,,,,,,,,,,,,,,
587,4.042462912580938e-06,4.042462912580938e-05,1.0,24.074099978885137,5.416194606471706,32.948753563133444,3.7401811754381336,3.7401811754381336,3.7401811754381336,0.0,0.0,0.3213907963520772,2.2655287046690247,0.12458475216014965,2.132144000079181,0.05900931358337402,0.01965094095951802,0.0,1.3261062003470756,0.0,0.0,0.0,0.0,0.0,0.0,0.0,0.0,2.9390218257904053,3.7877910137176514,0.4998939335346222,2.603318691253662,8.895512580871582,0.9990377426147461,0.4537622332572937,0.2918786406517029,4.0,0.2793821096420288,0.28878676891326904,0.0,0.000708502024291498,44.802764892578125,44.292579650878906,0.011387360644426083,,0.18546025454998016,0.7239967584609985,,0.07980269938707352,,,,,,,0.17378109693527222,0.7511856555938721,,0.0750332698225975,,,,,,,,,,,,,,,,,,,,,,,,,,,,,,,,,,,,,,,,,,,,,,
588,4.027890924157066e-06,4.0278909241570655e-05,1.0,21.722136626372468,5.203096956820102,28.472672745988177,3.7303108009132178,3.7303108009132178,3.7303108009132178,0.0,0.0,0.3206816235104123,2.2686301566459037,0.12283432161485827,2.1508224074904985,0.05718473485998205,0.01835532929446246,0.0,1.3215319659258868,0.0,0.0,0.0,0.0,0.0,0.0,0.0,0.0,5.035735607147217,3.355426073074341,0.4998939335346222,1.8370376825332642,8.791875839233398,0.9993516802787781,0.4851784408092499,0.2780819833278656,4.0,0.28184986114501953,0.2948778569698334,0.0,0.0009109311740890688,132.6718292236328,132.3851776123047,0.002160606460358231,,0.1896163374185562,0.7199648022651672,,0.07900422066450119,,,,,,,0.17990213632583618,0.7452254295349121,,0.0748724490404129,,,,,,,,,,,,,,,,,,,,,,,,,,,,,,,,,,,,,,,,,,,,,,
589,4.013331242358018e-06,4.0133312423580174e-05,1.0,23.49803862700591,5.388720125765414,31.980132231841218,3.658839870143581,3.658839870143581,3.658839870143581,0.0,0.0,0.31984857610754064,2.273832372716955,0.12513587281510635,2.144925916517103,0.05928992580723118,0.019609979681066564,0.0,1.3198844291068412,0.0,0.0,0.0,0.0,0.0,0.0,0.0,0.0,10.542961120605469,3.4898808002471924,0.4998939335346222,2.398289680480957,8.504751205444336,1.000047206878662,0.43432044982910156,0.25,3.42390775680542,0.2928006052970886,0.2706487774848938,0.0020242914979757085,0.0,614.4774169921875,614.5839233398438,-0.0001733283351202541,,0.20663990080356598,0.707243800163269,,0.07955015450716019,,,,,,,0.19457852840423584,0.730679988861084,,0.07474146783351898,,,,,,,,,,,,,,,,,,,,,,,,,,,,,,,,,,,,,,,,,,,,,,
590,3.9987840137996305e-06,3.998784013799631e-05,1.0,23.80976001636402,5.3917236328125,32.4797264305321,3.72803765374261,3.72803765374261,3.72803765374261,0.0,0.0,0.320111506694072,2.2536194260055953,0.1253549086081015,2.119166812381229,0.059111092541668867,0.020072734033739246,0.0,1.3256806038521431,0.0,0.0,0.0,0.0,0.0,0.0,0.0,0.0,5.62095832824707,3.3301784992218018,0.4998939335346222,2.401219129562378,7.389056205749512,0.9999181628227234,0.4475463330745697,0.256769061088562,4.0,0.29097405076026917,0.28356391191482544,0.0,0.00020242914979757084,129.71820068359375,129.66082763671875,0.0004422898758435856,,0.20363175868988037,0.710271418094635,,0.07860817760229111,,,,,,,0.19122183322906494,0.7349705100059509,,0.07380770891904831,,,,,,96.84435393784072,138.57501509038207,0.2643125428519407,-6.668020772409963,96.84435202273524,162.57639659521465,218.85843622104184,267.99692629896265,37.80205862862723,78.60381742965343,156.98185995350713,0.8512021682178128,0.5799549153901215,0.05027752296553362,0.07974501591415781,0.0,0.536868091502511,0.5388300915567505,0.30003124891606814,0.0,0.0,0.0,0.0,0.0,0.6312508052486437,0.9081382140632442,0.9814957311934337,0.9938807665530761,0.40813821406324424,0.18149573119343365,0.043880766553076156,0.20704627899307465,0.0,0.5,0.489010989010989,0.5705128205128206,1.546625099666826,1.5238497005059168,1.5088641063852624,-7.984294891357422,0.00034071464324370027
591,3.984249384972335e-06,3.9842493849723345e-05,1.0,22.03330540012669,5.265880687816723,29.13278610641892,3.6805362185916386,3.6805362185916386,3.6805362185916386,0.0,0.0,0.32069051587903824,2.277346842997783,0.12376869047010267,2.133634412610853,0.05883084116755305,0.021443338007540315,0.0,1.3177041749696474,0.0,0.0,0.0,0.0,0.0,0.0,0.0,0.0,9.15046501159668,3.279698610305786,0.4998939335346222,1.7123074531555176,8.405668258666992,0.999784529209137,0.4124377369880676,0.2980421483516693,4.0,0.288808137178421,0.27086925506591797,0.0,0.000708502024291498,306.8167724609375,306.884033203125,-0.0002192212037432319,,0.20057928562164307,0.7110450267791748,,0.08033007383346558,,,,,,,0.193052738904953,0.7309094071388245,,0.07603786885738373,,,,,,,,,,,,,,,,,,,,,,,,,,,,,,,,,,,,,,,,,,,,,,
592,3.9697275022396785e-06,3.969727502239678e-05,1.0,21.63180129592483,5.252319748337205,28.276172534839528,3.7188943398965373,3.7188943398965373,3.7188943398965373,0.0,0.0,0.3207958066785658,2.261084479254645,0.12290142677925728,2.124927211452175,0.058459223927678286,0.02135178688410166,0.0,1.3267362439954602,0.0,0.0,0.0,0.0,0.0,0.0,0.0,0.0,4.574915885925293,3.7318825721740723,0.4998939335346222,2.789546489715576,8.21095085144043,0.9998311996459961,0.4775763750076294,0.27336540818214417,4.0,0.286924809217453,0.29663780331611633,0.0,0.0003036437246963563,52.28160858154297,52.18651580810547,0.0018188570707266016,,0.19800205528736115,0.7121883034706116,,0.07815930247306824,,,,,,,0.18428590893745422,0.7423125505447388,,0.073401540517807,,,,,,,,,,,,,,,,,,,,,,,,,,,,,,,,,,,,,,,,,,,,,,
593,3.955218511836861e-06,3.955218511836861e-05,1.0,22.26952300200591,5.135324426599451,29.77118084881757,3.6731522018845015,3.6731522018845015,3.6731522018845015,0.0,0.0,0.3203096389770508,2.260099050161001,0.12492133475638725,2.1040540128140837,0.05796630962474926,0.017027440908792858,0.0,1.3221173673062712,0.0,0.0,0.0,0.0,0.0,0.0,0.0,0.0,2.767930030822754,4.3574748039245605,0.4998939335346222,3.1873176097869873,9.788908958435059,0.9998462200164795,0.4849986135959625,0.297573983669281,4.0,0.27991801500320435,0.3075686991214752,0.0,0.0005060728744939271,20.27349853515625,20.094810485839844,0.008813873392722204,,0.18685325980186462,0.7208490967750549,,0.0804435983300209,,,,,,,0.17352572083473206,0.7516768574714661,,0.07479743659496307,,,,,,,,,,,,,,,,,,,,,,,,,,,,,,,,,,,,,,,,,,,,,,
594,3.9407225598692544e-06,3.940722559869254e-05,1.0,23.96886382231841,5.460069398622255,32.64939756651182,3.763407939189189,3.763407939189189,3.763407939189189,0.0,0.0,0.3224034953761745,2.2481831731023014,0.12484511813601933,2.142082420555321,0.059116234650483004,0.021134152605726913,0.0,1.3250631383947424,0.0,0.0,0.0,0.0,0.0,0.0,0.0,0.0,2.4825239181518555,4.398526668548584,0.4998939335346222,3.340280055999756,9.923660278320312,0.9998360276222229,0.45780593156814575,0.2632925808429718,4.0,0.2784617841243744,0.3014248013496399,0.0,0.0006072874493927126,9.726448059082031,9.65294361114502,0.00755717272024881,,0.18515412509441376,0.7199544310569763,,0.08117306977510452,,,,,,,0.1725703626871109,0.7516305446624756,,0.0757991299033165,,,,,,,,,,,,,,,,,,,,,,,,,,,,,,,,,,,,,,,,,,,,,,
595,3.926239792310933e-06,3.926239792310934e-05,1.0,23.14253193623311,5.36241356102196,31.213761613175677,3.703271401895059,3.703271401895059,3.703271401895059,0.0,0.0,0.32002376865696264,2.2674166705157304,0.12423448304872255,2.1339758795660897,0.059097425357715505,0.018970193089665594,0.0,1.321295454695418,0.0,0.0,0.0,0.0,0.0,0.0,0.0,0.0,3.2463884353637695,3.7162578105926514,0.4998939335346222,2.690551280975342,8.60667896270752,0.9999250769615173,0.4137711226940155,0.293992280960083,4.0,0.28043389320373535,0.2831161618232727,0.0,0.0005060728744939271,60.19334030151367,60.10023880004883,0.001546707675608136,,0.18557295203208923,0.7295140624046326,,0.07876711338758469,,,,,,,0.17559979856014252,0.749259352684021,,0.07514087855815887,,,,,,102.91927371182284,148.63916042663627,0.28399381006691915,25.77921127487015,102.91927619371407,166.8791089148867,223.06756848036366,273.09334081476766,39.047063555036274,86.65746248230454,158.2427328358526,0.8552251793545547,0.6112348067224891,0.062308122482169,0.06866666740279422,0.0,0.5710648332890166,0.591595653538353,0.3484956510887308,0.0,0.0,0.0,0.0,0.0,0.632765322552327,0.9058664028434282,0.9829247737349309,0.9949433879300869,0.40586640284342823,0.18292477373493088,0.0449433879300869,0.21239602799457696,0.0,0.5714285714285714,0.4175824175824176,0.5494505494505495,1.5836906266081465,1.5614514344341153,1.5465600737831096,-7.98426628112793,0.0003407243639230728
596,3.911770355003209e-06,3.911770355003209e-05,1.0,22.53742939717061,5.185937829919763,30.10842483108108,3.7480856405722127,3.7480856405722127,3.7480856405722127,0.0,0.0,0.321553694235312,2.243396862133129,0.12407867328540699,2.1075930208773226,0.0585190927660143,0.021827733194505847,0.0,1.3248128117741764,0.0,0.0,0.0,0.0,0.0,0.0,0.0,0.0,6.621255874633789,3.560727119445801,0.4998939335346222,2.443801164627075,8.504751205444336,0.9996747970581055,0.41339483857154846,0.2725564241409302,4.0,0.28429242968559265,0.2776964008808136,0.0,0.00020242914979757084,336.1534729003906,336.1020202636719,0.00015306293364994182,,0.19297577440738678,0.7189609408378601,,0.07929009944200516,,,,,,,0.18458449840545654,0.7397107481956482,,0.07570475339889526,,,,,,,,,,,,,,,,,,,,,,,,,,,,,,,,,,,,,,,,,,,,,,
597,3.897314393653151e-06,3.897314393653151e-05,1.0,23.83838715424409,5.323929657807222,32.57893990181588,3.7439979347022803,3.7439979347022803,3.7439979347022803,0.0,0.0,0.3213628304971231,2.2518929146431588,0.1254044094601193,2.10453631426837,0.058469037751893736,0.022121951386735245,0.0,1.3178525357633024,0.0,0.0,0.0,0.0,0.0,0.0,0.0,0.0,3.523221254348755,3.8795766830444336,0.4998939335346222,2.667658805847168,8.809063911437988,0.9998692274093628,0.44136178493499756,0.2789371609687805,4.0,0.280936062335968,0.29359665513038635,0.0,0.00020242914979757084,27.559675216674805,27.454051971435547,0.0038325286640297977,,0.18732847273349762,0.7250506281852722,,0.07748972624540329,,,,,,,0.17733803391456604,0.7483059167861938,,0.07435600459575653,,,,,,,,,,,,,,,,,,,,,,,,,,,,,,,,,,,,,,,,,,,,,,
598,3.882872053832133e-06,3.8828720538321325e-05,1.0,23.55996291701858,5.355786710172086,31.97048537795608,3.7485850566142314,3.7485850566142314,3.7485850566142314,0.0,0.0,0.3203730969815641,2.2646016301335514,0.12474540761999182,2.1177341358081714,0.06052260785489469,0.020313631843876193,0.0,1.3160555040514148,0.0,0.0,0.0,0.0,0.0,0.0,0.0,0.0,4.7218122482299805,4.240631103515625,0.4998939335346222,2.9622156620025635,10.060267448425293,1.0000066757202148,0.4414556622505188,0.25,4.0,0.2829129695892334,0.2843989133834839,0.0011133603238866396,0.00010121457489878542,111.88856506347656,110.75759887695312,0.010107969352201615,,0.19120727479457855,0.7180293798446655,,0.08348418772220612,,,,,,,0.17976132035255432,0.7426800727844238,,0.07755861431360245,,,,,,,,,,,,,,,,,,,,,,,,,,,,,,,,,,,,,,,,,,,,,,
599,3.868443480974354e-06,3.868443480974354e-05,1.0,25.605053051097972,5.439444052206503,36.01003945840372,3.731509234454181,3.731509234454181,3.731509234454181,0.0,0.0,0.32017298002500794,2.2675084294499577,0.12371958913029851,2.12586954477671,0.05809674391875396,0.02259821182972676,0.0,1.3047101819837414,0.0,0.0,0.0,0.0,0.0,0.0,0.0,0.0,9.68542194366455,4.149738788604736,0.4998939335346222,2.5411510467529297,10.099641799926758,0.9999716281890869,0.41860073804855347,0.2785804271697998,4.0,0.2860414981842041,0.2790380120277405,0.0,0.00020242914979757084,565.6026611328125,565.599853515625,4.963939140379551e-06,,0.19678005576133728,0.7114142179489136,,0.08341770619153976,,,,,,,0.18760743737220764,0.7353149652481079,,0.07707757502794266,,,,,,,,,,,,,,,,,,,,,,,,,,,,,,,,,,,,,,,,,,,,,,
600,3.854028820375385e-06,3.854028820375385e-05,1.0,22.88922284100507,5.342279382654138,30.638226483319258,3.758124686576225,3.758124686576225,3.758124686576225,0.0,0.0,0.32042462116963155,2.2466721405854098,0.1238527942348171,2.104870976628484,0.057908973178348026,0.022086222429533262,0.0,1.3134178986420502,0.0,0.0,0.0,0.0,0.0,0.0,0.0,0.0,1.8042349815368652,4.692821025848389,0.4998939335346222,3.3045902252197266,10.709098815917969,1.0,0.3780217468738556,0.2674212157726288,3.276710033416748,0.2707682251930237,0.28456929326057434,0.0,0.0,1.726233959197998,1.705350637435913,0.01209761959021318,,0.1711147576570511,0.7377574443817139,,0.08085852116346359,,,,,,,0.16392947733402252,0.7592519521713257,,0.0768185406923294,,,,,,103.85058052985222,150.52571142965368,0.2809712458045299,21.51540538242885,103.85058298718388,168.57834896084142,224.79382860157614,274.43631747748987,34.86772918701172,86.01181538899739,164.37407319442084,0.8523797207626026,0.592891485885583,0.05425259463945608,0.06767855557034087,0.0,0.5505572112091487,0.5638297001996043,0.3217787563556451,0.0,0.0,0.0,0.0,0.0,0.6329297176228156,0.9064893188230552,0.9823934630464256,0.9946319299402734,0.40648931882305517,0.18239346304642556,0.04463192994027343,0.20777912132204757,0.0,0.5769230769230769,0.4175824175824176,0.5375457875457876,1.5894590689913257,1.5676072465849447,1.5534605247961295,-7.98353910446167,0.0003409721830394119
601,3.8396282171906966e-06,3.8396282171906964e-05,1.0,22.938691010346282,5.272601565799198,30.89802510029561,3.708628886454814,3.708628886454814,3.708628886454814,0.0,0.0,0.3199221894547746,2.263974782582876,0.12411796724474108,2.1092395266971073,0.05958448873983847,0.01771884995537835,0.0,1.3056847855851457,0.0,0.0,0.0,0.0,0.0,0.0,0.0,0.0,8.70103931427002,3.4808566570281982,0.4998939335346222,2.081636428833008,8.774721145629883,0.9997210502624512,0.43190374970436096,0.2902979850769043,4.0,0.2822880446910858,0.28507760167121887,0.0,0.000708502024291498,418.1824035644531,417.8215637207031,0.00086287667934929,,0.18946753442287445,0.7228752970695496,,0.07960255444049835,,,,,,,0.1813395470380783,0.7426484227180481,,0.07601200044155121,,,,,,,,,,,,,,,,,,,,,,,,,,,,,,,,,,,,,,,,,,,,,,
602,3.8252418164341996e-06,3.8252418164342e-05,1.0,22.432226232580238,5.40237385517842,29.783496753589528,3.69249828441723,3.69249828441723,3.69249828441723,0.0,0.0,0.31899552731900604,2.259881509316934,0.12434907861658044,2.1233963837494723,0.05800445659740551,0.021404232527758624,0.0,1.319836693841058,0.0,0.0,0.0,0.0,0.0,0.0,0.0,0.0,4.102145195007324,4.099062919616699,0.4998939335346222,2.8978381156921387,9.54349136352539,1.0,0.469776451587677,0.27030330896377563,3.8124310970306396,0.27910739183425903,0.2970079481601715,0.0,0.0,61.925384521484375,61.62001037597656,0.004931324171299511,,0.18459297716617584,0.7263147234916687,,0.07924483716487885,,,,,,,0.1716838926076889,0.7536212205886841,,0.07469490170478821,,,,,,,,,,,,,,,,,,,,,,,,,,,,,,,,,,,,,,,,,,,,,,
603,3.810869762976796e-06,3.810869762976796e-05,1.0,22.51408427470439,5.2803955078125,29.994219805743242,3.7286244985219597,3.7286244985219597,3.7286244985219597,0.0,0.0,0.3199939470033388,2.2611659281962626,0.1233732507035539,2.1289961531355575,0.058097220755912164,0.019097916177801183,0.0,1.3174268361684438,0.0,0.0,0.0,0.0,0.0,0.0,0.0,0.0,4.943797588348389,3.388902425765991,0.4998939335346222,2.4841043949127197,7.668410301208496,1.0,0.3789406418800354,0.31795305013656616,3.851008176803589,0.27461811900138855,0.2790018320083618,0.0,0.0,112.70784759521484,112.77904510498047,-0.0006316996667466106,,0.17446915805339813,0.7455422282218933,,0.07635801285505295,,,,,,,0.16911782324314117,0.7566170692443848,,0.07426510751247406,,,,,,,,,,,,,,,,,,,,,,,,,,,,,,,,,,,,,,,,,,,,,,
604,3.7965122015449023e-06,3.796512201544902e-05,1.0,24.95238762932855,5.439011032516892,34.754183382601354,3.704234355204814,3.704234355204814,3.704234355204814,0.0,0.0,0.3201706860516522,2.2701859345307223,0.12315387983579894,2.136077880859375,0.0585861012742326,0.019956084522041114,0.0,1.3123234929265202,0.0,0.0,0.0,0.0,0.0,0.0,0.0,0.0,5.247994899749756,3.7775042057037354,0.4998939335346222,2.630150318145752,8.878154754638672,0.999748170375824,0.45513516664505005,0.29333338141441345,4.0,0.27903667092323303,0.2953018844127655,0.0,0.0006072874493927126,113.04762268066406,112.38282775878906,0.005880662557167671,,0.18422774970531464,0.7275065183639526,,0.07915251702070236,,,,,,,0.17483998835086823,0.7503441572189331,,0.07481586933135986,,,,,,,,,,,,,,,,,,,,,,,,,,,,,,,,,,,,,,,,,,,,,,
605,3.782169276719e-06,3.782169276719e-05,1.0,23.000620249155407,5.460650057406039,30.78676955764358,3.7303672996727197,3.7303672996727197,3.7303672996727197,0.0,0.0,0.32096486478238495,2.250910372347445,0.12367715062321843,2.12616812216269,0.059241868354178766,0.017650560752765554,0.0,1.3201563036119617,0.0,0.0,0.0,0.0,0.0,0.0,0.0,0.0,3.1961781978607178,5.135464668273926,0.4998939335346222,3.863457202911377,11.647343635559082,0.9999632239341736,0.4222014844417572,0.26428499817848206,4.0,0.2727675437927246,0.29890477657318115,0.0,0.00020242914979757084,41.68912887573242,41.44349670410156,0.005891995785353142,,0.1756664216518402,0.7291473150253296,,0.08151748031377792,,,,,,,0.1674714982509613,0.7558705806732178,,0.07665794342756271,,,,,,104.22948690561148,151.22974858971133,0.284782648370155,27.172294700538718,104.22948653791636,166.7248737134277,223.66313765884675,273.7786600047629,37.82989174979074,87.48115557293559,161.3019196883492,0.8518062581508099,0.6076102113441834,0.06384851821136027,0.06667521411942644,0.0,0.5681949960019651,0.5884976565416215,0.348870598769796,0.0,0.0,0.0,0.0,0.0,0.6362542583075435,0.9044740024183797,0.9824301051628742,0.9949067458136382,0.4044740024183797,0.18243010516287417,0.044906745813638294,0.2066248946539152,0.0,0.5934065934065934,0.3956043956043956,0.5448717948717948,1.587300656588523,1.5658277165103744,1.5516013149376755,-7.983663082122803,0.0003409299242775887
606,3.7678411329321867e-06,3.767841132932187e-05,1.0,21.28410545555321,5.331460488809122,27.4361011402027,3.76020977948163,3.76020977948163,3.76020977948163,0.0,0.0,0.32142956192429,2.2441051586254224,0.12357916703095308,2.097180546940984,0.05758034216391074,0.023043224940428864,0.0,1.3307299227327913,0.0,0.0,0.0,0.0,0.0,0.0,0.0,0.0,2.599191427230835,4.2997965812683105,0.4998939335346222,3.2185962200164795,9.769808769226074,0.999925971031189,0.4478127062320709,0.3226771354675293,4.0,0.27015021443367004,0.3051857054233551,0.0,0.0003036437246963563,42.28459548950195,41.947486877441406,0.007972374056274021,,0.16953247785568237,0.7417739629745483,,0.07787065207958221,,,,,,,0.15946127474308014,0.7666720747947693,,0.07386664301156998,,,,,,,,,,,,,,,,,,,,,,,,,,,,,,,,,,,,,,,,,,,,,,
607,3.7535279144687103e-06,3.75352791446871e-05,1.0,23.557472022804053,5.336753226615287,32.082555822423984,3.7013388968802787,3.7013388968802787,3.7013388968802787,0.0,0.0,0.3205033637381889,2.259033203125,0.12378290537241343,2.116012160842483,0.059302407342034416,0.019579792344892346,0.0,1.3249970513421137,0.0,0.0,0.0,0.0,0.0,0.0,0.0,0.0,4.392845153808594,3.4447293281555176,0.4998939335346222,2.5392906665802,7.713475227355957,1.0,0.4040054976940155,0.2570061981678009,3.877500057220459,0.2778390347957611,0.2814803719520569,0.0,0.0,61.68042755126953,61.72464370727539,-0.0007168587793770781,,0.18014919757843018,0.73920738697052,,0.07522761076688766,,,,,,,0.17133404314517975,0.7555400729179382,,0.07312588393688202,,,,,,,,,,,,,,,,,,,,,,,,,,,,,,,,,,,,,,,,,,,,,,
608,3.7392297654625194e-06,3.7392297654625195e-05,1.0,25.04645435230152,5.547215642155828,34.911805848817565,3.6726783546241553,3.6726783546241553,3.6726783546241553,0.0,0.0,0.3189424308570656,2.2541256466427364,0.12370594127758129,2.1174405072186446,0.05873974593910011,0.018551586447535334,0.0,1.319042308910473,0.0,0.0,0.0,0.0,0.0,0.0,0.0,0.0,2.941009759902954,3.9293980598449707,0.4998939335346222,2.78818416595459,9.177886009216309,0.999654233455658,0.3829668462276459,0.26008138060569763,4.0,0.2721601724624634,0.2884814739227295,0.0,0.0009109311740890688,40.45167922973633,40.562557220458984,-0.0027409984661687175,,0.17203164100646973,0.7424099445343018,,0.07659436762332916,,,,,,,0.1649889051914215,0.7605726718902588,,0.07443845272064209,,,,,,,,,,,,,,,,,,,,,,,,,,,,,,,,,,,,,,,,,,,,,,
609,3.7249468298958187e-06,3.724946829895819e-05,1.0,25.802582611908782,5.466356019716005,36.470792203336146,3.6876365043021537,3.6876365043021537,3.6876365043021537,0.0,0.0,0.32045830907048406,2.2693619599213473,0.12552208513826937,2.1092696318755277,0.05774645547609072,0.0199396014213562,0.0,1.3199318550728463,0.0,0.0,0.0,0.0,0.0,0.0,0.0,0.0,4.593716621398926,4.2312822341918945,0.4998939335346222,3.3013648986816406,9.37720012664795,0.9997848272323608,0.4559321701526642,0.2580493092536926,4.0,0.2817026972770691,0.29488664865493774,0.0,0.0004048582995951417,72.84686279296875,72.90214538574219,-0.0007588877633694533,,0.18940603733062744,0.7198675274848938,,0.07986728101968765,,,,,,,0.17761600017547607,0.7470300793647766,,0.07535390555858612,,,,,,,,,,,,,,,,,,,,,,,,,,,,,,,,,,,,,,,,,,,,,,
610,3.71067925159761e-06,3.7106792515976096e-05,1.0,24.32050880225929,5.355469574799409,33.58939505912162,3.6949879414326436,3.6949879414326436,3.6949879414326436,0.0,0.0,0.3208744203722155,2.2698219917915963,0.12397303452362886,2.1356207357870565,0.05980584428117082,0.02341612770750716,0.0,1.3150658478608002,0.0,0.0,0.0,0.0,0.0,0.0,0.0,0.0,3.311920642852783,4.173369407653809,0.4998939335346222,2.919139862060547,10.042593002319336,0.9996546506881714,0.44792309403419495,0.3146459758281708,4.0,0.2681916058063507,0.3068598806858063,0.0,0.0010121457489878543,92.06193542480469,91.98343658447266,0.0008526742346857171,,0.16731299459934235,0.7401215434074402,,0.07962272316217422,,,,,,,0.1588670164346695,0.7652969360351562,,0.07583603262901306,,,,,,96.72684298504839,138.19025255529775,0.2655407159932463,8.833357465136181,96.72683933735695,163.10144611424306,220.46415108682308,269.199425422255,33.51685006277902,81.04821676801342,150.31407629925272,0.8525909940036648,0.5863875396520511,0.06003507090022201,0.07376786672694656,0.0,0.5446080577866598,0.5604272090252843,0.3138013803237291,0.0,0.0,0.0,0.0,0.0,0.6353078117220069,0.9064526767066066,0.9815873364845553,0.994100619251768,0.40645267670660656,0.18158733648455527,0.044100619251768,0.20261258290278847,0.0,0.5384615384615384,0.45604395604395603,0.5586080586080585,1.5597632899061664,1.537602526964722,1.5228723217170317,-7.983157634735107,0.0003411022771615535
611,3.6964271742422476e-06,3.6964271742422476e-05,1.0,22.327239165434968,5.279835056614232,29.626705685177363,3.7334545238597974,3.7334545238597974,3.7334545238597974,0.0,0.0,0.3204610669935072,2.234743479135874,0.1245007643828521,2.1032885989627323,0.061142972997716954,0.023615579347352724,0.0,1.322282430287954,0.0,0.0,0.0,0.0,0.0,0.0,0.0,0.0,3.955885410308838,3.963108777999878,0.4998939335346222,2.6527211666107178,9.750744819641113,0.999727189540863,0.44791531562805176,0.2897448241710663,4.0,0.2717670500278473,0.30357787013053894,0.0,0.0008097165991902834,107.50516510009766,107.238525390625,0.0024802502207627794,,0.17288249731063843,0.7359161972999573,,0.07981827855110168,,,,,,,0.16472190618515015,0.760263979434967,,0.07501409202814102,,,,,,,,,,,,,,,,,,,,,,,,,,,,,,,,,,,,,,,,,,,,,,
612,3.6821907413479923e-06,3.6821907413479926e-05,1.0,24.675256677576012,5.5251753523543075,34.04371766786318,3.74501862397065,3.74501862397065,3.74501862397065,0.0,0.0,0.31924928201211467,2.245863218565245,0.12220396866669526,2.1319773905986064,0.059043491208875504,0.02026832748103786,0.0,1.3164085181983742,0.0,0.0,0.0,0.0,0.0,0.0,0.0,0.0,10.310233116149902,3.343064308166504,0.4998939335346222,1.9892230033874512,8.539700508117676,0.9999100565910339,0.3828839361667633,0.27397802472114563,4.0,0.2755679786205292,0.27461525797843933,0.0,0.00020242914979757084,802.879150390625,803.09521484375,-0.0002691120488306093,,0.17803864181041718,0.7346718907356262,,0.08020706474781036,,,,,,,0.17325937747955322,0.7501108050346375,,0.07662983238697052,,,,,,,,,,,,,,,,,,,,,,,,,,,,,,,,,,,,,,,,,,,,,,
613,3.6679700962755667e-06,3.6679700962755666e-05,1.0,22.54317989864865,5.320663864548142,30.03506057326858,3.7167510986328125,3.7167510986328125,3.7167510986328125,0.0,0.0,0.3206832988842114,2.266620532886402,0.12297751452471758,2.113776954444679,0.060745277920284786,0.02203230922286575,0.0,1.3234532330487225,0.0,0.0,0.0,0.0,0.0,0.0,0.0,0.0,7.903140544891357,3.427964448928833,0.4998939335346222,2.1703805923461914,8.47159481048584,0.9998940229415894,0.4272247850894928,0.2780272960662842,4.0,0.2787540853023529,0.2872087061405182,0.0,0.0004048582995951417,400.89898681640625,400.8363037109375,0.00015635635791081719,,0.1837390959262848,0.7280561327934265,,0.07909008115530014,,,,,,,0.17678233981132507,0.7474446296691895,,0.07577303051948547,,,,,,,,,,,,,,,,,,,,,,,,,,,,,,,,,,,,,,,,,,,,,,
614,3.653765382226706e-06,3.653765382226706e-05,1.0,22.664880701013512,5.271140433646537,30.333740234375,3.7255150047508447,3.7255150047508447,3.7255150047508447,0.0,0.0,0.32129754246892156,2.2351954692118876,0.12449823843466269,2.0970687866210938,0.05577033274882549,0.022681315202970762,0.0,1.321802500131968,0.0,0.0,0.0,0.0,0.0,0.0,0.0,0.0,2.8433074951171875,4.442340850830078,0.4998939335346222,2.8795015811920166,10.730035781860352,0.9998630881309509,0.4066672623157501,0.2938646674156189,4.0,0.2692558169364929,0.29702162742614746,0.0,0.0004048582995951417,34.3132438659668,34.357425689697266,-0.001287602649957849,,0.16841374337673187,0.7410454750061035,,0.08061530441045761,,,,,,,0.1613738238811493,0.7621996402740479,,0.07642651349306107,,,,,,,,,,,,,,,,,,,,,,,,,,,,,,,,,,,,,,,,,,,,,,
615,3.6395767422427266e-06,3.639576742242726e-05,1.0,24.24038943728885,5.24478108174092,33.524242504222975,3.7087670403557853,3.7087670403557853,3.7087670403557853,0.0,0.0,0.32038686082169815,2.2590536169103674,0.12353748888582797,2.1211170505832984,0.05918704496847617,0.019740760326385498,0.0,1.3194707922033362,0.0,0.0,0.0,0.0,0.0,0.0,0.0,0.0,2.9788424968719482,4.40655517578125,0.4998939335346222,3.0295026302337646,10.399907112121582,0.9999884366989136,0.44688522815704346,0.2530536353588104,4.0,0.27015089988708496,0.30797022581100464,0.0,0.00020242914979757084,88.522705078125,88.16523742675781,0.0040381464964463895,,0.16998623311519623,0.7395216226577759,,0.07933064550161362,,,,,,,0.15991070866584778,0.7645089030265808,,0.07558034360408783,,,,,,102.60245113582401,150.25778318298148,0.2797447649887745,39.46098384228382,102.60245263831658,166.7232293829594,223.78523984183315,273.99661547980594,35.38209588187082,86.36593154788942,158.3644840406335,0.8612030767913694,0.6275621504757052,0.07487516658107407,0.0621709854104737,0.0,0.5926196574211988,0.6173365776632689,0.3612021063808975,0.0,0.0,0.0,0.0,0.0,0.6413916731268677,0.900974680297534,0.9830347000842768,0.9950899563958814,0.400974680297534,0.1830347000842768,0.045089956395881425,0.20521417317064233,0.0,0.6483516483516484,0.34615384615384615,0.5650183150183151,1.5805760317451352,1.5593258021297036,1.5449072798857322,-7.9835286140441895,0.0003409757628105581
616,3.625404319203074e-06,3.625404319203074e-05,1.0,25.300098316089528,5.434735684781461,35.423643369932435,3.732925827438767,3.732925827438767,3.732925827438767,0.0,0.0,0.32271978017446157,2.226618380159945,0.1256062920029099,2.1007593515756966,0.05842704386324496,0.02060674171190004,0.0,1.3256809131519214,0.0,0.0,0.0,0.0,0.0,0.0,0.0,0.0,3.5939435958862305,4.495265483856201,0.4998939335346222,2.8376286029815674,11.11613655090332,0.9997701048851013,0.4745963215827942,0.25,4.0,0.27661630511283875,0.31352928280830383,0.000708502024291498,0.0008097165991902834,52.49919509887695,52.17441177368164,0.006186443898494363,,0.18157228827476501,0.7253860235214233,,0.07996595650911331,,,,,,,0.16933485865592957,0.7562655210494995,,0.07439957559108734,,,,,,,,,,,,,,,,,,,,,,,,,,,,,,,,,,,,,,,,,,,,,,
617,3.6112482558238904e-06,3.61124825582389e-05,1.0,23.899445404877532,5.293659107105152,32.765456740920605,3.7323171254750847,3.7323171254750847,3.7323171254750847,0.0,0.0,0.32033951218063766,2.236707120328336,0.1243313454292916,2.092081843195735,0.05873072469556654,0.02190790788547413,0.0,1.3311701594172298,0.0,0.0,0.0,0.0,0.0,0.0,0.0,0.0,2.8531455993652344,4.002777576446533,0.4998939335346222,3.0059266090393066,9.142104148864746,0.9996170997619629,0.4289073348045349,0.25,4.0,0.27215349674224854,0.2995799481868744,0.0009109311740890688,0.0008097165991902834,7.594050407409668,7.406131744384766,0.02474551167602816,,0.17210787534713745,0.7424148917198181,,0.07490938156843185,,,,,,,0.16215285658836365,0.7641403675079346,,0.07370675355195999,,,,,,,,,,,,,,,,,,,,,,,,,,,,,,,,,,,,,,,,,,,,,,
618,3.5971086946565766e-06,3.597108694656576e-05,1.0,22.526573387352197,5.358887543549409,29.911908123944258,3.7597396438186235,3.7597396438186235,3.7597396438186235,0.0,0.0,0.31873844765328074,2.2204983685467696,0.1242539560472643,2.086262470967061,0.057026296048550994,0.02089926358815786,0.0,1.332765733873522,0.0,0.0,0.0,0.0,0.0,0.0,0.0,0.0,3.2459115982055664,4.798848628997803,0.4998939335346222,3.697352886199951,10.732125282287598,1.0000001192092896,0.5033330917358398,0.2535449266433716,3.887336492538452,0.2775397002696991,0.320297509431839,0.0,0.0,19.273662567138672,18.648561477661133,0.032432916540903224,,0.1829034835100174,0.7250607013702393,,0.07862518727779388,,,,,,,0.16859695315361023,0.7565715312957764,,0.07483150064945221,,,,,,,,,,,,,,,,,,,,,,,,,,,,,,,,,,,,,,,,,,,,,,
619,3.582985778086357e-06,3.582985778086357e-05,1.0,24.662620750633447,5.530346844647382,34.08891007706926,3.702609087969806,3.702609087969806,3.702609087969806,0.0,0.0,0.3199491500854492,2.2619476318359375,0.12296024528709618,2.1300172548036316,0.060362171482395484,0.02037480876252458,0.0,1.329673148490287,0.0,0.0,0.0,0.0,0.0,0.0,0.0,0.0,11.98359203338623,2.707733392715454,0.4998939335346222,1.2534393072128296,7.071372985839844,1.0,0.39169108867645264,0.27151739597320557,3.7591183185577393,0.2816821336746216,0.26625269651412964,0.0,0.0,534.0298461914062,534.231689453125,-0.0003779625111934392,,0.18682894110679626,0.7315701842308044,,0.07615432143211365,,,,,,,0.1840021312236786,0.7415862083435059,,0.07441161572933197,,,,,,,,,,,,,,,,,,,,,,,,,,,,,,,,,,,,,,,,,,,,,,
620,3.568879648330845e-06,3.568879648330845e-05,1.0,24.355363175675677,5.343459258208403,33.58091612119932,3.75168547759185,3.75168547759185,3.75168547759185,0.0,0.0,0.32186515911205393,2.241389712771854,0.1258143089913033,2.1009632832295186,0.058730267189644476,0.024899840354919434,0.0,1.3280315914669552,0.0,0.0,0.0,0.0,0.0,0.0,0.0,0.0,8.429018020629883,3.607414722442627,0.4998939335346222,2.1545419692993164,8.845264434814453,0.9999988079071045,0.4552929699420929,0.25,4.0,0.28593146800994873,0.2905891537666321,0.0011133603238866396,0.00020242914979757084,266.0584411621094,265.84063720703125,0.0008186320047835545,,0.19548624753952026,0.7173027396202087,,0.07897995412349701,,,,,,,0.1864306926727295,0.7388181090354919,,0.07475121319293976,,,,,,94.53954449328748,138.85397894004223,0.2552275404250722,6.216509053995321,94.53954476110918,162.3248125643268,218.02616648337226,267.10187945710624,36.69136592320034,76.4211110551228,154.15291761315387,0.8571733118573485,0.5716734559816515,0.05972475866219168,0.0790038012061571,0.0,0.5275101943481302,0.5492358913476921,0.2992925908465523,0.0,0.0,0.0,0.0,0.0,0.6379313856084898,0.9070755926862336,0.9811109889707229,0.9938074823201788,0.4070755926862336,0.18111098897072286,0.04380748232017884,0.19528415961305925,0.0,0.5604395604395604,0.42857142857142855,0.6053113553113553,1.5407679017101015,1.5185892028467995,1.5037003724457143,-7.983623027801514,0.0003409436030779034
621,3.554790447438609e-06,3.554790447438609e-05,1.0,21.655420251794762,5.195476635082348,28.36174712309966,3.7360761487806164,3.7360761487806164,3.7360761487806164,0.0,0.0,0.32087217794882283,2.2463510874155403,0.12496981749663481,2.1029007370407515,0.05666958963548815,0.022264077856733993,0.0,1.3254855387919657,0.0,0.0,0.0,0.0,0.0,0.0,0.0,0.0,4.701108455657959,4.556764125823975,0.4998939335346222,2.9839916229248047,11.027483940124512,1.0,0.4448762536048889,0.2869597375392914,3.893378257751465,0.272905170917511,0.2913984954357147,0.0,0.0,193.18612670898438,193.044189453125,0.0007347176439496057,,0.17372260987758636,0.7381941676139832,,0.08156704902648926,,,,,,,0.1634206473827362,0.7605960369110107,,0.07598328590393066,,,,,,,,,,,,,,,,,,,,,,,,,,,,,,,,,,,,,,,,,,,,,,
622,3.5407183172877486e-06,3.540718317287748e-05,1.0,22.330175451330238,5.399115072714316,29.486691036739863,3.7371471508129224,3.7371471508129224,3.7371471508129224,0.0,0.0,0.321461110501676,2.253127433158256,0.12411584080876531,2.1303145949904985,0.060525855502566776,0.025683393349518645,0.0,1.3235084946091111,0.0,0.0,0.0,0.0,0.0,0.0,0.0,0.0,4.385954856872559,4.553182125091553,0.4998939335346222,3.113483428955078,10.667348861694336,0.9999926090240479,0.42712467908859253,0.2737986147403717,4.0,0.27349257469177246,0.30116474628448486,0.0,0.00010121457489878542,105.36712646484375,105.37022399902344,-2.9397538716413675e-05,,0.1749744713306427,0.7367700338363647,,0.0783599242568016,,,,,,,0.16579347848892212,0.7598001956939697,,0.07440629601478577,,,,,,,,,,,,,,,,,,,,,,,,,,,,,,,,,,,,,,,,,,,,,,
623,3.5266633995844556e-06,3.5266633995844556e-05,1.0,21.95934233794341,5.2626495361328125,28.91004737647804,3.738105155326225,3.738105155326225,3.738105155326225,0.0,0.0,0.32097038062843114,2.235620034707559,0.12408930546528585,2.0891490626979516,0.05698950226242478,0.01581288189501376,0.0,1.3235203511006124,0.0,0.0,0.0,0.0,0.0,0.0,0.0,0.0,7.673853397369385,3.2625038623809814,0.4998939335346222,2.034905433654785,7.773972034454346,0.9999566078186035,0.3773142993450165,0.26030391454696655,4.0,0.27880245447158813,0.27057725191116333,0.0,0.00020242914979757084,327.33819580078125,326.9638977050781,0.001143459884928686,,0.18222078680992126,0.7348686456680298,,0.07880488783121109,,,,,,,0.17721810936927795,0.7476305365562439,,0.07515135407447815,,,,,,,,,,,,,,,,,,,,,,,,,,,,,,,,,,,,,,,,,,,,,,
624,3.5126258358615963e-06,3.512625835861596e-05,1.0,23.015648094383447,5.385888176995355,30.888341955236488,3.7448041761243664,3.7448041761243664,3.7448041761243664,0.0,0.0,0.3190437007594753,2.2333349279455237,0.12536172609071475,2.075481311694996,0.060017882166682066,0.01909223762718407,0.0,1.340662466513144,0.0,0.0,0.0,0.0,0.0,0.0,0.0,0.0,6.166483402252197,4.53015661239624,0.4998939335346222,2.9449095726013184,10.646533966064453,0.999889075756073,0.39141783118247986,0.28128406405448914,4.0,0.27268701791763306,0.2898464500904083,0.0,0.0004048582995951417,183.45895385742188,183.5533447265625,-0.0005145067447293001,,0.1734391450881958,0.7389512062072754,,0.07815185934305191,,,,,,,0.16845768690109253,0.7567548751831055,,0.07478740811347961,,,,,,,,,,,,,,,,,,,,,,,,,,,,,,,,,,,,,,,,,,,,,,
625,3.498605767477282e-06,3.498605767477282e-05,1.0,23.355762378589528,5.358845891179265,31.61619114231419,3.7299990267366976,3.7299990267366976,3.7299990267366976,0.0,0.0,0.31908723470327016,2.2467193603515625,0.12424688081483583,2.0921144227723816,0.05730363484975454,0.019651915576006915,0.0,1.3383380786792651,0.0,0.0,0.0,0.0,0.0,0.0,0.0,0.0,5.747005939483643,3.5579042434692383,0.4998939335346222,2.495044708251953,8.21095085144043,0.9998741745948792,0.4773256182670593,0.25,4.0,0.27889591455459595,0.3094765841960907,0.0013157894736842105,0.0003036437246963563,131.67202758789062,131.4911346435547,0.0013738145272745351,,0.1835668981075287,0.7301647067070007,,0.07635997235774994,,,,,,,0.1725214421749115,0.7547448873519897,,0.07273367047309875,,,,,,99.1092628646683,146.85377482923766,0.2667313989421581,25.893077766502298,99.10926130715622,167.52878257473398,221.89524661267794,271.8050548444303,32.600978306361604,81.97526426093523,157.27978051227072,0.8625384459954746,0.5869350784748529,0.06561945015495445,0.07582845253933587,0.0,0.5443135489287213,0.5696811713167911,0.31663984659261846,0.0,0.0,0.0,0.0,0.0,0.6415899628502507,0.9046938551170716,0.9814041259023121,0.9939723718441977,0.40469385511707157,0.18140412590231203,0.04397237184419778,0.19632845993184567,0.0,0.5879120879120879,0.3956043956043956,0.586996336996337,1.5730302725191956,1.5507380295913298,1.535861604325064,-7.983948230743408,0.0003408327465876937
626,3.484603335613445e-06,3.484603335613445e-05,1.0,22.514392749683278,5.33552056389886,29.936662003800677,3.7318907041807434,3.7318907041807434,3.7318907041807434,0.0,0.0,0.32047346475962046,2.2594536446236275,0.12495067957285289,2.105575149123733,0.06002473831176758,0.02196835182808541,0.0,1.3472939568596918,0.0,0.0,0.0,0.0,0.0,0.0,0.0,0.0,5.754499912261963,3.759640693664551,0.4998939335346222,2.4926095008850098,8.826286315917969,0.9992136359214783,0.4372676908969879,0.31311291456222534,4.0,0.26891157031059265,0.30498892068862915,0.0,0.0013157894736842105,262.0129089355469,261.95074462890625,0.00023725665614405636,,0.16782306134700775,0.7424228191375732,,0.0771978348493576,,,,,,,0.16113707423210144,0.7651543617248535,,0.07370856404304504,,,,,,,,,,,,,,,,,,,,,,,,,,,,,,,,,,,,,,,,,,,,,,
627,3.4706186812744177e-06,3.470618681274417e-05,1.0,24.466869457347972,5.307674098659206,33.86476258973818,3.7373253074852197,3.7373253074852197,3.7373253074852197,0.0,0.0,0.3206661842964791,2.2588663874445736,0.12470896179611618,2.0974593291411527,0.058231308653547954,0.021572686530448294,0.0,1.3380897109572951,0.0,0.0,0.0,0.0,0.0,0.0,0.0,0.0,8.44120979309082,4.396631240844727,0.4998939335346222,2.92484712600708,10.835334777832031,1.0000026226043701,0.4027762711048126,0.25,3.796037435531616,0.27419543266296387,0.2828148603439331,0.00010121457489878542,0.0,543.8057250976562,543.5437622070312,0.0004817214651021868,,0.1764264851808548,0.7332164645195007,,0.0839153602719307,,,,,,,0.16981922090053558,0.7526232004165649,,0.07755757868289948,,,,,,,,,,,,,,,,,,,,,,,,,,,,,,,,,,,,,,,,,,,,,,
628,3.456651945285516e-06,3.456651945285516e-05,1.0,23.72793991501267,5.273344710066512,32.42167044974662,3.7414018785631336,3.7414018785631336,3.7414018785631336,0.0,0.0,0.3214189426319019,2.2323191874736064,0.12432028796221758,2.0992287300728463,0.059771769755595436,0.017934535000775312,0.0,1.340035103462838,0.0,0.0,0.0,0.0,0.0,0.0,0.0,0.0,4.44692850112915,4.357406139373779,0.4998939335346222,3.083226442337036,10.141145706176758,0.9992564916610718,0.4725533723831177,0.258929044008255,4.0,0.27343928813934326,0.31105920672416687,0.0,0.0012145748987854252,89.90650939941406,89.36400604248047,0.006034083188832258,,0.17636235058307648,0.7305637001991272,,0.07829497009515762,,,,,,,0.16530168056488037,0.7615053653717041,,0.07319295406341553,,,,,,,,,,,,,,,,,,,,,,,,,,,,,,,,,,,,,,,,,,,,,,
629,3.4427032682916157e-06,3.4427032682916155e-05,1.0,23.36883544921875,5.511246552338472,31.364376583614863,3.8006641284839526,3.8006641284839526,3.8006641284839526,0.0,0.0,0.32199838999155406,2.2254929413666598,0.12560638221534523,2.069489556389886,0.05645771284361143,0.016613768564688193,0.0,1.3416927440746411,0.0,0.0,0.0,0.0,0.0,0.0,0.0,0.0,7.425502777099609,3.994859218597412,0.4998939335346222,2.4593629837036133,10.081897735595703,0.9999280571937561,0.4706711769104004,0.25,4.0,0.27445217967033386,0.31136420369148254,0.000708502024291498,0.0004048582995951417,315.04241943359375,314.81298828125,0.000728254794247194,,0.1762131005525589,0.7371740341186523,,0.0763983502984047,,,,,,,0.167753666639328,0.7591052055358887,,0.07314111292362213,,,,,,,,,,,,,,,,,,,,,,,,,,,,,,,,,,,,,,,,,,,,,,
630,3.4287727907557383e-06,3.428772790755738e-05,1.0,24.542930809227197,5.281262371991132,34.11319877005912,3.70573260333087,3.70573260333087,3.70573260333087,0.0,0.0,0.31972212404818146,2.2507412884686446,0.12473313872878616,2.0894138233081714,0.0586588124971132,0.02354216414528924,0.0,1.3349359873178843,0.0,0.0,0.0,0.0,0.0,0.0,0.0,0.0,2.883467197418213,5.07864236831665,0.4998939335346222,3.700965642929077,11.900286674499512,0.9994266033172607,0.4571443498134613,0.2812079191207886,4.0,0.26315656304359436,0.3167254328727722,0.0,0.0008097165991902834,79.24562072753906,78.96845245361328,0.0034975847419851307,,0.16003911197185516,0.7433600425720215,,0.08050522953271866,,,,,,,0.15074169635772705,0.7743723392486572,,0.07488599419593811,,,,,,103.7402232662662,151.76490150344387,0.2863440207832183,42.34060815664438,103.74022456177,168.52171072744963,224.3321212668819,275.496277029908,38.065589904785156,88.08303549123364,157.64238971212635,0.8611433409533248,0.6122294630874479,0.07547765139442625,0.06711904962541515,0.0,0.5760178641809955,0.6027351971757583,0.34675636790635966,0.0,0.0,0.0,0.0,0.0,0.6454868331091291,0.9017075226265069,0.9819537576490418,0.9944670404162544,0.4017075226265069,0.18195375764904176,0.04446704041625449,0.19706130226081858,0.0,0.6263736263736264,0.35714285714285715,0.5805860805860805,1.583923449391847,1.563031365255733,1.549069772546108,-7.983791351318359,0.0003408862103242427
631,3.414860652957638e-06,3.414860652957638e-05,1.0,22.07598876953125,5.270282229861698,29.15633907833615,3.725252306139147,3.725252306139147,3.725252306139147,0.0,0.0,0.321113818400615,2.2375071757548564,0.12550578246245514,2.083248860127217,0.058537618533985036,0.02299857622868306,0.0,1.3489670624604095,0.0,0.0,0.0,0.0,0.0,0.0,0.0,0.0,2.4334840774536133,4.506948471069336,0.4998939335346222,3.3045902252197266,10.381635665893555,0.9999373555183411,0.4175664186477661,0.25157779455184937,4.0,0.26758334040641785,0.3004763424396515,0.0,0.0003036437246963563,5.016805648803711,4.81207275390625,0.04080941324611225,,0.16496095061302185,0.7472915649414062,,0.07749784737825394,,,,,,,0.15545618534088135,0.7708539366722107,,0.07368984818458557,,,,,,,,,,,,,,,,,,,,,,,,,,,,,,,,,,,,,,,,,,,,,,
632,3.4009669949923906e-06,3.4009669949923905e-05,1.0,25.247291358741553,5.348667041675465,35.455992002744935,3.6951611493084884,3.6951611493084884,3.6951611493084884,0.0,0.0,0.32119531889219544,2.2742334314294763,0.12443164876989417,2.117041098104941,0.057211553728258285,0.016784870946729504,0.0,1.3476302688186232,0.0,0.0,0.0,0.0,0.0,0.0,0.0,0.0,8.684523582458496,4.126643657684326,0.4998939335346222,2.516456127166748,10.19875431060791,0.999996542930603,0.4354691505432129,0.27312129735946655,4.0,0.276346355676651,0.3020547330379486,0.0,0.00010121457489878542,371.6573791503906,371.5589904785156,0.00026472949924986465,,0.179378479719162,0.7336779832839966,,0.0781121551990509,,,,,,,0.1711784452199936,0.754898190498352,,0.07392341643571854,,,,,,,,,,,,,,,,,,,,,,,,,,,,,,,,,,,,,,,,,,,,,,
633,3.3870919567689735e-06,3.3870919567689735e-05,1.0,24.27930347339527,5.222723471151816,33.667909364442565,3.684202039563978,3.684202039563978,3.684202039563978,0.0,0.0,0.32017352129961996,2.26541467615076,0.12345395217070708,2.123346483385241,0.05985362465317185,0.018056671361665468,0.0,1.339361860945418,0.0,0.0,0.0,0.0,0.0,0.0,0.0,0.0,6.747143745422363,4.153378009796143,0.4998939335346222,2.5673418045043945,10.280746459960938,0.999829113483429,0.40314242243766785,0.3124929964542389,4.0,0.269183486700058,0.2920507490634918,0.0,0.0003036437246963563,264.863037109375,264.6563415527344,0.0007803865684560214,,0.16798844933509827,0.7426292896270752,,0.0798603743314743,,,,,,,0.16038751602172852,0.7644138336181641,,0.07519865036010742,,,,,,,,,,,,,,,,,,,,,,,,,,,,,,,,,,,,,,,,,,,,,,
634,3.373235678008871e-06,3.373235678008871e-05,1.0,23.79588524070946,5.223763955605997,32.5853271484375,3.746388203388936,3.746388203388936,3.746388203388936,0.0,0.0,0.3206734270662875,2.2639824119774072,0.12354607195467562,2.098706632047086,0.059109765130120354,0.02152667013374535,0.0,1.3387803773622255,0.0,0.0,0.0,0.0,0.0,0.0,0.0,0.0,10.217126846313477,3.441253185272217,0.4998939335346222,1.8568778038024902,8.488157272338867,0.9993767738342285,0.4431016445159912,0.2544592022895813,4.0,0.27506646513938904,0.2979220151901245,0.0,0.0011133603238866396,867.0675048828125,867.059814453125,8.869470536252412e-06,,0.17828887701034546,0.7306379079818726,,0.08118254691362381,,,,,,,0.1720360517501831,0.7515928745269775,,0.07637101411819458,,,,,,,,,,,,,,,,,,,,,,,,,,,,,,,,,,,,,,,,,,,,,,
635,3.3593982982446557e-06,3.3593982982446554e-05,1.0,23.656687143686657,5.306675678974873,32.3161522117821,3.699780850797086,3.699780850797086,3.699780850797086,0.0,0.0,0.3207925848058752,2.258508012101457,0.12421388883848448,2.110349500501478,0.059222066724622574,0.01806580214887052,0.0,1.331507089975718,0.0,0.0,0.0,0.0,0.0,0.0,0.0,0.0,2.912475824356079,4.848872184753418,0.4998939335346222,3.5835976600646973,11.11613655090332,1.0,0.4441748559474945,0.27998000383377075,3.679255962371826,0.2659580111503601,0.3162572681903839,0.0,0.0,48.27635955810547,48.04243469238281,0.0048455365703601585,,0.16340407729148865,0.7448084950447083,,0.07846828550100327,,,,,,,0.15382243692874908,0.7708697319030762,,0.07530781626701355,,,,,,107.62711657010593,156.69017481921964,0.3001668701033561,50.67391083266709,107.62711659508126,170.12601250087164,225.22262053086004,276.74238057897355,44.50584411621094,91.41413636909898,162.69936337678328,0.8572986011695115,0.6137794952255625,0.07488492386948853,0.06381313477941392,0.0,0.5775125297818692,0.6111172584868004,0.35965994933972406,0.0,0.0,0.0,0.0,0.0,0.6456133375083652,0.9020739437909934,0.9822102524641824,0.9949250668718626,0.40207394379099337,0.18221025246418232,0.044925066871862596,0.1950826279725917,0.0,0.6758241758241759,0.3076923076923077,0.586996336996337,1.5877193731593562,1.5679384355361645,1.5548001529423745,-7.9839301109313965,0.0003408389165997505
636,3.345579956818586e-06,3.3455799568185855e-05,1.0,23.3300500818201,5.270744117530617,31.67110958614865,3.715010359480574,3.715010359480574,3.715010359480574,0.0,0.0,0.320064673552642,2.2522040702201225,0.12430245167500265,2.106337263777449,0.05960771199819204,0.023931735270732158,0.0,1.3309549898714632,0.0,0.0,0.0,0.0,0.0,0.0,0.0,0.0,5.452954292297363,4.2804741859436035,0.4998939335346222,3.108926296234131,9.731719017028809,0.9999688863754272,0.41649219393730164,0.25,4.0,0.2744060158729553,0.2918010950088501,0.001417004048582996,0.00010121457489878542,158.29920959472656,158.2147979736328,0.0005332409511699925,,0.17674019932746887,0.7340014576911926,,0.07946453988552094,,,,,,,0.16669777035713196,0.7572922706604004,,0.07600994408130646,,,,,,,,,,,,,,,,,,,,,,,,,,,,,,,,,,,,,,,,,,,,,,
637,3.331780792881208e-06,3.331780792881208e-05,1.0,23.0943603515625,5.354456308725718,31.07288917335304,3.7340409562394425,3.7340409562394425,3.7340409562394425,0.0,0.0,0.3210305136603278,2.254380922059755,0.12459417291589685,2.113491780049092,0.06074679220044935,0.02312600612640381,0.0,1.3251072651631124,0.0,0.0,0.0,0.0,0.0,0.0,0.0,0.0,5.447701930999756,4.2353410720825195,0.4998939335346222,2.3622608184814453,10.963057518005371,0.9997818470001221,0.4331590235233307,0.32504570484161377,4.0,0.2702597975730896,0.30427148938179016,0.0,0.0004048582995951417,170.69015502929688,170.210693359375,0.0028089591332293375,,0.16994516551494598,0.7407802939414978,,0.07710113376379013,,,,,,,0.16311565041542053,0.7628642320632935,,0.0740201473236084,,,,,,,,,,,,,,,,,,,,,,,,,,,,,,,,,,,,,,,,,,,,,,
638,3.3180009453899496e-06,3.318000945389949e-05,1.0,24.039621713999157,5.28774034654772,33.08676559860642,3.714188859269426,3.714188859269426,3.714188859269426,0.0,0.0,0.3205612801216744,2.2389973820866764,0.12518518035476273,2.0889152320655615,0.05930564854596112,0.022360924127939587,0.0,1.3358296574773014,0.0,0.0,0.0,0.0,0.0,0.0,0.0,0.0,7.509052276611328,4.125855445861816,0.4998939335346222,2.912022113800049,9.731719017028809,0.9999815225601196,0.4562857449054718,0.25,4.0,0.27820080518722534,0.30303847789764404,0.00010121457489878542,0.00020242914979757084,340.9669494628906,341.024658203125,-0.00016925024646899324,,0.18287858366966248,0.7288341522216797,,0.07844871282577515,,,,,,,0.17310354113578796,0.7512326240539551,,0.07566384971141815,,,,,,,,,,,,,,,,,,,,,,,,,,,,,,,,,,,,,,,,,,,,,,
639,3.3042405531077228e-06,3.3042405531077224e-05,1.0,22.832828006228887,5.3224347088788,30.69179225612331,3.675641446500211,3.675641446500211,3.675641446500211,0.0,0.0,0.3201648609058277,2.2699106577280403,0.1233117387101457,2.114963840793919,0.06266746649871001,0.02249755569406458,0.0,1.319534817257443,0.0,0.0,0.0,0.0,0.0,0.0,0.0,0.0,4.521650791168213,4.66820764541626,0.4998939335346222,3.1997923851013184,11.072799682617188,0.9998412728309631,0.46765512228012085,0.25,4.0,0.27199190855026245,0.30922526121139526,0.0008097165991902834,0.0004048582995951417,129.0944366455078,128.64077758789062,0.003514164276985315,,0.17315709590911865,0.7360607981681824,,0.0794362798333168,,,,,,,0.1621527224779129,0.7632576823234558,,0.07458960264921188,,,,,,,,,,,,,,,,,,,,,,,,,,,,,,,,,,,,,,,,,,,,,,
640,3.290499754601522e-06,3.290499754601522e-05,1.0,22.843217179581927,5.301500887484164,30.679453256967907,3.7117622994087838,3.7117622994087838,3.7117622994087838,0.0,0.0,0.32063502234381597,2.2543252480996623,0.12383106592539195,2.0944877830711572,0.058456730198215796,0.019997794885893126,0.0,1.325689985945418,0.0,0.0,0.0,0.0,0.0,0.0,0.0,0.0,3.4108986854553223,4.3630547523498535,0.4998939335346222,3.13025164604187,10.258687973022461,0.9994337558746338,0.42429307103157043,0.30235669016838074,4.0,0.26573464274406433,0.30720123648643494,0.0,0.0008097165991902834,54.58637619018555,54.3180046081543,0.004916457196136466,,0.16236180067062378,0.7480043172836304,,0.07860501855611801,,,,,,,0.15409797430038452,0.7706762552261353,,0.07522575557231903,,,,,,128.3379999097887,186.7038029152277,0.34941081708955946,89.30729830396045,128.3379993876802,184.29391356005252,238.5069748473404,289.78122165498127,43.0374265398298,109.23228986873183,194.89757836383322,0.8613976353995328,0.6474919147866063,0.08570184877866215,0.04793408706833803,0.0,0.6169759628759206,0.6552401949535197,0.385289635265573,0.0,0.0,0.0,0.0,0.0,0.6490553447509141,0.89688908431351,0.9834194423069876,0.9957861566084057,0.39688908431351,0.1834194423069876,0.04578615660840579,0.20191638269026418,0.0,0.7472527472527473,0.23626373626373626,0.5622710622710623,1.6633382744186527,1.6443032501163064,1.6315783514426305,-7.983675479888916,0.0003409257042221725
641,3.27677868824104e-06,3.27677868824104e-05,1.0,24.05129097603463,5.314046911291174,33.01731748838682,3.7447790197423987,3.7447790197423987,3.7447790197423987,0.0,0.0,0.32114472260346283,2.2499861846099027,0.12472125646230336,2.0944337587098816,0.05820510838482831,0.024535912114220695,0.0,1.3223273818557326,0.0,0.0,0.0,0.0,0.0,0.0,0.0,0.0,2.7276930809020996,4.796436309814453,0.4998939335346222,3.740936279296875,10.667348861694336,0.9995920062065125,0.43098095059394836,0.256178617477417,4.0,0.2682945728302002,0.306294709444046,0.0,0.000708502024291498,17.46750831604004,17.31415367126465,0.008779423029360653,,0.16716088354587555,0.7414067387580872,,0.07930061966180801,,,,,,,0.15767693519592285,0.7661827802658081,,0.07614033669233322,,,,,,,,,,,,,,,,,,,,,,,,,,,,,,,,,,,,,,,,,,,,,,
642,3.26307749219726e-06,3.2630774921972596e-05,1.0,24.02979175464527,5.3986222550675675,32.854577966638516,3.757219881624789,3.757219881624789,3.757219881624789,0.0,0.0,0.32039933591275604,2.2685561308989652,0.12463728157249657,2.10196252771326,0.05884597752545331,0.02331456300374624,0.0,1.325708750131968,0.0,0.0,0.0,0.0,0.0,0.0,0.0,0.0,5.015894889831543,3.8416616916656494,0.4998939335346222,2.430117130279541,9.452587127685547,0.9998624324798584,0.39530232548713684,0.2707958221435547,4.0,0.2699563801288605,0.2855992615222931,0.0,0.0003036437246963563,148.83273315429688,148.61553955078125,0.0014593134111866204,,0.16832983493804932,0.7455082535743713,,0.07942484319210052,,,,,,,0.16129401326179504,0.7630771398544312,,0.0756288394331932,,,,,,,,,,,,,,,,,,,,,,,,,,,,,,,,,,,,,,,,,,,,,,
643,3.2493963044410737e-06,3.249396304441073e-05,1.0,24.097097036000843,5.293017000765414,33.157289247255065,3.730550817541174,3.730550817541174,3.730550817541174,0.0,0.0,0.32139644107303106,2.25362643680057,0.12414504386283257,2.0971667315508866,0.057035549266918284,0.02249020821339375,0.0,1.3246119731181376,0.0,0.0,0.0,0.0,0.0,0.0,0.0,0.0,3.359144926071167,5.013286113739014,0.4998939335346222,3.861571788787842,11.333175659179688,1.0,0.39901202917099,0.25431960821151733,3.667577028274536,0.2684464454650879,0.29369792342185974,0.0,0.0,60.66679763793945,60.356163024902344,0.0051203397102148425,,0.16622722148895264,0.746114194393158,,0.07982313632965088,,,,,,,0.1575050950050354,0.7660984992980957,,0.0763963982462883,,,,,,,,,,,,,,,,,,,,,,,,,,,,,,,,,,,,,,,,,,,,,,
644,3.2357352627418933e-06,3.235735262741893e-05,1.0,21.8560791015625,5.251332875844595,28.724780933277028,3.730881149704392,3.730881149704392,3.730881149704392,0.0,0.0,0.3202657699584961,2.24223822516364,0.12415166803308435,2.0892909281962626,0.05889007851884172,0.01794319539456754,0.0,1.3230145428631757,0.0,0.0,0.0,0.0,0.0,0.0,0.0,0.0,3.0613222122192383,5.094851970672607,0.4998939335346222,3.740936279296875,11.879379272460938,0.9996039271354675,0.4030357599258423,0.2978920042514801,4.0,0.2636758089065552,0.3024490475654602,0.0,0.0006072874493927126,94.29319763183594,94.1048355102539,0.001997621528516656,,0.1598147749900818,0.747052013874054,,0.08103881776332855,,,,,,,0.15213899314403534,0.7706761956214905,,0.0771847665309906,,,,,,,,,,,,,,,,,,,,,,,,,,,,,,,,,,,,,,,,,,,,,,
645,3.2220945046662516e-06,3.2220945046662515e-05,1.0,24.780540672508447,5.370936213312922,34.49936325485642,3.698516845703125,3.698516845703125,3.698516845703125,0.0,0.0,0.32101350217252167,2.262677373112859,0.12364846306878167,2.108353073532517,0.06083317705102869,0.02200544041556281,0.0,1.3215782577927049,0.0,0.0,0.0,0.0,0.0,0.0,0.0,0.0,5.294824600219727,4.2797465324401855,0.4998939335346222,2.60459041595459,10.692370414733887,0.9995055794715881,0.45560333132743835,0.25,4.0,0.2733376622200012,0.3034684360027313,0.0029352226720647774,0.0008097165991902834,82.41532135009766,82.38994598388672,0.0003078962236056055,,0.1760258823633194,0.7309348583221436,,0.08062833547592163,,,,,,,0.16582295298576355,0.7573531866073608,,0.07682386785745621,,,,,,111.55934516152183,164.1908901549584,0.3086338588192523,62.7117314181485,111.55934756783421,173.53980713892602,229.17941276272552,280.01663507231683,39.699554443359375,96.31317073615023,165.25010681152344,0.8635882589596933,0.6229123330564373,0.07516267837467594,0.05033841010683813,0.0,0.5878516750971693,0.6258794698933774,0.37151396648099827,0.0,0.0,0.0,0.0,0.0,0.6458249891253363,0.9005716170165988,0.982759884210912,0.9954930196768166,0.4005716170165988,0.18275988421091194,0.045493019676816626,0.19550401231175113,0.0,0.6923076923076923,0.29120879120879123,0.5668498168498168,1.6088653811059155,1.5884886140024268,1.574752124947506,-7.983846664428711,0.00034086735104210675
646,3.2084741675764346e-06,3.208474167576435e-05,1.0,22.431073163006758,5.296382594752956,29.83200485641892,3.7337427912531673,3.7337427912531673,3.7337427912531673,0.0,0.0,0.32108791454418284,2.228997720254434,0.12450359963081978,2.080361237397065,0.05858423903181746,0.018891447299235576,0.0,1.3229176289326436,0.0,0.0,0.0,0.0,0.0,0.0,0.0,0.0,9.665389060974121,3.875262498855591,0.4998939335346222,2.0289523601531982,9.676749229431152,1.0000004768371582,0.43769553303718567,0.25,3.976984977722168,0.2765236496925354,0.2925783097743988,0.0004048582995951417,0.0,484.6705322265625,484.8199462890625,-0.000308279650948854,,0.18008744716644287,0.730698823928833,,0.0823562890291214,,,,,,,0.1724000871181488,0.7500966191291809,,0.07750330865383148,,,,,,,,,,,,,,,,,,,,,,,,,,,,,,,,,,,,,,,,,,,,,,
647,3.1948743886290845e-06,3.194874388629084e-05,1.0,24.47500857791385,5.4038057069520695,33.73585633973818,3.7733603812552787,3.7733603812552787,3.7733603812552787,0.0,0.0,0.3212221248729809,2.22722728832348,0.12391747655095281,2.076975848223712,0.058338210389420796,0.02104442345129477,0.0,1.3129554954735008,0.0,0.0,0.0,0.0,0.0,0.0,0.0,0.0,3.9714858531951904,5.140420436859131,0.4998939335346222,3.9051833152770996,11.333175659179688,1.0000005960464478,0.396670937538147,0.25,3.8831946849823,0.26960039138793945,0.29649418592453003,0.0004048582995951417,0.0,44.19169616699219,44.30262756347656,-0.0025102316974932558,,0.1679406613111496,0.7454842329025269,,0.07819470763206482,,,,,,,0.15970095992088318,0.7634018659591675,,0.07689718157052994,,,,,,,,,,,,,,,,,,,,,,,,,,,,,,,,,,,,,,,,,,,,,,
648,3.1812953047738275e-06,3.1812953047738275e-05,1.0,23.8508581213049,5.347857088656039,32.563928552576016,3.7570677061338684,3.7570677061338684,3.7570677061338684,0.0,0.0,0.3215903720340213,2.2386468423379435,0.12322843396985853,2.0932934735272384,0.058405689291051915,0.020353170665534766,0.0,1.322666374412743,0.0,0.0,0.0,0.0,0.0,0.0,0.0,0.0,7.572501182556152,3.7130510807037354,0.4998939335346222,2.4135618209838867,8.809063911437988,0.9999451637268066,0.39614373445510864,0.25,4.0,0.2741830348968506,0.2850201427936554,0.000708502024291498,0.00020242914979757084,239.76243591308594,239.80908203125,-0.0001945514024597738,,0.17471687495708466,0.741586446762085,,0.07869835197925568,,,,,,,0.1681947410106659,0.7557297945022583,,0.07607543468475342,,,,,,,,,,,,,,,,,,,,,,,,,,,,,,,,,,,,,,,,,,,,,,
649,3.167737052751882e-06,3.167737052751882e-05,1.0,23.11878926045186,5.195644069362331,31.30204154349662,3.7314543852934965,3.7314543852934965,3.7314543852934965,0.0,0.0,0.321276974033665,2.248192864495355,0.12366802627975876,2.088739549791491,0.05727586875090728,0.0187535640355703,0.0,1.3328966707796663,0.0,0.0,0.0,0.0,0.0,0.0,0.0,0.0,4.046519756317139,4.54368257522583,0.4998939335346222,2.7854628562927246,11.513890266418457,0.9997837543487549,0.4701671898365021,0.25,4.0,0.2655109763145447,0.32423344254493713,0.0005060728744939271,0.0009109311740890688,63.30067443847656,62.72900390625,0.00903103382859187,,0.1620524823665619,0.7484657168388367,,0.07691524177789688,,,,,,,0.1533459722995758,0.7726956605911255,,0.07395831495523453,,,,,,,,,,,,,,,,,,,,,,,,,,,,,,,,,,,,,,,,,,,,,,
650,3.1541997690946976e-06,3.154199769094697e-05,1.0,22.866229083086992,5.34348523938978,30.68052879539696,3.7150041734850086,3.7150041734850086,3.7150041734850086,0.0,0.0,0.3199045078174488,2.240300565152555,0.12373568560626055,2.0955647648991764,0.05901723294644742,0.02071909646730165,0.0,1.3420794718974345,0.0,0.0,0.0,0.0,0.0,0.0,0.0,0.0,5.491922855377197,4.351797103881836,0.4998939335346222,3.2091805934906006,9.655986785888672,1.0,0.4194999039173126,0.270561546087265,3.520369052886963,0.2686910629272461,0.3001639246940613,0.0,0.0,232.14111328125,232.19407653808594,-0.00022815112793816059,,0.16649584472179413,0.746846079826355,,0.07735934853553772,,,,,,,0.15676084160804749,0.7687819004058838,,0.07445725798606873,,,,,,128.92380219763453,185.6336959795981,0.3454211068869955,81.6081336933178,128.92379906178954,183.92178343975132,240.25125630602173,291.3886248843729,37.75673730032785,109.31245741733285,197.7940833050272,0.8543412241811008,0.6376764764162446,0.07619023856882431,0.03534207982065656,0.0,0.6055726518414986,0.6461278380745156,0.3747764617979717,0.0,0.0,0.0,0.0,0.0,0.648849019419202,0.8971089370122018,0.9831446264336228,0.9956579092008354,0.39710893701220185,0.18314462643362273,0.045657909200835456,0.19618189146605108,0.0,0.7417582417582418,0.24725274725274726,0.5366300366300366,1.6682012176120675,1.6486875866795634,1.6353510307086694,-7.984008312225342,0.00034081225749105215
651,3.1406835901225723e-06,3.1406835901225724e-05,1.0,25.45135663006757,5.413822895771748,35.803133577913854,3.692451270850929,3.692451270850929,3.692451270850929,0.0,0.0,0.3198118983088313,2.267080564756651,0.12306023932792046,2.1236411429740287,0.0598398157068201,0.021870079878214245,0.0,1.3374747198981207,0.0,0.0,0.0,0.0,0.0,0.0,0.0,0.0,4.064777851104736,4.295396327972412,0.4998939335346222,3.074206590652466,9.846434593200684,0.9995532035827637,0.4209633469581604,0.2861633896827698,4.0,0.2618294954299927,0.30903416872024536,0.0,0.0005060728744939271,117.28087615966797,117.21908569335938,0.0005268588394963154,,0.1552572399377823,0.7569879293441772,,0.07826534658670425,,,,,,,0.14713256061077118,0.7780442237854004,,0.07482316344976425,,,,,,,,,,,,,,,,,,,,,,,,,,,,,,,,,,,,,,,,,,,,,,
652,3.1271886519432782e-06,3.127188651943278e-05,1.0,24.724503800675677,5.336701264252534,34.407642261402025,3.700543790250211,3.700543790250211,3.700543790250211,0.0,0.0,0.3207040477443386,2.274869764173353,0.12398177224236566,2.118609041781039,0.05989170718837429,0.022705877149427258,0.0,1.3398293160103463,0.0,0.0,0.0,0.0,0.0,0.0,0.0,0.0,2.1861572265625,4.872376918792725,0.4998939335346222,3.6258397102355957,11.223039627075195,0.9999480247497559,0.4426586925983429,0.285246342420578,4.0,0.2606376111507416,0.3174940049648285,0.0,0.0004048582995951417,5.738735198974609,5.121359825134277,0.10758039052762776,,0.15393579006195068,0.7558371424674988,,0.07942415773868561,,,,,,,0.14516496658325195,0.7795423269271851,,0.07529266923666,,,,,,,,,,,,,,,,,,,,,,,,,,,,,,,,,,,,,,,,,,,,,,
653,3.113715090450688e-06,3.113715090450688e-05,1.0,23.38789161475929,5.338419733820735,31.7439624683277,3.6970305571684965,3.6970305571684965,3.6970305571684965,0.0,0.0,0.3198162027307459,2.2769332060942777,0.12406398154593803,2.1147469185494088,0.058042468251408755,0.02311105502618326,0.0,1.330694868757918,0.0,0.0,0.0,0.0,0.0,0.0,0.0,0.0,3.896982431411743,3.9791836738586426,0.4998939335346222,2.531862258911133,10.042593002319336,0.9996929168701172,0.4401989281177521,0.3097623586654663,4.0,0.2614791989326477,0.3127800524234772,0.0,0.0011133603238866396,116.78567504882812,116.53914642333984,0.002110949184351656,,0.15497204661369324,0.7560374736785889,,0.07939281314611435,,,,,,,0.14655202627182007,0.777961254119873,,0.0754866749048233,,,,,,,,,,,,,,,,,,,,,,,,,,,,,,,,,,,,,,,,,,,,,,
654,3.1002630413234224e-06,3.100263041323422e-05,1.0,24.901004275760137,5.435457384264147,34.540329391891895,3.765212600295608,3.765212600295608,3.765212600295608,0.0,0.0,0.32079663147797455,2.2664052602407097,0.12364279257284629,2.1106175603093327,0.05937980961155247,0.02085124801945042,0.0,1.3382964263091217,0.0,0.0,0.0,0.0,0.0,0.0,0.0,0.0,7.0016350746154785,3.761084794998169,0.4998939335346222,2.4701943397521973,9.142104148864746,0.9999138116836548,0.4102330505847931,0.2948356866836548,4.0,0.2652450203895569,0.29504165053367615,0.0,0.0004048582995951417,493.87530517578125,493.69415283203125,0.0003667977358890699,,0.160468190908432,0.7535876631736755,,0.0777646154165268,,,,,,,0.15383794903755188,0.7714189291000366,,0.07474313676357269,,,,,,,,,,,,,,,,,,,,,,,,,,,,,,,,,,,,,,,,,,,,,,
655,3.086832640023462e-06,3.086832640023462e-05,1.0,22.4214428051098,5.363645398938978,29.71339870143581,3.747579626134924,3.747579626134924,3.747579626134924,0.0,0.0,0.3208393663973422,2.2365821632179053,0.12433923257363809,2.0840113871806376,0.057913438693897146,0.01705906358925072,0.0,1.337083558778505,0.0,0.0,0.0,0.0,0.0,0.0,0.0,0.0,3.105649471282959,4.81856632232666,0.4998939335346222,3.3846092224121094,11.244980812072754,0.9998851418495178,0.49584344029426575,0.25,4.0,0.2656291127204895,0.3243231773376465,0.0004048582995951417,0.0003036437246963563,26.7183895111084,25.93971061706543,0.029143930764211158,,0.16333946585655212,0.7425739169120789,,0.08170653134584427,,,,,,,0.1494518518447876,0.7751513719558716,,0.07539676129817963,,,,,,111.2206393441001,158.88806584815237,0.30677965608201857,44.29110455774999,111.22063790403823,172.45774713509124,230.0278855660752,280.77222092889,39.47800718035017,95.87429673542348,165.17447894552478,0.8547737704399155,0.6105651164342534,0.06661573120117889,0.04382294049291772,0.0,0.5744577178782262,0.6146498584892853,0.3441338743772853,0.0,0.0,0.0,0.0,0.0,0.6470707494712836,0.8993074639991205,0.9822102524641824,0.9950166721629842,0.39930746399912054,0.18221025246418232,0.04501667216298422,0.19308563262614048,0.0,0.6593406593406593,0.32967032967032966,0.5338827838827839,1.6128136250343952,1.5921472029371575,1.5783862078582847,-7.983953475952148,0.00034083097125403583
656,3.073424021794801e-06,3.0734240217948005e-05,1.0,22.35009930584882,5.25131926665435,29.64942066089527,3.7547821869721285,3.7547821869721285,3.7547821869721285,0.0,0.0,0.3201031556000581,2.2503890991210938,0.12301791680825723,2.11727389773807,0.05821210629231221,0.020493040213713776,0.0,1.3376118427998311,0.0,0.0,0.0,0.0,0.0,0.0,0.0,0.0,10.914957046508789,3.065244197845459,0.4998939335346222,1.6689705848693848,7.975438594818115,0.9993591904640198,0.3938438594341278,0.29855018854141235,4.0,0.26888200640678406,0.2910650968551636,0.0,0.0009109311740890688,846.4325561523438,846.2532348632812,0.00021185537791415618,,0.16598664224147797,0.7501771450042725,,0.07686231285333633,,,,,,,0.16201597452163696,0.7639802694320679,,0.07400379329919815,,,,,,,,,,,,,,,,,,,,,,,,,,,,,,,,,,,,,,,,,,,,,,
657,3.0600373216620775e-06,3.0600373216620774e-05,1.0,23.647607751794762,5.338361173062711,32.238340635557435,3.709444200670397,3.709444200670397,3.709444200670397,0.0,0.0,0.3206061028145455,2.2572174072265625,0.12478189210633973,2.1226969538508236,0.06095733513703217,0.023126677886859792,0.0,1.3421066902779244,0.0,0.0,0.0,0.0,0.0,0.0,0.0,0.0,4.1037797927856445,4.90775728225708,0.4998939335346222,3.147109270095825,12.278042793273926,0.9999206066131592,0.44606083631515503,0.285127192735672,4.0,0.26362547278404236,0.3152080774307251,0.0,0.0004048582995951417,80.20431518554688,80.03447723388672,0.002117566258963105,,0.15900969505310059,0.7506041526794434,,0.07925011962652206,,,,,,,0.14941099286079407,0.7758731842041016,,0.07471586763858795,,,,,,,,,,,,,,,,,,,,,,,,,,,,,,,,,,,,,,,,,,,,,,
658,3.046672674429211e-06,3.0466726744292108e-05,1.0,23.442407556482262,5.507668984902872,31.603113122888512,3.7506701495196366,3.7506701495196366,3.7506701495196366,0.0,0.0,0.3195926047660209,2.23690280398807,0.124482773445748,2.088833576924092,0.05735425046972326,0.021864311115161794,0.0,1.3399284981392525,0.0,0.0,0.0,0.0,0.0,0.0,0.0,0.0,5.682764530181885,4.344281196594238,0.4998939335346222,2.8752870559692383,10.440611839294434,0.999947726726532,0.43056246638298035,0.26087936758995056,4.0,0.2617047131061554,0.30857136845588684,0.0,0.00020242914979757084,344.9172668457031,345.22344970703125,-0.000887699430440791,,0.15527918934822083,0.7558241486549377,,0.08003278821706772,,,,,,,0.14819130301475525,0.7751539349555969,,0.07665474712848663,,,,,,,,,,,,,,,,,,,,,,,,,,,,,,,,,,,,,,,,,,,,,,
659,3.03333021467805e-06,3.0333302146780495e-05,1.0,22.583383921030407,5.34092918602196,30.155590160472972,3.6903872103304476,3.6903872103304476,3.6903872103304476,0.0,0.0,0.3194281088339316,2.2463766561972127,0.12257462578850824,2.1181636501002954,0.06127612010852711,0.019609180656639306,0.0,1.325551007245038,0.0,0.0,0.0,0.0,0.0,0.0,0.0,0.0,8.838637351989746,4.096547603607178,0.4998939335346222,2.424191474914551,10.584334373474121,0.9998855590820312,0.40877026319503784,0.2595212459564209,4.0,0.2691055238246918,0.29454320669174194,0.0,0.00020242914979757084,501.8985290527344,501.4461669921875,0.000901301825691036,,0.16710150241851807,0.7460939288139343,,0.07938076555728912,,,,,,,0.15935193002223969,0.7644577622413635,,0.0761902928352356,,,,,,,,,,,,,,,,,,,,,,,,,,,,,,,,,,,,,,,,,,,,,,
660,3.0200100767670197e-06,3.0200100767670198e-05,1.0,23.59521319415118,5.34592664563978,32.0848487647804,3.736802797059755,3.736802797059755,3.736802797059755,0.0,0.0,0.32192526636896907,2.2399426022091427,0.12384595097722234,2.1167198387352197,0.058520594158688106,0.01915240609968031,0.0,1.3242478241791595,0.0,0.0,0.0,0.0,0.0,0.0,0.0,0.0,7.00508451461792,3.688556432723999,0.4998939335346222,2.145618438720703,9.251670837402344,0.9999988079071045,0.38325726985931396,0.2868247628211975,4.0,0.2681366205215454,0.2864367663860321,0.0,0.00010121457489878542,353.35540771484375,353.3504638671875,1.3991147576379143e-05,,0.16366486251354218,0.7561798095703125,,0.07604805380105972,,,,,,,0.15915212035179138,0.7662448883056641,,0.07460296154022217,,,,,,110.24477962871174,161.26817960825215,0.30767907963450786,48.84465280469957,110.24478387475544,172.38888583675973,228.14404425862776,278.7790089860619,45.57332338605608,94.50974770479424,164.21259075662365,0.86483653807534,0.5989297795879545,0.06801065026538249,0.05568081699314227,0.0,0.5579203951627927,0.6012781832369843,0.3555908969585401,0.0,0.0,0.0,0.0,0.0,0.6440350172909395,0.9020739437909934,0.9819537576490418,0.9951998827452274,0.40207394379099337,0.18195375764904176,0.04519988274522746,0.19193140595800814,0.0,0.6428571428571429,0.33516483516483514,0.5778388278388279,1.606446724671584,1.5859743736602447,1.572603003173084,-7.9841108322143555,0.00034077733289450407
661,3.006712394829758e-06,3.0067123948297578e-05,1.0,24.0996753589527,5.433232075459248,33.056459169130065,3.7162743645745353,3.7162743645745353,3.7162743645745353,0.0,0.0,0.32091975856471705,2.2397836221231,0.12553309105538032,2.0906996855864652,0.059398129179671,0.02370572734523464,0.0,1.3238561475599133,0.0,0.0,0.0,0.0,0.0,0.0,0.0,0.0,8.305403709411621,5.1218743324279785,0.4998939335346222,2.982534646987915,13.174982070922852,1.0,0.3985711336135864,0.25110235810279846,4.0,0.2653558552265167,0.29879388213157654,0.0,0.00010121457489878542,427.074951171875,426.95947265625,0.0002703940264071494,,0.1614799052476883,0.7492696046829224,,0.08054336905479431,,,,,,,0.1556311547756195,0.7683722972869873,,0.0759965181350708,,,,,,,,,,,,,,,,,,,,,,,,,,,,,,,,,,,,,,,,,,,,,,
662,2.9934373027737743e-06,2.9934373027737746e-05,1.0,21.991973052153718,5.192622829127956,29.04803631756757,3.7377579147751265,3.7377579147751265,3.7377579147751265,0.0,0.0,0.32045086010082346,2.227863208667652,0.12348614512263117,2.0853172508445947,0.05824206970833443,0.018810565407211717,0.0,1.3346761755041174,0.0,0.0,0.0,0.0,0.0,0.0,0.0,0.0,6.387588977813721,4.767472743988037,0.4998939335346222,3.150184154510498,11.333175659179688,0.9998674392700195,0.4604446589946747,0.25,4.0,0.2725166976451874,0.30849775671958923,0.0003036437246963563,0.0005060728744939271,169.0699005126953,168.89181518554688,0.0010533236644039146,,0.17380473017692566,0.7359046339988708,,0.08067857474088669,,,,,,,0.16375097632408142,0.7601481080055237,,0.0761009007692337,,,,,,,,,,,,,,,,,,,,,,,,,,,,,,,,,,,,,,,,,,,,,,
663,2.9801849342791012e-06,2.9801849342791012e-05,1.0,22.090492042335303,5.2386062209670605,29.11160525760135,3.7751089560019,3.7751089560019,3.7751089560019,0.0,0.0,0.3212465595554661,2.2262389724319047,0.12394191123343803,2.1154409872519,0.057664884103311075,0.022248456606993806,0.0,1.3351099168932117,0.0,0.0,0.0,0.0,0.0,0.0,0.0,0.0,7.502318382263184,4.412852764129639,0.4998939335346222,2.5704779624938965,11.624617576599121,0.9999486207962036,0.490476131439209,0.25,4.0,0.2734791338443756,0.30683085322380066,0.0013157894736842105,0.00020242914979757084,187.60113525390625,186.74887084960938,0.004542959738188093,,0.1749853789806366,0.7365027666091919,,0.07903394103050232,,,,,,,0.1632678508758545,0.7620315551757812,,0.07470063120126724,,,,,,,,,,,,,,,,,,,,,,,,,,,,,,,,,,,,,,,,,,,,,,
664,2.966955422796938e-06,2.9669554227969382e-05,1.0,23.34673412426098,5.442975430875211,31.4356128589527,3.7667595115867822,3.7667595115867822,3.7667595115867822,0.0,0.0,0.32119691694104996,2.240397685282939,0.12296318363498997,2.0957163217905403,0.06147122383117676,0.021410864752692146,0.0,1.3323126096983213,0.0,0.0,0.0,0.0,0.0,0.0,0.0,0.0,4.2641425132751465,4.156152725219727,0.4998939335346222,2.643024444580078,10.341161727905273,1.0,0.43787893652915955,0.2569006085395813,3.7396750450134277,0.26506370306015015,0.30319851636886597,0.0,0.0,138.1495361328125,137.41259765625,0.005334353608354003,,0.15991367399692535,0.7548306584358215,,0.07836175709962845,,,,,,,0.14949503540992737,0.7757903933525085,,0.07471459358930588,,,,,,,,,,,,,,,,,,,,,,,,,,,,,,,,,,,,,,,,,,,,,,
665,2.9537489015483213e-06,2.953748901548321e-05,1.0,22.32963108372044,5.259974299250422,29.690221838048988,3.7170702960040116,3.7170702960040116,3.7170702960040116,0.0,0.0,0.3212787267324087,2.2330664557379647,0.12464889320167336,2.086550944560283,0.06058737393972036,0.02003860956913716,0.0,1.3427593128101245,0.0,0.0,0.0,0.0,0.0,0.0,0.0,0.0,2.844552516937256,5.111560344696045,0.4998939335346222,3.5005836486816406,12.280433654785156,0.9999777674674988,0.447262167930603,0.25,4.0,0.26087164878845215,0.3134304881095886,0.00020242914979757084,0.00010121457489878542,16.216983795166016,15.584638595581055,0.03899277495568883,,0.1541149765253067,0.7560506463050842,,0.0808282271027565,,,,,,,0.14388114213943481,0.7797003388404846,,0.07641851156949997,,,,,,107.53710757245074,155.38098175677055,0.3087250244506559,43.311488518348106,107.53710332197099,169.1320773254858,224.81976075655106,276.99258853003334,53.55489240373884,92.8635439022567,156.90156886888587,0.8619340820913927,0.6068243238090643,0.07014826247788862,0.0502037640666717,0.0,0.5728952926401906,0.6082296455686688,0.34555373166298936,0.0,0.0,0.0,0.0,0.0,0.649108409495498,0.8991975376497746,0.9814957311934337,0.9948334615807409,0.3991975376497746,0.18149573119343365,0.044833461580740974,0.18691143600454363,0.0,0.6373626373626373,0.3516483516483517,0.5732600732600733,1.5896808778519158,1.569188565670789,1.5551585658238485,-7.984314441680908,0.0003407079784665257
666,2.940565503522775e-06,2.9405655035227747e-05,1.0,22.140004750844593,5.17016230402766,29.38901169235642,3.7208899420660897,3.7208899420660897,3.7208899420660897,0.0,0.0,0.3199382988182274,2.2451283222920186,0.12350320816040039,2.1022532695048564,0.05670301334278004,0.019134044647216797,0.0,1.3300824551968962,0.0,0.0,0.0,0.0,0.0,0.0,0.0,0.0,7.240838527679443,3.5463554859161377,0.4998939335346222,2.401219129562378,8.389266967773438,1.0000026226043701,0.41432487964630127,0.25,3.9502105712890625,0.2671460509300232,0.29906755685806274,0.00020242914979757084,0.0,363.67022705078125,363.60137939453125,0.00018931342499034552,,0.1624647080898285,0.7557451725006104,,0.07661531865596771,,,,,,,0.1554604321718216,0.7699856162071228,,0.0745539665222168,,,,,,,,,,,,,,,,,,,,,,,,,,,,,,,,,,,,,,,,,,,,,,
667,2.927405361476966e-06,2.927405361476966e-05,1.0,23.171084842166387,5.2480485245988175,31.371572133657093,3.719784298458615,3.719784298458615,3.719784298458615,0.0,0.0,0.32074969523661845,2.245076359929265,0.12494623338853991,2.0990029412346916,0.05887637267241607,0.023234525242367306,0.0,1.3376308131862331,0.0,0.0,0.0,0.0,0.0,0.0,0.0,0.0,5.169881343841553,4.879626750946045,0.4998939335346222,3.2852840423583984,11.601935386657715,0.9999105334281921,0.44372186064720154,0.25,4.0,0.26779356598854065,0.3084966838359833,0.00010121457489878542,0.0004048582995951417,91.31651306152344,91.12330627441406,0.00211579243043593,,0.16526393592357635,0.7469900250434875,,0.07823746651411057,,,,,,,0.15635418891906738,0.767764151096344,,0.07588165253400803,,,,,,,,,,,,,,,,,,,,,,,,,,,,,,,,,,,,,,,,,,,,,,
668,2.9142686079333815e-06,2.9142686079333814e-05,1.0,23.110302074535472,5.353108586491765,31.103518924197637,3.740152307458826,3.740152307458826,3.740152307458826,0.0,0.0,0.31896833471349767,2.2465475958746834,0.12413320025882206,2.0984946585990287,0.06085961573832744,0.02199703293877679,0.0,1.3439600145494617,0.0,0.0,0.0,0.0,0.0,0.0,0.0,0.0,4.613410949707031,4.084901809692383,0.4998939335346222,2.5887417793273926,10.178854942321777,0.9999510645866394,0.4164498746395111,0.28723782300949097,4.0,0.26033326983451843,0.30737441778182983,0.0,0.00020242914979757084,139.80020141601562,139.3924560546875,0.0029166292837787956,,0.15141449868679047,0.7656347155570984,,0.07621367275714874,,,,,,,0.14464420080184937,0.7808104753494263,,0.07454528659582138,,,,,,,,,,,,,,,,,,,,,,,,,,,,,,,,,,,,,,,,,,,,,,
669,2.9011553751789856e-06,2.9011553751789856e-05,1.0,21.91529639991554,5.315675065324113,28.85927932326858,3.685953088708826,3.685953088708826,3.685953088708826,0.0,0.0,0.3196141784255569,2.248877035604941,0.12438140044341216,2.104739421122783,0.05728206763396392,0.021314250456320273,0.0,1.341124457281989,0.0,0.0,0.0,0.0,0.0,0.0,0.0,0.0,3.061001777648926,5.3105149269104,0.4998939335346222,3.759247303009033,12.374341011047363,0.9997581243515015,0.4495059847831726,0.2533075511455536,4.0,0.2557767331600189,0.3256694972515106,0.0,0.0008097165991902834,74.23193359375,73.78285217285156,0.006049706631058957,,0.14623090624809265,0.7620185017585754,,0.07963716238737106,,,,,,,0.1374613642692566,0.7876026034355164,,0.07493604719638824,,,,,,,,,,,,,,,,,,,,,,,,,,,,,,,,,,,,,,,,,,,,,,
670,2.888065795263885e-06,2.8880657952638852e-05,1.0,21.48044730521537,5.145335841823268,28.091753985430742,3.7200935982369088,3.7200935982369088,3.7200935982369088,0.0,0.0,0.32015050424111857,2.2434067597260348,0.1242686348992425,2.1026194804423564,0.05871930637875119,0.023604003158775536,0.0,1.343915269181535,0.0,0.0,0.0,0.0,0.0,0.0,0.0,0.0,4.120100975036621,5.22829008102417,0.4998939335346222,4.001698017120361,11.67238712310791,0.9999959468841553,0.447300523519516,0.25,4.0,0.260337233543396,0.32544994354248047,0.0006072874493927126,0.00010121457489878542,165.41261291503906,165.327880859375,0.0005122466429303275,,0.15308168530464172,0.7580869793891907,,0.07827381044626236,,,,,,,0.14333194494247437,0.7816551327705383,,0.07501295208930969,,,,,,116.08975930266328,167.78640834424536,0.32853415574244116,63.97233793237707,116.08976093278473,174.69098579576237,231.06950670741838,282.84822569412773,47.39387130737305,102.23468697717948,165.39792334515116,0.8618731354333541,0.6153980894885029,0.07124860823610325,0.041951773531497864,0.0,0.5815479568129701,0.6231503398223834,0.3554540588736938,0.0,0.0,0.0,0.0,0.0,0.6478443876042933,0.899673885163607,0.982082005056612,0.9953098090945733,0.399673885163607,0.18208200505661198,0.04530980909457338,0.18874354182697592,0.0,0.6538461538461539,0.32967032967032966,0.5586080586080586,1.6220913391846876,1.6020838446342027,1.5887323429623803,-7.984210968017578,0.0003407432232052088
671,2.8750000000000013e-06,2.875000000000001e-05,1.0,22.12040916649071,5.19047381426837,29.318504539695947,3.727549784892314,3.727549784892314,3.727549784892314,0.0,0.0,0.320295643162083,2.2375304763381547,0.12373903635385874,2.0953565030484587,0.057472299885105445,0.023055010550730937,0.0,1.3415875821500212,0.0,0.0,0.0,0.0,0.0,0.0,0.0,0.0,9.417778015136719,3.69731068611145,0.4998939335346222,1.8085570335388184,9.923660278320312,1.0,0.3964575529098511,0.27518489956855774,3.7652158737182617,0.2668393850326538,0.28804802894592285,0.0,0.0,467.70660400390625,467.63189697265625,0.00015973054605270456,,0.16175399720668793,0.7573715448379517,,0.07535633444786072,,,,,,,0.15505516529083252,0.7722725868225098,,0.07267226278781891,,,,,,,,,,,,,,,,,,,,,,,,,,,,,,,,,,,,,,,,,,,,,,
672,2.8619581209597497e-06,2.8619581209597497e-05,1.0,22.70582374366554,5.311073097022804,30.4273120777027,3.6917897817250847,3.6917897817250847,3.6917897817250847,0.0,0.0,0.3187791205741264,2.2547265130120353,0.12396316270570497,2.10783406850454,0.05933659785502666,0.022222356216327566,0.0,1.35086812199773,0.0,0.0,0.0,0.0,0.0,0.0,0.0,0.0,5.56736946105957,4.686069488525391,0.4998939335346222,2.7396013736724854,12.017069816589355,0.999913215637207,0.42236796021461487,0.2537629306316376,4.0,0.2614074945449829,0.3069950342178345,0.0,0.00020242914979757084,152.70846557617188,152.58059692382812,0.0008373383352474874,,0.15396001935005188,0.7605570554733276,,0.07668145000934601,,,,,,,0.14797505736351013,0.778496265411377,,0.07352866232395172,,,,,,,,,,,,,,,,,,,,,,,,,,,,,,,,,,,,,,,,,,,,,,
673,2.848940289474711e-06,2.8489402894747107e-05,1.0,25.702722497888512,5.8122100830078125,35.868995460304056,3.7288909087309965,3.7288909087309965,3.7288909087309965,0.0,0.0,0.3220920304994325,2.228234780801309,0.12574203594310865,2.081486263790646,0.055778606517894846,0.016067501660939808,0.0,1.3473089063489758,0.0,0.0,0.0,0.0,0.0,0.0,0.0,0.0,7.543190002441406,4.50051212310791,0.4998939335346222,3.004459857940674,10.941666603088379,0.9996665120124817,0.48499199748039246,0.25,4.0,0.2678520977497101,0.3177923858165741,0.0017206477732793523,0.000708502024291498,218.11572265625,217.76052856445312,0.0016284662447587984,,0.16525733470916748,0.7473022937774658,,0.07840929925441742,,,,,,,0.15412437915802002,0.7723531723022461,,0.07352244853973389,,,,,,,,,,,,,,,,,,,,,,,,,,,,,,,,,,,,,,,,,,,,,,
674,2.8359466366342977e-06,2.8359466366342975e-05,1.0,22.104297534839528,5.307990821632179,29.171825512035472,3.7198704899968327,3.7198704899968327,3.7198704899968327,0.0,0.0,0.3204936465701541,2.2575046436206714,0.12436264914435309,2.1035500603753166,0.058523854693850956,0.01855287841848425,0.0,1.3515683766957876,0.0,0.0,0.0,0.0,0.0,0.0,0.0,0.0,5.783681392669678,4.77141809463501,0.4998939335346222,2.667658805847168,12.39853286743164,0.9997007250785828,0.4661003053188324,0.25,4.0,0.26077020168304443,0.32707861065864563,0.000708502024291498,0.0010121457489878543,182.44158935546875,182.32513427734375,0.0006383143149345142,,0.1540256291627884,0.7567232251167297,,0.07693618535995483,,,,,,,0.14648810029029846,0.7804203629493713,,0.073091521859169,,,,,,,,,,,,,,,,,,,,,,,,,,,,,,,,,,,,,,,,,,,,,,
675,2.8229772932844527e-06,2.822977293284453e-05,1.0,23.33354228251689,5.305164646457982,31.53525192673142,3.771066614099451,3.771066614099451,3.771066614099451,0.0,0.0,0.31930482709729996,2.25493539346231,0.12307795962771854,2.097407985377956,0.05759587159027924,0.02143919145738756,0.0,1.3564362397065033,0.0,0.0,0.0,0.0,0.0,0.0,0.0,0.0,5.332093238830566,4.046280384063721,0.4998939335346222,2.5263054370880127,10.139171600341797,0.9998509287834167,0.41532784700393677,0.29791632294654846,4.0,0.2542099058628082,0.31394296884536743,0.0,0.0003036437246963563,300.0159606933594,299.884765625,0.0004372936294994885,,0.14183852076530457,0.7729490399360657,,0.07610023766756058,,,,,,,0.13659343123435974,0.7898255586624146,,0.07358100265264511,,,,,,106.51345317966336,153.99725399763378,0.29911058307204147,39.15731966626513,106.5134538177183,168.18005658240455,223.852826637591,274.92122811313317,43.496058872767854,91.13166744025179,159.23893406080163,0.8647310166159345,0.5884664712820912,0.06062680088726411,0.05212023261588106,0.0,0.5483281430412023,0.5907005856510116,0.34396858766928706,0.0,0.0,0.0,0.0,0.0,0.6478662166602329,0.9024220438972556,0.9810743468542743,0.9945952878238247,0.40242204389725555,0.18107434685427426,0.044595287823824714,0.18359532446594115,0.0,0.6318681318681318,0.35714285714285715,0.5787545787545788,1.580569319672637,1.5597096902656031,1.5458768542323793,-7.984155654907227,0.00034076208248734474
676,2.810032390026321e-06,2.810032390026321e-05,1.0,22.3672534839527,5.2916729901288,29.710858319256758,3.718613083298142,3.718613083298142,3.718613083298142,0.0,0.0,0.32119500959241715,2.257341951937289,0.12414893588504276,2.1091197245829814,0.0598901993519551,0.021921753883361816,0.0,1.3566848136283256,0.0,0.0,0.0,0.0,0.0,0.0,0.0,0.0,11.755743026733398,3.4769198894500732,0.4998939335346222,1.5772590637207031,9.450746536254883,0.9987890124320984,0.46572864055633545,0.27798494696617126,4.0,0.2674344480037689,0.31663277745246887,0.0,0.0017206477732793523,575.2793579101562,574.9532470703125,0.0005668738767690671,,0.1653066724538803,0.7452454566955566,,0.07635998725891113,,,,,,,0.15774819254875183,0.7700556516647339,,0.07219615578651428,,,,,,,,,,,,,,,,,,,,,,,,,,,,,,,,,,,,,,,,,,,,,,
677,2.797112057214931e-06,2.797112057214931e-05,1.0,21.41120209565034,5.255807825036951,27.787241342905407,3.7495108939505912,3.7495108939505912,3.7495108939505912,0.0,0.0,0.3220921335993586,2.240462844436233,0.12468848357329497,2.0961221230996623,0.05783615885554133,0.0180410259478801,0.0,1.3542599033665013,0.0,0.0,0.0,0.0,0.0,0.0,0.0,0.0,4.971260070800781,4.47324800491333,0.4998939335346222,2.6702651977539062,11.39977741241455,0.999945342540741,0.46225666999816895,0.25,4.0,0.2676057517528534,0.3199653625488281,0.00020242914979757084,0.0004048582995951417,60.826202392578125,60.389808654785156,0.0071744366839876315,,0.1640084981918335,0.7518212795257568,,0.0759424939751625,,,,,,,0.15322692692279816,0.7741299867630005,,0.07264308631420135,,,,,,,,,,,,,,,,,,,,,,,,,,,,,,,,,,,,,,,,,,,,,,
678,2.7842164249578933e-06,2.7842164249578933e-05,1.0,23.169110272381758,5.25664623363598,31.33910472972973,3.7325719884923987,3.7325719884923987,3.7325719884923987,0.0,0.0,0.3222240757297825,2.2332041972392314,0.12529779124904322,2.087001285037479,0.059150689357035866,0.02356843851708077,0.0,1.3573571282464105,0.0,0.0,0.0,0.0,0.0,0.0,0.0,0.0,3.9650557041168213,5.056363582611084,0.4998939335346222,3.325634002685547,12.254085540771484,0.9999264478683472,0.42587587237358093,0.26466885209083557,4.0,0.2566254138946533,0.318652868270874,0.0,0.0003036437246963563,89.03463745117188,88.7136459350586,0.003605243142471586,,0.14683939516544342,0.76417076587677,,0.07920990139245987,,,,,,,0.13988783955574036,0.7849697470664978,,0.07514239847660065,,,,,,,,,,,,,,,,,,,,,,,,,,,,,,,,,,,,,,,,,,,,,,
679,2.7713456231140827e-06,2.771345623114083e-05,1.0,22.24598487647804,5.244983157596073,29.548118797508447,3.707038260794975,3.707038260794975,3.707038260794975,0.0,0.0,0.32128671697668126,2.246890093829181,0.12435999432125606,2.106088380555849,0.057340944135511246,0.017425013555062784,0.0,1.3486477619892843,0.0,0.0,0.0,0.0,0.0,0.0,0.0,0.0,8.204362869262695,4.445504665374756,0.4998939335346222,2.5368123054504395,11.556703567504883,0.9990991353988647,0.493857741355896,0.28232091665267944,4.0,0.26295164227485657,0.33101460337638855,0.0,0.0015182186234817814,469.3945007324219,468.40570068359375,0.0021065437436639037,,0.15806934237480164,0.7511798739433289,,0.07806438952684402,,,,,,,0.1482076495885849,0.7787586450576782,,0.07303369045257568,,,,,,,,,,,,,,,,,,,,,,,,,,,,,,,,,,,,,,,,,,,,,,
680,2.758499781292327e-06,2.758499781292327e-05,1.0,23.88153900971284,5.776257076778927,32.317224451013516,3.6875969139305322,3.6875969139305322,3.6875969139305322,0.0,0.0,0.3169448955638989,2.2743903495169975,0.12380958247829128,2.106478098276499,0.05904078483581543,0.023376545390567265,0.0,1.3429315927866343,0.0,0.0,0.0,0.0,0.0,0.0,0.0,0.0,6.781543254852295,4.122080326080322,0.4998939335346222,2.793635129928589,9.714622497558594,1.0,0.44715312123298645,0.28161847591400146,3.9105165004730225,0.2640865445137024,0.31628644466400146,0.0,0.0,260.9957275390625,260.75091552734375,0.000937992410937492,,0.15848872065544128,0.7557976841926575,,0.07723978161811829,,,,,,,0.15065120160579681,0.7752631902694702,,0.07408558577299118,,,,,,125.17688927283653,179.92120342207556,0.3548968730785834,84.21022536728408,125.17688693722891,180.67220190074366,236.96952076765885,288.46288550512276,51.417191641671316,110.08398230500923,178.7269519308339,0.8673102802942915,0.6422270684912866,0.08023834023712433,0.03481275810196599,0.0,0.6123913401571706,0.6557636417724853,0.38265393098666267,0.0,0.0,0.0,0.0,0.0,0.6535109914310983,0.8948554468506101,0.9827232420944634,0.9956762302590597,0.39485544685061014,0.18272324209446333,0.04567623025905976,0.19400168553735664,0.0,0.7197802197802198,0.25274725274725274,0.554945054945055,1.6511177212654888,1.6321313558044015,1.6196060932272083,-7.984341144561768,0.0003406988980714232
681,2.7456790288501136e-06,2.7456790288501133e-05,1.0,22.36652271167652,5.31405969568201,29.68193095439189,3.7236472464896537,3.7236472464896537,3.7236472464896537,0.0,0.0,0.31919706189954605,2.2555663650100297,0.12347232973253405,2.104742720320418,0.060238238927480335,0.02434005930617049,0.0,1.3419885377626162,0.0,0.0,0.0,0.0,0.0,0.0,0.0,0.0,7.919615745544434,4.726461887359619,0.4998939335346222,2.762437343597412,12.087688446044922,1.0,0.46265387535095215,0.25153592228889465,3.849921941757202,0.26537269353866577,0.31730055809020996,0.0,0.0,499.1244812011719,499.1097717285156,2.9470549352439705e-05,,0.16183415055274963,0.7481180429458618,,0.07930880784988403,,,,,,,0.15179798007011414,0.7727857232093811,,0.07541629672050476,,,,,,,,,,,,,,,,,,,,,,,,,,,,,,,,,,,,,,,,,,,,,,
682,2.7328834948922774e-06,2.7328834948922772e-05,1.0,23.577130291913008,5.409218865471917,31.981603673986488,3.735886857316301,3.735886857316301,3.735886857316301,0.0,0.0,0.3224939655613255,2.245316788956926,0.1238935831430796,2.1177456829998946,0.05777431823111869,0.022306938429136534,0.0,1.346953314703864,0.0,0.0,0.0,0.0,0.0,0.0,0.0,0.0,9.389049530029297,4.389011859893799,0.4998939335346222,2.2723186016082764,11.511648178100586,0.9999995231628418,0.4249512255191803,0.25147873163223267,4.0,0.26482027769088745,0.30017372965812683,0.0,0.00010121457489878542,663.9617919921875,663.96142578125,5.515542338681877e-07,,0.1600470393896103,0.7526534199714661,,0.07960924506187439,,,,,,,0.15309715270996094,0.7717656493186951,,0.0751371830701828,,,,,,,,,,,,,,,,,,,,,,,,,,,,,,,,,,,,,,,,,,,,,,
683,2.720113308269701e-06,2.7201133082697005e-05,1.0,21.894183184649492,5.18780888737859,28.84762325802365,3.737472946579392,3.737472946579392,3.737472946579392,0.0,0.0,0.3213271579226932,2.231336851377745,0.12343052271250132,2.1008558531065247,0.05975008010864258,0.019377834088093526,0.0,1.335274361275338,0.0,0.0,0.0,0.0,0.0,0.0,0.0,0.0,6.222302436828613,4.025461673736572,0.4998939335346222,2.5529661178588867,9.582708358764648,0.9999376535415649,0.4850091338157654,0.25,4.0,0.2678758502006531,0.32510659098625183,0.0011133603238866396,0.0003036437246963563,181.9829559326172,181.6012725830078,0.0020973576764557055,,0.1649898737668991,0.748944878578186,,0.0767102986574173,,,,,,,0.15469679236412048,0.7719881534576416,,0.07331500202417374,,,,,,,,,,,,,,,,,,,,,,,,,,,,,,,,,,,,,,,,,,,,,,
684,2.707368597578023e-06,2.7073685975780228e-05,1.0,22.35437671558277,5.351536518818623,29.67702174831081,3.6902115280563765,3.6902115280563765,3.6902115280563765,0.0,0.0,0.31973717663739176,2.2638302364864864,0.12356776160162848,2.1150636415223816,0.06250707523242847,0.02318039133742049,0.0,1.3430873767749683,0.0,0.0,0.0,0.0,0.0,0.0,0.0,0.0,2.739624261856079,5.091649532318115,0.4998939335346222,3.49375319480896,12.230175018310547,1.0000003576278687,0.435238778591156,0.25,3.6586406230926514,0.2548615634441376,0.3197488784790039,0.0003036437246963563,0.0,19.921588897705078,19.463024139404297,0.023018483146874238,,0.1439460664987564,0.7668133974075317,,0.07936443388462067,,,,,,,0.13465125858783722,0.7894027233123779,,0.07594606280326843,,,,,,,,,,,,,,,,,,,,,,,,,,,,,,,,,,,,,,,,,,,,,,
685,2.6946494911563407e-06,2.6946494911563407e-05,1.0,22.281909839527028,5.1646452207823055,29.6840160472973,3.716047957136824,3.716047957136824,3.716047957136824,0.0,0.0,0.32127522133492137,2.2350381387246623,0.125251512269716,2.108249973606419,0.05892171730866303,0.020063414766981796,0.0,1.3448346112225507,0.0,0.0,0.0,0.0,0.0,0.0,0.0,0.0,4.816531181335449,4.498398780822754,0.4998939335346222,3.081721782684326,10.856517791748047,1.0,0.4791412949562073,0.2522943913936615,3.97023344039917,0.26169756054878235,0.33261173963546753,0.0,0.0,107.28807830810547,106.68510437011719,0.0056201392316552225,,0.1543404906988144,0.7607352137565613,,0.07571189105510712,,,,,,,0.14457690715789795,0.782373309135437,,0.07304979860782623,,,,,,117.648864201137,170.21219382186186,0.32490700614167345,59.58570237212129,117.64886270162954,173.65022208639562,231.82863752686376,281.8693459144964,39.932218824114116,102.34739534244981,172.3859511665676,0.8603173650593081,0.6012403827422961,0.06415372627167425,0.04376706828077733,0.0,0.5631152683306907,0.6075538026390761,0.34649262811646736,0.0,0.0,0.0,0.0,0.0,0.6508442098362351,0.8989960060093071,0.9812575574365175,0.9945586457073761,0.39899600600930707,0.1812575574365175,0.04455864570737611,0.1899893737862299,0.0,0.6703296703296703,0.3131868131868132,0.5622710622710623,1.6174391411490492,1.5979070041205856,1.585344603592223,-7.984450340270996,0.00034066170337609947
686,2.681956117085913e-06,2.6819561170859132e-05,1.0,21.65005080764358,5.202549702412373,28.351790144636823,3.7287473936338684,3.7287473936338684,3.7287473936338684,0.0,0.0,0.3207847749864733,2.2524659440324113,0.12309731663884343,2.10177096805057,0.06032313527287664,0.019150002582653147,0.0,1.3510355562777132,0.0,0.0,0.0,0.0,0.0,0.0,0.0,0.0,6.7323102951049805,4.16456937789917,0.4998939335346222,2.5263051986694336,10.524547576904297,0.9998300075531006,0.4599195122718811,0.2595410943031311,4.0,0.2592886686325073,0.3207879960536957,0.0,0.0011133603238866396,231.4886474609375,230.97869873046875,0.002202910320061381,,0.15104566514492035,0.7612988352775574,,0.07702804356813431,,,,,,,0.14376413822174072,0.7825210094451904,,0.07371488213539124,,,,,,,,,,,,,,,,,,,,,,,,,,,,,,,,,,,,,,,,,,,,,,
687,2.6692886031888742e-06,2.6692886031888742e-05,1.0,21.61372169288429,5.290990881017737,28.162195154138512,3.7529606174778296,3.7529606174778296,3.7529606174778296,0.0,0.0,0.319849478231894,2.232774064347551,0.12491121807613888,2.0831127682247677,0.05591626425047178,0.019337665390323947,0.0,1.3542321694863808,0.0,0.0,0.0,0.0,0.0,0.0,0.0,0.0,6.564310550689697,4.388209819793701,0.4998939335346222,2.781385898590088,10.753107070922852,0.9993898272514343,0.44733455777168274,0.25999715924263,4.0,0.26082471013069153,0.3214728534221649,0.0,0.0012145748987854252,157.74546813964844,157.39822387695312,0.0022012946982914597,,0.1534212827682495,0.759685754776001,,0.07655899226665497,,,,,,,0.14646649360656738,0.7797451019287109,,0.07378841936588287,,,,,,,,,,,,,,,,,,,,,,,,,,,,,,,,,,,,,,,,,,,,,,
688,2.6566470770269493e-06,2.656647077026949e-05,1.0,22.031944481102197,5.215510600322002,29.088042388091218,3.745533711201436,3.745533711201436,3.745533711201436,0.0,0.0,0.321143304979479,2.2346176972260348,0.12477271621291702,2.073030420251795,0.05792883924535803,0.019658032301309948,0.0,1.3627776068610113,0.0,0.0,0.0,0.0,0.0,0.0,0.0,0.0,6.27998685836792,4.304850101470947,0.4998939335346222,2.4200522899627686,10.984491348266602,0.9993574023246765,0.4270573854446411,0.2644726037979126,4.0,0.2535437345504761,0.3239312767982483,0.0,0.0011133603238866396,237.02810668945312,236.9396209716797,0.00037331318639510016,,0.14126110076904297,0.7718670964241028,,0.07560227811336517,,,,,,,0.13504566252231598,0.7922651767730713,,0.07268913090229034,,,,,,,,,,,,,,,,,,,,,,,,,,,,,,,,,,,,,,,,,,,,,,
689,2.644031665900169e-06,2.644031665900169e-05,1.0,24.709033862964528,5.345213606550887,34.37282912795608,3.70858434728674,3.70858434728674,3.70858434728674,0.0,0.0,0.32012277036099823,2.2444066228093327,0.12302033965652054,2.105588758313978,0.05727182207880793,0.017408330698271055,0.0,1.356374895250475,0.0,0.0,0.0,0.0,0.0,0.0,0.0,0.0,4.448983669281006,4.703120708465576,0.4998939335346222,3.0413596630096436,11.469001770019531,0.9988555312156677,0.47861501574516296,0.25,4.0,0.25651273131370544,0.33538302779197693,0.0005060728744939271,0.0019230769230769232,105.12042999267578,104.85340881347656,0.0025401454238517035,,0.1480962634086609,0.7584665417671204,,0.07791339606046677,,,,,,,0.13849470019340515,0.7874816656112671,,0.07402359694242477,,,,,,,,,,,,,,,,,,,,,,,,,,,,,,,,,,,,,,,,,,,,,,
690,2.63144249684558e-06,2.6314424968455804e-05,1.0,23.5477855785473,5.4122603132918075,31.962052628800677,3.7150623218433276,3.7150623218433276,3.7150623218433276,0.0,0.0,0.32298198906151027,2.2472791929502747,0.12337808351258973,2.1110594465925887,0.05910932051168906,0.019794283686457453,0.0,1.3509754490207981,0.0,0.0,0.0,0.0,0.0,0.0,0.0,0.0,6.939836502075195,5.082140922546387,0.4998939335346222,3.105891704559326,12.569208145141602,0.9996560215950012,0.4806520938873291,0.25,4.0,0.2607886791229248,0.32761943340301514,0.0013157894736842105,0.0006072874493927126,371.2937316894531,370.7979736328125,0.0013352179536800604,,0.1545453667640686,0.7541986107826233,,0.07880173623561859,,,,,,,0.14361253380775452,0.7826080322265625,,0.07377945631742477,,,,,,117.48514139783252,170.0319416705548,0.3242114335788222,63.395319571861855,117.48514131669367,175.75796950838293,233.5732203321198,284.1680790772868,39.32409395490374,101.89139580541803,173.10950038744056,0.8606463669913218,0.6130682092888369,0.06794259718859806,0.04238442924201617,0.0,0.5760073631462368,0.6205744033759821,0.36874333420745703,0.0,0.0,0.0,0.0,0.0,0.6518737277548117,0.8978601003993991,0.9814224469605365,0.9949433879300869,0.3978601003993991,0.18142244696053644,0.0449433879300869,0.1929390641603459,0.0,0.6703296703296703,0.3131868131868132,0.5732600732600732,1.6334574607374903,1.6136469913052989,1.6010160416692167,-7.984607696533203,0.00034060809412039816
691,2.6188796966359765e-06,2.6188796966359762e-05,1.0,23.674266918285472,5.598409704259924,32.006162901182435,3.731696876319679,3.731696876319679,3.731696876319679,0.0,0.0,0.3185957058055981,2.239804035908467,0.12285405236321527,2.1031407536687077,0.05827644708994273,0.023582411778939737,0.0,1.3487501402158995,0.0,0.0,0.0,0.0,0.0,0.0,0.0,0.0,9.36953067779541,3.851935625076294,0.4998939335346222,1.979050636291504,9.981977462768555,1.0000072717666626,0.41152310371398926,0.25,3.4078421592712402,0.2640705108642578,0.298898845911026,0.0006072874493927126,0.0,411.792236328125,411.72314453125,0.00016778314591619974,,0.15759722888469696,0.759575605392456,,0.07697240263223648,,,,,,,0.1487051248550415,0.7784928679466248,,0.07280198484659195,,,,,,,,,,,,,,,,,,,,,,,,,,,,,,,,,,,,,,,,,,,,,,
692,2.6063433917786184e-06,2.6063433917786184e-05,1.0,25.06307570998733,5.296747980891047,35.00918166701858,3.7681884765625,3.7681884765625,3.7681884765625,0.0,0.0,0.3213149921314136,2.2521304568728886,0.12526224754952095,2.093184806205131,0.05858588863063503,0.020291945418796024,0.0,1.3467316498627533,0.0,0.0,0.0,0.0,0.0,0.0,0.0,0.0,6.1822052001953125,4.481053829193115,0.4998939335346222,3.498875141143799,10.139171600341797,1.0000003576278687,0.47534647583961487,0.25,3.922187089920044,0.2588118314743042,0.3301580548286438,0.00010121457489878542,0.0,265.17681884765625,264.9078369140625,0.0010143493490970634,,0.14990945160388947,0.7635939121246338,,0.07675503194332123,,,,,,,0.14027103781700134,0.7866818904876709,,0.07304707914590836,,,,,,,,,,,,,,,,,,,,,,,,,,,,,,,,,,,,,,,,,,,,,,
693,2.5938337085139537e-06,2.5938337085139537e-05,1.0,20.97171267947635,5.191550589896537,27.07364139041385,3.6908742543813347,3.6908742543813347,3.6908742543813347,0.0,0.0,0.31968544624947215,2.263996021167652,0.12315125078768344,2.1163544525971285,0.05920165938300055,0.019846912976857777,0.0,1.3486858058620144,0.0,0.0,0.0,0.0,0.0,0.0,0.0,0.0,4.20777702331543,4.919693946838379,0.4998939335346222,3.3272576332092285,11.946864128112793,0.9994581341743469,0.46973535418510437,0.2817307412624359,4.0,0.2534250020980835,0.3409484028816223,0.0,0.0016194331983805667,224.05421447753906,223.33468627929688,0.0032114022042389148,,0.14264754951000214,0.7643535733222961,,0.07991917431354523,,,,,,,0.1341249644756317,0.7907810211181641,,0.07509401440620422,,,,,,,,,,,,,,,,,,,,,,,,,,,,,,,,,,,,,,,,,,,,,,
694,2.5813507728143545e-06,2.5813507728143544e-05,1.0,22.949134620460303,5.294411324165963,30.92171333931588,3.683143409522804,3.683143409522804,3.683143409522804,0.0,0.0,0.32104425172548035,2.275535789695946,0.12341762233424831,2.146715731234164,0.05962026441419447,0.021896210876671044,0.0,1.3504304628114443,0.0,0.0,0.0,0.0,0.0,0.0,0.0,0.0,3.8977818489074707,4.446634769439697,0.4998939335346222,2.9738094806671143,10.543069839477539,1.0,0.4040626287460327,0.2771272659301758,3.7723002433776855,0.25454190373420715,0.310118168592453,0.0,0.0,203.75228881835938,203.8739776611328,-0.0005972391450381222,,0.14159852266311646,0.7754786610603333,,0.07755865156650543,,,,,,,0.13426285982131958,0.7907184362411499,,0.07501868903636932,,,,,,,,,,,,,,,,,,,,,,,,,,,,,,,,,,,,,,,,,,,,,,
695,2.5688947103828476e-06,2.5688947103828475e-05,1.0,23.351138553103887,5.339545585013725,31.61067158467061,3.7229094634184965,3.7229094634184965,3.7229094634184965,0.0,0.0,0.3201692942026499,2.2816758026947848,0.12324922149245804,2.1248259673247465,0.0594064931611757,0.018700918635806522,0.0,1.337983311833562,0.0,0.0,0.0,0.0,0.0,0.0,0.0,0.0,3.8609960079193115,4.898548126220703,0.4998939335346222,3.481832504272461,11.715789794921875,0.9999447464942932,0.44905099272727966,0.26867130398750305,4.0,0.2530907392501831,0.3286098539829254,0.0,0.0003036437246963563,184.26560974121094,183.74176025390625,0.0028429042621702445,,0.14162303507328033,0.7666915655136108,,0.08085139840841293,,,,,,,0.1326940357685089,0.7907540202140808,,0.07655194401741028,,,,,,113.4382807134272,164.4462130020779,0.31288831395346733,55.29939370626931,113.43828043692518,173.68569798901274,228.9487245545927,280.35075179271195,41.85349491664341,98.03617628230604,167.52447576108187,0.863186495743939,0.6149467801941648,0.06836350758629495,0.041750765908779436,0.0,0.5784897340720493,0.6211904634137951,0.37382612675327875,0.0,0.0,0.0,0.0,0.0,0.653569511288526,0.8970356527793045,0.9817888681250229,0.9949067458136382,0.3970356527793045,0.18178886812502282,0.044906745813638294,0.19227950606427027,0.0,0.6483516483516484,0.34065934065934067,0.5787545787545788,1.6111921484653766,1.5910853642028766,1.5781866721399538,-7.984772682189941,0.0003405518946237862
696,2.5564656466518394e-06,2.5564656466518394e-05,1.0,22.544329669024492,5.290756637985642,30.03556864970439,3.735643129091005,3.735643129091005,3.735643129091005,0.0,0.0,0.32090962899697795,2.2512539013012036,0.12330289789148279,2.1160292754302152,0.05797497001854149,0.02062936731286951,0.0,1.343979397335568,0.0,0.0,0.0,0.0,0.0,0.0,0.0,0.0,6.038835048675537,4.197664260864258,0.4998939335346222,2.3930270671844482,10.793091773986816,0.9998869299888611,0.46618083119392395,0.25,4.0,0.255480021238327,0.332019180059433,0.000708502024291498,0.0011133603238866396,307.5578308105469,307.0666198730469,0.0015971335738890094,,0.14566828310489655,0.7622408270835876,,0.08217176049947739,,,,,,,0.13834866881370544,0.784996747970581,,0.07665456086397171,,,,,,,,,,,,,,,,,,,,,,,,,,,,,,,,,,,,,,,,,,,,,,
697,2.544063706781866e-06,2.5440637067818658e-05,1.0,23.03466961834882,5.253162280933277,31.032153980152028,3.743942673141892,3.743942673141892,3.743942673141892,0.0,0.0,0.3203367800325961,2.257924054120038,0.12287164378810574,2.126427933976457,0.0578050033466236,0.017503361444215517,0.0,1.3442999350058067,0.0,0.0,0.0,0.0,0.0,0.0,0.0,0.0,5.816844463348389,5.150789260864258,0.4998939335346222,3.2660906314849854,12.742232322692871,0.9999189376831055,0.48926013708114624,0.25,4.0,0.2579002380371094,0.33846762776374817,0.0006072874493927126,0.0005060728744939271,294.4089660644531,293.95611572265625,0.0015381676307294776,,0.14987938106060028,0.7581614851951599,,0.07931430637836456,,,,,,,0.13921187818050385,0.785956621170044,,0.07483147084712982,,,,,,,,,,,,,,,,,,,,,,,,,,,,,,,,,,,,,,,,,,,,,,
698,2.531689015660325e-06,2.531689015660325e-05,1.0,22.996055809227197,5.317412092879012,30.990815033783782,3.6965851654877535,3.6965851654877535,3.6965851654877535,0.0,0.0,0.31925368953395533,2.253463126517631,0.12321381955533414,2.1174101958403715,0.05857534021944613,0.018608012714901485,0.0,1.3430546940983952,0.0,0.0,0.0,0.0,0.0,0.0,0.0,0.0,7.289522647857666,3.818636178970337,0.4998939335346222,2.1534903049468994,9.865684509277344,0.9972599744796753,0.4870224893093109,0.25232523679733276,4.0,0.25739485025405884,0.3286679685115814,0.0,0.0024291497975708503,335.41119384765625,334.9327392578125,0.001426471741611176,,0.1505863219499588,0.7527611255645752,,0.07750798761844635,,,,,,,0.14311283826828003,0.7823423743247986,,0.07454477995634079,,,,,,,,,,,,,,,,,,,,,,,,,,,,,,,,,,,,,,,,,,,,,,
699,2.519341697900216e-06,2.519341697900216e-05,1.0,23.24198294974662,5.193321021827492,31.50814571896115,3.7609261177681588,3.7609261177681588,3.7609261177681588,0.0,0.0,0.3219329988634264,2.218883617504223,0.12490342114422773,2.078273463893581,0.05587132557018383,0.014593440133172113,0.0,1.3461592390730575,0.0,0.0,0.0,0.0,0.0,0.0,0.0,0.0,3.590487241744995,5.561347007751465,0.4998939335346222,4.005607604980469,13.172416687011719,1.0,0.4368758797645569,0.2766933739185333,3.933465003967285,0.2512985169887543,0.32989922165870667,0.0,0.0,101.43045043945312,101.40424346923828,0.00025837379308975343,,0.13909268379211426,0.7675978541374207,,0.08114467561244965,,,,,,,0.1307641565799713,0.7921890020370483,,0.07704681903123856,,,,,,,,,,,,,,,,,,,,,,,,,,,,,,,,,,,,,,,,,,,,,,
700,2.5070218778388933e-06,2.507021877838893e-05,1.0,21.45629717852618,5.273305532094595,27.844446130701012,3.7545582539326436,3.7545582539326436,3.7545582539326436,0.0,0.0,0.32078366666226776,2.2480169760214315,0.12334751438450169,2.105341112291491,0.05878643731813173,0.019097532774951007,0.0,1.3441610594053526,0.0,0.0,0.0,0.0,0.0,0.0,0.0,0.0,6.480508327484131,4.155035018920898,0.4998939335346222,2.7583935260772705,9.848352432250977,0.999660074710846,0.45526912808418274,0.25,4.0,0.2611352801322937,0.3210964500904083,0.0003036437246963563,0.0006072874493927126,275.5601501464844,275.1365966796875,0.0015370635651480056,,0.15420463681221008,0.7580763101577759,,0.07641322910785675,,,,,,,0.1461128294467926,0.7796187996864319,,0.07426837086677551,,,,,,116.17434206113711,173.08101159378174,0.3127695564845126,64.069215292459,116.17433876018377,177.95356535971652,231.68438060641796,282.63402947042783,33.009322030203684,99.37734648238781,175.9345066236413,0.8674706197492709,0.6105777021900856,0.06552749719840376,0.04555842574948951,0.0,0.5712580987091757,0.6203467507831766,0.37918316937524355,0.0,0.0,0.0,0.0,0.0,0.6518640708098172,0.8987944743688395,0.9817155838921257,0.9949983511047598,0.3987944743688395,0.1817155838921256,0.044998351104759804,0.19321388003371076,0.0,0.6813186813186813,0.3076923076923077,0.5686813186813187,1.6246041653902976,1.6040059653939782,1.5907791012918555,-7.984588146209717,0.00034061475889757276
701,2.494729679536809e-06,2.494729679536809e-05,1.0,22.47754731049409,5.429763381545608,29.75479373416385,3.7388755179740287,3.7388755179740287,3.7388755179740287,0.0,0.0,0.31936331053037903,2.2602246258709884,0.12333346701957085,2.1080747037320524,0.05959755665547139,0.023074767074069462,0.0,1.3492271835739549,0.0,0.0,0.0,0.0,0.0,0.0,0.0,0.0,6.580108165740967,4.347723960876465,0.4998939335346222,2.766486644744873,10.75101375579834,1.0,0.48702508211135864,0.25136232376098633,3.8394784927368164,0.2590887248516083,0.33173438906669617,0.0,0.0,315.3226013183594,314.9724426269531,0.0011104776186110397,,0.14981207251548767,0.7655043005943298,,0.07687237858772278,,,,,,,0.13965192437171936,0.7861810922622681,,0.07416699826717377,,,,,,,,,,,,,,,,,,,,,,,,,,,,,,,,,,,,,,,,,,,,,,
702,2.482465226776262e-06,2.4824652267762617e-05,1.0,22.928489891258447,5.336259171769425,30.706071183488177,3.7646439011032515,3.7646439011032515,3.7646439011032515,0.0,0.0,0.3212941917213234,2.2503662109375,0.12522846943623311,2.104943765176309,0.05610560726475071,0.021075802880364494,0.0,1.3446384120631862,0.0,0.0,0.0,0.0,0.0,0.0,0.0,0.0,8.304862976074219,4.08660888671875,0.4998939335346222,2.4871387481689453,10.079935073852539,1.0000009536743164,0.4356224834918976,0.25,3.809070110321045,0.26351866126060486,0.3145609498023987,0.0005060728744939271,0.0,316.9742431640625,316.9132080078125,0.00019255557057489006,,0.15647956728935242,0.7616732120513916,,0.0753517597913742,,,,,,,0.1474149525165558,0.7793136835098267,,0.07327134907245636,,,,,,,,,,,,,,,,,,,,,,,,,,,,,,,,,,,,,,,,,,,,,,
703,2.470228643060157e-06,2.4702286430601566e-05,1.0,23.85135959934544,5.2921340529983105,32.621337890625,3.7607805406725086,3.7607805406725086,3.7607805406725086,0.0,0.0,0.3224841195183831,2.2337718654323266,0.12595627758954023,2.0655824815904773,0.05792432217984586,0.021032082067953574,0.0,1.3603815645784945,0.0,0.0,0.0,0.0,0.0,0.0,0.0,0.0,6.301651954650879,4.07663631439209,0.4998939335346222,2.8045694828033447,9.63714599609375,0.9999513626098633,0.4184552729129791,0.26520082354545593,4.0,0.25574201345443726,0.3162645697593689,0.0,0.0004048582995951417,169.75143432617188,169.6449432373047,0.0006273354289458806,,0.1440383642911911,0.771763801574707,,0.07701342552900314,,,,,,,0.13812699913978577,0.7861843109130859,,0.07568869739770889,,,,,,,,,,,,,,,,,,,,,,,,,,,,,,,,,,,,,,,,,,,,,,
704,2.458020051610753e-06,2.458020051610753e-05,1.0,23.43324073585304,5.445500554265203,31.69454048775338,3.7247025773331925,3.7247025773331925,3.7247025773331925,0.0,0.0,0.3191971134495091,2.238753860061233,0.12266796988409918,2.0993784311655403,0.05711731395205936,0.02208029096190994,0.0,1.3430431469066724,0.0,0.0,0.0,0.0,0.0,0.0,0.0,0.0,2.8767435550689697,5.5983967781066895,0.4998939335346222,3.8956611156463623,13.301684379577637,0.9994044899940491,0.48365703225135803,0.25,4.0,0.25433290004730225,0.3377305865287781,0.0011133603238866396,0.000708502024291498,14.486305236816406,13.699225425720215,0.05433268167619838,,0.14406517148017883,0.7635672092437744,,0.07861021161079407,,,,,,,0.13245534896850586,0.7924329042434692,,0.07511177659034729,,,,,,,,,,,,,,,,,,,,,,,,,,,,,,,,,,,,,,,,,,,,,,
705,2.4458395753684344e-06,2.4458395753684342e-05,1.0,23.10137114653716,5.318935084987331,31.1136474609375,3.754135544235642,3.754135544235642,3.754135544235642,0.0,0.0,0.3203253874907622,2.2280760069151184,0.12212212021286423,2.0775235150311446,0.0551252945049389,0.016834627937626193,0.0,1.3472219931112754,0.0,0.0,0.0,0.0,0.0,0.0,0.0,0.0,4.367602825164795,5.371610164642334,0.4998939335346222,4.040968418121338,12.087688446044922,1.0000004768371582,0.47413432598114014,0.25,3.7977306842803955,0.2586188018321991,0.3285203278064728,0.0004048582995951417,0.0,125.1046371459961,124.71096801757812,0.0031467189178492247,,0.14985941350460052,0.7625762224197388,,0.07754422724246979,,,,,,,0.1379108726978302,0.7887380719184875,,0.07335104048252106,,,,,,120.48573621812757,174.7596347091749,0.33334005892629054,65.38184180626503,120.48573507013597,177.94218052051343,233.02328420496585,284.74171323210743,43.4341790335519,105.42821147829987,174.43750995138416,0.8610354048934775,0.6053895489499876,0.060679596133377006,0.04165517350033127,0.0,0.5671132653450791,0.6125730850628325,0.3584005676843038,0.0,0.0,0.0,0.0,0.0,0.6520792370011882,0.8979883478069693,0.9813125206111905,0.9947968194642922,0.39798834780696934,0.1813125206111904,0.04479681946429226,0.1900076948444542,0.0,0.6758241758241759,0.3076923076923077,0.5686813186813187,1.6284775650435752,1.6086514700245071,1.5960240698122716,-7.984443187713623,0.0003406641189940274
706,2.433687336990459e-06,2.433687336990459e-05,1.0,22.4239782384924,5.231358296162373,29.88642842060811,3.7167366646431588,3.7167366646431588,3.7167366646431588,0.0,0.0,0.3205468719070022,2.255474193676098,0.12404846500706028,2.1162758904534416,0.06105675568451752,0.02175244769534549,0.0,1.3506361471640098,0.0,0.0,0.0,0.0,0.0,0.0,0.0,0.0,8.417961120605469,4.1440911293029785,0.4998939335346222,2.587477922439575,10.23867130279541,0.9998264312744141,0.47128137946128845,0.2617657482624054,4.0,0.26292234659194946,0.31874096393585205,0.0,0.0008097165991902834,400.4726257324219,400.15496826171875,0.0007932064523066046,,0.1572156846523285,0.7545714378356934,,0.0784951001405716,,,,,,,0.14767196774482727,0.7785534858703613,,0.07377450168132782,,,,,,,,,,,,,,,,,,,,,,,,,,,,,,,,,,,,,,,,,,,,,,
707,2.421563458849732e-06,2.421563458849732e-05,1.0,22.609460779138512,5.247624990102407,30.20193069045608,3.744344762853674,3.744344762853674,3.744344762853674,0.0,0.0,0.31959129024196314,2.256027840279244,0.12378053407411317,2.0914683986354516,0.05577760129361539,0.020219181035016034,0.0,1.3548844827188027,0.0,0.0,0.0,0.0,0.0,0.0,0.0,0.0,4.436676979064941,4.809731960296631,0.4998939335346222,3.174891233444214,11.511648178100586,0.9999766945838928,0.44528040289878845,0.25,4.0,0.25833162665367126,0.3233276903629303,0.0010121457489878543,0.0003036437246963563,71.37152862548828,71.11603546142578,0.0035797630929717537,,0.14907409250736237,0.7644331455230713,,0.07718195766210556,,,,,,,0.13915011286735535,0.7865933179855347,,0.07425656169652939,,,,,,,,,,,,,,,,,,,,,,,,,,,,,,,,,,,,,,,,,,,,,,
708,2.4094680630335754e-06,2.4094680630335753e-05,1.0,23.374318715688343,5.4404936094541805,31.575225005278718,3.7151839797561235,3.7151839797561235,3.7151839797561235,0.0,0.0,0.32134045781315984,2.2666153778900973,0.1244339556307406,2.117998896418391,0.059835292197562555,0.023558885664553254,0.0,1.3558257850440774,0.0,0.0,0.0,0.0,0.0,0.0,0.0,0.0,4.278123378753662,5.526432514190674,0.4998939335346222,3.993889570236206,12.892434120178223,1.0,0.44348737597465515,0.29366305470466614,3.739223003387451,0.25038978457450867,0.33012592792510986,0.0,0.0,108.79075622558594,108.43243408203125,0.003293681889770848,,0.13637861609458923,0.7748191356658936,,0.0783112496137619,,,,,,,0.12859420478343964,0.7964226007461548,,0.07498320937156677,,,,,,,,,,,,,,,,,,,,,,,,,,,,,,,,,,,,,,,,,,,,,,
709,2.397401271342486e-06,2.397401271342486e-05,1.0,22.62188720703125,5.189380955051732,30.287561365076012,3.745314314558699,3.745314314558699,3.745314314558699,0.0,0.0,0.32129615061991923,2.2446882918074325,0.124296523429252,2.0832272091427364,0.05802936811704893,0.0189833850473971,0.0,1.351589821480416,0.0,0.0,0.0,0.0,0.0,0.0,0.0,0.0,3.5892348289489746,4.645664215087891,0.4998939335346222,3.202918767929077,11.288992881774902,0.999944269657135,0.43244510889053345,0.25,4.0,0.2475978285074234,0.3268529772758484,0.0003036437246963563,0.0003036437246963563,41.370277404785156,41.26983642578125,0.002427853650125358,,0.13133284449577332,0.7808036208152771,,0.07942111045122147,,,,,,,0.12511353194713593,0.7984023094177246,,0.07648413628339767,,,,,,,,,,,,,,,,,,,,,,,,,,,,,,,,,,,,,,,,,,,,,,
710,2.3853632052889245e-06,2.3853632052889248e-05,1.0,24.289526037267738,5.3137582314981,33.633917731207774,3.6763396391997465,3.6763396391997465,3.6763396391997465,0.0,0.0,0.3206102268115894,2.240901431521854,0.12349002425735062,2.104717151538746,0.05603828945675412,0.015245961176382529,0.0,1.3453571216480151,0.0,0.0,0.0,0.0,0.0,0.0,0.0,0.0,3.9241764545440674,5.342045783996582,0.4998939335346222,3.690138578414917,12.817113876342773,1.0,0.44481220841407776,0.2824523448944092,3.749318838119507,0.25240325927734375,0.3332982063293457,0.0,0.0,47.34095764160156,47.11269760131836,0.004821618565709289,,0.13999126851558685,0.7705754637718201,,0.07769275456666946,,,,,,,0.13165436685085297,0.7938437461853027,,0.0745018720626831,,,,,,114.19033926659888,165.8308502284002,0.3175582073657325,58.60934226067511,114.19034068842986,174.19151458459098,229.18767335963807,281.34218354121697,42.55499049595424,99.3539405645326,166.69779304836106,0.8644696993111273,0.6109788288555733,0.06307696978216912,0.04067323581922384,0.0,0.574618820932249,0.6156634449828721,0.3725239223495106,0.0,0.0,0.0,0.0,0.0,0.6543101436798369,0.8976402477007072,0.9814224469605365,0.9946868931149463,0.39764024770070716,0.18142244696053644,0.044686893114946336,0.18973287897108937,0.0,0.6648351648351648,0.31868131868131866,0.5732600732600733,1.6109316879576379,1.590641485956999,1.5776609036621156,-7.984485149383545,0.0003406498290132731
711,2.373353986096084e-06,2.373353986096084e-05,1.0,22.556873218433278,5.240556046769425,30.141109982052363,3.7299850051467485,3.7299850051467485,3.7299850051467485,0.0,0.0,0.31967683740564296,2.236408336742504,0.1232076593347498,2.0853403452280403,0.05823640565614443,0.018610147205558984,0.0,1.3527525824469488,0.0,0.0,0.0,0.0,0.0,0.0,0.0,0.0,5.328845500946045,4.4857988357543945,0.4998939335346222,2.541771650314331,11.424287796020508,0.9996479153633118,0.45067083835601807,0.30527305603027344,4.0,0.2510231137275696,0.3269158601760864,0.0,0.0009109311740890688,153.29830932617188,152.85052490234375,0.00292100040630831,,0.13727836310863495,0.7740490436553955,,0.08016428351402283,,,,,,,0.1304040551185608,0.7939334511756897,,0.07566249370574951,,,,,,,,,,,,,,,,,,,,,,,,,,,,,,,,,,,,,,,,,,,,,,
712,2.3613737346966653e-06,2.3613737346966652e-05,1.0,23.64798386032517,5.2964201231260555,32.236839500633444,3.740987004460515,3.740987004460515,3.740987004460515,0.0,0.0,0.32142667512635925,2.237075187064506,0.12458872150730442,2.1061914804819466,0.05665110252998971,0.018756367064811087,0.0,1.3480274097339526,0.0,0.0,0.0,0.0,0.0,0.0,0.0,0.0,5.524043083190918,4.461496353149414,0.4998939335346222,3.3763556480407715,10.1589937210083,0.9991425275802612,0.43737512826919556,0.2553233802318573,4.0,0.25386056303977966,0.3357710540294647,0.0,0.0012145748987854252,222.59219360351562,222.5896759033203,1.131081982055967e-05,,0.14168743789196014,0.7716244459152222,,0.07634033262729645,,,,,,,0.13535860180854797,0.7899255752563477,,0.07471582293510437,,,,,,,,,,,,,,,,,,,,,,,,,,,,,,,,,,,,,,,,,,,,,,
713,2.349422571731669e-06,2.3494225717316686e-05,1.0,21.43534232474662,5.247973467852618,27.77874590899493,3.7745348956133866,3.7745348956133866,3.7745348956133866,0.0,0.0,0.32010176375105576,2.265796764476879,0.12431071255658124,2.108971879288957,0.058123163274816564,0.02320417359068587,0.0,1.3493960612529032,0.0,0.0,0.0,0.0,0.0,0.0,0.0,0.0,4.408562660217285,4.78926944732666,0.4998939335346222,3.1779935359954834,11.601935386657715,0.999970555305481,0.4518204629421234,0.2738092541694641,4.0,0.2540930509567261,0.33002105355262756,0.0,0.00010121457489878542,71.13835144042969,70.954345703125,0.0025865898432967127,,0.14257517457008362,0.7685131430625916,,0.07907575368881226,,,,,,,0.13430052995681763,0.7897247076034546,,0.07597474008798599,,,,,,,,,,,,,,,,,,,,,,,,,,,,,,,,,,,,,,,,,,,,,,
714,2.337500617549174e-06,2.3375006175491737e-05,1.0,22.02756149704392,5.254464639199747,29.084155933277028,3.7095489501953125,3.7095489501953125,3.7095489501953125,0.0,0.0,0.31976354444349137,2.2561833149678,0.12322095922521643,2.126513094515414,0.058163204708614864,0.02414120049089999,0.0,1.3450729782516893,0.0,0.0,0.0,0.0,0.0,0.0,0.0,0.0,2.363165855407715,5.208763599395752,0.4998939335346222,3.412820339202881,12.39853286743164,0.999911367893219,0.410428524017334,0.25,4.0,0.246220201253891,0.32433199882507324,0.0005060728744939271,0.0004048582995951417,20.035629272460938,19.99388313293457,0.0020835951273937498,,0.1294175237417221,0.7811782956123352,,0.0805426761507988,,,,,,,0.12275612354278564,0.7996335029602051,,0.07761035859584808,,,,,,,,,,,,,,,,,,,,,,,,,,,,,,,,,,,,,,,,,,,,,,
715,2.325607992203123e-06,2.325607992203123e-05,1.0,22.61867378853463,5.208703118401605,30.26313740498311,3.7322466051256336,3.7322466051256336,3.7322466051256336,0.0,0.0,0.32038348429911845,2.2766245249155403,0.12411354683540962,2.117255545951225,0.057348174017828865,0.02050191647297627,0.0,1.3474630407384924,0.0,0.0,0.0,0.0,0.0,0.0,0.0,0.0,3.4285049438476562,4.28514289855957,0.4998939335346222,2.8907716274261475,10.23867130279541,0.9998016953468323,0.41405442357063293,0.27486246824264526,4.0,0.24689801037311554,0.3250548839569092,0.0,0.000708502024291498,86.37017059326172,86.17247009277344,0.0022889905059850038,,0.1297171264886856,0.7842183113098145,,0.07779152691364288,,,,,,,0.12387730181217194,0.8006353974342346,,0.07548730075359344,,,,,,113.63665897243625,165.96831391189662,0.3127897462405896,55.29024430159684,113.63666054094746,173.26001758093324,228.02723960538333,279.84495408609604,42.589533124651226,97.80831430124682,168.8363620923913,0.8645896338043244,0.6178975962532965,0.0641017366711251,0.03766363658579388,0.0,0.581547101616911,0.6231289149680477,0.3776444461580431,0.0,0.0,0.0,0.0,0.0,0.6557084840346951,0.8961195998680884,0.9814041259023121,0.994668572056722,0.3961195998680884,0.18140412590231203,0.04466857205672203,0.19469788574988092,0.0,0.6703296703296703,0.31868131868131866,0.575091575091575,1.608537847851659,1.5878084835770365,1.5744482545734761,-7.984314918518066,0.00034070780384354293
716,2.3137448154521254e-06,2.313744815452125e-05,1.0,22.74162498680321,5.359936688397382,30.37744140625,3.7278359902871623,3.7278359902871623,3.7278359902871623,0.0,0.0,0.3207538450086439,2.2438224586280615,0.12409339079985747,2.1217490531302787,0.0587504683314143,0.018003584565343084,0.0,1.3424333108438027,0.0,0.0,0.0,0.0,0.0,0.0,0.0,0.0,3.32546329498291,5.111593723297119,0.4998939335346222,3.6937456130981445,11.877066612243652,0.9999232292175293,0.4770248234272003,0.27097100019454956,4.0,0.25114157795906067,0.3359833061695099,0.0,0.0005060728744939271,41.33848571777344,40.35277557373047,0.02384485369814027,,0.13820677995681763,0.770781397819519,,0.07994534075260162,,,,,,,0.1278369128704071,0.7956611514091492,,0.07650192081928253,,,,,,,,,,,,,,,,,,,,,,,,,,,,,,,,,,,,,,,,,,,,,,
717,2.3019112067582378e-06,2.3019112067582378e-05,1.0,21.958294842694258,5.168353106524493,28.987383868243242,3.7394635999524914,3.7394635999524914,3.7394635999524914,0.0,0.0,0.32140878728918126,2.2430149800068624,0.12387078517192118,2.1040834993929476,0.05685683843251821,0.02213798342524348,0.0,1.3339272576409418,0.0,0.0,0.0,0.0,0.0,0.0,0.0,0.0,7.641674995422363,3.5615217685699463,0.4998939335346222,2.093358039855957,9.019721984863281,1.0,0.35103341937065125,0.2511640191078186,3.3744819164276123,0.25374701619148254,0.2897559106349945,0.0,0.0,564.2103271484375,564.2515869140625,-7.312834175427104e-05,,0.13939732313156128,0.7805554270744324,,0.07738302648067474,,,,,,,0.13603611290454865,0.7881823778152466,,0.07578150182962418,,,,,,,,,,,,,,,,,,,,,,,,,,,,,,,,,,,,,,,,,,,,,,
718,2.290107285285767e-06,2.2901072852857668e-05,1.0,21.004031619510137,5.052516215556377,27.23055122994088,3.725901835673564,3.725901835673564,3.725901835673564,0.0,0.0,0.32113461881070526,2.2372228261586784,0.12320722116006387,2.088842237317884,0.057014555544466584,0.020669921024425608,0.0,1.3377394805083405,0.0,0.0,0.0,0.0,0.0,0.0,0.0,0.0,6.602091312408447,4.242477893829346,0.4998939335346222,2.4088525772094727,10.984491348266602,0.999667227268219,0.4187622368335724,0.29563403129577637,4.0,0.24979327619075775,0.3188818097114563,0.0,0.0008097165991902834,571.57177734375,571.59619140625,-4.271390482829437e-05,,0.13479852676391602,0.7779465317726135,,0.07990479469299316,,,,,,,0.129634827375412,0.7937973737716675,,0.07656777650117874,,,,,,,,,,,,,,,,,,,,,,,,,,,,,,,,,,,,,,,,,,,,,,
719,2.2783331699000727e-06,2.2783331699000727e-05,1.0,22.84311985325169,5.22887812434016,30.73178512985642,3.7205963134765625,3.7205963134765625,3.7205963134765625,0.0,0.0,0.3202511555439717,2.24919808877481,0.1230295670999063,2.1049598487647803,0.05821711308247334,0.020029319299233926,0.0,1.3362878335488808,0.0,0.0,0.0,0.0,0.0,0.0,0.0,0.0,5.431868553161621,4.732278823852539,0.4998939335346222,3.35335373878479,11.39977741241455,0.9997764229774475,0.44550198316574097,0.26558130979537964,4.0,0.2518552243709564,0.32475757598876953,0.0,0.0005060728744939271,353.6128845214844,353.45050048828125,0.00045921413022850154,,0.13893432915210724,0.7714425921440125,,0.08062686771154404,,,,,,,0.13114480674266815,0.7903028130531311,,0.07855238765478134,,,,,,,,,,,,,,,,,,,,,,,,,,,,,,,,,,,,,,,,,,,,,,
720,2.2665889791663674e-06,2.2665889791663673e-05,1.0,22.398983517208613,5.447271810995566,29.666827227618242,3.68914794921875,3.68914794921875,3.68914794921875,0.0,0.0,0.3216749139734217,2.2652542526657515,0.12427033604802312,2.1400109368401603,0.05790421125051137,0.021446263467943347,0.0,1.3259748510412268,0.0,0.0,0.0,0.0,0.0,0.0,0.0,0.0,7.36392068862915,4.255645751953125,0.4998939335346222,2.4396283626556396,10.941666603088379,0.9999260902404785,0.48228251934051514,0.26911452412605286,4.0,0.255045086145401,0.3325299024581909,0.0,0.00020242914979757084,398.7908630371094,398.3923645019531,0.0009992669644468956,,0.14418524503707886,0.7666864991188049,,0.07988172769546509,,,,,,,0.13585829734802246,0.7870986461639404,,0.07704304158687592,,,,,,113.77902628301264,166.4982890691426,0.31666970213344237,58.651077480106565,113.77902600199765,173.2846142067742,229.4900285000162,280.9186211761117,44.46171242850168,98.16340873777405,168.1189362899117,0.8642479973588667,0.6146161520577091,0.06498669212500965,0.039937824220925636,0.0,0.5786439794067009,0.6198690761356224,0.35771633877731907,0.0,0.0,0.0,0.0,0.0,0.6539723865526581,0.8956249312960317,0.9813125206111905,0.9947968194642922,0.3956249312960317,0.1813125206111904,0.04479681946429226,0.1951742332637133,0.0,0.6648351648351648,0.3131868131868132,0.565018315018315,1.6088601643895055,1.5890761399334603,1.5766011383179779,-7.984557628631592,0.00034062511986121535
721,2.25487483134852e-06,2.2548748313485197e-05,1.0,22.48449212151605,5.261429245407517,29.909136797930742,3.7604427853146114,3.7604427853146114,3.7604427853146114,0.0,0.0,0.32187869097735433,2.2269282985377954,0.12188166541022223,2.106383246344489,0.05988899437156883,0.01852567775829418,0.0,1.325097367570207,0.0,0.0,0.0,0.0,0.0,0.0,0.0,0.0,4.7259521484375,5.1653971672058105,0.4998939335346222,3.67216420173645,11.80767822265625,1.0,0.41348230838775635,0.26384735107421875,3.8486173152923584,0.25280138850212097,0.3135228455066681,0.0,0.0,109.12732696533203,108.77310180664062,0.003245980347378414,,0.14044703543186188,0.7699353694915771,,0.08172756433486938,,,,,,,0.13310933113098145,0.7877644896507263,,0.07912615686655045,,,,,,,,,,,,,,,,,,,,,,,,,,,,,,,,,,,,,,,,,,,,,,
722,2.2431908444078665e-06,2.2431908444078666e-05,1.0,21.769839724978887,5.30488751385663,28.39017630912162,3.7807221283783785,3.7807221283783785,3.7807221283783785,0.0,0.0,0.32165259283942144,2.2396236110377954,0.12294867232039168,2.1105697219436235,0.05856949574238545,0.01989912986755371,0.0,1.3231584703600086,0.0,0.0,0.0,0.0,0.0,0.0,0.0,0.0,7.942126274108887,3.666185140609741,0.4998939335346222,1.915353775024414,9.249869346618652,0.9999875426292419,0.41686898469924927,0.25,4.0,0.25923359394073486,0.3008994162082672,0.0006072874493927126,0.00010121457489878542,289.94769287109375,289.9690246582031,-7.357115657015688e-05,,0.1502540558576584,0.763207733631134,,0.08240073174238205,,,,,,,0.1445092260837555,0.7776012420654297,,0.07788954675197601,,,,,,,,,,,,,,,,,,,,,,,,,,,,,,,,,,,,,,,,,,,,,,
723,2.2315371360020284e-06,2.2315371360020282e-05,1.0,22.512746450063343,5.282190271326013,30.05407055004223,3.702354637352196,3.702354637352196,3.702354637352196,0.0,0.0,0.319071795489337,2.2457755836280615,0.12311608082539327,2.1124220152158997,0.05919779313577188,0.019567910078409557,0.0,1.3247746648015202,0.0,0.0,0.0,0.0,0.0,0.0,0.0,0.0,7.561507701873779,4.831469535827637,0.4998939335346222,2.6103196144104004,13.04694652557373,1.0000033378601074,0.4362366795539856,0.25,3.7862911224365234,0.2587766945362091,0.30893656611442566,0.0009109311740890688,0.0,387.0826721191406,386.8364562988281,0.0006360807084557816,,0.15058781206607819,0.7592790126800537,,0.0823785811662674,,,,,,,0.14374658465385437,0.7769894599914551,,0.07926392555236816,,,,,,,,,,,,,,,,,,,,,,,,,,,,,,,,,,,,,,,,,,,,,,
724,2.2199138234837214e-06,2.2199138234837214e-05,1.0,22.64005423880912,5.157137071764147,30.37652752850507,3.735957790065456,3.735957790065456,3.735957790065456,0.0,0.0,0.3212441367072028,2.2434073783255912,0.12271433907586175,2.0913956100876265,0.056257009506225586,0.019896980878469105,0.0,1.3259650565482475,0.0,0.0,0.0,0.0,0.0,0.0,0.0,0.0,5.767291069030762,4.444579601287842,0.4998939335346222,2.5454978942871094,11.925873756408691,0.9999954700469971,0.43316277861595154,0.25,4.0,0.2542124092578888,0.3173828423023224,0.0003036437246963563,0.00020242914979757084,263.3549499511719,263.2497253417969,0.0003995543254247148,,0.14255167543888092,0.7689155340194702,,0.0806976780295372,,,,,,,0.1364007294178009,0.7858042120933533,,0.0777951255440712,,,,,,,,,,,,,,,,,,,,,,,,,,,,,,,,,,,,,,,,,,,,,,
725,2.2083210238995696e-06,2.2083210238995696e-05,1.0,23.58295997413429,5.279759999868032,32.1525779930321,3.7248654752164274,3.7248654752164274,3.7248654752164274,0.0,0.0,0.32088671503840266,2.248483400087099,0.12431318695480759,2.101821280814506,0.05788158726047825,0.024362689739948994,0.0,1.3280289108688768,0.0,0.0,0.0,0.0,0.0,0.0,0.0,0.0,3.3028862476348877,5.887079238891602,0.4998939335346222,4.32686710357666,13.72392463684082,0.9999995231628418,0.46157383918762207,0.25,4.0,0.2520512044429779,0.3337942063808441,0.0009109311740890688,0.00010121457489878542,36.62906265258789,36.46894073486328,0.004371444588776463,,0.14031602442264557,0.7665795683860779,,0.08079893887042999,,,,,,,0.1303563416004181,0.7920838594436646,,0.07755979895591736,,,,,,109.79170872614934,161.79326122438263,0.2998259343392664,34.094116294777,109.79171358992731,169.9638531962097,226.05610940440525,276.12321525817816,38.11134229387556,94.45471741432367,163.70984881857166,0.8575648728230512,0.5848140339569479,0.052142063119026194,0.047841506953023576,0.0,0.5424024058910015,0.5787057674361369,0.3276583945487492,0.0,0.0,0.0,0.0,0.0,0.6539484607096868,0.8989410428346342,0.9795536990216555,0.9937891612619545,0.39894104283463416,0.1795536990216554,0.043789161261954535,0.19107031622146495,0.0,0.6098901098901099,0.37362637362637363,0.5842490842490843,1.589989545908603,1.5688749571422955,1.5554449350296795,-7.9845662117004395,0.00034062223858200014
726,2.1967588539889385e-06,2.196758853988938e-05,1.0,22.785303064294762,5.25496075604413,30.67576145481419,3.66911150958087,3.66911150958087,3.66911150958087,0.0,0.0,0.31992984462428736,2.2609510679502747,0.12316305572922165,2.1330521042282515,0.061445481068379174,0.020185576902853476,0.0,1.3199577331542969,0.0,0.0,0.0,0.0,0.0,0.0,0.0,0.0,7.964317798614502,4.228401184082031,0.4998939335346222,2.2142679691314697,11.422063827514648,0.9995945692062378,0.4796169400215149,0.2808946669101715,4.0,0.2564222514629364,0.32609015703201294,0.0,0.0008097165991902834,320.2040710449219,319.5413513183594,0.0020696792654754416,,0.14703918993473053,0.7617575526237488,,0.08125258982181549,,,,,,,0.1400001347064972,0.7808927297592163,,0.07910709083080292,,,,,,,,,,,,,,,,,,,,,,,,,,,,,,,,,,,,,,,,,,,,,,
727,2.185227430182751e-06,2.1852274301827512e-05,1.0,23.95859671927787,5.352526278109164,32.837818042652025,3.710740372941301,3.710740372941301,3.710740372941301,0.0,0.0,0.3209180058659734,2.267304497796136,0.12366332234563054,2.1415149585620776,0.05775753871814625,0.021312713623046875,0.0,1.3205044720623944,0.0,0.0,0.0,0.0,0.0,0.0,0.0,0.0,3.2077014446258545,4.919044017791748,0.4998939335346222,3.447995662689209,11.466768264770508,1.0000604391098022,0.4756556749343872,0.25,3.841334819793701,0.2548426389694214,0.3325449824333191,0.006376518218623482,0.0,63.938575744628906,63.58292770385742,0.0055623391142140075,,0.14382192492485046,0.7668046951293945,,0.08136191219091415,,,,,,,0.13197630643844604,0.7899260520935059,,0.0780976265668869,,,,,,,,,,,,,,,,,,,,,,,,,,,,,,,,,,,,,,,,,,,,,,
728,2.173726868602316e-06,2.173726868602316e-05,1.0,23.44370414115287,5.344149202913852,31.76231590477196,3.7522092252164274,3.7522092252164274,3.7522092252164274,0.0,0.0,0.3209077474233267,2.2442925942910685,0.12269429902772645,2.0903767766179264,0.05883093782373377,0.02046168172681654,0.0,1.3223744985219594,0.0,0.0,0.0,0.0,0.0,0.0,0.0,0.0,5.88553524017334,4.467463970184326,0.4998939335346222,2.6735265254974365,11.135700225830078,0.9998812079429626,0.4609597325325012,0.25259414315223694,4.0,0.25730374455451965,0.3249679505825043,0.0,0.0006072874493927126,222.30010986328125,222.08639526367188,0.0009613787403920471,,0.14850187301635742,0.7603256702423096,,0.08135874569416046,,,,,,,0.1404368281364441,0.7821296453475952,,0.07743358612060547,,,,,,,,,,,,,,,,,,,,,,,,,,,,,,,,,,,,,,,,,,,,,,
729,2.1622572850581607e-06,2.1622572850581607e-05,1.0,22.68964447846284,5.12497649321685,30.47583667652027,3.7423941122519,3.7423941122519,3.7423941122519,0.0,0.0,0.32098563941749364,2.2564103410050675,0.12237131273424304,2.1169031504038216,0.059832141206071186,0.02199823469729037,0.0,1.3247236303381018,0.0,0.0,0.0,0.0,0.0,0.0,0.0,0.0,5.654946804046631,4.922804832458496,0.4998939335346222,3.0922722816467285,12.473822593688965,0.9998511672019958,0.4489896595478058,0.25,4.0,0.254913330078125,0.3336108922958374,0.0017206477732793523,0.000708502024291498,135.96585083007812,135.48452758789062,0.0035400303771057086,,0.14440694451332092,0.7650299668312073,,0.07981927692890167,,,,,,,0.13756509125232697,0.7836132049560547,,0.07882171869277954,,,,,,,,,,,,,,,,,,,,,,,,,,,,,,,,,,,,,,,,,,,,,,
730,2.150818795048866e-06,2.1508187950488663e-05,1.0,21.2883581213049,5.228158486855997,27.66528815192145,3.705009666649071,3.705009666649071,3.705009666649071,0.0,0.0,0.3203862679971231,2.232553430505701,0.12255998559900232,2.1009129704655827,0.05781364440917969,0.016955934666298533,0.0,1.3206878868309226,0.0,0.0,0.0,0.0,0.0,0.0,0.0,0.0,3.989806890487671,4.773601531982422,0.4998939335346222,3.54011869430542,10.774129867553711,1.0000005960464478,0.417803019285202,0.25,3.8168752193450928,0.2541064918041229,0.3216428756713867,0.00020242914979757084,0.0,84.62936401367188,84.3473892211914,0.003331878902397467,,0.14217129349708557,0.7703012824058533,,0.07912495732307434,,,,,,,0.1342729777097702,0.7884517312049866,,0.07727527618408203,,,,,,112.82809393746513,169.2100222880615,0.3033529865011786,46.75531378945151,112.82809119236917,174.34640016109736,228.30950818918726,280.11948250902674,37.2869622366769,95.67741370385932,172.41995637313178,0.8665329117213122,0.6016527222320103,0.056056700894287693,0.04135471967632719,0.0,0.5615547781987972,0.5979389394860637,0.3525805969832449,0.0,0.0,0.0,0.0,0.0,0.6545050153563018,0.8964676999743505,0.9803048624088527,0.9941372613682167,0.3964676999743505,0.18030486240885268,0.04413726136821672,0.19500934373969442,0.0,0.6373626373626373,0.34615384615384615,0.5732600732600731,1.610075342294934,1.5884333496892846,1.5749143478307095,-7.984613418579102,0.00034060614416375756
731,2.1394115137598965e-06,2.1394115137598964e-05,1.0,23.287614152238177,5.519960558092272,31.28653201541385,3.7429100242820947,3.7429100242820947,3.7429100242820947,0.0,0.0,0.32100497065363703,2.2356194161080025,0.12316398362855653,2.116248878272804,0.05880820429002916,0.015812965663703712,0.0,1.3298493462639887,0.0,0.0,0.0,0.0,0.0,0.0,0.0,0.0,7.059393882751465,4.004123210906982,0.4998939335346222,2.4907844066619873,10.318974494934082,0.9997740387916565,0.40072715282440186,0.2531309723854065,4.0,0.24557045102119446,0.31382325291633606,0.0,0.000708502024291498,566.7725830078125,566.6401977539062,0.00023357737807939305,,0.12795957922935486,0.7831325531005859,,0.08378656208515167,,,,,,,0.1252124160528183,0.7944900393486023,,0.0802975744009018,,,,,,,,,,,,,,,,,,,,,,,,,,,,,,,,,,,,,,,,,,,,,,
732,2.128035556062449e-06,2.1280355560624488e-05,1.0,22.23234764305321,5.237406550226985,29.52541042018581,3.7009495915593327,3.7009495915593327,3.7009495915593327,0.0,0.0,0.32090635557432434,2.262597367570207,0.12286473609305718,2.13133260366079,0.058582080377114785,0.01878701029597102,0.0,1.327054719667177,0.0,0.0,0.0,0.0,0.0,0.0,0.0,0.0,2.4877967834472656,5.3680500984191895,0.4998939335346222,3.962808847427368,12.569208145141602,0.9999387264251709,0.46335431933403015,0.31361302733421326,4.0,0.24619773030281067,0.3444645404815674,0.0,0.0004048582995951417,19.142044067382812,18.42686653137207,0.037361607438224045,,0.1302860528230667,0.7771717309951782,,0.0813402608036995,,,,,,,0.1216837465763092,0.7997138500213623,,0.07860245555639267,,,,,,,,,,,,,,,,,,,,,,,,,,,,,,,,,,,,,,,,,,,,,,
733,2.1166910365122932e-06,2.1166910365122933e-05,1.0,23.31324561866554,5.369058145059122,31.54282688450169,3.7052492708773226,3.7052492708773226,3.7052492708773226,0.0,0.0,0.3214518315083272,2.26414324786212,0.12314065727027687,2.1349681132548564,0.05920582204251676,0.022932841971113876,0.0,1.3229063910406988,0.0,0.0,0.0,0.0,0.0,0.0,0.0,0.0,6.884972095489502,4.268911838531494,0.4998939335346222,2.289022922515869,11.333175659179688,1.0,0.44184231758117676,0.25066256523132324,3.994523763656616,0.257397323846817,0.3160032331943512,0.0,0.0,240.203857421875,240.25979614257812,-0.00023288019311396265,,0.14751160144805908,0.7657492756843567,,0.07823444902896881,,,,,,,0.14003783464431763,0.7838791608810425,,0.0760829895734787,,,,,,,,,,,,,,,,,,,,,,,,,,,,,,,,,,,,,,,,,,,,,,
734,2.105378069348612e-06,2.1053780693486118e-05,1.0,22.507809200802363,5.383451307142103,29.89629302153716,3.71603723474451,3.71603723474451,3.71603723474451,0.0,0.0,0.3208405262715108,2.2653295156118034,0.12294878830780855,2.133864737845756,0.059100975861420504,0.02138315181474428,0.0,1.3317367966110643,0.0,0.0,0.0,0.0,0.0,0.0,0.0,0.0,10.462170600891113,3.3440492153167725,0.4998939335346222,2.167203187942505,7.989474773406982,0.9999764561653137,0.4147947430610657,0.27928972244262695,4.0,0.25778135657310486,0.312035471200943,0.0,0.00010121457489878542,802.8472900390625,802.8980102539062,-6.317542012414616e-05,,0.14650489389896393,0.7723638415336609,,0.0772838443517685,,,,,,,0.14199097454547882,0.7815781831741333,,0.07643082737922668,,,,,,,,,,,,,,,,,,,,,,,,,,,,,,,,,,,,,,,,,,,,,,
735,2.094096768492861e-06,2.094096768492861e-05,1.0,22.281240102407093,5.233562160182643,29.5949146167652,3.727450396563556,3.727450396563556,3.727450396563556,0.0,0.0,0.31848611058415593,2.2437024503140837,0.12293257584442964,2.0970114630621834,0.059773825310372015,0.023421082947705243,0.0,1.3294349876610008,0.0,0.0,0.0,0.0,0.0,0.0,0.0,0.0,3.1965439319610596,5.300830841064453,0.4998939335346222,3.876685619354248,12.471393585205078,0.999953031539917,0.4404079020023346,0.292049765586853,4.0,0.24682211875915527,0.3329647183418274,0.0,0.0003036437246963563,107.99159240722656,107.56471252441406,0.003952899233143766,,0.13095980882644653,0.7776537537574768,,0.08165019005537033,,,,,,,0.1238790899515152,0.7968554496765137,,0.07926547527313232,,,,,,106.55064733735807,160.1172589957985,0.2848847554322351,35.73710198454805,106.5506457489357,171.40683984723276,225.69214574287338,277.2637485059153,33.62104960850307,90.00381197670633,164.0517113727072,0.8647218691079064,0.6012831057519475,0.05686592598039388,0.04288138165706958,0.0,0.5614037364487997,0.5961417646390845,0.35399955001766353,0.0,0.0,0.0,0.0,0.0,0.6550824689550533,0.8970906159539775,0.9803598255835257,0.9942288666593383,0.39709061595397754,0.1803598255835257,0.04422886665933834,0.1957971492433403,0.0,0.6208791208791209,0.36813186813186816,0.5613553113553112,1.5918681215453934,1.569608958704131,1.5554507620387026,-7.984568119049072,0.00034062156919389963
736,2.0828472475476154e-06,2.082847247547615e-05,1.0,20.333661053631758,5.17393617372255,25.725120750633447,3.7504004401129647,3.7504004401129647,3.7504004401129647,0.0,0.0,0.3208678477519267,2.225629033269109,0.1230593372035671,2.081640913679793,0.05990793253924396,0.019351446950757824,0.0,1.3336096067686338,0.0,0.0,0.0,0.0,0.0,0.0,0.0,0.0,6.377792835235596,4.910623550415039,0.4998939335346222,3.2138853073120117,12.302046775817871,1.0000001192092896,0.41484522819519043,0.25409257411956787,3.9598162174224854,0.25343096256256104,0.31013214588165283,0.0,0.0,244.60494995117188,244.49659729003906,0.00044297002638107646,,0.14107556641101837,0.7708122134208679,,0.08124285936355591,,,,,,,0.13516589999198914,0.7869457006454468,,0.07788841426372528,,,,,,,,,,,,,,,,,,,,,,,,,,,,,,,,,,,,,,,,,,,,,,
737,2.071629619795425e-06,2.071629619795425e-05,1.0,22.01625679634713,5.152257970861487,29.17321117504223,3.7191525021114864,3.7191525021114864,3.7191525021114864,0.0,0.0,0.32113402598613017,2.227222133327175,0.1244510573309821,2.082049189387141,0.05987887769132047,0.023367928492056357,0.0,1.3212530806257918,0.0,0.0,0.0,0.0,0.0,0.0,0.0,0.0,3.7406668663024902,5.553583145141602,0.4998939335346222,3.9032773971557617,12.970722198486328,1.0,0.44633784890174866,0.2574332356452942,3.781069278717041,0.2540423274040222,0.32412847876548767,0.0,0.0,33.122467041015625,32.49257278442383,0.019017129847598534,,0.14297054708003998,0.76596599817276,,0.08173976093530655,,,,,,,0.13290446996688843,0.7886874675750732,,0.07840801030397415,,,,,,,,,,,,,,,,,,,,,,,,,,,,,,,,,,,,,,,,,,,,,,
738,2.0604439981976754e-06,2.0604439981976753e-05,1.0,21.42753147434544,5.236964870143581,27.86008762668919,3.7350562843116553,3.7350562843116553,3.7350562843116553,0.0,0.0,0.3214382738680453,2.236175537109375,0.12266201586336703,2.1177005252322636,0.06046821620013263,0.023895941876076365,0.0,1.327410620612067,0.0,0.0,0.0,0.0,0.0,0.0,0.0,0.0,2.4445269107818604,5.875301361083984,0.4998939335346222,4.023249626159668,14.079586029052734,0.999321460723877,0.4378645122051239,0.25,4.0,0.24666517972946167,0.3313465118408203,0.0004048582995951417,0.0006072874493927126,15.726754188537598,15.099865913391113,0.03986126238326979,,0.13191083073616028,0.7725116610527039,,0.0826544240117073,,,,,,,0.1239728331565857,0.7961882948875427,,0.07983884960412979,,,,,,,,,,,,,,,,,,,,,,,,,,,,,,,,,,,,,,,,,,,,,,
739,2.0492904953934527e-06,2.049290495393453e-05,1.0,22.723358979096282,5.155627688846073,30.593175939611488,3.704770887220228,3.704770887220228,3.704770887220228,0.0,0.0,0.31962229754473714,2.2598893449113175,0.12333333814466321,2.103412525073902,0.05936587823403848,0.022473746054881328,0.0,1.3265636547191724,0.0,0.0,0.0,0.0,0.0,0.0,0.0,0.0,2.3052377700805664,5.893654823303223,0.4998939335346222,4.005607604980469,14.242778778076172,0.9999848008155823,0.45125752687454224,0.2723413109779358,4.0,0.24546511471271515,0.3385273814201355,0.0,0.00020242914979757084,10.120545387268066,10.055438041687012,0.0064331854746643964,,0.12933525443077087,0.7767921686172485,,0.08326536417007446,,,,,,,0.1213294267654419,0.7982683777809143,,0.08040222525596619,,,,,,,,,,,,,,,,,,,,,,,,,,,,,,,,,,,,,,,,,,,,,,
740,2.0381692236984092e-06,2.038169223698409e-05,1.0,22.222788217905407,5.243290256809544,29.497723553631758,3.717111535974451,3.717111535974451,3.717111535974451,0.0,0.0,0.32121184065535263,2.225705739614126,0.12498371021167652,2.090508125923775,0.058131611025011215,0.021950496209634317,0.0,1.3292586867873732,0.0,0.0,0.0,0.0,0.0,0.0,0.0,0.0,6.996910572052002,4.768327713012695,0.4998939335346222,2.9248483180999756,11.993621826171875,0.9994833469390869,0.4598507285118103,0.25,4.0,0.25553664565086365,0.3348100781440735,0.0003036437246963563,0.0012145748987854252,151.3001708984375,151.21160888671875,0.0005853397996370974,,0.14502938091754913,0.765802264213562,,0.07977676391601562,,,,,,,0.1383557915687561,0.7836480140686035,,0.07799618691205978,,,,,,107.02661510090252,159.02116245657368,0.2926401600864054,44.14050921765003,107.02661531225043,171.82354202131876,225.76730137678905,277.2335091491796,39.154047284807476,91.55877017235571,160.73226663340694,0.8684216758160348,0.6108074070267691,0.06388933219791561,0.04367544160528388,0.0,0.5706644818962807,0.6127121013726692,0.38039192558618795,0.0,0.0,0.0,0.0,0.0,0.6557788179313558,0.8949836942581804,0.9808178520391337,0.9944120772415814,0.39498369425818036,0.1808178520391337,0.04441207724158147,0.19880180279212928,0.0,0.6483516483516484,0.33516483516483514,0.5695970695970696,1.5932255714804262,1.571435693201128,1.5575276343049584,-7.984420299530029,0.0003406719188205898
741,2.027080295103623e-06,2.0270802951036228e-05,1.0,22.368358715160472,5.386540593327703,29.59904521220439,3.742598250105574,3.742598250105574,3.742598250105574,0.0,0.0,0.32197501208331136,2.2133813806482263,0.12345383618329023,2.0970283714500635,0.05728783478608002,0.015705883502960205,0.0,1.3310866484770905,0.0,0.0,0.0,0.0,0.0,0.0,0.0,0.0,6.3093791007995605,4.136219024658203,0.4998939335346222,2.2640130519866943,10.099641799926758,1.0000001192092896,0.40824925899505615,0.2612188160419464,3.9893405437469482,0.2526799738407135,0.3139892518520355,0.0,0.0,246.95388793945312,246.71307373046875,0.0009751383587992613,,0.1392831802368164,0.7746898531913757,,0.07966195791959763,,,,,,,0.1340658962726593,0.7896555662155151,,0.07627859711647034,,,,,,,,,,,,,,,,,,,,,,,,,,,,,,,,,,,,,,,,,,,,,,
742,2.0160238212744837e-06,2.0160238212744835e-05,1.0,21.205088022592907,5.078605445655617,27.59946585990287,3.7233565046980575,3.7233565046980575,3.7233565046980575,0.0,0.0,0.32093785260174723,2.249330675279772,0.12481359533361487,2.101949743322424,0.05938709104383314,0.021226625184755068,0.0,1.332254461340002,0.0,0.0,0.0,0.0,0.0,0.0,0.0,0.0,2.003696918487549,5.952958583831787,0.4998939335346222,4.031115531921387,14.697754859924316,0.9995943307876587,0.4905232787132263,0.2818875312805176,4.0,0.2433675080537796,0.35327744483947754,0.0,0.0008097165991902834,3.109344720840454,2.867340564727783,0.07783124029015905,,0.12798766791820526,0.7707847952842712,,0.08441133052110672,,,,,,,0.11895464360713959,0.8005115389823914,,0.08053380250930786,,,,,,,,,,,,,,,,,,,,,,,,,,,,,,,,,,,,,,,,,,,,,,
743,2.0049999135495625e-06,2.0049999135495622e-05,1.0,23.59547218116554,5.344115798537795,32.12451171875,3.724734744510135,3.724734744510135,3.724734744510135,0.0,0.0,0.3210351531570022,2.23721828976193,0.12466953896187447,2.0888865702861064,0.05728958748482369,0.019439030337978055,0.0,1.33310452023068,0.0,0.0,0.0,0.0,0.0,0.0,0.0,0.0,7.361701965332031,4.772358417510986,0.4998939335346222,3.337019681930542,11.624617576599121,0.9996448755264282,0.45654070377349854,0.27011850476264954,4.0,0.258698433637619,0.32497072219848633,0.0,0.0006072874493927126,330.669677734375,330.5868225097656,0.0002505679540291327,,0.1503252536058426,0.7602747678756714,,0.08098341524600983,,,,,,,0.1411234587430954,0.7802640199661255,,0.07861253619194031,,,,,,,,,,,,,,,,,,,,,,,,,,,,,,,,,,,,,,,,,,,,,,
744,1.994008682939484e-06,1.994008682939484e-05,1.0,23.4127758129223,5.241524773675042,31.82119338576858,3.7463902653874577,3.7463902653874577,3.7463902653874577,0.0,0.0,0.3219492628767684,2.2229874069626265,0.1230064211664973,2.0952709301097974,0.05782205349690205,0.01658238108093674,0.0,1.333924267743085,0.0,0.0,0.0,0.0,0.0,0.0,0.0,0.0,6.5674591064453125,3.1729423999786377,0.4998939335346222,2.0190696716308594,7.3818440437316895,0.9998393058776855,0.389286071062088,0.25390318036079407,4.0,0.2531513571739197,0.29952293634414673,0.0,0.0006072874493927126,359.343994140625,359.224609375,0.00033222975080051065,,0.13897375762462616,0.7789660692214966,,0.07797584682703018,,,,,,,0.1343321055173874,0.7887684106826782,,0.0768994390964508,,,,,,,,,,,,,,,,,,,,,,,,,,,,,,,,,,,,,,,,,,,,,,
745,1.9830502401258196e-06,1.9830502401258194e-05,1.0,23.66748541754645,5.35169116870777,32.18802787162162,3.7568858378642314,3.7568858378642314,3.7568858378642314,0.0,0.0,0.3214830965609164,2.2424328778241134,0.12355796710864918,2.100161990603885,0.058512436377035605,0.02223057038075215,0.0,1.3307581721125423,0.0,0.0,0.0,0.0,0.0,0.0,0.0,0.0,8.164628028869629,3.7328977584838867,0.4998939335346222,1.8673341274261475,9.943060874938965,1.0,0.44939714670181274,0.2866954505443573,3.5812268257141113,0.2569025456905365,0.3157447278499603,0.0,0.0,343.2821044921875,342.8912048339844,0.0011387126013497775,,0.14611344039440155,0.7689592838287354,,0.07844457775354385,,,,,,,0.13949695229530334,0.7838385105133057,,0.07666458189487457,,,,,,112.70206342424665,167.79848858618226,0.31017232556234253,59.63935843666831,112.70206469085113,174.67416436050377,229.79341170914358,281.57292693724855,40.23131343296596,97.21527791577716,167.16055430536684,0.8669859099650761,0.6231325197238302,0.06900151869214106,0.038779601479093,0.0,0.5876018402480679,0.6280087527791567,0.3856526625409751,0.0,0.0,0.0,0.0,0.0,0.656765569674494,0.8920340038840644,0.9815323733098824,0.9947968194642922,0.3920340038840644,0.18153237330988237,0.04479681946429226,0.19702466014436995,0.0,0.6703296703296703,0.3131868131868132,0.5714285714285714,1.6104091956065252,1.5896311502207767,1.5763797218000495,-7.984440803527832,0.00034066493390128016
746,1.9721246954599686e-06,1.9721246954599687e-05,1.0,22.83653300517314,5.272017607817778,30.60652779244088,3.7573844291068412,3.7573844291068412,3.7573844291068412,0.0,0.0,0.31997381674276815,2.2342166385135136,0.12343565193382469,2.1088821823532515,0.05865584837423789,0.019587455569086847,0.0,1.3331723599820524,0.0,0.0,0.0,0.0,0.0,0.0,0.0,0.0,2.663743019104004,4.854689598083496,0.4998939335346222,3.5108542442321777,11.333175659179688,1.0,0.4532020688056946,0.25168707966804504,3.7622640132904053,0.24579539895057678,0.3361392915248871,0.0,0.0,15.848796844482422,15.550264358520508,0.01883628699965605,,0.12887853384017944,0.7812685966491699,,0.07999168336391449,,,,,,,0.1203317940235138,0.8013618588447571,,0.07830636203289032,,,,,,,,,,,,,,,,,,,,,,,,,,,,,,,,,,,,,,,,,,,,,,
747,1.961232158962042e-06,1.961232158962042e-05,1.0,20.57333126583615,5.208671363624367,26.1874059728674,3.7320432920713684,3.7320432920713684,3.7320432920713684,0.0,0.0,0.3190805332080738,2.2513172046558276,0.12331595291962495,2.108832694388725,0.05912666063050966,0.023437860849741345,0.0,1.3253843977644637,0.0,0.0,0.0,0.0,0.0,0.0,0.0,0.0,5.533255100250244,5.1348347663879395,0.4998939335346222,3.1563429832458496,13.044405937194824,0.9999924898147583,0.4422505497932434,0.317440390586853,4.0,0.2505365014076233,0.3291780352592468,0.0,0.00010121457489878542,197.26556396484375,197.1304931640625,0.0006847155583897148,,0.1375352442264557,0.7696895599365234,,0.0828794538974762,,,,,,,0.130271315574646,0.7910313606262207,,0.07869728654623032,,,,,,,,,,,,,,,,,,,,,,,,,,,,,,,,,,,,,,,,,,,,,,
748,1.9503727403197623e-06,1.9503727403197625e-05,1.0,22.639910723711992,5.219842446816934,30.36726997994088,3.70669885583826,3.70669885583826,3.70669885583826,0.0,0.0,0.32239743825551626,2.2448850064664274,0.12457311475599134,2.0950859688423775,0.05814779126966322,0.015644827404537716,0.0,1.3317493748020481,0.0,0.0,0.0,0.0,0.0,0.0,0.0,0.0,3.4269680976867676,4.557423114776611,0.4998939335346222,3.1440374851226807,10.793091773986816,0.9987603425979614,0.44879651069641113,0.25822898745536804,4.0,0.24768713116645813,0.33576974272727966,0.0,0.001417004048582996,67.359375,67.22323608398438,0.0020210834203201115,,0.13311216235160828,0.7737006545066833,,0.07939152419567108,,,,,,,0.1251479685306549,0.7970326542854309,,0.07781936973333359,,,,,,,,,,,,,,,,,,,,,,,,,,,,,,,,,,,,,,,,,,,,,,
749,1.9395465488873565e-06,1.9395465488873565e-05,1.0,22.37560375316723,5.249093957849451,29.797435863597972,3.704353126319679,3.704353126319679,3.704353126319679,0.0,0.0,0.3206003034437025,2.26470947265625,0.12308832117029138,2.1179733276367188,0.05832884118363664,0.019629597663879395,0.0,1.3346523594211888,0.0,0.0,0.0,0.0,0.0,0.0,0.0,0.0,8.347504615783691,3.8926894664764404,0.4998939335346222,2.287905216217041,9.54349136352539,0.9999712109565735,0.4058374762535095,0.26250824332237244,4.0,0.2541362941265106,0.3028617799282074,0.0,0.00020242914979757084,528.1070556640625,528.1759643554688,-0.00013048242902114138,,0.14136531949043274,0.7737077474594116,,0.08004158735275269,,,,,,,0.13548091053962708,0.7869164943695068,,0.07760259509086609,,,,,,,,,,,,,,,,,,,,,,,,,,,,,,,,,,,,,,,,,,,,,,
750,1.9287536936844493e-06,1.928753693684449e-05,1.0,21.919227393897803,5.245382772909628,28.935652449324323,3.6839244945629224,3.6839244945629224,3.6839244945629224,0.0,0.0,0.3192776602667731,2.25925383696685,0.12233723820866765,2.107986037795608,0.058272104005555846,0.02479107315475876,0.0,1.3321466188173037,0.0,0.0,0.0,0.0,0.0,0.0,0.0,0.0,5.816208362579346,4.315485000610352,0.4998939335346222,2.947787046432495,9.925592422485352,0.9995962381362915,0.41499650478363037,0.25,4.0,0.2535323202610016,0.31449469923973083,0.0008097165991902834,0.000708502024291498,233.65945434570312,233.54498291015625,0.0004899071422871362,,0.14160439372062683,0.7693995237350464,,0.07991325855255127,,,,,,,0.133379727602005,0.7891894578933716,,0.0774308443069458,,,,,,118.78858214158278,177.13675887904057,0.31707411820913617,65.56242835914696,118.78858103081774,179.1185385269805,233.54233129475955,284.81432645420625,33.38341958182199,101.10028975139292,181.3891442340353,0.8662434440205552,0.6206086115420579,0.06638820317962876,0.03797374280413583,0.0,0.5821113261825164,0.6301781091208551,0.3824703582425173,0.0,0.0,0.0,0.0,0.0,0.6546628890322309,0.8944523835696749,0.9814774101352094,0.9950166721629842,0.39445238356967494,0.18147741013520935,0.04501667216298422,0.2004140559158697,0.0,0.6978021978021978,0.29120879120879123,0.5521978021978022,1.6330153691572147,1.6123826891838848,1.5994737547832532,-7.984764575958252,0.00034055468859151006
751,1.9179942833949734e-06,1.917994283394973e-05,1.0,23.189469620988177,5.487861014701225,31.162023595861488,3.724986308329814,3.724986308329814,3.724986308329814,0.0,0.0,0.31885033684807856,2.235937788679793,0.12421044787845097,2.103161992253484,0.05966674959337389,0.021754678842183704,0.0,1.3355458233807538,0.0,0.0,0.0,0.0,0.0,0.0,0.0,0.0,3.3602898120880127,5.345662593841553,0.4998939335346222,3.951215982437134,12.13499927520752,0.999552845954895,0.4270496070384979,0.27216821908950806,4.0,0.24711741507053375,0.3310351073741913,0.0,0.0010121457489878543,55.17108154296875,55.08705520629883,0.0015230141284158054,,0.13173671066761017,0.7760363817214966,,0.08128277212381363,,,,,,,0.12516525387763977,0.7952094078063965,,0.07962539792060852,,,,,,,,,,,,,,,,,,,,,,,,,,,,,,,,,,,,,,,,,,,,,,
752,1.9072684263660734e-06,1.9072684263660734e-05,1.0,23.53645778346706,5.19694354083087,32.1429542335304,3.728203026024071,3.728203026024071,3.728203026024071,0.0,0.0,0.3213886054786476,2.2377956493480786,0.12453526419562262,2.095962112014358,0.05741599443796519,0.020199914236326475,0.0,1.3333207207757074,0.0,0.0,0.0,0.0,0.0,0.0,0.0,0.0,7.110279560089111,3.7268242835998535,0.4998939335346222,2.5579590797424316,8.74221420288086,0.9999980330467224,0.3657369613647461,0.2858646512031555,4.0,0.25251084566116333,0.29973748326301575,0.0,0.00010121457489878542,538.3767700195312,538.4271240234375,-9.352930273054548e-05,,0.13758514821529388,0.7813762426376343,,0.07799801230430603,,,,,,,0.13403049111366272,0.7883626818656921,,0.07760682702064514,,,,,,,,,,,,,,,,,,,,,,,,,,,,,,,,,,,,,,,,,,,,,,
753,1.8965762306070068e-06,1.8965762306070067e-05,1.0,23.63634594066723,5.251368342219172,32.279207796663854,3.7218240273965373,3.7218240273965373,3.7218240273965373,0.0,0.0,0.32060321601661473,2.259047843314506,0.12328192994401262,2.1225441597603463,0.0600223412384858,0.027981903101946856,0.0,1.3213958740234375,0.0,0.0,0.0,0.0,0.0,0.0,0.0,0.0,3.8434929847717285,4.827553749084473,0.4998939335346222,3.147109270095825,11.900286674499512,0.9993860721588135,0.4605121612548828,0.3151959478855133,4.0,0.2493327111005783,0.33406326174736023,0.0,0.001417004048582996,93.83905029296875,93.36299133300781,0.0050731434139056715,,0.13567940890789032,0.7714876532554626,,0.08067892491817474,,,,,,,0.1278252899646759,0.7940127849578857,,0.07816191017627716,,,,,,,,,,,,,,,,,,,,,,,,,,,,,,,,,,,,,,,,,,,,,,
754,1.8859178037880698e-06,1.88591780378807e-05,1.0,21.8155237146326,5.30812608873522,28.61979716532939,3.7189759950380066,3.7189759950380066,3.7189759950380066,0.0,0.0,0.31942383018699855,2.231312519795186,0.12330704766350824,2.08197207064242,0.05661906422795476,0.020789869733758876,0.0,1.3292585836874473,0.0,0.0,0.0,0.0,0.0,0.0,0.0,0.0,2.5648860931396484,5.578327655792236,0.4998939335346222,4.1367974281311035,12.917638778686523,0.9999279379844666,0.4595085680484772,0.2697763741016388,4.0,0.2468823939561844,0.3407527804374695,0.0,0.0003036437246963563,17.408222198486328,16.681087493896484,0.04176961301959193,,0.13100093603134155,0.7778977155685425,,0.0812426507472992,,,,,,,0.12222780287265778,0.7981647253036499,,0.0796075090765953,,,,,,,,,,,,,,,,,,,,,,,,,,,,,,,,,,,,,,,,,,,,,,
755,1.875293253239499e-06,1.875293253239499e-05,1.0,19.925452979835303,5.245628563133446,24.83282305743243,3.7539973903346704,3.7539973903346704,3.7539973903346704,0.0,0.0,0.3196944932679872,2.2161240448822848,0.12245008107778188,2.0880246549039274,0.059519870861156565,0.02179600580318554,0.0,1.325535026756493,0.0,0.0,0.0,0.0,0.0,0.0,0.0,0.0,7.902495384216309,4.015684127807617,0.4998939335346222,2.2240214347839355,10.50196647644043,0.9999626278877258,0.4439745843410492,0.25,4.0,0.2588416635990143,0.3106176555156708,0.0011133603238866396,0.0003036437246963563,300.6240234375,300.0613098144531,0.0018718185480072376,,0.14985838532447815,0.7630223035812378,,0.08113358914852142,,,,,,,0.14169026911258698,0.780402421951294,,0.07790730893611908,,,,,,114.84923352251997,170.16679739472758,0.3160999883752326,63.953108651297434,114.84923359609526,176.77854254782565,230.78536249325552,282.82383060955823,42.113228934151785,98.75120733689891,171.0622206978176,0.868137121758232,0.6308727182920435,0.07147024847259256,0.03526357308196622,0.0,0.5959352966613088,0.6407743987895851,0.3998355165318999,0.0,0.0,0.0,0.0,0.0,0.6574539067044672,0.8930233410281778,0.9817705470667986,0.9948334615807409,0.3930233410281778,0.18177054706679852,0.044833461580740974,0.1996995346451211,0.0,0.6978021978021978,0.2857142857142857,0.5595238095238095,1.621931899871145,1.600928525020788,1.5874681611964991,-7.984579086303711,0.00034061784390360117
756,1.864702685950403e-06,1.864702685950403e-05,1.0,22.729088035789697,5.40442925530511,30.36393119193412,3.70669225744299,3.70669225744299,3.70669225744299,0.0,0.0,0.3194346814542203,2.230480297191723,0.12277252609665329,2.10743032919394,0.05835529920217153,0.021166698352710622,0.0,1.3256809131519214,0.0,0.0,0.0,0.0,0.0,0.0,0.0,0.0,10.343409538269043,3.81681227684021,0.4998939335346222,1.9483681917190552,10.37961483001709,0.9997022747993469,0.474357008934021,0.30287620425224304,4.0,0.258002370595932,0.3251396119594574,0.0,0.000708502024291498,729.650390625,729.2224731445312,0.0005864691994507215,,0.14913851022720337,0.7617585062980652,,0.0799015462398529,,,,,,,0.1435258388519287,0.7794057130813599,,0.07706849277019501,,,,,,,,,,,,,,,,,,,,,,,,,,,,,,,,,,,,,,,,,,,,,,
757,1.8541462085676737e-06,1.8541462085676737e-05,1.0,24.703799685916387,5.56538927232897,34.043542810388516,3.7555933771906673,3.7555933771906673,3.7555933771906673,0.0,0.0,0.32088867393699855,2.2474548752243453,0.12256997340434306,2.1180667361697636,0.057432226232580236,0.0207790232993461,0.0,1.322087777627481,0.0,0.0,0.0,0.0,0.0,0.0,0.0,0.0,7.264502048492432,4.307500839233398,0.4998939335346222,2.2606985569000244,11.225225448608398,0.9998037815093994,0.482317715883255,0.2538449466228485,4.0,0.2547937333583832,0.3297737240791321,0.0,0.0006072874493927126,251.8463897705078,251.67892456054688,0.0006649498137080237,,0.14474254846572876,0.7623509764671326,,0.08252455294132233,,,,,,,0.1369716227054596,0.783672571182251,,0.07935583591461182,,,,,,,,,,,,,,,,,,,,,,,,,,,,,,,,,,,,,,,,,,,,,,
758,1.8436239273949235e-06,1.8436239273949234e-05,1.0,20.42140816353463,5.116643544789907,26.02901149440456,3.7213427569415116,3.7213427569415116,3.7213427569415116,0.0,0.0,0.32114817645098714,2.218616382495777,0.12313710032282649,2.069861128523543,0.056944396044756915,0.015298563080864984,0.0,1.31768376118428,0.0,0.0,0.0,0.0,0.0,0.0,0.0,0.0,5.601505279541016,4.622039318084717,0.4998939335346222,3.113483428955078,11.179285049438477,1.0000001192092896,0.4115432798862457,0.2708575129508972,3.9131271839141846,0.2478683888912201,0.3235154151916504,0.0,0.0,334.0601806640625,333.80670166015625,0.0007587824547133125,,0.13141660392284393,0.7820441722869873,,0.07890132814645767,,,,,,,0.1252765953540802,0.7973097562789917,,0.07741361856460571,,,,,,,,,,,,,,,,,,,,,,,,,,,,,,,,,,,,,,,,,,,,,,
759,1.833135948391408e-06,1.833135948391408e-05,1.0,24.29124491923564,5.398479977169552,33.39817686338682,3.7561315588048987,3.7561315588048987,3.7561315588048987,0.0,0.0,0.3199355666701858,2.239883835251267,0.12278461456298828,2.094513970452386,0.05704734776471112,0.02152079504889411,0.0,1.3181609076422613,0.0,0.0,0.0,0.0,0.0,0.0,0.0,0.0,7.407886505126953,4.6989641189575195,0.4998939335346222,2.6905527114868164,12.35019588470459,0.9999845027923584,0.44545844197273254,0.25,4.0,0.2522594928741455,0.3270377814769745,0.0003036437246963563,0.00010121457489878542,324.9344787597656,324.6431884765625,0.0008964585239305588,,0.14039327204227448,0.7665983438491821,,0.08444782346487045,,,,,,,0.13414767384529114,0.7843441367149353,,0.08150818198919296,,,,,,,,,,,,,,,,,,,,,,,,,,,,,,,,,,,,,,,,,,,,,,
760,1.8226823771709567e-06,1.8226823771709566e-05,1.0,22.129077808277028,5.370124610694679,29.12774823163007,3.737563674514358,3.737563674514358,3.737563674514358,0.0,0.0,0.3210674492088524,2.2515796970676734,0.12322852418229387,2.1055468997439823,0.05887959454510663,0.020284188760293496,0.0,1.3162361351219383,0.0,0.0,0.0,0.0,0.0,0.0,0.0,0.0,5.423638343811035,3.588894844055176,0.4998939335346222,2.056380271911621,9.000370025634766,1.0000008344650269,0.3956352770328522,0.25,3.484706163406372,0.24997161328792572,0.3044230341911316,0.0006072874493927126,0.0,236.76470947265625,236.8192901611328,-0.00023052712795808777,,0.13406506180763245,0.7823375463485718,,0.07862147688865662,,,,,,,0.12833507359027863,0.79337477684021,,0.07829013466835022,,,,,,112.43071476443784,167.39940515740253,0.30587088029528825,53.39704721052568,112.4307154985444,174.12149193455872,230.36896623854943,281.5718300516818,37.700773511614116,96.98439339334651,167.11952010444972,0.8621647752818276,0.6094738712279186,0.06081975453423371,0.03739640934297269,0.0,0.5713926168137212,0.613428268907358,0.36561513129336,0.0,0.0,0.0,0.0,0.0,0.6555366488660238,0.8959913524605181,0.9810743468542743,0.9943571140669085,0.3959913524605181,0.18107434685427426,0.044357114066908565,0.194532996225862,0.0,0.6648351648351648,0.3241758241758242,0.5576923076923077,1.6076230729346748,1.586574897825063,1.5731243912007782,-7.984859943389893,0.00034052220871672034
761,1.8122633190009165e-06,1.8122633190009163e-05,1.0,22.783389529666387,5.264157681851773,30.65344898120777,3.6712638236380912,3.6712638236380912,3.6712638236380912,0.0,0.0,0.31996242420093435,2.280592222471495,0.12248102394310204,2.1324928902290963,0.058444094013523414,0.02313492910282032,0.0,1.31559588458087,0.0,0.0,0.0,0.0,0.0,0.0,0.0,0.0,9.271796226501465,4.151101589202881,0.4998939335346222,2.0908045768737793,11.201141357421875,0.9983412027359009,0.4311205744743347,0.27926406264305115,4.0,0.24536150693893433,0.32748234272003174,0.0,0.001417004048582996,590.7216186523438,590.4921264648438,0.00038849464833123464,,0.13054946064949036,0.7709096670150757,,0.08385217189788818,,,,,,,0.12388913333415985,0.795981764793396,,0.08012910932302475,,,,,,,,,,,,,,,,,,,,,,,,,,,,,,,,,,,,,,,,,,,,,,
762,1.80187887880109e-06,1.80187887880109e-05,1.0,22.91248383393159,5.324024509739232,30.7454833984375,3.7291812381228886,3.7291812381228886,3.7291812381228886,0.0,0.0,0.32050081201501796,2.257323187750739,0.12290446822707718,2.124352738663957,0.05956480954144452,0.02561307919991983,0.0,1.3209433684477936,0.0,0.0,0.0,0.0,0.0,0.0,0.0,0.0,7.798126697540283,4.404605865478516,0.4998939335346222,2.659205198287964,11.181462287902832,0.999782145023346,0.480410099029541,0.29624003171920776,4.0,0.25468477606773376,0.3250185549259186,0.0,0.0003036437246963563,443.7970886230469,443.0081787109375,0.0017776365197822662,,0.14384301006793976,0.765717089176178,,0.08196455240249634,,,,,,,0.13360366225242615,0.7892444729804993,,0.0771518424153328,,,,,,,,,,,,,,,,,,,,,,,,,,,,,,,,,,,,,,,,,,,,,,
763,1.7915291611426706e-06,1.7915291611426704e-05,1.0,22.61808818095439,5.185474705051732,30.275951488597972,3.7410096864442566,3.7410096864442566,3.7410096864442566,0.0,0.0,0.3221400750649942,2.25922661858636,0.12377597190238335,2.110881908519848,0.05840307957417256,0.021539738049378265,0.0,1.3292844617688977,0.0,0.0,0.0,0.0,0.0,0.0,0.0,0.0,4.350285530090332,5.009278774261475,0.4998939335346222,3.4801323413848877,11.949190139770508,0.999686062335968,0.4186374843120575,0.25,4.0,0.2494482398033142,0.32292160391807556,0.0006072874493927126,0.0009109311740890688,176.90457153320312,176.62428283691406,0.0015844061793307317,,0.13576564192771912,0.7712401747703552,,0.08303584903478622,,,,,,,0.1280754655599594,0.7915787696838379,,0.0803457647562027,,,,,,,,,,,,,,,,,,,,,,,,,,,,,,,,,,,,,,,,,,,,,,
764,1.7812142702472024e-06,1.7812142702472023e-05,1.0,22.23339183910473,5.293662818702492,29.421891495988177,3.727393073004645,3.727393073004645,3.727393073004645,0.0,0.0,0.32158745946110906,2.2572332846151815,0.12316613583951383,2.1227229350322,0.05952285431526803,0.020541034840248728,0.0,1.3255522444441512,0.0,0.0,0.0,0.0,0.0,0.0,0.0,0.0,7.980448246002197,4.382646560668945,0.4998939335346222,2.0619101524353027,12.254085540771484,1.0,0.4701298773288727,0.2518620193004608,3.9389259815216064,0.2563372254371643,0.31456124782562256,0.0,0.0,241.91197204589844,241.59312438964844,0.0013180317350705753,,0.14625895023345947,0.7643949389457703,,0.08230146765708923,,,,,,,0.13790330290794373,0.7840317487716675,,0.07806496322154999,,,,,,,,,,,,,,,,,,,,,,,,,,,,,,,,,,,,,,,,,,,,,,
765,1.7709343099855242e-06,1.770934309985524e-05,1.0,22.178301836993242,5.096356778531461,29.550804344383447,3.7054723791173987,3.7054723791173987,3.7054723791173987,0.0,0.0,0.31938346656593114,2.279944342535895,0.12276954908628722,2.1156651264912374,0.057887070887797584,0.02096356894518878,0.0,1.3213927810256545,0.0,0.0,0.0,0.0,0.0,0.0,0.0,0.0,6.5901055335998535,4.200510025024414,0.4998939335346222,2.687925100326538,10.605026245117188,0.9998521208763123,0.4370267689228058,0.27142098546028137,4.0,0.25304171442985535,0.3160782754421234,0.0,0.0003036437246963563,393.24578857421875,393.1468505859375,0.000251593255810741,,0.14070478081703186,0.7699021697044373,,0.08288377523422241,,,,,,,0.1332278549671173,0.7861384153366089,,0.08063367009162903,,,,,,112.86777422978328,168.87783770954036,0.30481790159445626,51.549773310567,112.86777663586523,174.31585706307962,228.9439899034409,280.1516230129325,37.284283774239675,95.66874878166257,172.60165936013928,0.8697066343488788,0.5978813232063324,0.05983030441691756,0.04480362622646945,0.0,0.5558884151116821,0.6072662481312039,0.36037230905249906,0.0,0.0,0.0,0.0,0.0,0.6532329947481782,0.8988494375435125,0.9807995309809094,0.9944303982998058,0.39884943754351254,0.1807995309809094,0.044430398299805884,0.1966765600381078,0.0,0.6593406593406593,0.32967032967032966,0.5512820512820513,1.6072507882183724,1.5858379757993823,1.572462444940766,-7.985264301300049,0.00034038454759866
766,1.7606893838767175e-06,1.7606893838767173e-05,1.0,22.18181053367821,5.319588326119088,29.32795014252534,3.71891619708087,3.71891619708087,3.71891619708087,0.0,0.0,0.32037799422805374,2.2475878741290116,0.12247437399786872,2.094933999551309,0.05982347436853357,0.017763041161202097,0.0,1.3121434804555532,0.0,0.0,0.0,0.0,0.0,0.0,0.0,0.0,7.991398811340332,4.247537136077881,0.4998939335346222,2.4366519451141357,10.35936164855957,0.9999956488609314,0.4016377031803131,0.30887651443481445,4.0,0.24877730011940002,0.3105097711086273,0.0,0.00010121457489878542,597.9287719726562,597.9541015625,-4.236221943323434e-05,,0.13344372808933258,0.7781121134757996,,0.08010868728160858,,,,,,,0.12901099026203156,0.7936509847640991,,0.07733801752328873,,,,,,,,,,,,,,,,,,,,,,,,,,,,,,,,,,,,,,,,,,,,,,
767,1.7504795950870763e-06,1.7504795950870762e-05,1.0,23.377349028716218,5.366592819626267,31.64240986592061,3.7277172191722974,3.7277172191722974,3.7277172191722974,0.0,0.0,0.3207383800197292,2.2537802618903084,0.12260531090401314,2.1116198977908573,0.06090768607887062,0.01964925108729182,0.0,1.3203673491606842,0.0,0.0,0.0,0.0,0.0,0.0,0.0,0.0,8.155573844909668,4.261056900024414,0.4998939335346222,2.595703125,10.584334373474121,0.9999234080314636,0.45460501313209534,0.25,4.0,0.2598523199558258,0.31494420766830444,0.0010121457489878543,0.0005060728744939271,382.41302490234375,381.7449951171875,0.0017468803143586538,,0.15197734534740448,0.7594736814498901,,0.08134187012910843,,,,,,,0.1423633098602295,0.7800263166427612,,0.07761034369468689,,,,,,,,,,,,,,,,,,,,,,,,,,,,,,,,,,,,,,,,,,,,,,
768,1.7403050464290624e-06,1.7403050464290623e-05,1.0,22.674171241554053,5.193177506730363,30.4049072265625,3.734781213708826,3.734781213708826,3.734781213708826,0.0,0.0,0.32212151707829656,2.24823183626742,0.12394138284631677,2.09802431673617,0.0574469179720492,0.019204395848351555,0.0,1.3207499529864337,0.0,0.0,0.0,0.0,0.0,0.0,0.0,0.0,7.435665130615234,4.224989891052246,0.4998939335346222,2.7182817459106445,10.50196647644043,1.0,0.39601463079452515,0.2820264995098114,3.5730440616607666,0.25077563524246216,0.30668139457702637,0.0,0.0,326.90814208984375,327.0892333984375,-0.0005539516618829912,,0.13642239570617676,0.7762007713317871,,0.08083328604698181,,,,,,,0.1315169483423233,0.7894315719604492,,0.07905147969722748,,,,,,,,,,,,,,,,,,,,,,,,,,,,,,,,,,,,,,,,,,,,,,
769,1.7301658403602644e-06,1.7301658403602643e-05,1.0,20.97071632179054,5.253909549197635,27.085790685705238,3.6480675774651603,3.6480675774651603,3.6480675774651603,0.0,0.0,0.31840396571803736,2.2774918014938765,0.12246289124359956,2.1321508046743034,0.059993924321355044,0.024511311505291913,0.0,1.3149313024572424,0.0,0.0,0.0,0.0,0.0,0.0,0.0,0.0,5.248007297515869,4.583180904388428,0.4998939335346222,2.979623317718506,10.920316696166992,0.9995326995849609,0.4661801755428314,0.2592703104019165,4.0,0.24936524033546448,0.3338647484779358,0.0,0.0009109311740890688,213.11402893066406,212.84217834472656,0.0012756109360869232,,0.13603362441062927,0.7696524858474731,,0.08297861367464066,,,,,,,0.1270650178194046,0.7925037145614624,,0.080431267619133,,,,,,,,,,,,,,,,,,,,,,,,,,,,,,,,,,,,,,,,,,,,,,
770,1.7200620789823769e-06,1.7200620789823767e-05,1.0,22.76618751319679,5.245671040302998,30.488317541173988,3.759645616686022,3.759645616686022,3.759645616686022,0.0,0.0,0.32069116025357636,2.251337206041491,0.12181013983649176,2.098704570048564,0.05722932557801943,0.01796684232917992,0.0,1.3141160913415857,0.0,0.0,0.0,0.0,0.0,0.0,0.0,0.0,5.742169380187988,4.841306209564209,0.4998939335346222,3.2933149337768555,11.579297065734863,1.0,0.48739778995513916,0.2607811987400055,3.974677562713623,0.2538852393627167,0.33598101139068604,0.0,0.0,258.65966796875,258.1387023925781,0.002014096670976998,,0.14341506361961365,0.7629985213279724,,0.08268821984529495,,,,,,,0.13210242986679077,0.7878575325012207,,0.08004001528024673,,,,,,110.33807335319099,165.68907887783746,0.2999949137556851,47.9900999383612,110.3380710052831,174.39938886732367,228.28732499811233,279.97664272294475,37.91792297363281,93.66986373783082,168.10198841924253,0.8706507528256098,0.6020088354263133,0.059540090661633245,0.03951549947994084,0.0,0.5625094073411846,0.609371575967731,0.3620761746956542,0.0,0.0,0.0,0.0,0.0,0.6542298294641922,0.8972555054779964,0.9808178520391337,0.9946502509984977,0.3972555054779964,0.1808178520391337,0.04465025099849773,0.19609028617492946,0.0,0.6538461538461539,0.34065934065934067,0.5467032967032966,1.6051186650663942,1.5838300112512085,1.5704928245190735,-7.984917163848877,0.0003405027382541448
771,1.7099938640401654e-06,1.709993864040165e-05,1.0,22.235735919024492,5.343579266522382,29.404293575802363,3.7129735173405827,3.7129735173405827,3.7129735173405827,0.0,0.0,0.31939251358444626,2.2660202851166598,0.1235257999317066,2.1259518185177364,0.05881057558832942,0.02062430252899995,0.0,1.3176191175306164,0.0,0.0,0.0,0.0,0.0,0.0,0.0,0.0,10.423713684082031,3.311159133911133,0.4998939335346222,1.3875153064727783,9.564011573791504,0.9999668002128601,0.4234100878238678,0.3052895963191986,4.0,0.2554909884929657,0.3032565414905548,0.0,0.0003036437246963563,426.50140380859375,426.11212158203125,0.0009127337520727198,,0.14404404163360596,0.7692176699638367,,0.08226726949214935,,,,,,,0.13839593529701233,0.7825362682342529,,0.07906782627105713,,,,,,,,,,,,,,,,,,,,,,,,,,,,,,,,,,,,,,,,,,,,,,
772,1.6999612969204421e-06,1.699961296920442e-05,1.0,22.79749854835304,5.321677130621833,30.42279877533784,3.7893722121779985,3.7893722121779985,3.7893722121779985,0.0,0.0,0.32130102209142736,2.2483569995777026,0.12229438730188318,2.084933512919658,0.05543614722586967,0.019363928485561063,0.0,1.3145222019504856,0.0,0.0,0.0,0.0,0.0,0.0,0.0,0.0,5.64326286315918,4.283174514770508,0.4998939335346222,2.3433055877685547,11.311062812805176,0.9981675744056702,0.4580136239528656,0.30128854513168335,4.0,0.2459503561258316,0.3359706699848175,0.0,0.0017206477732793523,223.16758728027344,222.72703552246094,0.001974084871290993,,0.13137441873550415,0.7712317109107971,,0.08103586733341217,,,,,,,0.12695303559303284,0.7934330701828003,,0.07961387187242508,,,,,,,,,,,,,,,,,,,,,,,,,,,,,,,,,,,,,,,,,,,,,,
773,1.6899644786510442e-06,1.689964478651044e-05,1.0,22.79532767630912,5.337785050675675,30.48750263935811,3.7350715431007178,3.7350715431007178,3.7350715431007178,0.0,0.0,0.31974542463147965,2.2694145408836572,0.12163795007241739,2.1180432293866134,0.0579901901451317,0.024975301446141424,0.0,1.3069348721890837,0.0,0.0,0.0,0.0,0.0,0.0,0.0,0.0,4.196641445159912,5.090339660644531,0.4998939335346222,3.7391104698181152,11.670114517211914,0.9998106360435486,0.41279155015945435,0.2534181773662567,4.0,0.24477165937423706,0.3231208920478821,0.0,0.0005060728744939271,217.65953063964844,216.96148681640625,0.003207044603977627,,0.1273285448551178,0.7814037203788757,,0.08396772295236588,,,,,,,0.12033035606145859,0.7976853847503662,,0.08198422193527222,,,,,,,,,,,,,,,,,,,,,,,,,,,,,,,,,,,,,,,,,,,,,,
774,1.6800035098998227e-06,1.6800035098998227e-05,1.0,21.26255839579814,5.167080028637035,27.604901288006758,3.7327221019847974,3.7327221019847974,3.7327221019847974,0.0,0.0,0.3208275099058409,2.253876763421136,0.12232248203174488,2.1107033394478463,0.05889957015578811,0.02179176904059745,0.0,1.3113017726588894,0.0,0.0,0.0,0.0,0.0,0.0,0.0,0.0,4.29910945892334,5.271933078765869,0.4998939335346222,2.98108172416687,13.750755310058594,0.9996753931045532,0.4734128713607788,0.27249667048454285,4.0,0.2453300505876541,0.344821959733963,0.0,0.0009109311740890688,165.62998962402344,165.00526428222656,0.003771812962223739,,0.12937338650226593,0.775473952293396,,0.08516619354486465,,,,,,,0.12149859964847565,0.7967708706855774,,0.08173055946826935,,,,,,,,,,,,,,,,,,,,,,,,,,,,,,,,,,,,,,,,,,,,,,
775,1.6700784909736229e-06,1.670078490973623e-05,1.0,22.035119958826012,5.3158111572265625,28.9811450855152,3.7581077781883447,3.7581077781883447,3.7581077781883447,0.0,0.0,0.3203170363967483,2.2217019570840373,0.12278139269029772,2.077852403795397,0.05659075685449549,0.017211931782799797,0.0,1.3062339988914695,0.0,0.0,0.0,0.0,0.0,0.0,0.0,0.0,7.869377136230469,4.413023471832275,0.4998939335346222,2.484710931777954,11.244980812072754,0.9995219707489014,0.4304318130016327,0.3087140917778015,4.0,0.24921104311943054,0.3181840181350708,0.0,0.0010121457489878543,455.33135986328125,455.28240966796875,0.00010750455520392421,,0.1353188157081604,0.7718956470489502,,0.08281131833791733,,,,,,,0.13007709383964539,0.7889721393585205,,0.0809507668018341,,,,,,110.00275073208651,165.67146415439464,0.29515151969603287,42.4179801940918,110.00275330970705,173.9231083575067,228.3322411313436,279.2251593124692,34.84627205984933,91.77882190083348,172.5458413828974,0.8699320514624681,0.5871967242471456,0.05585017493663432,0.04718366104827098,0.0,0.5450504927216577,0.5925512852162443,0.3532242462237175,0.0,0.0,0.0,0.0,0.0,0.6522533505168371,0.899215858707999,0.9804514308746474,0.9942105456011139,0.399215858707999,0.18045143087464732,0.044210545601113926,0.1961086072331538,0.0,0.6098901098901099,0.37362637362637363,0.553113553113553,1.5973767472819969,1.5760278503645908,1.5626451621998798,-7.984768867492676,0.00034055320429615676
776,1.6601895218172737e-06,1.6601895218172737e-05,1.0,21.74861103779561,5.279809900232263,28.480851456925677,3.72063177985114,3.72063177985114,3.72063177985114,0.0,0.0,0.3206785047376478,2.2644647134316935,0.12310075759887695,2.114863833865604,0.05964315259778822,0.02459470323614172,0.0,1.312401127170872,0.0,0.0,0.0,0.0,0.0,0.0,0.0,0.0,7.251614570617676,4.05842924118042,0.4998939335346222,2.2834415435791016,10.02104663848877,0.9995876550674438,0.4281112253665924,0.25,4.0,0.2533937990665436,0.31239742040634155,0.0006072874493927126,0.0006072874493927126,214.75411987304688,214.8515625,-0.00045374043119977755,,0.14148086309432983,0.7686793804168701,,0.08215102553367615,,,,,,,0.13342010974884033,0.7868376970291138,,0.0797421857714653,,,,,,,,,,,,,,,,,,,,,,,,,,,,,,,,,,,,,,,,,,,,,,
777,1.6503367020125848e-06,1.6503367020125847e-05,1.0,22.404014793602197,5.38412805505701,29.6301929370777,3.7645564723659204,3.7645564723659204,3.7645564723659204,0.0,0.0,0.3213917758013751,2.2188314489416174,0.12298272107098554,2.0849267083245353,0.05957423029719172,0.021366617164096317,0.0,1.3111494940680426,0.0,0.0,0.0,0.0,0.0,0.0,0.0,0.0,1.9520196914672852,5.949761390686035,0.4998939335346222,4.36932897567749,13.831562995910645,0.9999179840087891,0.4157367944717407,0.26082900166511536,4.0,0.24075520038604736,0.33004432916641235,0.0,0.0003036437246963563,2.7209300994873047,2.4088571071624756,0.1146934985149497,,0.12174883484840393,0.7827946543693542,,0.08578050881624222,,,,,,,0.11501628160476685,0.8023803234100342,,0.08260342478752136,,,,,,,,,,,,,,,,,,,,,,,,,,,,,,,,,,,,,,,,,,,,,,
778,1.640520130777345e-06,1.640520130777345e-05,1.0,22.289710792335303,5.286367467931799,29.536380252322637,3.7358604637352197,3.7358604637352197,3.7358604637352197,0.0,0.0,0.3203857524974926,2.2529088613149284,0.12294867232039168,2.104261656065245,0.060356436549006284,0.021545271615724306,0.0,1.3028210820378483,0.0,0.0,0.0,0.0,0.0,0.0,0.0,0.0,4.212567329406738,4.710234642028809,0.4998939335346222,3.3223876953125,10.941666603088379,0.9997667074203491,0.47744783759117126,0.25,4.0,0.24755387008190155,0.34695732593536377,0.0004048582995951417,0.0006072874493927126,80.18307495117188,79.7939453125,0.004853014665611647,,0.13282980024814606,0.7734353542327881,,0.08278856426477432,,,,,,,0.12365172803401947,0.7956117391586304,,0.08073654770851135,,,,,,,,,,,,,,,,,,,,,,,,,,,,,,,,,,,,,,,,,,,,,,
779,1.6307399069643142e-06,1.6307399069643143e-05,1.0,21.78475044869088,5.206174695813978,28.66499947212838,3.7118307577597127,3.7118307577597127,3.7118307577597127,0.0,0.0,0.3204580255456873,2.2402871621621623,0.1228937716097445,2.0970714672191724,0.058565887244972026,0.019106196390615927,0.0,1.3038640408902555,0.0,0.0,0.0,0.0,0.0,0.0,0.0,0.0,9.146088600158691,4.709630489349365,0.4998939335346222,3.171792507171631,11.48918628692627,0.9998714327812195,0.4669751822948456,0.25,4.0,0.25268933176994324,0.33064359426498413,0.00020242914979757084,0.0005060728744939271,738.7877807617188,738.4177856445312,0.0005008138017740639,,0.14166562259197235,0.7630854845046997,,0.08645785599946976,,,,,,,0.13412031531333923,0.7829470634460449,,0.08293260633945465,,,,,,,,,,,,,,,,,,,,,,,,,,,,,,,,,,,,,,,,,,,,,,
780,1.6209961290602385e-06,1.6209961290602387e-05,1.0,21.263805492504222,5.18751690838788,27.57878813872466,3.743274585620777,3.743274585620777,3.743274585620777,0.0,0.0,0.3211473516515783,2.241581272434544,0.12246742764034786,2.096017579774599,0.05736423183131863,0.019922217807254276,0.0,1.3073865529653188,0.0,0.0,0.0,0.0,0.0,0.0,0.0,0.0,6.629533767700195,4.9746174812316895,0.4998939335346222,3.0443310737609863,12.158723831176758,0.9995449185371399,0.4497871696949005,0.2550167441368103,4.0,0.2518700361251831,0.3237468898296356,0.0,0.0009109311740890688,383.4602966308594,383.224365234375,0.0006152694256936226,,0.1406109780073166,0.7631298899650574,,0.0862889289855957,,,,,,,0.13170716166496277,0.7859324216842651,,0.08236035704612732,,,,,,115.28910804580856,171.94449006895567,0.3095341419777626,54.865251541137695,115.28910820984251,176.32903299567164,230.55715891755557,282.00134075681814,38.64619064331055,96.98119454790455,178.29391811204994,0.8692617876832639,0.6103801515933044,0.06327687646794325,0.03826466628821108,0.0,0.5711633253916324,0.6218244270895172,0.3706163528213396,0.0,0.0,0.0,0.0,0.0,0.6551212078709626,0.8956982155289289,0.981001062621377,0.9947418562896193,0.3956982155289289,0.18100106262137694,0.04474185628961935,0.19832545527829687,0.0,0.6758241758241759,0.3131868131868132,0.5494505494505494,1.6113567172170995,1.5909455913108783,1.578267331797998,-7.984772682189941,0.0003405518946237862
781,1.611288895184855e-06,1.6112888951848548e-05,1.0,22.149390968116553,5.288085525100295,29.201580975506758,3.7726081641944678,3.7726081641944678,3.7726081641944678,0.0,0.0,0.32079694077775284,2.2174915623020484,0.12368260203181086,2.0880164069098397,0.059078603177457244,0.020920738980576798,0.0,1.3080543311866555,0.0,0.0,0.0,0.0,0.0,0.0,0.0,0.0,5.684404373168945,4.771387100219727,0.4998939335346222,3.3337624073028564,11.446622848510742,0.999957799911499,0.41135555505752563,0.2789994478225708,4.0,0.24647922813892365,0.3182177245616913,0.0,0.00020242914979757084,289.0301818847656,288.78387451171875,0.000852185648712203,,0.1305018812417984,0.7770848274230957,,0.08460137248039246,,,,,,,0.12359881401062012,0.7942254543304443,,0.08217571675777435,,,,,,,,,,,,,,,,,,,,,,,,,,,,,,,,,,,,,,,,,,,,,,
782,1.6016183030898982e-06,1.601618303089898e-05,1.0,21.3162841796875,5.168237634607263,27.63033645217483,3.7833656104835303,3.7833656104835303,3.7833656104835303,0.0,0.0,0.3213093989604228,2.2227807947107263,0.12309020274394267,2.0893663973421663,0.05951126846107277,0.021369544235435693,0.0,1.3054487898543075,0.0,0.0,0.0,0.0,0.0,0.0,0.0,0.0,10.256114959716797,4.050273418426514,0.4998939335346222,1.9284919500350952,11.291191101074219,0.9988338351249695,0.47850215435028076,0.25490322709083557,4.0,0.25672873854637146,0.31580686569213867,0.0,0.0011133603238866396,598.0408935546875,597.204833984375,0.0013979973264755465,,0.14826875925064087,0.7577224373817444,,0.08339208364486694,,,,,,,0.13979317247867584,0.7799285054206848,,0.08027833700180054,,,,,,,,,,,,,,,,,,,,,,,,,,,,,,,,,,,,,,,,,,,,,,
783,1.5919844501581253e-06,1.5919844501581253e-05,1.0,22.38220379803632,5.27176893079603,29.720802100929053,3.739181930954392,3.739181930954392,3.739181930954392,0.0,0.0,0.31992904559986013,2.263267723289696,0.1222687154202848,2.119433016390414,0.0583581086751577,0.02120608896822543,0.0,1.3129349785882074,0.0,0.0,0.0,0.0,0.0,0.0,0.0,0.0,4.209067344665527,5.206831932067871,0.4998939335346222,3.4903430938720703,12.35019588470459,0.9994974136352539,0.4640066623687744,0.25,4.0,0.2510875165462494,0.3391847014427185,0.000708502024291498,0.0008097165991902834,132.23915100097656,131.87338256835938,0.002765961743163992,,0.13904353976249695,0.7664041519165039,,0.08227179199457169,,,,,,,0.12997443974018097,0.7899112701416016,,0.08011429011821747,,,,,,,,,,,,,,,,,,,,,,,,,,,,,,,,,,,,,,,,,,,,,,
784,1.5823874334023287e-06,1.5823874334023287e-05,1.0,21.46167816986909,5.217879836623733,28.00120750633446,3.7067648397909627,3.7067648397909627,3.7067648397909627,0.0,0.0,0.3203078089533625,2.2636186754381336,0.12273687929720492,2.114648355020059,0.057574806986628355,0.02229252054884627,0.0,1.303164920291385,0.0,0.0,0.0,0.0,0.0,0.0,0.0,0.0,4.406898498535156,5.524637699127197,0.4998939335346222,3.6685800552368164,13.67308235168457,0.9999531507492065,0.46131908893585205,0.2900232672691345,4.0,0.24497829377651215,0.33352193236351013,0.0,0.00020242914979757084,266.996826171875,266.36724853515625,0.002357996706348372,,0.12889260053634644,0.7752562165260315,,0.08672936260700226,,,,,,,0.12020940333604813,0.7964136600494385,,0.0833769366145134,,,,,,,,,,,,,,,,,,,,,,,,,,,,,,,,,,,,,,,,,,,,,,
785,1.572827349464358e-06,1.572827349464358e-05,1.0,23.33564717060811,5.274565413191512,31.73876953125,3.6805687981682853,3.6805687981682853,3.6805687981682853,0.0,0.0,0.320585585929252,2.2676210145692566,0.12218678964150918,2.1235568072344804,0.05941695780367465,0.017891194369341876,0.0,1.3054224993731525,0.0,0.0,0.0,0.0,0.0,0.0,0.0,0.0,8.332514762878418,4.553223609924316,0.4998939335346222,2.7196097373962402,11.466768264770508,0.9992476105690002,0.48054778575897217,0.25,4.0,0.25549209117889404,0.32583051919937134,0.0003036437246963563,0.0010121457489878543,385.154296875,384.5653991699219,0.0015289916531016892,,0.14664557576179504,0.7576298713684082,,0.08448109030723572,,,,,,,0.1376572847366333,0.78061443567276,,0.08172830939292908,,,,,,108.68402401431577,161.971363591713,0.3015699291639451,49.36254346239698,108.68402636987382,173.4254846468231,228.9508008898552,280.42777336577984,40.16574205671038,93.91009775797527,160.54194707455844,0.8686448798589773,0.605434692626383,0.061739836429896146,0.037782725432150124,0.0,0.5670143625740895,0.6127283627867331,0.36739988013631253,0.0,0.0,0.0,0.0,0.0,0.6537478114857255,0.8958081418782748,0.9812575574365175,0.994668572056722,0.39580814187827484,0.1812575574365175,0.04466857205672203,0.1978491077644645,0.0,0.6593406593406593,0.32967032967032966,0.5567765567765568,1.609210865183191,1.5879067655775574,1.574249648622104,-7.9846954345703125,0.0003405782044865191
786,1.5633042946141546e-06,1.5633042946141547e-05,1.0,22.43366798194679,5.25795147870038,29.90828560494088,3.6996171281144425,3.6996171281144425,3.6996171281144425,0.0,0.0,0.3212389043859533,2.270795255093961,0.12200845254434121,2.1334020253774284,0.05806259851197939,0.02204206827524546,0.0,1.298761831747519,0.0,0.0,0.0,0.0,0.0,0.0,0.0,0.0,2.2767302989959717,5.592097282409668,0.4998939335346222,3.6028974056243896,14.187251091003418,0.9998841285705566,0.4858541190624237,0.2837868630886078,4.0,0.24223071336746216,0.336492657661438,0.0,0.000708502024291498,7.638852596282959,7.126698017120361,0.06704600890084074,,0.12555508315563202,0.7733961343765259,,0.0914776623249054,,,,,,,0.11589869856834412,0.7971333265304565,,0.08696797490119934,,,,,,,,,,,,,,,,,,,,,,,,,,,,,,,,,,,,,,,,,,,,,,
787,1.5538183647487756e-06,1.5538183647487757e-05,1.0,20.798871014569258,5.1595124940614445,26.769758894636823,3.684040791279561,3.684040791279561,3.684040791279561,0.0,0.0,0.3213427517865155,2.271090739482158,0.12221199757344015,2.124019313502956,0.05921706637820682,0.02359512367764035,0.0,1.302651276459565,0.0,0.0,0.0,0.0,0.0,0.0,0.0,0.0,7.125896453857422,4.3666205406188965,0.4998939335346222,2.5843214988708496,11.049042701721191,0.9996111392974854,0.4218025803565979,0.27361854910850525,4.0,0.25186219811439514,0.3087167739868164,0.0,0.0004048582995951417,249.85055541992188,249.7848663330078,0.0002629135116536338,,0.1387646645307541,0.7716265320777893,,0.08328631520271301,,,,,,,0.1316361278295517,0.7871160507202148,,0.08124785125255585,,,,,,,,,,,,,,,,,,,,,,,,,,,,,,,,,,,,,,,,,,,,,,
788,1.544369655391428e-06,1.544369655391428e-05,1.0,21.71148021801098,5.179426038587415,28.50181785789696,3.7232492807749153,3.7232492807749153,3.7232492807749153,0.0,0.0,0.3198138829824087,2.2558505084063554,0.12169210330860035,2.133158709551837,0.05910903698689229,0.018840649643459835,0.0,1.3070343636177681,0.0,0.0,0.0,0.0,0.0,0.0,0.0,0.0,5.370637893676758,5.462286949157715,0.4998939335346222,3.8221774101257324,12.794595718383789,0.9999186396598816,0.44222912192344666,0.25,4.0,0.2511956989765167,0.32529541850090027,0.00020242914979757084,0.0004048582995951417,429.8404541015625,429.7806701660156,0.00013908401355994585,,0.138501837849617,0.7688612341880798,,0.08433925360441208,,,,,,,0.1303558349609375,0.7880879044532776,,0.08155626058578491,,,,,,,,,,,,,,,,,,,,,,,,,,,,,,,,,,,,,,,,,,,,,,
789,1.5349582616905093e-06,1.5349582616905094e-05,1.0,22.19076950485642,5.210580774255701,29.45974978885135,3.718248934359164,3.718248934359164,3.718248934359164,0.0,0.0,0.32058099798254064,2.237627802668391,0.12245839350932353,2.0955686826963684,0.05935344180545291,0.02225286573977084,0.0,1.3033551396550358,0.0,0.0,0.0,0.0,0.0,0.0,0.0,0.0,3.7150402069091797,4.894227981567383,0.4998939335346222,3.5211551189422607,11.26696491241455,0.9994947910308838,0.4567989706993103,0.25,4.0,0.2444785237312317,0.3384602963924408,0.00010121457489878542,0.0008097165991902834,56.60736846923828,56.420631408691406,0.0032988118966941933,,0.1280563920736313,0.7764621376991272,,0.08499602973461151,,,,,,,0.12031706422567368,0.796309769153595,,0.08337320387363434,,,,,,,,,,,,,,,,,,,,,,,,,,,,,,,,,,,,,,,,,,,,,,
790,1.5255842784186503e-06,1.5255842784186503e-05,1.0,23.536028887774492,5.408369734480575,31.847088788006758,3.772214734876478,3.772214734876478,3.772214734876478,0.0,0.0,0.3224720052770666,2.222469020534206,0.12285068872812632,2.1080982105152026,0.05702787476616937,0.0194991279292751,0.0,1.3002240979993664,0.0,0.0,0.0,0.0,0.0,0.0,0.0,0.0,5.078010082244873,3.9920854568481445,0.4998939335346222,2.289022922515869,10.52249813079834,0.9999839663505554,0.41493088006973267,0.25,4.0,0.2506248354911804,0.3041703402996063,0.0006072874493927126,0.00010121457489878542,158.0393829345703,157.7309112548828,0.0019518658827920759,,0.13613787293434143,0.7759914994239807,,0.08357306569814682,,,,,,,0.128877654671669,0.7897509336471558,,0.08137145638465881,,,,,,109.95253990508698,165.66739413725438,0.29809983292835723,51.31001631768195,109.952539671532,174.06947939230747,228.62846413396414,280.59045811135024,33.63969039916992,94.06179407400678,166.12854335619056,0.8688824553842027,0.6068825192233358,0.06157775603225587,0.03756232179436133,0.0,0.5709318139388913,0.610025189760476,0.36696353907537127,0.0,0.0,0.0,0.0,0.0,0.6559022230595947,0.8943607782785533,0.981001062621377,0.994723535231395,0.3943607782785533,0.18100106262137694,0.04472353523139505,0.19526583855483493,0.0,0.6703296703296703,0.31868131868131866,0.5567765567765568,1.6041629725432658,1.58299314058744,1.5695025498395438,-7.984757900238037,0.0003405569295864552
791,1.5162477999717607e-06,1.5162477999717605e-05,1.0,21.31351120407517,5.207100120750633,27.69157450907939,3.7234946585990287,3.7234946585990287,3.7234946585990287,0.0,0.0,0.3217729620031408,2.2446633416253166,0.12411426853489231,2.0979622505806588,0.05954663817946975,0.02345190177092681,0.0,1.3113288879394531,0.0,0.0,0.0,0.0,0.0,0.0,0.0,0.0,7.122608661651611,4.763126373291016,0.4998939335346222,3.4011757373809814,11.513890266418457,0.9999194145202637,0.4655017852783203,0.2543717622756958,4.0,0.2524496018886566,0.3297131359577179,0.0,0.0003036437246963563,286.3796081542969,285.6741943359375,0.002463212457429263,,0.14038404822349548,0.768105149269104,,0.08250094205141068,,,,,,,0.1324068009853363,0.787060022354126,,0.08053320646286011,,,,,,,,,,,,,,,,,,,,,,,,,,,,,,,,,,,,,,,,,,,,,,
792,1.5069489203680709e-06,1.5069489203680709e-05,1.0,20.937564334353887,5.193026156038852,26.89970439189189,3.764420792863176,3.764420792863176,3.764420792863176,0.0,0.0,0.32087619884594065,2.2104182887721704,0.12454489115122203,2.07494086188239,0.05705933957486539,0.019939337227795575,0.0,1.3058123201937288,0.0,0.0,0.0,0.0,0.0,0.0,0.0,0.0,6.154763221740723,5.170737266540527,0.4998939335346222,3.35335373878479,12.867278099060059,0.9999978542327881,0.480537086725235,0.2652900815010071,4.0,0.25101086497306824,0.33146411180496216,0.0,0.00010121457489878542,339.1989440917969,339.0539245605469,0.00042753532632092627,,0.1395120471715927,0.762908935546875,,0.08720051497220993,,,,,,,0.1295088827610016,0.7876293063163757,,0.08286180347204208,,,,,,,,,,,,,,,,,,,,,,,,,,,,,,,,,,,,,,,,,,,,,,
793,1.4976877332471985e-06,1.4976877332471983e-05,1.0,21.540294750316722,5.408623360298775,28.01443728885135,3.68728307775549,3.68728307775549,3.68728307775549,0.0,0.0,0.3180304862357475,2.2424048346442147,0.12127225463454788,2.1182638632284627,0.05890721243781012,0.02545800563451406,0.0,1.2986699697133657,0.0,0.0,0.0,0.0,0.0,0.0,0.0,0.0,2.67976713180542,5.343690395355225,0.4998939335346222,3.8483951091766357,12.35019588470459,0.9996342658996582,0.4731088876724243,0.25,4.0,0.24551567435264587,0.3409360647201538,0.0016194331983805667,0.000708502024291498,24.369251251220703,23.258831024169922,0.04556644829188825,,0.13070692121982574,0.7705161571502686,,0.08645669370889664,,,,,,,0.12024031579494476,0.7968952655792236,,0.0828644186258316,,,,,,,,,,,,,,,,,,,,,,,,,,,,,,,,,,,,,,,,,,,,,,
794,1.4884643318691938e-06,1.4884643318691937e-05,1.0,22.769287109375,5.266289375923775,30.56304766680743,3.704738307643581,3.704738307643581,3.704738307643581,0.0,0.0,0.3211804725028373,2.2685458209063554,0.1227297138523411,2.1189408173432223,0.06216480925276473,0.02184955816011171,0.0,1.30324379173485,0.0,0.0,0.0,0.0,0.0,0.0,0.0,0.0,3.9129345417022705,5.17219352722168,0.4998939335346222,3.173341751098633,13.226547241210938,0.9998401999473572,0.44360339641571045,0.26714256405830383,4.0,0.24667242169380188,0.3278505802154541,0.0,0.0003036437246963563,132.4980010986328,132.1835174560547,0.002373497260113534,,0.13093921542167664,0.7763187885284424,,0.08441133797168732,,,,,,,0.12272395938634872,0.794903576374054,,0.08237244933843613,,,,,,,,,,,,,,,,,,,,,,,,,,,,,,,,,,,,,,,,,,,,,,
795,1.4792788091136062e-06,1.4792788091136062e-05,1.0,23.090259448902028,5.529216869457348,30.939796241554053,3.7106801625844597,3.7106801625844597,3.7106801625844597,0.0,0.0,0.31852972185289535,2.259829959353885,0.12288013664451805,2.1198095373205237,0.05898960860999855,0.0196395629161113,0.0,1.3030041875065983,0.0,0.0,0.0,0.0,0.0,0.0,0.0,0.0,6.057760238647461,4.8173604011535645,0.4998939335346222,2.549851655960083,13.018954277038574,0.9998995661735535,0.40039485692977905,0.30217522382736206,4.0,0.24136288464069366,0.3182027041912079,0.0,0.0003036437246963563,423.1351013183594,422.801513671875,0.0007883714809880297,,0.12253390997648239,0.7824448943138123,,0.08730557560920715,,,,,,,0.1184951514005661,0.7969270944595337,,0.0845777690410614,,,,,,112.28136429419884,167.1843423119742,0.3006943973273946,46.429850546868295,112.28136415433384,172.7699498690259,228.73079444183855,279.32642444369566,34.62905066353934,94.98396608811017,172.60594177246094,0.8665782195580656,0.5980193325805107,0.058798125371025384,0.038149999203475844,0.0,0.5577990021172735,0.6058575683415006,0.3479319043118786,0.0,0.0,0.0,0.0,0.0,0.6558205416907976,0.8954233996555641,0.9801216518266095,0.9942655087757869,0.39542339965556406,0.18012165182660944,0.044265508775786944,0.19433146458539446,0.0,0.6428571428571429,0.34615384615384615,0.5558608058608059,1.5964283916976425,1.5754019436272946,1.5620537511595003,-7.984852313995361,0.00034052482806146145
796,1.470131257478547e-06,1.470131257478547e-05,1.0,23.68321269267314,5.251647536819045,32.4122314453125,3.71245306891364,3.71245306891364,3.71245306891364,0.0,0.0,0.3218167794717325,2.241659215978674,0.12198452047399573,2.1022543005041174,0.05875105471224398,0.016546339602083772,0.0,1.3015075889793601,0.0,0.0,0.0,0.0,0.0,0.0,0.0,0.0,8.556260108947754,3.80977463722229,0.4998939335346222,2.2546355724334717,9.580842971801758,0.9998792409896851,0.4543900787830353,0.2912290096282959,4.0,0.25242945551872253,0.3273185193538666,0.0,0.0005060728744939271,406.04559326171875,405.74542236328125,0.0007392541710064154,,0.13906335830688477,0.7738163471221924,,0.0816696509718895,,,,,,,0.133314847946167,0.7865997552871704,,0.08008541166782379,,,,,,,,,,,,,,,,,,,,,,,,,,,,,,,,,,,,,,,,,,,,,,
797,1.4610217690797627e-06,1.4610217690797626e-05,1.0,22.13282569679054,5.211374231286951,29.40065456081081,3.6798347266944678,3.6798347266944678,3.6798347266944678,0.0,0.0,0.3203658284367742,2.2663172129038216,0.12174691380681218,2.1114780322925464,0.06159445401784536,0.019111375550966005,0.0,1.3079078261916701,0.0,0.0,0.0,0.0,0.0,0.0,0.0,0.0,6.383232593536377,4.348496437072754,0.4998939335346222,2.771895170211792,10.901131629943848,0.9998525977134705,0.44411176443099976,0.3002401292324066,4.0,0.24432753026485443,0.3302954435348511,0.0,0.0003036437246963563,580.0836181640625,579.9631958007812,0.0002075948354866168,,0.1265384703874588,0.7824694514274597,,0.0833761915564537,,,,,,,0.1211320012807846,0.7961745262145996,,0.08269345760345459,,,,,,,,,,,,,,,,,,,,,,,,,,,,,,,,,,,,,,,,,,,,,,
798,1.4519504356496966e-06,1.4519504356496965e-05,1.0,22.83983715160473,5.210151053763725,30.763708166173988,3.697110150311444,3.697110150311444,3.697110150311444,0.0,0.0,0.32075820098052155,2.2759908727697424,0.12319242632066882,2.1447751844251477,0.059326165431254616,0.024837733925999823,0.0,1.3110438166437923,0.0,0.0,0.0,0.0,0.0,0.0,0.0,0.0,7.653874397277832,4.552061557769775,0.4998939335346222,2.9869070053100586,10.814192771911621,1.0,0.4087677299976349,0.29409509897232056,3.3386776447296143,0.2533092796802521,0.3102535903453827,0.0,0.0,433.963623046875,434.0317687988281,-0.000157031023648183,,0.14107872545719147,0.7694607377052307,,0.08431947976350784,,,,,,,0.13435205817222595,0.7852271795272827,,0.08042075484991074,,,,,,,,,,,,,,,,,,,,,,,,,,,,,,,,,,,,,,,,,,,,,,
799,1.4429173485365772e-06,1.4429173485365771e-05,1.0,22.13888962204392,5.193058323215794,29.420740076013512,3.682387068464949,3.682387068464949,3.682387068464949,0.0,0.0,0.3216847342413825,2.2686730462151603,0.12298732190518766,2.1266663010055953,0.058683047423491605,0.018156874824214627,0.0,1.3065386591730892,0.0,0.0,0.0,0.0,0.0,0.0,0.0,0.0,7.194601535797119,3.7508575916290283,0.4998939335346222,2.2414634227752686,9.43414306640625,0.9995878338813782,0.42519262433052063,0.26768213510513306,4.0,0.2502581775188446,0.3124014139175415,0.0,0.0008097165991902834,438.7464904785156,438.7298583984375,3.7908178046017745e-05,,0.13593004643917084,0.7751211524009705,,0.08240442723035812,,,,,,,0.1291729360818863,0.7909808158874512,,0.07984624803066254,,,,,,,,,,,,,,,,,,,,,,,,,,,,,,,,,,,,,,,,,,,,,,
800,1.4339225987034928e-06,1.4339225987034927e-05,1.0,21.87442429001267,5.1725876266891895,28.818260399070947,3.729973457955025,3.729973457955025,3.729973457955025,0.0,0.0,0.3197222271481076,2.268974510399071,0.12280684548455316,2.1231116217535897,0.05943863456313674,0.020670711994171143,0.0,1.312991374247783,0.0,0.0,0.0,0.0,0.0,0.0,0.0,0.0,6.086113929748535,4.3747735023498535,0.4998939335346222,3.0176916122436523,10.298840522766113,0.9988279342651367,0.4296371340751648,0.25910699367523193,4.0,0.2501859962940216,0.3203032910823822,0.0,0.0013157894736842105,321.9234619140625,321.6837158203125,0.000744730105487,,0.13697023689746857,0.7703444361686707,,0.08211879432201385,,,,,,,0.12917213141918182,0.7903283834457397,,0.08049950003623962,,,,,,109.20726960569948,161.7229902036794,0.29559274633307037,38.56540151742789,109.20727130037139,170.46392591666958,226.54551707003242,277.14728616806633,37.0767571585519,92.77092376235844,166.27688266920006,0.8684578691719794,0.5833512478810199,0.05297433375073497,0.040516895328289344,0.0,0.540146900153635,0.5864794822821384,0.33626154068681047,0.0,0.0,0.0,0.0,0.0,0.65352672131339,0.8969440474881829,0.9798834780696933,0.994155582426441,0.3969440474881829,0.1798834780696933,0.04415558242644102,0.19354365908174856,0.0,0.6098901098901099,0.3791208791208791,0.5521978021978022,1.5881064991047094,1.5669324827063216,1.5536318129890567,-7.984859466552734,0.0003405223542358726
801,1.4249662767274717e-06,1.4249662767274715e-05,1.0,20.965863202069258,5.206269135346284,27.04191795555321,3.694879067910684,3.694879067910684,3.694879067910684,0.0,0.0,0.3179528262164142,2.263878074852196,0.12241098043080922,2.1281521771405196,0.05769985430949443,0.02120914008166339,0.0,1.3046887371991132,0.0,0.0,0.0,0.0,0.0,0.0,0.0,0.0,8.732731819152832,4.022514820098877,0.4998939335346222,2.0629172325134277,10.922443389892578,1.0000121593475342,0.4183374047279358,0.25,3.7980878353118896,0.24969738721847534,0.3092077076435089,0.0005060728744939271,0.0,594.7940673828125,594.721435546875,0.00012211257630240246,,0.13569319248199463,0.7722903490066528,,0.08591410517692566,,,,,,,0.13078881800174713,0.7865461111068726,,0.08266505599021912,,,,,,,,,,,,,,,,,,,,,,,,,,,,,,,,,,,,,,,,,,,,,,
802,1.416048472798578e-06,1.4160484727985779e-05,1.0,23.621606775232262,5.279830107817778,32.213425095016895,3.7275444236961572,3.7275444236961572,3.7275444236961572,0.0,0.0,0.3207786920908335,2.2622779639991553,0.12324570320747993,2.1191202112146326,0.059964540842417126,0.02159039072088293,0.0,1.3044011915052258,0.0,0.0,0.0,0.0,0.0,0.0,0.0,0.0,11.298920631408691,3.4184060096740723,0.4998939335346222,1.510553240776062,9.360725402832031,0.9995879530906677,0.4296780228614807,0.29518184065818787,4.0,0.25347238779067993,0.3147934675216675,0.0,0.0006072874493927126,874.4169921875,874.3793334960938,4.3067199908867854e-05,,0.14101427793502808,0.7712900042533875,,0.08129440993070602,,,,,,,0.1352822184562683,0.7857447862625122,,0.07897301018238068,,,,,,,,,,,,,,,,,,,,,,,,,,,,,,,,,,,,,,,,,,,,,,
803,1.4071692767190003e-06,1.4071692767190003e-05,1.0,21.580704972550677,5.229270316459037,28.195477459881758,3.7268091150232263,3.7268091150232263,3.7268091150232263,0.0,0.0,0.32240238705196894,2.247782526789485,0.12370829968839078,2.104201033308699,0.05905286685840504,0.018355092486819706,0.0,1.3054155916781038,0.0,0.0,0.0,0.0,0.0,0.0,0.0,0.0,9.23830509185791,4.692126750946045,0.4998939335346222,2.3930258750915527,12.471393585205078,0.9998936653137207,0.44456377625465393,0.2710019648075104,4.0,0.25207701325416565,0.3204870820045471,0.0,0.0004048582995951417,496.4539794921875,496.46875,-2.9752018158074686e-05,,0.14023593068122864,0.7657045125961304,,0.08703780174255371,,,,,,,0.13288061320781708,0.7842867374420166,,0.0828327089548111,,,,,,,,,,,,,,,,,,,,,,,,,,,,,,,,,,,,,,,,,,,,,,
804,1.3983287779021406e-06,1.3983287779021406e-05,1.0,22.87398384712838,5.28546802417652,30.75592865815034,3.707044034390836,3.707044034390836,3.707044034390836,0.0,0.0,0.3218230685672244,2.2516180502401815,0.12355234816267684,2.1257194312843115,0.05845470041842074,0.02135098463780171,0.0,1.301499856484903,0.0,0.0,0.0,0.0,0.0,0.0,0.0,0.0,5.454036712646484,5.001986026763916,0.4998939335346222,3.107408285140991,13.069908142089844,0.9999804496765137,0.4801768660545349,0.2744138240814209,4.0,0.2487475872039795,0.3306238651275635,0.0,0.00010121457489878542,142.74159240722656,142.0174102783203,0.005073378520538257,,0.13499316573143005,0.7700291872024536,,0.08608780056238174,,,,,,,0.12524616718292236,0.7921464443206787,,0.08260736614465714,,,,,,,,,,,,,,,,,,,,,,,,,,,,,,,,,,,,,,,,,,,,,,
805,1.3895270653717276e-06,1.3895270653717276e-05,1.0,22.39913692989865,5.231467169684333,29.89403637035473,3.68719482421875,3.68719482421875,3.68719482421875,0.0,0.0,0.319982064736856,2.261434812803526,0.12145904592565589,2.13216647586307,0.06102851919225744,0.01801507215242128,0.0,1.302332388388144,0.0,0.0,0.0,0.0,0.0,0.0,0.0,0.0,6.368772506713867,4.564357280731201,0.4998939335346222,2.854304313659668,11.446622848510742,1.0,0.4618820548057556,0.25913289189338684,3.493743658065796,0.25248295068740845,0.3237472176551819,0.0,0.0,504.572265625,503.91973876953125,0.0012932277493700186,,0.13980090618133545,0.7707288861274719,,0.08273009955883026,,,,,,,0.1298218071460724,0.7895361185073853,,0.08064211905002594,,,,,,108.41881766686073,162.32043492742739,0.2954430329517838,43.370661431616476,108.41881882689394,171.01872559997727,227.00219116488694,278.35796685553186,34.58639417375837,93.6800063968629,160.98693980341372,0.8663975570619113,0.6001088834123933,0.061410465029984464,0.03700663391304078,0.0,0.5607309607912191,0.6057777502581027,0.352853298640004,0.0,0.0,0.0,0.0,0.0,0.6553833744870058,0.8942325308709831,0.980543036165769,0.9942471877175626,0.3942325308709831,0.18054303616576894,0.04424718771756264,0.19632845993184567,0.0,0.6318681318681318,0.3516483516483517,0.5467032967032966,1.5958177111633531,1.5744905165591083,1.56098449246569,-7.985036849975586,0.0003404619637876749
806,1.3807642277609055e-06,1.3807642277609053e-05,1.0,24.651716902449323,5.255130252322635,34.362433356207774,3.699836112357475,3.699836112357475,3.699836112357475,0.0,0.0,0.3208330773018502,2.2434444942989864,0.12247126811259501,2.1203586475269214,0.05918011794219146,0.017572232194848963,0.0,1.309012748099662,0.0,0.0,0.0,0.0,0.0,0.0,0.0,0.0,10.007246971130371,3.7289013862609863,0.4998939335346222,2.1524388790130615,9.639022827148438,0.9998836517333984,0.4157690405845642,0.2857247292995453,4.0,0.25053033232688904,0.3116063177585602,0.0,0.0005060728744939271,985.5618286132812,985.7555541992188,-0.0001965636049542203,,0.13653133809566498,0.7735844850540161,,0.08452718704938889,,,,,,,0.131271630525589,0.7865676879882812,,0.08216069638729095,,,,,,,,,,,,,,,,,,,,,,,,,,,,,,,,,,,,,,,,,,,,,,
807,1.372040353311355e-06,1.3720403533113548e-05,1.0,21.379844871727197,5.177662205051732,27.9334155933277,3.675777950802365,3.675777950802365,3.675777950802365,0.0,0.0,0.32056375451990077,2.251745069349134,0.1226364599691855,2.139019115551098,0.05913526947433884,0.020284203258720605,0.0,1.3043944900100295,0.0,0.0,0.0,0.0,0.0,0.0,0.0,0.0,3.9059250354766846,5.169410228729248,0.4998939335346222,3.4648728370666504,12.158723831176758,0.999376118183136,0.46994680166244507,0.27744168043136597,4.0,0.24552631378173828,0.3409779965877533,0.0,0.0008097165991902834,177.07589721679688,176.8380584716797,0.0013431457858208546,,0.13045023381710052,0.7718011140823364,,0.08585942536592484,,,,,,,0.12153638899326324,0.7953429222106934,,0.0831206738948822,,,,,,,,,,,,,,,,,,,,,,,,,,,,,,,,,,,,,,,,,,,,,,
808,1.3633555298723917e-06,1.3633555298723915e-05,1.0,22.184111724028718,5.212699271537162,29.44902079814189,3.70516637853674,3.70516637853674,3.70516637853674,0.0,0.0,0.32050671448578705,2.2609362215609163,0.12340911659034523,2.1332688202729098,0.058063616623749606,0.01813771273638751,0.0,1.2979771382099874,0.0,0.0,0.0,0.0,0.0,0.0,0.0,0.0,4.738412380218506,5.52674674987793,0.4998939335346222,3.6991591453552246,13.858603477478027,0.9998517632484436,0.46378517150878906,0.25306931138038635,4.0,0.25128722190856934,0.328081876039505,0.0,0.0003036437246963563,118.85474395751953,118.62438201904297,0.0019381804276899315,,0.1387958526611328,0.7681026458740234,,0.08436321467161179,,,,,,,0.12759512662887573,0.7903146743774414,,0.08209019899368286,,,,,,,,,,,,,,,,,,,,,,,,,,,,,,,,,,,,,,,,,,,,,,
809,1.3547098449000922e-06,1.3547098449000922e-05,1.0,23.088050636085303,5.284002355627112,31.152673669763512,3.7190778577649914,3.7190778577649914,3.7190778577649914,0.0,0.0,0.32011039836986643,2.2651488845412797,0.12186326207341375,2.137467049263619,0.05939024203532451,0.02094815550623713,0.0,1.300722276842272,0.0,0.0,0.0,0.0,0.0,0.0,0.0,0.0,6.168234825134277,4.079447269439697,0.4998939335346222,3.002992868423462,9.41573429107666,0.9999023675918579,0.44460606575012207,0.2921552062034607,4.0,0.24801751971244812,0.3243691325187683,0.0,0.0005060728744939271,500.90948486328125,500.95428466796875,-8.943692631359876e-05,,0.13204696774482727,0.7793282270431519,,0.08276860415935516,,,,,,,0.12493595480918884,0.7938472032546997,,0.08121684193611145,,,,,,,,,,,,,,,,,,,,,,,,,,,,,,,,,,,,,,,,,,,,,,
810,1.3461033854564104e-06,1.3461033854564104e-05,1.0,21.635527739653718,5.234128797376478,28.255150047508447,3.754188331397804,3.754188331397804,3.754188331397804,0.0,0.0,0.32147314741804794,2.2380808237436653,0.12213929923805031,2.1006640872439823,0.057034634255074164,0.019271729765711603,0.0,1.2918276400179476,0.0,0.0,0.0,0.0,0.0,0.0,0.0,0.0,5.724851131439209,4.840103626251221,0.4998939335346222,3.089254140853882,11.647343635559082,1.0,0.42700257897377014,0.26645681262016296,3.9054770469665527,0.24836465716362,0.317497581243515,0.0,0.0,210.5580596923828,210.19276428222656,0.0017348916051464973,,0.13353899121284485,0.7739946246147156,,0.0867469534277916,,,,,,,0.12570688128471375,0.7902220487594604,,0.08407104015350342,,,,,,106.13992007748111,157.37816895993356,0.29231522212575295,36.43254827143072,106.13992117095256,168.13905730587138,223.58617049782316,274.7561886213567,38.766168866838726,91.73580370762552,156.78659986413044,0.8732695869434579,0.592945160724269,0.05996089519564341,0.04217205011989078,0.0,0.5503391729139459,0.5978717275391189,0.34896593246290464,0.0,0.0,0.0,0.0,0.0,0.6545773074248485,0.8950936206075263,0.9802865413506284,0.9941372613682167,0.3950936206075263,0.18028654135062838,0.04413726136821672,0.19647502839764025,0.0,0.6153846153846154,0.36813186813186816,0.5521978021978022,1.5793689454977329,1.5574924719857646,1.5435914128691286,-7.984941005706787,0.0003404945891816169
811,1.3375362382082948e-06,1.3375362382082947e-05,1.0,21.86414234058277,5.3144197206239445,28.65306957347973,3.735469508815456,3.735469508815456,3.735469508815456,0.0,0.0,0.3203918353931324,2.2522345877982475,0.12310641520732157,2.1214259379618876,0.058355015677374764,0.02352902534845713,0.0,1.2996002403465476,0.0,0.0,0.0,0.0,0.0,0.0,0.0,0.0,3.818135976791382,5.259034633636475,0.4998939335346222,3.581848621368408,13.018954277038574,0.999911367893219,0.4709007143974304,0.27114343643188477,4.0,0.24353136122226715,0.3415936231613159,0.0,0.0003036437246963563,91.93667602539062,91.37333679199219,0.0061274700995591486,,0.12584292888641357,0.7807189226150513,,0.08498898893594742,,,,,,,0.11734996736049652,0.800554633140564,,0.0820954218506813,,,,,,,,,,,,,,,,,,,,,,,,,,,,,,,,,,,,,,,,,,,,,,
812,1.3290084894268234e-06,1.3290084894268234e-05,1.0,23.03003754486909,5.252967628272804,31.106903900971282,3.703358418232686,3.703358418232686,3.703358418232686,0.0,0.0,0.32054419130892364,2.2630602862383866,0.12199155704395191,2.1141027502111487,0.060206645243876686,0.022655656208863128,0.0,1.306767953408731,0.0,0.0,0.0,0.0,0.0,0.0,0.0,0.0,3.9810128211975098,4.712530612945557,0.4998939335346222,3.337019681930542,11.26696491241455,0.999515950679779,0.46891987323760986,0.25908225774765015,4.0,0.24414309859275818,0.33885475993156433,0.0,0.0009109311740890688,60.958946228027344,60.655677795410156,0.004974961861754634,,0.12801656126976013,0.7746404409408569,,0.08568805456161499,,,,,,,0.1183626726269722,0.7992048263549805,,0.08243250846862793,,,,,,,,,,,,,,,,,,,,,,,,,,,,,,,,,,,,,,,,,,,,,,
813,1.320520224986334e-06,1.3205202249863341e-05,1.0,22.457278689822637,5.2985551163956925,29.81748508762669,3.757986120275549,3.757986120275549,3.757986120275549,0.0,0.0,0.32235019271438187,2.247809126570418,0.12277382773322028,2.106775438463366,0.05750393867492676,0.02282121535894033,0.0,1.2945569012616132,0.0,0.0,0.0,0.0,0.0,0.0,0.0,0.0,7.89328670501709,4.564263820648193,0.4998939335346222,2.8473448753356934,11.377533912658691,0.9997768998146057,0.4595225751399994,0.28521308302879333,4.0,0.2478068321943283,0.32725557684898376,0.0,0.0006072874493927126,614.6400756835938,614.4849243164062,0.00025242637655044364,,0.13397076725959778,0.7688742876052856,,0.0877312645316124,,,,,,,0.12588313221931458,0.7912718057632446,,0.08284501731395721,,,,,,,,,,,,,,,,,,,,,,,,,,,,,,,,,,,,,,,,,,,,,,
814,1.3120715303635522e-06,1.3120715303635522e-05,1.0,24.017513790646113,5.426260046056799,32.87029204497466,3.7359631512616134,3.7359631512616134,3.7359631512616134,0.0,0.0,0.31945238886652766,2.229791795885241,0.12440626041309254,2.094179514292124,0.057097898947226035,0.017925296280835126,0.0,1.3015889348210514,0.0,0.0,0.0,0.0,0.0,0.0,0.0,0.0,6.259741306304932,5.2484588623046875,0.4998939335346222,3.1997923851013184,13.804574012756348,0.9998862147331238,0.44526004791259766,0.29122382402420044,4.0,0.24674955010414124,0.32854464650154114,0.0,0.0005060728744939271,424.8311767578125,424.672607421875,0.00037325258741049765,,0.1321847140789032,0.7707732915878296,,0.08739221841096878,,,,,,,0.12500295042991638,0.7913870215415955,,0.08361001312732697,,,,,,,,,,,,,,,,,,,,,,,,,,,,,,,,,,,,,,,,,,,,,,
815,1.3036624906367407e-06,1.3036624906367406e-05,1.0,23.752025707347972,5.239266060494088,32.532084697001686,3.7220970360008447,3.7220970360008447,3.7220970360008447,0.0,0.0,0.3203170363967483,2.24934552166913,0.12270536938229122,2.1142941036739864,0.06141257286071777,0.024207128060830606,0.0,1.295193337105416,0.0,0.0,0.0,0.0,0.0,0.0,0.0,0.0,6.913112640380859,5.0161004066467285,0.4998939335346222,2.826565742492676,12.89494514465332,0.9998277425765991,0.4415897727012634,0.2918136417865753,4.0,0.24727657437324524,0.3254205286502838,0.0,0.0004048582995951417,419.3248291015625,419.3702392578125,-0.00010829350684359653,,0.13256792724132538,0.7720075249671936,,0.08749214559793472,,,,,,,0.12589031457901,0.7896710634231567,,0.08443860709667206,,,,,,110.12265106871888,162.07034518092567,0.3033042589819349,49.59038543701172,110.1226531707601,171.58523935630967,227.2975294165594,278.8965954744198,41.85888235909598,94.46183895140655,164.42898028829822,0.8719440102109203,0.6194213904981294,0.07129648683965709,0.03553309954909383,0.0,0.5830233922669283,0.6282976659275887,0.3808864022658868,0.0,0.0,0.0,0.0,0.0,0.6566160909090769,0.8922172144663075,0.9817705470667986,0.9947784984060679,0.39221721446630753,0.18177054706679852,0.04477849840606796,0.19986442416914002,0.0,0.6428571428571429,0.34615384615384615,0.5421245421245422,1.593356714962603,1.5727375801447983,1.5597134584581458,-7.984884738922119,0.0003405137686058879
816,1.2952931904848366e-06,1.2952931904848364e-05,1.0,23.02096310177365,5.325593278214738,30.96852565456081,3.7295523978568412,3.7295523978568412,3.7295523978568412,0.0,0.0,0.31998977145633184,2.258738543536212,0.12284050761042414,2.1162410426784204,0.05897780366846033,0.019652914356540988,0.0,1.2928448238888302,0.0,0.0,0.0,0.0,0.0,0.0,0.0,0.0,5.799997329711914,4.184293270111084,0.4998939335346222,2.3047239780426025,10.984491348266602,1.0,0.38983848690986633,0.2665725350379944,3.6823458671569824,0.24855981767177582,0.30977147817611694,0.0,0.0,184.83651733398438,184.96340942382812,-0.0006865098502936323,,0.13296248018741608,0.777942955493927,,0.08484303206205368,,,,,,,0.1288837343454361,0.7882970571517944,,0.08281920105218887,,,,,,,,,,,,,,,,,,,,,,,,,,,,,,,,,,,,,,,,,,,,,,
817,1.2869637141865976e-06,1.2869637141865976e-05,1.0,23.179398820206927,5.3047720419394,31.328725453969593,3.714588886982686,3.714588886982686,3.714588886982686,0.0,0.0,0.3214346911456134,2.2620666091506547,0.12305794535456477,2.1260697648331925,0.05915818343291412,0.020234360888197616,0.0,1.2959831856392525,0.0,0.0,0.0,0.0,0.0,0.0,0.0,0.0,8.146364212036133,3.8632872104644775,0.4998939335346222,1.7148175239562988,10.814192771911621,0.9997727870941162,0.39525988698005676,0.31298828125,4.0,0.24678169190883636,0.3080054223537445,0.0,0.0004048582995951417,470.7306823730469,470.5428466796875,0.0003990300619718646,,0.1311059594154358,0.7759348154067993,,0.08565797656774521,,,,,,,0.1289486289024353,0.7871738076210022,,0.0838775783777237,,,,,,,,,,,,,,,,,,,,,,,,,,,,,,,,,,,,,,,,,,,,,,
818,1.2786741456197592e-06,1.2786741456197593e-05,1.0,20.68345848289696,5.279192950274493,26.36152442725929,3.7213225493559965,3.7213225493559965,3.7213225493559965,0.0,0.0,0.3208475112915039,2.25309774037954,0.12282340591018265,2.105108931257918,0.058114696193385766,0.021831860413422454,0.0,1.301926174679318,0.0,0.0,0.0,0.0,0.0,0.0,0.0,0.0,9.713447570800781,4.370113372802734,0.4998939335346222,2.139341354370117,11.513890266418457,0.9999034404754639,0.45603010058403015,0.2783411145210266,4.0,0.2553796172142029,0.31788548827171326,0.0,0.0003036437246963563,383.7313232421875,383.73931884765625,-2.0836468081871096e-05,,0.14553065598011017,0.7617777585983276,,0.08446662127971649,,,,,,,0.13939236104488373,0.778712272644043,,0.08189539611339569,,,,,,,,,,,,,,,,,,,,,,,,,,,,,,,,,,,,,,,,,,,,,,
819,1.2704245682601858e-06,1.2704245682601856e-05,1.0,22.44881954708615,5.188962369351773,29.968908361486488,3.724894755595439,3.724894755595439,3.724894755595439,0.0,0.0,0.32064971408328496,2.265894090807116,0.12288331985473633,2.108894141944679,0.058040715552665094,0.023247971728041366,0.0,1.2982112781421558,0.0,0.0,0.0,0.0,0.0,0.0,0.0,0.0,6.617670059204102,4.666265964508057,0.4998939335346222,2.902085542678833,11.35533332824707,0.9998921751976013,0.4935581684112549,0.29152166843414307,4.0,0.2513233423233032,0.341933935880661,0.0,0.0005060728744939271,271.16229248046875,270.76409912109375,0.0014684687746681483,,0.13891254365444183,0.768354594707489,,0.08182917535305023,,,,,,,0.12951555848121643,0.7911969423294067,,0.07928746938705444,,,,,,,,,,,,,,,,,,,,,,,,,,,,,,,,,,,,,,,,,,,,,,
820,1.2622150651810267e-06,1.2622150651810266e-05,1.0,23.172564532305742,5.35094555004223,31.19148872994088,3.765712428737331,3.765712428737331,3.765712428737331,0.0,0.0,0.32011387799237223,2.2443589906434753,0.12295118538109032,2.086557336755701,0.05684433112273345,0.024136174369502713,0.0,1.3011198301573057,0.0,0.0,0.0,0.0,0.0,0.0,0.0,0.0,7.171393871307373,5.257462978363037,0.4998939335346222,3.1043753623962402,13.304274559020996,0.9996579885482788,0.4526575207710266,0.26980215311050415,4.0,0.2432994246482849,0.3389076292514801,0.0,0.0009109311740890688,204.2847442626953,203.76638793945312,0.002537420623909238,,0.12607035040855408,0.7782341241836548,,0.08609191328287125,,,,,,,0.12050527334213257,0.7955631017684937,,0.08393155038356781,,,,,,110.70815272907635,165.92761764697755,0.30041153354780503,48.07031665005527,110.70815071992622,171.57227544029416,227.69243580001034,278.26782161949995,38.893926348005024,94.43986735972324,167.25833527938178,0.871639572762614,0.608332548794677,0.06749038692172792,0.03964562650096901,0.0,0.5665511127616017,0.6204653879864226,0.3783179041382132,0.0,0.0,0.0,0.0,0.0,0.6571208830287079,0.8929500567952805,0.9808911362720311,0.994613608882049,0.3929500567952805,0.18089113627203102,0.044613608882049016,0.19781246564801583,0.0,0.6758241758241759,0.3131868131868132,0.5540293040293041,1.5931756563566544,1.5719522367139438,1.5585441022783846,-7.984849452972412,0.00034052575938403606
821,1.254045719051889e-06,1.254045719051889e-05,1.0,22.16120209565034,5.1476469297666805,29.46352077174831,3.7095077102248735,3.7095077102248735,3.7095077102248735,0.0,0.0,0.32022092149064346,2.2625777785842485,0.12260051675744958,2.118995460304054,0.05849827946843328,0.021974665087622566,0.0,1.2976382487529032,0.0,0.0,0.0,0.0,0.0,0.0,0.0,0.0,6.1332316398620605,4.659252166748047,0.4998939335346222,2.8100523948669434,11.695206642150879,0.99964839220047,0.4570046365261078,0.2752574682235718,4.0,0.24697376787662506,0.33675244450569153,0.0,0.0010121457489878543,255.401611328125,254.88101196289062,0.002038355837017565,,0.13212426006793976,0.7727290391921997,,0.08524816483259201,,,,,,,0.12602652609348297,0.7922365069389343,,0.0817369669675827,,,,,,,,,,,,,,,,,,,,,,,,,,,,,,,,,,,,,,,,,,,,,,
822,1.2459166121379979e-06,1.2459166121379978e-05,1.0,21.46301434491132,5.089465991870777,28.131608292863177,3.7159724879909204,3.7159724879909204,3.7159724879909204,0.0,0.0,0.31916644122149496,2.2391786317567566,0.12228286588514173,2.0936064849028715,0.06032502973401869,0.020059641954061146,0.0,1.2992641345874683,0.0,0.0,0.0,0.0,0.0,0.0,0.0,0.0,6.426362037658691,4.072131633758545,0.4998939335346222,2.126323699951172,10.481474876403809,0.9991613030433655,0.4361174702644348,0.27804672718048096,4.0,0.2490687370300293,0.32349979877471924,0.0,0.001417004048582996,258.328369140625,258.18988037109375,0.0005360958612170911,,0.13491450250148773,0.7728296518325806,,0.0828651711344719,,,,,,,0.12879543006420135,0.7892292737960815,,0.0819753110408783,,,,,,,,,,,,,,,,,,,,,,,,,,,,,,,,,,,,,,,,,,,,,,
823,1.2378278262993691e-06,1.237827826299369e-05,1.0,23.21216480152027,5.3932037353515625,31.296261349239863,3.729556109454181,3.729556109454181,3.729556109454181,0.0,0.0,0.32113629418450435,2.240796269597234,0.12374527389938766,2.1032077686206714,0.05683237797505147,0.02094641569498423,0.0,1.2914409121951542,0.0,0.0,0.0,0.0,0.0,0.0,0.0,0.0,2.622286796569824,6.646334171295166,0.4998939335346222,4.970475673675537,15.642631530761719,0.9997724890708923,0.4290536642074585,0.26023736596107483,4.0,0.24095579981803894,0.33385396003723145,0.0,0.0006072874493927126,30.705944061279297,30.39124298095703,0.010248865160902475,,0.1232956275343895,0.7766329050064087,,0.08879449218511581,,,,,,,0.11519365012645721,0.7994090914726257,,0.08539722859859467,,,,,,,,,,,,,,,,,,,,,,,,,,,,,,,,,,,,,,,,,,,,,,
824,1.2297794429899846e-06,1.2297794429899846e-05,1.0,21.615442224451012,5.048162099477407,28.45402568095439,3.727121301599451,3.727121301599451,3.727121301599451,0.0,0.0,0.31982504354940877,2.2435498624234587,0.12353038787841797,2.092515275285051,0.05885901322235932,0.022510713822132832,0.0,1.2987521403544657,0.0,0.0,0.0,0.0,0.0,0.0,0.0,0.0,6.290024757385254,4.42592191696167,0.4998939335346222,2.599508285522461,11.203322410583496,0.9999312162399292,0.3973788917064667,0.27588507533073425,4.0,0.24596376717090607,0.3155421018600464,0.0,0.0003036437246963563,372.56317138671875,372.51702880859375,0.0001238516892403845,,0.12910836935043335,0.7806235551834106,,0.08269056677818298,,,,,,,0.12412379682064056,0.7946892976760864,,0.0811869204044342,,,,,,,,,,,,,,,,,,,,,,,,,,,,,,,,,,,,,,,,,,,,,,
825,1.2217715432569768e-06,1.2217715432569768e-05,1.0,21.94213207347973,5.1911027238175675,28.91444190772804,3.7566775760135136,3.7566775760135136,3.7566775760135136,0.0,0.0,0.32133053444527293,2.2346469776050464,0.12372659992527317,2.082079706965266,0.05665244282902898,0.019291777868528624,0.0,1.3016056370090794,0.0,0.0,0.0,0.0,0.0,0.0,0.0,0.0,4.418964862823486,5.121914863586426,0.4998939335346222,3.6578478813171387,11.80767822265625,0.9999285340309143,0.4281858801841736,0.2590242326259613,4.0,0.2448379546403885,0.3323611915111542,0.0,0.0003036437246963563,95.32664489746094,95.0933837890625,0.002446966518640692,,0.12816694378852844,0.7781223058700562,,0.08426399528980255,,,,,,,0.12090343236923218,0.7969006299972534,,0.0821959599852562,,,,,,111.44786008897718,167.35807243317552,0.30311215672632796,53.00894110543387,111.44786016501133,174.16609809425682,229.01374490607782,280.1471111163009,37.59311894008091,95.10760687303173,168.51037863026494,0.8732717961303309,0.609548824810591,0.06739249329361742,0.04004186549733025,0.0,0.5697065363279182,0.6186369266534524,0.37452548358577936,0.0,0.0,0.0,0.0,0.0,0.6571207694042721,0.8926019566890183,0.9806896046315635,0.9945769667656004,0.3926019566890183,0.18068960463156347,0.04457696676560041,0.19751932871642666,0.0,0.6758241758241759,0.3076923076923077,0.5476190476190476,1.607546830570305,1.5860512453121143,1.5724069967374696,-7.985062599182129,0.0003404532035347074
826,1.2138042077398073e-06,1.2138042077398072e-05,1.0,21.05480132231841,5.086711574245143,27.36632475981841,3.682292216532939,3.682292216532939,3.682292216532939,0.0,0.0,0.3206805925111513,2.265588296426309,0.12221563184583509,2.1139014991554053,0.05785382760537637,0.022392232675810118,0.0,1.3049872114851668,0.0,0.0,0.0,0.0,0.0,0.0,0.0,0.0,8.61524486541748,4.602685451507568,0.4998939335346222,2.92484712600708,11.313265800476074,0.9998984932899475,0.4735853374004364,0.2732398509979248,4.0,0.2510526776313782,0.3312617540359497,0.0,0.00020242914979757084,559.7631225585938,559.4396362304688,0.000577898605835969,,0.13837671279907227,0.7683878540992737,,0.08536256104707718,,,,,,,0.13049940764904022,0.7878302335739136,,0.08167033642530441,,,,,,,,,,,,,,,,,,,,,,,,,,,,,,,,,,,,,,,,,,,,,,
827,1.205877516669455e-06,1.2058775166694548e-05,1.0,22.173234269425677,5.18907660406989,29.44393013619088,3.7130069217166386,3.7130069217166386,3.7130069217166386,0.0,0.0,0.32074209161706874,2.257430824073585,0.12263920500471785,2.1109447994747677,0.05798205169471535,0.02197808027267456,0.0,1.302583952207823,0.0,0.0,0.0,0.0,0.0,0.0,0.0,0.0,4.116715908050537,5.536470413208008,0.4998939335346222,3.548771619796753,13.6171236038208,0.999765157699585,0.47112488746643066,0.303959459066391,4.0,0.24198134243488312,0.35178154706954956,0.0,0.0011133603238866396,69.85051727294922,69.41374969482422,0.0062528896732185766,,0.12396632879972458,0.7804179191589355,,0.0841083899140358,,,,,,,0.11755624413490295,0.8010472059249878,,0.08139654994010925,,,,,,,,,,,,,,,,,,,,,,,,,,,,,,,,,,,,,,,,,,,,,,
828,1.1979915498676116e-06,1.1979915498676114e-05,1.0,21.575802364864863,5.238264754011825,28.16648411106419,3.7324853845544763,3.7324853845544763,3.7324853845544763,0.0,0.0,0.32126808166503906,2.243124265928526,0.12327293447546057,2.1051283140440247,0.059946653005239124,0.020782987813691835,0.0,1.3048029719172298,0.0,0.0,0.0,0.0,0.0,0.0,0.0,0.0,6.366645336151123,4.9069108963012695,0.4998939335346222,3.0473055839538574,12.39853286743164,1.0000650882720947,0.47004958987236023,0.25,4.0,0.254971981048584,0.31953275203704834,0.0025303643724696357,0.00010121457489878542,266.5167236328125,265.9920349121094,0.0019686896700186187,,0.14413781464099884,0.7657267451286316,,0.08337543904781342,,,,,,,0.1321791559457779,0.7882462739944458,,0.07957455515861511,,,,,,,,,,,,,,,,,,,,,,,,,,,,,,,,,,,,,,,,,,,,,,
829,1.1901463867458762e-06,1.1901463867458762e-05,1.0,21.98802391258446,5.207970696526605,28.97669116870777,3.7532175424936653,3.7532175424936653,3.7532175424936653,0.0,0.0,0.32162290006070526,2.2415458060599662,0.12384115683065879,2.1123481956688135,0.05950752464500633,0.02027369673187668,0.0,1.314139701224662,0.0,0.0,0.0,0.0,0.0,0.0,0.0,0.0,5.502261161804199,4.9859514236450195,0.4998939335346222,2.683990716934204,12.993551254272461,0.9998725652694702,0.43347468972206116,0.2834015190601349,4.0,0.24209564924240112,0.3278198540210724,0.0,0.0006072874493927126,272.2757568359375,271.8660583496094,0.0015047189330741368,,0.12420876324176788,0.7792261838912964,,0.08770613372325897,,,,,,,0.11869844794273376,0.7966492176055908,,0.08465234935283661,,,,,,,,,,,,,,,,,,,,,,,,,,,,,,,,,,,,,,,,,,,,,,
830,1.1823421063049528e-06,1.1823421063049526e-05,1.0,21.229808910472972,5.184779399150127,27.52317851298564,3.733872697160051,3.733872697160051,3.733872697160051,0.0,0.0,0.3212438274074245,2.2468399872650973,0.12100597330041833,2.117487108385241,0.05734287725912558,0.017695465603390255,0.0,1.3009146613043707,0.0,0.0,0.0,0.0,0.0,0.0,0.0,0.0,5.0817670822143555,4.8979668617248535,0.4998939335346222,2.8851311206817627,12.522643089294434,0.9992594718933105,0.47586140036582947,0.25220993161201477,4.0,0.24623124301433563,0.34392786026000977,0.0,0.0010121457489878543,167.48890686035156,167.32302856445312,0.000990383775307239,,0.13108539581298828,0.7731335759162903,,0.08505036681890488,,,,,,,0.12148027122020721,0.7958585023880005,,0.08266124129295349,,,,,,103.66718187436953,154.45213852219598,0.28431365620524257,30.45165516779973,103.66718313724381,166.913544346566,222.42215537703402,274.43356388102796,40.58586120605469,87.00636841530023,159.98922928519872,0.8741416666265273,0.5863437319958101,0.0579236927316349,0.0468225574149296,0.0,0.5436782079580973,0.5889644235223122,0.3522903406523148,0.0,0.0,0.0,0.0,0.0,0.6553121431199107,0.8965043420907992,0.9800300465354879,0.993990692902422,0.3965043420907992,0.18003004653548782,0.04399069290242208,0.1937268696639918,0.0,0.5989010989010989,0.3956043956043956,0.5650183150183151,1.5729195722839335,1.551236174100048,1.537661313355624,-7.9849653244018555,0.0003404863236937672
831,1.1745787871338591e-06,1.174578787133859e-05,1.0,22.6702221019848,5.255464708482897,30.35030880489865,3.7266334327491553,3.7266334327491553,3.7266334327491553,0.0,0.0,0.3208364538244299,2.2555577046162374,0.12351213919149863,2.0944770606788428,0.059437893532417914,0.020916531214842927,0.0,1.3013237618111275,0.0,0.0,0.0,0.0,0.0,0.0,0.0,0.0,3.463440179824829,5.6877617835998535,0.4998939335346222,4.365063667297363,12.892434120178223,0.9999648332595825,0.44393837451934814,0.2580651342868805,4.0,0.24360868334770203,0.34071314334869385,0.0,0.00020242914979757084,179.168701171875,179.07212829589844,0.0005390052801907682,,0.12667527794837952,0.7773376703262329,,0.08613839000463486,,,,,,,0.11799640208482742,0.798522412776947,,0.08348119258880615,,,,,,,,,,,,,,,,,,,,,,,,,,,,,,,,,,,,,,,,,,,,,,
832,1.1668565074091346e-06,1.1668565074091345e-05,1.0,21.595190099767738,5.084381103515625,28.40697582347973,3.6972841829866976,3.6972841829866976,3.6972841829866976,0.0,0.0,0.32133782876504435,2.268757588154561,0.12249106329840583,2.1296898094383447,0.06148242306064915,0.023084835426227468,0.0,1.3083396086821686,0.0,0.0,0.0,0.0,0.0,0.0,0.0,0.0,11.085026741027832,4.489188194274902,0.4998939335346222,2.409440517425537,11.761645317077637,0.9995696544647217,0.442938894033432,0.26663491129875183,4.0,0.2494969666004181,0.32979539036750793,0.0,0.0009109311740890688,1034.777099609375,1034.6614990234375,0.00011171544671904592,,0.13580293953418732,0.7711488604545593,,0.08395173400640488,,,,,,,0.1286713182926178,0.7895451784133911,,0.0817834734916687,,,,,,,,,,,,,,,,,,,,,,,,,,,,,,,,,,,,,,,,,,,,,,
833,1.1591753448940473e-06,1.1591753448940474e-05,1.0,22.107885412267738,5.186417038376267,29.32628074852196,3.708764565957559,3.708764565957559,3.708764565957559,0.0,0.0,0.32057550791147593,2.254435771220439,0.12248554745235958,2.1042853690482475,0.060441068700841954,0.01956747512559633,0.0,1.3066864013671875,0.0,0.0,0.0,0.0,0.0,0.0,0.0,0.0,7.36798620223999,4.558396339416504,0.4998939335346222,2.6224560737609863,11.647343635559082,0.999474823474884,0.41066327691078186,0.29045215249061584,4.0,0.24305163323879242,0.32407793402671814,0.0,0.0011133603238866396,517.4880981445312,517.5283203125,-7.772578367109845e-05,,0.12522614002227783,0.7807583212852478,,0.08481280505657196,,,,,,,0.12083175778388977,0.7972305417060852,,0.08193770051002502,,,,,,,,,,,,,,,,,,,,,,,,,,,,,,,,,,,,,,,,,,,,,,
834,1.1515353769378208e-06,1.1515353769378208e-05,1.0,21.01563159839527,5.198809649493243,27.09973639410895,3.72141204009185,3.72141204009185,3.72141204009185,0.0,0.0,0.32123313079009186,2.2557544192752323,0.12341469687384528,2.1115285512563347,0.06020959003551586,0.01855619372548284,0.0,1.3127511514199746,0.0,0.0,0.0,0.0,0.0,0.0,0.0,0.0,5.258291244506836,4.917397499084473,0.4998939335346222,2.839015007019043,12.520204544067383,0.9997105002403259,0.5138130784034729,0.25,4.0,0.24636487662792206,0.35239142179489136,0.00010121457489878542,0.0013157894736842105,127.02517700195312,126.0535888671875,0.007648783947379865,,0.13198170065879822,0.7703145742416382,,0.08378449082374573,,,,,,,0.12248323857784271,0.7955749034881592,,0.08194181323051453,,,,,,,,,,,,,,,,,,,,,,,,,,,,,,,,,,,,,,,,,,,,,,
835,1.1439366804748486e-06,1.1439366804748486e-05,1.0,21.126984467377532,5.107281659100507,27.511022619298988,3.6668045456345015,3.6668045456345015,3.6668045456345015,0.0,0.0,0.32042567794387405,2.272161329114759,0.1232429839469291,2.129292668523015,0.05933260917663574,0.022104440508662043,0.0,1.3043987171069995,0.0,0.0,0.0,0.0,0.0,0.0,0.0,0.0,6.9081573486328125,4.784768581390381,0.4998939335346222,2.5386710166931152,12.867278099060059,0.9993610978126526,0.4430553615093231,0.2769288122653961,4.0,0.24110744893550873,0.3326433002948761,0.0,0.001417004048582996,512.9708251953125,512.5250244140625,0.0008690567949556631,,0.1231052428483963,0.7785374522209167,,0.08760478347539902,,,,,,,0.11662191897630692,0.7985913753509521,,0.08478672802448273,,,,,,109.97585273574997,164.3271196387028,0.30404839607043255,52.777334339016086,109.97585344203726,172.4562482605473,227.91399326279696,280.3979060250417,41.384151458740234,93.92910861229711,165.41437231976053,0.8722008448369365,0.6096483036267523,0.06824369338472004,0.03992811949056911,0.0,0.5738165233348025,0.6166892744254878,0.36797200331384405,0.0,0.0,0.0,0.0,0.0,0.6567093377236878,0.8937928254735994,0.9810193836796013,0.9945769667656004,0.3937928254735994,0.18101938367960124,0.04457696676560041,0.19605364405848083,0.0,0.6593406593406593,0.3241758241758242,0.5384615384615384,1.6015201063601525,1.5808472129014821,1.567743135350091,-7.984881401062012,0.0003405149036552757
836,1.1363793320239162e-06,1.1363793320239161e-05,1.0,23.485701277449323,5.22969591295397,31.97713985958615,3.738748498865076,3.738748498865076,3.738748498865076,0.0,0.0,0.32049921396616343,2.260980760728991,0.12364776714428051,2.1063143755938554,0.05730301625019795,0.022804231257052034,0.0,1.3077380206133868,0.0,0.0,0.0,0.0,0.0,0.0,0.0,0.0,6.993988513946533,4.189726829528809,0.4998939335346222,2.1540160179138184,11.247170448303223,0.9999485015869141,0.4113931953907013,0.2889854311943054,4.0,0.25120678544044495,0.31364840269088745,0.0,0.00020242914979757084,264.4267578125,264.4173278808594,3.5661790503484465e-05,,0.1383821964263916,0.7690489292144775,,0.08610398322343826,,,,,,,0.13264524936676025,0.7843562364578247,,0.08299848437309265,,,,,,,,,,,,,,,,,,,,,,,,,,,,,,,,,,,,,,,,,,,,,,
837,1.1288634076874412e-06,1.128863407687441e-05,1.0,24.04363848711993,5.27136601628484,33.0627540382179,3.726948918523015,3.726948918523015,3.726948918523015,0.0,0.0,0.32186997903359904,2.2622497146194047,0.12282366365999789,2.1283837395745353,0.058565391076577676,0.02288500199446807,0.0,1.3113890982962944,0.0,0.0,0.0,0.0,0.0,0.0,0.0,0.0,3.697249412536621,5.979244232177734,0.4998939335346222,3.6793437004089355,15.131775856018066,0.9994556903839111,0.47040945291519165,0.27350762486457825,4.0,0.24140049517154694,0.34536242485046387,0.0,0.0015182186234817814,189.72235107421875,189.22605895996094,0.0026158863805333336,,0.12439854443073273,0.7745250463485718,,0.0880504697561264,,,,,,,0.11596782505512238,0.8002244830131531,,0.08380767703056335,,,,,,,,,,,,,,,,,,,,,,,,,,,,,,,,,,,,,,,,,,,,,,
838,1.1213889831506987e-06,1.1213889831506987e-05,1.0,21.882137814083613,5.20900128338788,28.94355072846284,3.6567679740287162,3.6567679740287162,3.6567679740287162,0.0,0.0,0.31944705344535207,2.2664231996278503,0.12260966687589078,2.1294677321975297,0.05908101313822978,0.02009578170003118,0.0,1.3075416152541701,0.0,0.0,0.0,0.0,0.0,0.0,0.0,0.0,6.4717254638671875,3.6840648651123047,0.4998939335346222,2.049863815307617,9.124265670776367,0.9999504089355469,0.40887442231178284,0.25,4.0,0.24894589185714722,0.30755820870399475,0.00010121457489878542,0.0003036437246963563,252.45175170898438,252.45848083496094,-2.6655097185934957e-05,,0.1330449879169464,0.7801228761672974,,0.08294548839330673,,,,,,,0.12587708234786987,0.7928528785705566,,0.0812700167298317,,,,,,,,,,,,,,,,,,,,,,,,,,,,,,,,,,,,,,,,,,,,,,
839,1.1139561336810592e-06,1.1139561336810592e-05,1.0,21.615943702491553,5.210051253035262,28.32171795819257,3.70215874749261,3.70215874749261,3.70215874749261,0.0,0.0,0.3213140384570972,2.2705775080500423,0.12338136982273411,2.1120137395085514,0.059737218392861856,0.020392585445094754,0.0,1.3091920388711464,0.0,0.0,0.0,0.0,0.0,0.0,0.0,0.0,8.968326568603516,3.7187325954437256,0.4998939335346222,1.9046287536621094,9.452587127685547,0.9996932148933411,0.48724254965782166,0.2727086842060089,4.0,0.25283727049827576,0.33546924591064453,0.0,0.0008097165991902834,452.5877685546875,452.39447021484375,0.0004270958105231984,,0.14044807851314545,0.7706205248832703,,0.07946551591157913,,,,,,,0.13344675302505493,0.7888808846473694,,0.0776723325252533,,,,,,,,,,,,,,,,,,,,,,,,,,,,,,,,,,,,,,,,,,,,,,
840,1.1065649341272339e-06,1.1065649341272338e-05,1.0,22.892799171241553,5.506575713286528,30.52350678315034,3.7421260524440454,3.7421260524440454,3.7421260524440454,0.0,0.0,0.3188728899569125,2.236891462996199,0.12471535399153426,2.0995479274440454,0.05680076496021168,0.017764529666385136,0.0,1.30746789880701,0.0,0.0,0.0,0.0,0.0,0.0,0.0,0.0,8.410913467407227,4.074182510375977,0.4998939335346222,2.703721046447754,9.923660278320312,0.9998920559883118,0.487798810005188,0.27086007595062256,4.0,0.2518886625766754,0.33787256479263306,0.0,0.0006072874493927126,453.2904052734375,453.02691650390625,0.0005812802708063193,,0.13869786262512207,0.7725322842597961,,0.0811038613319397,,,,,,,0.12937361001968384,0.791684627532959,,0.07894179224967957,,,,,,113.92369169717307,171.0781909180933,0.3122319483747536,55.71791162595644,113.92369215521727,175.51376456269412,229.9383985209054,281.9054422762753,39.85970251900809,97.62618740584499,170.898169476053,0.8729787093527694,0.6050448387770478,0.06701130981285312,0.043212091084111066,0.0,0.564093516998673,0.611604148009451,0.3743479663558017,0.0,0.0,0.0,0.0,0.0,0.6550177215571514,0.8942142098127588,0.9812392363782932,0.9946319299402734,0.3942142098127588,0.1812392363782932,0.04463192994027343,0.19995602946026161,0.0,0.6648351648351648,0.3241758241758242,0.5512820512820512,1.6225790823553945,1.6013515978069095,1.5880165440695626,-7.9847798347473145,0.0003405494790058583
841,1.0992154589185216e-06,1.0992154589185216e-05,1.0,21.141949627850508,5.331001487938133,27.177439096811657,3.748698054133235,3.748698054133235,3.748698054133235,0.0,0.0,0.3193728730485246,2.248731870908995,0.12243482228871938,2.099873517010663,0.056781414392832165,0.024616107747361466,0.0,1.3059508864944045,0.0,0.0,0.0,0.0,0.0,0.0,0.0,0.0,5.7400221824646,4.556794166564941,0.4998939335346222,2.7950000762939453,11.244980812072754,0.9997250437736511,0.45388948917388916,0.25,4.0,0.24510923027992249,0.33470040559768677,0.0004048582995951417,0.000708502024291498,513.1051025390625,512.7560424804688,0.0006802895875843998,,0.12862108647823334,0.7775940895080566,,0.08462047576904297,,,,,,,0.11990572512149811,0.7987111806869507,,0.08138304948806763,,,,,,,,,,,,,,,,,,,,,,,,,,,,,,,,,,,,,,,,,,,,,,
842,1.0919077820640566e-06,1.0919077820640567e-05,1.0,21.8738452808277,5.263781160921664,28.735612199113177,3.72608081714527,3.72608081714527,3.72608081714527,0.0,0.0,0.321323807175095,2.2665764061180322,0.12206479665395376,2.119575912887986,0.059740176071991793,0.018253445625305176,0.0,1.3072586059570312,0.0,0.0,0.0,0.0,0.0,0.0,0.0,0.0,3.517420768737793,5.23267126083374,0.4998939335346222,3.453049659729004,12.695027351379395,0.9997512102127075,0.43130213022232056,0.25,4.0,0.24096639454364777,0.3379477262496948,0.0004048582995951417,0.0008097165991902834,62.19119644165039,62.11172866821289,0.0012777977910757674,,0.12181179970502853,0.7836402654647827,,0.08598585426807404,,,,,,,0.11382231116294861,0.8034006953239441,,0.08277702331542969,,,,,,,,,,,,,,,,,,,,,,,,,,,,,,,,,,,,,,,,,,,,,,
843,1.0846419771520613e-06,1.0846419771520613e-05,1.0,21.186818715688343,5.1162307326858105,27.478904930320947,3.745559279983108,3.745559279983108,3.745559279983108,0.0,0.0,0.3212545755747202,2.2535177694784627,0.12283408964002454,2.111162752718539,0.05818545496141588,0.021630345164118586,0.0,1.3101958197516363,0.0,0.0,0.0,0.0,0.0,0.0,0.0,0.0,11.117749214172363,3.657057285308838,0.4998939335346222,1.6600306034088135,10.584334373474121,1.0,0.45272350311279297,0.29843905568122864,3.880314826965332,0.2516447603702545,0.3124501705169678,0.0,0.0,755.2114868164062,754.91845703125,0.00038801023325468336,,0.1384945809841156,0.771573543548584,,0.0833456814289093,,,,,,,0.13345399498939514,0.785760223865509,,0.08078576624393463,,,,,,,,,,,,,,,,,,,,,,,,,,,,,,,,,,,,,,,,,,,,,,
844,1.0774181173491125e-06,1.0774181173491124e-05,1.0,22.363494048247468,5.1425199766416805,29.870447107263512,3.7162553941881336,3.7162553941881336,3.7162553941881336,0.0,0.0,0.32163070988010717,2.2532321826831714,0.12316197317999762,2.104210930901605,0.055522448307759056,0.02194372222230241,0.0,1.3017234802246094,0.0,0.0,0.0,0.0,0.0,0.0,0.0,0.0,7.445432662963867,4.253762722015381,0.4998939335346222,2.534954786300659,10.856517791748047,0.9984464049339294,0.46777084469795227,0.2654702961444855,4.0,0.24696731567382812,0.32521194219589233,0.0,0.0013157894736842105,686.485595703125,686.4327392578125,7.699570922294792e-05,,0.13259431719779968,0.7709334492683411,,0.08411191403865814,,,,,,,0.12382276356220245,0.7960095405578613,,0.08016766607761383,,,,,,,,,,,,,,,,,,,,,,,,,,,,,,,,,,,,,,,,,,,,,,
845,1.070236275399398e-06,1.070236275399398e-05,1.0,24.338096824852197,5.444905461491765,33.57478951119088,3.6742442363017314,3.6742442363017314,3.6742442363017314,0.0,0.0,0.31956002518937393,2.273373578045819,0.12158433811084644,2.1415759937183276,0.061361345084937846,0.02075644924833968,0.0,1.305600965345228,0.0,0.0,0.0,0.0,0.0,0.0,0.0,0.0,11.346920013427734,3.496929407119751,0.4998939335346222,1.4907689094543457,9.432306289672852,0.9995591640472412,0.44416818022727966,0.283279687166214,4.0,0.24990728497505188,0.3156681954860687,0.0,0.0010121457489878543,761.0478515625,760.6837768554688,0.0004783860913394233,,0.1361744999885559,0.7715380191802979,,0.08521973341703415,,,,,,,0.12927895784378052,0.788792073726654,,0.08192896842956543,,,,,,113.48283973106972,168.44051980444553,0.3122100590113875,54.59284050910028,113.48284172793812,173.61029067088384,229.30793214797293,281.0975898114811,41.98140934535435,97.31444040934245,169.70530767026156,0.8722416479482895,0.6008710462205037,0.06518898818088423,0.038839719664527456,0.0,0.5584874984153888,0.6138055846204062,0.3593108559046325,0.0,0.0,0.0,0.0,0.0,0.6536821793828107,0.8941958887545345,0.9810743468542743,0.9946868931149463,0.3941958887545345,0.18107434685427426,0.044686893114946336,0.2027041881939101,0.0,0.6758241758241759,0.31868131868131866,0.5531135531135531,1.6085218404020583,1.5879224275167172,1.5752297805233315,-7.984866142272949,0.000340520084137097
846,1.0630965236239857e-06,1.0630965236239857e-05,1.0,21.532040157833613,5.186532097893792,28.23252415012669,3.660891971072635,3.660891971072635,3.660891971072635,0.0,0.0,0.3201813826689849,2.3013027294262036,0.12251245653307116,2.150946127401816,0.060868488775717246,0.01938223355525249,0.0,1.3097755844528611,0.0,0.0,0.0,0.0,0.0,0.0,0.0,0.0,4.517122745513916,5.373205661773682,0.4998939335346222,3.124143600463867,13.858603477478027,1.0,0.48344486951828003,0.2618480622768402,3.9495420455932617,0.24220089614391327,0.34711676836013794,0.0,0.0,212.00289916992188,211.67689514160156,0.0015377338215503264,,0.12496717274188995,0.7765954732894897,,0.087565116584301,,,,,,,0.11641950160264969,0.7997856140136719,,0.08379486203193665,,,,,,,,,,,,,,,,,,,,,,,,,,,,,,,,,,,,,,,,,,,,,,
847,1.055998933920097e-06,1.0559989339200968e-05,1.0,22.31003714896537,5.338073318069045,29.58469040329392,3.6926933494774072,3.6926933494774072,3.6926933494774072,0.0,0.0,0.32148740098283096,2.285075213458087,0.12313876280913481,2.1340598029059334,0.060742803522058436,0.02266942971461528,0.0,1.3062233795990814,0.0,0.0,0.0,0.0,0.0,0.0,0.0,0.0,9.8421630859375,4.462742805480957,0.4998939335346222,2.644315242767334,11.446622848510742,0.9996611475944519,0.44635170698165894,0.28287389874458313,4.0,0.24682249128818512,0.32398274540901184,0.0,0.0005060728744939271,739.15576171875,739.078857421875,0.00010404342475282255,,0.13119307160377502,0.775702178478241,,0.08604620397090912,,,,,,,0.1253422498703003,0.7914262413978577,,0.08323153853416443,,,,,,,,,,,,,,,,,,,,,,,,,,,,,,,,,,,,,,,,,,,,,,
848,1.0489435777603821e-06,1.0489435777603822e-05,1.0,21.491092166385137,5.189152485615498,28.058636639569258,3.7176097148173564,3.7176097148173564,3.7176097148173564,0.0,0.0,0.3207478136629672,2.2648181399783573,0.12313050192755622,2.128378996977935,0.0589310478519749,0.022247809010583,0.0,1.3091911109718117,0.0,0.0,0.0,0.0,0.0,0.0,0.0,0.0,4.071091651916504,5.500458717346191,0.4998939335346222,3.700965642929077,13.432220458984375,0.999996542930603,0.4879986047744751,0.2912554144859314,4.0,0.24330317974090576,0.35266822576522827,0.0,0.00010121457489878542,147.78024291992188,147.59197998046875,0.0012739384895661568,,0.12582382559776306,0.7794005274772644,,0.08566632121801376,,,,,,,0.11631321161985397,0.800644040107727,,0.08304277062416077,,,,,,,,,,,,,,,,,,,,,,,,,,,,,,,,,,,,,,,,,,,,,,
849,1.0419305261921987e-06,1.0419305261921985e-05,1.0,22.12038112331081,5.1776535446579395,29.32541305954392,3.724041088207348,3.724041088207348,3.724041088207348,0.0,0.0,0.3206655141469595,2.2625814901815877,0.12187678105122335,2.108532055004223,0.0576995578972069,0.026342739930024017,0.0,1.3052561991923564,0.0,0.0,0.0,0.0,0.0,0.0,0.0,0.0,7.875871181488037,4.101757049560547,0.4998939335346222,2.359955310821533,10.52249813079834,0.9994494318962097,0.4837588369846344,0.27034199237823486,4.0,0.2490299642086029,0.3353440463542938,0.0,0.0016194331983805667,300.09185791015625,299.75201416015625,0.0011324657468772276,,0.1357312798500061,0.7685222625732422,,0.08564700931310654,,,,,,,0.12793734669685364,0.7898213863372803,,0.08224128186702728,,,,,,,,,,,,,,,,,,,,,,,,,,,,,,,,,,,,,,,,,,,,,,
850,1.0349598498368975e-06,1.0349598498368976e-05,1.0,21.98070629222973,5.465466061153927,28.72277172191723,3.7518504374736064,3.7518504374736064,3.7518504374736064,0.0,0.0,0.3225815231735642,2.2307471198004647,0.12306253330127613,2.0947290368982263,0.05708892280991013,0.015554064028971904,0.0,1.3033387467667863,0.0,0.0,0.0,0.0,0.0,0.0,0.0,0.0,3.815171003341675,5.426371097564697,0.4998939335346222,3.6685800552368164,13.172416687011719,1.0,0.4528333246707916,0.2674129009246826,3.6770129203796387,0.24297896027565002,0.3314876854419708,0.0,0.0,80.40503692626953,80.1259536743164,0.0034709672754586387,,0.12553177773952484,0.7784231305122375,,0.08770988136529922,,,,,,,0.11656779050827026,0.7983092069625854,,0.08512303233146667,,,,,,109.23467191759046,164.474449146746,0.29594378358900947,43.73611144181136,109.23467365841793,171.61293229145076,227.22213737760808,278.66805500988653,36.57250213623047,92.8991813955381,166.10235595703125,0.8722139017599884,0.5962618477687847,0.061219663301324924,0.03916442938893074,0.0,0.5530660313785879,0.6058487592635068,0.3579563301364072,0.0,0.0,0.0,0.0,0.0,0.6548400973108862,0.8951485837821993,0.9805796782822176,0.9943204719504598,0.3951485837821993,0.18057967828221755,0.04432047195045985,0.20253929866989118,0.0,0.6318681318681318,0.3516483516483517,0.5503663003663004,1.6000882177562503,1.5783902614653766,1.5649898255264365,-7.984864234924316,0.00034052072442136705
851,1.028031618889114e-06,1.028031618889114e-05,1.0,21.813818029455238,5.1824493408203125,28.70625263935811,3.7258432749155403,3.7258432749155403,3.7258432749155403,0.0,0.0,0.31999224585455815,2.2428458961280615,0.12196493148803711,2.123068938384185,0.05993973886644518,0.020468810120144405,0.0,1.304235097524282,0.0,0.0,0.0,0.0,0.0,0.0,0.0,0.0,5.004875659942627,4.751927852630615,0.4998939335346222,2.910600423812866,11.900286674499512,0.9971668124198914,0.4373440146446228,0.293911337852478,4.0,0.23837584257125854,0.33524003624916077,0.0,0.002327935222672065,242.75119018554688,242.19552612304688,0.002289027139579741,,0.12002509832382202,0.7777231335639954,,0.08290459960699081,,,,,,,0.11533059179782867,0.8026568293571472,,0.0820125862956047,,,,,,,,,,,,,,,,,,,,,,,,,,,,,,,,,,,,,,,,,,,,,,
852,1.0211459031160545e-06,1.0211459031160546e-05,1.0,21.826752533783782,5.185334076752534,28.766809411951012,3.704271058778505,3.704271058778505,3.704271058778505,0.0,0.0,0.32040240313555746,2.2549951914194466,0.12205181895075617,2.1248278231234163,0.05752546078449971,0.02577430654216457,0.0,1.3081141291437923,0.0,0.0,0.0,0.0,0.0,0.0,0.0,0.0,5.331789016723633,5.058246612548828,0.4998939335346222,3.601138114929199,12.113678932189941,0.9999502897262573,0.44205713272094727,0.2937124967575073,4.0,0.2450398951768875,0.3360275328159332,0.0,0.00020242914979757084,294.1827087402344,294.3157043457031,-0.0004520850529872106,,0.12783753871917725,0.7809087038040161,,0.08301921933889389,,,,,,,0.12000347673892975,0.7996499538421631,,0.08034653216600418,,,,,,,,,,,,,,,,,,,,,,,,,,,,,,,,,,,,,,,,,,,,,,
853,1.0143027718568013e-06,1.0143027718568014e-05,1.0,22.01139377903294,5.283646867081925,29.037762616131758,3.695140116923564,3.695140116923564,3.695140116923564,0.0,0.0,0.3198570560764622,2.28398627203864,0.12180872221250792,2.139127782873205,0.06031517724733095,0.0210213709521938,0.0,1.310070347141575,0.0,0.0,0.0,0.0,0.0,0.0,0.0,0.0,9.214641571044922,4.494970798492432,0.4998939335346222,2.5982394218444824,11.556703567504883,0.9995801448822021,0.4474196135997772,0.3219605088233948,4.0,0.2443917840719223,0.3339116871356964,0.0,0.0004048582995951417,704.7547607421875,704.6659545898438,0.000126010007013258,,0.12833072245121002,0.7747787833213806,,0.08515963703393936,,,,,,,0.12271179258823395,0.7945864200592041,,0.08270182460546494,,,,,,,,,,,,,,,,,,,,,,,,,,,,,,,,,,,,,,,,,,,,,,
854,1.007502294021612e-06,1.0075022940216119e-05,1.0,20.983992293074323,5.117683616844383,27.140898833403718,3.7180551064981,3.7180551064981,3.7180551064981,0.0,0.0,0.32173844930287954,2.2447988149282097,0.12466442262804187,2.092686008762669,0.055527416435447896,0.016130677751592687,0.0,1.3126512475915857,0.0,0.0,0.0,0.0,0.0,0.0,0.0,0.0,4.930037498474121,4.516761302947998,0.4998939335346222,3.2565360069274902,10.543069839477539,0.9997565746307373,0.44827938079833984,0.25511226058006287,4.0,0.2446981966495514,0.3345448076725006,0.0,0.000708502024291498,138.487060546875,137.9038848876953,0.004211047998829426,,0.12750443816184998,0.780717670917511,,0.08181729167699814,,,,,,,0.11930306255817413,0.7996135950088501,,0.08108337968587875,,,,,,,,,,,,,,,,,,,,,,,,,,,,,,,,,,,,,,,,,,,,,,
855,1.00074453809122e-06,1.0007445380912199e-05,1.0,22.202531144425677,5.18694408519848,29.493609454180742,3.707218479465794,3.707218479465794,3.707218479465794,0.0,0.0,0.32050671448578705,2.2883608019029773,0.12345379752081793,2.1297927031645902,0.06003284454345703,0.025187619634576747,0.0,1.3001792495315139,0.0,0.0,0.0,0.0,0.0,0.0,0.0,0.0,4.171011924743652,5.698723316192627,0.4998939335346222,3.768436908721924,13.96729850769043,0.9996752142906189,0.45237311720848083,0.25785303115844727,4.0,0.2405424863100052,0.3446101248264313,0.0,0.0008097165991902834,427.7156677246094,427.3640441894531,0.0008220964572722822,,0.12217684090137482,0.7793910503387451,,0.0876544639468193,,,,,,,0.11386970430612564,0.8012497425079346,,0.08488060534000397,,,,,,106.89697374616351,158.18985789556356,0.2966396017892894,45.51658714210594,106.89697394867096,170.01521329961915,226.14029867251352,278.0461913509532,41.61088671003069,91.96959355080774,158.69337927776834,0.8742274327742614,0.6051448302995167,0.06724537729596221,0.03934112624764811,0.0,0.5659540441458999,0.6155978773344696,0.3719480460056036,0.0,0.0,0.0,0.0,0.0,0.6548848573842813,0.8935180096002345,0.9812758784947418,0.9946502509984977,0.39351800960023453,0.1812758784947418,0.04465025099849773,0.20356527793045326,0.0,0.6593406593406593,0.32967032967032966,0.5485347985347985,1.5930664529512217,1.5720748226721208,1.5589130966217963,-7.985001087188721,0.0003404741291888058
856,9.940295721161552e-07,9.940295721161552e-06,1.0,21.40294915276605,5.252435220254434,27.84080051731419,3.707943890545819,3.707943890545819,3.707943890545819,0.0,0.0,0.32076031452900655,2.270376256994299,0.12295328604208457,2.1198526330896326,0.05823326755214382,0.02086689343323579,0.0,1.3084640502929688,0.0,0.0,0.0,0.0,0.0,0.0,0.0,0.0,5.120575904846191,4.756719589233398,0.4998939335346222,3.0637173652648926,11.877066612243652,0.9995560050010681,0.5040819048881531,0.266459196805954,4.0,0.24452289938926697,0.35155028104782104,0.0,0.000708502024291498,238.18753051757812,237.8317413330078,0.0014937355612075396,,0.1281251311302185,0.7767373919487,,0.08350173383951187,,,,,,,0.11852133274078369,0.7995406985282898,,0.08193796128034592,,,,,,,,,,,,,,,,,,,,,,,,,,,,,,,,,,,,,,,,,,,,,,
857,9.873574637160484e-07,9.873574637160486e-06,1.0,21.710742847339528,5.247499620592272,28.429100242820947,3.72494836755701,3.72494836755701,3.72494836755701,0.0,0.0,0.32227119239600927,2.2504332258894637,0.12163294972600164,2.127486564017631,0.06100227381732013,0.01924947145822886,0.0,1.304468618856894,0.0,0.0,0.0,0.0,0.0,0.0,0.0,0.0,4.0231194496154785,4.569192409515381,0.4998939335346222,2.851518154144287,11.244980812072754,0.9999455213546753,0.42249634861946106,0.2919536530971527,4.0,0.23907294869422913,0.3269583582878113,0.0,0.0003036437246963563,109.1848373413086,108.73052978515625,0.004160903356316699,,0.11868858337402344,0.7863941192626953,,0.08687135577201843,,,,,,,0.11234485357999802,0.8036054372787476,,0.08404973894357681,,,,,,,,,,,,,,,,,,,,,,,,,,,,,,,,,,,,,,,,,,,,,,
858,9.807282800789577e-07,9.807282800789577e-06,1.0,22.510468354096282,5.1506454880173145,30.105927338471282,3.7376090384818412,3.7376090384818412,3.7376090384818412,0.0,0.0,0.32079998222557277,2.25495044605152,0.12223455068227407,2.1171629622175887,0.05864013852299871,0.021430800089964997,0.0,1.2999096432247677,0.0,0.0,0.0,0.0,0.0,0.0,0.0,0.0,4.964210510253906,5.187267780303955,0.4998939335346222,3.7336368560791016,12.254085540771484,0.9998958110809326,0.419727623462677,0.25,4.0,0.2410765439271927,0.3302564322948456,0.0003036437246963563,0.0003036437246963563,167.07431030273438,167.216796875,-0.0008528335206498413,,0.12223010510206223,0.7816049456596375,,0.0899038314819336,,,,,,,0.11488457024097443,0.7990878820419312,,0.08602753281593323,,,,,,,,,,,,,,,,,,,,,,,,,,,,,,,,,,,,,,,,,,,,,,
859,9.74142087960688e-07,9.74142087960688e-06,1.0,23.642093142947637,5.261766175966005,32.28541688661318,3.7208944784628377,3.7208944784628377,3.7208944784628377,0.0,0.0,0.3201923112611513,2.2681721867741764,0.12230927235371358,2.1248152449324325,0.056227123415147934,0.022897142010766106,0.0,1.3026504516601562,0.0,0.0,0.0,0.0,0.0,0.0,0.0,0.0,6.414559841156006,3.9720418453216553,0.4998939335346222,2.556708812713623,9.599574089050293,0.9999592900276184,0.4622724652290344,0.27232804894447327,4.0,0.24475829303264618,0.33315563201904297,0.0,0.00020242914979757084,334.7532653808594,334.85546875,-0.00030530955097434224,,0.12731048464775085,0.7816711664199829,,0.08275744318962097,,,,,,,0.11980746686458588,0.7984764575958252,,0.08171603083610535,,,,,,,,,,,,,,,,,,,,,,,,,,,,,,,,,,,,,,,,,,,,,,
860,9.67598953684123e-07,9.67598953684123e-06,1.0,21.551855138830238,5.287124221389358,28.06158612225507,3.7324643521695524,3.7324643521695524,3.7324643521695524,0.0,0.0,0.32060929891225454,2.2569184174408785,0.1225930033503352,2.1219983487515837,0.056943094408189926,0.02095183005204072,0.0,1.3014623281118032,0.0,0.0,0.0,0.0,0.0,0.0,0.0,0.0,4.543378829956055,5.193963050842285,0.4998939335346222,3.24700927734375,12.968196868896484,1.000004529953003,0.4535108208656311,0.25,3.955185651779175,0.24116240441799164,0.3371357321739197,0.0004048582995951417,0.0,268.1024169921875,268.7631530761719,-0.00246449133654632,,0.12251199036836624,0.7813835740089417,,0.08755645155906677,,,,,,,0.11396019905805588,0.800834059715271,,0.08520570397377014,,,,,,104.39776768527189,155.6750461514997,0.2892494199624902,42.10008476592682,104.39776908373017,168.6260547092118,224.7033129468345,276.55308168003114,40.57939747401646,89.60259903308958,155.6000578507133,0.8747431900676538,0.6096095900928029,0.06730909362450666,0.03434796218611309,0.0,0.5729612725446321,0.6175219928071426,0.36838291687799085,0.0,0.0,0.0,0.0,0.0,0.6553414398940329,0.892748525154813,0.9813308416694149,0.9947601773478436,0.39274852515481296,0.18133084166941482,0.044760177347843655,0.20318053570774247,0.0,0.6428571428571429,0.34615384615384615,0.5448717948717948,1.5826035399030853,1.5615122020244598,1.5483373731047243,-7.9850544929504395,0.0003404559683986008
861,9.610989431385501e-07,9.610989431385501e-06,1.0,22.5855152027027,5.201404056033573,30.18646075274493,3.7474864238017314,3.7474864238017314,3.7474864238017314,0.0,0.0,0.3214371139938767,2.2547535251926734,0.12221206201089395,2.1200004783836572,0.05722335222605113,0.018333330347731307,0.0,1.2968996408823374,0.0,0.0,0.0,0.0,0.0,0.0,0.0,0.0,5.319797992706299,4.94093132019043,0.4998939335346222,3.1857619285583496,11.995957374572754,0.9999836087226868,0.42054373025894165,0.2730354070663452,4.0,0.242804154753685,0.3278246819972992,0.0,0.00010121457489878542,229.3491668701172,228.93077087402344,0.0018242751949070388,,0.12471397966146469,0.7814722657203674,,0.08534232527017593,,,,,,,0.1186714917421341,0.799088180065155,,0.08224034309387207,,,,,,,,,,,,,,,,,,,,,,,,,,,,,,,,,,,,,,,,,,,,,,
862,9.546421217790034e-07,9.546421217790033e-06,1.0,20.975392934438343,5.192876867345862,27.05267993823902,3.708767865155194,3.708767865155194,3.708767865155194,0.0,0.0,0.3203538430703653,2.2520116857580237,0.12241395744117531,2.1207258894636825,0.057400619661485824,0.02129592766632905,0.0,1.2997766443201013,0.0,0.0,0.0,0.0,0.0,0.0,0.0,0.0,7.390948295593262,4.053001403808594,0.4998939335346222,2.2789857387542725,10.1589937210083,0.9994984865188599,0.43260833621025085,0.25651928782463074,4.0,0.24626030027866364,0.3293066918849945,0.0,0.0013157894736842105,336.45166015625,336.26605224609375,0.0005516629344912511,,0.1302221268415451,0.7773340940475464,,0.08342520892620087,,,,,,,0.12505951523780823,0.7929385900497437,,0.0820019394159317,,,,,,,,,,,,,,,,,,,,,,,,,,,,,,,,,,,,,,,,,,,,,,
863,9.482285546256034e-07,9.482285546256033e-06,1.0,23.915014318517738,5.231649450353674,32.91853621199324,3.692460343644426,3.692460343644426,3.692460343644426,0.0,0.0,0.3210688926078178,2.258782876504434,0.12369323421168972,2.1242828369140625,0.059461387428077495,0.021397118632857863,0.0,1.3001418242583405,0.0,0.0,0.0,0.0,0.0,0.0,0.0,0.0,9.193196296691895,4.468681812286377,0.4998939335346222,2.165087938308716,12.182494163513184,0.9999701380729675,0.43967732787132263,0.25,4.0,0.24407534301280975,0.3224443197250366,0.00010121457489878542,0.00010121457489878542,729.114990234375,729.2907104492188,-0.0002410048033538091,,0.12760503590106964,0.7753968834877014,,0.08857866376638412,,,,,,,0.12252704054117203,0.7921838760375977,,0.08528903126716614,,,,,,,,,,,,,,,,,,,,,,,,,,,,,,,,,,,,,,,,,,,,,,
864,9.418583062629005e-07,9.418583062629005e-06,1.0,21.561633960620778,5.2238130311708195,28.1920726879223,3.725756258577914,3.725756258577914,3.725756258577914,0.0,0.0,0.3210620622377138,2.2143167031777873,0.12328479096696184,2.0768218169341215,0.05747710691915976,0.02033545680948206,0.0,1.3011249851536106,0.0,0.0,0.0,0.0,0.0,0.0,0.0,0.0,4.067505836486816,4.937028408050537,0.4998939335346222,3.202918767929077,12.447059631347656,0.9994462132453918,0.46632120013237,0.25,4.0,0.24072493612766266,0.3436271846294403,0.0011133603238866396,0.0011133603238866396,146.7618408203125,146.09974670410156,0.00451135058343654,,0.12241438031196594,0.7795472741127014,,0.08687608689069748,,,,,,,0.11421668529510498,0.8001317977905273,,0.08565152436494827,,,,,,,,,,,,,,,,,,,,,,,,,,,,,,,,,,,,,,,,,,,,,,
865,9.355314408392233e-07,9.355314408392233e-06,1.0,21.238696948902028,5.228468199033995,27.469404890730573,3.7408393653663428,3.7408393653663428,3.7408393653663428,0.0,0.0,0.3209940678364522,2.2676418407543286,0.12142440435048696,2.120789605218011,0.05988570161767908,0.025359235905312204,0.0,1.2969126314730257,0.0,0.0,0.0,0.0,0.0,0.0,0.0,0.0,4.140523910522461,5.483163356781006,0.4998939335346222,3.552239179611206,13.379852294921875,0.9999073147773743,0.4466680586338043,0.2764325737953186,4.0,0.24145075678825378,0.33481261134147644,0.0,0.0004048582995951417,115.71340942382812,115.67716979980469,0.00031318430771235146,,0.12354537099599838,0.7780138254165649,,0.09003008157014847,,,,,,,0.11516895890235901,0.7986462116241455,,0.08618484437465668,,,,,,108.15274802407066,160.37344806136105,0.2992357777987799,46.25775599217677,108.15274707486202,170.4806003364376,226.51139365572928,278.0339560390166,38.982649666922434,93.39518578107968,160.0639701511549,0.8725376892494495,0.5989274895233012,0.06329467083673083,0.03885394223432427,0.0,0.5585158789234799,0.6075619405289454,0.35769431650321126,0.0,0.0,0.0,0.0,0.0,0.653078087098535,0.8949836942581804,0.9812575574365175,0.9947052141731706,0.39498369425818036,0.1812575574365175,0.04470521417317064,0.2041515517936316,0.0,0.6318681318681318,0.3516483516483517,0.5357142857142857,1.5953092242662723,1.574142650588528,1.5608148748403068,-7.985012054443359,0.0003404704330023378
866,9.292480220660374e-07,9.292480220660373e-06,1.0,23.13298240867821,5.354948713972762,31.18840727934966,3.711926846890836,3.711926846890836,3.711926846890836,0.0,0.0,0.32069505227578654,2.2670906685494088,0.12274389009217958,2.128411576554582,0.059058008967219175,0.020475832191673485,0.0,1.3010586919011295,0.0,0.0,0.0,0.0,0.0,0.0,0.0,0.0,6.9465765953063965,4.947984218597412,0.4998939335346222,2.4593632221221924,13.750755310058594,0.999821662902832,0.500521719455719,0.29645636677742004,4.0,0.24290238320827484,0.3462296724319458,0.0,0.0003036437246963563,485.0550842285156,484.40814208984375,0.0013337498352395216,,0.12573941051959991,0.7769584059715271,,0.08843325078487396,,,,,,,0.11664584279060364,0.7991206645965576,,0.08423343300819397,,,,,,,,,,,,,,,,,,,,,,,,,,,,,,,,,,,,,,,,,,,,,,
867,9.230081132173008e-07,9.230081132173008e-06,1.0,22.579065271326012,5.227182749155405,30.16751346072635,3.741991610140414,3.741991610140414,3.741991610140414,0.0,0.0,0.3215282801035288,2.2476058135161527,0.12347303854452597,2.100315609493771,0.05762014517912994,0.022802939286103118,0.0,1.2959600912558067,0.0,0.0,0.0,0.0,0.0,0.0,0.0,0.0,4.921336650848389,4.58760929107666,0.4998939335346222,2.845954418182373,11.601935386657715,0.999933660030365,0.4663058817386627,0.2639932334423065,4.0,0.2503673732280731,0.3377125859260559,0.0,0.0004048582995951417,92.00990295410156,91.40998077392578,0.006520191424123639,,0.136305034160614,0.7743351459503174,,0.08141140639781952,,,,,,,0.1275143027305603,0.7917197942733765,,0.08076594769954681,,,,,,,,,,,,,,,,,,,,,,,,,,,,,,,,,,,,,,,,,,,,,,
868,9.168117771288248e-07,9.168117771288248e-06,1.0,20.91728251689189,5.225644498258023,26.87881057326858,3.722896266627956,3.722896266627956,3.722896266627956,0.0,0.0,0.3185709875983161,2.2628219192092485,0.12233463493553368,2.10307332631704,0.05903737609450881,0.021083664249729465,0.0,1.295655430974187,0.0,0.0,0.0,0.0,0.0,0.0,0.0,0.0,4.084372520446777,5.75252628326416,0.4998939335346222,3.6847376823425293,14.385351181030273,0.999911367893219,0.439024418592453,0.2698356807231903,4.0,0.24049082398414612,0.33100154995918274,0.0,0.00020242914979757084,208.62893676757812,208.32388305664062,0.0014621831260030018,,0.12131764739751816,0.7826892137527466,,0.08805762231349945,,,,,,,0.11304276436567307,0.801774799823761,,0.08518245816230774,,,,,,,,,,,,,,,,,,,,,,,,,,,,,,,,,,,,,,,,,,,,,,
869,9.106590761976455e-07,9.106590761976455e-06,1.0,21.213733569995778,5.217168859533362,27.53471580711571,3.693286792652027,3.693286792652027,3.693286792652027,0.0,0.0,0.3198850477063978,2.2593431215028503,0.12323626956424198,2.1188370988175675,0.057519590532457504,0.022380664541914657,0.0,1.2897672910948057,0.0,0.0,0.0,0.0,0.0,0.0,0.0,0.0,8.386589050292969,4.56725549697876,0.4998939335346222,2.8059394359588623,11.649611473083496,0.999529242515564,0.43658119440078735,0.25275713205337524,4.0,0.24400293827056885,0.3223766088485718,0.0,0.0005060728744939271,773.3145141601562,773.0489501953125,0.000343410035607777,,0.12736323475837708,0.7767406105995178,,0.08532489091157913,,,,,,,0.12093566358089447,0.7962809801101685,,0.08278332650661469,,,,,,,,,,,,,,,,,,,,,,,,,,,,,,,,,,,,,,,,,,,,,,
870,9.045500723813944e-07,9.045500723813943e-06,1.0,23.001195959142738,5.2284405682538,31.050540408572637,3.7252791121199325,3.7252791121199325,3.7252791121199325,0.0,0.0,0.3219776669064084,2.2369551787505277,0.12423150603835648,2.101001842601879,0.055660892177272485,0.018863381566228094,0.0,1.295252207163218,0.0,0.0,0.0,0.0,0.0,0.0,0.0,0.0,9.440799713134766,4.255155563354492,0.4998939335346222,2.523839235305786,11.157470703125,0.9999483227729797,0.3881811797618866,0.263095498085022,4.0,0.2427937239408493,0.3211502134799957,0.0,0.0003036437246963563,642.5905151367188,642.347900390625,0.0003775573096377416,,0.12327968329191208,0.7878290414810181,,0.08401915431022644,,,,,,,0.11782045662403107,0.7985236644744873,,0.08365584164857864,,,,,,115.79311368753622,172.2048060851727,0.31795012984475163,59.71570756933191,115.79311093937528,176.8689151548783,230.23072746843815,281.8745767377755,42.12645012991769,100.07169945295468,171.09157197371772,0.8743665938479589,0.6092366016490778,0.06715909531312028,0.038393551713009344,0.0,0.5689386897551597,0.618775778678647,0.38027360122640386,0.0,0.0,0.0,0.0,0.0,0.6540346929316511,0.8939577149976182,0.9816972628339012,0.9948701036971895,0.3939577149976182,0.1816972628339012,0.04487010369718958,0.2060569418489612,0.0,0.6703296703296703,0.3131868131868132,0.5439560439560439,1.6192969277009859,1.5977423610268058,1.584224969803632,-7.9850640296936035,0.00034045270876958966
871,8.984848271976695e-07,8.984848271976694e-06,1.0,20.870744035050677,5.1552321975295605,26.85635788376267,3.727736189558699,3.727736189558699,3.727736189558699,0.0,0.0,0.3216121518934095,2.231186531685494,0.12279344249416042,2.103572536159206,0.05905491596943623,0.01875252981443663,0.0,1.2966500359612543,0.0,0.0,0.0,0.0,0.0,0.0,0.0,0.0,5.200203895568848,5.171031951904297,0.4998939335346222,3.1379027366638184,12.767145156860352,1.0000183582305908,0.4671356678009033,0.25,3.7543952465057373,0.24434489011764526,0.33325615525245667,0.0012145748987854252,0.0,123.69046020507812,123.03506469726562,0.005298674665175129,,0.12861374020576477,0.7723867893218994,,0.08941123634576797,,,,,,,0.1196606457233429,0.794405996799469,,0.08593333512544632,,,,,,,,,,,,,,,,,,,,,,,,,,,,,,,,,,,,,,,,,,,,,,
872,8.924634017234235e-07,8.924634017234234e-06,1.0,21.299977895375843,5.154016443201013,27.745364627322637,3.7142371100348397,3.7142371100348397,3.7142371100348397,0.0,0.0,0.3208650898289036,2.242099040263408,0.12271354005143449,2.097396438186233,0.056875602619068044,0.01537558194753286,0.0,1.2941476976549304,0.0,0.0,0.0,0.0,0.0,0.0,0.0,0.0,5.8795318603515625,4.3316521644592285,0.4998939335346222,2.907759189605713,10.50196647644043,0.9997366666793823,0.42448127269744873,0.27377331256866455,4.0,0.24116329848766327,0.33008506894111633,0.0,0.0008097165991902834,770.272705078125,770.109619140625,0.00021172493381218667,,0.12170868366956711,0.7854278683662415,,0.08476250618696213,,,,,,,0.11572648584842682,0.8004152178764343,,0.08385826647281647,,,,,,,,,,,,,,,,,,,,,,,,,,,,,,,,,,,,,,,,,,,,,,
873,8.864858565943469e-07,8.864858565943468e-06,1.0,21.91501926731419,5.272954992345862,28.876807960304053,3.703464817356419,3.703464817356419,3.703464817356419,0.0,0.0,0.31957948530042496,2.2464488261454814,0.12361228788221204,2.0896464167414486,0.0589471958779,0.020220867685369542,0.0,1.2958660641232052,0.0,0.0,0.0,0.0,0.0,0.0,0.0,0.0,7.308395862579346,4.66607666015625,0.4998939335346222,2.3860254287719727,12.917638778686523,0.9999719262123108,0.42982587218284607,0.25443482398986816,4.0,0.24298632144927979,0.32858937978744507,0.0,0.00020242914979757084,513.1918334960938,513.1376953125,0.00010549307307744226,,0.12460964173078537,0.7830415964126587,,0.08477265387773514,,,,,,,0.1204533576965332,0.7962120175361633,,0.08333460241556168,,,,,,,,,,,,,,,,,,,,,,,,,,,,,,,,,,,,,,,,,,,,,,
874,8.805522520042486e-07,8.805522520042486e-06,1.0,22.766522381756758,5.293153092667863,30.533219620988177,3.7090981973184123,3.7090981973184123,3.7090981973184123,0.0,0.0,0.3203046128556535,2.255027358596389,0.12294829858315957,2.115410469673775,0.05862164497375488,0.022989445441478008,0.0,1.29879008112727,0.0,0.0,0.0,0.0,0.0,0.0,0.0,0.0,8.83585262298584,4.036405563354492,0.4998939335346222,2.109776496887207,10.667348861694336,1.0,0.38424256443977356,0.2617585062980652,3.719285488128662,0.24521614611148834,0.3100939095020294,0.0,0.0,416.5421447753906,416.5060119628906,8.674467386603502e-05,,0.12789160013198853,0.7807126641273499,,0.08730193972587585,,,,,,,0.12432719767093658,0.7910469770431519,,0.08462584018707275,,,,,,,,,,,,,,,,,,,,,,,,,,,,,,,,,,,,,,,,,,,,,,
875,8.746626477044626e-07,8.746626477044626e-06,1.0,21.61821684966216,5.146404781857052,28.39522408150338,3.701077435467694,3.701077435467694,3.701077435467694,0.0,0.0,0.3213002230670001,2.254256995948585,0.12362473719828837,2.128437145336254,0.0587912959021491,0.01681300756093618,0.0,1.2970472799765098,0.0,0.0,0.0,0.0,0.0,0.0,0.0,0.0,8.262770652770996,4.145773887634277,0.4998939335346222,2.248039722442627,11.225225448608398,0.9998785257339478,0.4510591924190521,0.2657957375049591,4.0,0.2503775954246521,0.32279378175735474,0.0,0.0006072874493927126,463.719970703125,463.29608154296875,0.00091410589781915,,0.13621927797794342,0.7742943167686462,,0.08353902399539948,,,,,,,0.1291692554950714,0.7898039817810059,,0.08102673292160034,,,,,,111.14492590348799,163.49657058281477,0.3122012649203998,53.1343939435351,111.1449236194989,172.74361584934508,227.47067007932898,279.56903491244606,47.9873891557966,96.72532127439514,161.19344230320144,0.8738525625768883,0.6095906792347291,0.06717710634364164,0.034348784092282286,0.0,0.5710022031577541,0.6216897792360543,0.3772124095151613,0.0,0.0,0.0,0.0,0.0,0.6550346302494587,0.8932248726686454,0.9814590890769851,0.9949067458136382,0.39322487266864536,0.18145908907698505,0.044906745813638294,0.20217287750540472,0.0,0.6703296703296703,0.31868131868131866,0.5457875457875457,1.6036092602944636,1.5822096935340337,1.5687393223518853,-7.985117435455322,0.00034043454797938466
876,8.688171030032391e-07,8.688171030032392e-06,1.0,21.79163092535895,5.157323888830237,28.64783374683277,3.7570446117504224,3.7570446117504224,3.7570446117504224,0.0,0.0,0.32153449187407623,2.2290511260161527,0.12290238045357368,2.0872029484929264,0.05614597088581807,0.019576976428160798,0.0,1.29375797993428,0.0,0.0,0.0,0.0,0.0,0.0,0.0,0.0,5.80622673034668,5.156788349151611,0.4998939335346222,3.1857619285583496,13.044405937194824,1.0000189542770386,0.48175248503685,0.25,3.884215831756592,0.24886097013950348,0.3381449580192566,0.0019230769230769232,0.0,311.6226806640625,311.4836120605469,0.0004462724061652773,,0.13476496934890747,0.7718732953071594,,0.08495235443115234,,,,,,,0.12407546490430832,0.7936060428619385,,0.08231848478317261,,,,,,,,,,,,,,,,,,,,,,,,,,,,,,,,,,,,,,,,,,,,,,
877,8.630156767651482e-07,8.630156767651481e-06,1.0,23.76844581397804,5.316383155616554,32.472349424619935,3.735354449297931,3.735354449297931,3.735354449297931,0.0,0.0,0.32000714379387935,2.2512895738756336,0.12377437385352882,2.0993433771906673,0.05715409485069481,0.019997720782821242,0.0,1.292756261052312,0.0,0.0,0.0,0.0,0.0,0.0,0.0,0.0,4.683481216430664,5.833797454833984,0.4998939335346222,3.809136390686035,14.29852294921875,1.0,0.49693816900253296,0.28404104709625244,3.934556007385254,0.2436671257019043,0.34580937027931213,0.0,0.0,170.26754760742188,169.1581268310547,0.006515750017878501,,0.12719473242759705,0.774791955947876,,0.08911340683698654,,,,,,,0.1175161674618721,0.7957147359848022,,0.08676904439926147,,,,,,,,,,,,,,,,,,,,,,,,,,,,,,,,,,,,,,,,,,,,,,
878,8.572584274104867e-07,8.572584274104867e-06,1.0,22.276342443517738,5.138054100242821,29.782012114653718,3.6721484210040116,3.6721484210040116,3.6721484210040116,0.0,0.0,0.3215729481465108,2.2539068685995565,0.12263353450878246,2.1161239211623735,0.05782499828854123,0.02177643937033576,0.0,1.2984899572423987,0.0,0.0,0.0,0.0,0.0,0.0,0.0,0.0,3.5702736377716064,5.30658483505249,0.4998939335346222,3.597623348236084,12.230175018310547,0.9999982118606567,0.45535722374916077,0.25,4.0,0.24302299320697784,0.34204936027526855,0.0020242914979757085,0.0004048582995951417,54.738502502441406,54.59850311279297,0.0025576035742335725,,0.12555181980133057,0.7791181802749634,,0.08523529022932053,,,,,,,0.1162959560751915,0.7993106842041016,,0.08439332246780396,,,,,,,,,,,,,,,,,,,,,,,,,,,,,,,,,,,,,,,,,,,,,,
879,8.515454129146938e-07,8.515454129146938e-06,1.0,22.322405840899492,5.28965965477196,29.665484454180742,3.6997717780035897,3.6997717780035897,3.6997717780035897,0.0,0.0,0.3208366342493006,2.254993541820629,0.12213333232982738,2.118083025958087,0.05970658482732,0.02220281394752296,0.0,1.2926863593024176,0.0,0.0,0.0,0.0,0.0,0.0,0.0,0.0,3.1351280212402344,5.690865516662598,0.4998939335346222,3.9435086250305176,13.72392463684082,0.9999865293502808,0.44536641240119934,0.3242320418357849,4.0,0.23726703226566315,0.3473156988620758,0.0,0.00010121457489878542,39.860877990722656,39.570159912109375,0.0072933184934096,,0.11530104279518127,0.7913960814476013,,0.08482418954372406,,,,,,,0.10822330415248871,0.8079811334609985,,0.08379559218883514,,,,,,,,,,,,,,,,,,,,,,,,,,,,,,,,,,,,,,,,,,,,,,
880,8.458766908077603e-07,8.458766908077604e-06,1.0,22.29152370143581,5.29726471772065,29.535994246199323,3.736257604650549,3.736257604650549,3.736257604650549,0.0,0.0,0.3204100583050702,2.238659214329075,0.12211094675837336,2.101892625963366,0.05953853839152568,0.023045409370113065,0.0,1.2977059854043496,0.0,0.0,0.0,0.0,0.0,0.0,0.0,0.0,4.326616287231445,5.260921955108643,0.4998939335346222,2.988365411758423,13.72927474975586,0.9999122023582458,0.47341299057006836,0.25,4.0,0.24324147403240204,0.34002768993377686,0.0012145748987854252,0.000708502024291498,66.3009262084961,66.17021942138672,0.0019714172121569193,,0.12617093324661255,0.7770245671272278,,0.08821339160203934,,,,,,,0.11834293603897095,0.7964444756507874,,0.0852126032114029,,,,,,105.0262761587625,158.00717280864305,0.2857880440577804,40.256450925554546,105.02627567379602,169.5121483035208,225.0001364724774,276.4451015938734,35.28986195155552,88.47525065813878,162.0531715724779,0.8736795072023936,0.5817267905573408,0.053355190006407226,0.040586745221669586,0.0,0.5402843291367994,0.5851449738261227,0.3512650401147193,0.0,0.0,0.0,0.0,0.0,0.650963094070661,0.8979883478069693,0.9810193836796013,0.9944487193580301,0.39798834780696934,0.18101938367960124,0.044448719358030186,0.19788574988091312,0.0,0.6373626373626373,0.3516483516483517,0.5503663003663003,1.5831543235005914,1.5614731013774872,1.5477440828805442,-7.985049724578857,0.0003404575982131064
881,8.402523181736555e-07,8.402523181736554e-06,1.0,21.392363677153718,5.180408787082982,27.935266443201012,3.688246443464949,3.688246443464949,3.688246443464949,0.0,0.0,0.32042093534727356,2.2474264196447424,0.12231406650027714,2.1301160245328337,0.06125571276690509,0.019400709384196514,0.0,1.2957789446856525,0.0,0.0,0.0,0.0,0.0,0.0,0.0,0.0,9.965049743652344,4.8196306228637695,0.4998939335346222,2.681370735168457,12.618402481079102,0.9992039203643799,0.44057121872901917,0.29551219940185547,4.0,0.2443581074476242,0.3359183371067047,0.0,0.0011133603238866396,573.8292846679688,573.35107421875,0.0008333671041126002,,0.12759080529212952,0.7779969573020935,,0.08404465019702911,,,,,,,0.12080663442611694,0.797650158405304,,0.08154317736625671,,,,,,,,,,,,,,,,,,,,,,,,,,,,,,,,,,,,,,,,,,,,,,
882,8.346723516497496e-07,8.346723516497495e-06,1.0,22.636797930743242,5.270415434966216,30.29157978779561,3.7085954820787586,3.7085954820787586,3.7085954820787586,0.0,0.0,0.3222705480214712,2.2591018676757812,0.12256078462342958,2.1284375577359587,0.05805744995941987,0.01743518983995592,0.0,1.2932394904059332,0.0,0.0,0.0,0.0,0.0,0.0,0.0,0.0,7.368514060974121,4.000251770019531,0.4998939335346222,1.965567946434021,10.732125282287598,0.9975751042366028,0.48041078448295593,0.2929471433162689,4.0,0.24767616391181946,0.33412274718284607,0.0,0.002226720647773279,382.9719543457031,382.3394775390625,0.0016514964071486487,,0.13493448495864868,0.7651398777961731,,0.08268513530492783,,,,,,,0.12878990173339844,0.7902334928512573,,0.08097662031650543,,,,,,,,,,,,,,,,,,,,,,,,,,,,,,,,,,,,,,,,,,,,,,
883,8.291368474262429e-07,8.291368474262428e-06,1.0,22.018586029877532,5.236634125580659,29.033618823902028,3.7469898945576436,3.7469898945576436,3.7469898945576436,0.0,0.0,0.3213413857124947,2.2295177562816724,0.12238886549666121,2.1003273628853463,0.05935346758043444,0.021222201553550927,0.0,1.2945793770455025,0.0,0.0,0.0,0.0,0.0,0.0,0.0,0.0,9.969980239868164,3.9475834369659424,0.4998939335346222,2.00335693359375,10.772031784057617,0.9999549388885498,0.42970287799835205,0.2576178312301636,4.0,0.24538984894752502,0.316274493932724,0.0,0.00020242914979757084,734.0706787109375,734.079833984375,-1.2471923621274573e-05,,0.1286843866109848,0.7784388661384583,,0.08657201379537582,,,,,,,0.12401065230369568,0.7908682823181152,,0.08512109518051147,,,,,,,,,,,,,,,,,,,,,,,,,,,,,,,,,,,,,,,,,,,,,,
884,8.236458612456016e-07,8.236458612456015e-06,1.0,23.84344482421875,5.293471465239653,32.638269372888516,3.745297406170819,3.745297406170819,3.745297406170819,0.0,0.0,0.3216229516106683,2.230622368889886,0.12305473636936497,2.085817491686022,0.05730601903554555,0.017982072121388203,0.0,1.2904669271933067,0.0,0.0,0.0,0.0,0.0,0.0,0.0,0.0,6.952867031097412,4.155388355255127,0.4998939335346222,2.793635129928589,9.733613967895508,0.9999900460243225,0.4201918840408325,0.2621704936027527,4.0,0.24981772899627686,0.316031277179718,0.0,0.00010121457489878542,240.46731567382812,240.6280059814453,-0.0006682417823266641,,0.13512647151947021,0.7761215567588806,,0.08246957510709763,,,,,,,0.12741120159626007,0.7915595769882202,,0.08102917671203613,,,,,,,,,,,,,,,,,,,,,,,,,,,,,,,,,,,,,,,,,,,,,,
885,8.181994484019959e-07,8.181994484019958e-06,1.0,20.64345406197213,5.136010247307855,26.45402568095439,3.70769232672614,3.70769232672614,3.70769232672614,0.0,0.0,0.32098656731682856,2.243027145798142,0.1223448676031989,2.1074447631835938,0.06001625834284602,0.022524356842041016,0.0,1.2907233367095123,0.0,0.0,0.0,0.0,0.0,0.0,0.0,0.0,10.28039836883545,4.18992805480957,0.4998939335346222,1.8751006126403809,11.556703567504883,0.9998172521591187,0.46423065662384033,0.28819894790649414,4.0,0.2514941394329071,0.321887344121933,0.0,0.0003036437246963563,607.247802734375,606.75634765625,0.00080931553133997,,0.13816435635089874,0.771727979183197,,0.08531729876995087,,,,,,,0.1315789520740509,0.7872555255889893,,0.08116554468870163,,,,,,112.05914325504513,167.39729824427494,0.2984592607933272,45.285690286657314,112.05914388244688,172.10860545858003,228.3473580927599,278.96603762643883,35.40440205165318,94.07329375984133,174.16257310950238,0.8704372566501146,0.581318284406703,0.053263217153733465,0.041750356116288294,0.0,0.5352984205367378,0.5901410068851587,0.3447800084667258,0.0,0.0,0.0,0.0,0.0,0.6531573970105742,0.8978051372247261,0.980323183467077,0.993990692902422,0.3978051372247261,0.180323183467077,0.04399069290242208,0.19794071305558608,0.0,0.6373626373626373,0.34615384615384615,0.5659340659340659,1.5957147556019353,1.5745602122374944,1.5614486800117806,-7.984894752502441,0.00034051036345772445
886,8.127976637407434e-07,8.127976637407433e-06,1.0,22.82074634448902,5.160286568306588,30.77835990287162,3.7175952808277026,3.7175952808277026,3.7175952808277026,0.0,0.0,0.32147178134402715,2.2352101094013936,0.1230404570296004,2.084882169156461,0.058690431955698376,0.01996604977427302,0.0,1.288648966196421,0.0,0.0,0.0,0.0,0.0,0.0,0.0,0.0,7.908468723297119,4.878048419952393,0.4998939335346222,2.0453648567199707,14.076845169067383,1.0,0.45343220233917236,0.25005650520324707,3.8516719341278076,0.24658825993537903,0.32772624492645264,0.00010121457489878542,0.0,268.04681396484375,267.9920959472656,0.00020413604910559264,,0.13145487010478973,0.7732499241828918,,0.08626801520586014,,,,,,,0.12568074464797974,0.7907947301864624,,0.08352452516555786,,,,,,,,,,,,,,,,,,,,,,,,,,,,,,,,,,,,,,,,,,,,,,
887,8.074405616577539e-07,8.074405616577538e-06,1.0,21.153736011402028,5.22492114917652,27.453080460831927,3.6724366883973816,3.6724366883973816,3.6724366883973816,0.0,0.0,0.3197804528313714,2.250506014437289,0.12203734629863017,2.1149914715741134,0.05793437442264041,0.023584766967876536,0.0,1.2920167252824113,0.0,0.0,0.0,0.0,0.0,0.0,0.0,0.0,2.7840232849121094,5.5605082511901855,0.4998939335346222,3.962808847427368,13.198168754577637,1.0,0.4283023476600647,0.26531982421875,3.6948964595794678,0.2400544136762619,0.3321109712123871,0.0,0.0,12.39513111114502,12.234682083129883,0.012944520439228738,,0.12090951204299927,0.7820847034454346,,0.08783893287181854,,,,,,,0.1123533844947815,0.8020000457763672,,0.0856466069817543,,,,,,,,,,,,,,,,,,,,,,,,,,,,,,,,,,,,,,,,,,,,,,
888,8.021281960989873e-07,8.021281960989872e-06,1.0,21.26600605732686,5.222971323374155,27.6213659338049,3.7033571810335726,3.7033571810335726,3.7033571810335726,0.0,0.0,0.3212490855036555,2.242342974688556,0.12246890970178552,2.1138260300095015,0.05728053402256321,0.020423330165244436,0.0,1.2933933154956714,0.0,0.0,0.0,0.0,0.0,0.0,0.0,0.0,3.745060920715332,5.35399055480957,0.4998939335346222,3.3500821590423584,13.330284118652344,0.9996951818466187,0.460370808839798,0.28705888986587524,4.0,0.24134130775928497,0.336884468793869,0.0,0.0009109311740890688,98.31063079833984,98.13072204589844,0.0018300030320265663,,0.12364885210990906,0.7773935198783875,,0.08809001743793488,,,,,,,0.11386718600988388,0.8004347085952759,,0.08569808304309845,,,,,,,,,,,,,,,,,,,,,,,,,,,,,,,,,,,,,,,,,,,,,,
889,7.968606205599054e-07,7.968606205599054e-06,1.0,21.353980811866553,5.1343148721231,27.91448149809966,3.687724345439189,3.687724345439189,3.687724345439189,0.0,0.0,0.31825828552246094,2.2518527056719804,0.1221519676414696,2.1136585957295186,0.05887344721201304,0.019910667393658613,0.0,1.2997970581054688,0.0,0.0,0.0,0.0,0.0,0.0,0.0,0.0,10.311253547668457,4.416444778442383,0.4998939335346222,2.2067127227783203,11.83076286315918,0.9998849630355835,0.45662128925323486,0.25,4.0,0.2474902868270874,0.3296153247356415,0.00020242914979757084,0.0004048582995951417,777.2521362304688,776.6632690429688,0.000757626978493618,,0.1321144998073578,0.7754594087600708,,0.08592107892036438,,,,,,,0.12686964869499207,0.7902464270591736,,0.08288392424583435,,,,,,,,,,,,,,,,,,,,,,,,,,,,,,,,,,,,,,,,,,,,,,
890,7.916378880849351e-07,7.916378880849351e-06,1.0,21.518802127322637,5.268228479333826,27.99050490920608,3.738531576620566,3.738531576620566,3.738531576620566,0.0,0.0,0.3204227395959803,2.2712975579339103,0.1211235845411146,2.126974157384924,0.060894173544806404,0.02516340565037083,0.0,1.294076868005701,0.0,0.0,0.0,0.0,0.0,0.0,0.0,0.0,2.7873294353485107,5.30778694152832,0.4998939335346222,3.5349364280700684,12.867278099060059,1.0000046491622925,0.4525739252567291,0.25,3.642765760421753,0.2400200366973877,0.33549654483795166,0.00020242914979757084,0.0,13.260112762451172,12.716532707214355,0.04099362237522436,,0.12082112580537796,0.7821747660636902,,0.08829200267791748,,,,,,,0.11262786388397217,0.8023543357849121,,0.08501774072647095,,,,,,109.42195839934297,162.8980974146112,0.29772743128941787,48.141391230153516,109.42196122065477,172.59322610942192,226.81305008870186,277.9664947198112,37.280883244105745,93.68873288649921,164.52138486115828,0.8725656128695355,0.5864782210642551,0.058020430653411566,0.043046666811817784,0.0,0.5431600467651677,0.595564585879929,0.3513969740764229,0.0,0.0,0.0,0.0,0.0,0.6532381662352733,0.8970356527793045,0.9808911362720311,0.9943204719504598,0.3970356527793045,0.18089113627203102,0.04432047195045985,0.1971529075519402,0.0,0.6648351648351648,0.32967032967032966,0.5595238095238095,1.5891510919555203,1.5683080544183543,1.5554487525106786,-7.984864711761475,0.0003405206080060452
891,7.864600512669356e-07,7.864600512669355e-06,1.0,22.58650001319679,5.424831493480785,29.93138988597973,3.778512903161951,3.778512903161951,3.778512903161951,0.0,0.0,0.3211135348758182,2.2137007842192777,0.12269665743853594,2.088106310045397,0.05812795097763474,0.018318830309687433,0.0,1.2974913313582137,0.0,0.0,0.0,0.0,0.0,0.0,0.0,0.0,3.243469715118408,5.806029796600342,0.4998939335346222,3.638254404067993,14.868111610412598,0.9998865127563477,0.45785078406333923,0.30939218401908875,4.0,0.23734362423419952,0.34798598289489746,0.0,0.0004048582995951417,49.356590270996094,48.660423278808594,0.014104843717224841,,0.11731007695198059,0.7822905778884888,,0.08916397392749786,,,,,,,0.10965505987405777,0.8036831617355347,,0.08666178584098816,,,,,,,,,,,,,,,,,,,,,,,,,,,,,,,,,,,,,,,,,,,,,,
892,7.813271622466649e-07,7.813271622466648e-06,1.0,22.825299237225508,5.385442372914907,30.5415599926098,3.719833786423142,3.719833786423142,3.719833786423142,0.0,0.0,0.3211393356323242,2.2532703296558276,0.12302494049072266,2.1114015321473816,0.0578536471805057,0.016352302319294697,0.0,1.295611098005965,0.0,0.0,0.0,0.0,0.0,0.0,0.0,0.0,7.199911117553711,4.498791694641113,0.4998939335346222,2.6147847175598145,11.6929292678833,0.9999450445175171,0.43548744916915894,0.30508071184158325,4.0,0.24739012122154236,0.32357287406921387,0.0,0.0003036437246963563,222.11398315429688,222.08203125,0.0001438536369620585,,0.13115836679935455,0.779485821723938,,0.08365923166275024,,,,,,,0.12418261170387268,0.7940579652786255,,0.08175939321517944,,,,,,,,,,,,,,,,,,,,,,,,,,,,,,,,,,,,,,,,,,,,,,
893,7.762392727122581e-07,7.762392727122581e-06,1.0,22.65361724028716,5.115610071130701,30.45387721706081,3.727532051705025,3.727532051705025,3.727532051705025,0.0,0.0,0.3220650956437394,2.2477707733979098,0.1226242039654706,2.1067162591057853,0.0590877661833892,0.019393531051841943,0.0,1.2939594371898755,0.0,0.0,0.0,0.0,0.0,0.0,0.0,0.0,2.9951322078704834,5.335911273956299,0.4998939335346222,2.950667142868042,14.104365348815918,1.0,0.45407626032829285,0.31678247451782227,3.889160394668579,0.23773786425590515,0.3401872515678406,0.0,0.0,32.992767333984375,32.44466018676758,0.016612948579557803,,0.11749708652496338,0.7832072377204895,,0.09122305363416672,,,,,,,0.10962576419115067,0.8023566007614136,,0.08801759779453278,,,,,,,,,,,,,,,,,,,,,,,,,,,,,,,,,,,,,,,,,,,,,,
894,7.711964338987071e-07,7.711964338987071e-06,1.0,24.02354637352196,5.312512784390836,32.96074614653716,3.741946246172931,3.741946246172931,3.741946246172931,0.0,0.0,0.32061744380641627,2.2519875603753166,0.12201208681673617,2.128158156936233,0.057312546549616636,0.01854895901035618,0.0,1.2997914907094594,0.0,0.0,0.0,0.0,0.0,0.0,0.0,0.0,5.937193393707275,4.180529594421387,0.4998939335346222,2.851518154144287,10.042593002319336,0.9999243021011353,0.40666747093200684,0.2516633868217468,4.0,0.24428029358386993,0.31216952204704285,0.0,0.0003036437246963563,182.02175903320312,182.02328491210938,-8.382947809946502e-06,,0.12656809389591217,0.7812526226043701,,0.08719180524349213,,,,,,,0.12002529948949814,0.7959941029548645,,0.08398056030273438,,,,,,,,,,,,,,,,,,,,,,,,,,,,,,,,,,,,,,,,,,,,,,
895,7.661986965873439e-07,7.661986965873439e-06,1.0,20.27553249049831,5.179395933408995,25.724754539695947,3.6789649757179053,3.6789649757179053,3.6789649757179053,0.0,0.0,0.31941769574139567,2.2557589556719804,0.12239119813248918,2.115214579814189,0.06019136067983266,0.02418675777074453,0.0,1.2925232552193306,0.0,0.0,0.0,0.0,0.0,0.0,0.0,0.0,5.129839897155762,4.55148983001709,0.4998939335346222,3.1226181983947754,10.814192771911621,0.9999477863311768,0.40444672107696533,0.2641395032405853,4.0,0.24412471055984497,0.3203010857105255,0.0,0.00010121457489878542,125.52236938476562,125.69186401367188,-0.001350314129162871,,0.12589041888713837,0.7834910154342651,,0.08628232032060623,,,,,,,0.11807447671890259,0.7974721193313599,,0.08445337414741516,,,,,,110.69839938656314,163.93193407948215,0.3040570603541162,54.70819033109225,110.69840065328395,172.74215881855483,227.4315672635181,279.366478585817,40.30235290527344,94.82229708885961,165.9329542077106,0.8740999813664017,0.6020205082728525,0.06375210002959054,0.035861275922082284,0.0,0.5634924473403288,0.6110174419919585,0.36987172325513995,0.0,0.0,0.0,0.0,0.0,0.6530814333818229,0.894910410025283,0.9815506943681067,0.9949067458136382,0.39491041002528304,0.18155069436810667,0.044906745813638294,0.1996995346451211,0.0,0.6813186813186813,0.2967032967032967,0.5476190476190476,1.5970894635378658,1.5766712302690025,1.564185237655273,-7.9848785400390625,0.0003405158640816808
896,7.612461111053248e-07,7.612461111053248e-06,1.0,22.180573334565032,5.300435246648015,29.36149638407939,3.7115198083826013,3.7115198083826013,3.7115198083826013,0.0,0.0,0.32031585074759816,2.2435141898490287,0.1223300856512946,2.1023670918232686,0.05704514400379078,0.02015388011932373,0.0,1.299490026525549,0.0,0.0,0.0,0.0,0.0,0.0,0.0,0.0,4.542242050170898,4.923791408538818,0.4998939335346222,3.4598004817962646,11.53640079498291,0.9999432563781738,0.4730282425880432,0.25813499093055725,4.0,0.24521756172180176,0.3464415669441223,0.0,0.0003036437246963563,89.287841796875,89.0864028930664,0.0022560619649297418,,0.128165140748024,0.7807193994522095,,0.08194177597761154,,,,,,,0.11923851072788239,0.7992693185806274,,0.08149219304323196,,,,,,,,,,,,,,,,,,,,,,,,,,,,,,,,,,,,,,,,,,,,,,
897,7.563387273251334e-07,7.5633872732513335e-06,1.0,20.6065673828125,5.065637536951013,26.40215239653716,3.7387604584565035,3.7387604584565035,3.7387604584565035,0.0,0.0,0.3207920177562817,2.2413016654349662,0.12445001344423036,2.0831808141759924,0.05804333815703521,0.017618354913350696,0.0,1.290201238683752,0.0,0.0,0.0,0.0,0.0,0.0,0.0,0.0,5.533339023590088,4.619449615478516,0.4998939335346222,2.504810094833374,12.087688446044922,0.9994210004806519,0.4789990186691284,0.29917168617248535,4.0,0.24225746095180511,0.34686869382858276,0.0,0.0011133603238866396,111.60995483398438,111.48785400390625,0.0010939958739320825,,0.12565840780735016,0.7738513350486755,,0.08803437650203705,,,,,,,0.11928655952215195,0.7947215437889099,,0.08599191904067993,,,,,,,,,,,,,,,,,,,,,,,,,,,,,,,,,,,,,,,,,,,,,,
898,7.51476594664069e-07,7.514765946640689e-06,1.0,20.917152198585303,5.113084535341005,27.03878536739865,3.7014007568359375,3.7014007568359375,3.7014007568359375,0.0,0.0,0.3193931579589844,2.2513831886085303,0.12335265649331582,2.1027778419288428,0.05820380030451594,0.021235870348440634,0.0,1.2933238261454814,0.0,0.0,0.0,0.0,0.0,0.0,0.0,0.0,3.7183139324188232,5.293445587158203,0.4998939335346222,3.700965642929077,12.618402481079102,0.9999067187309265,0.4555180072784424,0.256544828414917,4.0,0.24045224487781525,0.3412257134914398,0.0,0.0003036437246963563,62.65410614013672,62.34660339355469,0.0049079424402647814,,0.12082000076770782,0.7855468988418579,,0.08372396230697632,,,,,,,0.11210805922746658,0.8058537244796753,,0.08203820884227753,,,,,,,,,,,,,,,,,,,,,,,,,,,,,,,,,,,,,,,,,,,,,,
899,7.46659762083753e-07,7.4665976208375284e-06,1.0,21.91117900126689,5.355910430083403,28.73160697318412,3.718818045951225,3.718818045951225,3.718818045951225,0.0,0.0,0.3196634086402687,2.2594006512616134,0.12268976263097815,2.129781774572424,0.060396787282582874,0.025635463160437508,0.0,1.2924252071896114,0.0,0.0,0.0,0.0,0.0,0.0,0.0,0.0,1.9614510536193848,5.595025539398193,0.4998939335346222,3.876685619354248,13.301684379577637,0.9999634027481079,0.42173364758491516,0.2987143099308014,4.0,0.23300595581531525,0.34193116426467896,0.0,0.00020242914979757084,3.5181021690368652,3.1083450317382812,0.11647107378088492,,0.10991941392421722,0.7899380922317505,,0.08966805785894394,,,,,,,0.10311887413263321,0.8093822002410889,,0.08749894797801971,,,,,,,,,,,,,,,,,,,,,,,,,,,,,,,,,,,,,,,,,,,,,,
900,7.418882780896361e-07,7.418882780896361e-06,1.0,21.6397045238598,5.121642241606841,28.40878708298142,3.734036419842694,3.734036419842694,3.734036419842694,0.0,0.0,0.32103316848342484,2.253909136797931,0.12370793883864944,2.097300555254962,0.05917888074307828,0.02092314571947665,0.0,1.291941771636138,0.0,0.0,0.0,0.0,0.0,0.0,0.0,0.0,8.047327041625977,3.970857620239258,0.4998939335346222,1.9134844541549683,10.732125282287598,0.9995656609535217,0.38274478912353516,0.34815412759780884,4.0,0.23707698285579681,0.32007309794425964,0.0,0.0009109311740890688,455.1761474609375,455.3465881347656,-0.0003744499240104666,,0.11542071402072906,0.7892699241638184,,0.08744946122169495,,,,,,,0.11369851231575012,0.8002173900604248,,0.08608415722846985,,,,,,108.3737368950477,160.69729536407422,0.2933426934435711,40.58307167723939,108.37373406670592,169.57029498349368,225.58735222834525,276.40822920865,37.91399111066546,91.89705060618792,165.30223149838656,0.8705545288904939,0.5756163620440444,0.05365490474788117,0.04368527524796648,0.0,0.5283353061527661,0.5864307477765328,0.3501534477848331,0.0,0.0,0.0,0.0,0.0,0.6517432817517481,0.8983914110879044,0.98037814664175,0.9940822981935437,0.39839141108790443,0.18037814664175,0.0440822981935437,0.1986552343263347,0.0,0.6263736263736264,0.35714285714285715,0.5595238095238095,1.5821084481674237,1.5610061132318371,1.5479629671835637,-7.984997272491455,0.00034047543886117637
901,7.371621907305098e-07,7.371621907305097e-06,1.0,21.980655154666387,5.2008378312394425,29.02432498416385,3.732078758445946,3.732078758445946,3.732078758445946,0.0,0.0,0.3214304640486434,2.240497692211254,0.12307368098078547,2.0914552018449113,0.05812119793247532,0.02054084636069633,0.0,1.288819493474187,0.0,0.0,0.0,0.0,0.0,0.0,0.0,0.0,9.861750602722168,4.3600358963012695,0.4998939335346222,1.9313191175460815,11.763936042785645,0.9999004602432251,0.46153563261032104,0.27349576354026794,4.0,0.24876059591770172,0.33107706904411316,0.0,0.0004048582995951417,465.736083984375,465.4192199707031,0.0006803510068644487,,0.13409043848514557,0.7744325399398804,,0.08390016853809357,,,,,,,0.12763768434524536,0.7909656763076782,,0.08139669895172119,,,,,,,,,,,,,,,,,,,,,,,,,,,,,,,,,,,,,,,,,,,,,,
902,7.324815475980209e-07,7.324815475980208e-06,1.0,22.15614937447213,5.16605604017103,29.452138539907093,3.700576369826858,3.700576369826858,3.700576369826858,0.0,0.0,0.3210893321681667,2.2589515479835303,0.12258954950281091,2.1193103274783573,0.059756298322935365,0.023736963400969636,0.0,1.2916347400562183,0.0,0.0,0.0,0.0,0.0,0.0,0.0,0.0,4.832839488983154,5.403408527374268,0.4998939335346222,3.1548025608062744,13.861302375793457,1.0,0.43723177909851074,0.31386464834213257,3.7026820182800293,0.23557895421981812,0.3343965411186218,0.0,0.0,272.8893737792969,272.57635498046875,0.0011470538207225443,,0.11389587074518204,0.7866684198379517,,0.09154418110847473,,,,,,,0.10843256115913391,0.803034782409668,,0.08853260427713394,,,,,,,,,,,,,,,,,,,,,,,,,,,,,,,,,,,,,,,,,,,,,,
903,7.278463958261933e-07,7.278463958261933e-06,1.0,24.947358002533782,5.217476509712838,34.976908915751686,3.6979860872835726,3.6979860872835726,3.6979860872835726,0.0,0.0,0.3213653048953494,2.27147406500739,0.12329841304469753,2.1288217080606,0.06145026232745197,0.022931686929754308,0.0,1.2988240010029561,0.0,0.0,0.0,0.0,0.0,0.0,0.0,0.0,4.742918968200684,5.443963527679443,0.4998939335346222,3.3500821590423584,14.076845169067383,0.9999411106109619,0.42821288108825684,0.25,4.0,0.24201036989688873,0.3298865854740143,0.0003036437246963563,0.00020242914979757084,217.50416564941406,217.25462341308594,0.0011472986532605164,,0.1239086166024208,0.7800852060317993,,0.08749876916408539,,,,,,,0.11704747378826141,0.7985491156578064,,0.08440340310335159,,,,,,,,,,,,,,,,,,,,,,,,,,,,,,,,,,,,,,,,,,,,,,
904,7.232567820909548e-07,7.232567820909547e-06,1.0,21.45467727248733,5.198360958614865,27.989099451013512,3.719380559148015,3.719380559148015,3.719380559148015,0.0,0.0,0.3202575477393898,2.248402569745038,0.12246432175507417,2.111838469634185,0.057783223487235406,0.023039775925713615,0.0,1.295910912591058,0.0,0.0,0.0,0.0,0.0,0.0,0.0,0.0,4.938860893249512,5.160021781921387,0.4998939335346222,2.9665582180023193,13.22397232055664,1.0000139474868774,0.4503042995929718,0.25,3.956759452819824,0.24231164157390594,0.336588054895401,0.0008097165991902834,0.0,128.96690368652344,128.65565490722656,0.0024134004182454396,,0.12457150220870972,0.778883695602417,,0.08760819584131241,,,,,,,0.11665661633014679,0.798747718334198,,0.08459566533565521,,,,,,,,,,,,,,,,,,,,,,,,,,,,,,,,,,,,,,,,,,,,,,
905,7.187127526096651e-07,7.18712752609665e-06,1.0,22.024262299408782,5.200693491342905,29.06115062816723,3.7551244787267737,3.7551244787267737,3.7551244787267737,0.0,0.0,0.32101074424949855,2.242107494457348,0.12206489975387985,2.104949951171875,0.056632280349731445,0.021184871325621735,0.0,1.2920098175873627,0.0,0.0,0.0,0.0,0.0,0.0,0.0,0.0,3.7495670318603516,5.432340145111084,0.4998939335346222,3.6276111602783203,13.172416687011719,0.9999635219573975,0.45476406812667847,0.25,4.0,0.2431812584400177,0.3416025936603546,0.0015182186234817814,0.0003036437246963563,76.09748840332031,75.69471740722656,0.005292829034764518,,0.12548670172691345,0.7805679440498352,,0.08384459465742111,,,,,,,0.11697129905223846,0.7995807528495789,,0.08344796299934387,,,,,,108.88995713454027,162.78948020443406,0.29687076924228495,47.04971682370364,108.88995665239385,172.37891595029618,227.1125786660296,278.76820231201964,36.13877650669643,93.40803516003513,163.37748320206353,0.869983139982992,0.5850431758615676,0.056940041894838825,0.04153899910135472,0.0,0.5420015212516945,0.5933687529859567,0.35643507371036615,0.0,0.0,0.0,0.0,0.0,0.6531472123059139,0.8975852845260343,0.9808178520391337,0.9943754351251328,0.39758528452603425,0.1808178520391337,0.04437543512513287,0.19819720787072662,0.0,0.6483516483516484,0.34065934065934067,0.5650183150183151,1.6002515364479233,1.578877248934337,1.5656797420847548,-7.984951019287109,0.00034049118403345346
906,7.142143531406492e-07,7.142143531406492e-06,1.0,21.65159153293919,5.230070784285262,28.344324060388512,3.725825954127956,3.725825954127956,3.725825954127956,0.0,0.0,0.32045212307491816,2.2452089464342273,0.12298785029230891,2.0999448621595227,0.05900668453525852,0.019040868089005753,0.0,1.2930400951488599,0.0,0.0,0.0,0.0,0.0,0.0,0.0,0.0,2.861455202102661,5.8091301918029785,0.4998939335346222,3.5040040016174316,14.723621368408203,0.9993695616722107,0.44317346811294556,0.25,4.0,0.2338385283946991,0.3409828543663025,0.0004048582995951417,0.0010121457489878543,84.95037078857422,84.47272491455078,0.005622646135497276,,0.11203653365373611,0.7851108312606812,,0.09129665791988373,,,,,,,0.10502918064594269,0.8063525557518005,,0.08861827850341797,,,,,,,,,,,,,,,,,,,,,,,,,,,,,,,,,,,,,,,,,,,,,,
907,7.0976162898274e-07,7.097616289827399e-06,1.0,22.149694494298988,5.246373356999578,29.28821460620777,3.738589724978885,3.738589724978885,3.738589724978885,0.0,0.0,0.3201894760131836,2.264040354135874,0.12258442028148754,2.103632127916491,0.06037181132548564,0.019237051139006745,0.0,1.2970595488677155,0.0,0.0,0.0,0.0,0.0,0.0,0.0,0.0,9.625334739685059,3.635554790496826,0.4998939335346222,2.1756856441497803,9.159977912902832,0.9999836087226868,0.4224468171596527,0.26211878657341003,4.0,0.25148656964302063,0.31225088238716125,0.0,0.00010121457489878542,506.41888427734375,506.3128356933594,0.00020940882592817526,,0.13774409890174866,0.7741277813911438,,0.08234933018684387,,,,,,,0.1323724389076233,0.7864460945129395,,0.08118143677711487,,,,,,,,,,,,,,,,,,,,,,,,,,,,,,,,,,,,,,,,,,,,,,
908,7.053546249748228e-07,7.053546249748227e-06,1.0,21.140615102407093,5.164332209406672,27.3553466796875,3.7542984421188765,3.7542984421188765,3.7542984421188765,0.0,0.0,0.3205826733563397,2.2239235542915963,0.12471389770507812,2.0632837656381966,0.05543310577804978,0.023487179665952117,0.0,1.300688666266364,0.0,0.0,0.0,0.0,0.0,0.0,0.0,0.0,2.652527093887329,5.188213348388672,0.4998939335346222,2.7637860774993896,13.858603477478027,0.9998990893363953,0.4015507400035858,0.32343095541000366,4.0,0.23398961126804352,0.32936063408851624,0.0,0.0003036437246963563,17.161514282226562,17.173917770385742,-0.0007227502162804738,,0.11092270910739899,0.7909075617790222,,0.09033166617155075,,,,,,,0.10552884638309479,0.8065012693405151,,0.08796985447406769,,,,,,,,,,,,,,,,,,,,,,,,,,,,,,,,,,,,,,,,,,,,,,
909,7.009933854953754e-07,7.009933854953754e-06,1.0,22.65802826752534,5.23801648938978,30.346303578969593,3.728626148120777,3.728626148120777,3.728626148120777,0.0,0.0,0.3220783955342061,2.242120278848184,0.12380151490907411,2.0924530029296875,0.05794065707438701,0.020831079096407502,0.0,1.296276195629223,0.0,0.0,0.0,0.0,0.0,0.0,0.0,0.0,3.6573095321655273,5.073936939239502,0.4998939335346222,3.0059266090393066,12.520204544067383,1.0000118017196655,0.4457802176475525,0.25,4.0,0.24194425344467163,0.3361079692840576,0.0006072874493927126,0.00010121457489878542,89.07765197753906,88.82707214355469,0.0028130493835598486,,0.12355172634124756,0.7814975380897522,,0.08634717017412186,,,,,,,0.11533497273921967,0.8004416227340698,,0.08422340452671051,,,,,,,,,,,,,,,,,,,,,,,,,,,,,,,,,,,,,,,,,,,,,,
910,6.966779544620328e-07,6.966779544620327e-06,1.0,21.64944045608108,5.16855188318201,28.439898516680742,3.7015995334934546,3.7015995334934546,3.7015995334934546,0.0,0.0,0.32061404150885503,2.255917523358319,0.12385773014377903,2.1071830955711572,0.06014998539074047,0.02155209393114657,0.0,1.2998417003734692,0.0,0.0,0.0,0.0,0.0,0.0,0.0,0.0,4.768396377563477,4.699030876159668,0.4998939335346222,3.1043753623962402,11.244980812072754,0.9997766017913818,0.43760445713996887,0.2796524167060852,4.0,0.24010568857192993,0.3409779369831085,0.0,0.0006072874493927126,174.72958374023438,174.51206970214844,0.0012448609641817127,,0.12025806307792664,0.7857226133346558,,0.08520244807004929,,,,,,,0.11382363736629486,0.8022186756134033,,0.08395767211914062,,,,,,107.61850914588341,159.72878609285343,0.29208965854209085,44.00344353979761,107.61851192155143,169.802748843601,224.78097198710245,276.5363406562762,36.3847896030971,91.53339320929476,163.56668289847997,0.8742328353377758,0.5818905201787379,0.05783815888361033,0.043738144177771394,0.0,0.5383474133335846,0.5922720642189344,0.3466617041374101,0.0,0.0,0.0,0.0,0.0,0.6519796442967926,0.8976585687589315,0.9809827415631527,0.9943937561833571,0.39765856875893146,0.18098274156315264,0.04439375618335717,0.19958960829577516,0.0,0.6263736263736264,0.35714285714285715,0.5586080586080585,1.581993124969713,1.5610664626071742,1.548183717734211,-7.984757900238037,0.0003405569295864552
911,6.924083753311381e-07,6.9240837533113805e-06,1.0,21.045190759607262,5.127303252349028,27.261510900548988,3.706428321632179,3.706428321632179,3.706428321632179,0.0,0.0,0.3202633471102328,2.2581034479914486,0.12173847250036292,2.1137691188502954,0.059022291286571604,0.02279402597530468,0.0,1.2948899140229095,0.0,0.0,0.0,0.0,0.0,0.0,0.0,0.0,8.689470291137695,4.4938788414001465,0.4998939335346222,2.525688648223877,11.579297065734863,1.0,0.4406828284263611,0.27650073170661926,3.5628693103790283,0.24838609993457794,0.31669384241104126,0.0,0.0,523.184814453125,523.0430908203125,0.00027088636538627557,,0.1328190267086029,0.7776046395301819,,0.0848313495516777,,,,,,,0.12507417798042297,0.7926669120788574,,0.0822589248418808,,,,,,,,,,,,,,,,,,,,,,,,,,,,,,,,,,,,,,,,,,,,,,
912,6.881846910973043e-07,6.881846910973043e-06,1.0,22.47938991237331,5.20242268330342,30.04023701435811,3.7123536805848816,3.7123536805848816,3.7123536805848816,0.0,0.0,0.32159895510286896,2.2591946576092696,0.12412202680433118,2.1145634006809546,0.058551433924082165,0.02521764426618009,0.0,1.2936554986077387,0.0,0.0,0.0,0.0,0.0,0.0,0.0,0.0,6.442043304443359,5.40833044052124,0.4998939335346222,3.4598004817962646,13.6171236038208,0.9991639852523804,0.4790414869785309,0.25873926281929016,4.0,0.24484848976135254,0.3398111164569855,0.0,0.0011133603238866396,663.6712646484375,662.8443603515625,0.0012459546479129707,,0.13001185655593872,0.7693840265274048,,0.08847131580114365,,,,,,,0.12104694545269012,0.7948118448257446,,0.08414120972156525,,,,,,,,,,,,,,,,,,,,,,,,,,,,,,,,,,,,,,,,,,,,,,
913,6.840069442929853e-07,6.840069442929853e-06,1.0,21.86221725876267,5.33261809477935,28.636748442778718,3.7439628807274072,3.7439628807274072,3.7439628807274072,0.0,0.0,0.3213598148242847,2.235425382047086,0.12304706831236144,2.08252138704867,0.057707670572641735,0.022005595065451956,0.0,1.2968835572938662,0.0,0.0,0.0,0.0,0.0,0.0,0.0,0.0,7.133912086486816,4.692046642303467,0.4998939335346222,3.0295026302337646,11.466768264770508,0.9996330738067627,0.4302222430706024,0.28427013754844666,4.0,0.24097895622253418,0.3483752906322479,0.0,0.0010121457489878543,275.2060546875,275.1600341796875,0.00016722200339944147,,0.12136700749397278,0.7861302495002747,,0.08359229564666748,,,,,,,0.11564911901950836,0.8012322187423706,,0.08311864733695984,,,,,,,,,,,,,,,,,,,,,,,,,,,,,,,,,,,,,,,,,,,,,,
914,6.798751769880462e-07,6.798751769880463e-06,1.0,20.37815238334037,5.17434651142842,25.81590972075591,3.751874356656461,3.751874356656461,3.751874356656461,0.0,0.0,0.32048908439842433,2.2209802576013513,0.12252513782398121,2.084017160776499,0.05930807139422443,0.01952333385879929,0.0,1.3013857248667124,0.0,0.0,0.0,0.0,0.0,0.0,0.0,0.0,8.041132926940918,5.12261438369751,0.4998939335346222,2.8950095176696777,13.406009674072266,1.0,0.4692489504814148,0.26640796661376953,3.739027976989746,0.24395957589149475,0.33015677332878113,0.0,0.0,449.49383544921875,448.8172607421875,0.0015051924045968047,,0.12732775509357452,0.7760528922080994,,0.08808604627847672,,,,,,,0.11810389161109924,0.7967979311943054,,0.08509819954633713,,,,,,,,,,,,,,,,,,,,,,,,,,,,,,,,,,,,,,,,,,,,,,
915,6.757894307893367e-07,6.757894307893367e-06,1.0,22.33501537426098,5.292388091216216,29.7242992504223,3.6802046492293075,3.6802046492293075,3.6802046492293075,0.0,0.0,0.3186943208849108,2.2677713342615076,0.12162252374597497,2.116930574984164,0.06025115863696949,0.02350673482224748,0.0,1.2872669116870776,0.0,0.0,0.0,0.0,0.0,0.0,0.0,0.0,9.41412353515625,4.0267767906188965,0.4998939335346222,2.1677324771881104,10.461023330688477,0.9991503357887268,0.46271470189094543,0.27997827529907227,4.0,0.2505175471305847,0.3273179531097412,0.0,0.0015182186234817814,643.123046875,643.079833984375,6.719225945171116e-05,,0.13818855583667755,0.7661569714546204,,0.08580921590328217,,,,,,,0.13144902884960175,0.7860901355743408,,0.08246084302663803,,,,,,109.15100598597265,162.938497146194,0.2942135885183717,43.75064776493953,109.15100654759797,170.40320426514802,226.1392766435338,277.0060241524011,34.577967507498606,92.80777852849442,166.3311714504076,0.8713381562588515,0.5768029369931731,0.052442074041914526,0.041411760843981626,0.0,0.5324697780981797,0.5861338862172585,0.3422090141590354,0.0,0.0,0.0,0.0,0.0,0.6522322062678526,0.8990876113004287,0.9801949360595068,0.9941189403099923,0.3990876113004287,0.18019493605950676,0.044118940309992305,0.1966032758052105,0.0,0.6318681318681318,0.3516483516483517,0.5595238095238095,1.585955091721409,1.5648063177263343,1.5517317402166324,-7.984808921813965,0.00034053955459967256
916,6.717497468402753e-07,6.717497468402753e-06,1.0,21.39122215477196,5.112066320470862,27.94053196262669,3.7269773741026184,3.7269773741026184,3.7269773741026184,0.0,0.0,0.3205099105834961,2.241138148952175,0.1227199193593618,2.0934726611987964,0.06016908465205012,0.024577798070134344,0.0,1.2945035985998206,0.0,0.0,0.0,0.0,0.0,0.0,0.0,0.0,4.630874156951904,5.112037181854248,0.4998939335346222,2.8710780143737793,13.537569999694824,0.9997913241386414,0.4284224212169647,0.2906326353549957,4.0,0.23840396106243134,0.3301861584186554,0.0,0.0004048582995951417,142.90213012695312,142.76893615722656,0.0009320642708980897,,0.11836157739162445,0.7836102247238159,,0.08920618891716003,,,,,,,0.11250185966491699,0.8013584613800049,,0.08613970875740051,,,,,,,,,,,,,,,,,,,,,,,,,,,,,,,,,,,,,,,,,,,,,,
917,6.677561658204358e-07,6.6775616582043576e-06,1.0,21.568214210304053,5.194872469515414,28.19699509079392,3.740049207532728,3.740049207532728,3.740049207532728,0.0,0.0,0.32204416635874156,2.225125905629751,0.12372158669136665,2.0861509168470227,0.05672007638054925,0.02374350219159513,0.0,1.2932446454022382,0.0,0.0,0.0,0.0,0.0,0.0,0.0,0.0,3.2355852127075195,5.605350017547607,0.4998939335346222,3.427851438522339,14.187251091003418,1.0,0.43629103899002075,0.30073532462120056,3.979722261428833,0.23725348711013794,0.3413165807723999,0.0,0.0,64.33628845214844,64.1989974975586,0.002133958266678019,,0.11631827056407928,0.7863230109214783,,0.0878276601433754,,,,,,,0.10918059200048447,0.8051429390907288,,0.08567646890878677,,,,,,,,,,,,,,,,,,,,,,,,,,,,,,,,,,,,,,,,,,,,,,
918,6.638087279451334e-07,6.638087279451334e-06,1.0,20.564585092905407,5.077324119774071,26.36216282200169,3.711010082347973,3.711010082347973,3.711010082347973,0.0,0.0,0.32090761854841904,2.2407115214579814,0.12385773014377903,2.082713152911212,0.058229059786409944,0.015950984246021992,0.0,1.2959749376451648,0.0,0.0,0.0,0.0,0.0,0.0,0.0,0.0,12.021224975585938,4.051337242126465,0.4998939335346222,1.9517006874084473,10.646533966064453,0.9987825751304626,0.44963136315345764,0.25,4.0,0.24889761209487915,0.3170940577983856,0.0004048582995951417,0.0011133603238866396,975.7398681640625,975.65185546875,9.020098305309936e-05,,0.13613811135292053,0.7659997344017029,,0.0859159529209137,,,,,,,0.13010385632514954,0.7875981330871582,,0.08229805529117584,,,,,,,,,,,,,,,,,,,,,,,,,,,,,,,,,,,,,,,,,,,,,,
919,6.599074729650246e-07,6.599074729650245e-06,1.0,21.45876167915963,5.168174949852196,28.05845188450169,3.7089942725929053,3.7089942725929053,3.7089942725929053,0.0,0.0,0.3212207330239786,2.2286253233213684,0.12236316784008129,2.1011890720676734,0.05960304672653611,0.020227582068056672,0.0,1.296186807993296,0.0,0.0,0.0,0.0,0.0,0.0,0.0,0.0,4.809086799621582,4.364627361297607,0.4998939335346222,2.7786710262298584,10.52249813079834,0.9997860789299011,0.4377378523349762,0.2539484202861786,4.0,0.24255837500095367,0.3301042914390564,0.0,0.0003036437246963563,97.24686431884766,96.94432067871094,0.0031110888999439134,,0.12423387169837952,0.7822351455688477,,0.08506044000387192,,,,,,,0.11695870757102966,0.7990009188652039,,0.08404037356376648,,,,,,,,,,,,,,,,,,,,,,,,,,,,,,,,,,,,,,,,,,,,,,
920,6.560524401657041e-07,6.560524401657041e-06,1.0,21.977276776288008,5.370091618718328,28.847389014991553,3.723403518264358,3.723403518264358,3.723403518264358,0.0,0.0,0.3217614405863994,2.2539427473738387,0.12267423320460964,2.114408544591955,0.05996983760112041,0.023692777027954925,0.0,1.2954466536238387,0.0,0.0,0.0,0.0,0.0,0.0,0.0,0.0,4.320725917816162,5.47738790512085,0.4998939335346222,3.406161308288574,13.406009674072266,1.0,0.4913601875305176,0.26161989569664,3.8854804039001465,0.24299632012844086,0.3485317826271057,0.0,0.0,37.48685836791992,36.922874450683594,0.015044843494246183,,0.12549099326133728,0.7786424160003662,,0.08794102817773819,,,,,,,0.11712586879730225,0.7965473532676697,,0.08632680773735046,,,,,,111.95823399051206,163.33912469360263,0.3098144202753626,57.69948403913896,111.9582365448615,172.20268913013751,228.85535648356057,280.6787866447271,37.715636662074495,97.36507421685744,164.18031642747962,0.8699884956474384,0.5954301028933237,0.06272872717368831,0.03523194232703392,0.0,0.5591195260936032,0.6060344589031211,0.35314507392045363,0.0,0.0,0.0,0.0,0.0,0.6529171438301729,0.8961195998680884,0.9818804734161445,0.9948884247554138,0.3961195998680884,0.18188047341614444,0.04488842475541388,0.1959620387673592,0.0,0.6868131868131868,0.3021978021978022,0.5512820512820512,1.6022335834555574,1.582262247964576,1.5700563516590622,-7.98491096496582,0.00034050483372993767
921,6.522436683673079e-07,6.522436683673079e-06,1.0,22.60855349978885,5.174582816459037,30.35964553420608,3.69894739099451,3.69894739099451,3.69894739099451,0.0,0.0,0.321190679395521,2.2475264265730575,0.12225986171413113,2.1144221537822,0.059239767693184515,0.020869567587568954,0.0,1.2906142569877006,0.0,0.0,0.0,0.0,0.0,0.0,0.0,0.0,3.279143810272217,5.376996994018555,0.4998939335346222,3.68293833732605,13.123617172241211,0.9999237656593323,0.4079660177230835,0.25,4.0,0.23505829274654388,0.3362623155117035,0.0009109311740890688,0.00020242914979757084,76.82121276855469,76.77738952636719,0.0005704575677492847,,0.11202923208475113,0.7927257418632507,,0.08721667528152466,,,,,,,0.10638358443975449,0.8078066110610962,,0.08580978959798813,,,,,,,,,,,,,,,,,,,,,,,,,,,,,,,,,,,,,,,,,,,,,,
922,6.484811959241269e-07,6.484811959241269e-06,1.0,22.114330394847972,5.210872340846706,29.269508155616553,3.7394718479465796,3.7394718479465796,3.7394718479465796,0.0,0.0,0.3203135052242795,2.2323183626741976,0.12271406843855574,2.0945554166226774,0.05819215001286687,0.018772357218974346,0.0,1.2990267985575907,0.0,0.0,0.0,0.0,0.0,0.0,0.0,0.0,4.491454124450684,5.165148735046387,0.4998939335346222,3.2076144218444824,12.817113876342773,1.0,0.43380671739578247,0.2583961486816406,3.339303493499756,0.24555392563343048,0.32271257042884827,0.0,0.0,113.0053939819336,112.46073150634766,0.004819791838193262,,0.12853950262069702,0.780219554901123,,0.0853726714849472,,,,,,,0.1195327490568161,0.7976248264312744,,0.08284246921539307,,,,,,,,,,,,,,,,,,,,,,,,,,,,,,,,,,,,,,,,,,,,,,
923,6.447650607242166e-07,6.447650607242166e-06,1.0,21.72052661792652,5.2437455460831925,28.503691802153718,3.711471145217483,3.711471145217483,3.711471145217483,0.0,0.0,0.3197414295093433,2.2320465912690035,0.12188694928143476,2.0962297594225086,0.05987860705401447,0.019714999843288113,0.0,1.2945133930928,0.0,0.0,0.0,0.0,0.0,0.0,0.0,0.0,11.758454322814941,3.1525931358337402,0.4998939335346222,1.109605073928833,9.07096004486084,0.9997976422309875,0.3787238597869873,0.31700780987739563,4.0,0.2431228905916214,0.30062800645828247,0.0,0.0003036437246963563,663.9024658203125,664.0091552734375,-0.00016070049234291573,,0.12494784593582153,0.7819437384605408,,0.08662371337413788,,,,,,,0.12466724216938019,0.7899932861328125,,0.08533945679664612,,,,,,,,,,,,,,,,,,,,,,,,,,,,,,,,,,,,,,,,,,,,,,
924,6.410953001890169e-07,6.410953001890168e-06,1.0,22.722761824324323,5.2452421446104305,30.46057788745777,3.737806990339949,3.737806990339949,3.737806990339949,0.0,0.0,0.3215650867771458,2.226717149889147,0.1221683863047007,2.087120262352196,0.058460892857732,0.01659025372685613,0.0,1.2911099614323795,0.0,0.0,0.0,0.0,0.0,0.0,0.0,0.0,6.791844367980957,4.7432332038879395,0.4998939335346222,2.7530112266540527,12.569208145141602,0.9999979138374329,0.4663986265659332,0.25,4.0,0.24526023864746094,0.33023250102996826,0.0010121457489878543,0.00010121457489878542,310.12640380859375,309.2728271484375,0.0027523508146151503,,0.12929825484752655,0.7746761441230774,,0.08854406327009201,,,,,,,0.12062972038984299,0.7933797836303711,,0.08599051833152771,,,,,,,,,,,,,,,,,,,,,,,,,,,,,,,,,,,,,,,,,,,,,,
925,6.374719512729764e-07,6.374719512729764e-06,1.0,21.85502170872044,5.130917110958615,28.91347854201858,3.6864875587257178,3.6864875587257178,3.6864875587257178,0.0,0.0,0.3206169540817673,2.2574464952623523,0.12187582737690694,2.1149203326251054,0.06240727450396564,0.023151333267624315,0.0,1.293813860094225,0.0,0.0,0.0,0.0,0.0,0.0,0.0,0.0,4.635122776031494,5.861579418182373,0.4998939335346222,3.1348414421081543,15.951155662536621,0.9998653531074524,0.5065982341766357,0.26544690132141113,4.0,0.24362190067768097,0.3514249324798584,0.0,0.0005060728744939271,171.3070068359375,170.6026611328125,0.004111598913169729,,0.12794120609760284,0.7714025378227234,,0.08889756351709366,,,,,,,0.11896181106567383,0.7955645322799683,,0.08547364175319672,,,,,,111.51678925818139,166.2324920807816,0.30313582382877247,50.865962290501855,111.51678997673201,173.38368269813787,229.65346567383733,280.3438964230656,35.261413029261995,96.0613056744716,166.4634200386379,0.87052840491513,0.5846346951375874,0.0574251720017178,0.03898289680831088,0.0,0.5413707885648484,0.5970688713686865,0.3576256834421667,0.0,0.0,0.0,0.0,0.0,0.6536535757925674,0.8975486424095855,0.9804514308746474,0.9943571140669085,0.39754864240958554,0.18045143087464732,0.044357114066908565,0.1977025392986699,0.0,0.6538461538461539,0.34065934065934067,0.5631868131868132,1.6087546412433897,1.5872053171579654,1.5738316219259094,-7.984987735748291,0.0003404786984901875
926,6.338950504631772e-07,6.338950504631771e-06,1.0,20.58850262616132,5.147281131228885,26.37942917282517,3.6778960356841215,3.6778960356841215,3.6778960356841215,0.0,0.0,0.3199329118470888,2.2646824604756124,0.12299158766462996,2.1266021728515625,0.05776902791616079,0.02109705113075875,0.0,1.2935942572516363,0.0,0.0,0.0,0.0,0.0,0.0,0.0,0.0,11.167559623718262,4.182384014129639,0.4998939335346222,1.3474552631378174,12.69255542755127,0.9996222257614136,0.47671449184417725,0.25138118863105774,4.0,0.2486215978860855,0.337693452835083,0.0,0.0009109311740890688,625.8599243164062,625.0935668945312,0.0012244871289882504,,0.13531364500522614,0.7677403092384338,,0.08713687211275101,,,,,,,0.12879027426242828,0.7871953248977661,,0.084014393389225,,,,,,,,,,,,,,,,,,,,,,,,,,,,,,,,,,,,,,,,,,,,,,
927,6.303646337789719e-07,6.303646337789719e-06,1.0,21.301536766258447,5.605374722867398,27.2396240234375,3.75497106603674,3.75497106603674,3.75497106603674,0.0,0.0,0.316645132528769,2.2157745361328125,0.12311801394900761,2.0713414372624577,0.057183813404392554,0.017276211364849192,0.0,1.2965279656487543,0.0,0.0,0.0,0.0,0.0,0.0,0.0,0.0,3.8155667781829834,5.019214630126953,0.4998939335346222,3.2724759578704834,12.040563583374023,0.9999632239341736,0.45294561982154846,0.2890215814113617,4.0,0.23946557939052582,0.3377009332180023,0.0,0.00010121457489878542,97.14533996582031,97.02281188964844,0.0012612861946335807,,0.11941339820623398,0.7856690883636475,,0.08588142693042755,,,,,,,0.1116102933883667,0.8039524555206299,,0.08443722128868103,,,,,,,,,,,,,,,,,,,,,,,,,,,,,,,,,,,,,,,,,,,,,,
928,6.268807367716165e-07,6.268807367716165e-06,1.0,21.58488010715794,5.192857484559755,28.250207849451012,3.7199451343433276,3.7199451343433276,3.7199451343433276,0.0,0.0,0.3212876964259792,2.2548525011217273,0.12328783241478172,2.1123535568649703,0.05835596935169117,0.021089586051734718,0.0,1.292894105653505,0.0,0.0,0.0,0.0,0.0,0.0,0.0,0.0,5.583868026733398,4.739283084869385,0.4998939335346222,2.710991621017456,12.374341011047363,0.9999368190765381,0.39242637157440186,0.28782594203948975,4.0,0.23552334308624268,0.32075461745262146,0.0,0.00010121457489878542,266.3099365234375,266.1545104980469,0.0005836283370408382,,0.11251897364854813,0.792904794216156,,0.08851107954978943,,,,,,,0.10848109424114227,0.8047218322753906,,0.0867970660328865,,,,,,,,,,,,,,,,,,,,,,,,,,,,,,,,,,,,,,,,,,,,,,
929,6.234433945239161e-07,6.234433945239161e-06,1.0,21.52743117873733,5.1980302140519425,28.14598289695946,3.7135698473131336,3.7135698473131336,3.7135698473131336,0.0,0.0,0.3210442001755173,2.252540382179054,0.12210098472801414,2.104993253140836,0.0590734288499162,0.02232078442702422,0.0,1.2946064923260663,0.0,0.0,0.0,0.0,0.0,0.0,0.0,0.0,6.1664557456970215,5.14837121963501,0.4998939335346222,3.026545524597168,13.327689170837402,0.9999381303787231,0.44445329904556274,0.289927214384079,4.0,0.24113301932811737,0.3263845145702362,0.0,0.00020242914979757084,197.4127197265625,196.96559143066406,0.0022649416740611115,,0.12230798602104187,0.7816532850265503,,0.08957864344120026,,,,,,,0.1153034120798111,0.7979950904846191,,0.08670149743556976,,,,,,,,,,,,,,,,,,,,,,,,,,,,,,,,,,,,,,,,,,,,,,
930,6.200526416498685e-07,6.200526416498684e-06,1.0,21.59613202069257,5.240680591480152,28.198469832136823,3.7372935527079814,3.7372935527079814,3.7372935527079814,0.0,0.0,0.32162302893561284,2.2417660275021114,0.12273337389971758,2.102500090727935,0.05930264576061352,0.018953998346586485,0.0,1.2967558164854307,0.0,0.0,0.0,0.0,0.0,0.0,0.0,0.0,3.651211738586426,4.785834312438965,0.4998939335346222,3.142503023147583,11.624617576599121,0.9999086856842041,0.42816585302352905,0.2784872353076935,4.0,0.23955950140953064,0.329611599445343,0.0,0.00010121457489878542,48.59606170654297,48.38481140136719,0.004347066362115071,,0.11900188028812408,0.7877782583236694,,0.08663401007652283,,,,,,,0.11149531602859497,0.8043297529220581,,0.08417493104934692,,,,,,108.69187386481316,161.3194881176305,0.29768355925604706,48.761243421952805,108.69187348360288,171.11422923300378,227.9682710105291,279.50514367814185,35.818382263183594,93.90293505764747,161.25464663298234,0.870934246311761,0.5848904234422313,0.057390062835612085,0.03717576877303071,0.0,0.5443361661007216,0.5960244174320625,0.35480205276677784,0.0,0.0,0.0,0.0,0.0,0.6534912510100419,0.8971639001868748,0.9808544941555825,0.9944303982998058,0.39716390018687475,0.1808544941555824,0.044430398299805884,0.19554065442819976,0.0,0.6593406593406593,0.32967032967032966,0.5476190476190476,1.599089501814528,1.5778739645585909,1.5646415434695862,-7.985032081604004,0.0003404635936021805
931,6.167085122943165e-07,6.167085122943166e-06,1.0,21.66098929740287,5.091866982949747,28.550048828125,3.7044545766469597,3.7044545766469597,3.7044545766469597,0.0,0.0,0.3224160477921769,2.237118695233319,0.12349014024476747,2.089707039497994,0.05770977123363598,0.02039096806500409,0.0,1.2948269199680638,0.0,0.0,0.0,0.0,0.0,0.0,0.0,0.0,5.000081539154053,4.5578837394714355,0.4998939335346222,3.026545524597168,10.753107070922852,0.9989123344421387,0.44573384523391724,0.2566385865211487,4.0,0.24134235084056854,0.3351287841796875,0.0,0.0013157894736842105,298.6609191894531,298.47442626953125,0.0006244302750691487,,0.12298591434955597,0.7807645797729492,,0.0856386125087738,,,,,,,0.11586475372314453,0.7995328903198242,,0.08460234105587006,,,,,,,,,,,,,,,,,,,,,,,,,,,,,,,,,,,,,,,,,,,,,,
932,6.134110401326074e-07,6.134110401326074e-06,1.0,21.75272678684544,5.228357675913218,28.590747730152028,3.698765110325169,3.698765110325169,3.698765110325169,0.0,0.0,0.3218573235176705,2.254885905497783,0.1237546173301903,2.10857123297614,0.06009106378297548,0.020524964139268204,0.0,1.3057792251174514,0.0,0.0,0.0,0.0,0.0,0.0,0.0,0.0,4.106218338012695,5.179381370544434,0.4998939335346222,3.49716854095459,12.158723831176758,0.999824583530426,0.43955710530281067,0.25,4.0,0.2399131804704666,0.3360225558280945,0.001417004048582996,0.0006072874493927126,89.62745666503906,89.31295776367188,0.00350895711057105,,0.12026918679475784,0.7843673825263977,,0.08635657280683517,,,,,,,0.11271823942661285,0.8024062514305115,,0.08487555384635925,,,,,,,,,,,,,,,,,,,,,,,,,,,,,,,,,,,,,,,,,,,,,,
933,6.101602583702482e-07,6.101602583702482e-06,1.0,21.334155933277028,5.290083601668075,27.68111275337838,3.702342265361064,3.702342265361064,3.702342265361064,0.0,0.0,0.3193833892409866,2.265944197371199,0.12315473041018925,2.1096583185969173,0.06136770506162901,0.02498232190673416,0.0,1.2930646329312712,0.0,0.0,0.0,0.0,0.0,0.0,0.0,0.0,7.359347820281982,3.5727667808532715,0.4998939335346222,2.006293535232544,8.932066917419434,0.9998332262039185,0.4226319491863251,0.267846018075943,4.0,0.24923841655254364,0.3169696629047394,0.0,0.0004048582995951417,296.82525634765625,296.84893798828125,-7.978310510498777e-05,,0.13398967683315277,0.7781420946121216,,0.08088535815477371,,,,,,,0.12841874361038208,0.7920602560043335,,0.0795210525393486,,,,,,,,,,,,,,,,,,,,,,,,,,,,,,,,,,,,,,,,,,,,,,
934,6.069561997425752e-07,6.069561997425751e-06,1.0,21.2748363597973,5.199367213893581,27.606029613597972,3.7296538481841215,3.7296538481841215,3.7296538481841215,0.0,0.0,0.3204969715427708,2.2610972636454814,0.12346357912630648,2.0945302602407097,0.06040792851834684,0.021641341415611474,0.0,1.3062583304740287,0.0,0.0,0.0,0.0,0.0,0.0,0.0,0.0,10.495034217834473,4.352456092834473,0.4998939335346222,2.1403863430023193,11.923551559448242,1.0000110864639282,0.4320386052131653,0.25,3.90014910697937,0.2454596310853958,0.3147618770599365,0.0008097165991902834,0.0,1138.698974609375,1138.400390625,0.0002622150287589639,,0.12897741794586182,0.7774553894996643,,0.08709953725337982,,,,,,,0.12357399612665176,0.7933359146118164,,0.08309007436037064,,,,,,,,,,,,,,,,,,,,,,,,,,,,,,,,,,,,,,,,,,,,,,
935,6.037988965144231e-07,6.03798896514423e-06,1.0,21.65512497360642,5.060486664643159,28.562239363386823,3.6995643409522803,3.6995643409522803,3.6995643409522803,0.0,0.0,0.3192209295324377,2.2588496852565454,0.1215700845460634,2.1114631859031885,0.059617654697315114,0.024678041806092132,0.0,1.2971446063067462,0.0,0.0,0.0,0.0,0.0,0.0,0.0,0.0,3.724954843521118,5.114199638366699,0.4998939335346222,3.174891233444214,12.767145156860352,0.9998226761817932,0.4884052276611328,0.26209354400634766,4.0,0.23952031135559082,0.3552476465702057,0.0,0.0008097165991902834,154.0294647216797,153.43148803710938,0.003882222701032,,0.12032470107078552,0.7819196581840515,,0.08660491555929184,,,,,,,0.11199714243412018,0.8023399710655212,,0.08566287159919739,,,,,,110.24268056010152,163.01272019508247,0.30294129645552825,51.50413647326794,110.24267712469045,172.13520705162736,228.84663698940074,280.696701797022,36.234186444963726,95.22577513465586,163.61746879245925,0.8714554754143191,0.5918242561150632,0.061453730697473716,0.0371716877013277,0.0,0.5535008850989285,0.602305562337047,0.3607940184495472,0.0,0.0,0.0,0.0,0.0,0.6541774491477621,0.8958264629364993,0.98105602579605,0.9946868931149463,0.39582646293649926,0.18105602579604996,0.044686893114946336,0.19731779707595912,0.0,0.6593406593406593,0.3241758241758242,0.5448717948717948,1.6055064754826682,1.5845733080263977,1.5713780871131917,-7.985084056854248,0.00034044592757709324
936,6.006883804798016e-07,6.006883804798015e-06,1.0,23.1405029296875,5.364528346706081,31.19016575168919,3.7257537841796875,3.7257537841796875,3.7257537841796875,0.0,0.0,0.32142499975256017,2.243524087441934,0.12239914971428949,2.0971376573717273,0.05715633727408744,0.02075729498992095,0.0,1.2925241831186656,0.0,0.0,0.0,0.0,0.0,0.0,0.0,0.0,7.619472503662109,4.453037261962891,0.4998939335346222,2.826565742492676,11.311062812805176,1.0,0.42431557178497314,0.2542974650859833,3.846313238143921,0.24757912755012512,0.31481102108955383,0.0,0.0,404.42218017578125,404.46710205078125,-0.000111076684717131,,0.1316174417734146,0.7785616517066956,,0.08366343379020691,,,,,,,0.12397925555706024,0.794312596321106,,0.0817081555724144,,,,,,,,,,,,,,,,,,,,,,,,,,,,,,,,,,,,,,,,,,,,,,
937,5.976246829615703e-07,5.976246829615703e-06,1.0,20.669694230363177,5.13096824852196,26.489823624894427,3.723325574720228,3.723325574720228,3.723325574720228,0.0,0.0,0.31994234549032674,2.238181243071685,0.1227118646776354,2.102313892261402,0.05649197423780287,0.01967430436933363,0.0,1.2887053618559967,0.0,0.0,0.0,0.0,0.0,0.0,0.0,0.0,8.679039001464844,5.1598029136657715,0.4998939335346222,2.6722216606140137,14.021965026855469,0.9999807476997375,0.4401435852050781,0.2594622075557709,4.0,0.2452036291360855,0.32637885212898254,0.0,0.00020242914979757084,596.2413330078125,596.1209716796875,0.0002018667969860837,,0.1291801780462265,0.775223970413208,,0.08691676706075668,,,,,,,0.12139848619699478,0.7951934337615967,,0.08340804278850555,,,,,,,,,,,,,,,,,,,,,,,,,,,,,,,,,,,,,,,,,,,,,,
938,5.946078348111313e-07,5.946078348111312e-06,1.0,21.6935474292652,5.20297282450908,28.43988861908784,3.739792282516892,3.739792282516892,3.739792282516892,0.0,0.0,0.32256090318834457,2.22967529296875,0.12329565512167441,2.0847464896537162,0.057547066662762617,0.015694147831684834,0.0,1.2940961476918813,0.0,0.0,0.0,0.0,0.0,0.0,0.0,0.0,6.616475582122803,5.103013038635254,0.4998939335346222,3.3468105792999268,12.471393585205078,0.9997522234916687,0.4400392174720764,0.25,4.0,0.2493584156036377,0.3243398666381836,0.0019230769230769232,0.0004048582995951417,178.158447265625,178.0140838623047,0.0008103090565505106,,0.13552828133106232,0.771623969078064,,0.0836651474237442,,,,,,,0.1274111568927765,0.790611982345581,,0.08197690546512604,,,,,,,,,,,,,,,,,,,,,,,,,,,,,,,,,,,,,,,,,,,,,,
939,5.916378664081112e-07,5.916378664081112e-06,1.0,22.17070048564189,5.221701132284628,29.36216942039696,3.7442061965529985,3.7442061965529985,3.7442061965529985,0.0,0.0,0.32043629723626216,2.236871874010241,0.1230712839075037,2.0952202049461572,0.05583207671706741,0.020984830083073797,0.0,1.2910213985958614,0.0,0.0,0.0,0.0,0.0,0.0,0.0,0.0,6.371476173400879,4.643833160400391,0.4998939335346222,2.6103196144104004,11.624617576599121,0.9996833205223083,0.46999749541282654,0.27556437253952026,4.0,0.246806800365448,0.3409551978111267,0.0,0.0016194331983805667,267.81646728515625,267.60498046875,0.0007896706970638608,,0.13166330754756927,0.7741340398788452,,0.08362840116024017,,,,,,,0.1241007149219513,0.7934744358062744,,0.08242484927177429,,,,,,,,,,,,,,,,,,,,,,,,,,,,,,,,,,,,,,,,,,,,,,
940,5.887148076600589e-07,5.887148076600588e-06,1.0,22.150474754539697,5.205389486776816,29.44049897065034,3.676480267498944,3.676480267498944,3.676480267498944,0.0,0.0,0.32114485147837046,2.2755772358662374,0.12289499592136692,2.1222991943359375,0.06077993882668985,0.022587210745424836,0.0,1.2967032355231207,0.0,0.0,0.0,0.0,0.0,0.0,0.0,0.0,5.016232490539551,4.80104923248291,0.4998939335346222,2.950667142868042,11.422063827514648,0.9999379515647888,0.4237303137779236,0.25646737217903137,4.0,0.23941783607006073,0.33180391788482666,0.0,0.0003036437246963563,525.0733642578125,525.0992431640625,-4.928626742775203e-05,,0.1195361465215683,0.7842519879341125,,0.08877751231193542,,,,,,,0.11200264096260071,0.80237877368927,,0.08561860024929047,,,,,,110.54905910282345,162.97324991287272,0.3064554247621887,55.83223741133134,110.54905826987951,172.72212806554012,228.46887698326424,280.2517140471652,40.89061410086496,95.72501059835271,162.7210454526155,0.8725510480219949,0.5977764005083482,0.06110605278079279,0.03313102243039404,0.0,0.5622269646351078,0.6103071194669911,0.36592946247317787,0.0,0.0,0.0,0.0,0.0,0.655570213920267,0.8956066102378073,0.9814590890769851,0.9948334615807409,0.3956066102378073,0.18145908907698505,0.044833461580740974,0.19314059580081344,0.0,0.6758241758241759,0.3131868131868132,0.5567765567765568,1.6015245978321349,1.5807742068728248,1.5677315910438916,-7.985202789306641,0.0003404054732527584
941,5.858386880021432e-07,5.858386880021432e-06,1.0,20.71161548511402,5.1152813885663,26.590564624683278,3.716655009501689,3.716655009501689,3.716655009501689,0.0,0.0,0.3199443817138672,2.2403830450934334,0.12364714854472392,2.121830502071896,0.058811522818900445,0.019287766637028875,0.0,1.299177633749472,0.0,0.0,0.0,0.0,0.0,0.0,0.0,0.0,4.4076995849609375,4.872397422790527,0.4998939335346222,3.243840217590332,11.649611473083496,0.9999892115592957,0.4313078820705414,0.2919948399066925,4.0,0.23878277838230133,0.33781903982162476,0.0,0.00010121457489878542,150.35153198242188,150.0188446044922,0.002212730216600541,,0.11792856454849243,0.7882495522499084,,0.08594357967376709,,,,,,,0.11090125888586044,0.8049821257591248,,0.0841166228055954,,,,,,,,,,,,,,,,,,,,,,,,,,,,,,,,,,,,,,,,,,,,,,
942,5.830095363968577e-07,5.830095363968578e-06,1.0,21.979320629222972,5.148921657252956,29.146276525548988,3.6879759092588684,3.6879759092588684,3.6879759092588684,0.0,0.0,0.31963966988228465,2.249014158506651,0.12287833239581133,2.1191884633657097,0.058641620584436366,0.024201997228570887,0.0,1.3009276518950592,0.0,0.0,0.0,0.0,0.0,0.0,0.0,0.0,3.0898890495300293,5.6986165046691895,0.4998939335346222,3.7721188068389893,13.590554237365723,1.0,0.458790123462677,0.2670815885066986,3.719801187515259,0.2382790744304657,0.34503188729286194,0.0,0.0,45.547882080078125,45.25553894042969,0.006418369555240055,,0.11790259182453156,0.785344660282135,,0.08709683269262314,,,,,,,0.10885431617498398,0.8068239688873291,,0.08432172238826752,,,,,,,,,,,,,,,,,,,,,,,,,,,,,,,,,,,,,,,,,,,,,,
943,5.802273813337279e-07,5.8022738133372785e-06,1.0,22.82464764569257,5.295076937288852,30.59709208720439,3.7367636190878377,3.7367636190878377,3.7367636190878377,0.0,0.0,0.32043792106009816,2.2574460828626477,0.12247862686982026,2.098217113597973,0.058845835763054924,0.024044281727558858,0.0,1.303474116969753,0.0,0.0,0.0,0.0,0.0,0.0,0.0,0.0,5.362059116363525,4.560316562652588,0.4998939335346222,2.78818416595459,11.534154891967773,0.9999561309814453,0.46028223633766174,0.2909713089466095,4.0,0.24027544260025024,0.3440077304840088,0.0,0.00010121457489878542,244.8387908935547,244.5493927001953,0.0011819948640621773,,0.12042748928070068,0.7862699627876282,,0.08364555984735489,,,,,,,0.11352957040071487,0.8023653626441956,,0.08410508930683136,,,,,,,,,,,,,,,,,,,,,,,,,,,,,,,,,,,,,,,,,,,,,,
944,5.774922508290228e-07,5.774922508290228e-06,1.0,22.45533051361909,5.163804750184755,29.994536528716218,3.7368547594225086,3.7368547594225086,3.7368547594225086,0.0,0.0,0.3213161520055822,2.2405698621595227,0.1224479933042784,2.109116012985642,0.05814920889364707,0.01987531378462508,0.0,1.2881787274334882,0.0,0.0,0.0,0.0,0.0,0.0,0.0,0.0,5.202170372009277,5.532308101654053,0.4998939335346222,2.682680368423462,15.490615844726562,0.999925971031189,0.4779317378997803,0.299519419670105,4.0,0.23757217824459076,0.34821799397468567,0.0,0.00020242914979757084,165.95916748046875,165.6837158203125,0.0016597556154206853,,0.11754579842090607,0.7824655771255493,,0.08949756622314453,,,,,,,0.11019071936607361,0.8025761842727661,,0.08723311871290207,,,,,,,,,,,,,,,,,,,,,,,,,,,,,,,,,,,,,,,,,,,,,,
945,5.748041724254774e-07,5.748041724254774e-06,1.0,22.24941604201858,5.125114647117821,29.678014806798988,3.7082969046927787,3.7082969046927787,3.7082969046927787,0.0,0.0,0.3201465348939638,2.2471107276710303,0.12082169507000898,2.1096387296109587,0.0573785433898101,0.018867723039678624,0.0,1.290615700386666,0.0,0.0,0.0,0.0,0.0,0.0,0.0,0.0,2.413217306137085,5.868375778198242,0.4998939335346222,4.03702449798584,14.04937744140625,0.9999621510505676,0.4097282588481903,0.25948643684387207,4.0,0.23353926837444305,0.3351201117038727,0.0,0.00010121457489878542,38.67832565307617,38.60906982421875,0.001790559122920922,,0.11030228435993195,0.7909155488014221,,0.09111233800649643,,,,,,,0.10387584567070007,0.8075018525123596,,0.08862228691577911,,,,,,111.29116758409437,162.73463634586568,0.30958477139238155,54.85329483367585,111.29116752530447,172.4792956844536,227.95628934213667,280.21575243960524,42.96732112339565,96.20898508471112,163.98396035899287,0.871283491190154,0.5961046419753931,0.06364918872255798,0.036808257778614274,0.0,0.5582277298555453,0.6111724019461912,0.37139302564585497,0.0,0.0,0.0,0.0,0.0,0.6541800282316376,0.8955333260049101,0.9815140522516581,0.9949800300465355,0.3955333260049101,0.18151405225165806,0.0449800300465355,0.19647502839764025,0.0,0.6813186813186813,0.3131868131868132,0.5512820512820512,1.6029913073385156,1.5824411373872023,1.5695720056256095,-7.9851155281066895,0.0003404351882636547
946,5.72163173192012e-07,5.72163173192012e-06,1.0,22.91823928420608,5.320544681033573,30.78609982052365,3.725170238597973,3.725170238597973,3.725170238597973,0.0,0.0,0.32029399356326543,2.243958550530511,0.12180709838867188,2.1083662703230575,0.05893151180164234,0.019180591041977342,0.0,1.2922282863307644,0.0,0.0,0.0,0.0,0.0,0.0,0.0,0.0,3.1511714458465576,4.718851089477539,0.4998939335346222,3.107408285140991,11.4443941116333,0.9998353123664856,0.40886417031288147,0.29302096366882324,4.0,0.23459820449352264,0.3353475034236908,0.0,0.0004048582995951417,54.828826904296875,54.75031280517578,0.0014319857555613812,,0.11106378585100174,0.7938970327377319,,0.08917714655399323,,,,,,,0.10647605359554291,0.8060086965560913,,0.08751523494720459,,,,,,,,,,,,,,,,,,,,,,,,,,,,,,,,,,,,,,,,,,,,,,
947,5.695692797234584e-07,5.695692797234584e-06,1.0,22.37055268158784,5.1967926025390625,29.78121700802365,3.7468245222761825,3.7468245222761825,3.7468245222761825,0.0,0.0,0.32078724938469966,2.244282696698163,0.1232822392437909,2.082789859256229,0.0573433476525384,0.021579885804975354,0.0,1.2935428103885136,0.0,0.0,0.0,0.0,0.0,0.0,0.0,0.0,13.833720207214355,2.757368564605713,0.4998939335346222,1.011336326599121,7.593888282775879,0.999915361404419,0.45656314492225647,0.284037709236145,4.0,0.2563515603542328,0.3027460277080536,0.0,0.0003036437246963563,707.51708984375,707.0941772460938,0.0005977418831672987,,0.1450776308774948,0.7691448330879211,,0.08402017503976822,,,,,,,0.14057232439517975,0.7779857516288757,,0.0814419537782669,,,,,,,,,,,,,,,,,,,,,,,,,,,,,,,,,,,,,,,,,,,,,,
948,5.670225181402952e-07,5.670225181402952e-06,1.0,20.86242840741132,5.249456457189612,26.769569190772803,3.7137463543866134,3.7137463543866134,3.7137463543866134,0.0,0.0,0.320798719251478,2.24249267578125,0.12264821336076066,2.102730209762986,0.0589702709301098,0.023671623822805042,0.0,1.2883715242952913,0.0,0.0,0.0,0.0,0.0,0.0,0.0,0.0,7.86594295501709,4.326484203338623,0.4998939335346222,2.2034826278686523,11.718070983886719,0.999975860118866,0.45583638548851013,0.2962043285369873,4.0,0.24445904791355133,0.3331351578235626,0.0,0.00020242914979757084,268.5690002441406,268.0982971191406,0.0017526338653087693,,0.12702618539333344,0.7803713083267212,,0.08675942569971085,,,,,,,0.12052272260189056,0.7942352294921875,,0.08524205535650253,,,,,,,,,,,,,,,,,,,,,,,,,,,,,,,,,,,,,,,,,,,,,,
949,5.645229140883844e-07,5.645229140883843e-06,1.0,22.45604643950591,5.099347501187711,30.134448902027028,3.6907699172561235,3.6907699172561235,3.6907699172561235,0.0,0.0,0.3208690849510399,2.2694421716638513,0.12209202792193438,2.118796889846389,0.059507421545080236,0.023354377295519854,0.0,1.2965805466110643,0.0,0.0,0.0,0.0,0.0,0.0,0.0,0.0,2.712325096130371,5.927119255065918,0.4998939335346222,4.18556022644043,13.915555000305176,0.9998654723167419,0.4623681902885437,0.28101813793182373,4.0,0.23752844333648682,0.354474276304245,0.0,0.0004048582995951417,12.190171241760254,12.031930923461914,0.012980975833731605,,0.11672046035528183,0.7865918278694153,,0.08563481271266937,,,,,,,0.1081472858786583,0.8070067763328552,,0.0848459005355835,,,,,,,,,,,,,,,,,,,,,,,,,,,,,,,,,,,,,,,,,,,,,,
950,5.620704927387093e-07,5.620704927387093e-06,1.0,21.885852710620778,5.251574129671664,28.80973197318412,3.709946915910051,3.709946915910051,3.709946915910051,0.0,0.0,0.3210120845485378,2.2560303146774703,0.12335873938895561,2.114599898054793,0.05948270978154363,0.025360411888844258,0.0,1.2947086643528294,0.0,0.0,0.0,0.0,0.0,0.0,0.0,0.0,3.4782893657684326,5.7081217765808105,0.4998939335346222,4.140839099884033,13.146714210510254,0.9990091323852539,0.4639309048652649,0.28248330950737,4.0,0.24019427597522736,0.3500136733055115,0.0,0.0015182186234817814,37.64606475830078,37.279869079589844,0.009727329564511602,,0.12184754759073257,0.7793862223625183,,0.08535810559988022,,,,,,,0.11320145428180695,0.8034905195236206,,0.08330805599689484,,,,,,110.27432588430551,163.76277668028797,0.30084849633146277,50.036218391669976,110.27432545959527,172.05899905533047,227.2838223386952,279.20959364362443,38.28792517525809,94.30755142093629,166.00516742208728,0.8724036156422208,0.5840069109367152,0.058647082650240885,0.04008173222856149,0.0,0.5430541763699465,0.599023931577416,0.35011479498579906,0.0,0.0,0.0,0.0,0.0,0.6535451467028914,0.897915063574072,0.9807812099226851,0.9944487193580301,0.397915063574072,0.1807812099226851,0.044448719358030186,0.1957971492433403,0.0,0.6758241758241759,0.3131868131868132,0.553113553113553,1.595890998185336,1.5752039898882855,1.5624234419275116,-7.985037803649902,0.0003404616436455399
951,5.596652787871272e-07,5.596652787871272e-06,1.0,22.16824753220017,5.164471600506757,29.42982276710304,3.7356748838682434,3.7356748838682434,3.7356748838682434,0.0,0.0,0.3220569249745962,2.2350892762880066,0.1225171218047271,2.091727798049514,0.05861220488677154,0.01898617357821078,0.0,1.2924641789616764,0.0,0.0,0.0,0.0,0.0,0.0,0.0,0.0,6.801753520965576,5.286888122558594,0.4998939335346222,2.94203519821167,13.831562995910645,0.9991505742073059,0.49608904123306274,0.2986793518066406,4.0,0.23801827430725098,0.3547120988368988,0.0,0.0019230769230769232,302.698974609375,301.29486083984375,0.0046386472611716694,,0.11901616305112839,0.7786625623703003,,0.0893670842051506,,,,,,,0.11208134889602661,0.8006101846694946,,0.08730846643447876,,,,,,,,,,,,,,,,,,,,,,,,,,,,,,,,,,,,,,,,,,,,,,
952,5.573072964541147e-07,5.573072964541148e-06,1.0,22.9759521484375,5.340661538613809,30.85963233741554,3.7413754849820524,3.7413754849820524,3.7413754849820524,0.0,0.0,0.3207132236377613,2.22855975176837,0.12395149952656515,2.102551640690984,0.056706969802444045,0.01896730951360754,0.0,1.2850886164484798,0.0,0.0,0.0,0.0,0.0,0.0,0.0,0.0,4.178734302520752,5.534365177154541,0.4998939335346222,4.259785175323486,12.520204544067383,0.9999734163284302,0.467052698135376,0.2608138620853424,4.0,0.24540385603904724,0.3343964219093323,0.0,0.00010121457489878542,103.04701232910156,102.69058990478516,0.0034588331700301884,,0.12977895140647888,0.7737722396850586,,0.08688675612211227,,,,,,,0.11870867758989334,0.79790198802948,,0.08338932693004608,,,,,,,,,,,,,,,,,,,,,,,,,,,,,,,,,,,,,,,,,,,,,,
953,5.549965694845286e-07,5.549965694845285e-06,1.0,22.258690086570947,5.370160077069257,29.354462494721282,3.7713837494721285,3.7713837494721285,3.7713837494721285,0.0,0.0,0.32009627367999105,2.2151491319811023,0.12269263654141813,2.0671759940482475,0.056394596357603334,0.022314205362990096,0.0,1.2933946557947107,0.0,0.0,0.0,0.0,0.0,0.0,0.0,0.0,3.526653289794922,5.436940670013428,0.4998939335346222,3.4903430938720703,13.327689170837402,0.9999994039535522,0.44929978251457214,0.27025896310806274,4.0,0.2405613511800766,0.33971646428108215,0.0,0.00010121457489878542,52.34587478637695,52.018463134765625,0.006254774668443161,,0.1212780699133873,0.7834885120391846,,0.0869411900639534,,,,,,,0.11265303939580917,0.80164635181427,,0.0857006162405014,,,,,,,,,,,,,,,,,,,,,,,,,,,,,,,,,,,,,,,,,,,,,,
954,5.527331211473634e-07,5.527331211473634e-06,1.0,22.341900799725508,5.349775984480575,29.61687407622466,3.719658516548775,3.719658516548775,3.719658516548775,0.0,0.0,0.3192298734510267,2.2400209581529773,0.12199403144217827,2.1039824614653715,0.060281302477862383,0.026197990855655155,0.0,1.284639616270323,0.0,0.0,0.0,0.0,0.0,0.0,0.0,0.0,13.085134506225586,3.423741102218628,0.4998939335346222,1.3053607940673828,9.655986785888672,0.9995941519737244,0.4437674283981323,0.26409175992012024,4.0,0.25104081630706787,0.3111332058906555,0.0,0.0006072874493927126,769.269775390625,769.127197265625,0.00018534216416809138,,0.13810357451438904,0.7695974707603455,,0.0848667174577713,,,,,,,0.13385321199893951,0.7829394340515137,,0.08320736885070801,,,,,,,,,,,,,,,,,,,,,,,,,,,,,,,,,,,,,,,,,,,,,,
955,5.505169742355188e-07,5.505169742355187e-06,1.0,21.367759910789697,5.1405668516416805,27.92509501689189,3.693380407384924,3.693380407384924,3.693380407384924,0.0,0.0,0.3203718597824509,2.240592544143264,0.12249614096976616,2.121665129790435,0.059005763079669024,0.018620742333901895,0.0,1.2872710356841217,0.0,0.0,0.0,0.0,0.0,0.0,0.0,0.0,3.781062602996826,5.7986836433410645,0.4998939335346222,4.230764865875244,13.511155128479004,0.999639630317688,0.44576364755630493,0.2504073977470398,4.0,0.23922917246818542,0.35102471709251404,0.0,0.0011133603238866396,69.09683990478516,68.80015563964844,0.004293745785560485,,0.11938102543354034,0.7848533987998962,,0.08430352061986923,,,,,,,0.11261032521724701,0.8038462400436401,,0.08354340493679047,,,,,,112.31536638867725,167.2093573827245,0.3088426756198721,54.692145127516525,112.3153682207242,173.8562509395701,229.86331281800068,281.3811205966381,39.169510977608816,97.1028877080873,166.10733894679856,0.8710711625905349,0.5852018367652118,0.05968477210897831,0.03870057893542571,0.0,0.543029429975785,0.6010221314726604,0.35211956758644525,0.0,0.0,0.0,0.0,0.0,0.6527211336829558,0.8969806896046315,0.9810377047378257,0.9945220035909275,0.3969806896046315,0.18103770473782566,0.044522003590927506,0.1985819500934374,0.0,0.6703296703296703,0.3131868131868132,0.5512820512820513,1.6121851533323854,1.5915713436328447,1.5788554893090174,-7.985028266906738,0.0003404648741707206
956,5.483481510655699e-07,5.4834815106556985e-06,1.0,20.263635583826012,5.136177681587838,25.69100044869088,3.706918664880701,3.706918664880701,3.706918664880701,0.0,0.0,0.3203823501999314,2.2496040962837838,0.12198747170938028,2.1158684395455025,0.05938951389209644,0.02399778043901598,0.0,1.2869192587362754,0.0,0.0,0.0,0.0,0.0,0.0,0.0,0.0,6.742334365844727,5.024737358093262,0.4998939335346222,3.4228334426879883,12.422772407531738,1.0000056028366089,0.462606817483902,0.25,3.970703125,0.24677392840385437,0.3348526954650879,0.000708502024291498,0.0,269.11993408203125,269.1705627441406,-0.00018812676319229004,,0.1310673952102661,0.7764973044395447,,0.08363580703735352,,,,,,,0.12273421883583069,0.7958657741546631,,0.08140002936124802,,,,,,,,,,,,,,,,,,,,,,,,,,,,,,,,,,,,,,,,,,,,,,
957,5.462266734775409e-07,5.462266734775409e-06,1.0,22.56410670924831,5.389588227143159,30.053611961570947,3.701067537874789,3.701067537874789,3.701067537874789,0.0,0.0,0.32037830352783203,2.2517337283572636,0.12189858668559306,2.1075897216796875,0.059135752755242424,0.019831485039479024,0.0,1.2930437036462732,0.0,0.0,0.0,0.0,0.0,0.0,0.0,0.0,3.5687901973724365,5.2868266105651855,0.4998939335346222,3.49375319480896,12.498208999633789,0.9995830059051514,0.5023861527442932,0.2813146710395813,4.0,0.2391851842403412,0.36657384037971497,0.0,0.0011133603238866396,63.587432861328125,63.35999298095703,0.0035768055122951115,,0.11928434669971466,0.7850905060768127,,0.08400265127420425,,,,,,,0.11055945605039597,0.8059514164924622,,0.08348914980888367,,,,,,,,,,,,,,,,,,,,,,,,,,,,,,,,,,,,,,,,,,,,,,
958,5.441525628346889e-07,5.4415256283468885e-06,1.0,21.78647922825169,5.070599942593961,28.83631030933277,3.6865766370618664,3.6865766370618664,3.6865766370618664,0.0,0.0,0.3204964560431403,2.2636491930162586,0.12277683051856789,2.1211690129460514,0.05780713622634475,0.02286191244383116,0.0,1.2925186157226562,0.0,0.0,0.0,0.0,0.0,0.0,0.0,0.0,10.750862121582031,3.9637176990509033,0.4998939335346222,2.201869249343872,10.220684051513672,0.9999699592590332,0.441406786441803,0.2622874677181244,4.0,0.24639831483364105,0.3222920000553131,0.0,0.00020242914979757084,822.908935546875,822.6433715820312,0.0003227136726462521,,0.13026075065135956,0.7771693468093872,,0.08690306544303894,,,,,,,0.12523742020130157,0.7902044057846069,,0.0845581665635109,,,,,,,,,,,,,,,,,,,,,,,,,,,,,,,,,,,,,,,,,,,,,,
959,5.421258400232848e-07,5.4212584002328485e-06,1.0,20.864477209142738,5.170110754064612,26.777041873416387,3.750274658203125,3.750274658203125,3.750274658203125,0.0,0.0,0.32000830366804794,2.254966323440139,0.12070008870717641,2.096745052853146,0.06050771635931891,0.023837621147568162,0.0,1.2876443605165224,0.0,0.0,0.0,0.0,0.0,0.0,0.0,0.0,8.621440887451172,4.647058963775635,0.4998939335346222,2.7070233821868896,11.993621826171875,0.9999998807907104,0.4539271295070648,0.2641470730304718,3.9157261848449707,0.24683934450149536,0.33106568455696106,0.0,0.0,456.3438415527344,456.11279296875,0.0005063037187008371,,0.13103479146957397,0.7761416435241699,,0.08755747973918915,,,,,,,0.1243051290512085,0.7908663749694824,,0.08482848852872849,,,,,,,,,,,,,,,,,,,,,,,,,,,,,,,,,,,,,,,,,,,,,,
960,5.401465254524037e-07,5.4014652545240375e-06,1.0,21.06158612225507,5.217671574773015,27.192394359691722,3.71448413745777,3.71448413745777,3.71448413745777,0.0,0.0,0.3194439604475692,2.257345251134924,0.12195734075597815,2.1067300744958826,0.059305558333525785,0.02083514993255203,0.0,1.2911804817818306,0.0,0.0,0.0,0.0,0.0,0.0,0.0,0.0,4.45020055770874,4.269267559051514,0.4998939335346222,2.591270923614502,10.856517791748047,0.9999575018882751,0.38749033212661743,0.30831074714660645,4.0,0.23469771444797516,0.31678280234336853,0.0,0.00010121457489878542,221.7864532470703,221.28636169433594,0.0022548336267286468,,0.1101694405078888,0.7983600497245789,,0.08873169869184494,,,,,,,0.10548215359449387,0.8076090216636658,,0.08690883219242096,,,,,,106.95927410335331,158.8890772641963,0.2975368057212028,47.303015006767524,106.95927527341264,170.0384445919192,226.77092269047517,278.4932925199119,40.07026835850307,93.49759502558746,154.8892663043478,0.8739615366084219,0.5835709127247928,0.05726904477275204,0.037620401691618705,0.0,0.5430136984318797,0.5978976126028567,0.3560367616920209,0.0,0.0,0.0,0.0,0.0,0.653639111461598,0.8974203950020153,0.9806712835733392,0.9946319299402734,0.3974203950020153,0.18067128357333917,0.04463192994027343,0.1937268696639918,0.0,0.6703296703296703,0.31868131868131866,0.5576923076923077,1.5950130510788698,1.573806460742112,1.5605682594763053,-7.985001087188721,0.0003404741291888058
961,5.382146390537222e-07,5.382146390537222e-06,1.0,21.597672745988177,5.150579504064612,28.304690799197637,3.741283519847973,3.741283519847973,3.741283519847973,0.0,0.0,0.3213110743342219,2.221927952122044,0.12478044870737437,2.077364947344806,0.056926772401139546,0.017059501763936634,0.0,1.294752481821421,0.0,0.0,0.0,0.0,0.0,0.0,0.0,0.0,10.127878189086914,3.8726444244384766,0.4998939335346222,1.7892332077026367,10.772031784057617,0.9999877214431763,0.4613209366798401,0.2808978855609894,4.0,0.24532675743103027,0.3263942003250122,0.0,0.00020242914979757084,568.0924682617188,567.9185180664062,0.0003062004955720722,,0.1282692402601242,0.7795827984809875,,0.08787050098180771,,,,,,,0.1235891655087471,0.7913928031921387,,0.08501803129911423,,,,,,,,,,,,,,,,,,,,,,,,,,,,,,,,,,,,,,,,,,,,,,
962,5.363302002813152e-07,5.363302002813153e-06,1.0,22.306888064822637,5.207417668523015,29.70617015941723,3.7132040487753377,3.7132040487753377,3.7132040487753377,0.0,0.0,0.3208332577267209,2.2376232662716427,0.12303251833529086,2.0965662775812923,0.05910662702611975,0.02093524062955702,0.0,1.2928398750923775,0.0,0.0,0.0,0.0,0.0,0.0,0.0,0.0,7.95226526260376,4.7904253005981445,0.4998939335346222,3.1317801475524902,11.624617576599121,1.0,0.4757259488105774,0.2659887969493866,3.849964141845703,0.2515982687473297,0.3262009620666504,0.0,0.0,384.9542236328125,384.76910400390625,0.0004808873822951631,,0.138708233833313,0.770072340965271,,0.08487747609615326,,,,,,,0.12910914421081543,0.7892758250236511,,0.08161502331495285,,,,,,,,,,,,,,,,,,,,,,,,,,,,,,,,,,,,,,,,,,,,,,
963,5.344932281114597e-07,5.344932281114598e-06,1.0,21.310129526499157,5.096344818940034,27.86509250950169,3.6848181647223397,3.6848181647223397,3.6848181647223397,0.0,0.0,0.3206736848161027,2.25654581430796,0.12241916398744325,2.1154022216796875,0.05936207642426362,0.020826573307449754,0.0,1.296445691907728,0.0,0.0,0.0,0.0,0.0,0.0,0.0,0.0,6.665454864501953,4.830751895904541,0.4998939335346222,2.609682559967041,12.993551254272461,0.9998812079429626,0.44939932227134705,0.25,4.0,0.24547484517097473,0.335051953792572,0.0005060728744939271,0.00020242914979757084,327.2451171875,327.021728515625,0.0006826340872398903,,0.12904475629329681,0.7774055004119873,,0.08639178425073624,,,,,,,0.12152345478534698,0.7934045195579529,,0.08507204800844193,,,,,,,,,,,,,,,,,,,,,,,,,,,,,,,,,,,,,,,,,,,,,,
964,5.327037410424452e-07,5.3270374104244516e-06,1.0,22.556968895164697,5.26037226496516,30.154313370988177,3.7089150918496623,3.7089150918496623,3.7089150918496623,0.0,0.0,0.32150461867048935,2.243548006624789,0.12462208722088788,2.103308187948691,0.0596555825826284,0.021387477178831358,0.0,1.3018258584512246,0.0,0.0,0.0,0.0,0.0,0.0,0.0,0.0,4.29109525680542,5.112851142883301,0.4998939335346222,3.348445415496826,12.352601051330566,0.9999992251396179,0.3963794708251953,0.2547599971294403,4.0,0.23762735724449158,0.3188917636871338,0.0,0.00010121457489878542,214.96131896972656,214.8994903564453,0.00028762669292123875,,0.1160401776432991,0.7894285917282104,,0.08844377100467682,,,,,,,0.10935193300247192,0.8044577836990356,,0.08619026839733124,,,,,,,,,,,,,,,,,,,,,,,,,,,,,,,,,,,,,,,,,,,,,,
965,5.309617570943865e-07,5.309617570943865e-06,1.0,21.40113129486909,5.12926586254223,27.968644425675677,3.7057194065403296,3.7057194065403296,3.7057194065403296,0.0,0.0,0.32019563623376796,2.2722423656566724,0.12182721576175175,2.1129861780115076,0.05925967886641219,0.019119140264150257,0.0,1.2926364589381862,0.0,0.0,0.0,0.0,0.0,0.0,0.0,0.0,6.75559663772583,4.716637134552002,0.4998939335346222,3.0428452491760254,11.422063827514648,0.999989926815033,0.4378494620323181,0.2590794563293457,4.0,0.24619561433792114,0.3239235579967499,0.0,0.00010121457489878542,234.07244873046875,234.04031372070312,0.00013728659626502233,,0.13002260029315948,0.777042031288147,,0.08704935759305954,,,,,,,0.1218770369887352,0.7935576438903809,,0.08456529676914215,,,,,,108.59688754658123,162.2177544857323,0.298939195686965,45.85716656276158,108.59688909533173,170.42406692916953,227.17712007110893,278.73417051673243,37.82443945748465,94.25064181542211,159.5984709366508,0.8718938106052732,0.5779070217695879,0.056721121610221956,0.03972474960051355,0.0,0.5333191818626432,0.5958136463423968,0.3553042587733324,0.0,0.0,0.0,0.0,0.0,0.6525024866338557,0.8978051372247261,0.9804697519328717,0.9942655087757869,0.3978051372247261,0.18046975193287162,0.044265508775786944,0.1978491077644645,0.0,0.6538461538461539,0.34065934065934067,0.5641025641025641,1.5990051451947662,1.5777563675419315,1.564640107881892,-7.984990119934082,0.00034047788358293474
966,5.29267293809043e-07,5.292672938090429e-06,1.0,22.20503853462838,5.464926229940878,29.23851879222973,3.714794262035473,3.714794262035473,3.714794262035473,0.0,0.0,0.3197398314604888,2.2378092585383236,0.12313891745902397,2.11198445912954,0.05833269454337455,0.017913676596976614,0.0,1.2905107446618982,0.0,0.0,0.0,0.0,0.0,0.0,0.0,0.0,4.933341026306152,5.264438152313232,0.4998939335346222,3.6739583015441895,12.49577522277832,1.0000001192092896,0.45205453038215637,0.27822741866111755,3.9549083709716797,0.23957788944244385,0.34557294845581055,0.0,0.0,206.34146118164062,206.13739013671875,0.0009889968005132668,,0.11952600628137589,0.7854195237159729,,0.08764916658401489,,,,,,,0.11301854997873306,0.8011264801025391,,0.08585499972105026,,,,,,,,,,,,,,,,,,,,,,,,,,,,,,,,,,,,,,,,,,,,,,
967,5.276203682496407e-07,5.276203682496408e-06,1.0,21.593746700802363,5.062343288112331,28.42067409206081,3.713832545924831,3.713832545924831,3.713832545924831,0.0,0.0,0.3212629782186972,2.2485180416622677,0.12317386833397118,2.0987975661819047,0.055661581658028265,0.023193262718819285,0.0,1.2936492095122467,0.0,0.0,0.0,0.0,0.0,0.0,0.0,0.0,6.92009973526001,5.919241905212402,0.4998939335346222,3.4598004817962646,15.04337215423584,1.0,0.46773630380630493,0.2675766050815582,3.9586968421936035,0.24423199892044067,0.3306101858615875,0.0,0.0,346.7037658691406,346.3966369628906,0.0008858539666567173,,0.12765096127986908,0.7762331962585449,,0.08778540790081024,,,,,,,0.11865713447332382,0.7965437173843384,,0.0847991406917572,,,,,,,,,,,,,,,,,,,,,,,,,,,,,,,,,,,,,,,,,,,,,,
968,5.260209970007019e-07,5.260209970007019e-06,1.0,21.92750343116554,5.319248096362965,28.75714276288007,3.753816759264147,3.753816759264147,3.753816759264147,0.0,0.0,0.32145708960455815,2.2489753929344385,0.12219171266298036,2.083267624313767,0.05679612546353727,0.021403559156366297,0.0,1.2896798623574746,0.0,0.0,0.0,0.0,0.0,0.0,0.0,0.0,6.807675361633301,5.711120128631592,0.4998939335346222,3.412820339202881,14.784126281738281,0.9998853206634521,0.45659351348876953,0.27325835824012756,4.0,0.2394113838672638,0.3390553891658783,0.0,0.0003036437246963563,516.3546752929688,516.047119140625,0.0005956296457841679,,0.1198948547244072,0.782724916934967,,0.08859237283468246,,,,,,,0.11321236193180084,0.8004750609397888,,0.08631259948015213,,,,,,,,,,,,,,,,,,,,,,,,,,,,,,,,,,,,,,,,,,,,,,
969,5.244691961678771e-07,5.2446919616787714e-06,1.0,22.637299408783782,5.126306894663218,30.494579418285472,3.6777121054159627,3.6777121054159627,3.6777121054159627,0.0,0.0,0.3212306563918655,2.274381482923353,0.12251310090760927,2.118804931640625,0.060062215134904194,0.01995315745070174,0.0,1.2923538620407518,0.0,0.0,0.0,0.0,0.0,0.0,0.0,0.0,3.4708549976348877,4.971404075622559,0.4998939335346222,3.089254140853882,12.447059631347656,0.9999962449073792,0.41603711247444153,0.27662235498428345,4.0,0.23867347836494446,0.33100956678390503,0.0,0.00010121457489878542,68.12413787841797,68.00556182861328,0.001740587895824997,,0.11823230981826782,0.7854586243629456,,0.09004748612642288,,,,,,,0.11159579455852509,0.8005739450454712,,0.0878303050994873,,,,,,,,,,,,,,,,,,,,,,,,,,,,,,,,,,,,,,,,,,,,,,
970,5.22964981377784e-07,5.22964981377784e-06,1.0,20.69586016680743,5.113490749049831,26.56125290329392,3.7154318319784627,3.7154318319784627,3.7154318319784627,0.0,0.0,0.3220623892706794,2.253781086689717,0.12279827530319626,2.11110089276288,0.05852824932820088,0.01885499503161456,0.0,1.2935656985721073,0.0,0.0,0.0,0.0,0.0,0.0,0.0,0.0,3.08744478225708,5.861198902130127,0.4998939335346222,3.9666810035705566,14.242778778076172,1.0,0.48816242814064026,0.29519122838974,3.9747164249420166,0.23847560584545135,0.34721094369888306,0.0,0.0,42.90886688232422,42.74858856201172,0.003735319339754569,,0.11929601430892944,0.7796928286552429,,0.09067407995462418,,,,,,,0.10822704434394836,0.8042798042297363,,0.08749313652515411,,,,,,110.109192942525,161.7776416802903,0.30366361979100404,52.11191646869366,110.10919353385111,171.78864100110997,227.92192873399557,279.97648122138645,38.25141906738281,96.04942682547163,160.4725461213485,0.8714990873479952,0.5980730812114017,0.06522881187940818,0.03289536834070731,0.0,0.5597790184427691,0.6163047137265889,0.367075636242254,0.0,0.0,0.0,0.0,0.0,0.6559009047114462,0.8948004836759371,0.9812575574365175,0.9945403246491518,0.3948004836759371,0.1812575574365175,0.04454032464915181,0.19845370268586712,0.0,0.6703296703296703,0.3241758241758242,0.5467032967032966,1.6007224578451325,1.5802172319247172,1.5675261714956263,-7.984898567199707,0.0003405090537853539
971,5.215083677778482e-07,5.215083677778483e-06,1.0,21.72317917282517,5.224455549910262,28.468367293074323,3.74298755542652,3.74298755542652,3.74298755542652,0.0,0.0,0.3213933480752481,2.2290214332374365,0.12360644984889675,2.0928272556614234,0.05724387555509,0.020255531813647296,0.0,1.293794889707823,0.0,0.0,0.0,0.0,0.0,0.0,0.0,0.0,1.9460341930389404,6.2187299728393555,0.4998939335346222,4.318424701690674,14.868111610412598,1.0000004768371582,0.4267459809780121,0.25,4.0,0.23067155480384827,0.34524840116500854,0.0006072874493927126,0.00020242914979757084,7.8621978759765625,7.818145751953125,0.005603029167968606,,0.10600258409976959,0.7935449481010437,,0.0910869911313057,,,,,,,0.09919743239879608,0.8115766048431396,,0.08922600746154785,,,,,,,,,,,,,,,,,,,,,,,,,,,,,,,,,,,,,,,,,,,,,,
972,5.200993700361527e-07,5.200993700361527e-06,1.0,22.268416121199323,5.395760201119088,29.423485008445947,3.7203954748205237,3.7203954748205237,3.7203954748205237,0.0,0.0,0.31972921216810074,2.2315238746436865,0.12312456079431482,2.1066603789458402,0.06073922724337191,0.023679915312174206,0.0,1.2932313455117714,0.0,0.0,0.0,0.0,0.0,0.0,0.0,0.0,7.1093058586120605,5.296892166137695,0.4998939335346222,2.8682754039764404,14.44165325164795,0.9997628927230835,0.4847179651260376,0.3046332597732544,4.0,0.23917549848556519,0.34598711133003235,0.0,0.0008097165991902834,251.88174438476562,250.73545837402344,0.004550889599173022,,0.12082396447658539,0.7764860391616821,,0.09307318925857544,,,,,,,0.11247233301401138,0.7981064319610596,,0.08942124247550964,,,,,,,,,,,,,,,,,,,,,,,,,,,,,,,,,,,,,,,,,,,,,,
973,5.187380023412895e-07,5.187380023412894e-06,1.0,22.69030266839105,5.447359239732897,30.1798755542652,3.7292736156566724,3.7292736156566724,3.7292736156566724,0.0,0.0,0.32108211517333984,2.250743762866871,0.12332168785301414,2.1297727017789274,0.0609717304642136,0.02411905172708872,0.0,1.2866249084472656,0.0,0.0,0.0,0.0,0.0,0.0,0.0,0.0,7.443531513214111,4.428528785705566,0.4998939335346222,2.6462531089782715,10.837445259094238,0.9999189376831055,0.4279933571815491,0.32598909735679626,4.0,0.23647283017635345,0.33247309923171997,0.0,0.0004048582995951417,527.9456787109375,527.9330444335938,2.393101762779568e-05,,0.11442150175571442,0.7897430062294006,,0.08964729309082031,,,,,,,0.10998015105724335,0.8028585314750671,,0.08716131746768951,,,,,,,,,,,,,,,,,,,,,,,,,,,,,,,,,,,,,,,,,,,,,,
974,5.174242784022162e-07,5.174242784022162e-06,1.0,22.46333931587838,5.160642056851773,30.007984058277028,3.7349898879592485,3.7349898879592485,3.7349898879592485,0.0,0.0,0.3206512348071949,2.2604871182828337,0.122215799383215,2.1140091354782515,0.05800079655002903,0.02140214797612783,0.0,1.2875645611737225,0.0,0.0,0.0,0.0,0.0,0.0,0.0,0.0,8.10910415649414,4.350026607513428,0.4998939335346222,2.081636428833008,11.80767822265625,0.9995803236961365,0.4670490026473999,0.27590885758399963,4.0,0.2431631237268448,0.3343685567378998,0.0,0.000708502024291498,609.2841796875,608.9073486328125,0.0006184816006231698,,0.12587623298168182,0.7778822183609009,,0.08807968348264694,,,,,,,0.12058409303426743,0.7935866117477417,,0.08582931011915207,,,,,,,,,,,,,,,,,,,,,,,,,,,,,,,,,,,,,,,,,,,,,,
975,5.161582114481171e-07,5.161582114481171e-06,1.0,20.659793338260137,5.144583624762458,26.448144861169762,3.72154070879962,3.72154070879962,3.72154070879962,0.0,0.0,0.3209504565677127,2.2487937308646537,0.12308855314512511,2.1075268307247677,0.060395273002418315,0.020457870251423604,0.0,1.2914715328732052,0.0,0.0,0.0,0.0,0.0,0.0,0.0,0.0,6.78362512588501,4.749396800994873,0.4998939335346222,2.8018317222595215,11.715789794921875,0.9999094605445862,0.42671433091163635,0.26886287331581116,4.0,0.24373964965343475,0.32351717352867126,0.0,0.00020242914979757084,233.01995849609375,233.17083740234375,-0.0006474934903592358,,0.12617984414100647,0.7799628376960754,,0.08710259944200516,,,,,,,0.11940301209688187,0.7956108450889587,,0.084986113011837,,,,,,113.75371727576622,169.72698757630675,0.3055605560374905,52.11043607271635,113.75371925579672,173.02779897432146,229.70296434689695,280.6244884224464,32.73591068812779,97.73919979361601,170.99279121730638,0.8717325910808298,0.5821147677707237,0.05612644185126197,0.03665879801894442,0.0,0.5384118501074682,0.6015725528397711,0.35712233872723903,0.0,0.0,0.0,0.0,0.0,0.6542496133735684,0.8965226631490235,0.9806712835733392,0.9943754351251328,0.3965226631490235,0.18067128357333917,0.04437543512513287,0.19731779707595912,0.0,0.6813186813186813,0.31868131868131866,0.5622710622710623,1.606938096684414,1.5858806049103265,1.5729448877193115,-7.984969139099121,0.00034048501402139664
976,5.149398142282743e-07,5.149398142282743e-06,1.0,21.373538455447637,5.1587417190139355,27.8560131176098,3.7276603080130912,3.7276603080130912,3.7276603080130912,0.0,0.0,0.32060731423867717,2.2427436210013725,0.12243045342935098,2.1035129444019214,0.05829449602075525,0.020557348792617385,0.0,1.2894480937236064,0.0,0.0,0.0,0.0,0.0,0.0,0.0,0.0,11.165844917297363,3.5486948490142822,0.4998939335346222,1.4980658292770386,9.655986785888672,0.9988549947738647,0.39195340871810913,0.34573838114738464,4.0,0.24334728717803955,0.31113144755363464,0.0,0.0015182186234817814,874.3363647460938,874.2831420898438,6.087206068050915e-05,,0.12648043036460876,0.7762123346328735,,0.0885397270321846,,,,,,,0.12335951626300812,0.7904152870178223,,0.08622519671916962,,,,,,,,,,,,,,,,,,,,,,,,,,,,,,,,,,,,,,,,,,,,,,
977,5.137690990119321e-07,5.137690990119321e-06,1.0,21.289046004011823,5.1540556211729305,27.692461993243242,3.7178031302787162,3.7178031302787162,3.7178031302787162,0.0,0.0,0.32083676312420817,2.262698405497783,0.12237622286822344,2.1263359688423775,0.05881210919973012,0.024337976365476043,0.0,1.2892316869787268,0.0,0.0,0.0,0.0,0.0,0.0,0.0,0.0,8.578064918518066,4.209985256195068,0.4998939335346222,2.2191386222839355,11.695206642150879,0.9994363188743591,0.4606301784515381,0.27052703499794006,4.0,0.24515794217586517,0.33391886949539185,0.0,0.0009109311740890688,600.2993774414062,600.2108154296875,0.0001475297410705616,,0.1290113776922226,0.7759058475494385,,0.08594483882188797,,,,,,,0.12356580048799515,0.7921778559684753,,0.08425633609294891,,,,,,,,,,,,,,,,,,,,,,,,,,,,,,,,,,,,,,,,,,,,,,
978,5.126460775881817e-07,5.126460775881817e-06,1.0,21.42501418654983,5.020409661370355,28.16170357369088,3.6953182735958614,3.6953182735958614,3.6953182735958614,0.0,0.0,0.32190523920832453,2.2435708948083826,0.12282870266888593,2.099201099292652,0.05850857012980693,0.019982866338781408,0.0,1.2919071300609692,0.0,0.0,0.0,0.0,0.0,0.0,0.0,0.0,6.540939807891846,5.324824333190918,0.4998939335346222,3.218597888946533,13.249826431274414,0.9998839497566223,0.40084999799728394,0.2970986068248749,4.0,0.23521189391613007,0.3252164423465729,0.0,0.0003036437246963563,609.518798828125,609.51123046875,1.2416941675221672e-05,,0.1132739707827568,0.7870687246322632,,0.09265228360891342,,,,,,,0.10885355621576309,0.8002363443374634,,0.09091013669967651,,,,,,,,,,,,,,,,,,,,,,,,,,,,,,,,,,,,,,,,,,,,,,
979,5.115707612658352e-07,5.115707612658351e-06,1.0,22.250097326330238,5.219836260821368,29.535614838471282,3.720508472339527,3.720508472339527,3.720508472339527,0.0,0.0,0.3203339963345914,2.2772464236697636,0.12183440698159707,2.136467186180321,0.05839088800791148,0.022210617323179502,0.0,1.2848587036132812,0.0,0.0,0.0,0.0,0.0,0.0,0.0,0.0,4.236662864685059,5.162755489349365,0.4998939335346222,3.221740961074829,12.593781471252441,0.9996090531349182,0.4702964127063751,0.25288620591163635,4.0,0.24042892456054688,0.3392377495765686,0.0,0.0010121457489878543,114.64674377441406,114.53021240234375,0.0010164385680207957,,0.12238655984401703,0.777594804763794,,0.0889260470867157,,,,,,,0.11307154595851898,0.8007091283798218,,0.08621934056282043,,,,,,,,,,,,,,,,,,,,,,,,,,,,,,,,,,,,,,,,,,,,,,
980,5.10543160873316e-07,5.105431608733159e-06,1.0,20.755509660050677,5.182487693992821,26.56798821526605,3.7430543641786316,3.7430543641786316,3.7430543641786316,0.0,0.0,0.3211604453421928,2.2459228103225297,0.12176071630941855,2.0989072645032727,0.05680018502312738,0.018883589151743298,0.0,1.2852207905537374,0.0,0.0,0.0,0.0,0.0,0.0,0.0,0.0,6.376335620880127,4.31831169128418,0.4998939335346222,2.2845563888549805,11.534154891967773,1.0,0.40976855158805847,0.27645638585090637,3.564857244491577,0.2402624636888504,0.31660303473472595,0.0,0.0,298.403076171875,298.4465026855469,-0.00014552971178776348,,0.12026244401931763,0.785866379737854,,0.08840803802013397,,,,,,,0.11394888162612915,0.7996641397476196,,0.08638691902160645,,,,,,108.13079846560301,159.39581799791637,0.2964008734241691,44.99919761406196,108.13079749364508,169.50688377437737,226.61505713375752,279.05953148296663,37.56363459995815,92.8928687517033,161.60173499065897,0.8732266933197296,0.5822554131470771,0.058176725874436355,0.036333164496798256,0.0,0.5413324754032005,0.598587241882201,0.3477537226542239,0.0,0.0,0.0,0.0,0.0,0.6533658774651279,0.8965959473819208,0.98105602579605,0.9945220035909275,0.39659594738192083,0.18105602579604996,0.044522003590927506,0.1972994760177348,0.0,0.6538461538461539,0.33516483516483514,0.5430402930402929,1.5966632069794686,1.5756328119026435,1.5625115027139476,-7.985034465789795,0.0003404627786949277
981,5.095632867585495e-07,5.095632867585495e-06,1.0,21.646283123944258,5.291573601800042,28.171192066089528,3.7778270824535474,3.7778270824535474,3.7778270824535474,0.0,0.0,0.32061633548221075,2.248354318979624,0.1233280542734507,2.0981762860272384,0.055418227169964765,0.020050416121611726,0.0,1.288180686332084,0.0,0.0,0.0,0.0,0.0,0.0,0.0,0.0,9.15695858001709,4.185177326202393,0.4998939335346222,1.9407720565795898,11.446622848510742,0.99998539686203,0.4050959646701813,0.27646109461784363,4.0,0.24169260263442993,0.3127378523349762,0.0,0.00010121457489878542,617.7217407226562,617.6732177734375,7.855146746492084e-05,,0.12240934371948242,0.7842495441436768,,0.08977208286523819,,,,,,,0.11796613037586212,0.7947115898132324,,0.08732230961322784,,,,,,,,,,,,,,,,,,,,,,,,,,,,,,,,,,,,,,,,,,,,,,
982,5.086311487888564e-07,5.0863114878885636e-06,1.0,21.69161080025338,5.321498973949535,28.32241408889358,3.7393518396326013,3.7393518396326013,3.7393518396326013,0.0,0.0,0.32046147939321157,2.2223151954444678,0.12364427463428394,2.0872594472524284,0.05710462621740393,0.018208825910413586,0.0,1.2901121603476036,0.0,0.0,0.0,0.0,0.0,0.0,0.0,0.0,2.6438992023468018,6.092718124389648,0.4998939335346222,3.947359561920166,14.89717960357666,0.99996018409729,0.44342607259750366,0.2765786349773407,4.0,0.23698724806308746,0.3465162217617035,0.0,0.0003036437246963563,52.645965576171875,52.46860122680664,0.0033690017349688687,,0.11690052598714828,0.7815431356430054,,0.09164639562368393,,,,,,,0.10973655432462692,0.8005557060241699,,0.08970773965120316,,,,,,,,,,,,,,,,,,,,,,,,,,,,,,,,,,,,,,,,,,,,,,
983,5.077467563508558e-07,5.077467563508557e-06,1.0,20.198902027027028,5.286463969462627,25.33080229888091,3.7610741692620353,3.7610741692620353,3.7610741692620353,0.0,0.0,0.3193223798597181,2.22337836188239,0.1222113274239205,2.0862569035710514,0.05725202044925174,0.017307084959906502,0.0,1.2832682841532939,0.0,0.0,0.0,0.0,0.0,0.0,0.0,0.0,4.475670337677002,5.279501914978027,0.4998939335346222,3.366478443145752,13.044405937194824,0.9999651908874512,0.44912856817245483,0.2923915386199951,4.0,0.23965950310230255,0.34335044026374817,0.0,0.00020242914979757084,229.6988525390625,229.4432373046875,0.0011128276504190641,,0.11936289072036743,0.7871273159980774,,0.08506356179714203,,,,,,,0.11216887086629868,0.8032099008560181,,0.08462121337652206,,,,,,,,,,,,,,,,,,,,,,,,,,,,,,,,,,,,,,,,,,,,,,
984,5.069101183503697e-07,5.069101183503697e-06,1.0,21.109630687816722,5.2166244919235645,27.28833502692145,3.7155155491184546,3.7155155491184546,3.7155155491184546,0.0,0.0,0.3208688787511877,2.2605677424250423,0.1228969805949443,2.1024046201963684,0.05687556395659576,0.023625235299806337,0.0,1.2866272797455658,0.0,0.0,0.0,0.0,0.0,0.0,0.0,0.0,6.146912574768066,4.559845924377441,0.4998939335346222,2.6702651977539062,11.83076286315918,0.9989115595817566,0.4742104113101959,0.30279529094696045,4.0,0.24238812923431396,0.3398020565509796,0.0,0.0017206477732793523,408.7174987792969,408.0269470214844,0.00168955760366255,,0.12557072937488556,0.7753408551216125,,0.08620809763669968,,,,,,,0.11836608499288559,0.7977718114852905,,0.08386211097240448,,,,,,,,,,,,,,,,,,,,,,,,,,,,,,,,,,,,,,,,,,,,,,
985,5.061212432123343e-07,5.0612124321233425e-06,1.0,21.039514490076012,5.084044997756545,27.26996014569257,3.724772272883235,3.724772272883235,3.724772272883235,0.0,0.0,0.3222115233137801,2.243750288679793,0.12284218298422324,2.1008137883366764,0.05656881590147276,0.019734308526322648,0.0,1.2838634800266575,0.0,0.0,0.0,0.0,0.0,0.0,0.0,0.0,8.928333282470703,4.622147560119629,0.4998939335346222,3.022115707397461,11.225225448608398,0.9994022250175476,0.4282190501689911,0.25,4.0,0.2436729073524475,0.324582040309906,0.00010121457489878542,0.0009109311740890688,621.2409057617188,621.1595458984375,0.00013096346767683088,,0.12689454853534698,0.7761682868003845,,0.08882664144039154,,,,,,,0.12207433581352234,0.7913942337036133,,0.0865313708782196,,,,,,108.66478817279523,162.5626020124077,0.29339495092834933,48.195349515139405,108.66478784196462,172.29005962098253,227.34286529604643,279.6896332330939,32.69497898646763,92.76863163201384,164.8037633481233,0.8742681573880418,0.5960951813444882,0.06372847538444638,0.033904845146942225,0.0,0.5577590123183798,0.6132211937554914,0.37217760908567066,0.0,0.0,0.0,0.0,0.0,0.6555542354070495,0.8948004836759371,0.9812758784947418,0.9946502509984977,0.3948004836759371,0.1812758784947418,0.04465025099849773,0.19887508702502657,0.0,0.6593406593406593,0.33516483516483514,0.5421245421245421,1.6033837490684384,1.5822048518028888,1.5688723374854077,-7.985049247741699,0.0003404577437322587
986,5.053801388807123e-07,5.053801388807123e-06,1.0,20.6360523120777,5.064296413112331,26.506113413217907,3.712474101298564,3.712474101298564,3.712474101298564,0.0,0.0,0.32029409666319153,2.23746057458826,0.12278042612849055,2.1040335990287162,0.05986459190781052,0.022980648118096428,0.0,1.2854062673207876,0.0,0.0,0.0,0.0,0.0,0.0,0.0,0.0,7.721497058868408,4.77061653137207,0.4998939335346222,2.6275832653045654,12.49577522277832,0.9998827576637268,0.4583562910556793,0.2985934913158417,4.0,0.24177564680576324,0.33676549792289734,0.0,0.0003036437246963563,448.450439453125,448.16668701171875,0.0006327398000819881,,0.12313837558031082,0.7820485234260559,,0.08767453581094742,,,,,,,0.11687768995761871,0.7984134554862976,,0.08470889180898666,,,,,,,,,,,,,,,,,,,,,,,,,,,,,,,,,,,,,,,,,,,,,,
987,5.046868128184165e-07,5.046868128184165e-06,1.0,22.19257911475929,5.108741554054054,29.57655128272804,3.7078853297877954,3.7078853297877954,3.7078853297877954,0.0,0.0,0.3209150675180796,2.255317481788429,0.12320500451165277,2.1073299098659204,0.057837724685668945,0.02172720110094225,0.0,1.2912288356471706,0.0,0.0,0.0,0.0,0.0,0.0,0.0,0.0,5.346733093261719,5.303696155548096,0.4998939335346222,2.8851311206817627,13.96729850769043,0.9997429847717285,0.4624573290348053,0.25,4.0,0.2431405931711197,0.3325445353984833,0.000708502024291498,0.0004048582995951417,197.69442749023438,197.10577392578125,0.002977593106321639,,0.12692993879318237,0.7725977897644043,,0.09111133962869644,,,,,,,0.11765849590301514,0.7951106429100037,,0.0872308537364006,,,,,,,,,,,,,,,,,,,,,,,,,,,,,,,,,,,,,,,,,,,,,,
988,5.040412720072331e-07,5.040412720072331e-06,1.0,20.162370011613177,5.039701307142103,25.55780194256757,3.7284018026815877,3.7284018026815877,3.7284018026815877,0.0,0.0,0.3204303689905115,2.2455578365841427,0.1231013246484705,2.0894948598500847,0.05721478848843961,0.019913789388295765,0.0,1.2817304456556164,0.0,0.0,0.0,0.0,0.0,0.0,0.0,0.0,7.377719402313232,4.458436012268066,0.4998939335346222,2.5436339378356934,11.466768264770508,1.0000251531600952,0.45255130529403687,0.25,3.785344123840332,0.2476559579372406,0.3196706473827362,0.0009109311740890688,0.0,276.7628479003906,276.43646240234375,0.001179296645207033,,0.13204266130924225,0.776825487613678,,0.08523234724998474,,,,,,,0.12179601192474365,0.7949197888374329,,0.08328418433666229,,,,,,,,,,,,,,,,,,,,,,,,,,,,,,,,,,,,,,,,,,,,,,
989,5.034435229477505e-07,5.034435229477504e-06,1.0,21.31308395798142,5.298835135794975,27.660497716955238,3.6884773872994088,3.6884773872994088,3.6884773872994088,0.0,0.0,0.3193124564918312,2.256392814017631,0.12233200588741817,2.115973807669975,0.06195633475844924,0.021809449066986907,0.0,1.2865805754790436,0.0,0.0,0.0,0.0,0.0,0.0,0.0,0.0,12.512306213378906,4.668855667114258,0.4998939335346222,2.2131869792938232,13.018954277038574,0.9999424815177917,0.48661676049232483,0.2931540310382843,4.0,0.24646687507629395,0.3391037881374359,0.0,0.0003036437246963563,1127.0836181640625,1126.2276611328125,0.0007594441241585003,,0.13158489763736725,0.7714654803276062,,0.08885282278060913,,,,,,,0.12321290373802185,0.7913216352462769,,0.08546546846628189,,,,,,,,,,,,,,,,,,,,,,,,,,,,,,,,,,,,,,,,,,,,,,
990,5.028935716592951e-07,5.028935716592952e-06,1.0,23.54517426361909,5.38548485008446,31.94806073163007,3.742690627639358,3.742690627639358,3.742690627639358,0.0,0.0,0.32150745391845703,2.2462516990867822,0.12367984410878774,2.0930769636824325,0.055735001692900785,0.016921471905063937,0.0,1.2863069482751794,0.0,0.0,0.0,0.0,0.0,0.0,0.0,0.0,8.333198547363281,4.540160179138184,0.4998939335346222,2.167203426361084,12.618402481079102,0.9999039173126221,0.42170655727386475,0.29710742831230164,4.0,0.24403782188892365,0.31584417819976807,0.0,0.00020242914979757084,378.263916015625,378.4432373046875,-0.00047406395764985616,,0.12617525458335876,0.7813551425933838,,0.08831409364938736,,,,,,,0.12092064321041107,0.7935439944267273,,0.08553535491228104,,,,,,108.85966648898282,162.60576878926557,0.29664532340243743,46.23236077696412,108.85966387971158,170.44684540186603,227.05838351785656,277.6864387362041,35.49082129342215,93.88281504313152,162.0247915516729,0.8747810497899932,0.5787954489268784,0.0591133416964519,0.04166798157550686,0.0,0.5355516910467923,0.5960110133226455,0.3440068683620845,0.0,0.0,0.0,0.0,0.0,0.6529133955502514,0.8971639001868748,0.9807262467480121,0.9944303982998058,0.39716390018687475,0.18072624674801208,0.044430398299805884,0.1968414495621267,0.0,0.6373626373626373,0.3516483516483517,0.5595238095238095,1.5917767682573298,1.5705801802022117,1.5573948074828137,-7.985020637512207,0.0003404674935154617
991,5.023914236798709e-07,5.023914236798709e-06,1.0,22.10559576910895,5.131364977037585,29.3286693676098,3.7355664227459884,3.7355664227459884,3.7355664227459884,0.0,0.0,0.3212187741253827,2.2447619051546663,0.12242332664695946,2.109504081107475,0.058331901962692674,0.016207823882231843,0.0,1.2942060522131018,0.0,0.0,0.0,0.0,0.0,0.0,0.0,0.0,4.448814392089844,4.5795722007751465,0.4998939335346222,2.7746033668518066,11.73869514465332,0.9999061226844788,0.4279683828353882,0.2661130428314209,4.0,0.2388123720884323,0.3309715986251831,0.0,0.00020242914979757084,81.59781646728516,81.40084838867188,0.002413889086018022,,0.11761754006147385,0.7898738384246826,,0.0853310227394104,,,,,,,0.1111680269241333,0.8044398427009583,,0.08439213037490845,,,,,,,,,,,,,,,,,,,,,,,,,,,,,,,,,,,,,,,,,,,,,,
992,5.019370840661013e-07,5.019370840661012e-06,1.0,21.060456147065032,5.125842532596073,27.26945041965794,3.7238645811338684,3.7238645811338684,3.7238645811338684,0.0,0.0,0.31991937998178843,2.247626021101668,0.12218573286726668,2.0989249976905615,0.058422797435038795,0.02450980366887273,0.0,1.291384928935283,0.0,0.0,0.0,0.0,0.0,0.0,0.0,0.0,8.295409202575684,4.573624134063721,0.4998939335346222,3.004459857940674,10.814192771911621,0.9999767541885376,0.44478100538253784,0.25,4.0,0.2474900484085083,0.32837074995040894,0.0004048582995951417,0.00010121457489878542,646.1441650390625,646.0360107421875,0.00016738415778847366,,0.13152888417243958,0.7781957983970642,,0.08483495563268661,,,,,,,0.12387346476316452,0.79332035779953,,0.08280618488788605,,,,,,,,,,,,,,,,,,,,,,,,,,,,,,,,,,,,,,,,,,,,,,
993,5.015305573931817e-07,5.0153055739318166e-06,1.0,21.79509838207348,5.18002360575908,28.758215002111488,3.6831957842852616,3.6831957842852616,3.6831957842852616,0.0,0.0,0.3210840482969542,2.25303670522329,0.12302522401551942,2.1087860932221285,0.05881015030113426,0.023662704068261223,0.0,1.2924704680571686,0.0,0.0,0.0,0.0,0.0,0.0,0.0,0.0,5.798227787017822,4.460517883300781,0.4998939335346222,2.7422783374786377,10.899008750915527,0.9998401999473572,0.45392024517059326,0.26955193281173706,4.0,0.24366717040538788,0.3302322328090668,0.0,0.0006072874493927126,237.99908447265625,237.76388549804688,0.0009882347872493477,,0.12637220323085785,0.7786480188369751,,0.08754092454910278,,,,,,,0.11792296171188354,0.7974004745483398,,0.0846765860915184,,,,,,,,,,,,,,,,,,,,,,,,,,,,,,,,,,,,,,,,,,,,,,
994,5.011718477548315e-07,5.011718477548315e-06,1.0,22.11767743084882,5.348495895798142,29.15790619721284,3.7178868474187077,3.7178868474187077,3.7178868474187077,0.0,0.0,0.3205572849995381,2.2598860457136825,0.12315295193646406,2.1200557399440454,0.061048365928031305,0.020660020209647512,0.0,1.2878036499023438,0.0,0.0,0.0,0.0,0.0,0.0,0.0,0.0,6.178619861602783,4.733582973480225,0.4998939335346222,2.5349550247192383,12.892434120178223,0.9992873668670654,0.4497191905975342,0.25,4.0,0.24226853251457214,0.3320491313934326,0.000708502024291498,0.0008097165991902834,327.9930114746094,327.80523681640625,0.0005724959119065286,,0.1249929890036583,0.7769063115119934,,0.08733568340539932,,,,,,,0.11881104111671448,0.7963520288467407,,0.08483695983886719,,,,,,,,,,,,,,,,,,,,,,,,,,,,,,,,,,,,,,,,,,,,,,
995,5.008609587632526e-07,5.008609587632525e-06,1.0,22.01125026393581,5.281424445074958,29.000511375633447,3.721838873785895,3.721838873785895,3.721838873785895,0.0,0.0,0.32165999025911896,2.2583090292440877,0.12261718028300517,2.1280523764120565,0.06003685255308409,0.022491935137155895,0.0,1.293769527126003,0.0,0.0,0.0,0.0,0.0,0.0,0.0,0.0,6.520845413208008,4.521987438201904,0.4998939335346222,1.9863111972808838,12.742232322692871,0.999920129776001,0.4662596583366394,0.28034985065460205,4.0,0.2423214316368103,0.33292457461357117,0.0,0.00020242914979757084,363.793701171875,363.5849914550781,0.0005737034921840763,,0.12455157190561295,0.7789169549942017,,0.0880938321352005,,,,,,,0.11799755692481995,0.7955725789070129,,0.08642985671758652,,,,,,108.82909332526908,160.1157690453974,0.302400168855122,50.01860803038209,108.82909437988752,169.5986011283847,226.5069729070191,278.45746944428197,40.02459226335798,94.19682702352834,160.33330768087635,0.8735785827461754,0.5887097601678795,0.06475227058275507,0.03987656152001926,0.0,0.5489569580683974,0.6081265043070125,0.3541498703528743,0.0,0.0,0.0,0.0,0.0,0.6545421850591399,0.8957714997618262,0.9810926679124986,0.9946319299402734,0.39577149976182624,0.18109266791249856,0.04463192994027343,0.19599868088380784,0.0,0.6483516483516484,0.32967032967032966,0.5494505494505495,1.5909787594944567,1.570820534294778,1.558469758747698,-7.984947204589844,0.000340492493705824
996,5.005978935490935e-07,5.005978935490935e-06,1.0,23.24419506176098,5.254552067937078,31.50727143158784,3.7139843090160474,3.7139843090160474,3.7139843090160474,0.0,0.0,0.3205549394762194,2.270662668588999,0.12137634689743454,2.125445185480891,0.05926197283976787,0.02254783462833714,0.0,1.2929733894966744,0.0,0.0,0.0,0.0,0.0,0.0,0.0,0.0,6.867049694061279,4.296145439147949,0.4998939335346222,2.447981357574463,11.157470703125,0.9999470114707947,0.416164368391037,0.2746446132659912,4.0,0.2410574108362198,0.3171135187149048,0.0,0.00020242914979757084,466.5641174316406,466.3913269042969,0.0003703467988385684,,0.1217079609632492,0.7840111255645752,,0.08861366659402847,,,,,,,0.11495611071586609,0.7990744113922119,,0.08596950769424438,,,,,,,,,,,,,,,,,,,,,,,,,,,,,,,,,,,,,,,,,,,,,,
997,5.003826547614181e-07,5.003826547614181e-06,1.0,20.5421423009924,5.200460485509924,26.14836161845439,3.726239591031461,3.726239591031461,3.726239591031461,0.0,0.0,0.320997547458958,2.241225783889358,0.12335121309435046,2.1139664521088473,0.06139459481110444,0.016247796045767295,0.0,1.289632848791174,0.0,0.0,0.0,0.0,0.0,0.0,0.0,0.0,8.646150588989258,4.399826526641846,0.4998939335346222,2.5201454162597656,11.789234161376953,0.9999330043792725,0.4080749750137329,0.3104475438594818,4.0,0.24190913140773773,0.3206571042537689,0.0,0.0004048582995951417,852.9119873046875,852.8731079101562,4.5584298391811716e-05,,0.12259965389966965,0.7855048179626465,,0.08573319017887115,,,,,,,0.11873386055231094,0.7976206541061401,,0.08364547044038773,,,,,,,,,,,,,,,,,,,,,,,,,,,,,,,,,,,,,,,,,,,,,,
998,5.00215244567679e-07,5.00215244567679e-06,1.0,20.5560022302576,5.1063248917863175,26.32135834565034,3.6970680855415963,3.6970680855415963,3.6970680855415963,0.0,0.0,0.32069858344825536,2.258964126174514,0.12256216358494114,2.1167880908862964,0.06014794916720004,0.019204679373148327,0.0,1.2876428140176308,0.0,0.0,0.0,0.0,0.0,0.0,0.0,0.0,3.4070169925689697,5.5240397453308105,0.4998939335346222,3.888059616088867,12.71737003326416,0.9998301863670349,0.44344761967658997,0.26677951216697693,4.0,0.2374267578125,0.33898553252220154,0.0,0.0005060728744939271,67.497802734375,67.09046936035156,0.006034764948222418,,0.11658664792776108,0.7857162952423096,,0.08971676975488663,,,,,,,0.10834924131631851,0.8040745258331299,,0.08757619559764862,,,,,,,,,,,,,,,,,,,,,,,,,,,,,,,,,,,,,,,,,,,,,,
999,5.000956646536941e-07,5.000956646536941e-06,1.0,22.996633168813343,5.3375701904296875,30.984886375633447,3.6959179027660474,3.6959179027660474,3.6959179027660474,0.0,0.0,0.31980238734064875,2.2504866316511825,0.12270453169539168,2.098896748310811,0.060377269177823455,0.018152085510460107,0.0,1.2904408429120038,0.0,0.0,0.0,0.0,0.0,0.0,0.0,0.0,3.016319990158081,6.146663188934326,0.4998939335346222,4.144885063171387,15.014019012451172,1.0,0.47900742292404175,0.2622242569923401,3.989630699157715,0.2389676570892334,0.34907642006874084,0.0,0.0,20.231412887573242,19.82427215576172,0.020124186781912884,,0.11981566250324249,0.7802461981773376,,0.09034328162670135,,,,,,,0.10915341228246689,0.8033139109611511,,0.08753266930580139,,,,,,,,,,,,,,,,,,,,,,,,,,,,,,,,,,,,,,,,,,,,,,
1000,5.000239162236325e-07,5.000239162236324e-06,1.0,21.793047930743242,5.116574674039273,28.749950512035472,3.7135607745196366,3.7135607745196366,3.7135607745196366,0.0,0.0,0.3200095924171242,2.264402028676626,0.12161440462679476,2.114359881426837,0.06011768933889028,0.02524790892729888,0.0,1.2891364226470123,0.0,0.0,0.0,0.0,0.0,0.0,0.0,0.0,3.834657669067383,5.941289901733398,0.4998939335346222,3.91281795501709,14.666219711303711,0.9994204044342041,0.48296916484832764,0.29416945576667786,4.0,0.23780757188796997,0.36337175965309143,0.0,0.0012145748987854252,99.8041000366211,99.35321044921875,0.004517746137051473,,0.11822092533111572,0.7812990546226501,,0.08754628896713257,,,,,,,0.11028344929218292,0.8033431768417358,,0.08637333661317825,,,,,,113.40907310653519,167.31196028552134,0.31093273101408603,57.722370126745204,113.40907278339938,173.29407607351888,229.12898734367852,280.79029062993624,38.14693178449358,97.43848170790561,169.6491009256114,0.8731116643754918,0.6020294636630219,0.06812579462698488,0.034532371396282305,0.0,0.5643421426790385,0.6198988443884008,0.3800410564101332,0.0,0.0,0.0,0.0,0.0,0.6551133807428674,0.8932981569015427,0.9816972628339012,0.9950533142794328,0.3932981569015427,0.1816972628339012,0.04505331427943282,0.19916822395661574,0.0,0.6813186813186813,0.3131868131868132,0.532967032967033,1.606004277919675,1.5858254540752579,1.5731172620595157,-7.9849042892456055,0.0003405071038287133
