epoch,lr_backbone,lr_main,solver_strength,train_total,train_count,train_flat_dm16,train_allocation,train_dm16,train_dm32,train_dm64,train_cell,train_region_nb,train_hurdle_bce,train_trunc_nb,train_curvature,train_hard_bg,train_fg_bce,train_scale_align,train_kd_total,train_kd_spatial,train_kd_count,region_mu_mean,region_dispersion_mean,region_dispersion_p10,region_dispersion_p50,region_dispersion_p90,region_weight_mean,region_weight_std,region_weight_min,region_weight_max,solver_weight_mean,solver_weight_std,weight_clip_low_fraction,weight_clip_high_fraction,solver_energy_before,solver_energy_after,solver_energy_reduction,weight_mean_16,weight_mean_32,weight_mean_64,weight_mean_64_32,weight_mean_128,scale_pi_16,scale_pi_32,scale_pi_64,scale_pi_64_32,scale_pi_128,val_mae,val_rmse,val_nae,val_bias,val_game0,val_game1,val_game2,val_game3,val_mae_sparse,val_mae_moderate,val_mae_dense,pearson_rate_var_error,spearman_rate_var_error,spearman_weight_error,spearman_pred_weight_error,spearman_rate_var_error_16,spearman_rate_var_error_32,spearman_rate_var_error_64,spearman_rate_var_error_128,mean_std_residual,coverage_50,coverage_80,coverage_95,calib_gap_50,calib_gap_80,calib_gap_95,dispersion_sat_low_fraction,dispersion_sat_high_fraction,solver_help_fraction,solver_harm_fraction,energy_monotonic_fraction,mae_reg_y0,mae_reg_y1,mae_reg_y2,curvature_alpha,effective_curvature
1,1.0000000000000002e-06,1.0000000000000002e-06,0.0,23.87608497207229,17.92957875535295,3.8047434059349268,3.8047434059349268,3.8047434059349268,0.0,0.0,0.33239027535593185,5.600324592074832,0.17327836196164828,3.836957532006341,0.0761478635910395,0.000276331595503851,0.0,0.6533627719492525,0.0,0.0,0.0,2.1244277503039384,50.0030588717074,50.00431823730469,50.00431823730469,50.00431823730469,0.9999998211860657,0.007308196276426315,0.9243306517601013,1.0195887088775635,0.33305785059928894,0.00250557460822165,0.0,0.0,0.0,0.0,0.0,1.0,0.33299804780934306,0.33313659638971893,1.0,0.33386929534577037,0.0,0.3329976909869426,0.3331366994896451,0.0,0.3338656095234123,,,,,,,,,,,,,,,,,,,,,,,,,,,,,,,,,,,,
2,2.0000000000000003e-06,2.0000000000000003e-06,0.0,24.777544743305928,18.828668375273008,3.8062554887823157,3.8062554887823157,3.8062554887823157,0.0,0.0,0.3308876994493845,5.659577556558557,0.1732391143167341,3.7875777321892814,0.07546935230493546,0.000274815533712909,0.0,0.6529088326402612,0.0,0.0,0.0,2.128974540813549,49.92012436325486,49.9067497253418,49.9067497253418,50.00431823730469,1.0,0.006713647861033678,0.9307639002799988,1.018786907196045,0.3319738805294037,0.0026909122243523598,0.0,0.0,0.0,0.0,0.0,1.0,0.33165754418115356,0.3324752143911413,1.0,0.3358756585701092,0.0,0.33165922599869807,0.33247906533447474,0.0,0.33586170302855,,,,,,,,,,,,,,,,,,,,,,,,,,,,,,,,,,,,
3,3e-06,3e-06,0.0,25.68997591895026,19.690808863253206,3.794586226746843,3.794586226746843,3.794586226746843,0.0,0.0,0.3309096943687748,5.8707716207246525,0.17318489986497002,3.8821181477727116,0.0771999884698842,0.0002679167554487248,0.0,0.6517860712231817,0.0,0.0,0.0,2.1334062009244352,49.7807502746582,49.71218490600586,49.80937194824219,49.9067497253418,1.0,0.006332379300147295,0.9248991012573242,1.0177807807922363,0.33029380440711975,0.003415072802454233,0.0,0.0,0.0,0.0,0.0,1.0,0.3295343413546279,0.33168745282534007,1.0,0.3387898271148269,0.0,0.329538806870177,0.33169483574661046,0.0,0.3387663614105534,,,,,,,,,,,,,,,,,,,,,,,,,,,,,,,,,,,,
4,4.000000000000001e-06,4.000000000000001e-06,0.0,24.928817877898346,18.901354093809385,3.782327600427576,3.782327600427576,3.782327600427576,0.0,0.0,0.33260694709984034,5.891869106808224,0.1731147633211033,4.056485981554599,0.07904650432032508,0.0002640063820935383,0.0,0.6457420813070761,0.0,0.0,0.0,2.1411360083399593,49.628440753833665,49.518367767333984,49.61518478393555,49.71218490600586,1.0000001192092896,0.005578048527240753,0.9401823878288269,1.0206753015518188,0.32788464426994324,0.004717974923551083,0.0,0.0,0.0,0.0,0.0,1.0,0.326622649624541,0.3298695997611896,1.0,0.3435222361538861,0.0,0.32663278805243,0.32988350375278575,0.0,0.3434837057783797,,,,,,,,,,,,,,,,,,,,,,,,,,,,,,,,,,,,
5,5e-06,5e-06,0.0,25.241779095417744,19.20580918080098,3.7429509356215194,3.7429509356215194,3.7429509356215194,0.0,0.0,0.3333874892544102,6.075856608313483,0.17304920465559573,4.104190343135112,0.08114881551748998,0.00026260584756429935,0.0,0.6479342016013893,0.0,0.0,0.0,2.1537284657761857,49.35814027528505,49.22907257080078,49.3253173828125,49.518367767333984,0.9999999403953552,0.004579103551805019,0.9437412619590759,1.0189752578735352,0.324740469455719,0.006460760720074177,0.0,0.0,0.0,0.0,0.0,1.0,0.3227403051144368,0.3279274718181507,1.0,0.34933490849830007,0.0,0.32275316521928116,0.3279441023195112,0.0,0.349302738904953,250.6993551149473,371.5510327844036,0.6934401427049597,-101.76962753966615,250.6993554741922,325.24332146733695,391.66989934426823,429.8605170121302,205.73578643798828,151.11033890598503,536.8238784126613,0.03735450865301049,0.25332314422798147,0.2784408449570495,0.29982231415740757,0.0,0.33868026196556716,0.2932105094075446,0.16961828467402382,1.3907559440067727,0.7363416510937671,0.7827305705177531,0.8314279432780037,0.23634165109376715,-0.017269429482246967,-0.11857205672199622,0.0,0.0,0.554945054945055,0.44505494505494503,1.0,2.3331232493395335,2.2752573627692003,2.2323545649811463,-8.000367164611816,0.0003352832864038646
6,6e-06,6e-06,0.05,24.461059828062314,18.482882009970176,3.7892264675449683,3.7892264675449683,3.789511422853212,0.0,0.0,0.33322566506024953,5.722340435595126,0.17288180420527588,3.9485821079563452,0.07806921287162884,0.0002448939737184225,0.0,0.6359013302906139,0.0,0.0,0.0,2.1736845390216724,48.938347481392526,48.65553665161133,48.94146728515625,49.22907257080078,1.0000001192092896,0.0045670499093830585,0.9553347229957581,1.0311646461486816,0.32388249039649963,0.007071156054735184,0.0,0.0,1.6513103729969747,1.2195019915297225,0.26149437957175803,1.0,0.322327425351014,0.32404292274165797,1.0,0.35364546324755697,0.0,0.32234823139938146,0.32407509555687775,0.0,0.35357667546014526,,,,,,,,,,,,,,,,,,,,,,,,,,,,,,,,,,,,
7,7e-06,7e-06,0.1,26.49539328910209,20.41638315046156,3.758410859752346,3.758410859752346,3.759058011544717,0.0,0.0,0.33496855883984955,6.131824667389329,0.17265451679358612,4.184041558085261,0.07990008431511957,0.00023602625407039414,0.0,0.653823509409621,0.0,0.0,0.0,2.2023722867707947,48.290401355640306,47.807735443115234,48.371280670166016,48.75066375732422,1.0,0.006549479905515909,0.9438880681991577,1.0722060203552246,0.33002936840057373,0.009077942930161953,0.0,0.0,1.6027783026566376,0.9246206621865969,0.42311381389801733,1.0,0.3319295080932411,0.31742474920040853,1.0,0.3506426094351588,0.0,0.3319211030328596,0.31748892407159546,0.0,0.3505899672572677,,,,,,,,,,,,,,,,,,,,,,,,,,,,,,,,,,,,
8,8.000000000000001e-06,8.000000000000001e-06,0.15,24.724471298423975,18.776132970242887,3.7679048228908227,3.7679048228908227,3.7689023920007654,0.0,0.0,0.3336926005982064,5.727361182908754,0.1725311222914103,3.8952323166099756,0.07713609027701455,0.00023816497422238762,0.0,0.664233694205413,0.0,0.0,0.0,2.2399840226044527,47.43857141443201,46.79157257080078,47.52843475341797,47.99485397338867,1.0000001192092896,0.01227675098925829,0.9303603768348694,1.129590392112732,0.3424089252948761,0.019192377105355263,0.0,0.0,1.565185569428109,0.7453548441062102,0.5237913901937202,1.0,0.3505298253652212,0.30790981167071574,1.0,0.3415539643248996,0.0,0.35037722055976456,0.30808886080174835,0.0,0.3415339250822325,,,,,,,,,,,,,,,,,,,,,,,,,,,,,,,,,,,,
9,9e-06,9e-06,0.2,24.200669417510163,18.313885869206608,3.7778564852637215,3.7778564852637215,3.7784910717525997,0.0,0.0,0.33358090471577,5.583627713693155,0.17231117108383695,3.6778663847897506,0.07750664147976283,0.00024768372531980276,0.0,0.6763313976494042,0.0,0.0,0.0,2.2970823403951286,46.24405072186444,45.17513656616211,46.336849212646484,47.158565521240234,1.0,0.02820625901222229,0.8777169585227966,1.3951541185379028,0.3535517156124115,0.03273274749517441,0.0,0.0,1.3754679834520496,0.5794296441851435,0.5787399989268139,1.0,0.36728807961618576,0.2992552325532243,1.0,0.33347123297485143,0.0,0.36676751036901734,0.2996678207371686,0.0,0.3335646688938141,,,,,,,,,,,,,,,,,,,,,,,,,,,,,,,,,,,,
10,1e-05,1e-05,0.25,24.0483851819425,18.2120178583506,3.764296325477394,3.764296325477394,3.7624415771381274,0.0,0.0,0.3361570778730753,5.493292357470538,0.17186502065207507,3.570599352991259,0.0788000282403585,0.00028405964100808914,0.0,0.6916869991534466,0.0,0.0,0.0,2.40357028471457,44.27357235470333,41.943695068359375,44.648826599121094,46.15619659423828,1.0000001192092896,0.07570862025022507,0.7874752879142761,2.2444941997528076,0.36318278312683105,0.05887959897518158,0.0,0.0,1.1337405781488161,0.43674339716498917,0.6147766027056132,1.0,0.3816024596626694,0.29253359743066737,1.0,0.3263417941492957,0.0,0.3798482973833342,0.29347434076103,0.0,0.3266773610501676,250.70422836974427,371.366455046882,0.694734916548133,-100.87539450676887,250.7042286175426,325.38304416160884,391.91396530302114,430.16062783626006,206.34411839076452,151.47200940745745,535.7363374129585,0.03678605294133574,0.26979281087463175,0.24437528350330437,0.3180982171194939,0.0,0.3586603818332499,0.3054523520279651,0.18860547562937738,1.3870843483380861,0.7262833901286139,0.7741196731523213,0.8324722435967902,0.22628339012861387,-0.025880326847678714,-0.11752775640320978,0.0,0.0,0.554945054945055,0.44505494505494503,1.0,2.332008380483795,2.2746145856249465,2.2317871212304294,-8.000068664550781,0.0003353833162691444
11,1e-05,1e-05,0.3,22.67360037726325,17.021279154597103,3.780285313322737,3.780285313322737,3.773609019614555,0.0,0.0,0.3330206983798259,4.978698820681186,0.1698682050447206,3.0850862232414453,0.08060854774069141,0.00034970577611160035,0.0,0.7085024585595002,0.0,0.0,0.0,2.614208311647982,41.26650351447028,35.94648361206055,42.355308532714844,45.17513656616211,0.9999999403953552,0.16510888934135437,0.6562946438789368,3.4497952461242676,0.37265151739120483,0.10485056042671204,0.0,0.0,0.9050770289189106,0.35142593287132884,0.6117171007078841,1.0,0.39473127593865265,0.29044637084007263,1.0,0.31709043238614054,0.0,0.3901478269615689,0.29209086137848933,0.0,0.317761317298219,,,,,,,,,,,,,,,,,,,,,,,,,,,,,,,,,,,,
12,9.999976083776368e-06,9.999976083776368e-06,0.35,22.133885125856143,16.6697254438658,3.709834826959146,3.709834826959146,3.696805818660839,0.0,0.0,0.33317104223612193,4.6706804455937565,0.16639288736356272,2.8003856104773446,0.0824634906005215,0.0004507850130352922,0.0,0.7117448916306367,0.0,0.0,0.0,2.751259790884482,39.35073419519373,30.26997184753418,41.21284866333008,45.35194778442383,0.9999999403953552,0.23869767785072327,0.47418373823165894,3.4774169921875,0.37280163168907166,0.1370387077331543,0.0,0.0,1.1364229788651337,0.5191940431659287,0.5431331002437036,1.0,0.3934782348774575,0.29757868357606837,1.0,0.31269732439840164,0.0,0.38675050638817454,0.29943767753807277,0.0,0.3138118168792209,,,,,,,,,,,,,,,,,,,,,,,,,,,,,,,,,,,,
13,9.999904335346307e-06,9.999904335346307e-06,0.4,19.388826524889147,14.059763495986527,3.7190679795033224,3.7190679795033224,3.7002272799208358,0.0,0.0,0.333191977159397,4.194119736954972,0.16255652300409368,2.56621667823276,0.07698849779931274,0.0005787334741546294,0.0,0.729901009314769,0.0,0.0,0.0,2.829417621767199,38.40453874742663,27.29328155517578,40.415714263916016,46.336849212646484,1.0,0.2639375627040863,0.4335463047027588,3.6802544593811035,0.37739789485931396,0.15066348016262054,0.0,0.0,1.3998754636661426,0.6228071837811857,0.555098149838192,1.0,0.39820867535230275,0.30506956255113754,1.0,0.30137337542868947,0.0,0.39007572628356313,0.30698645598179586,0.0,0.302937817734641,,,,,,,,,,,,,,,,,,,,,,,,,,,,,,,,,,,,
14,9.99978475543232e-06,9.99978475543232e-06,0.45,18.02713007540316,12.755876077188027,3.7616524309725374,3.7616524309725374,3.7408549527864197,0.0,0.0,0.3319099271619642,3.822990114624436,0.1603788109244527,2.454081522451865,0.07188527628376677,0.000607209316316388,0.0,0.7232147278012456,0.0,0.0,0.0,2.5415246937725997,40.35685338200749,26.81770896911621,42.93836212158203,49.71218490600586,1.0000001192092896,0.2773434817790985,0.26207756996154785,3.9046695232391357,0.36883458495140076,0.14600636065006256,0.0,0.0,1.2537004077756726,0.4956037965980736,0.60468721751684,1.0,0.3840054225277256,0.3185936953570392,1.0,0.30199723549791285,0.0,0.3763518969754915,0.3200746790782825,0.0,0.3035734207243533,,,,,,,,,,,,,,,,,,,,,,,,,,,,,,,,,,,,
15,9.999617345238583e-06,9.999617345238583e-06,0.5,18.549533044969714,13.32549439249812,3.7100234031677246,3.7100234031677246,3.686349752786997,0.0,0.0,0.3337707809499792,3.78282795725642,0.15804551622352084,2.494947803987039,0.07822169715891013,0.0007166068566761709,0.0,0.7310387878804594,0.0,0.0,0.0,2.497338565620216,40.68279245737437,25.440135955810547,43.44450378417969,51.49095916748047,1.0000007152557373,0.318859726190567,0.25,3.9358062744140625,0.3707367181777954,0.16247440874576569,2.735529051318525e-05,0.0,1.3413620784475997,0.5395314032967026,0.5977734781938079,1.0,0.384593824277053,0.32865279751854976,1.0,0.292209613162118,0.0,0.3753388314633756,0.33026325622120417,0.0,0.29439791070448385,250.50013852381446,370.9828566695095,0.6950818409826534,-100.14650619422997,250.50013861569556,325.18901079240226,391.87238777138884,430.22152516756927,206.722108568464,151.57169034499532,534.5917912358823,0.03908136294958708,0.347882292376013,0.2714905764070295,0.36178440972660125,0.0,0.42551224781520114,0.3417540218051007,0.286518386374804,1.3838451930678572,0.7213733465244953,0.7649225019237111,0.8327653805283793,0.22137334652449525,-0.035077498076288904,-0.11723461947162062,0.0,0.0,0.5494505494505495,0.45054945054945056,1.0,2.3300276411758674,2.272844848724512,2.230161135340785,-7.998412609100342,0.00033593911211937666
16,9.999402106450908e-06,9.999402106450908e-06,0.55,17.802359941843395,12.646328011074582,3.683653296651067,3.683653296651067,3.659063925614228,0.0,0.0,0.3327043878065573,3.6390073686032682,0.15649539111433802,2.4272945184965393,0.07911673570806915,0.0008199709370052693,0.0,0.7487034056637738,0.0,0.0,0.0,2.5334786402212606,40.5037347948229,23.80562400817871,43.359737396240234,52.918338775634766,1.0000028610229492,0.33554983139038086,0.25,3.971344470977783,0.37393930554389954,0.16759710013866425,8.480140059087428e-05,0.0,1.4112910032272339,0.5592270928460199,0.6037478510334002,1.0,0.3873547186722627,0.33681854847315196,1.0,0.2812834696189777,0.0,0.3777722410253576,0.33839003701467774,0.0,0.28383772437636917,,,,,,,,,,,,,,,,,,,,,,,,,,,,,,,,,,,,
17,9.999139041236748e-06,9.999139041236748e-06,0.6,17.574388400928395,12.46279104335888,3.6713387257344015,3.6713387257344015,3.645447557036941,0.0,0.0,0.3315222416375134,3.524510048531197,0.15654651659566002,2.3875015200795353,0.07613587077405001,0.0009540367566325978,0.0,0.7645906757664036,0.0,0.0,0.0,2.542233795733065,40.36026650506097,23.254167556762695,42.77096176147461,53.85676956176758,1.0000051259994507,0.3560478091239929,0.25,4.0,0.37725377082824707,0.17492005228996277,0.0003392056023634971,2.4619761461866725e-05,1.4688484427091237,0.5679472862063227,0.6133384019124474,1.0,0.39018763078225627,0.34532414819743185,1.0,0.2702094284263817,0.0,0.380140441495019,0.3468029144647959,0.0,0.27305664806752594,,,,,,,,,,,,,,,,,,,,,,,,,,,,,,,,,,,,
18,9.99882815224517e-06,9.99882815224517e-06,0.65,16.88683966043833,11.814128411782754,3.677465902792441,3.677465902792441,3.6518362406137825,0.0,0.0,0.330279566146232,3.3927254676818848,0.15686423915463524,2.2910316215979085,0.07778578171053448,0.0010501564593633284,0.0,0.7723411724374101,0.0,0.0,0.0,2.544781253144548,40.32888422785579,22.58277702331543,42.85457992553711,54.2791748046875,1.0000290870666504,0.37135249376296997,0.25,4.0,0.3786425292491913,0.1790010631084442,0.0008097165991902834,1.641317430791115e-05,1.5170853685688328,0.5836791315594235,0.615262829862998,1.0,0.3907201056544845,0.35227098497184545,1.0,0.2628691768324053,0.0,0.3806782453446775,0.35360118505117055,0.0,0.26572056960415197,,,,,,,,,,,,,,,,,,,,,,,,,,,,,,,,,,,,
19,9.99846944260682e-06,9.99846944260682e-06,0.7,15.47862096734949,10.440680207432928,3.665180373836208,3.665180373836208,3.6387676483875997,0.0,0.0,0.33132911292282313,3.310778946489901,0.15507854199087298,2.249683483226879,0.07793833818790075,0.0012581191919240598,0.0,0.8067495307406863,0.0,0.0,0.0,2.7304212467090503,38.89096481735642,21.42274284362793,40.415714263916016,54.17326354980469,1.0000380277633667,0.3836670219898224,0.25,4.0,0.3856525421142578,0.18579305708408356,0.0011051537367326842,1.09421162052741e-05,1.5791076872799847,0.6279529486153577,0.6023368427158964,1.0,0.39885181430223826,0.3592751163083154,1.0,0.2479070819712974,0.0,0.38834858746142,0.360298034307119,0.0,0.25135338266153595,,,,,,,,,,,,,,,,,,,,,,,,,,,,,,,,,,,,
20,9.9980629159339e-06,9.9980629159339e-06,0.75,15.718785208624762,10.707905782235635,3.679960927447757,3.679960927447757,3.6545365050032332,0.0,0.0,0.32958554013355357,3.135374185201284,0.15247173124068492,2.2263096603187353,0.07546077799555417,0.0013105127145536244,0.0,0.812304353391802,0.0,0.0,0.0,2.5416109368607804,40.403056067389414,21.131847381591797,43.022308349609375,55.89291000366211,1.0000615119934082,0.40465983748435974,0.25,4.0,0.3820827603340149,0.18944160640239716,0.001975051975051975,6.56526972316446e-05,1.4030685569788959,0.5256166756153107,0.6253806180739487,1.0,0.3919935717776015,0.36985801039515315,1.0,0.2438439895977845,0.0,0.3816424334371412,0.3707751269276078,0.0,0.24758244446806005,249.5064674419361,370.28096628299426,0.6879695044808221,-102.6853712102869,249.50646713744737,323.35870406266616,389.92532013636907,428.16549504695206,203.82116971697127,149.7200030541235,536.2945324441661,0.049906206150094466,0.3722752227952724,0.32923488421912156,0.37249703658461153,0.0,0.44475830765529945,0.3905544531254896,0.34276922645001895,1.3762590487060065,0.730259059763292,0.7755120735773698,0.8352204023304386,0.23025905976329197,-0.024487926422630202,-0.11477959766956136,0.0,0.0,0.5274725274725275,0.4725274725274725,1.0,2.311780651192089,2.2578307265763753,2.2166624255887757,-7.996468544006348,0.000336592725943774
21,9.99760857632013e-06,9.99760857632013e-06,0.8,15.721567978730073,10.701998891057196,3.69009914913693,3.69009914913693,3.666392319911235,0.0,0.0,0.3303897429156948,3.117644097353961,0.15096468095843857,2.227069239358644,0.07634050429270074,0.0015995853385460134,0.0,0.8365113332464889,0.0,0.0,0.0,2.6337094178070894,39.37590026855469,20.602052688598633,41.45503616333008,55.241737365722656,1.0000231266021729,0.41632068157196045,0.25,4.0,0.38678547739982605,0.1964954435825348,0.0018847795163584636,0.00013951198161724478,1.4001927875183724,0.5193344596269969,0.6290978897645675,1.0,0.3974262475967407,0.3745891282687316,1.0,0.23409874777536135,0.0,0.38658797257655375,0.3751962209070051,0.0,0.23821580410003662,,,,,,,,,,,,,,,,,,,,,,,,,,,,,,,,,,,,
22,9.997106428340707e-06,9.997106428340707e-06,0.85,15.86631220740241,10.902756098154429,3.6183074293909847,3.6183074293909847,3.605704455762296,0.0,0.0,0.3308966651156142,3.1477187968589164,0.14975745089956233,2.2664498316275106,0.07912926667848148,0.0017348369174460705,0.0,0.8433202054049518,0.0,0.0,0.0,2.618964723638586,38.7591813577188,20.401838302612305,41.05216979980469,53.64680099487305,1.000043272972107,0.4300980269908905,0.25,4.0,0.3898184895515442,0.20510773360729218,0.0016850858956122114,9.300798774482986e-05,1.3045833674637046,0.5087385685057253,0.6100375175756032,1.0,0.40131459042832657,0.3756130772667962,1.0,0.22958459886344704,0.0,0.3897842861510612,0.37573288501919927,0.0,0.23448283124614405,,,,,,,,,,,,,,,,,,,,,,,,,,,,,,,,,,,,
23,9.99655647705225e-06,9.99655647705225e-06,0.9,15.581006410959604,10.588288410289868,3.6590505032925993,3.6590505032925993,3.653371469394581,0.0,0.0,0.3288545310497284,3.1642614184199154,0.1515833775739412,2.190439204911928,0.07874296947910979,0.0022082050091813544,0.0,0.8687812524872858,0.0,0.0,0.0,2.846249348408467,36.51113974081503,19.46756935119629,38.33964157104492,50.49503707885742,1.0000356435775757,0.4025958776473999,0.25,4.0,0.3983043432235718,0.20044654607772827,0.001146186672502462,1.641317430791115e-05,1.3794902353673368,0.5891717342106072,0.5729061945453207,1.0,0.4135595044574222,0.37165973154274196,1.0,0.2214642159036688,0.0,0.40254861438596573,0.3711597250925528,0.0,0.22629165931327924,,,,,,,,,,,,,,,,,,,,,,,,,,,,,,,,,,,,
24,9.995958727992769e-06,9.995958727992769e-06,0.95,15.26777136003649,10.299293298979062,3.635520329346528,3.635520329346528,3.6482362489442566,0.0,0.0,0.3306499002753077,3.1264927451675004,0.14851709676755442,2.214554461272987,0.07990139934259492,0.00234206163362172,0.0,0.88539704599896,0.0,0.0,0.0,2.8485752311912744,35.85965893719647,19.016605377197266,38.11565017700195,48.94146728515625,1.000012755393982,0.4024372696876526,0.25,4.0,0.4028416574001312,0.20402561128139496,0.0004486267644162381,1.3677645256592625e-05,1.3315993321908486,0.5859842582328899,0.5599395072774751,1.0,0.4198275353457477,0.37093757294319774,1.0,0.2162088779984294,0.0,0.40884423658654495,0.37004927686742833,0.0,0.22110648694876078,,,,,,,,,,,,,,,,,,,,,,,,,,,,,,,,,,,,
25,9.995313187181584e-06,9.995313187181584e-06,1.0,16.047173010336387,11.027935865763071,3.660768193167609,3.660768193167609,3.701606930913152,0.0,0.0,0.3267723958234529,3.242902968380902,0.1478436089850761,2.2285383520899593,0.07918701421570133,0.0026051671923817813,0.0,0.9205183193490312,0.0,0.0,0.0,2.9499363383731327,34.650855193267,18.57608413696289,36.65546417236328,47.43569564819336,1.000006079673767,0.39173179864883423,0.25,4.0,0.4108656942844391,0.20390133559703827,0.0003091147827989933,2.4619761461866725e-05,1.3937984849955585,0.6028951293713337,0.5674445510871287,1.0,0.4306039818235346,0.37140045375437347,1.0,0.20497225386065407,0.0,0.4197113199813946,0.3702323541447923,0.0,0.21005632104100408,245.48579454945994,365.20279580611543,0.6734644044767284,-103.28393418448312,245.48579332945368,318.2534072723055,384.315276214023,422.4931938634687,198.93479810442244,146.1361092560051,531.1807158096977,0.08676321454851817,0.35395288659998336,0.35966158149218513,0.343949260575718,0.0,0.4142186681333572,0.3343282062034578,0.3206899693721128,1.3458253873494739,0.7328606500311458,0.7905170202630903,0.8598805467003774,0.23286065003114576,-0.009482979736909702,-0.09011945329962257,0.0,0.0,0.510989010989011,0.489010989010989,1.0,2.2647724806607425,2.212892214675526,2.1755375135075914,-7.995230674743652,0.00033700960921123624
26,9.99461986111929e-06,9.99461986111929e-06,1.0,15.329771840894544,10.34216240290049,3.6864491668907373,3.6864491668907373,3.7128096335643046,0.0,0.0,0.328429452470831,3.0494446754455566,0.14695826776929805,2.1319966928378955,0.07962706836091506,0.002356374906879422,0.0,0.9158836345414858,0.0,0.0,0.0,2.764839417225606,35.20137436325486,18.868616104125977,37.59808349609375,46.974708557128906,1.000014305114746,0.39290904998779297,0.25,3.9106037616729736,0.4116566479206085,0.204091876745224,0.00042127147390305284,0.0,1.1942141072170154,0.546375885203078,0.5424807981239252,1.0,0.43154627004185236,0.37216134570740367,1.0,0.2029325349910839,0.0,0.421123654455752,0.370883859492637,0.0,0.20799248685707916,,,,,,,,,,,,,,,,,,,,,,,,,,,,,,,,,,,,
27,9.993878756787668e-06,9.993878756787668e-06,1.0,14.93122709119642,9.988092873547528,3.6377708783020846,3.6377708783020846,3.668144213186728,0.0,0.0,0.32930090459617406,3.034905652742128,0.14588783238385175,2.1596904735307434,0.07902351646004496,0.00286020985741571,0.0,0.9452835385863846,0.0,0.0,0.0,2.8463178260906323,34.29734462016338,18.181245803833008,36.65546417236328,46.066139221191406,1.00001060962677,0.40292584896087646,0.25,3.928983688354492,0.41888317465782166,0.21383674442768097,0.00033647007331217855,0.0,1.3050935252292737,0.6104230236362767,0.5322764140378062,1.0,0.4411089235060924,0.3731767325787931,1.0,0.19286184294803724,0.0,0.42989234424926137,0.37168474374590693,0.0,0.19842291321303393,,,,,,,,,,,,,,,,,,,,,,,,,,,,,,,,,,,,
28,9.993089881649631e-06,9.993089881649631e-06,1.0,14.871733149966678,9.890279860109896,3.7000165758906185,3.7000165758906185,3.7263954007947766,0.0,0.0,0.3273666734630997,2.9856690587224186,0.1463376456821287,2.0929509981258496,0.07577171992208506,0.003101022221852799,0.0,0.9808893622578801,0.0,0.0,0.0,2.849958580893439,33.53398678753827,18.004560470581055,35.8763427734375,44.73611831665039,1.0000044107437134,0.3924849331378937,0.25,3.8758671283721924,0.4253997206687927,0.21276411414146423,0.000218842324105482,0.0,1.3097694435635128,0.627612184833836,0.5208223951795055,1.0,0.44988753264014786,0.3734405161561193,1.0,0.18372744120456078,0.0,0.4390835786187971,0.3720258111889298,0.0,0.1888906134141458,,,,,,,,,,,,,,,,,,,,,,,,,,,,,,,,,,,,
29,9.992253243649145e-06,9.992253243649145e-06,1.0,14.560365367580104,9.657400105450604,3.640696113174026,3.640696113174026,3.6621476315163277,0.0,0.0,0.32774758902755946,2.8996571592382483,0.14554316288716085,2.071268790477031,0.07914538228431263,0.003049106047664945,0.0,0.9925208655563561,0.0,0.0,0.0,2.7697092262474268,33.3877699568465,18.075027465820312,35.806339263916016,44.128658294677734,1.0000174045562744,0.4060402512550354,0.25,4.0,0.4304162263870239,0.22386237978935242,0.0004322135901083269,5.47105810263705e-06,1.2544164883123863,0.6242221207232088,0.5023804880283435,1.0,0.4568662087659578,0.37233150971902385,1.0,0.17838813445052584,0.0,0.4449911431686298,0.3708017951733357,0.0,0.18420706085256627,,,,,,,,,,,,,,,,,,,,,,,,,,,,,,,,,,,,
30,9.991368851211145e-06,9.991368851211145e-06,1.0,13.964513675586597,9.02303984358504,3.704962685301497,3.704962685301497,3.7515189003300025,0.0,0.0,0.32742038530272405,2.8316743438308305,0.1446140356160499,2.0083802777367668,0.0784099943734504,0.0033010510079613006,0.0,1.0125695773073145,0.0,0.0,0.0,2.7993674600446545,32.76449430311048,17.553165435791016,35.320133209228516,43.27513122558594,1.000004768371582,0.3991130590438843,0.25,3.6830451488494873,0.43495798110961914,0.2225860208272934,0.00019148703359229676,0.0,1.2840991632358447,0.6572667916078825,0.48814950556340697,1.0,0.46300112959500905,0.37248311977128723,1.0,0.1718431755497649,0.0,0.4517032407425545,0.37111904089515274,0.0,0.1771777187650268,236.00992751907518,353.32341597417644,0.6521618176729682,-95.10824509505387,236.00992670503825,307.8682806387076,373.8867664054562,412.5128589345561,194.57186126708984,141.18733173932216,508.2312605484672,0.1431532353466203,0.3234642457791154,0.32830954331060397,0.2746030518313159,0.0,0.36429728515109905,0.23740176381360362,0.2087915170193626,1.2933222550690118,0.733666776593016,0.8107801106591916,0.8748488512696493,0.23366677659301605,0.0107801106591916,-0.07515114873035067,0.0,0.0,0.5274725274725275,0.4725274725274725,1.0,2.211464543591489,2.1558168546839074,2.118347777770116,-7.99407434463501,0.0003373994550202042
31,9.99043671324145e-06,9.99043671324145e-06,1.0,14.249801558417243,9.343985158043939,3.6457854477134912,3.6457854477134912,3.6740506533029915,0.0,0.0,0.3249646473575283,2.9181111696604134,0.14552916022571358,2.042609118126534,0.07464857077276385,0.0036945093888789415,0.0,1.0594634784234536,0.0,0.0,0.0,2.8496161344889046,31.73199550525562,17.382583618164062,33.967041015625,41.69865036010742,1.0000146627426147,0.390278160572052,0.25,3.5310587882995605,0.4449818432331085,0.22506959736347198,0.0004349491191596455,0.0,1.2877274042851217,0.648204752722302,0.4966289056478136,1.0,0.4769861512892955,0.37046959593489365,1.0,0.15945313669539787,0.0,0.4655039109088279,0.36928723228944316,0.0,0.1652088576071971,,,,,,,,,,,,,,,,,,,,,,,,,,,,,,,,,,,,
32,9.989456839126684e-06,9.989456839126684e-06,1.0,14.498508943093789,9.574460596651644,3.6583502937007593,3.6583502937007593,3.712558804331599,0.0,0.0,0.3270851470328666,2.8880120419167183,0.14417514245252352,2.080002449654244,0.08016813083274944,0.0036177647778311292,0.0,1.0701739353102606,0.0,0.0,0.0,2.73464400059468,31.783792908127243,17.450618743896484,34.033447265625,41.45503616333008,1.0000207424163818,0.40808069705963135,0.25,3.875930070877075,0.44892629981040955,0.23545019328594208,0.0006592625013677646,0.0,1.1644994374868032,0.6705333662999643,0.42418747084404396,1.0,0.4825086198948525,0.3694569734302727,1.0,0.15521477323931618,0.0,0.4705339541306367,0.36828453154177276,0.0,0.16118151191118602,,,,,,,,,,,,,,,,,,,,,,,,,,,,,,,,,,,,
33,9.988429238734164e-06,9.988429238734164e-06,1.0,14.067320720569507,9.179795136322847,3.6433123833424337,3.6433123833424337,3.689132342467437,0.0,0.0,0.32453412220284744,2.864886051899678,0.14488587105596387,2.0015073724695154,0.07688781880849116,0.00415418397106633,0.0,1.102234489208943,0.0,0.0,0.0,2.85712946427835,30.580660484932565,16.45749855041504,32.729644775390625,40.415714263916016,1.0000180006027222,0.3994804918766022,0.25,3.693169593811035,0.4562772810459137,0.23563413321971893,0.0006948243790349054,0.0,1.2660871760265247,0.7095214797032846,0.4395950822833229,1.0,0.49295928188272425,0.36694587163023046,1.0,0.14705610033628103,0.0,0.48120656367894765,0.3660550552445489,0.0,0.15273838631204656,,,,,,,,,,,,,,,,,,,,,,,,,,,,,,,,,,,,
34,9.987353922411819e-06,9.987353922411819e-06,1.0,14.26073221258215,9.38162984074773,3.629351345268456,3.629351345268456,3.6586325812984155,0.0,0.0,0.32574556727667114,2.837263023531115,0.1424835896169817,2.040832371325106,0.08101277556773778,0.004740960864551566,0.0,1.1158702405723366,0.0,0.0,0.0,2.922152164820078,29.90302158046413,15.43022346496582,32.03396987915039,39.866920471191406,1.0000263452529907,0.402866929769516,0.25,4.0,0.4602802097797394,0.23945526778697968,0.0008480140059087428,1.641317430791115e-05,1.43063438905252,0.8061296376022132,0.43652295529111634,1.0,0.49862494178720423,0.36571850406157,1.0,0.14246749596015826,0.0,0.4868500506555712,0.3649357082070531,0.0,0.1482142439565143,,,,,,,,,,,,,,,,,,,,,,,,,,,,,,,,,,,,
35,9.986230900988068e-06,9.986230900988068e-06,1.0,14.005419860015044,9.125842210408804,3.652987544601028,3.652987544601028,3.6939000116812215,0.0,0.0,0.32373847268723155,2.775183767885775,0.14252037655662847,1.9930476820146716,0.07794856249883368,0.004940431281873906,0.0,1.1421452277415507,0.0,0.0,0.0,2.8441258250056087,29.57785173364588,15.765318870544434,31.660762786865234,39.019535064697266,1.00001859664917,0.4032953679561615,0.25,3.8068957328796387,0.4661128520965576,0.24387751519680023,0.0006319072108545793,0.0,1.4390979441436562,0.7650136053562164,0.46840754761035924,1.0,0.5072144865989685,0.3621811971471116,1.0,0.13725637342478778,0.0,0.4954067001471648,0.36162431336737966,0.0,0.1429689860827214,222.5195346874195,335.5128000376555,0.6293324752657203,-76.00391027429602,222.51953481468914,293.53250099701563,359.03290589541933,398.76269518893633,192.70355333600725,137.51594147201655,465.43639108409053,0.20953779333595304,0.3112539771652868,0.2883713165581249,0.2156420526203992,0.0,0.3390557513429619,0.18385923636438484,0.1495618423395022,1.2311565293636606,0.7296178227254406,0.8168077388149939,0.8824520904327434,0.22961782272544062,0.016807738814993867,-0.06754790956725654,0.0,0.0,0.5714285714285714,0.42857142857142855,1.0,2.1592356048442505,2.0974523097604187,2.0533221255946947,-7.993907451629639,0.0003374557418283075
36,9.985060185771726e-06,9.985060185771726e-06,1.0,13.672845092979637,8.805968001082137,3.632785397606927,3.632785397606927,3.6843533129305452,0.0,0.0,0.3257993693287308,2.750792239163373,0.14068942980186358,2.0373575912939534,0.08071103128227028,0.005385830243294303,0.0,1.1665919245900334,0.0,0.0,0.0,2.916149158735533,29.100705997363942,15.072782516479492,31.291902542114258,38.86741638183594,1.000050663948059,0.42581260204315186,0.25,4.0,0.4713467061519623,0.2585582137107849,0.0013513513513513514,5.47105810263705e-06,1.6162532584087268,0.8540285680745099,0.4715997857196347,1.0,0.5147341087057784,0.3598845802448891,1.0,0.13223749520005407,0.0,0.5018344529577203,0.35944007296819946,0.0,0.13872546440846212,,,,,,,,,,,,,,,,,,,,,,,,,,,,,,,,,,,,
37,9.983841788551883e-06,9.983841788551883e-06,1.0,13.942779541015625,9.061899326943063,3.65653826739337,3.65653826739337,3.709118604660034,0.0,0.0,0.32595684641116374,2.728290010142971,0.141661967780139,2.0162573923935763,0.07780245963383366,0.004793306636447842,0.0,1.1733525508158915,0.0,0.0,0.0,2.771535093719895,28.930951608193887,15.310144424438477,31.04838752746582,38.19016647338867,1.0000593662261963,0.42274320125579834,0.25,3.908672332763672,0.47716081142425537,0.26104938983917236,0.001474450158660685,0.0,1.2986213113810565,0.7410259013240402,0.4293749110462582,1.0,0.5238874780165182,0.35334831717852,1.0,0.12927306544136358,0.0,0.5113098009212597,0.35319753836941076,0.0,0.13549265829292503,,,,,,,,,,,,,,,,,,,,,,,,,,,,,,,,,,,,
38,9.982575721597784e-06,9.982575721597784e-06,1.0,13.898471677625501,9.051859636564512,3.61827472093943,3.61827472093943,3.6739603313239844,0.0,0.0,0.323377288676597,2.7506316094785124,0.1433003772352193,2.005735648644937,0.0802616368274431,0.005881795772930255,0.0,1.200646324737652,0.0,0.0,0.0,2.8535846504005224,28.0309541032121,15.04337215423584,29.858943939208984,37.01518249511719,1.0000221729278564,0.4092806875705719,0.25,4.0,0.48574918508529663,0.2624657154083252,0.000984790458474669,3.0090819564503775e-05,1.513402125319919,0.8631151898487194,0.42968549111409177,1.0,0.5371075610856753,0.34511578727412867,1.0,0.12426166397494239,0.0,0.524464534746634,0.3454265626701149,0.0,0.13010890580512383,,,,,,,,,,,,,,,,,,,,,,,,,,,,,,,,,,,,
39,9.981261997658713e-06,9.981261997658713e-06,1.0,13.480813851227632,8.653466044245539,3.622109619346825,3.622109619346825,3.6596227336574243,0.0,0.0,0.3227242593829696,2.676052828092833,0.1413803148914028,1.966030604130513,0.0782546010371801,0.005606672575546277,0.0,1.2270563389803912,0.0,0.0,0.0,2.8740154343682365,27.28558767164076,14.104365348815918,29.167261123657227,36.370208740234375,1.0000441074371338,0.4107000231742859,0.25,3.8614120483398438,0.4922056794166565,0.26846742630004883,0.0011489222015537805,0.0,1.3695935027019397,0.875695689304455,0.36061635253315755,1.0,0.5471687912940979,0.33835589241337133,1.0,0.12070669938583632,0.0,0.534497768492312,0.3389255050066355,0.0,0.126576729118824,,,,,,,,,,,,,,,,,,,,,,,,,,,,,,,,,,,,
40,9.979900629963849e-06,9.979900629963849e-06,1.0,13.630554173443768,8.771286938641522,3.6425546762105583,3.6425546762105583,3.6925016609398096,0.0,0.0,0.32355476311735204,2.7081153521666654,0.1419641786330455,1.983738525493725,0.0787544594825925,0.006552287415173408,0.0,1.2401612997055054,0.0,0.0,0.0,2.8744378412092053,26.844566396764808,13.804574012756348,28.659034729003906,35.806339263916016,1.0000768899917603,0.4131533205509186,0.25,3.607753276824951,0.49711114168167114,0.2724255323410034,0.0018054491738702266,0.0,1.6021134152605727,0.9640774984617491,0.398246410473413,1.0,0.5548390601132367,0.3330463154895886,1.0,0.11829642548754409,0.0,0.542474669379157,0.3336677945948936,0.0,0.12385752857536883,207.39889369168125,320.0782186329222,0.5714240834398586,-79.4358723609002,207.39889339963742,274.5059070422369,337.1102581548355,376.0682893315534,171.1769654410226,124.51912139182868,445.3346355272376,0.2740946170522057,0.3122581873911398,0.2630343374995449,0.18592755966525581,0.0,0.32412949369270416,0.1998616761944747,0.1529170682812784,1.171029440213824,0.7306804441024514,0.8272507420028581,0.9012678172291232,0.23068044410245137,0.02725074200285804,-0.048732182770876764,0.0,0.0,0.554945054945055,0.44505494505494503,1.0,2.0348810835199043,1.9875669885467697,1.9540141355860365,-7.9951324462890625,0.0003370426711626351
41,9.978491632222153e-06,9.978491632222153e-06,1.0,13.173025492075327,8.321387510041934,3.6671456324087606,3.6671456324087606,3.727235710298693,0.0,0.0,0.32499540013235967,2.5753599308632515,0.13979087246430888,1.9433489715730823,0.0809584234815997,0.006047315820044762,0.0,1.2577542098792824,0.0,0.0,0.0,2.861641265250541,26.33076121356036,13.27573013305664,28.159664154052734,35.25121307373047,1.000099539756775,0.40825414657592773,0.25,3.295637369155884,0.5034281611442566,0.2735910713672638,0.0023853813327497538,0.0,1.5174969724706702,0.924714249533576,0.3906318982448918,1.0,0.5647874828931447,0.32603958812919825,1.0,0.1145751836734849,0.0,0.5528239478936067,0.32677637805809845,0.0,0.1203996665977143,,,,,,,,,,,,,,,,,,,,,,,,,,,,,,,,,,,,
42,9.977035018622216e-06,9.977035018622216e-06,1.0,12.898172120790225,8.0960062774452,3.6098184456696383,3.6098184456696383,3.6689817712113664,0.0,0.0,0.32450800892469045,2.593691870972917,0.13998591980418643,1.9670523985012158,0.08024453391899934,0.006195993980745206,0.0,1.2578859764176447,0.0,0.0,0.0,2.8091949321128227,25.975679294483083,13.121062278747559,27.72308921813965,34.772544860839844,1.0000587701797485,0.41143471002578735,0.25,3.5530807971954346,0.5108163952827454,0.2821737825870514,0.0016084910821752927,0.0,1.5744607513015334,0.916459769816012,0.41792148895523923,1.0,0.576390224534112,0.3178115269622287,1.0,0.11101533996092307,0.0,0.564212362508516,0.318905346296929,0.0,0.1168822990478696,,,,,,,,,,,,,,,,,,,,,,,,,,,,,,,,,,,,
43,9.975530803832124e-06,9.975530803832124e-06,1.0,13.242145383680189,8.442826077744767,3.6130082736144193,3.6130082736144193,3.6551804993603683,0.0,0.0,0.3221742196663006,2.58036909876643,0.14098634973571106,1.9438336024413239,0.07973765169043799,0.006000239691520865,0.0,1.3103213890178784,0.0,0.0,0.0,2.6918654635145858,25.742006147229993,13.831562995910645,27.240026473999023,34.09998321533203,1.0000858306884766,0.41734248399734497,0.25,3.7641327381134033,0.5183199048042297,0.29142701625823975,0.0022540759382864645,0.0,1.3946119482452806,0.8480820381963575,0.39188672572078154,1.0,0.5882529326387353,0.30901657890629125,1.0,0.10786188716018522,0.0,0.5758849269634968,0.31031429042687286,0.0,0.11380078341509844,,,,,,,,,,,,,,,,,,,,,,,,,,,,,,,,,,,,
44,9.973979002999299e-06,9.973979002999299e-06,1.0,13.673914986687738,8.88182308867171,3.5881268978118896,3.5881268978118896,3.6366771169610925,0.0,0.0,0.32504300813417175,2.6222882915187524,0.14026758477494522,1.9821834499771531,0.08164614197370168,0.005867081448888859,0.0,1.2963873373495567,0.0,0.0,0.0,2.717760388915603,25.218339198344463,13.069908142089844,26.81770896911621,33.50580596923828,1.0001261234283447,0.4216960370540619,0.25,3.4661402702331543,0.5245927572250366,0.29863113164901733,0.003011817485501696,0.0,1.2901371636906185,0.8252703708571356,0.3603235422686888,1.0,0.5982437826491691,0.30129526837452036,1.0,0.10547703222648518,0.0,0.5858977759206617,0.30266161867090174,0.0,0.11144060500570245,,,,,,,,,,,,,,,,,,,,,,,,,,,,,,,,,,,,
45,9.97237963175036e-06,9.97237963175036e-06,1.0,12.43203268824397,7.6606365796682,3.6041681186572925,3.6041681186572925,3.6546529499260156,0.0,0.0,0.322904721305177,2.507517344242818,0.14044068834266146,1.9128652424425692,0.0792406127863639,0.0072676729901718935,0.0,1.338894695849032,0.0,0.0,0.0,2.833248505721221,24.32262286624393,12.158723831176758,25.891281127929688,32.85774612426758,1.000133991241455,0.4246882200241089,0.25,3.5855917930603027,0.5304208993911743,0.30448830127716064,0.0029981398402451035,0.0,1.5664712448377867,1.0284245561909031,0.3434769009772663,1.0,0.6074798944834117,0.29431676220249486,1.0,0.10327499178615776,0.0,0.5953773034585489,0.2956661549774376,0.0,0.10895654398041803,192.7772759448041,303.62587756144,0.5205287059830708,-77.65449559557568,192.77727571832108,256.5974471577774,314.8890317575167,353.72135108851194,154.5927254813058,112.84206884221513,422.7540926725968,0.3085328781501222,0.3058187777544818,0.2495926544500198,0.1619090869198073,0.0,0.292489300071919,0.19443474251005727,0.13007152564878338,1.12638355872533,0.7297827122494596,0.8348723022241765,0.9149536477226925,0.22978271224945956,0.03487230222417648,-0.03504635227730746,0.0,0.0,0.5439560439560439,0.45604395604395603,1.0,1.9485699518041297,1.903527482197835,1.8699155420392424,-7.995718955993652,0.0003368450852576643
46,9.970732706190957e-06,9.970732706190957e-06,1.0,13.047213786357158,8.263727432972676,3.6083161250965015,3.6083161250965015,3.6624573823567985,0.0,0.0,0.3236331069791639,2.5262312566911853,0.1399714582272478,1.9291436253367245,0.07942009425243816,0.006718421103181066,0.0,1.3512737493257265,0.0,0.0,0.0,2.7814314300949508,23.79309602685877,11.877066612243652,25.24216079711914,32.15934753417969,1.0001431703567505,0.41303202509880066,0.25,3.4174463748931885,0.537900984287262,0.30537867546081543,0.002954371375424007,0.0,1.3925867660625562,0.9263008478525523,0.33483437411113376,1.0,0.6195071291279148,0.28458811624630076,1.0,0.10059446096420288,0.0,0.6079872894931484,0.2860629429688325,0.0,0.10594977035715773,,,,,,,,,,,,,,,,,,,,,,,,,,,,,,,,,,,,
47,9.969038242905615e-06,9.969038242905615e-06,1.0,12.83537568272771,8.042881785212336,3.6133049436517664,3.6133049436517664,3.675433281305674,0.0,0.0,0.3226833923442944,2.5336639107884587,0.14091208295242205,1.9273403818542894,0.08385917121494138,0.007197864687170934,0.0,1.3709180322853294,0.0,0.0,0.0,2.825713215647517,23.16584942791913,11.715789794921875,24.46554183959961,31.414377212524414,1.0000900030136108,0.4075222611427307,0.25,3.279366970062256,0.544764518737793,0.30834904313087463,0.0023115220483641537,0.0,1.4182820384566848,0.9782837371568422,0.31023328884474227,1.0,0.6304609308371673,0.2760222336730441,1.0,0.09808672662522341,0.0,0.6192314721442558,0.2775537774369523,0.0,0.10321474457914764,,,,,,,,,,,,,,,,,,,,,,,,,,,,,,,,,,,,
48,9.967296258957556e-06,9.967296258957556e-06,1.0,12.965961043899124,8.184269660228008,3.6067044477205017,3.6067044477205017,3.650746049107732,0.0,0.0,0.32205786978876266,2.5146637671702616,0.1389478231604035,1.934728793195776,0.08008479749834216,0.007600574370322598,0.0,1.3800418602453697,0.0,0.0,0.0,2.7683934198843465,22.921699111526078,11.377533912658691,24.275146484375,31.169906616210938,1.0001240968704224,0.41828295588493347,0.25,3.3899929523468018,0.5483763217926025,0.3159385621547699,0.0028777765619870882,0.0,1.5883053750605196,1.0468941669206362,0.34087349740238326,1.0,0.6363249260026056,0.2710295335666553,1.0,0.09703615267534514,0.0,0.6253973181183273,0.272429943890185,0.0,0.10217273577645018,,,,,,,,,,,,,,,,,,,,,,,,,,,,,,,,,,,,
49,9.96550677188854e-06,9.96550677188854e-06,1.0,13.036623877448005,8.254755574303704,3.6092899490047143,3.6092899490047143,3.6652751419995284,0.0,0.0,0.3241039635361852,2.5022572762257345,0.1404058967490454,1.9251560907106142,0.08114769440647718,0.007199669533686058,0.0,1.3869857079273946,0.0,0.0,0.0,2.6414967743126123,22.760100854409707,11.83076286315918,23.945520401000977,30.567026138305664,1.0001145601272583,0.4089866280555725,0.25,3.4262166023254395,0.5535269379615784,0.3147890269756317,0.002434620855673487,0.0,1.5826926714665182,0.9661676271541698,0.3895418582693494,1.0,0.6447383568093583,0.26370371596233266,1.0,0.09548884891980403,0.0,0.6346216378985224,0.2649605233927031,0.0,0.10041783629236994,,,,,,,,,,,,,,,,,,,,,,,,,,,,,,,,,,,,
50,9.963669799718686e-06,9.963669799718686e-06,1.0,12.417348371969688,7.680055644061114,3.575595778387946,3.575595778387946,3.613568144875604,0.0,0.0,0.32372360696663727,2.45522724615561,0.13811120612395777,1.9096753983884245,0.08380566607858683,0.008572520751103357,0.0,1.3970979742101721,0.0,0.0,0.0,2.8034097568408862,21.859171583845807,10.730035781860352,23.07320213317871,29.91731834411621,1.0001298189163208,0.4052637219429016,0.25,3.3701865673065186,0.5593999624252319,0.3179900646209717,0.002839479155268629,0.0,1.780434469918947,1.1695161075205416,0.3431288108156078,1.0,0.6541107844662022,0.25640894673966075,1.0,0.09319350626823064,0.0,0.6442804400985306,0.25765450902887294,0.0,0.09806504966439428,174.70503377390432,282.710284906942,0.47336206998667724,-65.27583589658633,174.70503332566935,234.60814500768151,289.0568397688314,328.1597016516992,137.95466940743583,103.43560879729515,380.1617375249448,0.3586067555715843,0.32036556470488803,0.24457808654748592,0.14525165708485274,0.0,0.28810950505473726,0.2199624207604843,0.1399140137646098,1.0682854424833717,0.7341980872815214,0.8455534791689568,0.9251584771536404,0.23419808728152136,0.0455534791689568,-0.024841522846359543,0.0,0.0,0.5824175824175825,0.4175824175824176,1.0,1.8566372188237996,1.8076448607575761,1.7700328938253633,-7.995510101318359,0.0003369154583197087
51,9.96178536094628e-06,9.96178536094628e-06,1.0,12.94239330291748,8.176515089498984,3.592992067337036,3.592992067337036,3.649599816348102,0.0,0.0,0.3222117963674906,2.4905607120410815,0.13868270391548002,1.9310809760480314,0.08225331052735045,0.0085090873385402,0.0,1.4236129039042704,0.0,0.0,0.0,2.7454508639670707,21.39622162483834,10.772031784057617,22.450841903686523,29.338665008544922,1.0001254081726074,0.4016909897327423,0.25,3.918201446533203,0.5639024972915649,0.31892597675323486,0.002702702702702703,0.0,1.8349471849364203,1.1835842446700946,0.3549763969304081,1.0,0.6614478858741554,0.2500473840816601,1.0,0.09198984080875242,0.0,0.6524162888526917,0.2510496530983899,0.0,0.09653405684071618,,,,,,,,,,,,,,,,,,,,,,,,,,,,,,,,,,,,
52,9.959853474547597e-06,9.959853474547597e-06,1.0,12.254305040514147,7.5184161083118335,3.5735110914384998,3.5735110914384998,3.608929208807043,0.0,0.0,0.32036914777111364,2.458166460733156,0.13755350338446126,1.9143050393542729,0.08141246659530176,0.008839687030460383,0.0,1.4382290969023834,0.0,0.0,0.0,2.82862402297355,20.70428636911753,9.96250057220459,21.71764373779297,28.659034729003906,1.000154972076416,0.4024679362773895,0.25,3.5832934379577637,0.5696049332618713,0.3242787718772888,0.003178684757632126,0.0,1.7111604278152053,1.1858278754595164,0.3070036823060646,1.0,0.6705305624652553,0.242988146640159,1.0,0.08999972991846703,0.0,0.6618101226316916,0.24384921950262947,0.0,0.09434065887251415,,,,,,,,,,,,,,,,,,,,,,,,,,,,,,,,,,,,
53,9.957874159976716e-06,9.957874159976716e-06,1.0,13.146944484195194,8.375503063201904,3.6034967770447603,3.6034967770447603,3.6443462758450895,0.0,0.0,0.32094603696384943,2.4773827114620723,0.13807866380021377,1.9195973969794609,0.08108319765007174,0.008637355615359705,0.0,1.4486060271391998,0.0,0.0,0.0,2.8338516467326396,20.231677235783756,9.71273136138916,21.214553833007812,28.159664154052734,1.0001652240753174,0.4035577178001404,0.25,3.1732282638549805,0.5734160542488098,0.3272339403629303,0.0035452456505088085,0.0,1.5593265665544045,1.1300390781583012,0.2753031325212951,1.0,0.6766572949048635,0.23804389020881137,1.0,0.08859882544021348,0.0,0.6682596029462041,0.23878261728866682,0.0,0.09295777936239501,,,,,,,,,,,,,,,,,,,,,,,,,,,,,,,,,,,,
54,9.955847437165313e-06,9.955847437165313e-06,1.0,12.538586152566445,7.739939148361619,3.667615201022174,3.667615201022174,3.7519983923113025,0.0,0.0,0.3199160332615311,2.3605857829789856,0.13638578899003365,1.856793435844215,0.0791025301693259,0.008343802897158909,0.0,1.463128164007857,0.0,0.0,0.0,2.6856590477195947,20.257649550566803,9.884971618652344,21.214553833007812,27.94052505493164,1.0002273321151733,0.4120638072490692,0.25,3.391887903213501,0.575821578502655,0.33301544189453125,0.004316664842980633,0.0,1.402519092366502,1.0328290647751577,0.26359001428462414,1.0,0.6806550686423843,0.2341781371348613,1.0,0.08857261832501437,0.0,0.6726372241973877,0.23465611886333776,0.0,0.09270665955704611,,,,,,,,,,,,,,,,,,,,,,,,,,,,,,,,,,,,
55,9.95377332652246e-06,9.95377332652246e-06,1.0,12.429692319921545,7.6880728231894,3.597886884534681,3.597886884534681,3.6414987783174255,0.0,0.0,0.3228809366355071,2.369546297434214,0.13587574419137594,1.8989222790743854,0.07984864540599487,0.008845491385137712,0.0,1.4751907748145026,0.0,0.0,0.0,2.772871584505648,19.57818185960924,9.304226875305176,20.481689453125,27.346641540527344,1.0002418756484985,0.4085926115512848,0.25,3.1441614627838135,0.5806716680526733,0.33540078997612,0.004587482219061166,0.0,1.6002903999509037,1.1223834640270955,0.29863763223129386,1.0,0.6883768519839725,0.22824818419443593,1.0,0.08660039386233769,0.0,0.6806046769425675,0.2286948823445552,0.0,0.09070044373338287,162.8744576422723,258.7795754982169,0.49155293255429944,-8.466808025653545,162.87445673732424,220.97440668821505,270.2306527270398,310.86417429113004,156.7761448451451,112.78399102262749,304.2735529360564,0.3882522065521474,0.32571743259471286,0.24166705474646094,0.1302567647276395,0.0,0.27503421457165195,0.2445408697591551,0.11648363585823812,1.0196163135524692,0.7165549082114983,0.8562163350555128,0.9317907002308453,0.21655490821149825,0.05621633505551271,-0.01820929976915464,0.0,0.0,0.7142857142857143,0.2857142857142857,0.9908424908424909,1.8529267199746855,1.7659303218453795,1.7042604304931976,-7.996089458465576,0.00033672034624032676
56,9.951651848934432e-06,9.951651848934432e-06,1.0,11.994267644108954,7.270828646582526,3.5901658083941483,3.5901658083941483,3.6330771575102934,0.0,0.0,0.32256392449946014,2.337874058130625,0.13653659941376867,1.8745274865949475,0.08127119865369152,0.008401335456182022,0.0,1.4792302556940027,0.0,0.0,0.0,2.6620591717797355,19.41313511616475,9.487736701965332,20.28264617919922,26.87013816833496,1.0002365112304688,0.41176581382751465,0.25,3.1360292434692383,0.5847999453544617,0.3401147425174713,0.0047187876135244555,0.0,1.6043020519050393,1.0781843726699416,0.32794178540777635,1.0,0.6950561388118847,0.22264271813469963,1.0,0.08539612712086858,0.0,0.6876130941751841,0.2229144891371598,0.0,0.08947241829859244,,,,,,,,,,,,,,,,,,,,,,,,,,,,,,,,,,,,
57,9.949483025764483e-06,9.949483025764483e-06,1.0,12.845742534946751,8.113302656122157,3.562929778485685,3.562929778485685,3.596079413955276,0.0,0.0,0.32267902992867137,2.430106936274348,0.13618887658860232,1.94889011576369,0.08413398124881692,0.009808070278046904,0.0,1.5042852195533547,0.0,0.0,0.0,2.7665504249366553,18.733429419027793,8.982807159423828,19.50562858581543,26.299009323120117,1.0002135038375854,0.4118902385234833,0.25,3.225288152694702,0.5886675715446472,0.3435770571231842,0.004188094977568662,0.0,1.7382539011336662,1.1849297687814042,0.3183218124759515,1.0,0.7012337865056218,0.21777590666268323,1.0,0.08406769141957567,0.0,0.6941222097422626,0.21795692073332296,0.0,0.08792087214218604,,,,,,,,,,,,,,,,,,,,,,,,,,,,,,,,,,,,
58,9.947266878852637e-06,9.947266878852637e-06,1.0,11.686107919022843,6.982438370988175,3.5888999475015178,3.5888999475015178,3.6340937936628186,0.0,0.0,0.3203772942762117,2.277747112351495,0.13676641156544556,1.842680415591678,0.08042799067255613,0.009153794975498238,0.0,1.5046327758479763,0.0,0.0,0.0,2.6102155350350045,18.718997078972894,9.322417259216309,19.46756935119629,25.840761184692383,1.0002455711364746,0.4053327739238739,0.25,3.4346251487731934,0.5928879380226135,0.3430640995502472,0.0045273005799321584,0.0,1.7259996195097227,1.1705475465671435,0.32181471343565976,1.0,0.7080911510699505,0.21184936890730988,1.0,0.08316233150056891,0.0,0.7015398692440342,0.21175878233200796,0.0,0.08670135084036235,,,,,,,,,,,,,,,,,,,,,,,,,,,,,,,,,,,,
59,9.945003430515472e-06,9.945003430515472e-06,1.0,12.793839016476193,8.05827183336825,3.5704387909657247,3.5704387909657247,3.6122294567726754,0.0,0.0,0.32192696510134516,2.4244655853993184,0.13725151302846703,1.9283365075652663,0.0830672851486786,0.010538142010871623,0.0,1.5352992753724795,0.0,0.0,0.0,2.7086350788941256,18.147963137240023,8.791875839233398,18.90550422668457,25.34095573425293,1.0002508163452148,0.40930473804473877,0.25,3.316316604614258,0.5970101356506348,0.3493753671646118,0.004576540102855893,0.0,2.0117254386077055,1.355824803983843,0.32603884309272574,1.0,0.7146625905423551,0.20673446921077934,1.0,0.08166544240068745,0.0,0.7082811126837859,0.20659289811108564,0.0,0.08512599303110226,,,,,,,,,,,,,,,,,,,,,,,,,,,,,,,,,,,,
60,9.942692703545886e-06,9.942692703545886e-06,1.0,12.46757442886765,7.751525079881823,3.5777962143356734,3.5777962143356734,3.630428372202693,0.0,0.0,0.32205915451049805,2.330911513921377,0.13536004420067813,1.888775796503634,0.08302128737842715,0.008250700152554625,0.0,1.5400387950845666,0.0,0.0,0.0,2.67519440522065,17.633797722893792,8.605003356933594,18.32384490966797,24.60931396484375,1.0002938508987427,0.40844663977622986,0.25,3.2497611045837402,0.6009458899497986,0.350969523191452,0.005339752708173761,0.0,1.398461411128173,1.0300762476147831,0.2634217580706818,1.0,0.721038053164611,0.2013943126878223,1.0,0.08034616608071972,0.0,0.7150154532612981,0.20115269801101168,0.0,0.08383184772085499,144.2313138102437,238.93075853350507,0.41056044946285974,-24.839754167493883,144.23131455150516,198.75495232482245,243.9141367954848,282.7881687642759,129.73211342947823,92.81222025553386,290.6347370976987,0.39747818532669843,0.3479812485704259,0.2647181857816278,0.14274181704693217,0.0,0.28509891635566664,0.2792860357755196,0.15096943651861588,0.972060289469147,0.7382653622073211,0.870635007878055,0.9454948517826389,0.23826536220732109,0.07063500787805499,-0.0045051482173610324,0.0,0.0,0.7032967032967034,0.2967032967032967,0.9597069597069596,1.7310019836320982,1.6519172519117922,1.5964235846812909,-7.997708320617676,0.0003361757844686508
61,9.940334721212874e-06,9.940334721212874e-06,1.0,11.800581261918351,7.095359828021075,3.575576704901618,3.575576704901618,3.6143887622936353,0.0,0.0,0.3225073427767367,2.289446215371828,0.1347919813281781,1.8828987463100537,0.08243101543268642,0.008811239153146744,0.0,1.5581154146709957,0.0,0.0,0.0,2.673339624662657,17.23058932536357,8.291528701782227,17.899372100830078,24.13332748413086,1.0003198385238647,0.4123428761959076,0.25,3.232515335083008,0.6042167544364929,0.35630059242248535,0.005922420396104607,0.0,1.5205396156053286,1.0971074507043168,0.278474931238436,1.0,0.7262864660572361,0.19713319032578855,1.0,0.07941707928438445,0.0,0.7204911257769611,0.19670998123851982,0.0,0.08279889298451913,,,,,,,,,,,,,,,,,,,,,,,,,,,,,,,,,,,,
62,9.93792950726129e-06,9.93792950726129e-06,1.0,12.08273000974913,7.366463996268608,3.5666761720502698,3.5666761720502698,3.6091550943013786,0.0,0.0,0.3223982703041386,2.3534458907874853,0.13615089131368174,1.9079930911193024,0.0860274585114943,0.01059615663630334,0.0,1.5577010270711538,0.0,0.0,0.0,2.753764281401763,16.461607082470042,7.804398536682129,16.979917526245117,23.299631118774414,1.0002448558807373,0.3893108069896698,0.25,3.4239659309387207,0.607910692691803,0.34759366512298584,0.004423350475982055,0.0,1.5988054033872243,1.2239072483939093,0.23448641979759197,1.0,0.7323270246789262,0.19180756364319776,1.0,0.07850474985064687,0.0,0.7269026878717784,0.19149162157161817,0.0,0.08160569015386943,,,,,,,,,,,,,,,,,,,,,,,,,,,,,,,,,,,,
63,9.935477085911616e-06,9.935477085911616e-06,1.0,11.773467167003735,7.102668826644485,3.53680834254703,3.53680834254703,3.562046682512438,0.0,0.0,0.3217982802842114,2.3047452166273787,0.13479080312960856,1.8819236175434009,0.08356466486647322,0.01072588303705325,0.0,1.5777354498167295,0.0,0.0,0.0,2.795798346802995,15.90957566854116,7.331553936004639,16.45749855041504,22.715486526489258,1.0002803802490234,0.38961222767829895,0.25,3.1152780055999756,0.6109572649002075,0.3503971993923187,0.005123645913119598,0.0,1.662382352996517,1.2526679425626188,0.24646219908155903,1.0,0.7372011413445344,0.18800524320151354,1.0,0.07715983608284512,0.0,0.7320450302716848,0.18768577036019918,0.0,0.08026919715307854,,,,,,,,,,,,,,,,,,,,,,,,,,,,,,,,,,,,
64,9.932977481859705e-06,9.932977481859705e-06,1.0,12.255992064604888,7.532037992735167,3.5994492543710246,3.5994492543710246,3.656294700261709,0.0,0.0,0.3213950967466509,2.2718108086972624,0.13464327438457593,1.8738608811352704,0.08210993658851932,0.009540446876623743,0.0,1.574449426419026,0.0,0.0,0.0,2.555638957667995,16.026726722717285,7.942798614501953,16.52191162109375,22.538713455200195,1.0003461837768555,0.4008903503417969,0.25,3.3160347938537598,0.613008439540863,0.3568420708179474,0.00578564394353868,0.0,1.6350000919522465,1.16075016034616,0.29006110393536166,1.0,0.7405295227025006,0.1850834766755233,1.0,0.07699434177295582,0.0,0.7353765851742512,0.18455081412921082,0.0,0.08007260573071402,,,,,,,,,,,,,,,,,,,,,,,,,,,,,,,,,,,,
65,9.930430720276543e-06,9.930430720276543e-06,1.0,12.111679257573309,7.383257904568234,3.5920477364514327,3.5920477364514327,3.6531832475919983,0.0,0.0,0.3195632124269331,2.3102106951378487,0.13522938679198962,1.885517600420359,0.08551469183451421,0.011256640034450873,0.0,1.5895519804310154,0.0,0.0,0.0,2.761691744263108,15.4288090113047,7.253218650817871,15.920031547546387,21.930768966674805,1.0002520084381104,0.38916683197021484,0.25,3.1876847743988037,0.6162189841270447,0.3539017140865326,0.00446985446985447,0.0,1.8907822869919442,1.367726132676408,0.27663478651879536,1.0,0.7456590597693985,0.1811263774697845,1.0,0.07548112321544338,0.0,0.740962121937726,0.18058435820244453,0.0,0.07845352126939877,131.3311739701491,227.3779051157307,0.35792708534559936,-47.07186325827798,131.3311755289677,184.41498566611102,225.43709658779244,262.903556815092,134.47724969046456,72.31621586999228,296.3508927718453,0.40741258030796074,0.3766841038553292,0.2967956459239318,0.1707763459529102,0.0,0.3072295691549184,0.33530929009809257,0.186000490738814,0.9352538877799467,0.7549375251914551,0.8857865230295702,0.9553149389908762,0.25493752519145507,0.08578652302957013,0.005314938990876206,0.0,0.0,0.6318681318681318,0.36813186813186816,0.9249084249084248,1.66225167290195,1.5818713516979428,1.5245449644523663,-7.995644569396973,0.00033687017275951803
66,9.92783682680799e-06,9.92783682680799e-06,1.0,11.628520501626504,6.939258201702221,3.576541198266519,3.576541198266519,3.6190473582293534,0.0,0.0,0.32071268397408564,2.228776248725685,0.13543330797472516,1.844945234221381,0.08476267080451991,0.011225742791351434,0.0,1.6002410328066028,0.0,0.0,0.0,2.6136063627294592,15.28238768190951,7.5642828941345215,15.703855514526367,21.590763092041016,1.0002942085266113,0.40314292907714844,0.25,3.3273260593414307,0.6181642413139343,0.36221957206726074,0.005317868475763213,0.0,1.6503408051825859,1.2236577095212162,0.25854241397985883,1.0,0.748803208003173,0.17841867820636645,1.0,0.07528156666336833,0.0,0.7443243683995427,0.17759704106562846,0.0,0.07807858550065272,,,,,,,,,,,,,,,,,,,,,,,,,,,,,,,,,,,,
67,9.925195827574523e-06,9.925195827574523e-06,1.0,11.655068758371714,6.896732832934405,3.651248390610154,3.651248390610154,3.7180294861664644,0.0,0.0,0.32166675941364187,2.2090456646841927,0.134444898850209,1.8369155510051831,0.08196126538756732,0.009351702016853803,0.0,1.6246793270111084,0.0,0.0,0.0,2.577305574674864,14.827731338707176,7.331553936004639,15.190999984741211,21.008390426635742,1.0004208087921143,0.41002559661865234,0.25,3.354548931121826,0.6209465265274048,0.3673119843006134,0.007134259765838713,0.0,1.376244702854672,1.071162970484914,0.22167695304253895,1.0,0.753225434470821,0.17505021272478877,1.0,0.07414278005425995,0.0,0.7489929070343843,0.17405831330531352,0.0,0.07694877442475911,,,,,,,,,,,,,,,,,,,,,,,,,,,,,,,,,,,,
68,9.922507749170978e-06,9.922507749170978e-06,1.0,11.560633066538218,6.860687036772032,3.575565112603677,3.575565112603677,3.632262610100411,0.0,0.0,0.32204627668535385,2.2538189501375765,0.13420647765333588,1.873402196007806,0.08138902465233931,0.01086610195705214,0.0,1.643370270729065,0.0,0.0,0.0,2.6748469584697,14.455463744498587,6.995818138122559,14.81014633178711,20.602052688598633,1.0003635883331299,0.4010852575302124,0.25,3.0476036071777344,0.62320876121521,0.36572667956352234,0.006092023197286355,0.0,1.5429295011468835,1.2134633273691744,0.2135328759562973,1.0,0.7568767827910345,0.1720394999594302,1.0,0.0733756082686218,0.0,0.7527472876213692,0.17114218183465907,0.0,0.07611053054397171,,,,,,,,,,,,,,,,,,,,,,,,,,,,,,,,,,,,
69,9.919772618666274e-06,9.919772618666274e-06,1.0,11.909327507019043,7.185476187113169,3.6050519943237305,3.6050519943237305,3.639121203809171,0.0,0.0,0.3206803798675537,2.248720781223194,0.13367990867511645,1.8582319987786782,0.07950123923050391,0.010541948017890792,0.0,1.647372613082061,0.0,0.0,0.0,2.553385666898779,14.467042149724188,7.302971363067627,14.868111610412598,20.362030029296875,1.0003176927566528,0.3944256603717804,0.25,3.1020898818969727,0.6255747675895691,0.3640364110469818,0.005350694824379035,0.0,1.8326168914098997,1.2953558129233282,0.29316606269695394,1.0,0.7607161950420689,0.16874967837655866,1.0,0.07281287900499396,0.0,0.7570233328922374,0.1676575187090281,0.0,0.07531914779463329,,,,,,,,,,,,,,,,,,,,,,,,,,,,,,,,,,,,
70,9.916990463603144e-06,9.916990463603144e-06,1.0,12.206371281598065,7.527475369943155,3.547768412409602,3.547768412409602,3.580782091295397,0.0,0.0,0.3190966755957217,2.2796723262683765,0.13480676911972664,1.8765327866012986,0.0847168510427346,0.012325129572402787,0.0,1.6530076909709621,0.0,0.0,0.0,2.6125800802900985,14.328422417511812,7.417975902557373,14.694892883300781,20.007230758666992,1.000311255455017,0.3911149799823761,0.25,2.943715810775757,0.6282162070274353,0.36498361825942993,0.005254951307582886,0.0,2.04686558488253,1.4180989378207438,0.3071851184101428,1.0,0.7649185351423315,0.16550473868846893,1.0,0.07187195484702652,0.0,0.7614294709386052,0.1643386334180832,0.0,0.07423190027475357,137.21060551653852,217.22791723796317,0.4049036212487222,7.876746355832278,137.21060513429344,183.074764816618,219.9290486770566,258.84249326852733,127.13678577968052,98.31727464069692,247.8140059761379,0.31198630848176745,0.4089477024865422,0.3063114870913348,0.19338907669198757,0.0,0.34892920832051527,0.4239275167944552,0.2799199706919656,0.9185224180575934,0.7444762009453666,0.8898171558389213,0.9577333186764867,0.2444762009453666,0.08981715583892125,0.0077333186764867445,0.0,0.0,0.7472527472527473,0.25274725274725274,0.9203296703296703,1.6816421239585666,1.5847971242862744,1.5219854689561403,-7.994658946990967,0.0003372022765688598
71,9.914161311997858e-06,9.914161311997858e-06,1.0,12.002446355046454,7.305428582268792,3.5703982791385136,3.5703982791385136,3.606608178164508,0.0,0.0,0.3216013014316559,2.253233687297718,0.13220150184792442,1.886528678842493,0.08165181408057341,0.009879658149706351,0.0,1.6467652514174178,0.0,0.0,0.0,2.5580282791240796,14.191492054913494,7.461568355560303,14.580535888671875,19.73555564880371,1.0003430843353271,0.39581719040870667,0.25,3.374811887741089,0.6298521161079407,0.36967170238494873,0.005695371484845169,0.0,1.5906723721607312,1.1551913409619718,0.2737716696538913,1.0,0.7675870995263796,0.1631702953899229,1.0,0.07148626144673373,0.0,0.7639251818528047,0.162139780618049,0.0,0.0739350377305134,,,,,,,,,,,,,,,,,,,,,,,,,,,,,,,,,,,,
72,9.911285192339942e-06,9.911285192339942e-06,1.0,11.531049754168537,6.8555096420081885,3.556659659823856,3.556659659823856,3.5836221978471086,0.0,0.0,0.31955921891573313,2.2284947794836922,0.13272865036049405,1.8735597649136104,0.08160208890566954,0.0117028794326895,0.0,1.6572150668582402,0.0,0.0,0.0,2.623170607798808,13.997043222994417,7.04380464553833,14.467069625854492,19.581974029541016,1.000342845916748,0.4108872711658478,0.25,3.3112730979919434,0.6308844089508057,0.3778393566608429,0.00619323777218514,0.0,1.9816286209467295,1.355155824003993,0.3161403657176879,1.0,0.7692529881322706,0.16176053156723846,1.0,0.07130934660499161,0.0,0.766087340342032,0.16036493109690175,0.0,0.07354772312415613,,,,,,,,,,,,,,,,,,,,,,,,,,,,,,,,,,,,
73,9.90836213359189e-06,9.90836213359189e-06,1.0,11.570129033681509,6.890455542383967,3.560756019643835,3.560756019643835,3.5959118508003853,0.0,0.0,0.32107713254722386,2.233616671046695,0.13323313138774923,1.8599351386766176,0.08278816374572548,0.011356160548087713,0.0,1.66495258099324,0.0,0.0,0.0,2.640738571012342,13.648030822341507,7.030060768127441,14.021965026855469,19.12835693359375,1.0002940893173218,0.4045066833496094,0.25,3.245647430419922,0.6337452530860901,0.3777462840080261,0.005446438341175183,0.0,1.65058235220007,1.2556819690240395,0.2392491248011138,1.0,0.7738463862522228,0.15803589571166682,1.0,0.07042633560863701,0.0,0.7704858393282503,0.15681871369078354,0.0,0.07269544798780132,,,,,,,,,,,,,,,,,,,,,,,,,,,,,,,,,,,,
74,9.90539216518887e-06,9.90539216518887e-06,1.0,12.044743099728146,7.336276415232065,3.5867798135087297,3.5867798135087297,3.63160658527065,0.0,0.0,0.3207203004811261,2.242111856872971,0.13179085665457957,1.8608689275947776,0.08263389947446617,0.012060425055490152,0.0,1.6885091259672835,0.0,0.0,0.0,2.744395198048772,13.065424145878973,6.476395606994629,13.406009674072266,18.503664016723633,1.0003635883331299,0.4043830633163452,0.25,3.619688034057617,0.6348787546157837,0.3782244324684143,0.006423022212495896,0.0,1.5942252906593117,1.322631061077118,0.1703612602142779,1.0,0.7757022558031855,0.1563886448338225,1.0,0.07016242758647816,0.0,0.7727379718342343,0.15491105253632004,0.0,0.07235096999116845,,,,,,,,,,,,,,,,,,,,,,,,,,,,,,,,,,,,
75,9.90237531703843e-06,9.90237531703843e-06,1.0,11.978156038232752,7.281632217201027,3.5555894954784497,3.5555894954784497,3.585885015693871,0.0,0.0,0.32189747207873576,2.281468923027451,0.13181843427387444,1.911696943076881,0.08327467900675696,0.01150476507137756,0.0,1.6961530253693864,0.0,0.0,0.0,2.602086556924356,13.097473866230732,6.8404364585876465,13.432220458984375,18.32384490966797,1.0003924369812012,0.40537089109420776,0.25,3.25449800491333,0.6363275647163391,0.3792605698108673,0.006926359557938505,0.0,1.7925460177498895,1.3513114838986784,0.2461496271125441,1.0,0.7779837427912532,0.15469874844357773,1.0,0.06969490103624962,0.0,0.7754153415963456,0.15293959226157214,0.0,0.07164506553798108,120.73779887943478,202.32764642373618,0.31829975928498877,-38.00099848652934,120.73779927406862,162.44763626618848,200.00505389942862,237.5533385314499,105.12230028424945,70.43181485907976,264.1895473314368,0.308384372203887,0.43158338508590377,0.33590672202064137,0.21110189782265226,0.0,0.3548204166440773,0.43064105448929624,0.3163610954720318,0.8755032506517061,0.7758418526254076,0.9098603935363306,0.9661793265178997,0.2758418526254076,0.10986039353633059,0.016179326517899772,0.0,0.0,0.6373626373626373,0.3626373626373626,0.8891941391941391,1.559669703900159,1.4798178780864883,1.4229955879541545,-7.994571685791016,0.0003372317005414516
76,9.8993116195202e-06,9.8993116195202e-06,1.0,11.665478036210343,6.978366349194501,3.5633461153185046,3.5633461153185046,3.5986637489215747,0.0,0.0,0.320434434993847,2.235733528394957,0.13251213085007024,1.8738643156515586,0.08527407473003543,0.012325902922532044,0.0,1.6778363408269108,0.0,0.0,0.0,2.617306200233666,12.848578917013633,6.827089309692383,13.172416687011719,17.96942710876465,1.0003935098648071,0.39894041419029236,0.25,3.212214946746826,0.637561023235321,0.37618768215179443,0.006485939380676223,0.0,1.7310683066780503,1.3004920547072951,0.24873440886745735,1.0,0.7799875236846305,0.15298010650518779,1.0,0.06937508345455737,0.0,0.7774897491609728,0.15120322196870237,0.0,0.07130702786348961,,,,,,,,,,,,,,,,,,,,,,,,,,,,,,,,,,,,
77,9.896201103485577e-06,9.896201103485577e-06,1.0,12.65296054530788,7.952127997939651,3.557617206831236,3.557617206831236,3.598149299621582,0.0,0.0,0.3203789543461155,2.3101812665526933,0.13191385265137698,1.8983773540806126,0.08385470650486045,0.0119992947344341,0.0,1.687918563146849,0.0,0.0,0.0,2.6430738068915702,12.569928014600599,6.767348766326904,12.842171669006348,17.553165435791016,1.0004290342330933,0.3999188542366028,0.25,3.4220786094665527,0.6386159062385559,0.37769031524658203,0.0073394244446876025,0.0,1.6754250059256683,1.2668932885737032,0.24383766262713283,1.0,0.7816681781330624,0.1516670081261042,1.0,0.06903004887941722,0.0,0.779437463025789,0.14969186122353012,0.0,0.07087067011240367,,,,,,,,,,,,,,,,,,,,,,,,,,,,,,,,,,,,
78,9.893043800257426e-06,9.893043800257426e-06,1.0,11.508666399362925,6.855029131915118,3.5366354890771814,3.5366354890771814,3.567360884434468,0.0,0.0,0.3209068275786735,2.1967353240863696,0.13161512222644445,1.877166664278185,0.08389756023078351,0.010669352757316586,0.0,1.7011445986258018,0.0,0.0,0.0,2.5776589013434745,12.49998546291042,6.695041656494141,12.767145156860352,17.48473358154297,1.0004328489303589,0.4134625196456909,0.25,3.669879913330078,0.6398005485534668,0.38484835624694824,0.007331217857533647,0.0,1.7161595853599343,1.2610378909755398,0.26519776964036873,1.0,0.7835475866859024,0.15021277964115143,1.0,0.06870688558430285,0.0,0.7814943355482977,0.14800812183199702,0.0,0.07049754443200859,,,,,,,,,,,,,,,,,,,,,,,,,,,,,,,,,,,,
79,9.889839741629753e-06,9.889839741629753e-06,1.0,11.79156545690588,7.101120807029106,3.560694984487585,3.560694984487585,3.605619900935405,0.0,0.0,0.3205123430973775,2.255568900623837,0.13294171582202655,1.8808384328275114,0.08471920995696171,0.012528952991438878,0.0,1.6935814876814146,0.0,0.0,0.0,2.5973753800263277,12.288509678196263,6.6754560470581055,12.544681549072266,17.180070877075195,1.0003808736801147,0.4004875123500824,0.25,3.266613721847534,0.641029417514801,0.37926942110061646,0.006477732793522267,0.0,1.865701648029121,1.3233446817140322,0.2906986585384757,1.0,0.785600296548895,0.14824325208728378,1.0,0.06846354700423576,0.0,0.7838141966510463,0.14603975133315936,0.0,0.07014605040485794,,,,,,,,,,,,,,,,,,,,,,,,,,,,,,,,,,,,
80,9.886588959867394e-06,9.886588959867394e-06,1.0,11.459369556323901,6.798664080130087,3.5422038387607886,3.5422038387607886,3.5693497722213334,0.0,0.0,0.3188716551742038,2.216181861387717,0.1314333788043744,1.866877265878626,0.08439857029431574,0.01251504453201149,0.0,1.7046818733215332,0.0,0.0,0.0,2.7303176248395764,11.788124960822028,6.179819583892822,12.017069816589355,16.719730377197266,1.0003776550292969,0.4002079367637634,0.25,3.3240866661071777,0.6420528292655945,0.37975990772247314,0.006685633001422475,0.0,1.6025788445730467,1.2641186069797825,0.21119724545186763,1.0,0.7872217442538287,0.1470239939721855,1.0,0.06805528237207516,0.0,0.7854715472943073,0.1447977327011727,0.0,0.06973072101135512,128.83644104003906,202.56781859853865,0.35574146798282696,0.7252581250536573,128.83643983562175,167.27547394598267,200.95447874120833,239.4942014500843,90.89509037562779,89.6869115903396,244.39902264138928,0.2518761104598621,0.4526560823372805,0.34602738769980157,0.23585653640731885,0.0,0.3803265919986209,0.4768962356795098,0.3717601322601468,0.8779232382195754,0.7688798505001649,0.9095672566047415,0.9667472793228536,0.26887985050016494,0.10956725660474143,0.016747279322853692,5.496317467296911e-05,0.0,0.7307692307692307,0.2692307692307692,0.8891941391941391,1.5790260823873372,1.4956055080497659,1.4398753408874785,-7.9937639236450195,0.00033750419970601797
81,9.883291487705685e-06,9.883291487705685e-06,1.0,11.565814739948994,6.901120018314671,3.5566371324900032,3.5566371324900032,3.5932650566101074,0.0,0.0,0.31944367450636785,2.1708722436750256,0.13038863201399106,1.8621811447916805,0.08434803300612681,0.012760934659053345,0.0,1.6919631829132904,0.0,0.0,0.0,2.6619028916230074,11.765720315881678,6.252665042877197,12.017069816589355,16.55421257019043,1.0004818439483643,0.4124736487865448,0.25,3.808307409286499,0.6425649523735046,0.3852460980415344,0.007897472371156582,0.0,1.9402879718187693,1.4597161500840574,0.2476806683928664,1.0,0.7880375852455964,0.14631797816302325,1.0,0.06820749874050552,0.0,0.7867465454178888,0.14359072897885297,0.0,0.06966272479779012,,,,,,,,,,,,,,,,,,,,,,,,,,,,,,,,,,,,
82,9.879947358350133e-06,9.879947358350133e-06,1.0,12.01062452470934,7.3428435969997095,3.5360571629292257,3.5360571629292257,3.5700581847010433,0.0,0.0,0.3217893411984315,2.2382360116855518,0.13067414430347649,1.9056761941394291,0.08347295174324834,0.012375025009434368,0.0,1.707725959855157,0.0,0.0,0.0,2.5971885887352197,11.716478141578468,6.432274341583252,11.923551559448242,16.39333724975586,1.0005056858062744,0.4112701416015625,0.25,3.252518892288208,0.6443599462509155,0.3867587447166443,0.008116314695262064,0.0,2.095259524680473,1.4828222410098926,0.2922966231421747,1.0,0.7909009021681708,0.1440853480551694,1.0,0.06754376920493874,0.0,0.7895717556412155,0.14138549203808243,0.0,0.06904275292480314,,,,,,,,,,,,,,,,,,,,,,,,,,,,,,,,,,,,
83,9.876556605476086e-06,9.876556605476086e-06,1.0,11.304790110201449,6.655053486695161,3.526292137197546,3.526292137197546,3.5691727754232048,0.0,0.0,0.31925151718629374,2.221570871971749,0.13083300075015505,1.8766897723481462,0.0871895973545474,0.01462883986784397,0.0,1.7058820273425128,0.0,0.0,0.0,2.6904636589256494,11.199824745590622,6.101861000061035,11.35533332824707,15.796140670776367,1.0004304647445679,0.40472209453582764,0.25,3.785510301589966,0.6454225778579712,0.38425135612487793,0.007178028230659809,0.0,1.9754915591832753,1.5252152246397894,0.22793128750681324,1.0,0.792655698350958,0.1425073098491978,1.0,0.06715680256083205,0.0,0.7913757385434331,0.13999513717922005,0.0,0.06862912669375136,,,,,,,,,,,,,,,,,,,,,,,,,,,,,,,,,,,,
84,9.873119263228384e-06,9.873119263228384e-06,1.0,11.710802954596442,7.035010440929516,3.553930340586482,3.553930340586482,3.5902688181078113,0.0,0.0,0.31926357423936996,2.2207771185282112,0.13126474437681404,1.8750991917945243,0.08301730816428726,0.013087789100166914,0.0,1.7291406876332052,0.0,0.0,0.0,2.595750228778736,11.012939272700129,6.143715858459473,11.135700225830078,15.490615844726562,1.0004786252975464,0.41271457076072693,0.25,3.4339141845703125,0.6463664770126343,0.3887987434864044,0.007648539227486596,0.0,1.9251391984320976,1.4165024306323077,0.2642077872675606,1.0,0.7941661767057471,0.14127249411634496,1.0,0.0669914699486784,0.0,0.79325701739337,0.13835140257268339,0.0,0.06839157902711146,,,,,,,,,,,,,,,,,,,,,,,,,,,,,,,,,,,,
85,9.869635366221029e-06,9.869635366221029e-06,1.0,10.928516594139305,6.2711713249618946,3.554412480947134,3.554412480947134,3.595736806457107,0.0,0.0,0.31905410579732946,2.156015044934041,0.13050928530660835,1.8429802752829887,0.08322927667885213,0.013159912627039326,0.0,1.7393457696244523,0.0,0.0,0.0,2.6777700346869393,10.810946876938278,5.879574775695801,10.941666603088379,15.310144424438477,1.0004228353500366,0.405864417552948,0.25,3.3130197525024414,0.6474510431289673,0.3876045346260071,0.007038516249042565,0.0,1.7795884029285327,1.3746140059587117,0.22756632730545193,1.0,0.7959258282506788,0.1397964471095317,1.0,0.06659188443744504,0.0,0.7948400265461689,0.13719038423654195,0.0,0.06796958901592202,129.89293926364772,196.52514112160807,0.3608052632318477,22.071836157159492,129.89294122636497,163.3917894816723,196.30182386994284,236.02611015028288,84.50462450299945,96.60376426046209,230.15428227963656,0.27559280024662,0.46965314421969834,0.35785371022614354,0.25062929843945475,0.0,0.3927865986090418,0.5013933615319699,0.42900995392818636,0.8562918600322389,0.7748525154812942,0.9168223956615734,0.970393169909494,0.2748525154812942,0.11682239566157337,0.020393169909494024,0.0001465684657945843,0.0,0.7637362637362637,0.23626373626373626,0.8782051282051283,1.5530794295635852,1.470498963371738,1.4153577909692303,-7.993038654327393,0.00033774899202398956
86,9.866104949536824e-06,9.866104949536824e-06,1.0,11.40106453766694,6.751097498713313,3.5327955452171533,3.5327955452171533,3.5659964471249967,0.0,0.0,0.3197032857585598,2.1902000581895984,0.12938155656730807,1.8795578286454484,0.08446777058211533,0.014403433287264528,0.0,1.7207196532069027,0.0,0.0,0.0,2.6006130785555452,10.763051806269464,6.0366644859313965,10.920316696166992,15.072782516479492,1.0004637241363525,0.4174775183200836,0.25,3.936234474182129,0.6485235691070557,0.39439740777015686,0.007793522267206478,0.0,2.3106822951419934,1.5870377534144633,0.313173534608773,1.0,0.7977005742691659,0.13817066840223363,1.0,0.06628774106502533,0.0,0.796632739337715,0.13561025745159871,0.0,0.06775700462025565,,,,,,,,,,,,,,,,,,,,,,,,,,,,,,,,,,,,
87,9.862528048727025e-06,9.862528048727025e-06,1.0,10.977268940693623,6.385812785174395,3.4834521783364787,3.4834521783364787,3.5072509147025444,0.0,0.0,0.31886018691836177,2.153518879735792,0.12879050140445297,1.8706690427419301,0.08439987605890713,0.013327626549210903,0.0,1.7331621872412193,0.0,0.0,0.0,2.7968329610051335,10.41831686690047,5.659855842590332,10.563681602478027,14.723621368408203,1.0004560947418213,0.4145371615886688,0.25,3.729912519454956,0.6498897075653076,0.39387768507003784,0.007719662982820877,0.0,1.8973803246343457,1.500981428333231,0.20891905073249184,1.0,0.7998626038834855,0.1365888638270868,1.0,0.06558145139668439,0.0,0.7988661624289848,0.13407064813214378,0.0,0.06706319024433961,,,,,,,,,,,,,,,,,,,,,,,,,,,,,,,,,,,,
88,9.858904699810983e-06,9.858904699810983e-06,1.0,11.543337100260967,6.930182366757779,3.503228606404485,3.503228606404485,3.5304341638410413,0.0,0.0,0.3216242822440895,2.1593155732025973,0.12887655943632126,1.865942713376638,0.08486675732844584,0.012564662869113523,0.0,1.737130964124525,0.0,0.0,0.0,2.604535618343869,10.493808282388223,5.931478500366211,10.667348861694336,14.637603759765625,1.0006297826766968,0.41937199234962463,0.25,3.8463757038116455,0.6506201028823853,0.3957168757915497,0.01006948243790349,0.0,1.9147060835683667,1.438978462605863,0.24845986809417125,1.0,0.8010207028002352,0.1355760339144114,1.0,0.06592643401912741,0.0,0.8005097315118119,0.13244801598626213,0.0,0.06704225411286226,,,,,,,,,,,,,,,,,,,,,,,,,,,,,,,,,,,,
89,9.855234939275784e-06,9.855234939275784e-06,1.0,11.299220858393488,6.682149113835515,3.4958893350652747,3.4958893350652747,3.5222589905197554,0.0,0.0,0.3205743722013525,2.2021936081551217,0.12959892947126078,1.8734266886839996,0.08819491980043617,0.01559982939019195,0.0,1.727477434519175,0.0,0.0,0.0,2.7063628660665975,10.234654890524375,5.682007789611816,10.35936164855957,14.438841819763184,1.000484824180603,0.409071147441864,0.25,3.355907917022705,0.6515615582466125,0.39244189858436584,0.007440639019586388,0.0,2.4165098667144775,1.6407515229405583,0.3210242815307234,1.0,0.8025835623612275,0.13414719741086703,1.0,0.06556540727615356,0.0,0.801948065693314,0.131303034521438,0.0,0.06674890542352521,,,,,,,,,,,,,,,,,,,,,,,,,,,,,,,,,,,,
90,9.851518804075874e-06,9.851518804075874e-06,1.0,11.510072424605086,6.824371350778116,3.5733689166404106,3.5733689166404106,3.623662793958509,0.0,0.0,0.3203824049717671,2.1666122900473104,0.1298778357135283,1.868134981877095,0.08591182006371988,0.014935381081257318,0.0,1.7401457541697734,0.0,0.0,0.0,2.525493505838755,10.118968293473527,5.85665225982666,10.19875431060791,14.159568786621094,1.0004957914352417,0.4050869047641754,0.25,3.548633098602295,0.6529025435447693,0.39103493094444275,0.007848232848232849,0.0,2.290906366464254,1.629722400291546,0.28861239195610083,1.0,0.8047482870720528,0.13229427385974574,1.0,0.06541493978049304,0.0,0.8042938435399855,0.12925760729892835,0.0,0.06644854855698508,121.14492483453436,192.05025376432235,0.2923492851226273,-43.30674211271516,121.14492534486895,152.0875220200342,184.75018734629174,220.4184924833777,53.24243763514927,73.96687290280364,263.7815793908161,0.27640380433294354,0.47519617522032565,0.37783119920503105,0.2505321846582672,0.0,0.38362135661064994,0.47041427296301797,0.43257009536136193,0.8311055119767372,0.8069876516067568,0.9321021582206588,0.973965776263237,0.3069876516067568,0.13210215822065874,0.023965776263237037,0.00016488952401890733,0.0,0.5769230769230769,0.4230769230769231,0.8305860805860805,1.4600552104331634,1.3874979942709535,1.335395912547688,-7.991474628448486,0.00033827757579274476
91,9.847756331632695e-06,9.847756331632695e-06,1.0,11.18021297454834,6.538803461435679,3.5364509466532112,3.5364509466532112,3.5572527743674613,0.0,0.0,0.3203634990228189,2.1392489027332617,0.1299617816064809,1.8560143000370748,0.08574439303295033,0.013993141574885798,0.0,1.7551355361938477,0.0,0.0,0.0,2.5230559980547107,10.094337643803778,5.885319232940674,10.19875431060791,14.04937744140625,1.0005468130111694,0.4129002094268799,0.25,4.0,0.6536407470703125,0.3951764404773712,0.00886584965532334,2.735529051318525e-06,2.207372159571261,1.5500477439648397,0.2977859500294204,1.0,0.8059555050489065,0.1312328134034131,1.0,0.06521946131377607,0.0,0.8055899980905894,0.1280664773406209,0.0,0.06634352295785337,,,,,,,,,,,,,,,,,,,,,,,,,,,,,,,,,,,,
92,9.843947559834298e-06,9.843947559834298e-06,1.0,11.106904055621174,6.470417486654745,3.5407244257024817,3.5407244257024817,3.5705189447145202,0.0,0.0,0.31901914525676417,2.1092836889060766,0.12884461738773295,1.8432331536267255,0.08586195795922666,0.015250582474510412,0.0,1.7529256827122457,0.0,0.0,0.0,2.5173150687604338,10.279440647846943,6.131728172302246,10.399907112121582,14.187251091003418,1.0006072521209717,0.41659948229789734,0.25,3.944671392440796,0.6543731093406677,0.39777645468711853,0.00925703030966189,0.0,2.9325037501953743,1.8405303842312581,0.37236895805891634,1.0,0.8071106414537172,0.13035998433022886,1.0,0.06502980275734051,0.0,0.8070624937882295,0.1269606299496986,0.0,0.06597687444976859,,,,,,,,,,,,,,,,,,,,,,,,,,,,,,,,,,,,
93,9.840092527034976e-06,9.840092527034976e-06,1.0,11.20669022121945,6.5505135639293774,3.56428422154607,3.56428422154607,3.594205643679645,0.0,0.0,0.3192632262771194,2.1036698624894425,0.12771181701808362,1.8295301295615531,0.08463567736986521,0.014108050639766294,0.0,1.7683113265681911,0.0,0.0,0.0,2.6080443698006706,9.988811260945088,5.891069412231445,10.099641799926758,13.831562995910645,1.000632643699646,0.41441553831100464,0.25,3.887195587158203,0.6554633975028992,0.39735931158065796,0.009659153080205712,0.0,2.183891191675856,1.6197009747092788,0.25834172467797434,1.0,0.8088407145964133,0.1290051067197645,1.0,0.06479934965436523,0.0,0.8091131432636364,0.1253434461919037,0.0,0.06554340369798042,,,,,,,,,,,,,,,,,,,,,,,,,,,,,,,,,,,,
94,9.836191272054868e-06,9.836191272054868e-06,1.0,10.966048086011732,6.350929943290916,3.506760816316347,3.506760816316347,3.5383876723212166,0.0,0.0,0.31856732755093964,2.1561884590097375,0.12735405322667714,1.8633711692449209,0.08565589694960697,0.015298201010335941,0.0,1.7460737325049736,0.0,0.0,0.0,2.681603148176863,9.721797221415752,5.693116664886475,9.827221870422363,13.537569999694824,1.0005323886871338,0.42480936646461487,0.25,4.0,0.6558529734611511,0.40205153822898865,0.008906882591093117,8.206587153955575e-06,2.670538828179643,1.8368299410149858,0.31218751750295654,1.0,0.8094791351137934,0.12842080963624491,1.0,0.06478167224574734,0.0,0.8101398880417282,0.12449677228122144,0.0,0.06536333121963449,,,,,,,,,,,,,,,,,,,,,,,,,,,,,,,,,,,,
95,9.832243834179566e-06,9.832243834179566e-06,1.0,10.992704107954696,6.363490761937322,3.5244582665933146,3.5244582665933146,3.567229528684874,0.0,0.0,0.31914392758060145,2.1344416818103276,0.12781852423339277,1.8602920351801693,0.08697502315044403,0.01598373944619419,0.0,1.7513897902256734,0.0,0.0,0.0,2.6095592363460645,9.680013682391193,5.732167720794678,9.769808769226074,13.458480834960938,1.0005851984024048,0.418681800365448,0.25,3.5803213119506836,0.6571134328842163,0.40159350633621216,0.009434839697997592,0.0,2.714665843022836,1.8571303937886212,0.31588987331101187,1.0,0.8115394888697444,0.12663611528035756,1.0,0.06433954613434302,0.0,0.8119082853600785,0.12301307876367827,0.0,0.06507862983523188,121.60386154677842,187.59817444012225,0.31763953135639617,-10.60851329761547,121.60386270717076,154.6586536019497,185.83992256394748,223.09334376365123,69.36690848214286,82.82473400027253,238.30312513268512,0.3036616561246811,0.49848972469270086,0.3817772230030305,0.2698894342785867,0.0,0.41224662064776973,0.524541031603219,0.4701040937711387,0.8230482300239341,0.8039097138250705,0.9327800373749587,0.9759261294932395,0.3039097138250705,0.1327800373749587,0.02592612949323958,0.00031145798981349165,0.0,0.6483516483516484,0.3516483516483517,0.8461538461538461,1.481480979984933,1.4050254134031444,1.353755350787561,-7.990891456604004,0.0003384748997632414
96,9.828250253159725e-06,9.828250253159725e-06,1.0,11.33409698589428,6.716436424770871,3.5057325492034086,3.5057325492034086,3.534791321367831,0.0,0.0,0.3198518873871984,2.1453542516038224,0.12831020657275174,1.8831914115596462,0.08688724796111519,0.014746469080548835,0.0,1.7561270095206596,0.0,0.0,0.0,2.56400930559313,9.590183670456344,5.698678970336914,9.655986785888672,13.327689170837402,1.0005611181259155,0.4308398365974426,0.25,4.0,0.6579492092132568,0.4082251191139221,0.008707188970346865,2.735529051318525e-06,2.54153839317528,1.762383931391948,0.3065680470834409,1.0,0.8129081742183583,0.12540262494538282,1.0,0.06422464338106078,0.0,0.813203793925208,0.12178051934854404,0.0,0.06501568773308315,,,,,,,,,,,,,,,,,,,,,,,,,,,,,,,,,,,,
97,9.824210569210664e-06,9.824210569210664e-06,1.0,11.13203038396062,6.457440298956794,3.5810605770832784,3.5810605770832784,3.6447537009780473,0.0,0.0,0.31928234567513336,2.099372763891478,0.1268510284858781,1.8368632535676699,0.08519651237371806,0.015458221408865741,0.0,1.7807840431058728,0.0,0.0,0.0,2.6277138800234408,9.396100533975137,5.51795768737793,9.469223976135254,13.069908142089844,1.0006428956985474,0.42997026443481445,0.25,4.0,0.6580109596252441,0.4074505865573883,0.00970018601597549,1.09421162052741e-05,2.6808749211801066,1.7642939171275578,0.34189622082371335,1.0,0.8130325932760496,0.12513628420797554,1.0,0.06456466542707907,0.0,0.8137977525994584,0.12111273991900522,0.0,0.0650895137239147,,,,,,,,,,,,,,,,,,,,,,,,,,,,,,,,,,,,
98,9.820124823011957e-06,9.820124823011957e-06,1.0,11.296742542369946,6.648733332350448,3.547535599888982,3.547535599888982,3.5863131188057564,0.0,0.0,0.3195313432732144,2.1174323107745194,0.12659344661074715,1.8563292219832137,0.08510230018480404,0.013330661578456292,0.0,1.774912818058117,0.0,0.0,0.0,2.5949298304480477,9.359989836409286,5.544966697692871,9.413901329040527,13.018954277038574,1.0006506443023682,0.4326731264591217,0.25,3.7414817810058594,0.6590757369995117,0.40850844979286194,0.010003829740671846,0.0,2.485362980816815,1.7298373016151223,0.30399007510500103,1.0,0.8147269551818436,0.12382009524751354,1.0,0.06421310474743715,0.0,0.815413652239619,0.11976293514709214,0.0,0.06482341019688426,,,,,,,,,,,,,,,,,,,,,,,,,,,,,,,,,,,,
99,9.815993055707015e-06,9.815993055707015e-06,1.0,11.128315977148107,6.495763933336413,3.528616750562513,3.528616750562513,3.565231329685933,0.0,0.0,0.31999381007374944,2.1312877326398283,0.12539699250781858,1.8661471701957084,0.0825619372363026,0.014128947435450312,0.0,1.7702338180026493,0.0,0.0,0.0,2.644902264749682,9.028786324165964,5.291044235229492,9.07096004486084,12.643072128295898,1.0006870031356812,0.42474135756492615,0.25,3.654690980911255,0.6596024036407471,0.40532466769218445,0.010493489440857862,0.0,2.2103691825995573,1.5957821663972493,0.27804722443673785,1.0,0.8156480853622025,0.12277801576498393,1.0,0.06420607623216268,0.0,0.8166694238379195,0.11861348554894731,0.0,0.06471709262680363,,,,,,,,,,,,,,,,,,,,,,,,,,,,,,,,,,,,
100,9.811815308902698e-06,9.811815308902698e-06,1.0,11.085607322486672,6.475213153942211,3.5154518114553914,3.5154518114553914,3.5485262419726395,0.0,0.0,0.32009101719469635,2.100858211517334,0.1260919413856558,1.8428694428624333,0.08663615906560743,0.01510412698435421,0.0,1.759166279354611,0.0,0.0,0.0,2.6253221647159473,8.717960873165646,5.083380699157715,8.740511894226074,12.278042793273926,1.0006951093673706,0.4259438216686249,0.25,3.7237579822540283,0.6599410772323608,0.405734658241272,0.010728744939271255,0.0,2.2140661912995414,1.6446898901784741,0.2571631793839339,1.0,0.8162186210219925,0.12217609362827765,1.0,0.0643200779686103,0.0,0.8173732773677723,0.11788744922425295,0.0,0.06473927461617701,122.44736516344678,187.80865956531036,0.331893020489905,16.304890873667958,122.44736376069376,154.3933531436384,186.40175625513004,224.5672345140276,69.24987738473075,91.18715596753498,218.20713474439538,0.3382827735643063,0.5120470392023551,0.3884242982977705,0.28127362039126635,0.0,0.4246773955498942,0.5428259620174773,0.5286805592997715,0.8133558971084411,0.8033600820783409,0.9349419222454289,0.9774650983840827,0.30336008207834086,0.1349419222454289,0.02746509838408273,0.0006229159796269833,0.0,0.6978021978021978,0.3021978021978022,0.8580586080586081,1.485336226421398,1.4067869556474162,1.3570888908682288,-7.991658687591553,0.00033821535180322826
101,9.807591624668865e-06,9.807591624668865e-06,1.0,11.156936413532978,6.502231314375594,3.5543919382868587,3.5543919382868587,3.602483420758634,0.0,0.0,0.31860617205903335,2.1233724742322355,0.12716976371971336,1.850079111150793,0.08549503639743135,0.015058667505965443,0.0,1.7719290224281516,0.0,0.0,0.0,2.645178707870277,8.495915760865083,4.926981449127197,8.504751205444336,11.993621826171875,1.0005801916122437,0.4249240458011627,0.25,3.7255804538726807,0.6603590250015259,0.40504777431488037,0.009016303753145858,0.0,2.3100684317382605,1.7334552117296167,0.2496087181169602,1.0,0.8169084996790499,0.12150749241983569,1.0,0.06439143338718929,0.0,0.8185077100186735,0.11696359716557167,0.0,0.06452869845403207,,,,,,,,,,,,,,,,,,,,,,,,,,,,,,,,,,,,
102,9.803322045537968e-06,9.803322045537968e-06,1.0,11.374499114784035,6.742345281549402,3.524481457632941,3.524481457632941,3.5566982191962166,0.0,0.0,0.31913378593083974,2.134097173407271,0.12860421010771314,1.8701854654260583,0.08672491763089155,0.017202636472427764,0.0,1.7689160946253184,0.0,0.0,0.0,2.667089017661842,8.420703552864694,4.8648271560668945,8.438567161560059,11.900286674499512,1.0005581378936768,0.419753760099411,0.25,3.816305160522461,0.6609142422676086,0.4028523564338684,0.008537586169165116,0.0,2.2911319539353654,1.761823595375628,0.23102482493449156,1.0,0.8178222276069023,0.12066666137527775,1.0,0.0643262883295884,0.0,0.8194355626364012,0.11613948562660732,0.0,0.06442494166863931,,,,,,,,,,,,,,,,,,,,,,,,,,,,,,,,,,,,
103,9.799006614504628e-06,9.799006614504628e-06,1.0,10.929127151901657,6.30068571503098,3.5374868496044263,3.5374868496044263,3.5690381720259383,0.0,0.0,0.3183756092110196,2.0876179772454337,0.12740711726852366,1.8371560831327696,0.08633119361223401,0.01564201556548879,0.0,1.7711860811388171,0.0,0.0,0.0,2.583434642972173,8.334301252622861,4.8316850662231445,8.340254783630371,11.784639358520508,1.0005849599838257,0.4228062033653259,0.25,3.8442533016204834,0.6615042686462402,0.40340155363082886,0.008797461429040376,0.0,2.3852750385129773,1.7385789172069446,0.2711201479344682,1.0,0.8188092225306743,0.11969336525008485,1.0,0.06430917273502092,0.0,0.8205343678190902,0.1150252047825504,0.0,0.06444043746671162,,,,,,,,,,,,,,,,,,,,,,,,,,,,,,,,,,,,
104,9.79464537502518e-06,9.79464537502518e-06,1.0,11.034965102737015,6.444484633368415,3.4993435821017704,3.4993435821017704,3.5252960759240226,0.0,0.0,0.3174593134506329,2.0779131940893225,0.12527050158462008,1.8541885807707503,0.08582262614288845,0.016005256792178024,0.0,1.7629535455961485,0.0,0.0,0.0,2.6134824752807617,8.251474109855858,4.780059814453125,8.275350570678711,11.647343635559082,1.0007450580596924,0.4400423765182495,0.25,4.0,0.6613293290138245,0.4127044975757599,0.01075883575883576,8.206587153955575e-06,2.4384105189426526,1.7650924180005048,0.2761299197618755,1.0,0.8185463612144058,0.11980025993811118,1.0,0.06456361227744334,0.0,0.8208838862341803,0.11462736854682097,0.0,0.06448874924633954,,,,,,,,,,,,,,,,,,,,,,,,,,,,,,,,,,,,
105,9.79023837101726e-06,9.79023837101726e-06,1.0,11.213889225109204,6.589130311398892,3.526850552172274,3.526850552172274,3.569014884330131,0.0,0.0,0.3194631152861827,2.0935684216989054,0.12589900074778376,1.8662983211311135,0.08449124605269046,0.015325815026723855,0.0,1.7813847258284286,0.0,0.0,0.0,2.5750625036858223,8.091159421044427,4.601430416107178,8.115289688110352,11.511648178100586,1.00080406665802,0.4429093897342682,0.25,3.866863965988159,0.6621865034103394,0.4149898588657379,0.011765510449720976,0.0,2.3158953367052852,1.7905415522085655,0.22684694604727507,1.0,0.8199502390784186,0.11852500406471458,1.0,0.06449195460693256,0.0,0.8220148795359844,0.11346946274106567,0.0,0.06451565812568406,134.87709196321256,199.21944245358506,0.3867262205703213,49.534383417485834,134.87709171176502,164.5390563057461,194.7020398900495,232.08174286244775,88.56021554129464,106.1249051352804,222.55644491444463,0.36333012351336375,0.5428007936415697,0.39661589339333436,0.3131786865301326,0.0,0.46052164677751084,0.6099677450626045,0.5969531484854118,0.8102147378303415,0.796508006302444,0.9332747059470154,0.9783261881206259,0.296508006302444,0.1332747059470154,0.028326188120625928,0.0006595580960756293,0.0,0.7582417582417582,0.24175824175824176,0.8663003663003662,1.5186505913734436,1.4430937319993973,1.396743899354568,-7.991539478302002,0.0003382556315045804
106,9.78578564685935e-06,9.78578564685935e-06,1.0,11.357704884297139,6.733501331226246,3.5251436555707776,3.5251436555707776,3.56878214269071,0.0,0.0,0.3187041516239579,2.0989833876893327,0.12591115828301455,1.8612440341227763,0.0881647294437563,0.014083380282327935,0.0,1.7775276190525777,0.0,0.0,0.0,2.613017053217501,7.813018128678605,4.412206649780273,7.804398536682129,11.179285049438477,1.0007363557815552,0.43264317512512207,0.25,3.8794517517089844,0.6631342172622681,0.4115247130393982,0.01071780282306598,0.0,2.00359995461799,1.6671363324732393,0.16792954170779134,1.0,0.821497786689449,0.11720022377935616,1.0,0.06410803363935368,0.0,0.8233409540073292,0.11245950774566547,0.0,0.06419953885110649,,,,,,,,,,,,,,,,,,,,,,,,,,,,,,,,,,,,
107,9.781287247390335e-06,9.781287247390335e-06,1.0,11.40083697035506,6.777322086128029,3.5303008040866337,3.5303008040866337,3.576350495621965,0.0,0.0,0.3186787737382425,2.0973989029188416,0.12608959304319844,1.8490044845117104,0.08151169453521033,0.013393009987634581,0.0,1.7844093425853833,0.0,0.0,0.0,2.53913994093199,7.790520577817349,4.420833110809326,7.804398536682129,11.092287063598633,1.0007624626159668,0.44120490550994873,0.25,4.0,0.6633646488189697,0.41517743468284607,0.011147280884122989,2.735529051318525e-06,1.8413894869185783,1.4763209787574973,0.19825708290101873,1.0,0.8218748247301256,0.11685099633964333,1.0,0.06412682974257984,0.0,0.8241344174823245,0.11173336087046443,0.0,0.06413221963354059,,,,,,,,,,,,,,,,,,,,,,,,,,,,,,,,,,,,
108,9.776743217909046e-06,9.776743217909046e-06,1.0,10.889231114774137,6.314728504902607,3.477759097073529,3.477759097073529,3.5057874112515837,0.0,0.0,0.3180026009276107,2.0997510342984587,0.12438201300195746,1.8552555490184475,0.08705903549452086,0.016628392946881218,0.0,1.765581082653355,0.0,0.0,0.0,2.7689270779893205,7.624017225729452,4.222509860992432,7.623610019683838,10.941666603088379,1.000850796699524,0.43676620721817017,0.25,3.473719835281372,0.6630989909172058,0.41227319836616516,0.012268847795163585,0.0,2.474391917924623,1.918597148882376,0.22461872956181317,1.0,0.821466181729291,0.11705602403428103,1.0,0.06450422470634048,0.0,0.8239918028986132,0.11172236945178057,0.0,0.06428583046874485,,,,,,,,,,,,,,,,,,,,,,,,,,,,,,,,,,,,
109,9.772153604173808e-06,9.772153604173808e-06,1.0,11.019814877896696,6.38437015945847,3.5406418297741866,3.5406418297741866,3.5779712393477157,0.0,0.0,0.32007969795046626,2.09713461914578,0.1282965818772445,1.8345236874915458,0.08716284594423063,0.016299965275401198,0.0,1.7915064998575159,0.0,0.0,0.0,2.6331789332467155,7.380345408980911,4.033083915710449,7.360249042510986,10.709098815917969,1.0007308721542358,0.43168288469314575,0.25,4.0,0.6636046767234802,0.40899816155433655,0.010870992449939818,2.735529051318525e-06,2.3955315593126656,1.8978277396511387,0.20776341590103276,1.0,0.8223174343238006,0.11616065896846153,1.0,0.0646628886461258,0.0,0.8248243992393082,0.11080971883760916,0.0,0.06436587547933734,,,,,,,,,,,,,,,,,,,,,,,,,,,,,,,,,,,,
110,9.767518452401981e-06,9.767518452401981e-06,1.0,10.874887621080553,6.281597678725784,3.497283935546875,3.497283935546875,3.5244309322254077,0.0,0.0,0.31892119871603475,2.0868428687791565,0.1252521365075498,1.859420386520592,0.08541037736309541,0.01644180471870444,0.0,1.7919226014936291,0.0,0.0,0.0,2.610946597279729,7.384846146042283,4.064715385437012,7.360249042510986,10.709098815917969,1.0007344484329224,0.4389139413833618,0.25,4.0,0.6637563109397888,0.41315460205078125,0.0112375533428165,1.09421162052741e-05,2.2908351727434106,1.7833468382422988,0.2215298335468477,1.0,0.8226239552368989,0.11567850974765984,1.0,0.06468843306238586,0.0,0.8255311009046193,0.1101214400417096,0.0,0.06434745603316538,137.93783628023587,200.42645958872203,0.39829265469278846,51.01112323802906,137.9378374206122,170.20764761414927,199.20144513852927,234.9541083491076,99.4546149117606,105.67365395006283,234.27396824048913,0.3506382846059131,0.5643339812800372,0.40630539940184585,0.34399078535171007,0.0,0.4884773824028306,0.6532901609011807,0.6464336435283226,0.8111138777206294,0.7928621157158038,0.9323036898611263,0.9789674251584771,0.2928621157158038,0.13230368986112628,0.028967425158477167,0.0006778791542999524,0.0,0.7582417582417582,0.24175824175824176,0.8608058608058609,1.543477678691948,1.467899501651198,1.4222878577944997,-7.99185037612915,0.00033815050846897066
111,9.762837809269491e-06,9.762837809269491e-06,1.0,11.450360220831794,6.8420172510920345,3.500845309850332,3.500845309850332,3.5360891625687882,0.0,0.0,0.3194370414759662,2.127427700403574,0.12640426851607658,1.8729509695156201,0.08800433213646347,0.016520055728284893,0.0,1.7716555047679592,0.0,0.0,0.0,2.634380237476246,7.299834070978938,3.982206106185913,7.295843124389648,10.543069839477539,1.000718116760254,0.42853957414627075,0.25,3.787083387374878,0.6648505330085754,0.40993818640708923,0.010693183061604114,0.0,2.558488534914481,1.9077289877711117,0.25435312226838697,1.0,0.8243910992467726,0.11420669849659945,1.0,0.06437093160442404,0.0,0.8266330860756539,0.10915399946876474,0.0,0.06421291526104952,,,,,,,,,,,,,,,,,,,,,,,,,,,,,,,,,,,,
112,9.758111721910364e-06,9.758111721910364e-06,1.0,10.953960470251134,6.364474657419565,3.486441502699981,3.486441502699981,3.507770589880041,0.0,0.0,0.31860828641298655,2.110904248985084,0.12630328093026136,1.8614431651862893,0.08853359973511181,0.01741053556671014,0.0,1.7952403957779344,0.0,0.0,0.0,2.753941825918249,7.0524528477642985,3.796138286590576,7.030060768127441,10.2787446975708,1.0006022453308105,0.430679589509964,0.25,4.0,0.6644909381866455,0.4096972942352295,0.009374658058868585,5.47105810263705e-06,2.4101666195972546,1.9439393426920917,0.1934419276718183,1.0,0.8238899305060103,0.11433164714961438,1.0,0.06456076726317406,0.0,0.8268404119723552,0.10891144420649554,0.0,0.0642481468416549,,,,,,,,,,,,,,,,,,,,,,,,,,,,,,,,,,,,
113,9.753340237916249e-06,9.753340237916249e-06,1.0,10.673949989112648,6.09677149798419,3.4960122301771834,3.4960122301771834,3.5272980960639746,0.0,0.0,0.3183882019004306,2.0387031258763493,0.12571036654549675,1.8297288772222158,0.08812015845968917,0.014696088949898007,0.0,1.7890062654340588,0.0,0.0,0.0,2.6082321308754586,6.997807966696249,3.722714424133301,6.968544006347656,10.23867130279541,1.0007165670394897,0.4366750717163086,0.25,4.0,0.665091335773468,0.41267725825309753,0.011065215012583434,2.735529051318525e-06,2.194949799292796,1.7375348838599953,0.2083942491897437,1.0,0.8248371626879718,0.11357578957403028,1.0,0.06459164820812843,0.0,0.8278267190263078,0.10797699983860995,0.0,0.0641962837528538,,,,,,,,,,,,,,,,,,,,,,,,,,,,,,,,,,,,
114,9.748523405335934e-06,9.748523405335934e-06,1.0,10.551562386590081,6.014145967122671,3.45167985477963,3.45167985477963,3.46732395404094,0.0,0.0,0.3171678676798537,2.057477000597361,0.12358255523282129,1.8434077146891001,0.08699758350849152,0.01733326747057003,0.0,1.7703715433945526,0.0,0.0,0.0,2.813624195150427,7.0281499785345956,3.722714424133301,7.016343593597412,10.2787446975708,1.0006356239318848,0.4356065094470978,0.25,4.0,0.664949357509613,0.41295498609542847,0.009596235912025386,8.206587153955575e-06,2.5797809749036222,2.0550490859392525,0.2034017205603949,1.0,0.8247165277197555,0.11328270648782318,1.0,0.06472133522903598,0.0,0.8281970604045971,0.10760394262300955,0.0,0.06419899314641953,,,,,,,,,,,,,,,,,,,,,,,,,,,,,,,,,,,,
115,9.743661272674867e-06,9.743661272674867e-06,1.0,11.033082137236724,6.400787675702894,3.549302674628593,3.549302674628593,3.6113202894056164,0.0,0.0,0.31877247948904297,2.0475304416708044,0.12319540333103489,1.8424490174731694,0.08446316249869965,0.016343634550434513,0.0,1.7721399809863116,0.0,0.0,0.0,2.630758556159767,7.000094271994926,3.643587350845337,6.9753522872924805,10.33914852142334,1.0007784366607666,0.4436562955379486,0.25,4.0,0.6652615070343018,0.4165019094944,0.011929642192800087,2.735529051318525e-06,2.708973438353152,1.932236317041758,0.2867274777650055,1.0,0.8252144794206362,0.11279460082988481,1.0,0.06506394474087535,0.0,0.8287554753793253,0.10688084343800673,0.0,0.06436367715532715,122.53520672137921,187.14740977783714,0.313668447737032,-1.0512680221389938,122.53520506029652,153.03224128592586,182.67724883114118,217.42891130637264,47.55337415422712,86.7089044733565,234.41489841627038,0.40914120851557956,0.5389040530999977,0.4075246005682454,0.30522175624110565,0.0,0.44465553996988716,0.5823109538057007,0.5754800443057161,0.7929801805430496,0.8242094463376205,0.9438093144260012,0.9805613572239933,0.3242094463376205,0.1438093144260012,0.030561357223993335,0.0011359056099080284,0.0,0.6318681318681318,0.36813186813186816,0.8067765567765567,1.436912578868342,1.3631680900906469,1.3203330229926895,-7.991922855377197,0.00033812603214755654
116,9.738753888894675e-06,9.738753888894675e-06,1.0,10.740848128860062,6.207444680703653,3.453163920222102,3.453163920222102,3.456688590951868,0.0,0.0,0.31920680645349864,2.038671103683678,0.12383695268953168,1.835457360422289,0.08413000495449917,0.013979682843578426,0.0,1.7852932118080758,0.0,0.0,0.0,2.600915048573468,7.018523680197226,3.6471474170684814,7.0026535987854,10.35936164855957,1.0008541345596313,0.45715516805648804,0.25,4.0,0.6651602387428284,0.42218321561813354,0.012419301892986104,5.47105810263705e-06,2.4763313467438155,1.9156336510503613,0.22642272668022734,1.0,0.8250065365353146,0.11304753696596301,1.0,0.06542900849033047,0.0,0.8292465274398392,0.10636959305486164,0.0,0.06438388453947531,,,,,,,,,,,,,,,,,,,,,,,,,,,,,,,,,,,,
117,9.733801303412658e-06,9.733801303412658e-06,1.0,10.93947322948559,6.340904454927187,3.513405548559653,3.513405548559653,3.563618653529399,0.0,0.0,0.318236880205773,2.060374482257946,0.12508295154249346,1.837728042860289,0.08525368118205585,0.015709675508677155,0.0,1.778654485135465,0.0,0.0,0.0,2.583433421882423,7.233683573233114,3.7515547275543213,7.232000350952148,10.646533966064453,1.0008342266082764,0.4585513472557068,0.25,4.0,0.66522616147995,0.42300713062286377,0.012922639238428712,2.4619761461866725e-05,2.6866526748683,1.9017416593190786,0.29215202355388115,1.0,0.8251686563362947,0.11267244493639147,1.0,0.06563295262890893,0.0,0.8294969152759861,0.10593177277494122,0.0,0.06457130973403519,,,,,,,,,,,,,,,,,,,,,,,,,,,,,,,,,,,,
118,9.728803566101293e-06,9.728803566101293e-06,1.0,11.097485078347695,6.505655958845809,3.5074575913918986,3.5074575913918986,3.5283906846433073,0.0,0.0,0.31924174846829595,2.0626075396666654,0.12332313870256012,1.8368483620720941,0.08191431293616423,0.014009686130275196,0.0,1.7893736684644543,0.0,0.0,0.0,2.6285454389211296,7.343906338150437,3.7850332260131836,7.374638557434082,10.793091773986816,1.0008262395858765,0.459609717130661,0.25,4.0,0.6653153300285339,0.4238955080509186,0.013201663201663202,1.09421162052741e-05,2.460260544274304,1.8270589870375555,0.25737174817129876,1.0,0.825323905493762,0.11246816089024415,1.0,0.06577439122908824,0.0,0.8299224376678467,0.10551834126582017,0.0,0.06455922005949793,,,,,,,,,,,,,,,,,,,,,,,,,,,,,,,,,,,,
119,9.723760727287744e-06,9.723760727287744e-06,1.0,11.048101064321157,6.4404921402802335,3.513823741191142,3.513823741191142,3.551341288798564,0.0,0.0,0.3189639449119568,2.0728697325732255,0.12328151633610597,1.8630122171865928,0.08682258386869689,0.014630644846506216,0.0,1.783854375014434,0.0,0.0,0.0,2.562292959239032,7.557049557969377,3.8710107803344727,7.608734607696533,11.113972663879395,1.0007646083831787,0.45346298813819885,0.25,4.0,0.6658324599266052,0.42127570509910583,0.011814749972644709,1.3677645256592625e-05,3.0893004536628723,2.0320552233103157,0.3422280371269874,1.0,0.82622876682797,0.11142501134324719,1.0,0.065846123405405,0.0,0.8303699735048655,0.10483350584635863,0.0,0.06479651803100431,,,,,,,,,,,,,,,,,,,,,,,,,,,,,,,,,,,,
120,9.718672837753336e-06,9.718672837753336e-06,1.0,10.73535883104479,6.169282591020739,3.4807831661121265,3.4807831661121265,3.5115639067984916,0.0,0.0,0.319630326451482,2.0471273402909973,0.1219786538465603,1.8469794247601483,0.08892025134047947,0.016119721937119157,0.0,1.7516102823051247,0.0,0.0,0.0,2.660471690667642,7.222985796026282,3.597623348236084,7.2390666007995605,10.75101375579834,1.0007951259613037,0.4532889723777771,0.25,4.0,0.6660127639770508,0.419710636138916,0.012159426633110844,5.47105810263705e-06,2.6357355778281755,1.9329231300869503,0.2666475551088235,1.0,0.8265280675243687,0.11106569863654472,1.0,0.06617129654497714,0.0,0.8309473991394043,0.10418896558316978,0.0,0.06486363668699523,121.69271076118554,196.49823206935795,0.289252065855072,-32.95258856343699,121.69271155881482,150.5489374977018,179.40776933349366,214.86199463613593,25.70118658883231,80.42315565892892,252.03430374808934,0.4401020011223107,0.5258757799438509,0.406534933696764,0.28827296076286874,0.0,0.42253570711328514,0.5374947359329052,0.5515460956917054,0.7945353460318483,0.8352020812722143,0.9454215675497417,0.9796453043127771,0.3352020812722143,0.14542156754974167,0.02964530431277712,0.0013557583085999048,0.0,0.5769230769230769,0.4230769230769231,0.7564102564102564,1.404927257653121,1.330737360722416,1.2896211604168126,-7.992537498474121,0.0003379182890057564
121,9.713539948733065e-06,9.713539948733065e-06,1.0,10.494175885174725,5.931205298449542,3.4849914602331213,3.4849914602331213,3.513483202135241,0.0,0.0,0.31802785477122747,2.046081762056093,0.12357423192745931,1.8294197900875195,0.08155357646378311,0.013321965218622339,0.0,1.7746479962323163,0.0,0.0,0.0,2.5488574601508476,7.386809001097808,3.690138578414917,7.447009563446045,10.920316696166992,1.000793695449829,0.4540678858757019,0.25,4.0,0.666211724281311,0.42059141397476196,0.012014443593390961,1.641317430791115e-05,2.3097545021289103,1.7484308956442653,0.24302305979586605,1.0,0.8268950017722877,0.11053881975444588,1.0,0.06641142030020018,0.0,0.8315841442829853,0.10342015567663554,0.0,0.06499570346361883,,,,,,,,,,,,,,,,,,,,,,,,,,,,,,,,,,,,
122,9.708362111915066e-06,9.708362111915066e-06,1.0,10.863036980500093,6.281287322173247,3.4933537341452934,3.4933537341452934,3.53352258656476,0.0,0.0,0.31640831522039464,2.076501176163957,0.12204760212350536,1.8471593663499162,0.08469238534972474,0.016024622399158573,0.0,1.7701013313757408,0.0,0.0,0.0,2.695732271349108,7.335812916626802,3.629382371902466,7.374638557434082,10.899008750915527,1.0008264780044556,0.46240246295928955,0.25,4.0,0.665977954864502,0.42472773790359497,0.012810482547324652,4.103293576977788e-05,2.8106095678097494,2.105700758663384,0.2508028212882256,1.0,0.8265933088354163,0.11051635504574389,1.0,0.0665391850713137,0.0,0.8317082604846439,0.10320491625650509,0.0,0.06508683131353275,,,,,,,,,,,,,,,,,,,,,,,,,,,,,,,,,,,,
123,9.703139379440095e-06,9.703139379440095e-06,1.0,10.437089868493983,5.885286949776314,3.4651917573567985,3.4651917573567985,3.495189344560778,0.0,0.0,0.31792498843089956,2.057412134634482,0.12154950785475808,1.8500227670411806,0.08602851317138285,0.01733735836790623,0.0,1.767836187336896,0.0,0.0,0.0,2.7116805604986243,7.277925362458101,3.5005836486816406,7.302971363067627,10.941666603088379,1.0008691549301147,0.4683443605899811,0.25,4.0,0.6654369235038757,0.42655402421951294,0.013376737060947587,2.735529051318525e-06,3.030608244844385,2.1998964145376876,0.27410729569547276,1.0,0.8257900283143327,0.11086119228118174,1.0,0.06707460614475044,0.0,0.8315071801881533,0.10306962257301486,0.0,0.06542319099645356,,,,,,,,,,,,,,,,,,,,,,,,,,,,,,,,,,,,
124,9.697871803901013e-06,9.697871803901013e-06,1.0,10.661578951655207,6.097240100035796,3.4707386171495593,3.4707386171495593,3.499170509544579,0.0,0.0,0.3200400898585448,2.0607144220455273,0.12072877565751204,1.878299719578511,0.08656526598575953,0.014554120178611294,0.0,1.7647746962469977,0.0,0.0,0.0,2.5347041858209147,7.204121331910829,3.486936092376709,7.2390666007995605,10.793091773986816,1.000868320465088,0.4747060239315033,0.25,4.0,0.6660645604133606,0.42920637130737305,0.013776124302440093,5.47105810263705e-05,2.678402407749279,1.862468052554775,0.3046347153937006,1.0,0.826793377463882,0.10999667745184254,1.0,0.06718505737749306,0.0,0.8322590444539044,0.10221341010686513,0.0,0.06552755429938033,,,,,,,,,,,,,,,,,,,,,,,,,,,,,,,,,,,,
125,9.692559438342248e-06,9.692559438342248e-06,1.0,10.453887887903162,5.918066063442746,3.4476477197698645,3.4476477197698645,3.4743894564138875,0.0,0.0,0.3180864654682778,2.059361361168526,0.12240534638230866,1.855407705178132,0.08714485853104978,0.017852176037440833,0.0,1.7537223809474223,0.0,0.0,0.0,2.6470953870464013,7.287883397695181,3.4767353534698486,7.345887660980225,10.941666603088379,1.000759482383728,0.46438413858413696,0.25,4.0,0.6659459471702576,0.4242992103099823,0.011937848779954043,3.829740671845935e-05,3.1263180584520907,2.245335131078153,0.2817956813422022,1.0,0.8267037965155937,0.10967952758073807,1.0,0.06740666724540093,0.0,0.832218703385946,0.10205275182788437,0.0,0.06572854317523338,118.51595165965321,189.85913651371482,0.28127411373130745,-37.454082887251296,118.51595507040105,144.67173611731639,173.80454851981662,209.61067067583448,25.07754680088588,78.4333874014921,245.14029129691747,0.4373391773877663,0.518755918608443,0.4058039384425233,0.2849964016376955,0.0,0.4104284627555778,0.5260933352131192,0.5493914865249623,0.788485234373005,0.8405518302737166,0.9465025099849768,0.9802682202924041,0.3405518302737166,0.14650250998497671,0.03026822029240417,0.0014107214832728737,0.0,0.5164835164835165,0.4835164835164835,0.761904761904762,1.370204059796019,1.30111691568579,1.2644443862385801,-7.992629051208496,0.00033788735163398087
126,9.687202336259257e-06,9.687202336259257e-06,1.0,10.539713215183568,5.974558366311563,3.4846899380555025,3.4846899380555025,3.5207192511171908,0.0,0.0,0.31951794914297155,2.0354489474683195,0.12077955881486067,1.840233806017283,0.08697958350987048,0.01534644716318596,0.0,1.7539953992173478,0.0,0.0,0.0,2.6021901530188485,7.544240732450743,3.5453076362609863,7.623610019683838,11.35533332824707,1.0009467601776123,0.4774003028869629,0.25,4.0,0.6653702259063721,0.42937925457954407,0.014082503556187767,8.206587153955575e-06,2.825495217297528,2.0474788884858826,0.27535574084453296,1.0,0.8257799454637476,0.11031081144874161,1.0,0.06811714655644185,0.0,0.832169817911612,0.10181245167513152,0.0,0.06601772517771334,,,,,,,,,,,,,,,,,,,,,,,,,,,,,,,,,,,,
127,9.681800551598005e-06,9.681800551598005e-06,1.0,10.911645167582744,6.293290254232046,3.535476188401918,3.535476188401918,3.588045526195217,0.0,0.0,0.31809187901986613,2.0425346574267826,0.1209133734574189,1.8479158781670235,0.08830192805947484,0.016586889676447655,0.0,1.7402434091310244,0.0,0.0,0.0,2.6158763299117216,7.452000411781105,3.429525136947632,7.5054168701171875,11.288992881774902,1.000943899154663,0.47818514704704285,0.25,4.0,0.665432333946228,0.4298989474773407,0.013975817923186345,1.3677645256592625e-05,2.8534592905560054,2.0819079795399227,0.27039156071707743,1.0,0.8259566023543075,0.1098638420572152,1.0,0.06827192310545896,0.0,0.8324044652887292,0.10138646956231143,0.0,0.06620906575306042,,,,,,,,,,,,,,,,,,,,,,,,,,,,,,,,,,,,
128,9.6763541387544e-06,9.6763541387544e-06,1.0,10.723726530332822,6.135373386176857,3.511908531188965,3.511908531188965,3.5584675943529285,0.0,0.0,0.31960401422268636,2.0191137468492664,0.1209636441356427,1.8385983512208268,0.0860644001010302,0.01635140214568457,0.0,1.75037922730317,0.0,0.0,0.0,2.582197182887309,7.544303133681014,3.4228334426879883,7.608734607696533,11.466768264770508,1.0011094808578491,0.483759343624115,0.25,4.0,0.6654080152511597,0.43207722902297974,0.015625341941131413,8.206587153955575e-06,2.838147065123996,2.039411625346622,0.28142848888716,1.0,0.8259362127329852,0.10974454456889951,1.0,0.06860661224738972,0.0,0.8326164403477231,0.10092878724272186,0.0,0.06645476959041648,,,,,,,,,,,,,,,,,,,,,,,,,,,,,,,,,,,,
129,9.670863152573759e-06,9.670863152573759e-06,1.0,10.677954209817422,6.083381949244319,3.5278852308118664,3.5278852308118664,3.5784307621620797,0.0,0.0,0.3184032109943596,1.9940301340979498,0.12202954433254294,1.8146347290760763,0.08695181489393518,0.017161389070286137,0.0,1.7499853437011306,0.0,0.0,0.0,2.5577996002661214,7.590861462258004,3.426177740097046,7.698424339294434,11.48918628692627,1.0010361671447754,0.4872221052646637,0.25,4.0,0.6654526591300964,0.43380340933799744,0.01520680599627968,3.829740671845935e-05,3.035328932710596,2.124863386154175,0.2999561387712143,1.0,0.8260981762731398,0.10927158815635217,1.0,0.06872829372012937,0.0,0.8331225707724288,0.10034713068523922,0.0,0.06653029874369905,,,,,,,,,,,,,,,,,,,,,,,,,,,,,,,,,,,,
130,9.665327648350252e-06,9.665327648350252e-06,1.0,10.983256803976523,6.39550290236602,3.514908043113915,3.514908043113915,3.5495621642550907,0.0,0.0,0.3179161234481915,2.0313278597754403,0.12089024806344831,1.8177576161719657,0.08380266117888528,0.016170471925540147,0.0,1.753093906351038,0.0,0.0,0.0,2.6032729503270744,7.550486757948592,3.3928818702697754,7.638514518737793,11.466768264770508,1.0010528564453125,0.477803498506546,0.25,4.0,0.6655216217041016,0.4295019209384918,0.015417441733231207,8.206587153955575e-06,2.828414991095259,2.1491056326273323,0.24017315726532584,1.0,0.8262657797014391,0.10885822450792468,1.0,0.06907225661986582,0.0,0.8331546219619544,0.10004505917832658,0.0,0.06680032107475642,119.59474341423957,183.49182160716583,0.3271276164988859,21.134683462289665,119.59474550991528,148.857245502624,178.8753150624634,216.6487690367449,60.28041621616909,93.3331272213958,202.2675429634426,0.5011522707897427,0.5464416198932476,0.41521387465608806,0.3035550718432085,0.0,0.44882785824602517,0.5775823619196087,0.5916358495038295,0.7659529268487747,0.8338463229636144,0.9482979736909604,0.9831812685500715,0.3338463229636144,0.14829797369096032,0.03318126855007153,0.0018504268806566267,0.0,0.6538461538461539,0.34615384615384615,0.838827838827839,1.4310297004796646,1.3516658251429652,1.3108519315719604,-7.99192476272583,0.0003381253918632865
131,9.659747681826346e-06,9.659747681826346e-06,1.0,10.552240036629343,5.978419071919209,3.4913682550997347,3.4913682550997347,3.5331778912930876,0.0,0.0,0.3168281292593157,2.0439873418292485,0.1204633350307877,1.8463714702709302,0.0888567515523047,0.018568438993817247,0.0,1.7341336978448403,0.0,0.0,0.0,2.780064782580814,7.301225017856908,3.2343504428863525,7.367440223693848,11.157470703125,1.0009682178497314,0.47078466415405273,0.25,4.0,0.6646894216537476,0.4244934022426605,0.014427180216653901,1.09421162052741e-05,2.68052737132923,2.2532475083260923,0.15940141763643198,1.0,0.8250164405719654,0.10951207054627908,1.0,0.06960180965629784,0.0,0.8324341725658726,0.10039435286779662,0.0,0.06717147939913981,,,,,,,,,,,,,,,,,,,,,,,,,,,,,,,,,,,,
132,9.654123309192241e-06,9.654123309192241e-06,1.0,11.030569179638013,6.465152959565859,3.478854037619926,3.478854037619926,3.524976124634614,0.0,0.0,0.31788949708680847,2.0410162339339384,0.11968117509339307,1.8671999718691852,0.08959035071972254,0.018037978308023634,0.0,1.7301006478232306,0.0,0.0,0.0,2.6116388037398055,7.22442660460601,3.1656036376953125,7.274499416351318,11.113972663879395,1.0010390281677246,0.48940736055374146,0.25,4.0,0.6641635298728943,0.43270209431648254,0.015442061494693073,7.65948134369187e-05,3.112206317283012,2.2699629535546175,0.27062581264332164,1.0,0.8242390961260408,0.109842584745304,1.0,0.07007287664187921,0.0,0.8323271725628827,0.10021137869035876,0.0,0.06746145156589714,,,,,,,,,,,,,,,,,,,,,,,,,,,,,,,,,,,,
133,9.648454587085307e-06,9.648454587085307e-06,1.0,10.524464813438621,5.967527789038581,3.4894144663939604,3.4894144663939604,3.534688157004279,0.0,0.0,0.3192179766861168,1.992430931813008,0.11950670887489577,1.827102780342102,0.08650142286677619,0.015498936088201968,0.0,1.7296122763607953,0.0,0.0,0.0,2.5903501575057573,7.5989914842554045,3.3468105792999268,7.683403015136719,11.624617576599121,1.0011078119277954,0.4954198896884918,0.25,4.0,0.6638422012329102,0.4358843266963959,0.016760586497428603,0.00010668563300142248,2.814139359706157,2.0801199690715686,0.26083263719790767,1.0,0.8238047425811356,0.10984680841903428,1.0,0.0704750871738872,0.0,0.8322902466799762,0.099977046251297,0.0,0.0677327163316108,,,,,,,,,,,,,,,,,,,,,,,,,,,,,,,,,,,,
134,9.642741572589514e-06,9.642741572589514e-06,1.0,10.677891860137114,6.115545247052167,3.4945516328553894,3.4945516328553894,3.541425163681443,0.0,0.0,0.31758395642847626,2.000115355929813,0.11936110680973208,1.8254251544539992,0.08568894681898323,0.016104156692587846,0.0,1.7339747403119061,0.0,0.0,0.0,2.561614490844108,7.761936213519122,3.3829565048217773,7.88098669052124,11.85389232635498,1.0011478662490845,0.48703455924987793,0.25,4.0,0.6639459133148193,0.43163374066352844,0.016202538570959622,9.027245869351132e-05,2.9264638649450765,2.2223560230152026,0.24060021733536371,1.0,0.8240242664878433,0.10935621084393682,1.0,0.07104011484094568,0.0,0.8322620923454697,0.0995043812168611,0.0,0.06823352120212607,,,,,,,,,,,,,,,,,,,,,,,,,,,,,,,,,,,,
135,9.636984323234855e-06,9.636984323234855e-06,1.0,10.236099088514173,5.726886530180235,3.4424578241399817,3.4424578241399817,3.4698556371637292,0.0,0.0,0.31729711390830373,1.995963850536862,0.11969667632837554,1.831617561546532,0.08485313988215215,0.01623014370734627,0.0,1.7151832934972402,0.0,0.0,0.0,2.576389025997471,8.209163163159344,3.5418472290039062,8.340254783630371,12.569208145141602,1.001120686531067,0.4950335621833801,0.25,4.0,0.662776529788971,0.43431225419044495,0.016623810044862675,6.56526972316446e-05,3.164216813203451,2.212119861229046,0.3008949791308715,1.0,0.8223043970159583,0.11014837187689704,1.0,0.07165335018087078,0.0,0.8313820394309791,0.09989275018105635,0.0,0.0687252132071031,118.97694388588707,182.50832556081673,0.31467563178494407,4.123540773496523,118.97694458693012,147.73318730284555,176.88425553424412,211.1171403069859,64.01075635637555,85.08874659575233,222.3756561279297,0.5085761262353496,0.5661596773262579,0.42469572608311784,0.31592720553270826,0.0,0.4642232745863865,0.5943303665367307,0.6359521828899564,0.7417645505526211,0.8457000476347514,0.9542706386720897,0.9860210325748415,0.3457000476347514,0.15427063867208968,0.03602103257484157,0.0016122531237404273,0.0,0.6098901098901099,0.3901098901098901,0.7820512820512819,1.3960009205799837,1.3199941961319892,1.2812963372075952,-7.991908073425293,0.0003381310380063951
136,9.631182896996762e-06,9.631182896996762e-06,1.0,10.65210605312038,6.096685499758334,3.47959202044719,3.47959202044719,3.536459136653591,0.0,0.0,0.3160389106015901,2.036200497601483,0.11926241803008157,1.8360594929875553,0.08778269317101788,0.019296199511233215,0.0,1.6929033994674683,0.0,0.0,0.0,2.6658674768499426,8.445850578514305,3.6081786155700684,8.605003356933594,12.917638778686523,1.0010144710540771,0.48312753438949585,0.25,4.0,0.6628286242485046,0.42781952023506165,0.015379144326512748,1.641317430791115e-05,3.5263134063901127,2.349805661149927,0.3336367502412602,1.0,0.822446720020191,0.10976855698469523,1.0,0.07192423134236722,0.0,0.831365037608791,0.09964064911410615,0.0,0.06899431166616646,,,,,,,,,,,,,,,,,,,,,,,,,,,,,,,,,,,,
137,9.625337352295538e-06,9.625337352295538e-06,1.0,10.599096272442791,6.062005945154138,3.449177587354505,3.449177587354505,3.4977605471739897,0.0,0.0,0.32071612896146,2.0542250420596146,0.1181320640686396,1.8721534497029073,0.08717524058915474,0.01871502135779608,0.0,1.6814219371692554,0.0,0.0,0.0,2.7020376050794446,8.105595743333971,3.3599095344543457,8.194930076599121,12.569208145141602,1.0011659860610962,0.4943777918815613,0.25,4.0,0.6621121764183044,0.4318009614944458,0.016973957763431448,3.829740671845935e-05,3.2999382180136605,2.5669456543149174,0.22212311724428435,1.0,0.8213569199716723,0.11032309322743802,1.0,0.07269094199747653,0.0,0.8306168382232254,0.09974597958294121,0.0,0.06963718783211063,,,,,,,,,,,,,,,,,,,,,,,,,,,,,,,,,,,,
138,9.619447747995754e-06,9.619447747995754e-06,1.0,10.661574312158534,6.079556478036417,3.512255604202683,3.512255604202683,3.5711074133177063,0.0,0.0,0.3179674277434478,2.0006546845307223,0.1180207072883039,1.8378328858195125,0.08716961227961488,0.018819038561117406,0.0,1.6974254427729427,0.0,0.0,0.0,2.6482061115471094,7.934349910632984,3.2154548168182373,8.05213737487793,12.35019588470459,1.0010849237442017,0.4880450665950775,0.25,4.0,0.6623743176460266,0.4302206039428711,0.01657730605099026,0.0001531896268738374,3.0676187147965304,2.345520020336718,0.23539388744005227,1.0,0.8218917605039235,0.10949769656400422,1.0,0.07260125492875641,0.0,0.830847550082851,0.09946038292066471,0.0,0.06969205934453655,,,,,,,,,,,,,,,,,,,,,,,,,,,,,,,,,,,,
139,9.613514143405655e-06,9.613514143405655e-06,1.0,10.741375716956886,6.14347081571012,3.531917990864934,3.531917990864934,3.600549826750884,0.0,0.0,0.31662394871582855,1.997856877945565,0.11801706576669538,1.8233144637700673,0.08843792753445136,0.018863167538232094,0.0,1.6918105821351748,0.0,0.0,0.0,2.6791140517672978,8.306800868060138,3.3305084705352783,8.422101974487305,12.993551254272461,1.0013264417648315,0.49607259035110474,0.25,4.0,0.6609054803848267,0.4321678578853607,0.019036546668125615,4.103293576977788e-05,3.544912795762758,2.4533695240278504,0.3079182294807454,1.0,0.8195880957551904,0.11103576462011079,1.0,0.07369345325875927,0.0,0.8296070888235763,0.10014006475339064,0.0,0.07025284159022409,,,,,,,,,,,,,,,,,,,,,,,,,,,,,,,,,,,,
140,9.607536598276576e-06,9.607536598276576e-06,1.0,10.775602031398464,6.221691608428955,3.488573170997001,3.488573170997001,3.5313443171011434,0.0,0.0,0.31990779976587036,1.9906822120821155,0.11773576184704497,1.8386787240569655,0.08082605616466419,0.013539378380251897,0.0,1.7058678414370563,0.0,0.0,0.0,2.419805610502088,8.86194778133083,3.49375319480896,9.035595893859863,13.831562995910645,1.0015270709991455,0.50164794921875,0.25,4.0,0.6604918837547302,0.4324365258216858,0.020893970893970895,2.735529051318525e-05,3.1099700686093925,2.2151221053020373,0.2877352333192975,1.0,0.8189334031697866,0.1113490113938177,1.0,0.0746716268964716,0.0,0.8292763104309907,0.09983669644272006,0.0,0.07088699594542787,118.47720800127301,178.51518773453776,0.29863009045537536,-39.60636727888505,118.4772056032689,147.1326033934956,174.00808133235034,206.78605311393204,52.10581479753767,76.94733168727667,245.04142097804856,0.43695422689414853,0.5506576006960681,0.4354434923118385,0.3265269128019637,0.0,0.444878468311921,0.5795837742558897,0.6075903356836206,0.7468312146122223,0.849877248909897,0.9541240702062951,0.9836942581803525,0.349877248909897,0.15412407020629504,0.03369425818035254,0.0010992634934593821,0.0,0.5274725274725275,0.4725274725274725,0.7847985347985347,1.3504080675787977,1.279620661185338,1.2451976403430267,-7.992020130157471,0.00033809311571531
141,9.60151517280233e-06,9.60151517280233e-06,1.0,10.569390992860537,6.030746872360642,3.4681794385652283,3.4681794385652283,3.512321369068043,0.0,0.0,0.318584484828485,2.013642649392824,0.11992154008633382,1.836187075924229,0.08478013395860388,0.01645234746959161,0.0,1.6871253928622685,0.0,0.0,0.0,2.4906475608413285,9.074652053214407,3.5108542442321777,9.28607177734375,14.187251091003418,1.0014077425003052,0.5051929950714111,0.25,4.0,0.6595430374145508,0.4322124421596527,0.0209541525330999,0.00012309880730933362,3.3408582862969993,2.298808384586025,0.3119108362019092,1.0,0.8174894967594662,0.11209576133940671,1.0,0.07564784485746075,0.0,0.8283690085282197,0.10011806560529245,0.0,0.07151292143641291,,,,,,,,,,,,,,,,,,,,,,,,,,,,,,,,,,,,
142,9.595449927618607e-06,9.595449927618607e-06,1.0,10.603391234939163,6.059931896828316,3.4796279056652173,3.4796279056652173,3.5316492222450875,0.0,0.0,0.3179786092526204,1.9989220322789372,0.11863501591456903,1.8230017359192308,0.08502318397969813,0.01630468906935405,0.0,1.6727282195477873,0.0,0.0,0.0,2.579926974064595,8.940450513685072,3.4598004817962646,9.088693618774414,14.021965026855469,1.001465082168579,0.49972888827323914,0.25,4.0,0.6593464612960815,0.4302026629447937,0.020683335157019367,6.018163912900755e-05,2.923520519926741,2.2477046935944944,0.23116507023839244,1.0,0.8173353462605863,0.11165588228283702,1.0,0.07573496570458284,0.0,0.8282380394033484,0.09994588450000093,0.0,0.07181607388161323,,,,,,,,,,,,,,,,,,,,,,,,,,,,,,,,,,,,
143,9.589340923802355e-06,9.589340923802355e-06,1.0,10.531778567546123,6.008128823460759,3.4623867949923954,3.4623867949923954,3.4899401471421525,0.0,0.0,0.3191779505562138,1.9887772959631842,0.11749884808385694,1.8183128350489848,0.08393170040201496,0.016175433282262168,0.0,1.682275675438546,0.0,0.0,0.0,2.580464878597775,9.044586181640625,3.5349364280700684,9.231820106506348,14.104365348815918,1.0014524459838867,0.5092231035232544,0.25,4.0,0.6585748791694641,0.4354708194732666,0.02060674034358245,8.480140059087428e-05,3.337034533152709,2.4417962899079195,0.2682735927215596,1.0,0.8162701758178504,0.11188397576680055,1.0,0.0761327592504991,0.0,0.8274531879940549,0.10021561323790937,0.0,0.07233119896940284,,,,,,,,,,,,,,,,,,,,,,,,,,,,,,,,,,,,
144,9.583188222871176e-06,9.583188222871176e-06,1.0,10.707718668757257,6.15484956792883,3.493136405944824,3.493136405944824,3.5479113604571366,0.0,0.0,0.3166471929163546,1.9995009286983594,0.11889885627740138,1.8096754969777287,0.0842892298021832,0.015001546975376236,0.0,1.665780782699585,0.0,0.0,0.0,2.5088291200431616,9.441946132763013,3.6793437004089355,9.674864768981934,14.666219711303711,1.0014657974243164,0.5099773406982422,0.25,4.0,0.6574467420578003,0.4325658082962036,0.020590327169274537,7.933034248823722e-05,3.1569023293417855,2.1081913403562598,0.3321962099486879,1.0,0.8144344445821401,0.1132281430669733,1.0,0.07752780757240348,0.0,0.8262252292117557,0.10063176863902323,0.0,0.07314299852461428,,,,,,,,,,,,,,,,,,,,,,,,,,,,,,,,,,,,
145,9.5769918867827e-06,9.5769918867827e-06,1.0,10.78391407631539,6.196432074984989,3.5386358853932975,3.5386358853932975,3.600956323984507,0.0,0.0,0.31993084984856685,1.9622303988482501,0.11738966123477833,1.7958115758122624,0.08024441400492513,0.01323583464113039,0.0,1.6685150636209023,0.0,0.0,0.0,2.4709733950125203,9.336864316785658,3.611703872680664,9.506284713745117,14.637603759765625,1.0014960765838623,0.5059983730316162,0.25,4.0,0.6574891805648804,0.43096235394477844,0.020683335157019367,4.650399387241493e-05,2.7664106955399386,2.0378943150107927,0.2633435381462609,1.0,0.8145716754165856,0.11282883020671639,1.0,0.07774310035480035,0.0,0.826159296809016,0.10040591475931374,0.0,0.07343478762620204,114.51458165933798,178.49669449547045,0.29010187720265185,-20.645495865371203,114.51458255694098,140.1506009273788,168.63488869241817,204.24696085735155,42.40094103131975,79.88316250586695,222.60694155485734,0.47323042632187834,0.5440675023972213,0.42875979862332336,0.3199025176324694,0.0,0.4376538466114666,0.5664647169843053,0.6060955362144378,0.7561487835325045,0.8476604008647539,0.9525851013154519,0.9830530211425011,0.3476604008647539,0.1525851013154519,0.03305302114250119,0.0011542266681323513,0.0,0.5714285714285714,0.42857142857142855,0.782051282051282,1.3457852313806722,1.275401744377482,1.2429869039045585,-7.99248743057251,0.00033793519833125174
146,9.570751977933964e-06,9.570751977933964e-06,1.0,10.44969300966005,5.916774169818775,3.4740691507184827,3.4740691507184827,3.517710930592305,0.0,0.0,0.3194628760621354,1.9866256971617002,0.11757696198450553,1.8134114838935234,0.08310960132527996,0.016491319833172334,0.0,1.6664906643532418,0.0,0.0,0.0,2.5026133769267314,9.96328255936906,3.8521554470062256,10.19875431060791,15.460390090942383,1.0013928413391113,0.5127978324890137,0.25,4.0,0.6557212471961975,0.431016206741333,0.0198763540868804,0.00014771856877120036,3.678033999494604,2.185992083034,0.40566289399870276,1.0,0.8119306403237421,0.1141373452705306,1.0,0.07897209980197854,0.0,0.8247876392828452,0.10098819031908705,0.0,0.07422416314885423,,,,,,,,,,,,,,,,,,,,,,,,,,,,,,,,,,,,
147,9.564468559160777e-06,9.564468559160777e-06,1.0,10.512086378561484,5.96937032648035,3.4841532256152177,3.4841532256152177,3.53552356281796,0.0,0.0,0.3180602933909442,1.9909072631114237,0.11789157684590365,1.810036324165963,0.0854677359598714,0.015598447313783941,0.0,1.6496275019001316,0.0,0.0,0.0,2.4964472732028447,10.270201528394544,4.005607604980469,10.52249813079834,15.88896656036377,1.0012978315353394,0.5057680606842041,0.25,4.0,0.6560254096984863,0.42932623624801636,0.018237772185140607,5.197505197505198e-05,3.1570375900010803,2.1267726163606384,0.32633915316798284,1.0,0.8126018530613667,0.11294670926558005,1.0,0.07894021997580657,0.0,0.8249047527442107,0.100479520253233,0.0,0.07461572076017792,,,,,,,,,,,,,,,,,,,,,,,,,,,,,,,,,,,,
148,9.5581416937371e-06,9.5581416937371e-06,1.0,10.321605166873416,5.754438065193795,3.515483856201172,3.515483856201172,3.5634413087690198,0.0,0.0,0.31852992805274755,1.9745123515257965,0.1163147728185396,1.8014578690399994,0.08069941834420771,0.013871319629755375,0.0,1.6632430102374103,0.0,0.0,0.0,2.4714012758151904,10.527745066462336,4.112628936767578,10.814192771911621,16.265764236450195,1.0012599229812622,0.511382520198822,0.25,4.0,0.6552761197090149,0.4307049512863159,0.01862348178137652,0.00018875150454097822,2.9300580604656323,2.0955251117010376,0.2848178880905774,1.0,0.8114820605999714,0.11347425950540078,1.0,0.07959307931564949,0.0,0.8242121564375388,0.10070606160002786,0.0,0.0750817829692686,,,,,,,,,,,,,,,,,,,,,,,,,,,,,,,,,,,,
149,9.551771445374397e-06,9.551771445374397e-06,1.0,10.259604299390638,5.763605826609844,3.4366535882692077,3.4366535882692077,3.479846838358286,0.0,0.0,0.31608077561533127,1.9846772889833193,0.11457831915971395,1.8311160222904102,0.08638216655802082,0.019041053019464016,0.0,1.6128140591286324,0.0,0.0,0.0,2.6233829163216256,10.455019873541755,3.947359561920166,10.709098815917969,16.329425811767578,1.001344084739685,0.5181810855865479,0.25,4.0,0.6535307765007019,0.4320557415485382,0.020516467884888936,0.0002735529051318525,3.972543830807145,2.4698474068899414,0.3782705711800502,1.0,0.8087971403792098,0.11507832540853603,1.0,0.0808927712811006,0.0,0.8221772135914983,0.10176595038658864,0.0,0.07605683219593924,,,,,,,,,,,,,,,,,,,,,,,,,,,,,,,,,,,,
150,9.545357878220998e-06,9.545357878220998e-06,1.0,10.173076036814097,5.691404651951146,3.4253638499491923,3.4253638499491923,3.457405960237658,0.0,0.0,0.31750287880768646,1.9758540875202901,0.11443933623062598,1.8266663680205475,0.08482619858271367,0.016425564092256734,0.0,1.6146192872846448,0.0,0.0,0.0,2.5873286820746757,10.606407242852288,3.9550766944885254,10.856517791748047,16.586576461791992,1.0014944076538086,0.535456657409668,0.25,4.0,0.6515376567840576,0.43866482377052307,0.023003063792537477,0.00041032935769777875,3.4328526049046904,2.368865385248854,0.3099425877288363,1.0,0.8057618608345857,0.11682666878442506,1.0,0.08216005664419483,0.0,0.8204587826857695,0.10258055981752034,0.0,0.07696065205979992,113.07440319690076,179.7955251104086,0.29633972534280545,10.937207735501802,113.0744034183877,141.23891851946038,169.56980117062835,208.11930049575764,46.784706115722656,84.97772199054097,201.95483265752378,0.5348999362736964,0.5505485380823035,0.42886816459553556,0.31564530329213697,0.0,0.4474623817840018,0.567462695055966,0.6081977747220547,0.7505575626964669,0.847550474515408,0.9530614488292843,0.9849400901396065,0.347550474515408,0.1530614488292843,0.03494009013960653,0.0016305741819647502,0.0,0.6538461538461539,0.34615384615384615,0.7912087912087912,1.3733445903757115,1.298716283761538,1.2649506034104379,-7.992366790771484,0.00033797594369389117
151,9.538901056861453e-06,9.538901056861453e-06,1.0,10.473622450957427,5.942624994226404,3.4863774003209294,3.4863774003209294,3.537250924754787,0.0,0.0,0.3167091028110401,1.9530929971385647,0.11656617051040805,1.7931645625346415,0.08331436120175026,0.01472569620740172,0.0,1.6298287655856158,0.0,0.0,0.0,2.466928146980904,11.611976443110285,4.259785175323486,11.946864128112793,18.075027465820312,1.0013216733932495,0.5177488923072815,0.25,4.0,0.6519253849983215,0.4275142252445221,0.019411314148156254,0.00018054491738702264,3.646240126442265,2.1810492422129655,0.40183609236370443,1.0,0.8063772755700189,0.11618370844705685,1.0,0.0828175103744945,0.0,0.8204547456792883,0.10209990816341864,0.0,0.07744534474772376,,,,,,,,,,,,,,,,,,,,,,,,,,,,,,,,,,,,
152,9.532401046315878e-06,9.532401046315878e-06,1.0,10.20324436393944,5.666656120403393,3.487565330556921,3.487565330556921,3.537754451906359,0.0,0.0,0.3190594839083182,1.9609614449578363,0.11495184858103057,1.7980559226628896,0.08667824044823647,0.015082773167287579,0.0,1.6118586772197,0.0,0.0,0.0,2.5571866357648694,11.615911432214686,4.289004802703857,11.946864128112793,18.110363006591797,1.0011190176010132,0.5100235342979431,0.25,4.0,0.6518076062202454,0.4246281087398529,0.017050552576868366,0.00010668563300142248,3.3335746268968323,2.236075185440682,0.329226000402395,1.0,0.8063776783041052,0.11547446291188936,1.0,0.08309628895005665,0.0,0.8201728882016363,0.10190691859335513,0.0,0.07792019985012107,,,,,,,,,,,,,,,,,,,,,,,,,,,,,,,,,,,,
153,9.525857912039313e-06,9.525857912039313e-06,1.0,10.54487993910506,5.9915840174700765,3.4992742667327055,3.4992742667327055,3.561421961397738,0.0,0.0,0.31804121426633886,1.9880726208557953,0.11571380274521338,1.805694183787784,0.08442130010273005,0.014824433239629946,0.0,1.60483988555702,0.0,0.0,0.0,2.5255722806260392,11.401593337187895,4.201941967010498,11.73869514465332,17.76007843017578,1.0013707876205444,0.5215517282485962,0.25,4.0,0.6502606272697449,0.4293278753757477,0.020240179450705765,9.84790458474669e-05,3.115483079407666,2.2809638381004333,0.26786190778025226,1.0,0.8040839047045321,0.11656150624558732,1.0,0.08409806642983411,0.0,0.8190187119148873,0.10227513172336526,0.0,0.07870616099318943,,,,,,,,,,,,,,,,,,,,,,,,,,,,,,,,,,,,
154,9.519271719921043e-06,9.519271719921043e-06,1.0,10.376630267581424,5.86939136402027,3.4523308921504663,3.4523308921504663,3.5018892417082914,0.0,0.0,0.3170297669397818,1.9729332376170803,0.11415221864307248,1.8204371445887797,0.0870523186954292,0.016120527959051164,0.0,1.6071932509138778,0.0,0.0,0.0,2.583410884882953,11.382627590282544,4.218388557434082,11.670114517211914,17.864444732666016,1.0012401342391968,0.5303704142570496,0.25,4.0,0.6496103405952454,0.4357312321662903,0.01973137104716052,0.00020242914979757084,3.306011251501135,2.444876728831111,0.26047537565972145,1.0,0.8033622793249182,0.11607227071716979,1.0,0.08411175516006109,0.0,0.8188068109589655,0.10215217217400267,0.0,0.07904101807523418,,,,,,,,,,,,,,,,,,,,,,,,,,,,,,,,,,,,
155,9.512642536283953e-06,9.512642536283953e-06,1.0,10.537507160289868,6.0476034009778825,3.4282833627752356,3.4282833627752356,3.4626060305414974,0.0,0.0,0.31720279922356476,2.0104690854613847,0.1142052691933271,1.8237176231435828,0.08614088695597004,0.015147247307656988,0.0,1.5883724335077647,0.0,0.0,0.0,2.6270003963161157,11.564712447089118,4.268113136291504,11.900286674499512,18.039758682250977,1.0013583898544312,0.5223148465156555,0.25,4.0,0.648868978023529,0.4308253526687622,0.01952894189736295,2.735529051318525e-05,3.2314661000225997,2.4564541674949028,0.2398329143921011,1.0,0.8022119145135622,0.1167118984299737,1.0,0.08504758956464561,0.0,0.8176116347312927,0.1025829148050901,0.0,0.07980545892103298,109.02519622215858,169.0220107377582,0.2983597334365386,3.573334725348504,109.02519773965025,138.62818052674257,167.41485628074958,206.57564702357587,69.23914337158203,82.21954815886741,190.25195644212806,0.5380618144206019,0.5543983990461845,0.4338518385628091,0.3212192804382005,0.0,0.44890422880120495,0.5725153803504512,0.6193283142416206,0.7399330078412575,0.8499871752592429,0.9535194752848924,0.9849034480231578,0.34998717525924294,0.1535194752848924,0.03490344802315781,0.00144736359972152,0.0,0.6263736263736264,0.37362637362637363,0.8122710622710622,1.364334551187662,1.2858886211128024,1.2514933883161334,-7.992049217224121,0.0003380832786206156
156,9.505970427883846e-06,9.505970427883846e-06,1.0,10.090306926417995,5.582216752542032,3.4597984004665063,3.4597984004665063,3.5055868496765963,0.0,0.0,0.31782875109363246,1.9658670973133396,0.11285185048709044,1.8046216674753137,0.08573170197573868,0.01642674770885827,0.0,1.5732920781986133,0.0,0.0,0.0,2.6431143702687443,11.514517320168984,4.177393913269043,11.80767822265625,18.110363006591797,1.0013214349746704,0.5184326171875,0.25,4.0,0.6475574970245361,0.4266740083694458,0.019405843090053616,0.00011489222015537806,3.4501487338865124,2.6034337008321606,0.2454140671496637,1.0,0.8002359061627775,0.11772198612625534,1.0,0.08611249339741629,0.0,0.8156131538184913,0.1035673924394556,0.0,0.08081945031881332,,,,,,,,,,,,,,,,,,,,,,,,,,,,,,,,,,,,
157,9.49925546190878e-06,9.49925546190878e-06,1.0,10.261653178447002,5.796867099968162,3.415991802473326,3.415991802473326,3.4594687191215723,0.0,0.0,0.31580104135178233,1.9637322973560642,0.11240054304535324,1.819942020081185,0.08610904438270105,0.0161224457724775,0.0,1.548920760283599,0.0,0.0,0.0,2.5712895779996305,11.85930094847808,4.289004802703857,12.206311225891113,18.612401962280273,1.001547932624817,0.5379581451416016,0.25,4.0,0.6446937322616577,0.4305025637149811,0.02182952182952183,0.00013951198161724478,3.0882458010235347,2.2190798625752732,0.2814432511039745,1.0,0.7957616786699038,0.12058225475453041,1.0,0.08854632663565713,0.0,0.8127501977456583,0.10478088944344907,0.0,0.08246890656851433,,,,,,,,,,,,,,,,,,,,,,,,,,,,,,,,,,,,
158,9.49249770597839e-06,9.49249770597839e-06,1.0,10.061347935650799,5.576251996530069,3.4500173426963188,3.4500173426963188,3.4921825769785286,0.0,0.0,0.3168279633328721,1.9344529976715912,0.1118380797875894,1.7845338357461464,0.08449324713768186,0.015357912398522367,0.0,1.5426622242540926,0.0,0.0,0.0,2.5576021381326624,12.216193199157715,4.395005226135254,12.569208145141602,19.240766525268555,1.0018362998962402,0.5371265411376953,0.25,4.0,0.6438962817192078,0.42978742718696594,0.02519969362074625,0.0001313053944632892,3.1813452259914294,2.1578666455036886,0.3217125171219938,1.0,0.7945909580668887,0.12103261395886138,1.0,0.0893430774276321,0.0,0.8116942193057086,0.10509798111947807,0.0,0.08320779957481332,,,,,,,,,,,,,,,,,,,,,,,,,,,,,,,,,,,,
159,9.4856972281432e-06,9.4856972281432e-06,1.0,10.62396781508987,6.078246915662611,3.4919489847647176,3.4919489847647176,3.551969605523187,0.0,0.0,0.3193636641309068,1.975708996927416,0.11409837591487008,1.828175728385513,0.08377033663359848,0.014725088129273138,0.0,1.5561866470285364,0.0,0.0,0.0,2.4770980783410974,12.41932961747453,4.343801975250244,12.817113876342773,19.581974029541016,1.0018564462661743,0.5360600352287292,0.25,4.0,0.6423870921134949,0.4269862174987793,0.026605755553123975,0.00021610679505416346,3.129365185628066,2.257643591713261,0.2785617983859081,1.0,0.7923443156319696,0.1219825146568788,1.0,0.09100420470978762,0.0,0.810018819731635,0.10557288716773729,0.0,0.0844082870596164,,,,,,,,,,,,,,,,,,,,,,,,,,,,,,,,,,,,
160,9.478854096883946e-06,9.478854096883946e-06,1.0,10.495570517875052,6.00112382785694,3.4437424814378894,3.4437424814378894,3.484484794977549,0.0,0.0,0.3163937587995787,1.9875928775684253,0.11321399340758452,1.814999454730266,0.08452523127198219,0.016546402702334564,0.0,1.5184617171416412,0.0,0.0,0.0,2.6409185577083276,12.438872955940866,4.352294445037842,12.817113876342773,19.69704818725586,1.0013827085494995,0.5238997340202332,0.25,4.0,0.6410239338874817,0.42134085297584534,0.020891235364919575,0.0002981726665937192,3.4052322877419963,2.385750949382782,0.2993867237865381,1.0,0.7904732034013078,0.12235862137498082,1.0,0.0916158260928618,0.0,0.8077835778932314,0.10677483033489536,0.0,0.08544158734179833,143.83307207547702,211.45476744947692,0.42260290803538586,106.29939190372006,143.83307170359734,166.451282536406,193.4655534930076,231.35138982604897,98.28313446044922,119.38963022158127,219.31249734629756,0.559829143973175,0.5918975559693834,0.4420777250051829,0.37549389741033706,0.0,0.502751108495397,0.6509916174123966,0.6926913897627254,0.7473972225067151,0.8269759261294932,0.9493056318932982,0.9875416804074604,0.3269759261294932,0.14930563189329815,0.03754168040746042,0.001575611007291781,0.0,0.8351648351648352,0.16483516483516483,0.8800366300366301,1.5028473693918396,1.4211029629785936,1.3837000344480788,-7.992940425872803,0.0003377821994945407
161,9.471968381110888e-06,9.471968381110888e-06,1.0,10.472049017210264,5.915034861178012,3.510379082447774,3.510379082447774,3.5718702238959237,0.0,0.0,0.31850213617891876,1.9775471719535622,0.11330709284221804,1.806636336687449,0.08143991775609352,0.013567604791574381,0.0,1.529230143572833,0.0,0.0,0.0,2.4371599506687476,12.696593207281989,4.464216709136963,13.095459938049316,20.007230758666992,1.001450777053833,0.5318951606750488,0.25,4.0,0.6390455961227417,0.4196712076663971,0.02123317649633439,0.0002079002079002079,3.1583943842230617,1.9970133393197447,0.36771248413582996,1.0,0.787362324224936,0.12435685299538277,1.0,0.09359087090234498,0.0,0.8054189714225563,0.10768875761612041,0.0,0.08689227559276529,,,,,,,,,,,,,,,,,,,,,,,,,,,,,,,,,,,,
162,9.465040150163103e-06,9.465040150163103e-06,1.0,10.03055054432637,5.523289474281105,3.4676250767063452,3.4676250767063452,3.530157095677144,0.0,0.0,0.3180802102024491,1.940591344962249,0.11329856897528107,1.801969592635696,0.08627319577577952,0.015960857586784137,0.0,1.5044628671697668,0.0,0.0,0.0,2.545141139545956,12.632953386049014,4.276457786560059,13.121062278747559,20.04634666442871,1.0015209913253784,0.5291939973831177,0.25,4.0,0.6384516954421997,0.4196891784667969,0.022264470948681475,0.0002954371375424007,3.381395791027997,2.429580923673269,0.2814857905366237,1.0,0.7866080644968394,0.12420816961172465,1.0,0.09409711288439261,0.0,0.804314328206552,0.10809819219080177,0.0,0.08758747416573602,,,,,,,,,,,,,,,,,,,,,,,,,,,,,,,,,,,,
163,9.458069473807803e-06,9.458069473807803e-06,1.0,10.240388096989813,5.754188627810092,3.4375875511684932,3.4375875511684932,3.496321929467691,0.0,0.0,0.31688485193896937,1.9789370781666524,0.11366656241384712,1.817958055315791,0.08385494774257815,0.017545531604539703,0.0,1.4972933015307865,0.0,0.0,0.0,2.5893138550423287,12.759387170946276,4.255627632141113,13.172416687011719,20.362030029296875,1.0016448497772217,0.5457878708839417,0.25,4.0,0.6370639204978943,0.42545175552368164,0.023563847248057775,0.00023799102746471166,3.7234858580537744,2.6112871025059676,0.29869826231303076,1.0,0.7844936187202866,0.1254061142335067,1.0,0.09508741203997587,0.0,0.803417677814896,0.10838590360976555,0.0,0.08819641273569416,,,,,,,,,,,,,,,,,,,,,,,,,,,,,,,,,,,,
164,9.451056422239619e-06,9.451056422239619e-06,1.0,10.059929538417506,5.608773128406422,3.4080963843577616,3.4080963843577616,3.4504730701446533,0.0,0.0,0.3178650334074691,1.9515212194339648,0.11032063453584104,1.8241636591988641,0.08240708537601135,0.01459770294132869,0.0,1.4913035921148352,0.0,0.0,0.0,2.6301543744834692,13.115869470544764,4.468578338623047,13.537569999694824,20.844900131225586,1.0019540786743164,0.5554080605506897,0.25,4.0,0.6350801587104797,0.4285692572593689,0.027202100886311413,0.000270817376080534,3.1587056163195015,2.1532416537001327,0.31831518500002776,1.0,0.7813724843231408,0.1274914848240646,1.0,0.09672407524005787,0.0,0.8015174334113663,0.10937614255660288,0.0,0.08910642403203088,,,,,,,,,,,,,,,,,,,,,,,,,,,,,,,,,,,,
165,9.444001066079904e-06,9.444001066079904e-06,1.0,10.311418945724899,5.848897895297489,3.41735544075837,3.41735544075837,3.4579029276564315,0.0,0.0,0.31720659136772156,1.9651229091592737,0.11445984606807297,1.8152449388761778,0.08406583612432351,0.015205654982678793,0.0,1.4945752072978664,0.0,0.0,0.0,2.4942990895864128,13.862703632664036,4.54338264465332,14.495352745056152,21.973642349243164,1.0016733407974243,0.5452170968055725,0.25,4.0,0.6359243988990784,0.4226078391075134,0.023974176605755553,0.0001969580916949338,3.656306212012832,2.2436270810462333,0.38636783930329105,1.0,0.7827546064918106,0.12620881824074565,1.0,0.09678686772649353,0.0,0.8021597250087841,0.1084757046522321,0.0,0.0893645685266804,138.15291805057734,199.34648305189384,0.39980660367120713,89.04423447493669,138.1529148702975,159.71492706915564,187.00078726454345,225.59754369872377,79.45980834960938,117.2145328965298,205.80299311098844,0.5514708422148981,0.5892825657658597,0.4493304929002702,0.3828074098834118,0.0,0.49980731755668045,0.6479329488711578,0.6878005776305965,0.7481731166922657,0.8298706533289363,0.9509362060752629,0.9868088380784874,0.3298706533289363,0.1509362060752628,0.03680883807848745,0.0014107214832728737,0.0,0.7747252747252747,0.22527472527472528,0.8818681318681318,1.474417595254196,1.3937740260428124,1.3571228434096325,-7.992339611053467,0.0003379851405043155
166,9.436903476376016e-06,9.436903476376016e-06,1.0,10.13068116677774,5.61155029245325,3.484353155703158,3.484353155703158,3.5531932147773535,0.0,0.0,0.31758075388702184,1.9405496700389966,0.11284056728756106,1.7905164602640513,0.08415674307459109,0.015374910640152725,0.0,1.4821080903749209,0.0,0.0,0.0,2.618739198993992,13.71702663318531,4.477314472198486,14.242778778076172,21.930768966674805,1.0016112327575684,0.5386586785316467,0.25,4.0,0.6355632543563843,0.4214887320995331,0.025046503993872416,0.0002735529051318525,3.3108687706895776,2.4026074949148537,0.27432717473291884,1.0,0.7824515490918547,0.12551439835413084,1.0,0.09681454220333614,0.0,0.8014396686811704,0.10871025497043454,0.0,0.0898500751401927,,,,,,,,,,,,,,,,,,,,,,,,,,,,,,,,,,,,
167,9.429763724600604e-06,9.429763724600604e-06,1.0,10.166114059654442,5.666678583299792,3.4595087605553703,3.4595087605553703,3.5073001964672192,0.0,0.0,0.317963476922061,1.9633695821504336,0.1123473622106217,1.7952539888588157,0.08426977553077646,0.014403407040328995,0.0,1.473809525773332,0.0,0.0,0.0,2.5296840506630973,14.327291256672627,4.6784586906433105,14.92630386352539,22.848976135253906,1.0014318227767944,0.5356730818748474,0.25,4.0,0.6342408061027527,0.41780975461006165,0.021711894080315132,0.00025713973082394133,3.2467800636549256,2.109175400154011,0.3503793423630624,1.0,0.7805632626688158,0.12603574226031433,1.0,0.09812684759900377,0.0,0.7994814209035925,0.10935079145270425,0.0,0.09116779006010778,,,,,,,,,,,,,,,,,,,,,,,,,,,,,,,,,,,,
168,9.42258188265089e-06,9.42258188265089e-06,1.0,10.044593398635453,5.57382667386854,3.4379371114679285,3.4379371114679285,3.4756735466622017,0.0,0.0,0.3188051919679384,1.9333563817513955,0.11194173045255043,1.7891693920702547,0.08420093166264328,0.015386323652205032,0.0,1.4663914796468374,0.0,0.0,0.0,2.5546264004062964,14.036643440658981,4.508026123046875,14.637603759765625,22.40703582763672,1.0017460584640503,0.5434306859970093,0.25,4.0,0.6330423951148987,0.42033979296684265,0.025270817376080532,7.65948134369187e-05,3.2980753449169367,2.386906045514184,0.2762730393067174,1.0,0.7787292954084035,0.1270652520092758,1.0,0.09915995537429242,0.0,0.7986780839997369,0.10951065251956114,0.0,0.09181125582875432,,,,,,,,,,,,,,,,,,,,,,,,,,,,,,,,,,,,
169,9.415358022847941e-06,9.415358022847941e-06,1.0,10.137985461467022,5.653773797524942,3.4498613396206417,3.4498613396206417,3.4975635361027075,0.0,0.0,0.3186842323960485,1.9317884992908787,0.109822662698256,1.8040031935717609,0.08479071760902533,0.01504071379030073,0.0,1.4443206915984284,0.0,0.0,0.0,2.479631059878581,14.38306135744662,4.592452049255371,14.89717960357666,23.11831283569336,1.0018460750579834,0.5486690402030945,0.25,4.0,0.631409227848053,0.42186787724494934,0.027694496115548747,0.00032552795710690446,3.094170103201995,2.176514921961604,0.2965755438884105,1.0,0.7762578387518186,0.12838591675500613,1.0,0.1004030289682182,0.0,0.7965644018070118,0.11054903570864652,0.0,0.09288656208160762,,,,,,,,,,,,,,,,,,,,,,,,,,,,,,,,,,,,
170,9.408092217935945e-06,9.408092217935945e-06,1.0,10.088807260667956,5.623259351060197,3.4301741123199463,3.4301741123199463,3.4684994156296187,0.0,0.0,0.3172514929964736,1.9457188780243333,0.11148630203427495,1.7970419735521883,0.0836906868058282,0.01646166284744804,0.0,1.4546491648699786,0.0,0.0,0.0,2.5994874754467525,14.736305004841572,4.710550308227539,15.43022346496582,23.57427978515625,1.0016765594482422,0.5485084652900696,0.25,4.0,0.6292176246643066,0.41887086629867554,0.02726228252544042,0.00041306488674909726,3.5490490391447738,2.3823859788276054,0.3287255395598318,1.0,0.7729620047517725,0.1301437469350325,1.0,0.1017327316709467,0.0,0.7940437584309965,0.11198920937808785,0.0,0.09396702917041005,127.33206394740513,191.85647069936272,0.35934503723686884,72.01886053399726,127.33206592591677,149.93038147833676,178.6848662814024,214.66789717053604,66.80164119175502,104.54596414492111,200.4433646824049,0.5097364313605063,0.6052882374402725,0.4587719579778341,0.396670951897172,0.0,0.5157645188569323,0.6611285699808046,0.7004882043775693,0.7361944759247978,0.8361914184163277,0.9533729068190979,0.9876699278150306,0.3361914184163277,0.15337290681909788,0.037669927815030646,0.0010809424352350592,0.0,0.7527472527472527,0.24725274725274726,0.8736263736263736,1.418300634065827,1.3432720866832104,1.3100965511012863,-7.99296236038208,0.0003377747780177742
171,9.40078454108148e-06,9.40078454108148e-06,1.0,10.19945072483372,5.710199858691241,3.4468006443332984,3.4468006443332984,3.499903698225279,0.0,0.0,0.3184265486291937,1.9705377398310482,0.11169417081652461,1.8047567251566294,0.08507283928023802,0.01620400308102772,0.0,1.4408346704534583,0.0,0.0,0.0,2.603149072543995,15.22708544860015,4.855335235595703,15.982340812683105,24.322608947753906,1.001907467842102,0.5481864213943481,0.25,4.0,0.629038393497467,0.4173961877822876,0.02744556297187876,0.00016960280118174856,3.749587566465945,2.327455038959916,0.3792770544218587,1.0,0.7726858129372468,0.1302249999465169,1.0,0.10226269287837518,0.0,0.7942018299489408,0.11159818357712514,0.0,0.09419997781515121,,,,,,,,,,,,,,,,,,,,,,,,,,,,,,,,,,,,
172,9.393435065872768e-06,9.393435065872768e-06,1.0,10.14289580164729,5.661331730919915,3.4490995149354675,3.4490995149354675,3.5218040685395935,0.0,0.0,0.3171421780779555,1.9338731959059432,0.10955501468600454,1.797665260933541,0.08586805454782538,0.015558846282294474,0.0,1.427251612817919,0.0,0.0,0.0,2.6084567211769722,15.032438793697873,4.780059814453125,15.734557151794434,24.086238861083984,1.0018969774246216,0.556686282157898,0.25,4.0,0.6282962560653687,0.4221898317337036,0.028030966188860924,0.00024893314366998575,3.493475113366101,2.3508981796535284,0.3270602756954106,1.0,0.7716633178092338,0.13038252173243342,1.0,0.10288458116151192,0.0,0.7935031249716475,0.11166496131871198,0.0,0.09483190223171904,,,,,,,,,,,,,,,,,,,,,,,,,,,,,,,,,,,,
173,9.386043866318943e-06,9.386043866318943e-06,1.0,10.165160436887998,5.680692092792408,3.4356238262073413,3.4356238262073413,3.496933479566832,0.0,0.0,0.3180088618317166,1.9818446217356502,0.11100505332689027,1.824458943830954,0.08624812547822257,0.0167171394490209,0.0,1.4369488664575525,0.0,0.0,0.0,2.645984630326967,15.005192653552905,4.808150768280029,15.796140670776367,23.992334365844727,1.0020240545272827,0.5606020092964172,0.25,4.0,0.6268972158432007,0.423072874546051,0.029800853485064012,0.00015866068497647444,3.4825546999235413,2.455767829675932,0.2948372556129993,1.0,0.7696610238101032,0.1311351767665631,1.0,0.10343703627586365,0.0,0.7924445239273278,0.11208857716740789,0.0,0.09546689890526436,,,,,,,,,,,,,,,,,,,,,,,,,,,,,,,,,,,,
174,9.378611016849303e-06,9.378611016849303e-06,1.0,10.213467391761574,5.753826837281923,3.4160656155766667,3.4160656155766667,3.4695637354979643,0.0,0.0,0.3162570893764496,1.969001596038406,0.10936747410812893,1.8177933982900671,0.08729040280387208,0.016756208925004547,0.0,1.419840390617783,0.0,0.0,0.0,2.6836390978581197,14.719185287887985,4.655670642852783,15.370065689086914,23.712814331054688,1.0013823509216309,0.5644137859344482,0.25,4.0,0.6251568794250488,0.42506906390190125,0.029795382426961375,0.0007495349600612759,3.582862876557015,2.6453464514500387,0.261666845036473,1.0,0.7671913150194529,0.13195596836708687,1.0,0.10423981438617448,0.0,0.7908111214637756,0.11304335739161517,0.0,0.09614552315827962,,,,,,,,,,,,,,,,,,,,,,,,,,,,,,,,,,,,
175,9.37113659231256e-06,9.37113659231256e-06,1.0,9.85775831583384,5.388175809705579,3.444947442492923,3.444947442492923,3.487100717183706,0.0,0.0,0.3175262760471653,1.9196331211038538,0.11002197539484179,1.7776228994936556,0.08313130063785089,0.016281127640222375,0.0,1.428215336155247,0.0,0.0,0.0,2.599291005650082,15.09343232335271,4.710550308227539,15.827022552490234,24.370159149169922,1.0019474029541016,0.5564213395118713,0.25,4.0,0.6251975297927856,0.4184812605381012,0.029694167852062588,0.000380238538133275,3.5334562610935523,2.601074905008883,0.26387233552343764,1.0,0.767152684765893,0.13219627013077606,1.0,0.10492122998914204,0.0,0.7901245275059262,0.11319233134791658,0.0,0.09668314134752429,109.29959540314726,164.34676863151728,0.2937840759619711,17.15742058806367,109.29959360357095,135.32021136000827,163.26776635890855,200.3927179760877,46.35925074986049,84.63206171434979,188.05381841244906,0.5390337617022546,0.5775735239176336,0.45321102327238927,0.35762715165920594,0.0,0.47499295128329017,0.6037010610309516,0.6444612884573006,0.7268901957423746,0.851636070499432,0.9560661023780733,0.9871019750100766,0.351636070499432,0.15606610237807328,0.037101975010076615,0.0013924004250485508,0.0,0.6318681318681318,0.36813186813186816,0.8452380952380953,1.3414751523798638,1.2659445781629164,1.2349406947473904,-7.991274833679199,0.0003383451548870653
176,9.363620667976085e-06,9.363620667976085e-06,1.0,10.07283625731597,5.566999590074694,3.464900506509317,3.464900506509317,3.532714747093819,0.0,0.0,0.3173294341241991,1.9621770446364943,0.10999608462726748,1.8067613775665696,0.08763587092225616,0.0200600300135242,0.0,1.413142806774861,0.0,0.0,0.0,2.693047848907677,15.01435104576317,4.619440078735352,15.796140670776367,24.18050765991211,1.0016847848892212,0.5423777103424072,0.25,4.0,0.6246790289878845,0.41300585865974426,0.025172338330233066,0.00011762774920669658,3.765927016735077,2.7355969483787947,0.27359268083998645,1.0,0.7665326337556582,0.1319265142083168,1.0,0.10524906620785997,0.0,0.7888348537522394,0.11376128929692346,0.0,0.09740386520688599,,,,,,,,,,,,,,,,,,,,,,,,,,,,,,,,,,,,
177,9.356063319525153e-06,9.356063319525153e-06,1.0,9.955334019016576,5.49301155193432,3.4259952016778894,3.4259952016778894,3.4904181312870337,0.0,0.0,0.3182863721976409,1.9334777110331767,0.10881868407532976,1.8169787058959137,0.08788125609626642,0.01907986423906845,0.0,1.3881703131907694,0.0,0.0,0.0,2.6472926010956637,15.153884552620553,4.5879693031311035,15.88896656036377,24.657424926757812,1.0017226934432983,0.5544023513793945,0.25,4.0,0.6238539218902588,0.41812434792518616,0.028011817485501696,0.000599080862238757,3.77981730248477,2.5636805022085034,0.32174486303261396,1.0,0.7652970069163555,0.13252517802489772,1.0,0.10594063171663799,0.0,0.7877299527864199,0.11416122861005165,0.0,0.09810881638849103,,,,,,,,,,,,,,,,,,,,,,,,,,,,,,,,,,,,
178,9.34846462306218e-06,9.34846462306218e-06,1.0,10.060154992180902,5.594902811823665,3.4265015060837203,3.4265015060837203,3.475276566840507,0.0,0.0,0.31817958000543956,1.9597231504079458,0.11042936830907255,1.7995687368753794,0.08806230238563306,0.018672812383974325,0.0,1.3985497178258122,0.0,0.0,0.0,2.628749235256298,15.95191357586835,4.742861747741699,16.8477783203125,25.790340423583984,1.0019282102584839,0.5486171841621399,0.25,4.0,0.6239404082298279,0.413611501455307,0.027385381332749755,0.00024619761461866724,3.9828608144779465,2.509950142857191,0.36981223804423036,1.0,0.7653676062016874,0.1325822587351541,1.0,0.1064748792229472,0.0,0.7881977928651346,0.11369356653980307,0.0,0.09810863133217837,,,,,,,,,,,,,,,,,,,,,,,,,,,,,,,,,,,,
179,9.340824655105955e-06,9.340824655105955e-06,1.0,10.08518935538627,5.637087783297977,3.419136414656768,3.419136414656768,3.4801735491366,0.0,0.0,0.3157868256440034,1.9385527436797683,0.109260385302273,1.7869309799091235,0.08388052397483103,0.017055370247092198,0.0,1.4110090861449371,0.0,0.0,0.0,2.594606383426769,15.951339644354743,4.742861747741699,16.71666717529297,25.941898345947266,1.0018945932388306,0.5604376196861267,0.25,4.0,0.6219473481178284,0.4162484407424927,0.029921216763322028,0.00035561877667140827,3.805148277733777,2.4967067080575065,0.34386086275080346,1.0,0.7623411690866625,0.13430541874589147,1.0,0.1076802466366742,0.0,0.7866273006877383,0.11443370983407304,0.0,0.0989389908877579,,,,,,,,,,,,,,,,,,,,,,,,,,,,,,,,,,,,
180,9.333143492590867e-06,9.333143492590867e-06,1.0,9.938532416884964,5.458946627539557,3.450209398527403,3.450209398527403,3.508629811776651,0.0,0.0,0.31649784220231547,1.931996174760767,0.10909569082227913,1.7923359419848468,0.08690602171259958,0.0179628189590231,0.0,1.3840823012429315,0.0,0.0,0.0,2.6084176656362175,16.289185188912057,4.756776809692383,17.21365737915039,26.401939392089844,1.0020685195922852,0.5580618977546692,0.25,4.0,0.6205677390098572,0.4133545756340027,0.030033373454426086,0.00031185031185031187,3.913101041639173,2.5890188636006535,0.3383715789469801,1.0,0.76027393985439,0.13526551022722916,1.0,0.10904343224860527,0.0,0.7845877586184321,0.11529360047063313,0.0,0.10011864211913701,121.09992498879905,183.09153641082187,0.3070243375873835,19.855103251698253,121.09992371169294,145.7778116129535,172.85863648531998,208.99174171631202,37.96839359828404,90.61615865544755,219.23745926566747,0.5182288994126616,0.5890505746312817,0.45674589261189347,0.3713759011109015,0.0,0.49013871450880114,0.6305732310551361,0.6576900148111264,0.7369057263737413,0.8484482063683998,0.9540507859733979,0.9862042431570848,0.3484482063683998,0.15405078597339783,0.036204243157084814,0.0016305741819647502,0.0,0.6373626373626373,0.3626373626373626,0.8315018315018315,1.3779911998209062,1.3029375323554973,1.2735249447626071,-7.991265773773193,0.00033834821078926325
181,9.325421212866142e-06,9.325421212866142e-06,1.0,10.135455801680282,5.704030629750845,3.405358952444953,3.405358952444953,3.4560787871077254,0.0,0.0,0.3160067305371568,1.91283812071826,0.10911917263591611,1.803321338988639,0.0833762606253495,0.016311107958490785,0.0,1.3956829857181858,0.0,0.0,0.0,2.5741576761812777,15.6853291021811,4.525670051574707,16.45749855041504,25.58963966369629,1.0018473863601685,0.5682976841926575,0.25,4.0,0.6204003095626831,0.4184328317642212,0.028512419301892987,0.0005799321588795273,3.291269408689963,2.4039185772071012,0.269607473985564,1.0,0.7601259640745215,0.1348873346641257,1.0,0.1094630259919811,0.0,0.7845936095392382,0.11486057353180808,0.0,0.10054581612348557,,,,,,,,,,,,,,,,,,,,,,,,,,,,,,,,,,,,
182,9.317657893695048e-06,9.317657893695048e-06,1.0,9.976021534687764,5.56558117995391,3.378319701632938,3.378319701632938,3.4198741204029806,0.0,0.0,0.31542008793031845,1.9455811429668117,0.10931174759123777,1.7950866931193583,0.08763455206880698,0.0190856507381525,0.0,1.3733150733483803,0.0,0.0,0.0,2.628144041911976,16.039766646720267,4.655670642852783,17.013113021850586,25.992616653442383,1.0020086765289307,0.5717971324920654,0.25,4.0,0.6167008876800537,0.41515621542930603,0.031466790677316996,0.0005525768683663421,3.6561684576240747,2.483156872762216,0.3208308365594644,1.0,0.7544611386350684,0.13820588387347557,1.0,0.1120851927915135,0.0,0.7804071194416767,0.11704255882147196,0.0,0.10255031871634561,,,,,,,,,,,,,,,,,,,,,,,,,,,,,,,,,,,,
183,9.309853613254126e-06,9.309853613254126e-06,1.0,10.631659198451686,6.21056773211505,3.3789369995529586,3.3789369995529586,3.4161762224661336,0.0,0.0,0.3174862974398845,1.9510662394600946,0.1089829585036716,1.847057435963605,0.08379457911124101,0.016060618067009223,0.0,1.3716387813155715,0.0,0.0,0.0,2.4940524648975684,16.561225994213206,4.8175506591796875,17.587482452392578,26.765382766723633,1.0017210245132446,0.5738734006881714,0.25,4.0,0.615385115146637,0.41609078645706177,0.02937684648210964,0.0006510559142138089,3.5400872053326786,2.355657765994201,0.33457634533812886,1.0,0.7526310795062298,0.13864731990002296,1.0,0.11278846255830817,0.0,0.7789464544605564,0.11765074145955008,0.0,0.10340280971817069,,,,,,,,,,,,,,,,,,,,,,,,,,,,,,,,,,,,
184,9.302008450132389e-06,9.302008450132389e-06,1.0,9.988836211127204,5.564932307681522,3.3966123542270146,3.3966123542270146,3.4451016735386206,0.0,0.0,0.3172631666466996,1.924714259199194,0.10810647502138808,1.8031181258124274,0.08491139949576275,0.015750442423882918,0.0,1.3492854930259086,0.0,0.0,0.0,2.6339999823956877,16.556820740570892,4.850595951080322,17.382583618164062,27.028043746948242,1.0023462772369385,0.5868047475814819,0.25,4.0,0.6122068166732788,0.4180477261543274,0.035860050333734544,0.0005224860488018383,3.0477568909928605,2.277976034460841,0.25257291971252005,1.0,0.7477299925443288,0.14174366238954905,1.0,0.11458283139241708,0.0,0.7756588990623886,0.1195523249539169,0.0,0.10478877235908766,,,,,,,,,,,,,,,,,,,,,,,,,,,,,,,,,,,,
185,9.294122483330547e-06,9.294122483330547e-06,1.0,10.132589572184795,5.657755825970624,3.444066369855726,3.444066369855726,3.5038138466912345,0.0,0.0,0.3169519192463643,1.9412117165488165,0.10822798150616723,1.80164444768751,0.08563737681991346,0.016165506635868066,0.0,1.3530744314193726,0.0,0.0,0.0,2.549360855205639,16.972833710747796,4.874338150024414,18.039758682250977,27.507347106933594,1.0021722316741943,0.5705496072769165,0.25,4.0,0.6134541034698486,0.4112383723258972,0.031986541197067515,0.0003036437246963563,3.392925368772971,2.3597445777944617,0.3045103203528913,1.0,0.7497103214263916,0.14018532472687797,1.0,0.11434057838207967,0.0,0.7762938431791357,0.11885262542479746,0.0,0.10485353723571107,105.89776686783675,154.4801642459423,0.280293295207285,-10.049719925765153,105.89776483725895,130.77820051956928,159.047852762603,195.80671433496428,35.56358936854771,81.34143909188204,185.46527829377547,0.517069690505956,0.5581784890099449,0.4476304211655792,0.3480105440024884,0.0,0.45103211939410315,0.5893616901358258,0.6240357527397474,0.7381437354486898,0.8531567183320509,0.9538126122164816,0.9850316954307281,0.35315671833205087,0.15381261221648157,0.03503169543072815,0.0011725477263566744,0.0,0.5439560439560439,0.45604395604395603,0.8287545787545787,1.2989494068609488,1.2317688874490968,1.2063110452759398,-7.99095344543457,0.0003384539159014821
186,9.286195792260194e-06,9.286195792260194e-06,1.0,9.962108792485418,5.523006091246733,3.4069839297114193,3.4069839297114193,3.464134789801933,0.0,0.0,0.31766158825642354,1.9337712461883958,0.10786683877577653,1.8134827484955658,0.08687857639145206,0.017126119362089683,0.0,1.3408453496726784,0.0,0.0,0.0,2.5649922667322933,17.42533405407055,4.989930152893066,18.539838790893555,28.2147159576416,1.0019950866699219,0.57663893699646,0.25,4.0,0.6125620007514954,0.41469481587409973,0.03291388554546449,0.0006100229784440311,3.9102565936140112,2.5039339323301575,0.3596497129064555,1.0,0.7485180996559762,0.1402743110382879,1.0,0.11482742066318924,0.0,0.7755194241936142,0.1189674147077509,0.0,0.10551315989043261,,,,,,,,,,,,,,,,,,,,,,,,,,,,,,,,,,,,
187,9.278228456743023e-06,9.278228456743023e-06,1.0,9.775893134039801,5.347580097817086,3.414416719127346,3.414416719127346,3.4552871923188904,0.0,0.0,0.3160007483250386,1.8972619353113949,0.10915908640300906,1.7672531379235756,0.08367818271791613,0.015777266445896915,0.0,1.3574287118138493,0.0,0.0,0.0,2.522007951865325,17.70159535794645,5.009459972381592,18.795053482055664,28.771202087402344,1.0020214319229126,0.5733546018600464,0.25,4.0,0.6136534810066223,0.41398775577545166,0.034278914542072436,0.0006510559142138089,3.611384032545863,2.42340988404042,0.3289525948498961,1.0,0.7501750797838778,0.1392572707421071,1.0,0.1145080160853025,0.0,0.7769174221399668,0.11813232040888555,0.0,0.10495025503474313,,,,,,,,,,,,,,,,,,,,,,,,,,,,,,,,,,,,
188,9.270220557010016e-06,9.270220557010016e-06,1.0,9.78947198713148,5.333246746578732,3.435354522756628,3.435354522756628,3.4933692249091894,0.0,0.0,0.3170372779304917,1.920094296738908,0.10813564787039885,1.7795427489925075,0.08375312921565932,0.017015620254332554,0.0,1.3436446286536552,0.0,0.0,0.0,2.572260730975383,18.198588500151764,5.203929901123047,19.429584503173828,29.39602279663086,1.0021297931671143,0.5689975023269653,0.25,4.0,0.6121049523353577,0.4099883735179901,0.03324488456067404,0.0002407265565160302,3.68848945965638,2.3205019485306098,0.3708801464904314,1.0,0.7478489521387461,0.14041382175039602,1.0,0.11578945473239229,0.0,0.7747615398587407,0.11910110993965252,0.0,0.10613735201391014,,,,,,,,,,,,,,,,,,,,,,,,,,,,,,,,,,,,
189,9.262172173700632e-06,9.262172173700632e-06,1.0,9.912548426035288,5.442230211721884,3.4542039213953792,3.4542039213953792,3.5159483213682434,0.0,0.0,0.31780751734166535,1.8981256549422805,0.10786095724717991,1.776582727561126,0.08370508374394597,0.016108403951433058,0.0,1.344277816849786,0.0,0.0,0.0,2.5184649067956046,18.361798776162637,5.133266448974609,19.581974029541016,29.800682067871094,1.002541422843933,0.5794584155082703,0.25,4.0,0.6114810705184937,0.41330742835998535,0.03796367217419849,0.0003911806543385491,3.5695161900004826,2.215421278734465,0.37934970432669046,1.0,0.7468458446296485,0.1411331388595942,1.0,0.11643457634223474,0.0,0.774574610027107,0.11898886372108718,0.0,0.10643651638482068,,,,,,,,,,,,,,,,,,,,,,,,,,,,,,,,,,,,
190,9.254083387862003e-06,9.254083387862003e-06,1.0,9.744024070533547,5.306380774523761,3.41041028177416,3.41041028177416,3.472485419866201,0.0,0.0,0.31642312053087596,1.9305056140229508,0.10712045330453564,1.7977602062998592,0.08763779075564565,0.017515634362762038,0.0,1.3241949500264347,0.0,0.0,0.0,2.670032201586543,18.485650758485537,5.188705921173096,19.620256423950195,30.151962280273438,1.0023536682128906,0.5866577625274658,0.25,4.0,0.6095007658004761,0.4175528585910797,0.038773388773388776,0.0006674690885217201,3.8978771374032304,2.648959834833403,0.32040961234654447,1.0,0.7439990800780218,0.1421270326182649,1.0,0.1177911933612179,0.0,0.7725177906654976,0.11989622261073138,0.0,0.10758598289779715,106.90754452380506,163.22804791636162,0.2670033910584041,-25.04545119568542,106.907543691642,129.23309753215293,156.08624431451344,192.0715435543232,19.31521715436663,79.33929561644561,197.5477706245754,0.489521921413908,0.5554872529197776,0.4574907021055587,0.36196639876571635,0.0,0.45222303137954023,0.5770214685113735,0.6053977399385849,0.7576860117511073,0.8537429921952292,0.9523835696749844,0.982136968231285,0.3537429921952292,0.15238356967498434,0.03213696823128509,0.001520647832618812,0.0,0.532967032967033,0.46703296703296704,0.8104395604395604,1.2708278113341593,1.2101785046058697,1.1880946305099425,-7.990673542022705,0.0003385486197657883
191,9.245954280948111e-06,9.245954280948111e-06,1.0,10.088920051987106,5.637393990078488,3.432795962771854,3.432795962771854,3.4964753421577246,0.0,0.0,0.3158637389943406,1.917241044946619,0.10776412446756621,1.77133500253832,0.08571561778316626,0.018012256688765577,0.0,1.3349371439701803,0.0,0.0,0.0,2.587133033855541,19.328822522550016,5.427107334136963,20.642330169677734,31.35308074951172,1.0021296739578247,0.5757505893707275,0.25,4.0,0.6115634441375732,0.4136646091938019,0.0340819564503775,0.00045409782251887515,3.4157205256255896,2.358633494054949,0.30947702648390263,1.0,0.7473647546123814,0.139297417692236,1.0,0.11676124805534208,0.0,0.7752526789098173,0.1179118835040041,0.0,0.10683544221762065,,,,,,,,,,,,,,,,,,,,,,,,,,,,,,,,,,,,
192,9.237784934818974e-06,9.237784934818974e-06,1.0,9.92797970127415,5.502549493635023,3.4004319229641475,3.4004319229641475,3.4507354401253365,0.0,0.0,0.31814761419554016,1.9191492505975671,0.10755675225644498,1.8050951538859188,0.0834217747119633,0.015323311851888493,0.0,1.3262120324212152,0.0,0.0,0.0,2.5105934465253674,19.43680613749736,5.437717437744141,20.68268585205078,31.59898567199707,1.0021697282791138,0.5946288108825684,0.25,4.0,0.6103772521018982,0.42157796025276184,0.03712112922639239,0.0008452784768574242,3.3593112471941353,2.3574163478773995,0.29824414160895885,1.0,0.7455736640337352,0.14029555505997426,1.0,0.11740806396748568,0.0,0.7750704932857204,0.11784021798017863,0.0,0.10708928732453166,,,,,,,,,,,,,,,,,,,,,,,,,,,,,,,,,,,,
193,9.229575431739816e-06,9.229575431739816e-06,1.0,10.040038727425241,5.542348165769835,3.4725216723777153,3.4725216723777153,3.5445451929762557,0.0,0.0,0.317391621099936,1.9225455007037602,0.10696326860704937,1.799488911757598,0.08433269256272831,0.016976763003480597,0.0,1.3331373124509245,0.0,0.0,0.0,2.545987970120198,19.09741453222326,5.2755656242370605,20.28264617919922,31.291902542114258,1.0022212266921997,0.5837138295173645,0.25,4.0,0.6107329726219177,0.4184601902961731,0.03710198052303315,0.0006045519203413941,3.5725811413816504,2.2634791506303324,0.36643030317431485,1.0,0.7462974883414604,0.13925884241187894,1.0,0.11694170534610748,0.0,0.7753172677916449,0.11763323460881775,0.0,0.10704949437766462,,,,,,,,,,,,,,,,,,,,,,,,,,,,,,,,,,,,
194,9.22132585438024e-06,9.22132585438024e-06,1.0,9.826113443116885,5.398783773989291,3.4109464464960872,3.4109464464960872,3.4742907704533756,0.0,0.0,0.31688177666148626,1.9056772895761438,0.1068659549629366,1.7856614203066439,0.08147285455787504,0.015351262333727366,0.0,1.318972391051215,0.0,0.0,0.0,2.6028518032383277,19.35834925883525,5.432409286499023,20.642330169677734,31.59898567199707,1.002462387084961,0.6021815538406372,0.25,4.0,0.6075870394706726,0.42455220222473145,0.042734434839698,0.0009382864646022541,3.2928660302548796,2.474914032059747,0.24840123791243954,1.0,0.7416299903714979,0.14145769581601425,1.0,0.1190937815888508,0.0,0.7725013091757491,0.11883610708488,0.0,0.10866258112159935,,,,,,,,,,,,,,,,,,,,,,,,,,,,,,,,,,,,
195,9.213036285813404e-06,9.213036285813404e-06,1.0,9.96250969654805,5.559194758131698,3.377903364800118,3.377903364800118,3.436819804681314,0.0,0.0,0.3158591325218613,1.9389462567664482,0.10746670373388238,1.7893732238460232,0.08569160707899041,0.017529384509937185,0.0,1.3119257688522339,0.0,0.0,0.0,2.635087386981861,19.7934651245942,5.550384044647217,21.29758644104004,32.03396987915039,1.00249183177948,0.5812302231788635,0.25,4.0,0.6078529953956604,0.41405126452445984,0.03897308239413502,0.00046230440967283073,3.506446757832089,2.4298240453810305,0.307040941102638,1.0,0.7419877809447211,0.14127852022647858,1.0,0.11960250763474284,0.0,0.7715871092435476,0.1191255957693667,0.0,0.1092872935775164,99.62980425488819,149.42387301035376,0.2557085353755495,-24.68423269083212,99.62980308794806,121.61625688866572,148.41315260151825,184.98489540884546,30.756099155970983,73.57049454090208,183.18995401133662,0.4433854729375739,0.5592159014868022,0.46350254757773124,0.36982025044463684,0.0,0.4550042314960844,0.5857375304440787,0.6192965704254678,0.7352502479315284,0.8569858195009343,0.954288959730314,0.9841522846359606,0.35698581950093433,0.15428895973031398,0.03415228463596065,0.0010259792605620901,0.0,0.521978021978022,0.47802197802197804,0.8782051282051283,1.22593596970642,1.1680397614017948,1.146597760964881,-7.990190029144287,0.00033871232881210744
196,9.204706809515164e-06,9.204706809515164e-06,1.0,9.868338791099754,5.444817929654508,3.403969951578089,3.403969951578089,3.4605662113911397,0.0,0.0,0.3166606555113921,1.9085279928671348,0.10741002293857368,1.7907605783359424,0.08615759115766834,0.016074549510596774,0.0,1.3026385887249097,0.0,0.0,0.0,2.6512190296843245,19.966873065845387,5.621297359466553,21.339223861694336,32.602046966552734,1.0017017126083374,0.5915399789810181,0.25,4.0,0.6048683524131775,0.4158792197704315,0.03963508042455411,0.0012474012474012475,3.9498824606070646,2.818887650161176,0.28633632056789454,1.0,0.737670007589701,0.14303180555234085,1.0,0.12100753087449719,0.0,0.7693508154637104,0.12031725894760441,0.0,0.11033192417911582,,,,,,,,,,,,,,,,,,,,,,,,,,,,,,,,,,,,
197,9.19633750936326e-06,9.19633750936326e-06,1.0,9.99499122516529,5.56312894821167,3.3908652034965723,3.3908652034965723,3.4599341186317236,0.0,0.0,0.31795143436741186,1.9706748111827954,0.10746067420050905,1.8335011005401611,0.08692202425083599,0.017230946004290034,0.0,1.2878862071681667,0.0,0.0,0.0,2.728975676201485,19.14396739650417,5.285880088806152,20.481689453125,31.230844497680664,1.0024205446243286,0.5876054763793945,0.25,4.0,0.6028638482093811,0.4098321199417114,0.03846974504869242,0.0004294780610570084,3.532742258664724,2.799900895840413,0.20744263497482102,1.0,0.734501796799737,0.14513946787731066,1.0,0.12294409222699501,0.0,0.7664270111032434,0.12171153341596191,0.0,0.11186145407122534,,,,,,,,,,,,,,,,,,,,,,,,,,,,,,,,,,,,
198,9.187928469636449e-06,9.187928469636449e-06,1.0,9.733053130072516,5.2844550931775895,3.4341883852675155,3.4341883852675155,3.5001410664738835,0.0,0.0,0.3172472852307397,1.8946807481147148,0.10728882957954665,1.7785619787267737,0.08491410798317678,0.01630991035002611,0.0,1.310098148681022,0.0,0.0,0.0,2.5276815923484595,19.220421713751715,5.219197750091553,20.481689453125,31.537328720092773,1.0019649267196655,0.5871066451072693,0.25,4.0,0.6046009659767151,0.4113938808441162,0.03502024291497976,0.0008945179997811577,3.687271214014775,2.5956774933918103,0.2960437834011173,1.0,0.7371800574096473,0.14342677653641314,1.0,0.12206546096382914,0.0,0.7684990377039522,0.12037687627850352,0.0,0.11112408682301238,,,,,,,,,,,,,,,,,,,,,,,,,,,,,,,,,,,,
199,9.179479775013668e-06,9.179479775013668e-06,1.0,9.886281168138659,5.416395677102579,3.4601135318343705,3.4601135318343705,3.536870022077818,0.0,0.0,0.31722305030436126,1.8899449528874577,0.10744978467354903,1.7671819409808598,0.08338379195413075,0.015453221553282158,0.0,1.2996026503073204,0.0,0.0,0.0,2.5556758126697026,19.544970280415303,5.3691205978393555,20.967397689819336,31.909082412719727,1.002158761024475,0.5881079435348511,0.25,4.0,0.6034871935844421,0.4106975793838501,0.03674636174636175,0.0005689900426742532,3.180312208227209,2.2760812930158667,0.2843214301011613,1.0,0.7355184103991534,0.14423430610347437,1.0,0.1228747891413199,0.0,0.7674693110826853,0.12081314381715413,0.0,0.11171753805231403,,,,,,,,,,,,,,,,,,,,,,,,,,,,,,,,,,,,
200,9.170991510573178e-06,9.170991510573178e-06,1.0,10.028716654390902,5.570174616736335,3.449672995386897,3.449672995386897,3.512843473537548,0.0,0.0,0.3161313421017415,1.8949873415199485,0.10878949008277945,1.7593391424900777,0.083738664416848,0.014153154302589796,0.0,1.3013380379290194,0.0,0.0,0.0,2.445721648834847,20.36838603664089,5.665386199951172,21.887977600097656,32.98634719848633,1.002036213874817,0.5777174830436707,0.25,4.0,0.6026602387428284,0.4034756124019623,0.03339260312944523,0.0004349491191596455,3.3724379579763153,2.145192264705091,0.36390460211984227,1.0,0.7344201690441853,0.14419284764979337,1.0,0.1237621891337472,0.0,0.7662066785064904,0.1209928324899158,0.0,0.11280048839949272,100.82058937994988,154.6698081134284,0.2671071481865112,5.957801776927906,100.82059079698745,126.10587853815969,152.85530174492646,190.73495091666766,39.393218994140625,78.17971642072811,173.6611155634341,0.4021622702619712,0.5852275148888886,0.47439005087098385,0.3914748117382466,0.0,0.48889765504324995,0.6151842410392518,0.6510881084748377,0.7326305782613073,0.8502070279579349,0.9553699021655491,0.9859843904583929,0.3502070279579349,0.15536990216554902,0.03598439045839297,0.0012091898428053204,0.0,0.6263736263736264,0.37362637362637363,0.8836996336996338,1.251086834040317,1.1906484918934959,1.1673896635299201,-7.990470886230469,0.0003386172465980053
201,9.162463761791707e-06,9.162463761791707e-06,1.0,9.715427115156844,5.3093343940941065,3.395396612785958,3.395396612785958,3.459419598450532,0.0,0.0,0.3155679300024703,1.8899480394414954,0.1070337945947776,1.7722322521982967,0.08511414399018159,0.017161908622428373,0.0,1.2928267749580178,0.0,0.0,0.0,2.599405868633373,19.497122996562236,5.249868869781494,20.92648696899414,31.971464157104492,1.0020085573196411,0.5950431823730469,0.25,4.0,0.601585865020752,0.41371601819992065,0.03813601050443156,0.001036765510449721,3.8470180195731087,2.9912540928737537,0.22244864004934306,1.0,0.7330907760439692,0.14389038367851362,1.0,0.12414557305542198,0.0,0.76570518274565,0.12090295512933989,0.0,0.11339185306349316,,,,,,,,,,,,,,,,,,,,,,,,,,,,,,,,,,,,
202,9.153896614543592e-06,9.153896614543592e-06,1.0,10.01747463844918,5.576319269231848,3.4161734516556197,3.4161734516556197,3.4801189126195133,0.0,0.0,0.3188010695818308,1.9339042934211526,0.10622261665962837,1.798578674728806,0.08482812999470814,0.014695988603036952,0.0,1.2768793686016187,0.0,0.0,0.0,2.6204724311828613,19.747184341018265,5.464334011077881,21.131847381591797,32.348331451416016,1.002425193786621,0.5867903828620911,0.25,4.0,0.5986570119857788,0.4050385653972626,0.03892931392931393,0.00044315570631360107,3.316564302186708,2.5484933659837052,0.2315863243467317,1.0,0.7285925004933331,0.14655562389541316,1.0,0.1263037448799288,0.0,0.7619097989958685,0.12292333611765423,0.0,0.11516685824136476,,,,,,,,,,,,,,,,,,,,,,,,,,,,,,,,,,,,
203,9.145290155099908e-06,9.145290155099908e-06,1.0,9.754743756474676,5.364093960942449,3.3766699223904997,3.3766699223904997,3.427564588752953,0.0,0.0,0.31558243487332316,1.9034907237903491,0.1059945644559087,1.7845275627600181,0.08385157776442734,0.016480724503462378,0.0,1.2717535689070418,0.0,0.0,0.0,2.646098923038792,20.303865226539404,5.523349285125732,21.802644729614258,33.31005859375,1.0022203922271729,0.5858386158943176,0.25,4.0,0.6015695333480835,0.40809839963912964,0.03785972207024839,0.0005635189845716161,3.3903345006543235,2.4435510647458,0.27925959392083505,1.0,0.7329675297479372,0.14421428176196846,1.0,0.12465777066913811,0.0,0.7651942597853171,0.12110687248610161,0.0,0.1136988705477199,,,,,,,,,,,,,,,,,,,,,,,,,,,,,,,,,,,,
204,9.136644470127611e-06,9.136644470127611e-06,1.0,9.84154409975619,5.402825265317349,3.4324410283887707,3.4324410283887707,3.5051634762738204,0.0,0.0,0.314651398239909,1.8931669608966724,0.10648665134165738,1.7565433979034424,0.08265913308069513,0.014505159858664548,0.0,1.2971222142915468,0.0,0.0,0.0,2.568076085399937,20.37145774428909,5.528745651245117,21.887977600097656,33.24506378173828,1.0023770332336426,0.5839857459068298,0.25,4.0,0.6025826334953308,0.4091224670410156,0.03903599956231535,0.0006455848561111719,3.211500598772152,2.3546389558830776,0.2668103637336007,1.0,0.7345510350691306,0.14311159502815557,1.0,0.12420049893694955,0.0,0.7671118201436223,0.11985913905743006,0.0,0.11302904059758058,,,,,,,,,,,,,,,,,,,,,,,,,,,,,,,,,,,,
205,9.127959646688646e-06,9.127959646688646e-06,1.0,9.893823159707559,5.4666439004846525,3.412972218281514,3.412972218281514,3.486583271542111,0.0,0.0,0.31711048773817113,1.8975786615062404,0.10735841115584245,1.7804214535532772,0.0852702698997549,0.01551233878283686,0.0,1.2870781937161007,0.0,0.0,0.0,2.5272656034778906,20.37301475937302,5.421809673309326,21.84526824951172,33.4404296875,1.0020326375961304,0.5959246158599854,0.25,4.0,0.6004541516304016,0.4120457172393799,0.037041798883904145,0.0012364591311959732,3.4111576636095307,2.3673436166466892,0.305999941925383,1.0,0.7314215995169975,0.14443092048168182,1.0,0.1258714688388077,0.0,0.7649181211316908,0.12069179157953004,0.0,0.11439009373252457,120.2941455421867,181.78354463906462,0.33823516147160776,59.43952688280043,120.29414707446807,141.56940254561405,167.62953314126642,205.20359198609881,56.777391706194194,98.81979562330616,190.18128502887228,0.43597499786660143,0.6167318266144795,0.47949832670002096,0.4303034579454535,0.0,0.5336231021967958,0.6803348889990726,0.7195724642591476,0.7371559136918282,0.8336997544978197,0.951962185335825,0.9873035066505441,0.33369975449781974,0.15196218533582495,0.03730350665054416,0.0012824740757026126,0.0,0.7527472527472527,0.24725274725274726,0.8992673992673994,1.3290205738701664,1.267483427465617,1.2428167878271459,-7.989943504333496,0.0003387958277016878
206,9.119235772239096e-06,9.119235772239096e-06,1.0,9.743006474262959,5.350797666085733,3.368943452835083,3.368943452835083,3.4301590210682638,0.0,0.0,0.31598999854680654,1.915540846618446,0.10468510034922007,1.8102424434713416,0.08703743062309317,0.01712718648785675,0.0,1.2711476989694543,0.0,0.0,0.0,2.6623076780422315,20.51670723992425,5.4750165939331055,21.930768966674805,33.90076446533203,1.0025173425674438,0.5996329188346863,0.25,4.0,0.5999495387077332,0.41423407196998596,0.0432952182952183,0.0007303862567020462,3.7726859853074357,2.7006903741810775,0.2841465245984424,1.0,0.7306726945413126,0.14479770350295143,1.0,0.1261569609915888,0.0,0.7646240060393875,0.12079134341832753,0.0,0.11458464953544978,,,,,,,,,,,,,,,,,,,,,,,,,,,,,,,,,,,,
207,9.110472934628274e-06,9.110472934628274e-06,1.0,9.66156544556489,5.241880623069969,3.4021972901112325,3.4021972901112325,3.472806047748875,0.0,0.0,0.3170616973090816,1.9100932591670268,0.10596894170786883,1.7890099061501992,0.08543006109224784,0.016344345772538234,0.0,1.2674508030350145,0.0,0.0,0.0,2.6066842723537134,21.08671863659008,5.632287502288818,22.671161651611328,34.569393157958984,1.0023393630981445,0.5983099341392517,0.25,4.0,0.5975112915039062,0.4105822443962097,0.04202319728635518,0.000776890250574461,3.9457264462032833,2.6575613279600403,0.3264709644234868,1.0,0.727046923057453,0.14641225458802404,1.0,0.1284012421965599,0.0,0.7617473247888926,0.12184688549589466,0.0,0.11640578931247866,,,,,,,,,,,,,,,,,,,,,,,,,,,,,,,,,,,,
208,9.10167122209786e-06,9.10167122209786e-06,1.0,9.723380423880911,5.288975921837059,3.4219667975966996,3.4219667975966996,3.490781171901806,0.0,0.0,0.3166637630076022,1.8949217796325684,0.10668927370696454,1.774520171655191,0.08854689620233872,0.018188555114524992,0.0,1.2509346588237866,0.0,0.0,0.0,2.5990732747155265,20.891043327950143,5.480365753173828,22.538713455200195,34.30037307739258,1.00189208984375,0.5812603831291199,0.25,4.0,0.5963747501373291,0.39961257576942444,0.03596947149578728,0.0009492285808075281,3.977627992630005,2.412126632961067,0.3935766146481259,1.0,0.7254315276403684,0.14667572524096514,1.0,0.13022328510477738,0.0,0.7585333360208047,0.12303170984661257,0.0,0.11843495473668382,,,,,,,,,,,,,,,,,,,,,,,,,,,,,,,,,,,,
209,9.092830723281e-06,9.092830723281e-06,1.0,9.761314804489547,5.3371748279880835,3.419277603561814,3.419277603561814,3.4920821318755277,0.0,0.0,0.31665874735729116,1.8872354578327488,0.10608523097392675,1.7649425880329028,0.08098632791960561,0.014612136811420724,0.0,1.2560806757694967,0.0,0.0,0.0,2.519900637703973,21.485159745087493,5.743374347686768,23.11831283569336,35.182430267333984,1.002120018005371,0.5904074311256409,0.25,4.0,0.5946504473686218,0.4031541049480438,0.040898894846263266,0.0012911697122223438,3.3049979322665446,2.32705948320595,0.2958968414209963,1.0,0.7229477537644876,0.14752334960409114,1.0,0.13158683378148722,0.0,0.7570281801997004,0.12341237108449678,0.0,0.1195594483130687,,,,,,,,,,,,,,,,,,,,,,,,,,,,,,,,,,,,
210,9.083951527201422e-06,9.083951527201422e-06,1.0,9.905481544700828,5.486084216349834,3.401749514244698,3.401749514244698,3.4600965590090365,0.0,0.0,0.31730759224376165,1.9062698725107554,0.10539041479697099,1.800554610587455,0.08618691342102515,0.016479592606727336,0.0,1.2304890896822955,0.0,0.0,0.0,2.6434102606129004,21.017052418476826,5.588456153869629,22.538713455200195,34.5019416809082,1.0020846128463745,0.5816971659660339,0.25,4.0,0.592749834060669,0.3980398178100586,0.03859010832695043,0.0009519641098588467,3.513170698204556,2.538917837916194,0.27731441025232983,1.0,0.7201188416094393,0.14890282500434565,1.0,0.13283368059106776,0.0,0.753554767853505,0.12534667913978165,0.0,0.12109855965182588,100.73260753757351,150.9462377521086,0.2577120968152992,-35.34932050600157,100.73260654857478,122.48001956461012,148.00176993652892,183.43550988869146,36.87910788399832,71.33802901866824,192.88206680961278,0.37297768352105565,0.5689649973650259,0.46656710289885384,0.37400411882285006,0.0,0.4677084563519257,0.5997680612814953,0.6389992493185555,0.7236404060345114,0.8586347147411234,0.9557729654464842,0.9859111062254956,0.3586347147411234,0.1557729654464841,0.03591110622549565,0.0010626213770107361,0.0,0.510989010989011,0.489010989010989,0.858974358974359,1.1860405393354185,1.1358321992741836,1.1190738235037405,-7.990695953369141,0.00033854105276986957
211,9.075033723272529e-06,9.075033723272529e-06,1.0,9.624206723393621,5.178226857571988,3.4382182456351615,3.4382182456351615,3.5111845763953955,0.0,0.0,0.3175435195098052,1.8877802185110144,0.10705073721505501,1.7683773846239657,0.08597427868359797,0.014758112261424193,0.0,1.2370545413043048,0.0,0.0,0.0,2.536114531594354,21.237242982194232,5.654331207275391,22.848976135253906,34.772544860839844,1.002698302268982,0.5770661234855652,0.25,4.0,0.5927411913871765,0.39340993762016296,0.04372743188532662,0.0005771966298282088,3.3037052492837646,2.190853205081579,0.3368496764181518,1.0,0.7200787760115959,0.1488600687400715,1.0,0.1335975785513182,0.0,0.753438459860312,0.12497674855026039,0.0,0.12158478977712425,,,,,,,,,,,,,,,,,,,,,,,,,,,,,,,,,,,,
212,9.066077401296507e-06,9.066077401296507e-06,1.0,9.751603899775324,5.306966897603628,3.44492304647291,3.44492304647291,3.5103002625542716,0.0,0.0,0.31863105860916346,1.8676785166199144,0.10526726253934808,1.7569543928713411,0.0815558952052851,0.013297329864439529,0.0,1.2434502904479567,0.0,0.0,0.0,2.471465616612821,21.443864358438027,5.70982027053833,22.98324966430664,35.25121307373047,1.0022516250610352,0.5961085557937622,0.25,4.0,0.591336190700531,0.40115413069725037,0.04244446876025824,0.0012145748987854252,3.249679184443242,2.146797151984395,0.3393818189003172,1.0,0.7180846977878261,0.1494727187060021,1.0,0.13447938476865356,0.0,0.7536111119631175,0.1244896561712832,0.0,0.12189923810797769,,,,,,,,,,,,,,,,,,,,,,,,,,,,,,,,,,,,
213,9.057082651463422e-06,9.057082651463422e-06,1.0,9.75436594679549,5.35763254681149,3.383843724792068,3.383843724792068,3.4414441649978227,0.0,0.0,0.31581359698965744,1.9060595551052608,0.10486179711045446,1.7832196789818842,0.08478551559351585,0.01632648771880446,0.0,1.2359817237467379,0.0,0.0,0.0,2.655516817763045,21.804528777663773,5.7940754890441895,23.482372283935547,35.94648361206055,1.002117395401001,0.582609236240387,0.25,4.0,0.5943006277084351,0.3997821509838104,0.03871594266331108,0.0009027245869351133,3.160210863963978,2.2700945944399447,0.28166356861628056,1.0,0.7227016993471094,0.14648437661093636,1.0,0.13236958875849442,0.0,0.7569156740162823,0.12279771671101854,0.0,0.12028660806449684,,,,,,,,,,,,,,,,,,,,,,,,,,,,,,,,,,,,
214,9.048049564350303e-06,9.048049564350303e-06,1.0,9.805711514240986,5.424014555441366,3.3671466853167558,3.3671466853167558,3.4169952353915654,0.0,0.0,0.3172557805035565,1.892681318360406,0.10605325449157406,1.784759469934412,0.08836064870293076,0.016094656082222592,0.0,1.2646855534733952,0.0,0.0,0.0,2.501654073998735,22.801349536792653,5.873835563659668,24.80232810974121,37.087547302246094,1.0020406246185303,0.5894607901573181,0.25,4.0,0.5996573567390442,0.40682274103164673,0.0367244775139512,0.0008562205930626983,3.7329508581677,2.442949696167095,0.3455714288812779,1.0,0.730894568804148,0.14160780286466754,1.0,0.12909102681520823,0.0,0.7647897633346351,0.11805518394386447,0.0,0.11715505171466518,,,,,,,,,,,,,,,,,,,,,,,,,,,,,,,,,,,,
215,9.038978230920239e-06,9.038978230920239e-06,1.0,9.666214324332572,5.28624202109672,3.3660170258702458,3.3660170258702458,3.4150587739171208,0.0,0.0,0.3159654615698634,1.9031602369772422,0.1055077668782827,1.786142507114926,0.08532124888655301,0.016189598830769193,0.0,1.2494477194708746,0.0,0.0,0.0,2.625093585736043,22.71661866677774,5.972164630889893,24.561296463012695,37.232704162597656,1.0022348165512085,0.5956810116767883,0.25,4.0,0.5959033370018005,0.40852242708206177,0.039030528504212715,0.0006948243790349054,3.528790174303828,2.5225255070505916,0.28515854373567445,1.0,0.7253496824084101,0.14423834029081706,1.0,0.13114016402412104,0.0,0.7606502658612019,0.12027485829752844,0.0,0.11907487785494006,101.17508416647439,155.17879055126102,0.2539413546728778,-29.265625461117253,101.17508630068781,125.87200987430234,151.36370776016534,187.5751340212026,32.930473872593474,72.33020738113758,192.4512010657269,0.3848137927766673,0.5673982324807969,0.4636991476742485,0.3656438246430041,0.0,0.4656655733744317,0.6017269071620934,0.6279145438728111,0.7281066689269677,0.8584881462753289,0.9546004177201275,0.9843171741599794,0.3584881462753289,0.15460041772012745,0.03431717415997948,0.0009343739694404749,0.0,0.5384615384615384,0.46153846153846156,0.8791208791208791,1.2209289563553674,1.1657216244346493,1.145835926244547,-7.990211486816406,0.00033870505285449326
216,9.029868742521454e-06,9.029868742521454e-06,1.0,9.771977940121213,5.384078592867465,3.3723526709788554,3.3723526709788554,3.433439016342163,0.0,0.0,0.3160111984691104,1.9051822391716209,0.10580642541518083,1.790490694948145,0.08632636412575438,0.015030381206825778,0.0,1.2481606167715948,0.0,0.0,0.0,2.5748571350767806,23.505447233045423,6.155726909637451,25.440135955810547,38.41459655761719,1.0022761821746826,0.5950890779495239,0.25,4.0,0.5971349477767944,0.4074416160583496,0.04098643177590546,0.0011489222015537805,3.7743353859798328,2.262622066446253,0.4005243744763644,1.0,0.7270856548000026,0.14360277878271566,1.0,0.13105664361973066,0.0,0.762046077766934,0.11942067903441352,0.0,0.11853324279591844,,,,,,,,,,,,,,,,,,,,,,,,,,,,,,,,,,,,
217,9.020721190886395e-06,9.020721190886395e-06,1.0,9.708240019308555,5.312683556530927,3.3773247035774023,3.3773247035774023,3.435045338965751,0.0,0.0,0.3181292479102676,1.9064833892358315,0.10412048206136033,1.802482559874251,0.08404247492954538,0.014985930470347002,0.0,1.253853169647423,0.0,0.0,0.0,2.5913199669605977,23.400763228132917,6.113790035247803,25.34095573425293,38.33964157104492,1.00321364402771,0.6044472455978394,0.25,4.0,0.5969212651252747,0.41228532791137695,0.05050060181639129,0.0009601706970128023,3.1947322568377934,2.1126102644044,0.3387207144252202,1.0,0.7265946655660063,0.1443774327635765,1.0,0.13174270113577713,0.0,0.762256383895874,0.11922500101295677,0.0,0.11851860884879087,,,,,,,,,,,,,,,,,,,,,,,,,,,,,,,,,,,,
218,9.011535668130808e-06,9.011535668130808e-06,1.0,9.835631215894544,5.434558262696138,3.381847098067,3.381847098067,3.42934614903218,0.0,0.0,0.3159849071824873,1.92390606854413,0.10495026006891921,1.7907037734985352,0.08580685104872729,0.016710504128069088,0.0,1.2481291004129358,0.0,0.0,0.0,2.6717246062046773,23.426925813829577,6.09590482711792,25.34095573425293,38.41459655761719,1.002614140510559,0.5919584035873413,0.25,4.0,0.5972654819488525,0.4074702560901642,0.0418782142466353,0.000979319400372032,3.5911926675487207,2.3735734530397363,0.3390570563121883,1.0,0.727381039310146,0.1430271569941495,1.0,0.13119612452951637,0.0,0.762102349384411,0.11918482748237816,0.0,0.1187128180990348,,,,,,,,,,,,,,,,,,,,,,,,,,,,,,,,,,,,
219,9.002312266752803e-06,9.002312266752803e-06,1.0,9.569398106755438,5.187697732770765,3.3733443827242464,3.3733443827242464,3.4204094216630265,0.0,0.0,0.31651443404120366,1.8891013087453068,0.10482129655979774,1.7737800108419883,0.08496001926628319,0.014418558167243327,0.0,1.2479548454284668,0.0,0.0,0.0,2.595044380909688,23.149134300850534,6.001396179199219,25.094688415527344,38.041282653808594,1.0024012327194214,0.6040019392967224,0.25,4.0,0.59544438123703,0.4121435284614563,0.0463234489550279,0.0012720210088631142,3.131285105202649,2.3284851940902502,0.2563803308036505,1.0,0.7248394038226154,0.14359886581833298,1.0,0.13251873750138926,0.0,0.7606052047497517,0.11942336708307266,0.0,0.11997143763142663,,,,,,,,,,,,,,,,,,,,,,,,,,,,,,,,,,,,
220,8.993051079631929e-06,8.993051079631929e-06,1.0,9.807330750130319,5.38794047123677,3.403452203080461,3.403452203080461,3.4604780416230896,0.0,0.0,0.31646933265634486,1.9086641943132556,0.10754737721101658,1.7902193166114189,0.08495071681367385,0.015893657414897067,0.0,1.246251805408581,0.0,0.0,0.0,2.553951891692909,23.423422272140915,5.95469331741333,25.440135955810547,38.41459655761719,1.0018340349197388,0.5949283838272095,0.25,4.0,0.5944337844848633,0.4077235460281372,0.039435386803807856,0.000932815406499617,3.917186019388405,2.7816796423615635,0.2898780837587411,1.0,0.7235018739829192,0.14362357677640142,1.0,0.13316506731349068,0.0,0.7587995432518624,0.12014178247065158,0.0,0.1210586690419429,95.0579352745643,144.7197801756301,0.238241994209637,-38.22790980077052,95.05793740161444,118.01539016014499,142.4878351608558,177.72620391733852,27.666878291538783,67.01962732714276,183.94226405931556,0.3788885579563919,0.5740998721601079,0.4765511136296039,0.38638020037641135,0.0,0.47209235892312423,0.6139112520829749,0.6407601309282833,0.7179641549285447,0.8614744787658936,0.9576233923271408,0.985654611410355,0.36147447876589356,0.15762339232714073,0.035654611410355086,0.0011359056099080284,0.0,0.5,0.5,0.8891941391941391,1.1553611183887,1.1077786746260885,1.0915022230410314,-7.988824844360352,0.0003391749341972172
221,8.983752200028242e-06,8.983752200028242e-06,1.0,9.862018894504857,5.4325289855132235,3.4090407732370736,3.4090407732370736,3.487974418176187,0.0,0.0,0.31709471103307363,1.9198253734691724,0.10557289643062127,1.7985452832402409,0.08800919807037792,0.01725817536557647,0.0,1.2215469592326396,0.0,0.0,0.0,2.604338027335502,23.841450149948532,6.107822895050049,25.992616653442383,39.019535064697266,1.0028750896453857,0.597770094871521,0.25,4.0,0.5912889838218689,0.4049396216869354,0.046170259328154065,0.0007796257796257797,4.358915920193131,2.5598887930045255,0.41272352119810923,1.0,0.7185400531098649,0.1469339277293231,1.0,0.13601800839643222,0.0,0.7541682059700424,0.12253221607691533,0.0,0.12329957634210587,,,,,,,,,,,,,,,,,,,,,,,,,,,,,,,,,,,,
222,8.974415721581351e-06,8.974415721581351e-06,1.0,9.901517429867306,5.472501832085687,3.419996229377953,3.419996229377953,3.4867338232091956,0.0,0.0,0.31819483798903386,1.903558892172736,0.10515631111087026,1.7697032206767314,0.08293265184840641,0.013875279915393205,0.0,1.2241221215273883,0.0,0.0,0.0,2.6516831050048,22.65818487631308,5.765853404998779,24.417802810668945,37.524723052978516,1.00333833694458,0.5962860584259033,0.25,4.0,0.5904859304428101,0.40208321809768677,0.0521856877120035,0.0008589561221140168,2.68592274350089,2.060791781625232,0.23274346344781627,1.0,0.7172087575938251,0.14805237505887006,1.0,0.13675233077358556,0.0,0.7535391401600193,0.12293957012730676,0.0,0.12352129555231817,,,,,,,,,,,,,,,,,,,,,,,,,,,,,,,,,,,,
223,8.965041738309492e-06,8.965041738309492e-06,1.0,9.73898712364403,5.325552785718763,3.409530968279452,3.409530968279452,3.471738003395699,0.0,0.0,0.31752433325793294,1.8754983173834312,0.10420266599268527,1.770311974190377,0.08436426480074187,0.01597037718857865,0.0,1.2196245902293437,0.0,0.0,0.0,2.552792139955469,23.049989597217458,5.828125,24.899402618408203,38.11565017700195,1.003068208694458,0.6044174432754517,0.25,4.0,0.5895349979400635,0.4058006703853607,0.05292975161396214,0.0013458802932487142,3.3474275864459373,2.2655275109651924,0.323203429362136,1.0,0.7159491181373596,0.14796067452108538,1.0,0.13790872491694786,0.0,0.7531552346977027,0.12248514491964031,0.0,0.12435962420863074,,,,,,,,,,,,,,,,,,,,,,,,,,,,,,,,,,,,
224,8.955630344608575e-06,8.955630344608575e-06,1.0,9.720904943105337,5.327037643741917,3.3848475121163033,3.3848475121163033,3.44465227384825,0.0,0.0,0.31672422225410873,1.9002993718997852,0.10497857368475683,1.7749866472708213,0.08398999807399672,0.01571914110005506,0.0,1.2149950620290395,0.0,0.0,0.0,2.5858232523943925,23.77704486331424,6.054375648498535,25.74001693725586,39.17226028442383,1.003042459487915,0.6027072668075562,0.25,4.0,0.5883424878120422,0.4018558859825134,0.048654119706751285,0.0009027245869351133,3.122376359797813,2.092056850323806,0.3299792820429644,1.0,0.714204598117519,0.14854391644129883,1.0,0.13938927167170756,0.0,0.7519522019334741,0.12252118337798763,0.0,0.12552660965436213,,,,,,,,,,,,,,,,,,,,,,,,,,,,,,,,,,,,
225,8.946181635251226e-06,8.946181635251226e-06,1.0,9.77849870114713,5.407365889162631,3.367712265736348,3.367712265736348,3.430564377758954,0.0,0.0,0.3154924713276528,1.8822968843820933,0.10531841882982769,1.7688858831250989,0.08487031457794679,0.014454617832057379,0.0,1.2060491555445902,0.0,0.0,0.0,2.6162851275624455,23.72653311652106,5.943074703216553,25.58963966369629,39.4024543762207,1.0030274391174316,0.6042560935020447,0.25,4.0,0.5892578959465027,0.40537571907043457,0.05179177152861363,0.0014142685195316774,3.086236333524859,2.1794883423560374,0.29380380929324507,1.0,0.7156882817680771,0.1473489766185348,1.0,0.1388497900318455,0.0,0.752926678270907,0.12186115476730708,0.0,0.1252121723986961,94.46290923736908,149.72976490681052,0.23112603433801124,-43.19153511131203,94.46291150780607,118.2958804591428,144.80492929659854,181.033109426882,35.63902064732143,62.81676962209303,192.16115337869397,0.3107110045742306,0.565900133782685,0.4714835662642172,0.3769097712363868,0.0,0.4606661771589026,0.6058183582407989,0.6343900230665372,0.725378719385729,0.8601553625737423,0.9563225971932139,0.9840790004030633,0.36015536257374225,0.15632259719321384,0.03407900040306333,0.0009160529112161519,0.0,0.521978021978022,0.47802197802197804,0.9029304029304029,1.1778932863866889,1.1304926495630663,1.1137108435997596,-7.988898754119873,0.00033914990490302444
226,8.936695705385847e-06,8.936695705385847e-06,1.0,9.64345241237331,5.265848597964725,3.3744745318954057,3.3744745318954057,3.4378377811328784,0.0,0.0,0.31617824692983887,1.877651320921408,0.10564985730358072,1.7666911498920337,0.08473950624465942,0.014837074773134413,0.0,1.2202284754933537,0.0,0.0,0.0,2.524471788792997,24.29859975866369,6.083430290222168,26.401939392089844,39.94485855102539,1.0029889345169067,0.6108781695365906,0.25,4.0,0.5907411575317383,0.4093170166015625,0.04870883028777766,0.0012884341831710252,3.0637024351068445,2.112416193291948,0.3105021659134208,1.0,0.7181553937293388,0.1452288176562335,1.0,0.13758288243332426,0.0,0.7559783652022078,0.11991136420417477,0.0,0.12411027603052757,,,,,,,,,,,,,,,,,,,,,,,,,,,,,,,,,,,,
227,8.927172650535642e-06,8.927172650535642e-06,1.0,9.877997295276538,5.442547514631942,3.434325617712897,3.434325617712897,3.501212352030986,0.0,0.0,0.31697954036094045,1.8769821798479236,0.10647869532978213,1.7524248587118614,0.08487546111683587,0.016231818382653432,0.0,1.2246534759933885,0.0,0.0,0.0,2.547317665976447,25.09952447221086,6.307862758636475,27.40010643005371,41.13242721557617,1.002781867980957,0.5974366068840027,0.25,4.0,0.5910813808441162,0.4019749164581299,0.04602254075938286,0.001047707626654995,3.326314222973746,2.228903609353143,0.3299179031376991,1.0,0.7186153047793621,0.14498154617644646,1.0,0.1382756853425825,0.0,0.7558700184564333,0.11969502169538189,0.0,0.12443496166048823,,,,,,,,,,,,,,,,,,,,,,,,,,,,,,,,,,,,
228,8.917612566597672e-06,8.917612566597672e-06,1.0,9.524101540849015,5.131185724928573,3.3925090158307873,3.3925090158307873,3.472764614466074,0.0,0.0,0.3164777183854902,1.8752298870602169,0.1043769485644392,1.7628412826641187,0.08487651909928064,0.013322574665417542,0.0,1.1935834691331193,0.0,0.0,0.0,2.574977742659079,25.496252936285895,6.565547943115234,27.668996810913086,41.86185073852539,1.0025686025619507,0.6090700626373291,0.25,4.0,0.5853800773620605,0.40158993005752563,0.04757905678958311,0.0013376737060947588,2.9285208776190474,2.0720604013752295,0.29245496687055866,1.0,0.7100614937576087,0.1493705027812236,1.0,0.14218412843104955,0.0,0.7495144460652325,0.12290674911157505,0.0,0.12757881489154455,,,,,,,,,,,,,,,,,,,,,,,,,,,,,,,,,,,,
229,8.908015549841876e-06,8.908015549841876e-06,1.0,9.75029641228753,5.3715997773247794,3.372227481893591,3.372227481893591,3.4173149095999227,0.0,0.0,0.31763672828674316,1.8825202729250934,0.10563722796536781,1.7807362917307261,0.08401030553756533,0.01356955710798502,0.0,1.2079011072983612,0.0,0.0,0.0,2.5333905284469194,25.6956411825644,6.413456916809082,27.94052505493164,42.190181732177734,1.0030128955841064,0.6092168688774109,0.25,4.0,0.587678074836731,0.4049203097820282,0.050216106795054165,0.0011297734981945509,2.900094459185729,2.054242138121579,0.2916637140507635,1.0,0.7135401948078258,0.1473503749112825,1.0,0.14115098682609764,0.0,0.7523502771918839,0.12108972064546637,0.0,0.1265599987394101,,,,,,,,,,,,,,,,,,,,,,,,,,,,,,,,,,,,
230,8.898381696910102e-06,8.898381696910102e-06,1.0,9.797491125158361,5.427291947442132,3.361213355451017,3.361213355451017,3.4288708712603593,0.0,0.0,0.31677710607245163,1.8867911293699935,0.10323566862860241,1.7893365847097862,0.08561754830785699,0.015049641278597552,0.0,1.199637947855769,0.0,0.0,0.0,2.5777670789409326,25.737723067000104,6.338738441467285,27.77728843688965,42.604209899902344,1.0028003454208374,0.6200445294380188,0.25,4.0,0.5868028998374939,0.40859749913215637,0.04840792209213262,0.0012747565379144326,3.4085607206499255,2.2568257628260433,0.33789480435140257,1.0,0.712315830024513,0.1477242051749616,1.0,0.14139086853813482,0.0,0.7524259380392126,0.12088901408620782,0.0,0.12668505069371816,96.33036785335331,155.83816016027382,0.22793380997379045,-55.912524611085324,96.33036686122512,118.95242141543271,144.1755325596959,180.08399574783468,30.458322252546036,62.49858998143396,201.23044752038044,0.2828100382874265,0.5589357493468221,0.4677176865923121,0.3713709365955363,0.0,0.4544371908752991,0.5963270496178041,0.636867197355391,0.7294628463779453,0.8593309149536478,0.9547103440694734,0.9834011212487633,0.3593309149536478,0.15471034406947337,0.03340112124876338,0.0009160529112161519,0.0,0.45054945054945056,0.5494505494505495,0.9001831501831502,1.1519669266519965,1.1107993794011546,1.0974759037023063,-7.988572597503662,0.00033926049945876
231,8.888711104815145e-06,8.888711104815145e-06,1.0,9.699446239986935,5.309738932429133,3.3837245348337532,3.3837245348337532,3.4551919988683752,0.0,0.0,0.3166791788629583,1.8799955458254427,0.10481785841890283,1.7861272289946273,0.08307603223098291,0.014255889011798677,0.0,1.20520809856621,0.0,0.0,0.0,2.541206569285006,26.17967012766245,6.40719747543335,28.547304153442383,43.022308349609375,1.0024006366729736,0.6201578974723816,0.25,4.0,0.5878431797027588,0.40952274203300476,0.04859393806762228,0.0016714082503556187,3.1893175598737358,2.132570919152853,0.33133942320962206,1.0,0.7140587391080083,0.14619432067548907,1.0,0.14045297495416692,0.0,0.7546381515425604,0.119537330157048,0.0,0.12582452293183352,,,,,,,,,,,,,,,,,,,,,,,,,,,,,,,,,,,,
232,8.879003870939762e-06,8.879003870939762e-06,1.0,9.60950129740947,5.220382368242419,3.389117331118197,3.389117331118197,3.447276141192462,0.0,0.0,0.31585883127676473,1.8683675720884994,0.1026415770521035,1.7681712975373138,0.08405499059606243,0.014117839198710548,0.0,1.2070986129142143,0.0,0.0,0.0,2.6042327075391203,25.850300814654375,6.332551002502441,27.94052505493164,43.022308349609375,1.0034481287002563,0.6266538500785828,0.25,4.0,0.5877739191055298,0.4140739142894745,0.05715340846919794,0.001600284495021337,2.8637789036776566,2.234745959977846,0.21965136445834155,1.0,0.7137569205181019,0.14707945971875577,1.0,0.14056202447092211,0.0,0.754490497949961,0.11999905552413012,0.0,0.12551044874094627,,,,,,,,,,,,,,,,,,,,,,,,,,,,,,,,,,,,
233,8.869260093035687e-06,8.869260093035687e-06,1.0,9.656872646228686,5.271948762842126,3.3793180890985437,3.3793180890985437,3.444234100547997,0.0,0.0,0.3168860472537376,1.885965953002105,0.1046605726351609,1.7746626654186763,0.08630886905499406,0.016734144902108488,0.0,1.1781275658994108,0.0,0.0,0.0,2.686931816307274,25.711941435530377,6.289409637451172,27.72308921813965,42.93836212158203,1.003234624862671,0.6220136284828186,0.25,4.0,0.5839254856109619,0.4074617922306061,0.05528504212714739,0.001739796476638582,3.5770696788220793,2.3447957473832206,0.34449257131738165,1.0,0.7079039506010107,0.150349997185372,1.0,0.14333532146505407,0.0,0.7491576719928432,0.12284732932174527,0.0,0.12799499465807065,,,,,,,,,,,,,,,,,,,,,,,,,,,,,,,,,,,,
234,8.859479869222656e-06,8.859479869222656e-06,1.0,9.689336570533547,5.3265839782921045,3.3563718860213823,3.3563718860213823,3.4248873543094946,0.0,0.0,0.3153738733884451,1.885891443974263,0.10301447861097954,1.7754780762904399,0.08759491669165122,0.017978422821977653,0.0,1.1924846784488574,0.0,0.0,0.0,2.644671137268479,25.555244394250817,6.222209453582764,27.45367431640625,42.85457992553711,1.0033379793167114,0.62367844581604,0.25,4.0,0.5863773822784424,0.4122176766395569,0.057446110077689023,0.0017671517671517672,4.128442883491516,2.4458293270420386,0.40756614634969923,1.0,0.711627903822306,0.14839011148826495,1.0,0.14110204859359846,0.0,0.7526754511369241,0.12120748693878586,0.0,0.12611705890378436,,,,,,,,,,,,,,,,,,,,,,,,,,,,,,,,,,,,
235,8.849663297987415e-06,8.849663297987415e-06,1.0,9.623076722428605,5.292879929413667,3.3156463777696765,3.3156463777696765,3.3636256553031303,0.0,0.0,0.31453535041293584,1.905321768812231,0.10337782389408834,1.8063869411880906,0.08549801582420194,0.01687046921988194,0.0,1.1864775064829234,0.0,0.0,0.0,2.625265466200339,26.179912515588708,6.363547325134277,28.380523681640625,43.529441833496094,1.0037360191345215,0.6252299547195435,0.25,4.0,0.5846461653709412,0.41001492738723755,0.058890469416785204,0.0014525659262501368,3.813648900470218,2.3565040875125574,0.38208677594258783,1.0,0.7089466645910933,0.1498867382068892,1.0,0.1431786458234529,0.0,0.7503099280434686,0.12207658870800121,0.0,0.12761347378427917,95.5657938862895,146.7956684090429,0.2536226018797634,0.7498403695913461,95.56579551500545,118.37405810623714,144.25220763868043,185.02049622077018,38.13596888950893,74.9987757483194,161.98218768575916,0.32973539843882177,0.5746156061269204,0.47189401424082583,0.383045320722252,0.0,0.474701001391961,0.6170591723240573,0.6457395143408473,0.7235503019763356,0.8525154812941995,0.9546553808948005,0.9860759957495145,0.3525154812941995,0.15465538089480046,0.03607599574951459,0.000494668572056722,0.0,0.6208791208791209,0.3791208791208791,0.9184981684981686,1.1854157826075187,1.1356607300567103,1.117211829830002,-7.9875311851501465,0.00033961396547965705
236,8.839810478182728e-06,8.839810478182728e-06,1.0,9.737887021657583,5.356028659923656,3.3838607749423466,3.3838607749423466,3.4554937916833,0.0,0.0,0.3164754397160298,1.8622161923228084,0.10236332625956149,1.7671085982709318,0.0837447571794729,0.015389777109580668,0.0,1.1895587702055235,0.0,0.0,0.0,2.5760118316959693,25.445588807801943,6.0190043449401855,27.40010643005371,42.521080017089844,1.003238558769226,0.6196304559707642,0.25,4.0,0.5848548412322998,0.4072764813899994,0.05970565707407813,0.0017589451799978116,3.084789996211593,2.267042614318229,0.265090130251211,1.0,0.7093809488657359,0.14906286830837662,1.0,0.14370227222507065,0.0,0.7504589009929348,0.12160389588491337,0.0,0.1279372055385564,,,,,,,,,,,,,,,,,,,,,,,,,,,,,,,,,,,,
237,8.829921509026378e-06,8.829921509026378e-06,1.0,9.66432200251399,5.303784202884984,3.3493977366267025,3.3493977366267025,3.411025163289663,0.0,0.0,0.31633011392644933,1.9005359604551986,0.10411291650018177,1.7963748493710079,0.08473744666254199,0.016315317442137246,0.0,1.1673106454514168,0.0,0.0,0.0,2.641374394700334,25.740368817303633,6.155726909637451,27.668996810913086,43.022308349609375,1.0034927129745483,0.6303743124008179,0.25,4.0,0.5789461135864258,0.4061984717845917,0.058657949447423134,0.0015510449720976037,3.4932912120947965,2.343447255121695,0.3291577733319241,1.0,0.7006289975063221,0.15311376267188304,1.0,0.1478234122733812,0.0,0.7432772146688925,0.12484451242395349,0.0,0.13187826827571197,,,,,,,,,,,,,,,,,,,,,,,,,,,,,,,,,,,,
238,8.819996490100178e-06,8.819996490100178e-06,1.0,9.715284244434253,5.294082796251452,3.431196251431027,3.431196251431027,3.5011842444136336,0.0,0.0,0.31718361699903336,1.830866333600637,0.10354084964539553,1.7571555376052856,0.0847057833059414,0.016515639226732624,0.0,1.1724922463700578,0.0,0.0,0.0,2.439530872009896,26.17592971389358,6.137718677520752,28.2147159576416,43.78524398803711,1.0019309520721436,0.6190919876098633,0.25,4.0,0.5820053815841675,0.406208872795105,0.0503993872414925,0.0025604551920341396,3.9508434791822693,2.150223926917927,0.455755729568165,1.0,0.7056771919534013,0.14881861129322568,1.0,0.14564449843522664,0.0,0.7460688175381841,0.12278774340410491,0.0,0.1311434320098645,,,,,,,,,,,,,,,,,,,,,,,,,,,,,,,,,,,,
239,8.810035521348958e-06,8.810035521348958e-06,1.0,9.553361763825288,5.1802923486039445,3.36975638930862,3.36975638930862,3.4417564417864823,0.0,0.0,0.31647343410027995,1.8862077577694043,0.10427521753150064,1.7745172107541882,0.08458329928485123,0.014842377063138661,0.0,1.1597144249323252,0.0,0.0,0.0,2.5958327570477047,26.84331043346508,6.565547943115234,29.05354881286621,44.648826599121094,1.003639817237854,0.6233853697776794,0.25,4.0,0.5776640772819519,0.4021148085594177,0.060572819783346096,0.001698763540868804,3.3298846080496505,2.121412927234495,0.36291698453868365,1.0,0.69896814307651,0.1528366151693705,1.0,0.1493591360143713,0.0,0.741549234132509,0.12498825506584064,0.0,0.13346251120438446,,,,,,,,,,,,,,,,,,,,,,,,,,,,,,,,,,,,
240,8.80003870307956e-06,8.80003870307956e-06,1.0,9.638257799921808,5.239812309677537,3.400144899213636,3.400144899213636,3.4742424939129806,0.0,0.0,0.3169428601458266,1.8631553682121071,0.10354590778415268,1.7693060153239482,0.08462068790922293,0.015092153592991668,0.0,1.1681585311889648,0.0,0.0,0.0,2.510162134428282,27.275672397098027,6.539951324462891,29.74253273010254,45.26345443725586,1.0035392045974731,0.6217777132987976,0.25,4.0,0.5783646106719971,0.4017554223537445,0.05980413611992559,0.0013075828865302549,3.297601902807081,2.056773947702872,0.37628191385016946,1.0,0.700035124211698,0.152142509415343,1.0,0.14927725010627024,0.0,0.7418580909033079,0.12461891226671837,0.0,0.1335230034750861,93.680968274127,144.65170203569102,0.2589645678528598,4.783874469799,93.68096751998371,117.7462291830519,142.93926335567522,181.97002276146125,34.399121965680806,77.8792531213095,147.01562433657438,0.3787743394568284,0.5816021983844649,0.47841890026951633,0.39606061773188866,0.0,0.4841085302100758,0.6309293244255896,0.6655920807513209,0.721094884656106,0.8549888241544832,0.9558645707376058,0.9861859220988605,0.3549888241544832,0.15586457073760573,0.03618592209886051,0.0006778791542999524,0.0,0.6263736263736264,0.37362637362637363,0.933150183150183,1.1774932504682751,1.1293727793208845,1.111379501583812,-7.9870195388793945,0.0003397877444513142
241,8.790006135959837e-06,8.790006135959837e-06,1.0,9.541071118535223,5.187051386446567,3.349213458396293,3.349213458396293,3.409166181409681,0.0,0.0,0.3157970808647774,1.8853651349608962,0.1042681028311317,1.7763922440039146,0.08612442812001384,0.01732508362447088,0.0,1.1693704096046653,0.0,0.0,0.0,2.6173232632714347,27.51634659638276,6.578383922576904,29.91731834411621,45.7970085144043,1.0039279460906982,0.6336237788200378,0.25,4.0,0.5792302489280701,0.40751343965530396,0.06383904147062042,0.0017370609475872633,3.7456403640476434,2.210647349422042,0.4098079007688942,1.0,0.7012747348965825,0.15175441672673096,1.0,0.14856346757025332,0.0,0.7445908349913519,0.12323013572274027,0.0,0.13217903311188156,,,,,,,,,,,,,,,,,,,,,,,,,,,,,,,,,,,,
242,8.779937921017624e-06,8.779937921017624e-06,1.0,9.673222928433805,5.2573772636619776,3.419930973568478,3.419930973568478,3.499430224702165,0.0,0.0,0.31558593543800145,1.8554555338782233,0.10398200395944956,1.763011075354911,0.0836117783108273,0.016099333794586158,0.0,1.1961884240846377,0.0,0.0,0.0,2.552602809828681,27.511372128048457,6.425995826721191,29.858943939208984,45.88654327392578,1.0037658214569092,0.6366196870803833,0.25,4.0,0.5867190361022949,0.42009028792381287,0.06345333187438451,0.0021446547762337237,3.253894752747304,2.13809868129524,0.3429109286678628,1.0,0.7126508838421589,0.14547213388455882,1.0,0.1430472050969665,0.0,0.7547448503004538,0.11801264817650253,0.0,0.12724249769706983,,,,,,,,,,,,,,,,,,,,,,,,,,,,,,,,,,,,
243,8.769834159639737e-06,8.769834159639737e-06,1.0,9.771551544601852,5.412750269915606,3.356182233707325,3.356182233707325,3.408023975990914,0.0,0.0,0.3158525228500366,1.8749973773956299,0.10224815015051816,1.7811484755696476,0.08396509038032712,0.017374209770177666,0.0,1.1730045756778202,0.0,0.0,0.0,2.5995793084840515,27.632420359431087,6.571962833404541,29.858943939208984,46.24643325805664,1.003818154335022,0.638567328453064,0.25,4.0,0.579916775226593,0.41452649235725403,0.0643970893970894,0.002079002079002079,4.194382305080826,2.430875892574723,0.42044484365907614,1.0,0.7025412820480965,0.15029771585722226,1.0,0.14771451780924927,0.0,0.7458516697625857,0.12239526433719171,0.0,0.13175306348381816,,,,,,,,,,,,,,,,,,,,,,,,,,,,,,,,,,,,
244,8.759694953570939e-06,8.759694953570939e-06,1.0,9.601509145788244,5.218891092248865,3.3871831313983813,3.3871831313983813,3.467683012421067,0.0,0.0,0.31709543837083354,1.8476278717453416,0.10368518752826227,1.7708230018615723,0.08501272930486782,0.016164621042490408,0.0,1.1579513453148507,0.0,0.0,0.0,2.531060470117105,28.22700340683396,6.688506603240967,30.626787185668945,47.06654739379883,1.0034161806106567,0.6317524313926697,0.25,4.0,0.5768947601318359,0.406279593706131,0.0642630484735748,0.0019476966845387899,3.530024663822071,2.2220716444221704,0.3705223458647844,1.0,0.6981848768285803,0.151764098051432,1.0,0.15025253755015297,0.0,0.7423408772494342,0.12352699927381568,0.0,0.13413212065761154,,,,,,,,,,,,,,,,,,,,,,,,,,,,,,,,,,,,
245,8.749520404912924e-06,8.749520404912924e-06,1.0,9.755031894993138,5.353266252053751,3.405868949116887,3.405868949116887,3.4689502200564823,0.0,0.0,0.3174915378158157,1.8612318425565153,0.10394314716796617,1.762594274572424,0.08280252977400213,0.01477696352663475,0.0,1.1674673138438045,0.0,0.0,0.0,2.5344575579101973,28.42543230830012,6.688506603240967,31.04838752746582,47.343135833740234,1.0036425590515137,0.6290324330329895,0.25,4.0,0.5792226195335388,0.40843886137008667,0.06276944961155488,0.0015510449720976037,3.1149171043086694,2.0239214574968494,0.3502486937141005,1.0,0.7018549458400624,0.14923289257126884,1.0,0.1485701747037269,0.0,0.7452841401100159,0.12180742339507954,0.0,0.13290843266893076,90.50580892458066,137.2363293568254,0.23316312256853444,-1.9564371842604418,90.50580906379912,112.7276430947236,140.49838356009715,180.01900929429286,31.069989340645925,67.98751742340798,162.69951198412025,0.41911690232853877,0.594353123396497,0.48108502472471937,0.3953170824617447,0.0,0.4939344885538015,0.6331556786321227,0.6628750889910409,0.7119488823529777,0.8575354512476641,0.9585944084130299,0.9868638012531604,0.35753545124766406,0.15859440841302985,0.036863801253160466,0.0007328423289729214,0.0,0.6098901098901099,0.3901098901098901,0.9130036630036631,1.1651133942407566,1.1153039966638272,1.0975170969799324,-7.9886674880981445,0.00033922833972610533
246,8.739310616123284e-06,8.739310616123284e-06,1.0,9.6107769270201,5.21591549950677,3.393294192649223,3.393294192649223,3.4643740267366976,0.0,0.0,0.31651101563427897,1.8666907999966595,0.10357581038732787,1.7714424938768953,0.08779062854277121,0.018878230189501837,0.0,1.1720079860171757,0.0,0.0,0.0,2.627444956753705,27.880263045027448,6.3263702392578125,30.21091079711914,46.883052825927734,1.0039573907852173,0.6329506635665894,0.25,4.0,0.5804898142814636,0.4121406376361847,0.06506455848561112,0.0017206477732793523,3.6209595694735244,2.5525381234852045,0.2950658314430351,1.0,0.7038289228001157,0.14794652586853183,1.0,0.14770065529926404,0.0,0.7470959876034711,0.12073692840498847,0.0,0.132167086609312,,,,,,,,,,,,,,,,,,,,,,,,,,,,,,,,,,,,
247,8.729065690014477e-06,8.729065690014477e-06,1.0,9.583342036685428,5.22068656457437,3.3642976155152193,3.3642976155152193,3.422932347735843,0.0,0.0,0.31595880598635284,1.8617428702277106,0.10266938382709348,1.7734469594182194,0.08500640527219386,0.017926685864458215,0.0,1.157631423022296,0.0,0.0,0.0,2.58987367475355,28.638239937859613,6.501743316650391,30.92734146118164,48.27689743041992,1.0033485889434814,0.6327111124992371,0.25,4.0,0.578537106513977,0.4096408486366272,0.061330561330561334,0.00218842324105482,4.050500112610894,2.43800641072763,0.3980974341570563,1.0,0.7010009755959382,0.148957087381466,1.0,0.14930921390249924,0.0,0.744510376775587,0.12165430429819468,0.0,0.13383531812075022,,,,,,,,,,,,,,,,,,,,,,,,,,,,,,,,,,,,
248,8.718785729752798e-06,8.718785729752798e-06,1.0,9.583692138259476,5.264354564048149,3.327446460723877,3.327446460723877,3.3881774850793787,0.0,0.0,0.3140682481430672,1.845813554686469,0.10311160518510921,1.7602253797891978,0.08623372743258605,0.01717797651056301,0.0,1.152891676168184,0.0,0.0,0.0,2.6025708656053284,29.576419984972155,6.688506603240967,32.22222137451172,49.61518478393555,1.0033212900161743,0.628328800201416,0.25,4.0,0.5792081952095032,0.4085809886455536,0.06188860925703031,0.001682350366560893,4.151077043365788,2.574611906264279,0.3797725555638628,1.0,0.7020584377082618,0.14815468683436112,1.0,0.14916658482036074,0.0,0.7451371035060367,0.12120585566436923,0.0,0.13365704385009972,,,,,,,,,,,,,,,,,,,,,,,,,,,,,,,,,,,,
249,8.70847083885733e-06,8.70847083885733e-06,1.0,9.688298508927629,5.3272812302048145,3.3629855271932243,3.3629855271932243,3.4251572441410376,0.0,0.0,0.3163743518494271,1.86619872338063,0.10464435392940366,1.765326715804435,0.08558045065886266,0.015740352280035213,0.0,1.1584744775617444,0.0,0.0,0.0,2.5436378169704126,29.85839199375462,6.760743618011475,32.602046966552734,49.9067497253418,1.0037410259246826,0.6355116963386536,0.25,4.0,0.5760450959205627,0.40555623173713684,0.06037312616259985,0.0014580369843527738,3.6414155331817835,2.317957705742604,0.3634459773622081,1.0,0.6972127508472752,0.15088511721507922,1.0,0.15193932080591047,0.0,0.742063175987553,0.12240287560868908,0.0,0.13553394095317736,,,,,,,,,,,,,,,,,,,,,,,,,,,,,,,,,,,,
250,8.698121121198912e-06,8.698121121198912e-06,1.0,9.631595379597432,5.2729787955413,3.3684984477790625,3.3684984477790625,3.4415011083757556,0.0,0.0,0.31622843404073975,1.84360062753832,0.10324113816022873,1.7549151536580678,0.08473328259345647,0.014173164233766697,0.0,1.1496786652384579,0.0,0.0,0.0,2.473777925645983,30.403155352618242,6.934600830078125,33.18019485473633,50.69266891479492,1.0036283731460571,0.6329526901245117,0.25,4.0,0.5756129026412964,0.40351688861846924,0.06359831491410439,0.001843746580588686,3.253092847965859,1.9925465132739093,0.3874916559729189,1.0,0.6964630178503088,0.1515810376888997,1.0,0.15255462599767222,0.0,0.7412726750244966,0.12279834316388981,0.0,0.1359289890608272,113.7064502632225,167.31652072839182,0.2957172632013753,41.62571227943504,113.70645134362078,131.67899624280884,157.37936539781055,197.9378098974132,37.51602118355887,89.7987051675486,192.34627897843072,0.4317638238972363,0.6072191814447131,0.47911679655978123,0.4005702740705769,0.0,0.5151528897677562,0.646116124781893,0.6778262166230241,0.7204927841457569,0.8486130958924187,0.9540507859733979,0.9871202960683009,0.34861309589241873,0.15405078597339783,0.03712029606830092,0.0005129896302810451,0.0,0.6483516483516484,0.3516483516483517,0.9423076923076923,1.288019406926501,1.2234997503705076,1.1988385339359662,-7.989201545715332,0.0003390472265891731
251,8.687736680999084e-06,8.687736680999084e-06,1.0,9.4383903451868,5.0538248886933195,3.389233666497308,3.389233666497308,3.4603187264622868,0.0,0.0,0.3168776502480378,1.8584788200017568,0.10346984903554658,1.761379986195951,0.08500397175147727,0.0178014427561917,0.0,1.148039152493348,0.0,0.0,0.0,2.6002872119078764,30.493633682663376,6.84712028503418,33.31005859375,50.99056625366211,1.0033122301101685,0.6148722767829895,0.25,4.0,0.5774091482162476,0.40019217133522034,0.05661177371703687,0.0016632016632016633,4.007138231316128,2.3770417877145715,0.40679815606614556,1.0,0.6993818460284053,0.1493406327995094,1.0,0.15087310164361387,0.0,0.7418083580764564,0.12264957500470651,0.0,0.1355420717516461,,,,,,,,,,,,,,,,,,,,,,,,,,,,,,,,,,,,
252,8.677317622829044e-06,8.677317622829044e-06,1.0,9.575635446084512,5.224685204995645,3.3502074125650765,3.3502074125650765,3.4173652739138216,0.0,0.0,0.3156313638429384,1.8851634940585575,0.10196062076736141,1.769168454247552,0.08423095166280463,0.017665547790710587,0.0,1.1419922918886751,0.0,0.0,0.0,2.6645345011272945,30.728174003394873,6.9753522872924805,33.571311950683594,51.3904914855957,1.0034734010696411,0.6238114237785339,0.25,4.0,0.5750200152397156,0.4020225703716278,0.060602910602910606,0.002032498085129664,3.0610045742344214,2.055489456331408,0.3284918704031992,1.0,0.6957866082320342,0.1511763072497136,1.0,0.15273785148117994,0.0,0.739857866957381,0.12358648450793447,0.0,0.1365556487360516,,,,,,,,,,,,,,,,,,,,,,,,,,,,,,,,,,,,
253,8.666864051608594e-06,8.666864051608594e-06,1.0,9.550992063573888,5.178749844834611,3.3761493773073763,3.3761493773073763,3.4510101305471883,0.0,0.0,0.3167430613491986,1.8639110842266597,0.1030330595535201,1.768501803681657,0.08114962732872448,0.0155464158003294,0.0,1.1605756282806396,0.0,0.0,0.0,2.541712603053531,31.143156979535078,6.921069622039795,34.033447265625,52.09791564941406,1.0030217170715332,0.6132452487945557,0.25,4.0,0.5798911452293396,0.40145495533943176,0.058441842652368965,0.001969580916949338,3.225787174057316,2.021187090390437,0.37342825755977027,1.0,0.7031052644188339,0.14733529976896337,1.0,0.14961069177936864,0.0,0.7459572908040639,0.12050807415633588,0.0,0.13353463544233427,,,,,,,,,,,,,,,,,,,,,,,,,,,,,,,,,,,,
254,8.656376072605079e-06,8.656376072605079e-06,1.0,9.475484873797443,5.153604043496622,3.3284254847346126,3.3284254847346126,3.383073239713102,0.0,0.0,0.31418773290273305,1.850131266825908,0.10229789264298775,1.7645835457621395,0.0848587752395385,0.018833553387053514,0.0,1.1586834450025816,0.0,0.0,0.0,2.5764500289349943,31.66887108055321,6.954946994781494,34.772544860839844,53.02180099487305,1.0036686658859253,0.6330209374427795,0.25,4.0,0.5792447328567505,0.4104374051094055,0.06341503446766604,0.002226720647773279,4.459785115074467,2.473855445513854,0.44529716529345675,1.0,0.702092170715332,0.1480225020566502,1.0,0.15003354243330053,0.0,0.7461633940000791,0.1201482173558828,0.0,0.13368839528915044,,,,,,,,,,,,,,,,,,,,,,,,,,,,,,,,,,,,
255,8.645853791432327e-06,8.645853791432327e-06,1.0,9.54425507622796,5.16544179658632,3.384476764782055,3.384476764782055,3.464921641994167,0.0,0.0,0.31534222171113296,1.855418021614487,0.10383861169621751,1.7643066709106032,0.08404987244992643,0.01762546263194668,0.0,1.153358467527338,0.0,0.0,0.0,2.6086580656670235,31.616481059306377,6.900822639465332,34.5019416809082,53.22932052612305,1.0022696256637573,0.632359504699707,0.25,4.0,0.577311635017395,0.41033855080604553,0.0629062260641208,0.0028996607943976363,3.680496581502863,2.270441878486324,0.38311534103932493,1.0,0.6996081407005722,0.14778306637261365,1.0,0.15112518499026428,0.0,0.7443881131507255,0.12052475278441971,0.0,0.1350871290306787,97.97595476842189,146.49055936589824,0.2582669935035406,-2.3003326457935374,97.97595351882934,118.00419282300352,142.38824893555758,181.44717936885,29.925073896135604,76.67719496497813,168.06065434994906,0.4201955748263312,0.5976691343465652,0.48459473121291174,0.40083610128113295,0.0,0.5046163715600194,0.6345437050059333,0.6590647349342394,0.7136040343582055,0.8577186618299073,0.9560294602616247,0.986332490564655,0.3577186618299073,0.15602946026162468,0.03633249056465504,0.000494668572056722,0.0,0.5714285714285714,0.42857142857142855,0.9368131868131868,1.1755826255449882,1.12692642138227,1.110162765770168,-7.98913049697876,0.00033907132456079125
256,8.6352973140496e-06,8.6352973140496e-06,1.0,9.463564589216903,5.119487375826449,3.345367296321972,3.345367296321972,3.4053944381507666,0.0,0.0,0.31574663680952947,1.8705885668058653,0.10435094825319342,1.7708058002832774,0.084610412249694,0.015376842845029928,0.0,1.1502165504404016,0.0,0.0,0.0,2.544373579927393,32.031888343192435,6.961741924285889,35.1137809753418,53.5421257019043,1.003434419631958,0.6398490071296692,0.25,4.0,0.5758188366889954,0.4100971221923828,0.06399770215559689,0.0026343144764197396,3.5775120838268384,2.3018014479327844,0.356591565870949,1.0,0.69733016877561,0.1488155517223719,1.0,0.15343927853816264,0.0,0.7427021232811181,0.12056797642160107,0.0,0.13672990331778656,,,,,,,,,,,,,,,,,,,,,,,,,,,,,,,,,,,,
257,8.624706746760503e-06,8.624706746760503e-06,1.0,9.582434628460858,5.2578781359904525,3.32016439695616,3.32016439695616,3.367532594783886,0.0,0.0,0.3171221299751385,1.8770462113457758,0.1030268151615117,1.7806481412939124,0.08896970607944436,0.017051673582377466,0.0,1.1389357624827205,0.0,0.0,0.0,2.6784674605807743,31.801299172478753,6.8739190101623535,34.84052658081055,53.3333854675293,1.0040937662124634,0.6292735934257507,0.25,4.0,0.5751579403877258,0.4036923944950104,0.06630922420396104,0.0016741437794069373,3.6034212096317395,2.465620322807415,0.3157557278574727,1.0,0.6963007852837846,0.1493225661483971,1.0,0.15464273739505457,0.0,0.7411707784678485,0.12113127354029063,0.0,0.13769794879732905,,,,,,,,,,,,,,,,,,,,,,,,,,,,,,,,,,,,
258,8.614082196211931e-06,8.614082196211931e-06,1.0,9.653617317612106,5.283201449626201,3.3744193605474524,3.3744193605474524,3.4303145601942733,0.0,0.0,0.3152621098466822,1.866133171158868,0.10324804625801139,1.7627770191914327,0.08409271943005356,0.016061510708233393,0.0,1.1560600770486367,0.0,0.0,0.0,2.582865138311644,32.35097462422139,6.961741924285889,35.52769470214844,54.17326354980469,1.0035784244537354,0.635600745677948,0.25,4.0,0.5769413113594055,0.40825867652893066,0.061658824816719554,0.0022622825254404203,3.1292931735515594,1.9650018650132257,0.37206207407436137,1.0,0.6990942439517459,0.1474121144494495,1.0,0.15357562617675677,0.0,0.7445071581247691,0.11905822137723097,0.0,0.136434625330809,,,,,,,,,,,,,,,,,,,,,,,,,,,,,,,,,,,,
259,8.603423769392993e-06,8.603423769392993e-06,1.0,9.558392344294367,5.237321750537769,3.332184875333631,3.332184875333631,3.3871842010601148,0.0,0.0,0.3132983784417848,1.8516117753209294,0.10320112149457673,1.7469430227537412,0.08580258971935995,0.017045024706906563,0.0,1.1349454538242236,0.0,0.0,0.0,2.624027896571804,32.380093754948795,6.934600830078125,35.4583740234375,54.385292053222656,1.0034765005111694,0.6337157487869263,0.25,4.0,0.5745737552642822,0.40536725521087646,0.05923241054820002,0.0019504322135901083,3.6215240262650155,2.254764269332628,0.37739905824730013,1.0,0.6956818925367819,0.14858058215798559,1.0,0.1554609001488299,0.0,0.7407946602718251,0.12062334128328271,0.0,0.138582006499574,,,,,,,,,,,,,,,,,,,,,,,,,,,,,,,,,,,,
260,8.592731573633927e-06,8.592731573633927e-06,1.0,9.74399808935217,5.386058278985925,3.354376238745612,3.354376238745612,3.4147505309130692,0.0,0.0,0.3179838963457056,1.8753311956250989,0.10375602885678008,1.7870289699451343,0.08432954358490738,0.014050053382242049,0.0,1.149032856966998,0.0,0.0,0.0,2.468056910746806,32.848023337286875,6.961741924285889,36.1577262878418,54.598148345947266,1.003653883934021,0.6395561695098877,0.25,4.0,0.5749267935752869,0.4079543352127075,0.06508370718897034,0.0024100010942116204,3.0978739108588242,2.0949655585997813,0.32374085618643095,1.0,0.6964598072541727,0.1470790263768789,1.0,0.15600018444898966,0.0,0.7419819799629418,0.11910790345958762,0.0,0.1389101141610661,91.40976503393152,136.03399083465618,0.2498878983692206,-27.183887502649327,91.40976619884788,114.37761426782178,139.5229826981587,175.7933207132681,37.27815682547433,71.64554362334022,155.0729350214419,0.44117407733484365,0.5964590483814997,0.4825290495382616,0.39916958980430317,0.0,0.5017171429538589,0.6365758387457023,0.6586362328025052,0.7062039745520425,0.8612363050089773,0.9559928181451761,0.9859111062254956,0.3612363050089773,0.15599281814517607,0.03591110622549565,0.0006962002125242754,0.0,0.5,0.5,0.9267399267399267,1.1366647833978736,1.094259639935834,1.0809930114300697,-7.989558219909668,0.00033892635838128626
261,8.582005716605026e-06,8.582005716605026e-06,1.0,9.737595351966652,5.377871835553968,3.361850706306664,3.361850706306664,3.417161902865848,0.0,0.0,0.31778472581425227,1.8611140895534206,0.10298234163909345,1.7788089835965954,0.08358796796685941,0.014371750341426279,0.0,1.1349575841749036,0.0,0.0,0.0,2.5339783591193124,32.95632264420793,7.04380464553833,36.22841262817383,55.241737365722656,1.0035682916641235,0.627651572227478,0.25,4.0,0.5734512805938721,0.4045943319797516,0.06319619214356056,0.002172010066746909,2.88251898739789,2.117817629833479,0.2652892698738899,1.0,0.6942564055726335,0.14814149004382057,1.0,0.15714690773873716,0.0,0.7379840676848953,0.12123551642572558,0.0,0.1407804170975814,,,,,,,,,,,,,,,,,,,,,,,,,,,,,,,,,,,,
262,8.571246306315551e-06,8.571246306315551e-06,1.0,9.519047634021655,5.140343421214336,3.389094997096706,3.389094997096706,3.462230360185778,0.0,0.0,0.31578828031952316,1.8427595318974674,0.10255840521406483,1.7524844891316183,0.08614096901304014,0.017669808113242726,0.0,1.1337894555684682,0.0,0.0,0.0,2.5469369791649483,33.42302394557644,7.133798122406006,36.65546417236328,56.11166763305664,1.0037590265274048,0.6302422881126404,0.25,4.0,0.574616014957428,0.4058329463005066,0.06719827114563956,0.0025631907210854578,3.5075203768304877,2.1333761980404726,0.39177083271337615,1.0,0.6958894568520624,0.14761633607181343,1.0,0.15688312174500646,0.0,0.7403809879277203,0.1199569214840193,0.0,0.13966209099099441,,,,,,,,,,,,,,,,,,,,,,,,,,,,,,,,,,,,
263,8.560453451112646e-06,8.560453451112646e-06,1.0,9.688153576206517,5.3248872370333284,3.3747138654863513,3.3747138654863513,3.435467120763418,0.0,0.0,0.31648021614229355,1.83879313597808,0.1027358828766926,1.762395832989667,0.08150526468415518,0.014038374710425332,0.0,1.1388516297211517,0.0,0.0,0.0,2.4853915813806893,33.43450752464501,7.203805446624756,36.65546417236328,55.89291000366211,1.0044652223587036,0.6446279287338257,0.25,4.0,0.573968768119812,0.41166239976882935,0.07094868147499726,0.0027163803479592955,2.9277269042826988,1.9010080324636924,0.3506880612112814,1.0,0.6948965803996937,0.14825334178434835,1.0,0.1571162443708729,0.0,0.7410028496304074,0.11956968863268157,0.0,0.13942746495878375,,,,,,,,,,,,,,,,,,,,,,,,,,,,,,,,,,,,
264,8.549627259680238e-06,8.549627259680238e-06,1.0,9.557119395281818,5.190852190997149,3.3758304119110107,3.3758304119110107,3.44761890334052,0.0,0.0,0.31530159550744136,1.8416560952727858,0.10352341146082492,1.7595091188276135,0.08597953003403302,0.01788095893917253,0.0,1.1305718003092586,0.0,0.0,0.0,2.614882520727209,33.41164253853463,7.036929130554199,36.441314697265625,56.33127975463867,1.0042868852615356,0.6432898640632629,0.25,4.0,0.5730277299880981,0.40953248739242554,0.06808184702921545,0.002330670751723383,3.0719255909726426,2.1278461266208337,0.30732497789859925,1.0,0.6935344451182598,0.14873595374661522,1.0,0.157898523114823,0.0,0.739400332038467,0.12029331862121015,0.0,0.14030635115262624,,,,,,,,,,,,,,,,,,,,,,,,,,,,,,,,,,,,
265,8.53876784103796e-06,8.53876784103796e-06,1.0,9.516686877688846,5.176885321333602,3.354417865340774,3.354417865340774,3.408029536943178,0.0,0.0,0.3156861235966554,1.8365038375596743,0.10430426150560379,1.741251887501897,0.08590974195583446,0.01719827319470209,0.0,1.1204929271259823,0.0,0.0,0.0,2.572477163495244,33.99321561246305,7.203805446624756,37.3784294128418,56.995296478271484,1.0043405294418335,0.640302300453186,0.25,4.0,0.5702678561210632,0.4051905572414398,0.06898183608709925,0.002393587919903709,3.1966685958810754,2.1409433226327637,0.33025796750048453,1.0,0.6895229510358862,0.15015910364486076,1.0,0.16048063297529477,0.0,0.7356985759090733,0.12156811235724269,0.0,0.14273331696922714,100.42252259726052,151.55845356522792,0.26455507624084923,25.60984448024205,100.42252337628895,122.43117295990885,148.46868165983028,186.97778909059068,34.31900841849191,77.75067239214283,174.06150685185972,0.5032211063837808,0.6216308902674021,0.49310358571159185,0.42129907680518913,0.0,0.5320359769718556,0.6700519051738072,0.7153870866577153,0.7127368345197305,0.85412773441794,0.9557729654464842,0.9868088380784874,0.35412773441794,0.1557729654464841,0.03680883807848745,0.0004397053973837529,0.0,0.6483516483516484,0.3516483516483517,0.945054945054945,1.2237413772842387,1.1696789137773462,1.1494649898383644,-7.990017890930176,0.0003387706237845123
266,8.527875304540034e-06,8.527875304540034e-06,1.0,9.51653191849992,5.140890933371879,3.389253706545443,3.389253706545443,3.4774690061002165,0.0,0.0,0.31449528078775146,1.8387784120198842,0.10224144845395475,1.755581188846279,0.08386506693991455,0.01623912829578527,0.0,1.1135030517707,0.0,0.0,0.0,2.601417116216711,33.960278227522565,7.140768527984619,37.087547302246094,57.2183723449707,1.0039976835250854,0.6387796401977539,0.25,4.0,0.5705365538597107,0.40506109595298767,0.06715450268081848,0.0021337126600284497,2.926070805336978,1.9570298484853796,0.3311748147324821,1.0,0.6899799301817611,0.14978550374507904,1.0,0.16000466813912262,0.0,0.736090548940607,0.12145547166063979,0.0,0.1424539733577419,,,,,,,,,,,,,,,,,,,,,,,,,,,,,,,,,,,,
267,8.516949759874182e-06,8.516949759874182e-06,1.0,9.492269773741025,5.161171281659925,3.336660675100378,3.336660675100378,3.3910708491866655,0.0,0.0,0.3159244551851943,1.8508641816474296,0.1033360994345433,1.7637500698502,0.08925139118690749,0.017746431406939756,0.0,1.1186282956922375,0.0,0.0,0.0,2.667356516863849,34.415513064410234,7.154047012329102,37.89297103881836,57.89284133911133,1.0045316219329834,0.6374378204345703,0.25,4.0,0.572633683681488,0.40715762972831726,0.07136995294890032,0.0020051427946164786,3.2802133463524483,2.3373321906940356,0.28744507021376625,1.0,0.6930324161374891,0.148602283685594,1.0,0.1584314526738347,0.0,0.7391549928768261,0.12018863937339268,0.0,0.14065636795114828,,,,,,,,,,,,,,,,,,,,,,,,,,,,,,,,,,,,
268,8.505991317060517e-06,8.505991317060517e-06,1.0,9.608481381390545,5.265591879148741,3.352083444595337,3.352083444595337,3.404737324328036,0.0,0.0,0.31531576530353445,1.8467444568066984,0.10357499525353715,1.763027030068475,0.0856965720854901,0.016029877091028,0.0,1.1116772358481948,0.0,0.0,0.0,2.7147520683907174,33.66411245191419,6.8806352615356445,37.01518249511719,56.995296478271484,1.0035184621810913,0.6441777944564819,0.25,4.0,0.5677275061607361,0.4051746428012848,0.06806816938395886,0.0026124302440091915,3.4904986491074435,2.681361710703051,0.23181127390245435,1.0,0.6859829844655218,0.15119390753475395,1.0,0.16112823945444985,0.0,0.7340794785602672,0.12254805862903595,0.0,0.14337246603256948,,,,,,,,,,,,,,,,,,,,,,,,,,,,,,,,,,,,
269,8.49500008645044e-06,8.49500008645044e-06,1.0,9.57236926620071,5.196492001817033,3.398726205568056,3.398726205568056,3.469346793922218,0.0,0.0,0.3159970173964629,1.8150090204702842,0.10222038304483569,1.731788941331812,0.08453293104429503,0.01421929756808724,0.0,1.1034314084697414,0.0,0.0,0.0,2.5942150805447555,32.80446078326251,6.708130836486816,35.94648361206055,55.89291000366211,1.0040735006332397,0.6411038637161255,0.25,4.0,0.5666953325271606,0.40222683548927307,0.07045628624575993,0.002683553999343473,2.85206200786539,2.322628434445407,0.1856318593214019,1.0,0.6844804319175514,0.15158894899729136,1.0,0.16276425968956304,0.0,0.7323955023610914,0.12283327974177696,0.0,0.1447712154807271,,,,,,,,,,,,,,,,,,,,,,,,,,,,,,,,,,,,
270,8.483976178725517e-06,8.483976178725517e-06,1.0,9.574858974766087,5.190745031511462,3.3934064233625256,3.3934064233625256,3.4729896429422737,0.0,0.0,0.3174224890567161,1.8373432546048551,0.10317215061671026,1.7666644051268294,0.0854854614952126,0.01571930874441121,0.0,1.115538249144683,0.0,0.0,0.0,2.517760473328668,33.563976648691536,6.853809833526611,36.79893112182617,56.773094177246094,1.0032730102539062,0.6269020438194275,0.25,4.0,0.5708997845649719,0.40039560198783875,0.06340135682240945,0.0022732246416456944,3.277148225017496,2.3931515232936755,0.26974571823619636,1.0,0.6907303220516926,0.14872963323786453,1.0,0.15929044380381302,0.0,0.7369381785392761,0.12097632341288231,0.0,0.14208549945741086,92.04196328383226,147.79358081502545,0.22530460032790398,-49.76236643110003,92.04196257177954,112.8585465019494,135.80843489224924,170.32997521608164,32.599002838134766,60.968570383944254,188.22823300568953,0.37053256942508045,0.5785247248287065,0.48330707076490903,0.3977209814781244,0.0,0.48098514135450476,0.6271399834275106,0.6573384235470983,0.7062699865507344,0.864790590304496,0.9556630390971382,0.9851049796636254,0.364790590304496,0.1556630390971382,0.03510497966362547,0.0003481001062621377,0.0,0.46153846153846156,0.5384615384615384,0.9496336996336995,1.0809394789266062,1.050059406230083,1.0410806158414254,-7.989434719085693,0.0003389682387933135
271,8.472919704896379e-06,8.472919704896379e-06,1.0,9.415551159832928,5.081217353408401,3.342055978001775,3.342055978001775,3.407407354664158,0.0,0.0,0.31535865890013204,1.8587097412831075,0.10354230452228237,1.7657131311055776,0.08261386566870921,0.015354379936045891,0.0,1.114992315704758,0.0,0.0,0.0,2.5959205885191223,34.31340743399955,7.196773529052734,37.7452392578125,57.89284133911133,1.0040411949157715,0.6275365352630615,0.25,4.0,0.5701216459274292,0.3987865149974823,0.06353813327497539,0.0019613743297953825,3.1736283946681665,2.4176963519405676,0.23819173158319276,1.0,0.6894704763953751,0.14964849038704023,1.0,0.16016912057593063,0.0,0.7365542585785324,0.12122442170574858,0.0,0.1422213231389587,,,,,,,,,,,,,,,,,,,,,,,,,,,,,,,,,,,,
272,8.461830776301593e-06,8.461830776301593e-06,1.0,9.539123225856471,5.187275035961254,3.371453742723207,3.371453742723207,3.4279599125320845,0.0,0.0,0.317694907252853,1.8126953034787565,0.1035354234076835,1.7441208491454254,0.08259637402118863,0.015015211617070678,0.0,1.1255948140814498,0.0,0.0,0.0,2.446673683218054,35.03146795324377,7.224252223968506,38.56494903564453,59.03467559814453,1.0038615465164185,0.635322093963623,0.25,4.0,0.5730034708976746,0.40592238306999207,0.06446547762337236,0.002379910274647117,3.328400199477737,2.179843685111484,0.34507764857918055,1.0,0.6938219505387384,0.1472253521551957,1.0,0.1585865113380793,0.0,0.7403445163288632,0.11894423816655134,0.0,0.14071124268544688,,,,,,,,,,,,,,,,,,,,,,,,,,,,,,,,,,,,
273,8.45070950460655e-06,8.45070950460655e-06,1.0,9.400576926566458,5.0403533755122005,3.371203345221442,3.371203345221442,3.4568595950667924,0.0,0.0,0.31594267326432307,1.836908888172459,0.1037816173724226,1.760734129596401,0.0865521699794241,0.017402742146136792,0.0,1.1051065792908539,0.0,0.0,0.0,2.5831464883443473,34.97047444936391,7.246139049530029,38.48969650268555,59.03467559814453,1.0037778615951538,0.6340844631195068,0.25,4.0,0.5696302652359009,0.4034024775028229,0.0670095196410986,0.0021172994857205384,3.4482694638741984,2.2081817726831177,0.3596260977231802,1.0,0.6890718727498442,0.1485351469065692,1.0,0.16071555179518623,0.0,0.736915465947744,0.12017010897397995,0.0,0.14291442125230222,,,,,,,,,,,,,,,,,,,,,,,,,,,,,,,,,,,,
274,8.439556001802328e-06,8.439556001802328e-06,1.0,9.583554035908467,5.256252791430499,3.3403600873173893,3.3403600873173893,3.3930603233543604,0.0,0.0,0.31501862809464737,1.833320037738697,0.10338064061628806,1.7665197849273682,0.08108060363982175,0.014663288080309695,0.0,1.1277204075375118,0.0,0.0,0.0,2.48657488822937,35.95660400390625,7.389056205749512,39.789127349853516,60.199031829833984,1.00399649143219,0.6460214853286743,0.25,4.0,0.5711937546730042,0.40883052349090576,0.06626545573913994,0.002286902286902287,3.2564143804279535,2.150911094369115,0.3394848311391976,1.0,0.6913807408229725,0.14733063731644605,1.0,0.16036768338164767,0.0,0.7401109804978242,0.11814732950281452,0.0,0.14174169362396807,,,,,,,,,,,,,,,,,,,,,,,,,,,,,,,,,,,,
275,8.428370380204577e-06,8.428370380204577e-06,1.0,9.473780374269229,5.139679187052959,3.349939797375653,3.349939797375653,3.4044596117896004,0.0,0.0,0.3158196541103157,1.841214917801522,0.10096528179742195,1.7474583967311963,0.08070075532069078,0.014703685534186661,0.0,1.1172940086674046,0.0,0.0,0.0,2.6122466647947156,35.484208906019056,7.317248821258545,38.94340133666992,59.96433639526367,1.0047059059143066,0.6430183053016663,0.25,4.0,0.5684419274330139,0.4058210253715515,0.07324926140715614,0.0021501258343363605,2.7552115667510675,1.9361626699164107,0.2972725966741187,1.0,0.6872024423367268,0.14952879097010638,1.0,0.16286550945526845,0.0,0.7359117188969174,0.12021920548097507,0.0,0.14386907542074048,90.6928891821222,139.57985498445254,0.24075123738580992,3.9564038999788056,90.6928906515491,113.97350062808829,139.30467721335768,178.32682859970492,30.843492235456193,70.65798169513081,155.98525536578634,0.5216317477304444,0.6108075651287447,0.49151206796371355,0.41106404817138475,0.0,0.5185960339276456,0.6532737583513424,0.6781812483539542,0.6997745798171358,0.8586896779157964,0.9585944084130299,0.9882378806199846,0.3586896779157964,0.15859440841302985,0.03823788061998468,0.0008244476200945367,0.0,0.5879120879120879,0.41208791208791207,0.9478021978021978,1.1480652822570487,1.1035544733097264,1.0878598640089507,-7.987746238708496,0.0003395409439690411
276,8.417152752452386e-06,8.417152752452386e-06,1.0,9.4997047991366,5.13572798548518,3.383148753965223,3.383148753965223,3.46503851864789,0.0,0.0,0.3160158452149984,1.8111508247014638,0.10152803603056315,1.7542374907313167,0.08346496804340466,0.016438871886379814,0.0,1.107828961836325,0.0,0.0,0.0,2.4901905961938806,36.5848463934821,7.5642828941345215,40.101200103759766,61.626609802246094,1.0038554668426514,0.6414477229118347,0.25,4.0,0.5692936182022095,0.40504416823387146,0.06861253966517124,0.002516686727213043,3.431092908253541,2.0095314383506775,0.4143173932956691,1.0,0.6886337045076731,0.14817397699162765,1.0,0.16247918799116806,0.0,0.7368556406046893,0.11926821518588711,0.0,0.14387614259848724,,,,,,,,,,,,,,,,,,,,,,,,,,,,,,,,,,,,
277,8.40590323150714e-06,8.40590323150714e-06,1.0,9.543462057371396,5.19591862446553,3.3593797554840914,3.3593797554840914,3.4359422438853495,0.0,0.0,0.3168404907793612,1.825344288671339,0.10159404797328485,1.776065385019457,0.084078598767519,0.014573463918389502,0.0,1.101534054086015,0.0,0.0,0.0,2.5061237618729875,36.60479292998443,7.54952335357666,40.17959976196289,61.8678092956543,1.0042740106582642,0.6544672250747681,0.25,4.0,0.5678765773773193,0.4091446101665497,0.07688477951635847,0.0027081737608053397,2.9539066786701613,1.9570602573253013,0.3374671341322255,1.0,0.6864891841604903,0.14910671880116333,1.0,0.16454062631001343,0.0,0.7359831204285493,0.11915353826574378,0.0,0.14486333164008888,,,,,,,,,,,,,,,,,,,,,,,,,,,,,,,,,,,,
278,8.39462193065139e-06,8.39462193065139e-06,1.0,9.581175804138184,5.229564086810963,3.367863841958948,3.367863841958948,3.4360050188528524,0.0,0.0,0.3166382796055562,1.8301535200428318,0.102726376338585,1.7474975038219143,0.08434421347605216,0.01661114881406664,0.0,1.0992432864936623,0.0,0.0,0.0,2.5796719563973918,36.431113990577494,7.534792423248291,39.94485855102539,61.626609802246094,1.0051532983779907,0.653771698474884,0.25,4.0,0.5659955143928528,0.4089697301387787,0.07812123864755444,0.0026671408250355617,3.3402971029281616,2.084284974111093,0.37601808764736133,1.0,0.6838278544915689,0.1498681339057716,1.0,0.16582757717854268,0.0,0.7328299155106416,0.12050228324290868,0.0,0.1466678018505509,,,,,,,,,,,,,,,,,,,,,,,,,,,,,,,,,,,,
279,8.383308963487709e-06,8.383308963487709e-06,1.0,9.505087491628286,5.1290792001260295,3.4011952812607222,3.4011952812607222,3.474709768553038,0.0,0.0,0.31689921907476476,1.8074021113885415,0.10189376489536182,1.7337738984339945,0.07981916426404102,0.014953510804303191,0.0,1.1157265482722103,0.0,0.0,0.0,2.466558627180151,37.10419979610958,7.579071044921875,40.81233596801758,62.597084045410156,1.0044089555740356,0.648858368396759,0.25,4.0,0.569076418876648,0.4094505310058594,0.07546230440967283,0.0032361308677098153,2.934143173533517,1.9431954944455945,0.337729831327402,1.0,0.6886123128839441,0.14687998149846052,1.0,0.16336831651829384,0.0,0.736977093928569,0.11831057877153964,0.0,0.14471232729989128,,,,,,,,,,,,,,,,,,,,,,,,,,,,,,,,,,,,
280,8.37196444393755e-06,8.37196444393755e-06,1.0,9.503238420228701,5.162502675443082,3.3488796659418054,3.3488796659418054,3.4084820103000952,0.0,0.0,0.31573289149516337,1.861585884480863,0.10356564900359592,1.7578052346770827,0.08448945861813184,0.016979844649196475,0.0,1.0992646056252557,0.0,0.0,0.0,2.5849258126439274,37.429404593802786,7.773972034454346,41.293418884277344,62.84208679199219,1.0046929121017456,0.6471972465515137,0.25,4.0,0.5641509294509888,0.40262502431869507,0.07374712769449611,0.002267753583543057,3.44610722644909,2.2073988672849296,0.3594514847527076,1.0,0.681259306701454,0.15039778682025703,1.0,0.16728203200005196,0.0,0.7310841292948336,0.1211023920693913,0.0,0.14781347480980125,94.44394375727727,141.70079189565348,0.2514158715661469,11.403582122299698,94.4439458538183,117.28146935751009,142.97651596011497,183.04974350825003,35.89917918613979,74.44621809138808,159.43350816809613,0.5227214216442543,0.6074425554917761,0.48663627200498094,0.4052048088784135,0.0,0.5161259719782415,0.6454665969086769,0.685430489138266,0.7090591633446071,0.8561613718808398,0.9560661023780733,0.9869737276025063,0.35616137188083985,0.15606610237807328,0.03697372760250639,0.0004397053973837529,0.0,0.6208791208791209,0.3791208791208791,0.9514652014652014,1.1778140711587863,1.1291347317151972,1.1116395343790997,-7.987693786621094,0.00033955875551328063
281,8.360588486240105e-06,8.360588486240105e-06,1.0,9.412729057105812,5.067607892526163,3.3704453674522608,3.3704453674522608,3.4456665580337114,0.0,0.0,0.31392819817001755,1.8141251415819735,0.10077894297805992,1.7361838817596436,0.07971928319012797,0.014544101784358153,0.0,1.1106125261332538,0.0,0.0,0.0,2.5340573401064486,37.0499666574839,7.476156234741211,40.81233596801758,62.597084045410156,1.004806637763977,0.6486741900444031,0.25,4.0,0.5678029656410217,0.40989917516708374,0.07777656198708831,0.0024400919137761243,2.5765230099897125,1.8976903316136953,0.26346850998187965,1.0,0.6867085308642,0.14777942907971306,1.0,0.16447509221128515,0.0,0.7356359330383507,0.1189478514967738,0.0,0.1454162186867482,,,,,,,,,,,,,,,,,,,,,,,,,,,,,,,,,,,,
282,8.349181204951135e-06,8.349181204951135e-06,1.0,9.34900647240716,5.000753853772138,3.3732633268510974,3.3732633268510974,3.439289679398408,0.0,0.0,0.3155760072373055,1.8128504302050616,0.10243364040916031,1.734052207018878,0.07934909233370342,0.015287620289175696,0.0,1.112190832962861,0.0,0.0,0.0,2.4644865603060335,37.42382657850111,7.593888282775879,41.374149322509766,62.84208679199219,1.0039269924163818,0.6568092107772827,0.25,4.0,0.5650284886360168,0.40871158242225647,0.07509300798774483,0.003271692745376956,2.9581720893447465,2.1502512338999153,0.2731148936043781,1.0,0.6827233868676263,0.14917960460927035,1.0,0.16628106945269816,0.0,0.7329616675505767,0.11992286105413695,0.0,0.14711547139528636,,,,,,,,,,,,,,,,,,,,,,,,,,,,,,,,,,,,
283,8.33774271494184e-06,8.33774271494184e-06,1.0,9.500556224101299,5.157183312081002,3.352187614183168,3.352187614183168,3.4327425698976257,0.0,0.0,0.3144821806533917,1.8472570503080212,0.10182873562381074,1.770447776124284,0.08716210712854927,0.017936645591681875,0.0,1.0789778876949,0.0,0.0,0.0,2.6376979479918607,37.2247575295938,7.490772247314453,41.05216979980469,63.088043212890625,1.0037864446640015,0.6415829658508301,0.25,4.0,0.5616375803947449,0.40109243988990784,0.07498632235474341,0.0030254951307582888,3.658351658163844,2.5428632062834664,0.3049155893450249,1.0,0.6777744905368702,0.15105893442759644,1.0,0.1692423570800472,0.0,0.7269176760235349,0.1227234110638902,0.0,0.1503589060660955,,,,,,,,,,,,,,,,,,,,,,,,,,,,,,,,,,,,
284,8.326273131397686e-06,8.326273131397686e-06,1.0,9.37113620139457,5.027889741433634,3.3602135568051725,3.3602135568051725,3.4207692017426363,0.0,0.0,0.3168135051791732,1.820657034178038,0.0999914456058193,1.7632377856486552,0.08224948727198549,0.014875297950631057,0.0,1.0898367859221794,0.0,0.0,0.0,2.5581139293876856,36.607643952240814,7.253218650817871,40.17959976196289,62.35304260253906,1.00484037399292,0.6550808548927307,0.25,4.0,0.5626708269119263,0.4087417423725128,0.07597931940037203,0.0024182076813655763,2.6272665060855247,2.0392239214600743,0.22382296705087598,1.0,0.6792885065078735,0.15044716524111257,1.0,0.16840095536128893,0.0,0.7289522950713699,0.12175967745684288,0.0,0.14928802565948382,,,,,,,,,,,,,,,,,,,,,,,,,,,,,,,,,,,,
285,8.31477256981725e-06,8.31477256981725e-06,1.0,9.45190970962112,5.115632160289867,3.350446475518716,3.350446475518716,3.4163824223183297,0.0,0.0,0.31450975505081386,1.8372061155937813,0.1010993811729792,1.7643073668351044,0.08302537694170668,0.016644431768941717,0.0,1.0830817109829671,0.0,0.0,0.0,2.6185972175082646,37.53779117481129,7.432478904724121,41.21284866333008,64.08153533935547,1.004012107849121,0.6480588912963867,0.25,4.0,0.5612744092941284,0.40274104475975037,0.07211675237991028,0.00285589232957654,4.101029834231815,2.6995947457648612,0.34172760138660724,1.0,0.6772242945593756,0.15144246816635132,1.0,0.16911920059371638,0.0,0.7277172191722973,0.12231615165600905,0.0,0.1499666317894652,107.74357223510742,165.75732024974553,0.27185018611270884,39.92602023449573,107.74357537496518,127.65161360834124,152.88243498748113,193.12293544968938,31.731388636997767,81.35477707737176,193.31400398586106,0.5892722256586729,0.6328745815006378,0.49304805221074693,0.41680025492132106,0.0,0.5433098947903545,0.6738194440102071,0.68457681389165,0.7007998386520157,0.8537429921952292,0.9569455131728408,0.9885859807262467,0.3537429921952292,0.15694551317284078,0.03858598072624675,0.0006412370378513063,0.0,0.6593406593406593,0.34065934065934067,0.9505494505494505,1.2549455074163585,1.1974146320269659,1.175556355534674,-7.987998008728027,0.0003394554660189897
286,8.303241146011063e-06,8.303241146011063e-06,1.0,9.335126000481683,5.027304236953323,3.3208282638240503,3.3208282638240503,3.381382078737826,0.0,0.0,0.3155613259689228,1.82425459011181,0.10030489495477161,1.7745626939309609,0.08531918014223511,0.01658314760975741,0.0,1.0854335668924693,0.0,0.0,0.0,2.6607228646407255,37.007058220940664,7.133798122406006,40.49473190307617,63.58284378051758,1.0044012069702148,0.6607863903045654,0.25,4.0,0.5633863210678101,0.41156482696533203,0.07916894627420944,0.00328263486158223,3.6964321990270874,3.1023355045834102,0.16072165332832164,1.0,0.6805066772409387,0.1494068545666901,1.0,0.16732207021197756,0.0,0.7317830195298066,0.12026197563957523,0.0,0.14795500724702268,,,,,,,,,,,,,,,,,,,,,,,,,,,,,,,,,,,,
287,8.291678976100432e-06,8.291678976100432e-06,1.0,9.413720053595465,5.084946683935217,3.3421820627676473,3.3421820627676473,3.407879069044783,0.0,0.0,0.31651473206442754,1.8218752822360478,0.10212126535338324,1.7643064872638599,0.08708116120180569,0.018384623017187254,0.0,1.0917459806880436,0.0,0.0,0.0,2.6365103206119023,37.65066466460357,7.189749240875244,41.617286682128906,64.33234405517578,1.0043445825576782,0.645808219909668,0.25,4.0,0.5656912326812744,0.40446582436561584,0.07423131633657949,0.003047379363168837,3.5076741237898132,2.9301020060036636,0.16465957138632956,1.0,0.6838955814773972,0.14780836632928332,1.0,0.16628680237241694,0.0,0.7339273030693466,0.11905844710968636,0.0,0.14701425344557376,,,,,,,,,,,,,,,,,,,,,,,,,,,,,,,,,,,,
288,8.280086176516281e-06,8.280086176516281e-06,1.0,9.463281683019689,5.14299183922845,3.3285581099020467,3.3285581099020467,3.3815345893035063,0.0,0.0,0.31530640898524104,1.853424375121658,0.10375869072772362,1.7655753831605654,0.085284157479937,0.017240218321062827,0.0,1.0934939674428992,0.0,0.0,0.0,2.64013685084678,38.37704075993718,7.417975902557373,42.604209899902344,65.0906753540039,1.0048726797103882,0.6429793238639832,0.25,4.0,0.564541757106781,0.4010846018791199,0.07461702593281541,0.0023470839260312944,3.1813715994358063,2.3907950536624805,0.2485017927215824,1.0,0.6820833618576462,0.1489059878764926,1.0,0.16782217251287923,0.0,0.7327532284968609,0.11950624130062155,0.0,0.14774053402849147,,,,,,,,,,,,,,,,,,,,,,,,,,,,,,,,,,,,
289,8.268462863997972e-06,8.268462863997972e-06,1.0,9.40000598495071,5.091440484330461,3.329342964533213,3.329342964533213,3.3809632095130713,0.0,0.0,0.31563861225102396,1.8157400472744092,0.10034941277793936,1.7389355446841266,0.08613276662858757,0.016854645080260328,0.0,1.0967729800456278,0.0,0.0,0.0,2.594651573413127,38.541757222768425,7.417975902557373,42.355308532714844,65.85794067382812,1.0048681497573853,0.6397113800048828,0.25,4.0,0.5669574737548828,0.4041810631752014,0.07609968267863004,0.0023169931064667905,3.1761651506295077,2.373651465048661,0.25266749287951557,1.0,0.6857091091774605,0.14720845021106102,1.0,0.16539020876626712,0.0,0.7349809810921952,0.11882442578270629,0.0,0.14619459091006098,,,,,,,,,,,,,,,,,,,,,,,,,,,,,,,,,,,,
290,8.256809155592134e-06,8.256809155592134e-06,1.0,9.484416291520402,5.158386101593843,3.3457540241447656,3.3457540241447656,3.4082786908020846,0.0,0.0,0.314590922884039,1.8319335241575498,0.10170142513674658,1.7475630173812042,0.08111373929155839,0.01609279931447393,0.0,1.0788084494101036,0.0,0.0,0.0,2.6563705109261178,38.75506076297245,7.593888282775879,42.521080017089844,66.6342544555664,1.0052666664123535,0.6511958241462708,0.25,4.0,0.5608930587768555,0.40373367071151733,0.07573038625670205,0.002494802494802495,2.922142943820438,2.2075670425956315,0.2445383114251635,1.0,0.6766154443895495,0.15176065225858945,1.0,0.16998580380066022,0.0,0.7271669184839403,0.1223835107442495,0.0,0.15044956593900113,118.61467292282607,179.15252054521923,0.3021959230752689,50.12373400258494,118.6146735911732,138.85949257029154,162.9801325075461,201.33184534861678,30.461528778076172,93.80291061992793,201.61009348993716,0.6187204566673221,0.6465629199170112,0.49903873782004005,0.4280096091025368,0.0,0.5624945804914372,0.6846179067773167,0.7149123678793371,0.7065116789656395,0.848063464145689,0.95439888607966,0.9880729910959657,0.348063464145689,0.1543988860796599,0.038072991095965736,0.0010259792605620901,0.0,0.6593406593406593,0.34065934065934067,0.9569597069597069,1.3047984481512844,1.2452735219682967,1.2225311558980207,-7.988050937652588,0.0003394374798517674
291,8.245125168651482e-06,8.245125168651482e-06,1.0,9.33023537816228,5.047003191870612,3.2996478982873865,3.2996478982873865,3.345561182176745,0.0,0.0,0.3154587230166873,1.8228962550292145,0.1010977356015025,1.7610602991001025,0.08581458998693002,0.015336788334959262,0.0,1.0749218190038525,0.0,0.0,0.0,2.5825716385970243,39.87835136619774,7.865609169006348,43.870845794677734,67.94849395751953,1.0047954320907593,0.6440035700798035,0.25,4.0,0.5618845820426941,0.3998817503452301,0.0784112047269942,0.0028723055038844514,2.9899671101892316,2.188269510462477,0.26812923693866847,1.0,0.6781709145855259,0.1504427931598715,1.0,0.1705218017906756,0.0,0.7284946570525298,0.12109697308089282,0.0,0.15040837188024778,,,,,,,,,,,,,,,,,,,,,,,,,,,,,,,,,,,,
292,8.233411020833634e-06,8.233411020833634e-06,1.0,9.292342984998548,4.995065018937394,3.3183539042601713,3.3183539042601713,3.3763555642720817,0.0,0.0,0.3164989070312397,1.8182970092103288,0.10178298301793434,1.7407024615519755,0.0836542075550234,0.018020086242137728,0.0,1.0833255696941066,0.0,0.0,0.0,2.590547297451947,40.21188725651921,7.8963942527771,44.38798141479492,68.21443939208984,1.004498839378357,0.6461183428764343,0.25,4.0,0.5631983876228333,0.4015023112297058,0.07409727541306489,0.002735529051318525,3.393008188621418,2.4184850406002356,0.2872150887490584,1.0,0.6803335064166302,0.14854504530494278,1.0,0.1699399480948577,0.0,0.7305590172071714,0.11947665283003368,0.0,0.14996433539970502,,,,,,,,,,,,,,,,,,,,,,,,,,,,,,,,,,,,
293,8.221666830099928e-06,8.221666830099928e-06,1.0,9.501723624564505,5.162377370370401,3.3570281234947412,3.3570281234947412,3.432072317278063,0.0,0.0,0.3142118929205714,1.837178111076355,0.10266614463683721,1.7414195440910958,0.08546724955777864,0.016805263324263128,0.0,1.079431023146655,0.0,0.0,0.0,2.6138565733626082,40.79361126873944,8.115289688110352,45.08699035644531,69.01852416992188,1.0039910078048706,0.6480938792228699,0.25,4.0,0.5602717995643616,0.4010516107082367,0.07215778531568005,0.002639785534522377,3.1013997897908494,2.1101271880639567,0.31962103208685055,1.0,0.6762246006243938,0.14953683759715106,1.0,0.17220559474584218,0.0,0.7275202596509779,0.12035852710942964,0.0,0.15212121565599698,,,,,,,,,,,,,,,,,,,,,,,,,,,,,,,,,,,,
294,8.209892714714233e-06,8.209892714714233e-06,1.0,9.534119193618363,5.1828225883277685,3.36300177187533,3.36300177187533,3.438068222355198,0.0,0.0,0.3166489077580942,1.840599182489756,0.10235908164365871,1.7616920986691036,0.08597356524016406,0.014728126481074738,0.0,1.0816013941893707,0.0,0.0,0.0,2.619092374234586,40.622721491633236,7.958326816558838,44.91121292114258,68.74945068359375,1.0042264461517334,0.6396024823188782,0.25,4.0,0.5630007386207581,0.4018763303756714,0.07325473246525878,0.002344348396979976,3.197547393876153,2.6501753869894387,0.17118495504868042,1.0,0.6803565734141582,0.14717381467690338,1.0,0.17080087154298215,0.0,0.7305411084278209,0.11856252257082914,0.0,0.15089636557811015,,,,,,,,,,,,,,,,,,,,,,,,,,,,,,,,,,,,
295,8.198088793241763e-06,8.198088793241763e-06,1.0,9.559806385555783,5.204399315086571,3.3701121098286397,3.3701121098286397,3.4548379472784094,0.0,0.0,0.3153591961474032,1.8329899214409493,0.1017138823061376,1.7600803632993955,0.08377782285616205,0.01634439524590365,0.0,1.0897832706167891,0.0,0.0,0.0,2.6294272203703186,40.18916588860589,7.819656848907471,44.04254913330078,69.01852416992188,1.0052971839904785,0.6531153917312622,0.25,4.0,0.5646868348121643,0.40886953473091125,0.08111664295874822,0.0027601488127803916,3.176919713213637,2.624279843794333,0.17395462249824273,1.0,0.68257625199653,0.14725849052538742,1.0,0.1693736826245849,0.0,0.7337298747655507,0.11765537592204842,0.0,0.1486147529370076,120.13060408372145,184.31049216937078,0.31142044114739836,67.42798983395754,120.13060360285213,140.35019520295614,164.21686770137694,203.9251114258687,33.9011720929827,97.96506973384886,195.4123422373896,0.5710929173979542,0.645856473682672,0.49681616861694017,0.4298271218115346,0.0,0.5629276192840594,0.6815203818638921,0.7054924630893339,0.7095573011413158,0.8445641420248433,0.954233996555641,0.9882012385035359,0.3445641420248433,0.15423399655564096,0.03820123850353596,0.0007511633871972445,0.0,0.7142857142857143,0.2857142857142857,0.9587912087912088,1.3022134351533847,1.2453432643151545,1.2233101459486144,-7.988350868225098,0.00033933576196432114
296,8.186255184547876e-06,8.186255184547876e-06,1.0,9.279835133939176,4.982115668219489,3.3218795544392354,3.3218795544392354,3.378228761054374,0.0,0.0,0.31561767491134435,1.7997616722777083,0.10217863744175112,1.744948126174308,0.08423884122355564,0.014748394149481444,0.0,1.0907910659506515,0.0,0.0,0.0,2.496482807236749,41.18141236176362,8.147052764892578,45.08699035644531,70.10540771484375,1.0049158334732056,0.6543973684310913,0.25,4.0,0.5677608847618103,0.41357529163360596,0.08045464492832914,0.003063792537476748,3.3109059978175805,2.264006466478915,0.3161972982708482,1.0,0.6873667546220728,0.14414521044976003,1.0,0.16719602974685463,0.0,0.7382168302664885,0.11502906720380525,0.0,0.14675409528049263,,,,,,,,,,,,,,,,,,,,,,,,,,,,,,,,,,,,
297,8.174392007796878e-06,8.174392007796878e-06,1.0,9.390655929977829,5.090164326332711,3.322402863889127,3.322402863889127,3.380950425122235,0.0,0.0,0.314460431401794,1.8273848262993064,0.1012043950928224,1.7371492385864258,0.08239629119634628,0.014491842631754038,0.0,1.0891908826054753,0.0,0.0,0.0,2.5704585732640446,41.62756378586228,8.45345401763916,45.976253509521484,70.37979125976562,1.0049153566360474,0.6427940726280212,0.25,4.0,0.5653199553489685,0.40501663088798523,0.07311522048364154,0.0027382645803698436,2.6462106978571094,1.9570534164841111,0.2604317494185459,1.0,0.6839941981676463,0.14457510774200028,1.0,0.16984401441909172,0.0,0.7346981908823993,0.11590055698478544,0.0,0.1494012535423846,,,,,,,,,,,,,,,,,,,,,,,,,,,,,,,,,,,,
298,8.16249938245083e-06,8.16249938245083e-06,1.0,9.557967933448586,5.238695170428302,3.340446446392987,3.340446446392987,3.398576768668922,0.0,0.0,0.3153941212473689,1.8172345709156346,0.1019679839546616,1.7455931740838129,0.08357520200110771,0.014659622470168648,0.0,1.087609835573145,0.0,0.0,0.0,2.4894207844863065,41.44902038574219,8.147052764892578,45.618465423583984,70.37979125976562,1.0053552389144897,0.649867832660675,0.25,4.0,0.5657172799110413,0.40939846634864807,0.08123700623700623,0.002653463179778969,2.5250124431945182,1.8631503775313094,0.2621222986235483,1.0,0.6846551460188788,0.14386395747597153,1.0,0.17015880910125938,0.0,0.734726150293608,0.11534016297475712,0.0,0.1499336945849496,,,,,,,,,,,,,,,,,,,,,,,,,,,,,,,,,,,,
299,8.150577428268332e-06,8.150577428268332e-06,1.0,9.392121418102368,5.035112097456649,3.386780912811692,3.386780912811692,3.469854174433528,0.0,0.0,0.3156654810583269,1.7917276427552506,0.10166118575914486,1.73136808743348,0.08221830407509932,0.014344204676564078,0.0,1.0869937539100647,0.0,0.0,0.0,2.4726465167226017,42.05067608807538,8.21095085144043,46.42744064331055,71.20941162109375,1.0052927732467651,0.6424577832221985,0.25,4.0,0.5654944181442261,0.4060724973678589,0.07828810591968487,0.0026452565926250136,2.9564465848175256,2.2677177037741685,0.232958337410945,1.0,0.6843226858087488,0.1439100131392479,1.0,0.1708544279272492,0.0,0.7337520992433703,0.11550703523932276,0.0,0.15074086068449793,,,,,,,,,,,,,,,,,,,,,,,,,,,,,,,,,,,,
300,8.138626265303336e-06,8.138626265303336e-06,1.0,9.379195496842668,5.004670993701832,3.406488483016555,3.406488483016555,3.4939743183754586,0.0,0.0,0.31587999495300084,1.7840574786469743,0.10224584530334214,1.720029344429841,0.08485517912619822,0.015415977856547042,0.0,1.08628008494506,0.0,0.0,0.0,2.4546864193838998,42.063713898529876,8.099455833435059,46.42744064331055,71.20941162109375,1.0046024322509766,0.6465306878089905,0.25,4.0,0.5660390257835388,0.40793493390083313,0.07736349710033921,0.002891454207243681,3.079754972780073,2.020105358716604,0.3440694546900693,1.0,0.685191628095266,0.14321453889479507,1.0,0.17073340552884178,0.0,0.7350171691662556,0.11478463922803467,0.0,0.15019819744535395,118.59811009417524,178.00241176348698,0.3073734610607436,56.846333157885205,118.59811071783504,138.79022462040527,161.5501656691757,199.7966096186845,30.98965290614537,96.80791029819223,193.0371312680452,0.5751081464758715,0.6423973844212548,0.5026760624624936,0.43098347722363944,0.0,0.5600606168699963,0.678962553595126,0.6980832142983039,0.7026188312371844,0.8495657909200836,0.9551317284086329,0.9881279542706387,0.34956579092008355,0.15513172840863287,0.03812795427063875,0.0006778791542999524,0.0,0.6868131868131868,0.3131868131868132,0.9597069597069599,1.2828086411559976,1.2253598481580452,1.203393469472508,-7.988560676574707,0.0003392645448911935
301,8.126646013903917e-06,8.126646013903917e-06,1.0,9.558990839365366,5.2220291575869995,3.360762699230297,3.360762699230297,3.419565181474428,0.0,0.0,0.31636748120591446,1.8251996878031138,0.10291212474977648,1.7302763300973016,0.08208954233575512,0.015876659859173203,0.0,1.0640572390040837,0.0,0.0,0.0,2.5542730125221045,42.471842688483164,8.291528701782227,46.974708557128906,72.04881286621094,1.0051664113998413,0.6440372467041016,0.25,4.0,0.5576969981193542,0.3961278200149536,0.07969416785206258,0.002724586935113251,2.9287779427863456,1.924394582574432,0.34293598894574284,1.0,0.6727778605512671,0.14885804016847867,1.0,0.1780225872188001,0.0,0.7247367114634127,0.1189842584568101,0.0,0.156279024642867,,,,,,,,,,,,,,,,,,,,,,,,,,,,,,,,,,,,
302,8.114636794711075e-06,8.114636794711075e-06,1.0,9.609674041335648,5.260476035040778,3.3696304849676184,3.3696304849676184,3.4495416847435205,0.0,0.0,0.313752993538573,1.8333611456123557,0.10104228133285367,1.7377256541638761,0.08616912918719086,0.016090443156458235,0.0,1.0574239363541473,0.0,0.0,0.0,2.6658148862220146,42.63407042219832,8.25920295715332,47.158565521240234,72.6138916015625,1.0048273801803589,0.625596284866333,0.25,4.0,0.5598131418228149,0.3905999958515167,0.06991738702265018,0.002089944195207353,2.7711026539673678,1.968753386993666,0.28954151728193256,1.0,0.6760375564162796,0.1469206932831455,1.0,0.17632912582642324,0.0,0.7258001243745958,0.11860107892268412,0.0,0.1555988035491995,,,,,,,,,,,,,,,,,,,,,,,,,,,,,,,,,,,,
303,8.102598728657515e-06,8.102598728657515e-06,1.0,9.345734802452293,5.063104384654277,3.303492836050085,3.303492836050085,3.3620497664889775,0.0,0.0,0.31417549945212697,1.8320190842087205,0.10205444008917422,1.733861594586759,0.08556446221631926,0.017118502081044623,0.0,1.0663619331411414,0.0,0.0,0.0,2.6428174489253276,43.482556008003854,8.356560707092285,48.56059646606445,73.18341064453125,1.0039608478546143,0.6346322894096375,0.25,4.0,0.5589790344238281,0.3924199640750885,0.06897910055804793,0.0026561987088302877,3.1009752718178003,2.1846117916944863,0.2955081546284435,1.0,0.6749680606094567,0.1468292885535472,1.0,0.17669878980597933,0.0,0.7263260419304306,0.11801797252249073,0.0,0.15565598856758428,,,,,,,,,,,,,,,,,,,,,,,,,,,,,,,,,,,,
304,8.090531936966428e-06,8.090531936966428e-06,1.0,9.524117108937856,5.234791330389075,3.3139371292011157,3.3139371292011157,3.370032284710858,0.0,0.0,0.3168787658214569,1.8093290425635673,0.1003891263861914,1.7468129525313507,0.08166760951280594,0.012880404404289014,0.0,1.0583255323203835,0.0,0.0,0.0,2.5403864158166423,42.26277284364443,8.115289688110352,46.70027160644531,71.76791381835938,1.0046383142471313,0.655354917049408,0.25,4.0,0.5568376779556274,0.40081214904785156,0.08166921982711456,0.0033482875588138747,2.7782142710041358,2.0800070472665735,0.25131510950204994,1.0,0.6715297006271981,0.1494169454719569,1.0,0.1782805851182422,0.0,0.7245633521595517,0.11922825067429929,0.0,0.1562083987770854,,,,,,,,,,,,,,,,,,,,,,,,,,,,,,,,,,,,
305,8.078436541150269e-06,8.078436541150269e-06,1.0,9.492394473101642,5.205656270723085,3.3064748403188347,3.3064748403188347,3.366405003779643,0.0,0.0,0.31364081034789215,1.8245365490784515,0.10077887813787202,1.762936286024145,0.08242296044890945,0.01623610661339921,0.0,1.0444766766316183,0.0,0.0,0.0,2.614072593482765,42.639880309233796,8.194930076599121,47.06654739379883,72.6138916015625,1.0057034492492676,0.6505576372146606,0.25,4.0,0.5563231110572815,0.3970189094543457,0.08016194331983806,0.002267753583543057,3.1485148660234503,2.0851918813344597,0.33772207848329433,1.0,0.6704264959773502,0.1510271844831673,1.0,0.17955389377233144,0.0,0.7228965388761984,0.12017772266188183,0.0,0.15692573866328677,125.7576231275286,184.24722809268258,0.3304542464568304,76.79283098074106,125.75762465177836,143.1074467649179,165.61551703118275,203.68904972632228,29.04682377406529,104.9466939231222,198.83556797193444,0.5815583554214577,0.6458992652588175,0.5055717130875202,0.4414509575763876,0.0,0.564469758610485,0.6914314955442136,0.7096678448970463,0.7088786034667969,0.8449672053057785,0.9545637756036789,0.9877432120479279,0.3449672053057785,0.15456377560367884,0.037743212047927965,0.0006778791542999524,0.0,0.6978021978021978,0.3021978021978022,0.9752747252747253,1.3115494120252,1.2525396509976177,1.2290950781860195,-7.989285469055176,0.00033901879214681685
306,8.066312663009543e-06,8.066312663009543e-06,1.0,9.74459222845129,5.439315744348474,3.325038433074951,3.325038433074951,3.391314719174359,0.0,0.0,0.31647254405794917,1.8246658234982878,0.1020160315407289,1.7514604620031409,0.08287866927079253,0.01394009664403023,0.0,1.0608919069573686,0.0,0.0,0.0,2.4889712591429016,43.76012905223949,8.554730415344238,48.75066375732422,73.46984100341797,1.004306435585022,0.6414411664009094,0.25,4.0,0.5572692155838013,0.39097556471824646,0.07029489003173214,0.0023634971003392057,3.1609963782735773,1.99415746733949,0.36913642766379023,1.0,0.6722150912155976,0.14867757945447355,1.0,0.17910858384660772,0.0,0.7248645424842834,0.11838741419283119,0.0,0.15674804473245466,,,,,,,,,,,,,,,,,,,,,,,,,,,,,,,,,,,,
307,8.054160424631568e-06,8.054160424631568e-06,1.0,9.450571884980073,5.122219227455758,3.345858457926157,3.345858457926157,3.4245785055933773,0.0,0.0,0.3149557822459453,1.8260622765566852,0.10055783753459518,1.7572817963522833,0.08556291017983411,0.01793353711380749,0.0,1.0564000670974318,0.0,0.0,0.0,2.6651689555193925,42.91069989591031,8.21095085144043,47.343135833740234,73.18341064453125,1.0055955648422241,0.6552236080169678,0.25,4.0,0.5572528839111328,0.39884164929389954,0.08081573476310318,0.002776561987088303,3.6410518836330725,2.3834647560441815,0.3453911583193536,1.0,0.6721479457777899,0.14886307555275993,1.0,0.17916366176025286,0.0,0.7260062291815474,0.11781224366780874,0.0,0.15618152674790975,,,,,,,,,,,,,,,,,,,,,,,,,,,,,,,,,,,,
308,8.041979948389248e-06,8.041979948389248e-06,1.0,9.252231056625778,4.972321703627303,3.3090208414438607,3.3090208414438607,3.36764348519815,0.0,0.0,0.31575513449875087,1.8031678844142605,0.09997711471609168,1.738218578132423,0.07938947166140015,0.01466573092054475,0.0,1.0568283200263977,0.0,0.0,0.0,2.5951925902753263,42.536423760491445,8.291528701782227,46.70027160644531,72.6138916015625,1.006478190422058,0.671458899974823,0.25,4.0,0.5565295219421387,0.40813398361206055,0.08945179997811577,0.0035370390633548527,3.0343864407088303,2.1507237396530203,0.29121627001779876,1.0,0.6708597798605223,0.15029448351344546,1.0,0.17962264128633448,0.0,0.7257823589685801,0.11831536204428286,0.0,0.1559022745570621,,,,,,,,,,,,,,,,,,,,,,,,,,,,,,,,,,,,
309,8.029771356939846e-06,8.029771356939846e-06,1.0,9.490954734183646,5.216107883968869,3.295574955038122,3.295574955038122,3.35249307993296,0.0,0.0,0.3137878187604853,1.8142033396540462,0.10014167810614044,1.7582112711829108,0.08530285269827456,0.016654208371717785,0.0,1.0546261088268176,0.0,0.0,0.0,2.6027992190541447,42.915921391667545,8.243087768554688,47.158565521240234,73.18341064453125,1.0050212144851685,0.6555847525596619,0.25,4.0,0.5571518540382385,0.4021000564098358,0.08346372688477952,0.0031650071123755334,3.3392111312698676,2.2157349401229136,0.33644958254547613,1.0,0.6720790589177931,0.14884698874241598,1.0,0.17804322975712852,0.0,0.7256306442054542,0.11854574849476686,0.0,0.15582360609157667,,,,,,,,,,,,,,,,,,,,,,,,,,,,,,,,,,,,
310,8.01753477322374e-06,8.01753477322374e-06,1.0,9.289178796716639,5.004838531081741,3.301014532914033,3.301014532914033,3.3600335572216964,0.0,0.0,0.3164565418217633,1.8227997953827317,0.10189909749739878,1.7542959355019234,0.08637608980407586,0.01606100350870071,0.0,1.0778234117739909,0.0,0.0,0.0,2.5627075369293624,43.40642702257311,8.3077392578125,47.714454650878906,74.04607391357422,1.0051395893096924,0.6620337963104248,0.25,4.0,0.563124418258667,0.41138824820518494,0.08247893642630484,0.0030309661888609256,4.033393988738188,2.4771228255452336,0.3858465519456532,1.0,0.6807877373050999,0.1455053346785339,1.0,0.17312273866421468,0.0,0.7341074186402399,0.11500922489810635,0.0,0.1508833552534516,92.15446979396945,133.46866785688397,0.24667667387008407,8.19927010169396,92.15447179414144,114.64276226437578,138.97276477671898,178.25819248952234,28.222735813685826,76.3149291045906,146.3027934198794,0.5772619824618728,0.6166802866020937,0.4970457405055872,0.4177524034132641,0.0,0.5284331324593687,0.6600420872961649,0.6849908911413236,0.6958472218706204,0.8622073210948664,0.9580630977245246,0.9872851855923198,0.3622073210948664,0.15806309772452454,0.03728518559231986,0.0005129896302810451,0.0,0.5824175824175825,0.4175824175824176,0.9642857142857143,1.1466300523543096,1.1043661488117753,1.0890758850581044,-7.988051891326904,0.00033943718881346285
311,8.005270320463192e-06,8.005270320463192e-06,1.0,9.367016998497215,5.071723010088946,3.3178993173547693,3.3178993173547693,3.384814185065192,0.0,0.0,0.3151939060236957,1.809869128304559,0.10192416930520856,1.7464380103188593,0.08402056971917281,0.01493727433419711,0.0,1.081859664337055,0.0,0.0,0.0,2.514155345994073,43.87226372796136,8.422101974487305,48.65553665161133,74.33588409423828,1.0054993629455566,0.6662856936454773,0.25,4.0,0.5643668174743652,0.4138414263725281,0.0828126709705657,0.0034412955465587046,3.86787309759372,2.072664103797964,0.46413337472539906,1.0,0.6825583222750071,0.14486855852442818,1.0,0.17263521213789243,0.0,0.7355284175357303,0.11431370292966431,0.0,0.15015787893050425,,,,,,,,,,,,,,,,,,,,,,,,,,,,,,,,,,,,
312,7.992978122161107e-06,7.992978122161107e-06,1.0,9.208041526175833,4.918027877807617,3.31564017888662,3.31564017888662,3.3805902004241943,0.0,0.0,0.31580181862856893,1.7877324755127366,0.10073995147202466,1.745701081043965,0.08897758305475519,0.017525172119054036,0.0,1.0518858303894867,0.0,0.0,0.0,2.6230131065523303,42.920968339249896,8.131155967712402,46.79157257080078,73.46984100341797,1.0050321817398071,0.6674479842185974,0.25,4.0,0.5594149827957153,0.41420790553092957,0.08754513622934676,0.003583543057227268,3.6806495681002334,2.4688883061344558,0.3292248391338239,1.0,0.6754881481866579,0.14713743188091227,1.0,0.17607054960083318,0.0,0.7286852501534127,0.11697092873824609,0.0,0.15434382171244235,,,,,,,,,,,,,,,,,,,,,,,,,,,,,,,,,,,,
313,7.980658302099786e-06,7.980658302099786e-06,1.0,9.379518328486261,5.056286090129131,3.344582409472079,3.344582409472079,3.41634776785567,0.0,0.0,0.3139767147399284,1.8244282716029399,0.10093631172502363,1.7429583781474345,0.08537349276043274,0.01705990483782984,0.0,1.0568965995633923,0.0,0.0,0.0,2.6643825704986983,42.79681087184597,8.115289688110352,46.60914993286133,73.46984100341797,1.0056638717651367,0.6633111238479614,0.25,4.0,0.5566786527633667,0.40737080574035645,0.08894846263267316,0.003137651821862348,3.1426960390967293,2.256160179102743,0.282094052038451,1.0,0.671349412686116,0.14925029108653198,1.0,0.17857163339047818,0.0,0.7257478478792552,0.11834501495232454,0.0,0.1559071379738885,,,,,,,,,,,,,,,,,,,,,,,,,,,,,,,,,,,,
314,7.968310984339677e-06,7.968310984339677e-06,1.0,9.505658252819165,5.236057655231373,3.288446252410476,3.288446252410476,3.342821269421964,0.0,0.0,0.31277272266310613,1.8323682224428333,0.10160059703362954,1.7534436857378162,0.08415002677891706,0.015890374207063705,0.0,1.059739444706891,0.0,0.0,0.0,2.6223640119707263,43.29719852756809,8.147052764892578,47.62135314941406,74.33588409423828,1.0052744150161743,0.6752966046333313,0.25,4.0,0.5556837320327759,0.40862342715263367,0.08786519312835102,0.003408469197942882,3.0089967766323604,2.1144752760191223,0.29728230603635863,1.0,0.6699523539156527,0.14963912863183665,1.0,0.1791127529498693,0.0,0.7264595112285098,0.11770634836441762,0.0,0.1558341436289452,,,,,,,,,,,,,,,,,,,,,,,,,,,,,,,,,,,,
315,7.955936293218135e-06,7.955936293218135e-06,1.0,9.40576643557162,5.078210276526374,3.355558762679229,3.355558762679229,3.4310049430744067,0.0,0.0,0.3145110687694034,1.8016432233758874,0.1015491592320236,1.7357714530583974,0.08381356923161326,0.015919326074622774,0.0,1.056186999823596,0.0,0.0,0.0,2.6014951435295313,43.603955346184804,8.25920295715332,47.807735443115234,74.62682342529297,1.0050721168518066,0.6519882082939148,0.25,4.0,0.559283971786499,0.4070320725440979,0.0801537367326841,0.0028203304519093995,3.436577894397684,2.3847449494374766,0.3060698687129739,1.0,0.6755681005684105,0.1458310571473998,1.0,0.17720068427356514,0.0,0.7275946333601668,0.11667776671615807,0.0,0.15572759992367513,101.69801967746609,149.1337078864185,0.2746237899299479,35.48002498752468,101.69802090958171,122.17160628932835,146.11853899103986,183.6354384863357,32.851375579833984,83.54160441908725,163.0915865690812,0.5836973788202352,0.6411954249842036,0.505501670337573,0.4375605519569988,0.0,0.5582904960469778,0.6847790422194328,0.7144211778329183,0.6923922770395622,0.8543292660584075,0.9568172657652706,0.9883294859111063,0.35432926605840753,0.15681726576527055,0.0383294859111063,0.0009160529112161519,0.0,0.6318681318681318,0.36813186813186816,0.9606227106227105,1.184920392029888,1.1388325403843607,1.1217465489120273,-7.988787651062012,0.00033918756525963545
316,7.943534353348162e-06,7.943534353348162e-06,1.0,9.504706717826224,5.194867301631618,3.3254178408029915,3.3254178408029915,3.3982805883562244,0.0,0.0,0.3155079371220357,1.8388712019533724,0.10102654832440454,1.7525217694205206,0.0865459498521444,0.017543515517703584,0.0,1.047639716315914,0.0,0.0,0.0,2.69963787697457,43.93035373172245,8.340254783630371,47.99485397338867,75.21212768554688,1.005391001701355,0.6529526710510254,0.25,4.0,0.5566405057907104,0.4021998643875122,0.08262939052412736,0.0028312725681146735,3.3319395087860726,2.1494332793596627,0.35490026944013553,1.0,0.6716072204950694,0.1476635012674976,1.0,0.17984208988176809,0.0,0.725009668517757,0.1176770559033832,0.0,0.15731328081440282,,,,,,,,,,,,,,,,,,,,,,,,,,,,,,,,,,,,
317,7.931105289617156e-06,7.931105289617156e-06,1.0,9.353276355846509,5.058450608640103,3.316599923211175,3.316599923211175,3.3809461658065385,0.0,0.0,0.31567213100356023,1.8139598691785657,0.1016960975688857,1.7429261851955105,0.08572670555598028,0.01608219010931616,0.0,1.0713455822016742,0.0,0.0,0.0,2.5833024688669153,44.34163944141285,8.291528701782227,48.75066375732422,75.8020248413086,1.0050069093704224,0.6658747792243958,0.25,4.0,0.5612106919288635,0.4126910865306854,0.0834172228909071,0.0035397745924061713,3.5920100461792304,2.424555961344693,0.3250141480189738,1.0,0.6783362159857879,0.14494764885386904,1.0,0.17553029833613215,0.0,0.7327352842769107,0.11449686760032499,0.0,0.152767846713195,,,,,,,,,,,,,,,,,,,,,,,,,,,,,,,,,,,,
318,7.918649227185646e-06,7.918649227185646e-06,1.0,9.335165590853304,5.032255881541484,3.331900422637527,3.331900422637527,3.391694610183303,0.0,0.0,0.31456757397265045,1.7974082843677417,0.09998910813718229,1.7315511767928664,0.08439322450273745,0.01788742922095431,0.0,1.0610973464476097,0.0,0.0,0.0,2.63813993415317,44.23638864465662,8.243087768554688,48.56059646606445,76.09870910644531,1.0041266679763794,0.6614413857460022,0.25,4.0,0.5596753358840942,0.41203102469444275,0.08383849436481015,0.003725790567895831,3.1110589182054675,2.1670281113804997,0.3034435642798778,1.0,0.6762128327343915,0.14546969734333656,1.0,0.17608087610554052,0.0,0.7304324636588225,0.11567391112849519,0.0,0.15389362783045382,,,,,,,,,,,,,,,,,,,,,,,,,,,,,,,,,,,,
319,7.906166291486047e-06,7.906166291486047e-06,1.0,9.356972745946935,5.083323414261277,3.299835694802774,3.299835694802774,3.360520259754078,0.0,0.0,0.31422611990490473,1.8105709778295982,0.10076811043797312,1.7415467951748822,0.08251973503344767,0.014655293242351429,0.0,1.0548402812029865,0.0,0.0,0.0,2.6379109814360335,44.446845389701224,8.291528701782227,48.75066375732422,76.09870910644531,1.0055148601531982,0.6605581045150757,0.25,4.0,0.5593954920768738,0.40951430797576904,0.08132454316664843,0.002880512091038407,2.8012187158739246,2.114902471368377,0.24500630408341054,1.0,0.6754822473268252,0.1467666376281429,1.0,0.1773997476777515,0.0,0.7293008050403079,0.11613322814574113,0.0,0.15456596500164754,,,,,,,,,,,,,,,,,,,,,,,,,,,,,,,,,,,,
320,7.893656608221384e-06,7.893656608221384e-06,1.0,9.366617228533771,5.033297074807657,3.3484637092899634,3.3484637092899634,3.4391042735125565,0.0,0.0,0.3149068887169297,1.8251001770431932,0.10028753852522052,1.764428454476434,0.08775029925478471,0.018951810776834953,0.0,1.0550103558076394,0.0,0.0,0.0,2.779471210531286,43.80736727327914,7.88098669052124,47.90120315551758,75.8020248413086,1.0047452449798584,0.667999804019928,0.25,4.0,0.5585923194885254,0.41287580132484436,0.08268410110515374,0.003241601925812452,3.9307019501119047,3.2030988222843892,0.1851076823076858,1.0,0.6744259579761608,0.1469078611683201,1.0,0.17722442746162415,0.0,0.7289889325966706,0.11639710012319926,0.0,0.15461396969653465,122.07767126062414,185.36313611068604,0.31879083847817047,73.14505323472913,122.07767446770222,140.59689295412383,162.95678170537332,199.24312376035968,32.52998897007534,98.73454255096672,201.16674472974694,0.5880796458655675,0.6731251195143066,0.5104687365890204,0.4654489214521337,0.0,0.5988774723732018,0.7229549763680804,0.742758892102286,0.7061670012608537,0.8400938038181085,0.9517606536953575,0.9882378806199846,0.3400938038181085,0.1517606536953574,0.03823788061998468,0.0012275109010296435,0.0,0.7197802197802198,0.2802197802197802,0.9542124542124542,1.2912173251529315,1.2410826588069999,1.221469497369541,-7.9883646965026855,0.00033933104714378715
321,7.881120303364025e-06,7.881120303364025e-06,1.0,9.360913689072067,5.039922366271147,3.3447653796221757,3.3447653796221757,3.424056968173465,0.0,0.0,0.3165737857689729,1.8027280311326723,0.09924630156239948,1.7486117852700722,0.08588392498928148,0.017671418999246246,0.0,1.0430781277450356,0.0,0.0,0.0,2.694616991120416,44.304826891100085,8.08365249633789,48.46584701538086,76.39654541015625,1.0048208236694336,0.6659826636314392,0.25,4.0,0.5553138256072998,0.40768709778785706,0.08543330780172885,0.0038735091366670312,3.137045718528129,2.3263595233092436,0.25842345568341013,1.0,0.6695970055219289,0.14888477365712863,1.0,0.18021942433473226,0.0,0.7251262922544737,0.11780164209572044,0.0,0.1570720672607422,,,,,,,,,,,,,,,,,,,,,,,,,,,,,,,,,,,,
322,7.868557503154422e-06,7.868557503154422e-06,1.0,9.513031469809043,5.25162038287601,3.2891140950692668,3.2891140950692668,3.335682353457889,0.0,0.0,0.3157063335985751,1.7896855425190281,0.09966372477041709,1.7403746295619655,0.08681965337411778,0.016033365655489063,0.0,1.0530097855103981,0.0,0.0,0.0,2.526187732413008,45.490230251002956,8.389266967773438,50.20002746582031,77.59961700439453,1.005447506904602,0.6704909205436707,0.25,4.0,0.5586261749267578,0.41191262006759644,0.08923295765401029,0.003788707736076157,3.0528894856169417,2.0121851297649176,0.34089159163968685,1.0,0.6745543673231795,0.14609226081016902,1.0,0.17930308709273468,0.0,0.7294987826733976,0.11482610110495542,0.0,0.15567510957653458,,,,,,,,,,,,,,,,,,,,,,,,,,,,,,,,,,,,
323,7.855968334099833e-06,7.855968334099833e-06,1.0,9.40445327758789,5.0385310585434375,3.3986149607477962,3.3986149607477962,3.491078009476533,0.0,0.0,0.31519196403993144,1.7830939840626072,0.10071319100019094,1.7348524879764866,0.08274769329944172,0.013148819757122043,0.0,1.054090762460554,0.0,0.0,0.0,2.444002876410613,46.53188334284602,8.740511894226074,51.69248962402344,78.51434326171875,1.0044306516647339,0.6573355793952942,0.25,4.0,0.5583323836326599,0.4059546887874603,0.07882974067184594,0.0032169821643505854,2.555889195687062,1.754948527426333,0.31337065378744794,1.0,0.6745031073286727,0.14432751971322136,1.0,0.18100472600073428,0.0,0.7282407589860864,0.11408707338410455,0.0,0.1576721732680862,,,,,,,,,,,,,,,,,,,,,,,,,,,,,,,,,,,,
324,7.843352922973051e-06,7.843352922973051e-06,1.0,9.381293606113744,5.107602905582738,3.2960342974276156,3.2960342974276156,3.351739818985398,0.0,0.0,0.3146085296128247,1.7965178844091054,0.0992314306062621,1.7649496084934957,0.08635448644290099,0.018502758343930583,0.0,1.0436577555295583,0.0,0.0,0.0,2.578803832466538,46.789376954774596,8.571455001831055,52.09791564941406,79.4398422241211,1.0041167736053467,0.6716817021369934,0.25,4.0,0.5553905963897705,0.40986838936805725,0.08442663311084364,0.004850093007987745,3.6456414533628,2.493041463800379,0.3161583508162175,1.0,0.6703797304952467,0.14518287556396947,1.0,0.18380256963742747,0.0,0.7256690505388621,0.11454803899333284,0.0,0.15978291066917213,,,,,,,,,,,,,,,,,,,,,,,,,,,,,,,,,,,,
325,7.830711396811129e-06,7.830711396811129e-06,1.0,9.261592323715622,4.97082452516298,3.3115567194448934,3.3115567194448934,3.3675479373416386,0.0,0.0,0.3145971886209539,1.82442066798339,0.09946335932692967,1.7541585741816341,0.08259128154935064,0.01692415860078826,0.0,1.0483176708221436,0.0,0.0,0.0,2.7089157781085453,46.20288003457559,8.422101974487305,50.99056625366211,79.4398422241211,1.004678726196289,0.6582358479499817,0.25,4.0,0.5564578771591187,0.4059832990169525,0.08047926468979101,0.003033701717912244,2.8623627520896293,2.2254374115853697,0.22251733818129127,1.0,0.6718349263474748,0.1453813709117271,1.0,0.18125100514373263,0.0,0.7262028246312529,0.11543582561048302,0.0,0.1583613531815039,92.03235139951602,134.63018673156301,0.247489785888027,-4.373077141059624,92.03235027484551,113.39590647346326,138.62881440261097,176.39365625039792,26.529100690569198,74.30362683673238,151.71774756390116,0.5568810798055037,0.616488909364126,0.4951366858856407,0.41870947163379807,0.0,0.5286767359631237,0.6630538619450607,0.6677441103871726,0.6953011697585686,0.8615111208823422,0.9568905499981679,0.9869920486607306,0.36151112088234216,0.15689054999816787,0.03699204866073069,0.0006045949214026602,0.0,0.521978021978022,0.47802197802197804,0.9606227106227105,1.1356812253758148,1.0970409519069797,1.0833836291190033,-7.988072872161865,0.00033943005837500095
326,7.81804388291409e-06,7.81804388291409e-06,1.0,9.183450673077557,4.873027698413746,3.34212183307957,3.34212183307957,3.4072455071114205,0.0,0.0,0.3158587144838797,1.788148525598887,0.10133564230558034,1.7262547563862156,0.08331299311405904,0.015318845354675039,0.0,1.0680621765755318,0.0,0.0,0.0,2.547093578287073,46.903361552470436,8.356560707092285,51.99626541137695,80.37625122070312,1.0055468082427979,0.6604812145233154,0.25,4.0,0.5621566772460938,0.4117496609687805,0.08193730167414377,0.002885983149141044,2.8512469594543046,2.154924997606793,0.24421664336672524,1.0,0.6801186816112416,0.1422860940565934,1.0,0.17663650536859357,0.0,0.7330388813405424,0.11266312144092612,0.0,0.15429799017068502,,,,,,,,,,,,,,,,,,,,,,,,,,,,,,,,,,,,
327,7.80535050884366e-06,7.80535050884366e-06,1.0,9.292252179738638,5.0242428135227515,3.3007756117227913,3.3007756117227913,3.355760806315654,0.0,0.0,0.3145877581995887,1.7739219439996254,0.09867368457285133,1.7401082161310557,0.08444526056582863,0.017410637987022463,0.0,1.0486428447671838,0.0,0.0,0.0,2.584854026098509,47.022618886586784,8.405668258666992,51.89480972290039,81.00665283203125,1.0045820474624634,0.6697775721549988,0.25,4.0,0.5585426092147827,0.4147930145263672,0.08747948353211511,0.004201772622825254,3.356120816759161,2.3783637849060266,0.2913354689052302,1.0,0.6746668509534888,0.14508744832631704,1.0,0.17960573450939074,0.0,0.7295861099217389,0.11443024793186703,0.0,0.15598363731358503,,,,,,,,,,,,,,,,,,,,,,,,,,,,,,,,,,,,
328,7.792631402421977e-06,7.792631402421977e-06,1.0,9.215523462037783,4.989912226393416,3.265348853291692,3.265348853291692,3.310325525902413,0.0,0.0,0.31243844209490595,1.766368250589113,0.09792891406529658,1.7261213837443172,0.08269901956255371,0.014934967731352191,0.0,1.0432552904696077,0.0,0.0,0.0,2.525103730124396,47.975479022876634,8.757599830627441,53.12546157836914,81.96153259277344,1.0044680833816528,0.6700562834739685,0.25,4.0,0.5561357736587524,0.41207247972488403,0.08254185359448517,0.004707845497319182,3.048848384135478,2.278273431835948,0.2527429557695215,1.0,0.6712705444645237,0.14585199690348394,1.0,0.18204162894068537,0.0,0.7260716638049564,0.11535591591854354,0.0,0.1585724269216125,,,,,,,,,,,,,,,,,,,,,,,,,,,,,,,,,,,,
329,7.7798866917303e-06,7.7798866917303e-06,1.0,9.444325704832334,5.143092993143442,3.330644568881473,3.330644568881473,3.4001019065444535,0.0,0.0,0.31534008560953913,1.7962394211743329,0.10016417966501133,1.7365298754460103,0.08376377720285107,0.015199767343850958,0.0,1.0437199022318866,0.0,0.0,0.0,2.6250688868599967,46.97345073803051,8.47159481048584,51.59162521362305,81.32369995117188,1.004497766494751,0.6733810305595398,0.25,4.0,0.5556086301803589,0.4148626923561096,0.08946000656526973,0.004018492176386913,2.9316697458963135,2.251131628816192,0.232133281053476,1.0,0.6705833029102635,0.14598931130525228,1.0,0.18160274463730888,0.0,0.726704478263855,0.11525919892497964,0.0,0.15803632301253243,,,,,,,,,,,,,,,,,,,,,,,,,,,,,,,,,,,,
330,7.767116505107723e-06,7.767116505107723e-06,1.0,9.465365796475798,5.115607326095168,3.3750595917572848,3.3750595917572848,3.467322774835535,0.0,0.0,0.3155031727777945,1.8124688348254643,0.0994161228473122,1.7433959149025582,0.0827332247753401,0.016526188336413453,0.0,1.0397460605647113,0.0,0.0,0.0,2.6417362528878288,47.24588115795238,8.621826171875,52.199771881103516,81.00665283203125,1.0055427551269531,0.657190203666687,0.25,4.0,0.5533434748649597,0.40334564447402954,0.08340628077470183,0.0032498085129664075,3.1847203422237085,2.259877006749849,0.2904001721005412,1.0,0.6670700730504217,0.14789507074936017,1.0,0.184662191851719,0.0,0.7214460405143531,0.11741167911001153,0.0,0.1611422711127513,94.12432062756885,136.73070084732717,0.24950561692037476,1.932776587350028,94.12431739006634,115.16138463649567,138.10019299011518,175.296251799333,22.893721989222936,76.13232350903888,155.4195775571077,0.5872868201209741,0.6259270516708805,0.501619007901127,0.4270959080983687,0.0,0.539599641264236,0.6752390741543163,0.7058176472482515,0.6909121043028873,0.8621890000366421,0.9589058664028435,0.9876882488732549,0.3621890000366421,0.15890586640284343,0.03768824887325495,0.0008244476200945367,0.0,0.554945054945055,0.44505494505494503,0.9642857142857143,1.1342454460951,1.0953251798893069,1.081055569452244,-7.987788200378418,0.0003395266830921173
331,7.754320971149887e-06,7.754320971149887e-06,1.0,9.157083614452466,4.871297694541313,3.3201788051708325,3.3201788051708325,3.3762534631265178,0.0,0.0,0.314802301896585,1.785322643615104,0.09984781431990701,1.7272967615643062,0.08137516184030352,0.014931333786178683,0.0,1.055399846386265,0.0,0.0,0.0,2.526493056400402,47.79432152413033,8.621826171875,52.918338775634766,81.6419906616211,1.0054632425308228,0.667140007019043,0.25,4.0,0.55732661485672,0.410793274641037,0.08765182186234818,0.0031759492285808075,2.550553453935159,1.8394138925784342,0.2788177445407124,1.0,0.6730810919323483,0.1448764541261905,1.0,0.18102327351634567,0.0,0.728777023586067,0.1139413184813551,0.0,0.15728165571754044,,,,,,,,,,,,,,,,,,,,,,,,,,,,,,,,,,,,
332,7.741500218707673e-06,7.741500218707673e-06,1.0,9.220156721166662,4.942094119819435,3.309925246883083,3.309925246883083,3.3632974882383606,0.0,0.0,0.3145451980668145,1.7897733127748645,0.10020473539023786,1.734913258939176,0.08280667753235714,0.014630676247179508,0.0,1.0461815176783382,0.0,0.0,0.0,2.5533894558210632,48.465155730376374,8.723457336425781,53.75168228149414,82.92766571044922,1.0051562786102295,0.6618760824203491,0.25,4.0,0.5560556054115295,0.40828657150268555,0.08284823284823285,0.0034057336688915634,2.9266871221967645,1.9002309530167967,0.350722891215482,1.0,0.6712623367438445,0.1454207111854811,1.0,0.18216038273798452,0.0,0.725602841055071,0.11531790265360393,0.0,0.15907925407628756,,,,,,,,,,,,,,,,,,,,,,,,,,,,,,,,,,,,
333,7.72865437688592e-06,7.72865437688592e-06,1.0,9.299864073057432,4.99236891720746,3.3332016919110274,3.3332016919110274,3.4098376970033386,0.0,0.0,0.31505992203145416,1.8059633197011173,0.10155334545148385,1.7474837270942893,0.08431902205621875,0.014594060821911774,0.0,1.0314013861321114,0.0,0.0,0.0,2.550886341043421,49.31133084683805,8.947787284851074,54.598148345947266,84.23358917236328,1.0049089193344116,0.6548855304718018,0.25,4.0,0.5526224970817566,0.4035132825374603,0.08122059306269833,0.0030911478279899334,3.2892857677227743,2.2145318074806317,0.3267438696839685,1.0,0.6664158734115394,0.14654680200525233,1.0,0.185514994972461,0.0,0.7205685441558426,0.11683335074701824,0.0,0.16259809885476087,,,,,,,,,,,,,,,,,,,,,,,,,,,,,,,,,,,,
334,7.715783575042108e-06,7.715783575042108e-06,1.0,9.389781127104888,5.077207668407543,3.339986027898015,3.339986027898015,3.4113139784013904,0.0,0.0,0.31541478553333796,1.7998214122411367,0.10036176402826567,1.7437462323420756,0.08334681502467878,0.01563216101478886,0.0,1.0422390844370868,0.0,0.0,0.0,2.541008888064204,50.142557711214636,9.267952919006348,55.89291000366211,85.22650909423828,1.0052260160446167,0.6623762845993042,0.25,4.0,0.557194173336029,0.4078933596611023,0.08404365904365904,0.0032689572163256374,3.106760086239995,2.0594498354035453,0.3371068964980728,1.0,0.6729303695060112,0.14439771948633967,1.0,0.1828425127912212,0.0,0.7276248303619591,0.11366749655556034,0.0,0.15870766986060786,,,,,,,,,,,,,,,,,,,,,,,,,,,,,,,,,,,,
335,7.70288794278507e-06,7.70288794278507e-06,1.0,9.196472451493547,4.933181685370368,3.2864984370566703,3.2864984370566703,3.3412332792539856,0.0,0.0,0.3162417282929292,1.8100109938028697,0.10055815247265068,1.7499009564116195,0.08501563100395976,0.014823542391831005,0.0,1.0380420862017452,0.0,0.0,0.0,2.573184486981985,50.60657542460674,9.413901329040527,55.89291000366211,86.23113250732422,1.0059714317321777,0.671017587184906,0.25,4.0,0.5553265810012817,0.40933364629745483,0.0898539227486596,0.003662873399715505,3.3507800964084833,2.007939343516891,0.4007546643633551,1.0,0.6700008849839907,0.14639323345712713,1.0,0.18406321229161443,0.0,0.7257839956799069,0.11479118405967145,0.0,0.15942481643444784,93.48866938496684,136.41619287223187,0.2467141910616502,-0.5271954798436427,93.48866780452286,114.68557182049543,137.27932881857706,174.0818640001886,25.864270891462052,74.10046262519305,158.15061419943103,0.5285881509166606,0.6242101211191913,0.5025156674433766,0.4291175511552194,0.0,0.5380199143842536,0.6765226167897985,0.6997793520722152,0.6926456583136059,0.8622439632113151,0.9582463083067678,0.9873951119416657,0.36224396321131513,0.15824630830676778,0.03739511194166578,0.0005496317467296911,0.0,0.5824175824175825,0.4175824175824176,0.9578754578754579,1.1200509071350098,1.0824586391285225,1.0690680707057754,-7.987081050872803,0.0003397668479010463
336,7.689967609973683e-06,7.689967609973683e-06,1.0,9.281807358200485,5.010342043799323,3.290114505870922,3.290114505870922,3.3510572716996476,0.0,0.0,0.31451930548693685,1.82808015475402,0.10138321526952691,1.7534854927578487,0.08611066679696779,0.018938023389342265,0.0,1.034873851247736,0.0,0.0,0.0,2.6870643577060185,50.37110488479202,9.124265670776367,55.89291000366211,86.23113250732422,1.005388617515564,0.6722052693367004,0.25,4.0,0.5537254214286804,0.41123974323272705,0.08647007331217857,0.0039008644271802165,4.214419936811602,2.325008786207921,0.44832057054881563,1.0,0.6678318751824869,0.146794860226077,1.0,0.18440146381790573,0.0,0.7236319184303284,0.1158802344186886,0.0,0.1604878455400467,,,,,,,,,,,,,,,,,,,,,,,,,,,,,,,,,,,,
337,7.67702270671555e-06,7.67702270671555e-06,1.0,9.444856721001702,5.160922385550834,3.306622247438173,3.306622247438173,3.3798284595077104,0.0,0.0,0.3152410524922448,1.817483686112069,0.09903623264383625,1.7528955130963713,0.08364676845234793,0.01493138269319929,0.0,1.032978906824782,0.0,0.0,0.0,2.5795164140495093,50.743011371509446,9.37720012664795,56.11166763305664,86.56863403320312,1.005897879600525,0.6720994114875793,0.25,4.0,0.5534020066261292,0.4116553068161011,0.09174143779406937,0.003933690775796039,2.8099441399445406,1.7783953926047764,0.36710649606014006,1.0,0.6673221443150494,0.14689908156523834,1.0,0.1857661536416492,0.0,0.7231220087489566,0.11561346960228842,0.0,0.1612645186282493,,,,,,,,,,,,,,,,,,,,,,,,,,,,,,,,,,,,
338,7.664053363365703e-06,7.664053363365703e-06,1.0,9.13097013009561,4.862147060600487,3.3081658530879663,3.3081658530879663,3.356028498830022,0.0,0.0,0.31490919638324427,1.765276564134134,0.0994281362037401,1.717277004912093,0.08532921164422422,0.015046495327574981,0.0,1.036548856142405,0.0,0.0,0.0,2.530081217353408,51.05453645860827,9.267952919006348,56.773094177246094,86.9074478149414,1.0060620307922363,0.6768715977668762,0.25,4.0,0.5538386106491089,0.41006237268447876,0.0918043549622497,0.004034905350694824,2.931743033834406,1.9495157583339795,0.3350318442526589,1.0,0.6677465567717681,0.14750850381883415,1.0,0.1856473366150985,0.0,0.7240441634848311,0.11544550109553982,0.0,0.16051033823876767,,,,,,,,,,,,,,,,,,,,,,,,,,,,,,,,,,,,
339,7.651059710525292e-06,7.651059710525292e-06,1.0,9.32942869856551,5.0533254984262825,3.3110078927632927,3.3110078927632927,3.369494811908619,0.0,0.0,0.3149293000633652,1.7838412652144562,0.10149074063913242,1.7244861125946045,0.08398260297002019,0.014446060947218054,0.0,1.0331565560521305,0.0,0.0,0.0,2.5049057683429203,51.548041575663795,9.358902931213379,57.2183723449707,87.58907318115234,1.0045769214630127,0.6622334122657776,0.25,4.0,0.553790807723999,0.4056796133518219,0.0838439654229128,0.0036601378706641865,2.67007081089793,1.7156237686002576,0.35746132214999093,1.0,0.6679468348219588,0.14658530580030904,1.0,0.18475567368236748,0.0,0.7233269536817396,0.11574432757255193,0.0,0.16092872297441638,,,,,,,,,,,,,,,,,,,,,,,,,,,,,,,,,,,,
340,7.638041879040251e-06,7.638041879040251e-06,1.0,9.236046739526698,4.950548803484118,3.3137624392638334,3.3137624392638334,3.3802859589860246,0.0,0.0,0.3150477344925339,1.798714144809826,0.10005202909579149,1.7394536572533685,0.08538432540120305,0.017601690745937662,0.0,1.0248110729294855,0.0,0.0,0.0,2.625406838752128,51.079071251121725,9.07096004486084,56.551753997802734,87.58907318115234,1.0047141313552856,0.6700257658958435,0.25,4.0,0.5522170066833496,0.4078168272972107,0.085408688040267,0.003922748659590765,2.9554978609085083,2.146010116950886,0.27389217724176906,1.0,0.6656031753565814,0.1478437648431675,1.0,0.18527688529040362,0.0,0.722058397692603,0.11660243973538682,0.0,0.1613391641829465,94.78875017690135,135.68066460812636,0.2549521244549128,24.475466738690386,94.78875182598594,114.66042079887376,136.75180556207633,174.02463865320976,28.304351261683873,76.74619393755299,155.50354468304178,0.5076782765182146,0.6427878368533233,0.5105796567860543,0.44842529149087756,0.0,0.5625771868208213,0.6860798982011107,0.7133021950419898,0.685521999144253,0.8579018724121505,0.9584661610054597,0.988824154483163,0.35790187241215055,0.15846616100545963,0.03882415448316301,0.0005679528049540142,0.0,0.6373626373626373,0.3626373626373626,0.967948717948718,1.1228621646270647,1.0850766791583417,1.071282877781234,-7.98740291595459,0.00033965750481002033
341,7.625e-06,7.625e-06,1.0,9.387245616397342,5.110269778483623,3.308657485085565,3.308657485085565,3.3694028661057756,0.0,0.0,0.3135101271642221,1.7968258310008693,0.09964407698528187,1.7324052726900256,0.08271664320617109,0.01675868675590971,0.0,1.0376109223108034,0.0,0.0,0.0,2.6023106832762024,51.31530184359164,9.106462478637695,56.773094177246094,87.58907318115234,1.0056400299072266,0.6621844172477722,0.25,4.0,0.5543262958526611,0.4080957770347595,0.08383849436481015,0.003159536054272896,2.8092192395313367,2.067422573630874,0.26405794729791787,1.0,0.6686855635127505,0.1466160485067883,1.0,0.1836252212524414,0.0,0.7233741798916379,0.11618098697146854,0.0,0.16044483998337308,,,,,,,,,,,,,,,,,,,,,,,,,,,,,,,,,,,,
342,7.611934204736119e-06,7.611934204736119e-06,1.0,9.253278242575156,4.997581868558316,3.2805110957171464,3.2805110957171464,3.325546967016684,0.0,0.0,0.31471897057584813,1.808465036186012,0.09931741372959034,1.752890622293627,0.083548322622035,0.016346660291625036,0.0,1.0279370852418848,0.0,0.0,0.0,2.5651790934640006,52.24804635950037,9.304226875305176,58.11942672729492,88.96839904785156,1.004972219467163,0.6667335033416748,0.25,4.0,0.5514273643493652,0.4043523967266083,0.08372360214465478,0.0035780719991246306,3.385786506775263,2.1834157375065057,0.35512303178676663,1.0,0.6644335066949999,0.14819166124672503,1.0,0.18671601527446025,0.0,0.7206687846699277,0.11678538149273074,0.0,0.16254583444144274,,,,,,,,,,,,,,,,,,,,,,,,,,,,,,,,,,,,
343,7.5988446248210156e-06,7.5988446248210156e-06,1.0,9.451578088708827,5.154526968260069,3.318961948961825,3.318961948961825,3.3896248469481596,0.0,0.0,0.315756749462437,1.8161231955966435,0.1007787049622149,1.7473568239727535,0.08630915972832087,0.017756103084900894,0.0,1.0323777537088137,0.0,0.0,0.0,2.6137593920166426,51.34647245664854,8.91290283203125,56.773094177246094,88.27604675292969,1.0050785541534424,0.6685535907745361,0.25,4.0,0.5520501732826233,0.4080977737903595,0.0869159645475435,0.0038570959623591204,2.7594035090626896,1.9507155700309857,0.29306621390301774,1.0,0.6654453583665796,0.14744772882880391,1.0,0.18598538435794212,0.0,0.7213652794425552,0.11655103979078499,0.0,0.16208368056529276,,,,,,,,,,,,,,,,,,,,,,,,,,,,,,,,,,,,
344,7.58573139206662e-06,7.58573139206662e-06,1.0,9.266173388506916,4.98932459547713,3.3029704609432735,3.3029704609432735,3.3672440696407007,0.0,0.0,0.3135579929158494,1.800762050860637,0.09933801720271239,1.7488330248239878,0.08676963913682345,0.0186004983859036,0.0,1.021436865265305,0.0,0.0,0.0,2.705321676022298,50.86159762820682,8.521378517150879,56.11166763305664,88.62154388427734,1.0039926767349243,0.6769804954528809,0.25,4.0,0.5482061505317688,0.41005203127861023,0.08875697559908086,0.004521829521829522,3.451144012244972,2.5685006323698403,0.2557538534304662,1.0,0.66013646770168,0.1485152468085289,1.0,0.18831848051096942,0.0,0.7182112706674112,0.1174773110731228,0.0,0.16431141825946602,,,,,,,,,,,,,,,,,,,,,,,,,,,,,,,,,,,,
345,7.572594638523036e-06,7.572594638523036e-06,1.0,9.419788747220426,5.106315793217839,3.345300829088366,3.345300829088366,3.4208833140295907,0.0,0.0,0.3144640833944888,1.7970046256039593,0.10064126390057641,1.7371185373615574,0.08226699301519909,0.01519704471669487,0.0,1.0127626109767605,0.0,0.0,0.0,2.595459338780996,51.87677249392948,8.982807159423828,57.44231414794922,89.31660461425781,1.0058473348617554,0.6694873571395874,0.25,4.0,0.5453965067863464,0.39941054582595825,0.09083324214903163,0.0034029981398402452,2.6796246050177395,2.1032497403589456,0.21509537700896658,1.0,0.6557429094572325,0.1509379543162681,1.0,0.1925468968378531,0.0,0.7140796555055154,0.11874424907806758,0.0,0.16717609159044317,102.21207819928179,146.8828100504705,0.27834825385208795,44.53438570211222,102.2120773555895,120.82121098064081,142.241324427023,179.8746175171004,34.25671223231724,83.88036452892214,163.96161353069803,0.5268431217638282,0.6508245425835066,0.5105259022686908,0.4511762418949441,0.0,0.5694668725901386,0.697945168619817,0.7220253929808491,0.6897192725355543,0.8525887655270968,0.9587043347623758,0.9896302810450331,0.35258876552709684,0.15870433476237578,0.03963028104503319,0.0005313106885053681,0.0,0.6923076923076923,0.3076923076923077,0.967032967032967,1.1572143530452645,1.1164312394601958,1.100876034779863,-7.988134860992432,0.0003394090454094112
346,7.5594344964772274e-06,7.5594344964772274e-06,1.0,9.238018602938265,4.9565312153584244,3.3070103928849504,3.3070103928849504,3.37998120849197,0.0,0.0,0.31645034374417486,1.8043097773113765,0.09973436654419512,1.7468699893435917,0.08626748772489058,0.016100172749468806,0.0,1.0098728134825423,0.0,0.0,0.0,2.606053455455883,52.03359098692198,9.000370025634766,57.2183723449707,90.01713562011719,1.0058257579803467,0.6746819019317627,0.25,4.0,0.5463557839393616,0.4038565158843994,0.09248823722507933,0.004021227705438232,3.0905036257730947,2.2495199925190694,0.2721186366651331,1.0,0.6569715206687515,0.15115301492246422,1.0,0.1916395502315985,0.0,0.7151459922661653,0.11868214808605812,0.0,0.16617187052159696,,,,,,,,,,,,,,,,,,,,,,,,,,,,,,,,,,,,
347,7.546251098451679e-06,7.546251098451679e-06,1.0,9.334821933024639,5.033232482703957,3.3361542933696025,3.3361542933696025,3.408629153225873,0.0,0.0,0.31349327757551865,1.7900199406855815,0.10008036244559933,1.7227202557228707,0.08525610856107764,0.017823388740244146,0.0,1.0166155857008856,0.0,0.0,0.0,2.6304898874179736,52.05761213560362,8.930327415466309,57.2183723449707,90.36944580078125,1.0057601928710938,0.6624504327774048,0.25,4.0,0.5490131378173828,0.40105852484703064,0.08752051646788489,0.0031650071123755334,3.078058421611786,2.153579523031776,0.3003448186977291,1.0,0.6608641324816523,0.14948416138822967,1.0,0.18993760403749105,0.0,0.7174270861857647,0.11763808695045677,0.0,0.16493482162823547,,,,,,,,,,,,,,,,,,,,,,,,,,,,,,,,,,,,
348,7.5330445772030625e-06,7.5330445772030625e-06,1.0,9.210721170580065,4.917965644114727,3.32699423867303,3.32699423867303,3.4068400086583317,0.0,0.0,0.31425472610705607,1.7785432016527332,0.09937477574960606,1.7275625853925138,0.08790727976608921,0.018729091993205854,0.0,1.0142414489307918,0.0,0.0,0.0,2.6460256930944084,52.0929962364403,8.826286315917969,57.2183723449707,90.72313690185547,1.0063557624816895,0.6672821044921875,0.25,4.0,0.5513458847999573,0.4053196609020233,0.0911259437575227,0.00328263486158223,3.165284295339842,2.1962651868124268,0.3061396759697303,1.0,0.664285692008766,0.1480538947759448,1.0,0.1881961395611634,0.0,0.7207314307625229,0.11621222544360806,0.0,0.16305634218293266,,,,,,,,,,,,,,,,,,,,,,,,,,,,,,,,,,,,
349,7.519815065720902e-06,7.519815065720902e-06,1.0,9.322821282051706,4.999925819603172,3.354693316124581,3.354693316124581,3.437146599228318,0.0,0.0,0.3160306102520711,1.7944365643166207,0.10043731452645482,1.7317678831719063,0.08360776899231447,0.014933152740972268,0.0,1.0171648457243636,0.0,0.0,0.0,2.5552779468330176,52.76794186153927,9.124265670776367,58.346900939941406,91.0782241821289,1.0063239336013794,0.6588872671127319,0.25,4.0,0.5503374338150024,0.4004082977771759,0.08479866506182296,0.0027628843418317102,2.9060932381733044,1.878211969459379,0.3536986546790994,1.0,0.66274102958473,0.148971522579322,1.0,0.1888569106121321,0.0,0.718904659554765,0.11710386884373587,0.0,0.16399146656732302,,,,,,,,,,,,,,,,,,,,,,,,,,,,,,,,,,,,
350,7.506562697226227e-06,7.506562697226227e-06,1.0,9.275621723484349,4.953858891048947,3.3519323709848763,3.3519323709848763,3.4304624183757886,0.0,0.0,0.315262398204288,1.789731595967267,0.10124225028463311,1.7353803177137632,0.08687318257383399,0.016186671054645163,0.0,1.0237610404555861,0.0,0.0,0.0,2.5548905069763594,52.90681715269346,8.947787284851074,58.57526397705078,91.43470001220703,1.0064051151275635,0.663235068321228,0.25,4.0,0.5529958605766296,0.40360134840011597,0.08628405733668891,0.002896925265346318,3.1155950555930265,2.103995063820401,0.3246891761355926,1.0,0.6666559770300582,0.14726327520769997,1.0,0.18692173990043434,0.0,0.7228814540682612,0.11525133896518398,0.0,0.16186720213374575,96.42073836693397,140.28485167720268,0.2535249726305103,19.48219360100044,96.42073993934571,116.29684593928405,139.15597385430553,175.9193049469344,26.989840371268137,76.85607975213102,161.85241765561312,0.5720815093991447,0.644379829691657,0.5113377605196342,0.4459917089189228,0.0,0.562235285221694,0.6874609230305514,0.7192022919593523,0.6853398676027931,0.8600454362243963,0.9582096661903191,0.9881096332124143,0.36004543622439633,0.15820966619031906,0.03810963321241434,0.0005679528049540142,0.0,0.6153846153846154,0.38461538461538464,0.9679487179487181,1.1298102533424295,1.0915986357645675,1.07743182606422,-7.988775730133057,0.00033919161069206893
351,7.493287605170244e-06,7.493287605170244e-06,1.0,9.30835924921809,5.0058492196572795,3.3410093333270097,3.3410093333270097,3.405020887787278,0.0,0.0,0.31453806725708217,1.7801404740359332,0.10111835075391305,1.7130733599533905,0.08263592281051584,0.01443182975934768,0.0,1.0398846155888326,0.0,0.0,0.0,2.545982670139622,53.4835299930057,9.106462478637695,59.49768829345703,91.79256439208984,1.0054324865341187,0.660286009311676,0.25,4.0,0.5568730235099792,0.40828531980514526,0.08178137651821862,0.0032333953386584967,2.656192682884835,1.9212249734917202,0.276699696572796,1.0,0.6726997929650385,0.1435752170714172,1.0,0.18304629825256966,0.0,0.7284596981229009,0.11261830780957197,0.0,0.15892199366479307,,,,,,,,,,,,,,,,,,,,,,,,,,,,,,,,,,,,
352,7.479989923232982e-06,7.479989923232982e-06,1.0,9.341925930332494,5.08193402676969,3.294145932068696,3.294145932068696,3.347168039631199,0.0,0.0,0.31358953102214915,1.7901663683556222,0.09960008613966606,1.7314933216249622,0.08347321724569476,0.01483666931430029,0.0,1.0159422014210675,0.0,0.0,0.0,2.6011400899371586,53.08910545142921,8.947787284851074,58.57526397705078,92.51249694824219,1.0055183172225952,0.6708722114562988,0.25,4.0,0.5479497313499451,0.40399596095085144,0.08934784987416566,0.0039555750082065876,3.1473203172554842,2.1294914886758134,0.3233953732002831,1.0,0.6593910423485009,0.14975744264351354,1.0,0.19076657416047277,0.0,0.717617018802746,0.11719078228280351,0.0,0.1651922037472596,,,,,,,,,,,,,,,,,,,,,,,,,,,,,,,,,,,,
353,7.4666697853219504e-06,7.4666697853219504e-06,1.0,9.256519626926732,4.996043965623185,3.287108679075499,3.287108679075499,3.334654105676187,0.0,0.0,0.3152925758748441,1.807003462636793,0.10051721918421823,1.7442622120315965,0.08301883351963919,0.014220117220050982,0.0,1.0354669190741874,0.0,0.0,0.0,2.504173111271214,54.42214470940667,9.450746536254883,60.43464279174805,93.23808288574219,1.0044372081756592,0.6595332026481628,0.25,4.0,0.551185131072998,0.4035683870315552,0.08519258124521283,0.003624575992997046,3.2499850819239744,1.9394152736341632,0.40325409971234716,1.0,0.6643549203872681,0.14696250412915204,1.0,0.18779582792037242,0.0,0.7206115577671979,0.1158587209678985,0.0,0.16352972428540927,,,,,,,,,,,,,,,,,,,,,,,,,,,,,,,,,,,,
354,7.453327325570792e-06,7.453327325570792e-06,1.0,9.2589023435438,4.988476302172686,3.3070121198087126,3.3070121198087126,3.361514780972455,0.0,0.0,0.3151909660648655,1.7759162252013747,0.10045817313162056,1.7264045251382363,0.08386020130805068,0.014247582155607036,0.0,1.0248215762344566,0.0,0.0,0.0,2.5401448430241764,54.060946696513405,9.088693618774414,59.96433639526367,93.23808288574219,1.0058883428573608,0.668679416179657,0.25,4.0,0.5526161789894104,0.407662034034729,0.08799376299376299,0.0032908414487361854,2.9289813943811365,2.2610220739970335,0.22805174579309198,1.0,0.6662488869718604,0.14691484538284508,1.0,0.18693888549869125,0.0,0.7229183912277222,0.11486210351860202,0.0,0.1622194961921589,,,,,,,,,,,,,,,,,,,,,,,,,,,,,,,,,,,,
355,7.439962678337924e-06,7.439962678337924e-06,1.0,9.270558073713973,5.0063716527577995,3.2963212631844185,3.2963212631844185,3.349913970844166,0.0,0.0,0.3143565823902955,1.795866054457587,0.09954417617739858,1.7369691423467688,0.08349022913623501,0.016119131830999174,0.0,1.000047878639118,0.0,0.0,0.0,2.600857876442574,54.55410158311999,9.487736701965332,60.199031829833984,94.33715057373047,1.0053062438964844,0.6660661101341248,0.25,4.0,0.5446469783782959,0.39967408776283264,0.08646733778312726,0.003610898347740453,2.9309760154904545,1.9124977081208616,0.3474877658455236,1.0,0.6544857202349482,0.1519777980205175,1.0,0.19353805764301404,0.0,0.7121007764661634,0.11966801152841465,0.0,0.16823121341499123,86.32573362497183,127.32958377342354,0.2332490714683899,3.858798792074015,86.32573281526838,108.16902459843098,131.99934928692971,169.2079233498175,27.918649400983536,69.92948387205139,141.19455553137738,0.5136853237987397,0.6185307012828641,0.5015003566298507,0.42692905000530035,0.0,0.5292745930971575,0.6691582530221547,0.6970354416139088,0.6833441074284081,0.8659448169726284,0.9603898721190136,0.9884027701440036,0.3659448169726284,0.16038987211901357,0.03840277014400362,0.0004397053973837529,0.0,0.6208791208791209,0.3791208791208791,0.9615384615384616,1.0904599460926685,1.055358342908241,1.042481279225795,-7.989240646362305,0.00033903398434631526
356,7.426575978205201e-06,7.426575978205201e-06,1.0,9.259311701800373,5.004912531053698,3.2807268645312333,3.2807268645312333,3.3321824073791504,0.0,0.0,0.3147354802569827,1.7980419268479217,0.09874254646333488,1.749786231968854,0.0862234218700512,0.01708508945523283,0.0,1.0238045534572087,0.0,0.0,0.0,2.6639636561677262,54.503071449898385,9.267952919006348,60.199031829833984,94.33715057373047,1.006085991859436,0.6790775060653687,0.25,4.0,0.5512096881866455,0.4121006727218628,0.09335813546339862,0.003772294561768246,2.993644689385955,2.2870106016461915,0.2360447417975664,1.0,0.6639959618851945,0.14874693247917536,1.0,0.18726131843554006,0.0,0.7222532919935278,0.115880502236856,0.0,0.16186620617235029,,,,,,,,,,,,,,,,,,,,,,,,,,,,,,,,,,,,
357,7.413167359976541e-06,7.413167359976541e-06,1.0,9.300838341584077,4.988151924030201,3.3449982887989766,3.3449982887989766,3.4367852210998535,0.0,0.0,0.3152529951688406,1.7782157176249735,0.09905680550916775,1.7436061002112724,0.0848303567114714,0.01631142520597456,0.0,1.0185932774801512,0.0,0.0,0.0,2.7589261982892013,52.80049184850744,8.356560707092285,57.89284133911133,93.23808288574219,1.0060817003250122,0.6832479238510132,0.25,4.0,0.5512999892234802,0.4191350042819977,0.09640277929751614,0.004073202757413284,4.547927323225382,3.920722656958812,0.13791000200543174,1.0,0.6644141190760845,0.1478547322991732,1.0,0.18543211874124166,0.0,0.7218565344810486,0.11643514278772715,0.0,0.16170831689158002,,,,,,,,,,,,,,,,,,,,,,,,,,,,,,,,,,,,
358,7.399736958676581e-06,7.399736958676581e-06,1.0,9.284302015562314,4.9516510190190495,3.372324157405544,3.372324157405544,3.4536789107967065,0.0,0.0,0.31518897092020187,1.7778337613956348,0.09879439102636801,1.7200482987068795,0.08105401966620136,0.014019202938101985,0.0,1.0129339405008264,0.0,0.0,0.0,2.5562947762979045,54.438953090358424,8.826286315917969,59.96433639526367,95.44915771484375,1.006295919418335,0.6671359539031982,0.25,4.0,0.5467315316200256,0.40370506048202515,0.0900481453113032,0.0032498085129664075,2.535792803442156,2.089436615641053,0.17602234188661112,1.0,0.6575576598579819,0.1508961446784638,1.0,0.19079313930627462,0.0,0.7149294083182877,0.11881489427508535,0.0,0.16625569760799408,,,,,,,,,,,,,,,,,,,,,,,,,,,,,,,,,,,,
359,7.386284909549314e-06,7.386284909549314e-06,1.0,9.269524084555137,4.991570653142156,3.3073126109870703,3.3073126109870703,3.3834297721450395,0.0,0.0,0.3148616391259271,1.7963071868226335,0.09837664865158699,1.7365649906364646,0.08689261771537163,0.019004145888863382,0.0,1.0100205444000863,0.0,0.0,0.0,2.705165946805799,55.149327561662005,9.159977912902832,60.43464279174805,96.95226287841797,1.0051004886627197,0.6578034162521362,0.25,4.0,0.5516589283943176,0.4077858626842499,0.08091968486705328,0.0035151548309443046,3.3051850296355583,2.413990860049789,0.26963518277947535,1.0,0.6650421329446741,0.14680804473322792,1.0,0.18696965277194977,0.0,0.7204994076007122,0.11622512078768499,0.0,0.1632754697992995,,,,,,,,,,,,,,,,,,,,,,,,,,,,,,,,,,,,
360,7.372811348056724e-06,7.372811348056724e-06,1.0,9.270492244411159,5.022083978395204,3.2753644956124797,3.2753644956124797,3.336893030115076,0.0,0.0,0.3131843563672659,1.8137253716185286,0.09874676389468683,1.7387775633786176,0.08450190048362757,0.016583414181966235,0.0,1.0267533547169454,0.0,0.0,0.0,2.66580140912855,55.22568986222551,9.106462478637695,60.671173095703125,96.95226287841797,1.0049227476119995,0.6645482778549194,0.25,4.0,0.5525323748588562,0.41159823536872864,0.08752872305503885,0.003731261625998468,2.8679769240521096,2.3251408177453117,0.18927492120119124,1.0,0.6663039858276779,0.14650633568699295,1.0,0.18562345126190702,0.0,0.7232333743894422,0.11520139550840533,0.0,0.16156523493496147,94.38092267382275,141.37628605408557,0.2454090859985777,15.808099516145475,94.38092460553457,114.26286901301785,137.6740459783166,174.58281093703056,23.75036076136998,74.5850699372994,160.6435082477072,0.5285498741164855,0.6486530387384487,0.5103895152292437,0.44914667902346667,0.0,0.5661759558364546,0.692722684006837,0.7265584283206621,0.6855014048399296,0.860027115166172,0.9584295188890111,0.9882195595617603,0.36002711516617203,0.15842951888901102,0.038219559561760374,0.0006962002125242754,0.0,0.6043956043956044,0.3956043956043956,0.9569597069597071,1.1209386375087957,1.0851922840862485,1.071934543631889,-7.988480091094971,0.00033929190249182284
361,7.359316409877428e-06,7.359316409877428e-06,1.0,9.253591279725772,4.990765004544644,3.2945140761298104,3.2945140761298104,3.3508475857812003,0.0,0.0,0.31398957726117727,1.7917386712254704,0.09994818209796338,1.7389323808051445,0.08294618562669367,0.014036941203615955,0.0,1.0321962930060722,0.0,0.0,0.0,2.4968345358565047,56.34197245417415,9.450746536254883,62.35304260253906,97.71267700195312,1.0050350427627563,0.6718567609786987,0.25,4.0,0.5551009178161621,0.4167964458465576,0.08872688477951636,0.0037066418645366013,3.968754320531278,3.3396534420348503,0.15851343461648518,1.0,0.6700964618373562,0.1447452224186949,1.0,0.1840662182988347,0.0,0.7268118584478224,0.11328880891606614,0.0,0.15989933666345235,,,,,,,,,,,,,,,,,,,,,,,,,,,,,,,,,,,,
362,7.3458002309053014e-06,7.3458002309053014e-06,1.0,9.258873991064123,4.983158962146656,3.310278241698806,3.310278241698806,3.3830265676653064,0.0,0.0,0.3144843489737124,1.784518473857158,0.09929576496014723,1.7286513270558537,0.08458044067830653,0.013981059338343708,0.0,1.0248758921752106,0.0,0.0,0.0,2.556216494457142,56.41996074367214,9.562149047851562,62.35304260253906,97.71267700195312,1.0052067041397095,0.6628926992416382,0.25,4.0,0.5549112558364868,0.4116693437099457,0.08299595141700405,0.0034987416566363934,2.8083145554001265,1.9669114786225397,0.2996114075467961,1.0,0.6696691996342427,0.14532644422473134,1.0,0.18499734756108877,0.0,0.7256010803016456,0.11371730489505304,0.0,0.16068160856092298,,,,,,,,,,,,,,,,,,,,,,,,,,,,,,,,,,,,
363,7.3322629472481184e-06,7.3322629472481184e-06,1.0,9.344531909839526,5.044342028128134,3.331655740737915,3.331655740737915,3.411175573194349,0.0,0.0,0.3154670628341469,1.7880173502741634,0.1001707929614428,1.7335873777801927,0.08458387086520323,0.014946955105138791,0.0,1.0385718683938723,0.0,0.0,0.0,2.571468034306088,56.084779275430215,9.322417259216309,61.626609802246094,97.71267700195312,1.00552237033844,0.6676567196846008,0.25,4.0,0.5577135682106018,0.4192736744880676,0.08656581682897473,0.0038324762008972537,2.9883621262537465,2.1473375268884607,0.28143329483954016,1.0,0.6736868039981739,0.14406298564092532,1.0,0.18263403950510798,0.0,0.7286856593312444,0.11266458195609015,0.0,0.15864975307438825,,,,,,,,,,,,,,,,,,,,,,,,,,,,,,,,,,,,
364,7.318704695226174e-06,7.318704695226174e-06,1.0,9.1487790185052,4.900259237031679,3.2812400379696407,3.2812400379696407,3.3362563945151664,0.0,0.0,0.31397591249362844,1.7892798861941777,0.09888082420503772,1.7394752244691591,0.08136753294918989,0.014092888110443144,0.0,1.0371028829265285,0.0,0.0,0.0,2.5519777310861125,55.85417484592747,9.322417259216309,60.90863800048828,98.09510803222656,1.0060690641403198,0.6727677583694458,0.25,4.0,0.5567718744277954,0.4203276038169861,0.09407210854579276,0.003991136885873728,2.7509301610895105,1.9315327510640428,0.297861945612223,1.0,0.6720327896040839,0.14597762718393997,1.0,0.18254648028193293,0.0,0.7280404519390415,0.1137344796915312,0.0,0.15822507159129992,,,,,,,,,,,,,,,,,,,,,,,,,,,,,,,,,,,,
365,7.3051256113709145e-06,7.3051256113709145e-06,1.0,9.121885222357673,4.836119819331813,3.3209773463171883,3.3209773463171883,3.3894805070516227,0.0,0.0,0.3144031763076782,1.7801730181719806,0.09857944459528536,1.7287709100826367,0.08297551584404868,0.014356555544607644,0.0,1.045967319527188,0.0,0.0,0.0,2.5182101823188163,56.59826175586598,9.358902931213379,61.8678092956543,98.86447143554688,1.0071327686309814,0.6740350723266602,0.25,4.0,0.5599993467330933,0.4212420880794525,0.09440584309005362,0.003252544042017726,2.812561491856704,2.1568551236713254,0.2331349448123589,1.0,0.6767207078031592,0.1439823101501207,1.0,0.18111182990911845,0.0,0.7323004796698287,0.11140296225612228,0.0,0.15629655283850594,93.65650466248229,134.5798693460892,0.2520581546324315,26.603370624584155,93.65650350602995,114.33193255359326,135.98652155479718,174.1761558601998,24.796587262834823,77.70479654711346,148.8693257207456,0.4450994295156107,0.6399702726849353,0.5100551013461759,0.44430108425456594,0.0,0.5552982526901812,0.6868620763657599,0.7228926111939669,0.6873813753453878,0.8590194569638342,0.9598035982558353,0.9889340808325089,0.3590194569638342,0.15980359825583523,0.03893408083250893,0.0003481001062621377,0.0,0.6538461538461539,0.34615384615384615,0.9706959706959708,1.1145718353135246,1.0783445934181686,1.0647312317575728,-7.988814830780029,0.0003391783684492111
366,7.291525832423566e-06,7.291525832423566e-06,1.0,9.138057219015586,4.843992413701238,3.3389832264668233,3.3389832264668233,3.4092483520507812,0.0,0.0,0.31384218947307485,1.753083441708539,0.1000912559999002,1.7095474906869836,0.08294478461549089,0.015322145238216664,0.0,1.0370906156462592,0.0,0.0,0.0,2.5301836213550053,57.23938514090873,9.487736701965332,63.088043212890625,99.63988494873047,1.0061249732971191,0.6690014004707336,0.25,4.0,0.5601585507392883,0.42246922850608826,0.09095634095634096,0.0034577087208666154,2.7106175914004043,1.9003465795839154,0.298924870253599,1.0,0.6770917628262494,0.14322199148906245,1.0,0.18134220387484576,0.0,0.7311058334402136,0.11169825514426103,0.0,0.15719591161689242,,,,,,,,,,,,,,,,,,,,,,,,,,,,,,,,,,,,
367,7.277905495333749e-06,7.277905495333749e-06,1.0,9.288686211044723,4.974206189851503,3.3583057120039657,3.3583057120039657,3.4473986110171757,0.0,0.0,0.31338501459843404,1.7592681936315588,0.09875333188353358,1.7148690578099843,0.08135209474209193,0.01412954498585817,0.0,1.0396722232973254,0.0,0.0,0.0,2.5035270678030477,57.26773411518818,9.54349136352539,62.597084045410156,100.02985382080078,1.006368637084961,0.6683058738708496,0.25,4.0,0.5607560276985168,0.422432005405426,0.09421709158551264,0.0032169821643505854,2.648084634059184,1.940961988391103,0.267031739308177,1.0,0.6778972519410623,0.14327944392288053,1.0,0.1803401889833244,0.0,0.7318438613736952,0.1117422822359446,0.0,0.15641385961223292,,,,,,,,,,,,,,,,,,,,,,,,,,,,,,,,,,,,
368,7.26426473725811e-06,7.26426473725811e-06,1.0,9.144215506476325,4.8657136478939575,3.3170043068963126,3.3170043068963126,3.383288473696322,0.0,0.0,0.3153057533341485,1.7686784750706441,0.09890845075652406,1.723673949370513,0.08350144437438733,0.01630722698629708,0.0,1.025730250654994,0.0,0.0,0.0,2.5325445420033224,58.00768166619378,9.750744819641113,63.831703186035156,100.81439971923828,1.0056450366973877,0.6683623790740967,0.25,4.0,0.5550441145896912,0.4161611795425415,0.09136667031403874,0.0041853594485173435,3.2136855632872194,2.44496018258301,0.23920366991906153,1.0,0.6696477065215239,0.14604675709395795,1.0,0.18546152598149068,0.0,0.7252219528765291,0.11393202217044057,0.0,0.16084601991885417,,,,,,,,,,,,,,,,,,,,,,,,,,,,,,,,,,,,
369,7.2506036955589274e-06,7.2506036955589274e-06,1.0,9.183700664623364,4.91846937746615,3.307130936029795,3.307130936029795,3.3656841290963664,0.0,0.0,0.3149387763964163,1.7566925383902885,0.09920960664749146,1.724552109434798,0.08386538902650008,0.013289821346768656,0.0,1.0106937208691158,0.0,0.0,0.0,2.487000365515013,58.01862850704708,9.788908958435059,63.58284378051758,101.208984375,1.0069116353988647,0.6729537844657898,0.25,4.0,0.5524522066116333,0.41512763500213623,0.09680216653900864,0.0036929642192800086,2.7846738631660872,1.8507381258784115,0.3353842436061148,1.0,0.6655921871597702,0.14847062930867477,1.0,0.18854170191932368,0.0,0.7214460695112074,0.1153652021611059,0.0,0.1631887361810014,,,,,,,,,,,,,,,,,,,,,,,,,,,,,,,,,,,,
370,7.236922507802741e-06,7.236922507802741e-06,1.0,9.187210778932315,4.894242196469693,3.33519433640145,3.33519433640145,3.4118057134989144,0.0,0.0,0.3144150940147606,1.7616387380136025,0.09753774670330254,1.7220636638435158,0.0822753962632772,0.013035884680780204,0.0,1.0195857125359613,0.0,0.0,0.0,2.5014747381210327,58.26259190327412,9.71273136138916,64.33234405517578,101.208984375,1.0049176216125488,0.6668530106544495,0.25,4.0,0.5551932454109192,0.4188864529132843,0.0888800744063902,0.004461647882700514,2.539948242741662,1.9153489075802468,0.24591026094579493,1.0,0.6701891454490455,0.1445702785575712,1.0,0.18537963967065554,0.0,0.7246546519769205,0.11361328915164277,0.0,0.16173206148920832,95.2667728465992,135.05572584527752,0.2567000578462302,32.80279205657624,95.2667716419207,115.1522531211183,137.10216907282216,174.2962265636221,23.86222948346819,79.37694502246472,150.69328573475713,0.4976777399423297,0.6425261094787287,0.5110016637869882,0.44725099207329083,0.0,0.5574222589505113,0.6888216378660106,0.7384839453296215,0.6825849129021888,0.8592393096625262,0.9601150562456487,0.9892638598805467,0.35923930966252615,0.1601150562456487,0.0392638598805467,0.00047634751383239895,0.0,0.6593406593406593,0.34065934065934067,0.9725274725274725,1.1216872923976773,1.083901000710634,1.0696812513601648,-7.988243579864502,0.00033937214175239205
371,7.223221311758962e-06,7.223221311758962e-06,1.0,9.223011042620685,4.968705319069527,3.277790720398362,3.277790720398362,3.348831569826281,0.0,0.0,0.31538908787675807,1.801634501766514,0.09902991233645259,1.7570897566305625,0.0867114381210224,0.018265078460948693,0.0,1.021545690459174,0.0,0.0,0.0,2.65082366724272,57.81615169628246,9.432306289672852,63.3349609375,101.6051025390625,1.0064181089401245,0.6721580028533936,0.25,4.0,0.5555771589279175,0.41733065247535706,0.09465751176277493,0.003939161833898676,3.2794751911549955,2.3793756381885425,0.2744645104784122,1.0,0.670281792009199,0.14622745803884557,1.0,0.18562817895734632,0.0,0.7259950750582927,0.11366200628312859,0.0,0.16034291281893448,,,,,,,,,,,,,,,,,,,,,,,,,,,,,,,,,,,,
372,7.209500245398478e-06,7.209500245398478e-06,1.0,9.256500811190218,5.026748051514497,3.2563867375657365,3.2563867375657365,3.307339855142542,0.0,0.0,0.31437881653373306,1.799110080744769,0.09887307741352029,1.752835988998413,0.08427410039144594,0.015206440040413794,0.0,1.0296423886273358,0.0,0.0,0.0,2.6463218089696525,58.29363209492451,9.450746536254883,63.831703186035156,102.80279541015625,1.0067598819732666,0.6779611706733704,0.25,4.0,0.5561600923538208,0.42009755969047546,0.09559579822737717,0.0036546668125615493,3.0878385675920024,2.1712462765139504,0.29683944643286214,1.0,0.6710343940837963,0.14649158031553836,1.0,0.18435028437021617,0.0,0.7272551913519163,0.11352179642464663,0.0,0.1592230140357404,,,,,,,,,,,,,,,,,,,,,,,,,,,,,,,,,,,,
373,7.195759446892278e-06,7.195759446892278e-06,1.0,9.253316905047443,4.989129388654554,3.29987578134279,3.29987578134279,3.359733078930829,0.0,0.0,0.3140494009932956,1.7802044733150586,0.09953665974977854,1.7224131049336613,0.08545905784577937,0.014947970498453927,0.0,1.0367623003753457,0.0,0.0,0.0,2.5594371621673173,59.553497108253275,9.674864768981934,65.85794067382812,103.60908508300781,1.0051393508911133,0.6659994125366211,0.25,4.0,0.5579370260238647,0.4186389148235321,0.08767370609475873,0.0036081628186891345,2.6366022933979294,1.979900733844654,0.24907114781689327,1.0,0.674224004552171,0.14306298623213898,1.0,0.18232365758032412,0.0,0.7296434834196761,0.11181952643233377,0.0,0.15853698753021858,,,,,,,,,,,,,,,,,,,,,,,,,,,,,,,,,,,,
374,7.181999054610053e-06,7.181999054610053e-06,1.0,9.223508783288905,4.92471441062721,3.3386215905885437,3.3386215905885437,3.4129553743310876,0.0,0.0,0.31527943224520294,1.7693195665204846,0.09805572113475285,1.717472562918792,0.08277485519647598,0.014415196344457768,0.0,1.0363856086859833,0.0,0.0,0.0,2.499921035122227,59.71838461386191,9.693778991699219,65.60118103027344,104.42169952392578,1.0061687231063843,0.6736648678779602,0.25,4.0,0.5585649013519287,0.42240381240844727,0.09334172228909071,0.003917277601488128,2.584704315340197,1.7559847590085622,0.32062451066963116,1.0,0.6748107059581859,0.14390270371694822,1.0,0.18278559720194018,0.0,0.7299945032274401,0.11191322815579337,0.0,0.1580922680126654,,,,,,,,,,,,,,,,,,,,,,,,,,,,,,,,,,,,
375,7.168219207118794e-06,7.168219207118794e-06,1.0,9.129563692453745,4.862185040035763,3.3053827930141138,3.3053827930141138,3.3764440368961646,0.0,0.0,0.3135711792353037,1.7799947777309932,0.09851063667116938,1.7269444368981026,0.08183326149309003,0.013447975919179216,0.0,1.0207564959654938,0.0,0.0,0.0,2.5350971447454915,59.60442579114759,9.923660278320312,65.34542846679688,104.42169952392578,1.0067074298858643,0.6725190877914429,0.25,4.0,0.5545089840888977,0.41531410813331604,0.09179341284604442,0.0036300470510996826,2.9714787562151215,2.0470714359670072,0.31109336330089227,1.0,0.6686997574728888,0.14690768678446073,1.0,0.1866095207027487,0.0,0.7247387364103988,0.11391723458025907,0.0,0.16134403847359322,87.28781190809313,123.80498452913007,0.23607201893336893,-3.4753572652628133,87.28781252302308,107.03537270032923,129.73143748393392,166.49018467491763,21.633714948381698,71.35404193493747,141.96248593537703,0.5363877431735518,0.6343345371367214,0.5056083430835042,0.438520102811678,0.0,0.5494208412233005,0.6849585651734544,0.7117290341191158,0.6772397960449665,0.8643325638488879,0.9598585614305082,0.9889157597742846,0.3643325638488879,0.15985856143050814,0.03891575977428463,0.0007878055036458905,0.0,0.5274725274725275,0.4725274725274725,0.9652014652014653,1.0723416585843641,1.0410193881981975,1.0302271831494112,-7.988144397735596,0.00033940578578040004
376,7.154420043181416e-06,7.154420043181416e-06,1.0,9.210834760923643,4.951727158314473,3.291006281569197,3.291006281569197,3.3488549284032874,0.0,0.0,0.31411239585360967,1.7928726608688768,0.09757131861673819,1.7397201447873503,0.08193028255088909,0.017721893369673274,0.0,1.0229247647362787,0.0,0.0,0.0,2.6904982392852372,58.669113777779245,9.322417259216309,63.831703186035156,104.01460266113281,1.0072087049484253,0.6794470548629761,0.25,4.0,0.5548926591873169,0.42157235741615295,0.09800032826348616,0.003624575992997046,3.3208379463569537,2.638947498959464,0.2053368632894422,1.0,0.6692936597643672,0.14657839870936162,1.0,0.1861456181551959,0.0,0.7251829827154005,0.11371283958087096,0.0,0.16110418092560125,,,,,,,,,,,,,,,,,,,,,,,,,,,,,,,,,,,,
377,7.1406017017553476e-06,7.1406017017553476e-06,1.0,9.177929053435454,4.912661526654218,3.3042827490213753,3.3042827490213753,3.359052864280907,0.0,0.0,0.3140111855558447,1.7809053143939457,0.09742029534803855,1.7187595109681826,0.08381647022592055,0.01705422913152221,0.0,0.9967583868954633,0.0,0.0,0.0,2.6613065197661117,59.49531792305611,9.63714599609375,64.58413696289062,105.65259552001953,1.0055351257324219,0.6681618690490723,0.25,4.0,0.5488470196723938,0.41568031907081604,0.09405569537148485,0.004242805558595032,3.103728983853314,2.154974004706821,0.3056822886541477,1.0,0.6606038953806903,0.14959119220037717,1.0,0.19036128875371572,0.0,0.7160618643502932,0.11781859136111028,0.0,0.16611954690636815,,,,,,,,,,,,,,,,,,,,,,,,,,,,,,,,,,,,
378,7.12676432199113e-06,7.12676432199113e-06,1.0,9.14837984136633,4.852386964334024,3.337005950309135,3.337005950309135,3.4126831003137537,0.0,0.0,0.3141507353331592,1.7716951595770347,0.09724107626322154,1.7123268037228971,0.08369446737138,0.017498262308386935,0.0,1.0182214556513607,0.0,0.0,0.0,2.596736215256356,61.11849532256255,10.178854942321777,67.15686798095703,106.89798736572266,1.0064160823822021,0.6579059958457947,0.25,4.0,0.556298017501831,0.4135284721851349,0.08962413830834884,0.0032142466352992668,3.1666427979598173,2.1694873055896244,0.3148935816229836,1.0,0.6715396964872206,0.14467368113833504,1.0,0.18626203528932622,0.0,0.725149695937698,0.11320883740444442,0.0,0.16164146283188383,,,,,,,,,,,,,,,,,,,,,,,,,,,,,,,,,,,,
379,7.112908043231026e-06,7.112908043231026e-06,1.0,9.1286492734342,4.885270247588286,3.2847523109332935,3.2847523109332935,3.349222666508443,0.0,0.0,0.3143946600926889,1.7678110889486365,0.09849467269472174,1.7232960913632367,0.08212035199677623,0.014295744250301976,0.0,1.0030803470998197,0.0,0.0,0.0,2.5434572342279793,61.69339710957295,10.178854942321777,67.68359375,108.15806579589844,1.0067980289459229,0.6757223010063171,0.25,4.0,0.5507339835166931,0.4161640405654907,0.09406116642958748,0.004286574023416129,2.7576852102537415,2.01951315596297,0.26767814235869597,1.0,0.6633457863653028,0.14815483524187192,1.0,0.19073997317133723,0.0,0.7190650331007468,0.11533271219279315,0.0,0.16560225510919416,,,,,,,,,,,,,,,,,,,,,,,,,,,,,,,,,,,,
380,7.099033005007611e-06,7.099033005007611e-06,1.0,9.194979384138778,4.88345295674092,3.3581807291185535,3.3581807291185535,3.4406785900528365,0.0,0.0,0.31522754720739415,1.7537017416309666,0.09848875270501987,1.7103998693259987,0.08063394737404746,0.01511344817668401,0.0,1.009575460408185,0.0,0.0,0.0,2.469111764753187,61.96274257350613,10.420238494873047,67.94849395751953,108.15806579589844,1.0063416957855225,0.6686172485351562,0.25,4.0,0.5528865456581116,0.4170922040939331,0.09119706751285699,0.003991136885873728,2.675048505937731,1.9678211373251837,0.2643792690273595,1.0,0.6666204816586262,0.14640577238153768,1.0,0.18880262930650968,0.0,0.721426696390719,0.11432693234166584,0.0,0.16424637589905713,89.80223282614907,128.66862165560704,0.2409114986829992,-1.8813291906000493,89.80223214966617,109.91224088852651,131.64636691796184,168.11824302539702,24.044475555419922,72.19357991773029,149.18963556704313,0.5012821370030506,0.6481156789746192,0.5151777000754725,0.4530926410596062,0.0,0.5669369446319784,0.6966113365370858,0.7266000849669808,0.6772030342148524,0.8637462899857096,0.9591806822762082,0.9883294859111063,0.36374628998570957,0.15918068227620819,0.0383294859111063,0.0009526950276647979,0.0,0.5384615384615384,0.46153846153846156,0.9587912087912088,1.0835727120002547,1.0516307037937773,1.040343232862242,-7.987854480743408,0.0003395042149350047
381,7.085139347042362e-06,7.085139347042362e-06,1.0,9.194472184052339,4.911281005756275,3.3232836336702913,3.3232836336702913,3.3963153748898893,0.0,0.0,0.3151870079942652,1.759274282970944,0.0985368717763875,1.725607169641031,0.08507085662033106,0.016034842660726124,0.0,1.0108707321656716,0.0,0.0,0.0,2.5335063902107446,62.19902791203679,10.318974494934082,67.94849395751953,108.58139038085938,1.006223201751709,0.6738680601119995,0.25,4.0,0.5540180802345276,0.4185686707496643,0.09521008863114126,0.003909071014334172,3.101434519162049,2.0820985065924154,0.3286659790080107,1.0,0.6683203320245485,0.14553597992336428,1.0,0.1879792430916348,0.0,0.7242049123789813,0.1129905720417564,0.0,0.16280451739156568,,,,,,,,,,,,,,,,,,,,,,,,,,,,,,,,,,,,
382,7.071227209244262e-06,7.071227209244262e-06,1.0,9.075287354959023,4.844994171245678,3.276900149680473,3.276900149680473,3.3328278966852136,0.0,0.0,0.3134344808153204,1.7494484733890843,0.09885005894544963,1.7055231364997658,0.0853636748081929,0.014961175972948203,0.0,1.0174052763629604,0.0,0.0,0.0,2.537164514129226,62.72108366682723,10.298840522766113,69.01852416992188,109.4330062866211,1.0057374238967896,0.664604663848877,0.25,4.0,0.5561676621437073,0.4150490164756775,0.09055148265674581,0.003583543057227268,2.7262456827872508,2.0500564599359357,0.24802945204850166,1.0,0.6714362051035907,0.14444107300526388,1.0,0.18607590689852432,0.0,0.7264653911461701,0.1123219557307862,0.0,0.16121265211620847,,,,,,,,,,,,,,,,,,,,,,,,,,,,,,,,,,,,
383,7.057296731708385e-06,7.057296731708385e-06,1.0,9.201200150154733,4.974316352122539,3.2583871532130884,3.2583871532130884,3.311545623315347,0.0,0.0,0.3136053576662734,1.7871594718984656,0.0977827054825989,1.7448314653860557,0.08508494446003759,0.016817421941841777,0.0,1.0090466705528465,0.0,0.0,0.0,2.62209732790251,61.76918679314691,10.060267448425293,67.15686798095703,109.0063705444336,1.0068776607513428,0.6765438318252563,0.25,4.0,0.5543619990348816,0.4203927218914032,0.09888663967611336,0.0039118065433854906,3.060288974562207,2.0042218557886176,0.3450873847377979,1.0,0.6683922297245747,0.14727706099684174,1.0,0.18724222722891215,0.0,0.7246341801978446,0.11379870309217556,0.0,0.1615671124812719,,,,,,,,,,,,,,,,,,,,,,,,,,,,,,,,,,,,
384,7.043348054714486e-06,7.043348054714486e-06,1.0,9.023116395280168,4.8019591279931975,3.2667038891766524,3.2667038891766524,3.3207960064346724,0.0,0.0,0.3140112846284299,1.7453690992819297,0.09818620315274677,1.7119672717274845,0.08396847546100616,0.01665822386968176,0.0,1.0335810812743935,0.0,0.0,0.0,2.551688197496775,63.478363346409154,10.461023330688477,69.83209991455078,110.72296142578125,1.005903720855713,0.682214617729187,0.25,4.0,0.5581772923469543,0.4240841567516327,0.09134205055257687,0.004757085020242915,3.288993500374459,2.186621862488824,0.3351699046410786,1.0,0.6740225456856392,0.14509278495569486,1.0,0.18301124508316452,0.0,0.7307881777350967,0.11143502774270805,0.0,0.1577768003618395,,,,,,,,,,,,,,,,,,,,,,,,,,,,,,,,,,,,
385,7.029381318725583e-06,7.029381318725583e-06,1.0,9.190605292449126,4.947832159093909,3.27687972945136,3.27687972945136,3.330335855484009,0.0,0.0,0.31568242005399755,1.7785576485298775,0.09913145388300354,1.7377191137623142,0.08318576448269792,0.014846622981634494,0.0,1.0212768606237463,0.0,0.0,0.0,2.5844111668097005,63.50191384392816,10.584334373474121,69.83209991455078,111.15632629394531,1.0058553218841553,0.6720114946365356,0.25,4.0,0.5569543838500977,0.4192434251308441,0.09289309552467447,0.004106029106029106,2.915632698986981,2.115633119602461,0.2743828396706056,1.0,0.6722740498748986,0.14571241148420283,1.0,0.18363168110718597,0.0,0.7284052259213215,0.11270213791647472,0.0,0.15889263273896398,82.66305655175513,126.72640471449652,0.21308630044047333,-12.260191152383992,82.66305652994679,104.01072984601076,126.4294202467553,161.45015993572545,24.516077314104354,62.02098048010538,149.3990710714589,0.37789176283741416,0.6269684731718014,0.5050040032305521,0.4344674618149225,0.0,0.5385672244306743,0.6764853333108202,0.7213552795836897,0.6746540308732548,0.8686013704151552,0.961379209263127,0.9889340808325089,0.36860137041515517,0.161379209263127,0.03893408083250893,0.0006778791542999524,0.0,0.5824175824175825,0.4175824175824176,0.967032967032967,1.0375768998330765,1.0084684296296194,0.9984089776382341,-7.9890666007995605,0.00033909297781065106
386,7.015396664386556e-06,7.015396664386556e-06,1.0,9.306391432478621,5.05340171504665,3.2831661443452576,3.2831661443452576,3.3504422677529826,0.0,0.0,0.31466991273132533,1.788066715807528,0.09866886223490173,1.7482343751031,0.08364747414315069,0.014753552550147916,0.0,1.026496951644485,0.0,0.0,0.0,2.551140897982829,63.81760550834037,10.563681602478027,70.37979125976562,111.15632629394531,1.006898045539856,0.6776554584503174,0.25,4.0,0.5572024583816528,0.4220260977745056,0.09540157566473356,0.00413611992559361,2.956000665555129,1.8991961293929331,0.35751160291560047,1.0,0.6722913513312468,0.146825009101146,1.0,0.18443878760208954,0.0,0.7280521892212533,0.11298314562520466,0.0,0.15896467059045225,,,,,,,,,,,,,,,,,,,,,,,,,,,,,,,,,,,,
387,7.001394232522719e-06,7.001394232522719e-06,1.0,9.252908474690205,4.997159223298769,3.289578257380305,3.289578257380305,3.3491582806045943,0.0,0.0,0.31319563211621465,1.781637803928272,0.09742440625622466,1.7417402235237327,0.08313219561367421,0.015229539448596738,0.0,1.026094404426781,0.0,0.0,0.0,2.571662906053904,63.7020848248456,10.646533966064453,69.83209991455078,111.15632629394531,1.0068577527999878,0.6811634302139282,0.25,4.0,0.5560176968574524,0.4218946397304535,0.0984051865630813,0.004335813546339862,2.9755582020089433,2.0643132006799854,0.3062433800534408,1.0,0.6706648581736797,0.14697627703080307,1.0,0.1857826403669409,0.0,0.7274212080079157,0.11288443469517939,0.0,0.15969436112287883,,,,,,,,,,,,,,,,,,,,,,,,,,,,,,,,,,,,
388,6.987374164138405e-06,6.987374164138405e-06,1.0,9.130191957628405,4.8660260793325065,3.3021473949019975,3.3021473949019975,3.3640580628369308,0.0,0.0,0.31474688890818003,1.7637222650888804,0.0992160673077042,1.729373728906786,0.08524979822136261,0.014078010792365751,0.0,1.027353589599197,0.0,0.0,0.0,2.5240097915804065,64.17360254236169,10.667348861694336,70.37979125976562,112.02813720703125,1.0067998170852661,0.6829630732536316,0.25,4.0,0.5567771196365356,0.42344510555267334,0.09907265565160302,0.004240070029543714,2.97542757762445,2.1338548620004913,0.2828409341745301,1.0,0.6719638834128508,0.14577460611188733,1.0,0.18496534953246246,0.0,0.728530816129736,0.11219905779973881,0.0,0.15927012305001956,,,,,,,,,,,,,,,,,,,,,,,,,,,,,,,,,,,,
389,6.973336600415545e-06,6.973336600415545e-06,1.0,9.331881213832546,5.080509379103377,3.281670428611137,3.281670428611137,3.337837857169074,0.0,0.0,0.3129241377920718,1.7944315543045868,0.10004441339421917,1.7335381378998627,0.08679751508139275,0.01646879125336135,0.0,1.0354370587580912,0.0,0.0,0.0,2.648346926714923,63.62485112370671,10.318974494934082,69.55985260009766,112.02813720703125,1.0063832998275757,0.6844236254692078,0.25,4.0,0.5605484843254089,0.4305906593799591,0.09811795601269285,0.004379582011160958,3.2803928191597396,2.3485533184296377,0.2840633887769542,1.0,0.6774980619147017,0.14360983146203532,1.0,0.18142012526860107,0.0,0.7341867234255817,0.11017714642189644,0.0,0.15563613136072416,,,,,,,,,,,,,,,,,,,,,,,,,,,,,,,,,,,,
390,6.959281682712252e-06,6.959281682712252e-06,1.0,9.067554989376584,4.820159538372143,3.291232901650506,3.291232901650506,3.351744284500947,0.0,0.0,0.31330374849809184,1.7576506008972992,0.09826521051896585,1.7093933627412126,0.08396660808373142,0.016747713447674305,0.0,1.0355924593435752,0.0,0.0,0.0,2.6369718313217163,63.55428077079154,10.218693733215332,69.01852416992188,112.46659851074219,1.0066546201705933,0.6803479194641113,0.25,4.0,0.5615284442901611,0.4326409697532654,0.09720155378050115,0.003961046066309224,3.065896143784394,2.339360949960915,0.23697319144238174,1.0,0.6790686958544964,0.14261586500986204,1.0,0.17988140639421102,0.0,0.7342222349063771,0.1102817247848253,0.0,0.15549603567735568,85.92567657638382,131.3694691698994,0.21845531180592911,-33.04644611903599,85.92567439291041,105.98835896681624,127.05207008590632,161.1845986992594,25.342208862304688,62.26435562252074,161.49947390349016,0.4348924084983644,0.6153975079592006,0.5019898675426583,0.426707932550511,0.0,0.5275393790874959,0.670417077266426,0.6845018459473474,0.6806563854823121,0.8701586603642226,0.9588875453446191,0.986955406544282,0.3701586603642226,0.15888754534461902,0.03695540654428209,0.0005129896302810451,0.0,0.44505494505494503,0.554945054945055,0.967948717948718,1.028404991377841,1.0029443583481914,0.9952384912214436,-7.9888482093811035,0.0003391670761629939
391,6.945209552561391e-06,6.945209552561391e-06,1.0,9.16426166328224,4.9208585636035815,3.2867515602627315,3.2867515602627315,3.339063663740416,0.0,0.0,0.31477884827433406,1.7623847819663383,0.09733831721383172,1.7204751936165061,0.08054638513036676,0.014072506329850168,0.0,1.0114461183547974,0.0,0.0,0.0,2.546005129814148,64.64376707334776,10.814192771911621,69.83209991455078,113.79232025146484,1.007399082183838,0.6873350143432617,0.25,4.0,0.5538845658302307,0.425879567861557,0.10150454097822519,0.00446985446985447,2.781760310804522,2.044736091349576,0.264948858674955,1.0,0.6677143654307803,0.1475472774457287,1.0,0.18726268813416763,0.0,0.7251257123173894,0.11359856156884013,0.0,0.1612757299397443,,,,,,,,,,,,,,,,,,,,,,,,,,,,,,,,,,,,
392,6.931120351669157e-06,6.931120351669157e-06,1.0,9.159377433158255,4.873564217541669,3.3213467855711243,3.3213467855711243,3.40256540195362,0.0,0.0,0.31453732461542694,1.7729069864427722,0.0991270950919873,1.7308408666301418,0.08563743712934288,0.01609251252060907,0.0,1.0260592972910083,0.0,0.0,0.0,2.547251027983588,65.28188891024203,10.856517791748047,71.20941162109375,114.23768615722656,1.0061078071594238,0.6841536164283752,0.25,4.0,0.5565377473831177,0.4260784983634949,0.09666539008644272,0.004278367436262173,3.202459921707978,2.0759453217725494,0.3517654014338519,1.0,0.6717010833121635,0.14560934478366697,1.0,0.18484149148335327,0.0,0.7292575207916466,0.11175895683668755,0.0,0.15898352418396924,,,,,,,,,,,,,,,,,,,,,,,,,,,,,,,,,,,,
393,6.917014221913646e-06,6.917014221913646e-06,1.0,9.235423371598527,5.001133880099735,3.280245336326393,3.280245336326393,3.3381372142482446,0.0,0.0,0.3125626920042811,1.762367928350294,0.09688690949130703,1.7100799728084255,0.08003469737800392,0.01432933217871028,0.0,1.028353797422873,0.0,0.0,0.0,2.582865254299061,64.09863270940008,10.481474876403809,69.55985260009766,112.90678405761719,1.0071214437484741,0.6797059178352356,0.25,4.0,0.558556318283081,0.43002668023109436,0.10168508589561222,0.004554655870445344,2.872481906736219,2.0201595441715137,0.29671983679546793,1.0,0.6747351224358017,0.14392176189938108,1.0,0.18396209583089157,0.0,0.7304131002039522,0.11125452252658638,0.0,0.15833237203391823,,,,,,,,,,,,,,,,,,,,,,,,,,,,,,,,,,,,
394,6.902891305343424e-06,6.902891305343424e-06,1.0,9.272592389905775,5.05235361408543,3.2558786869049072,3.2558786869049072,3.307280366485183,0.0,0.0,0.3143449063236649,1.7753032864751042,0.09836114419473184,1.735257947767103,0.08365381418450459,0.015229208640301146,0.0,1.0225597797213375,0.0,0.0,0.0,2.5808202737086527,63.91617305858715,10.318974494934082,69.28865814208984,113.34868621826172,1.0071024894714355,0.6918666958808899,0.25,4.0,0.5561450719833374,0.4301562011241913,0.1039719881825145,0.004524565050880841,3.1968146836435474,2.345547433640506,0.2662860798151788,1.0,0.6711430823480761,0.14576752987262365,1.0,0.18516226757217097,0.0,0.7289597263207307,0.11183151099327449,0.0,0.15920875684635058,,,,,,,,,,,,,,,,,,,,,,,,,,,,,,,,,,,,
395,6.888751744176111e-06,6.888751744176111e-06,1.0,9.234252311087943,4.989821472683468,3.2825871480477824,3.2825871480477824,3.3448185083028434,0.0,0.0,0.3132228182779776,1.7662759020521834,0.09878176571549596,1.7283344333236281,0.08657155689355489,0.016728847998672643,0.0,1.0127401641897253,0.0,0.0,0.0,2.5610847150957263,64.5545962565654,10.33914852142334,69.28865814208984,114.68480682373047,1.0065960884094238,0.6903125643730164,0.25,4.0,0.5557208061218262,0.4304235279560089,0.10209815078236131,0.004639457271036218,3.398607566549971,2.2062552394093693,0.35083554184839133,1.0,0.6704932145170264,0.14612270166745056,1.0,0.18558212873098012,0.0,0.7283024433496836,0.11212562044730058,0.0,0.15957193640438286,88.57543899200775,131.20901691631408,0.23317346932082988,-0.8918898446219308,88.57544024139449,108.99773079191372,130.89897029695715,167.93236357381582,28.054691859654017,68.66169472627861,153.63018334430197,0.4724562053883747,0.6386157559872155,0.5067338483333654,0.4386221030090937,0.0,0.5543175842427858,0.6834872639671892,0.7047275207936439,0.6768212188017517,0.8649371587702905,0.9594921402660218,0.9887325491920413,0.36493715877029054,0.15949214026602176,0.03873254919204139,0.000989337144113444,0.0,0.5384615384615384,0.46153846153846156,0.9642857142857143,1.0855843774401224,1.050266366492916,1.0380114004998418,-7.988600730895996,0.00033925101161003113
396,6.874595680796928e-06,6.874595680796928e-06,1.0,9.186401160987648,4.946329941620698,3.2795168193610937,3.2795168193610937,3.340569811898309,0.0,0.0,0.31570866865080754,1.7693103712958258,0.09791657570246104,1.7306999612498928,0.07915421182642111,0.014744205957253438,0.0,1.0223479866981506,0.0,0.0,0.0,2.5307336755701013,64.9333164111988,10.772031784057617,70.10540771484375,114.68480682373047,1.0083039999008179,0.6897060871124268,0.25,4.0,0.5556188821792603,0.4273528456687927,0.10518109202319728,0.004319400372031951,2.9590323333804673,2.001319501851056,0.3236574405509446,1.0,0.6700008398777729,0.14742809997217074,1.0,0.186675115614324,0.0,0.7273562486107285,0.11274790280574076,0.0,0.15989585099993525,,,,,,,,,,,,,,,,,,,,,,,,,,,,,,,,,,,,
397,6.860423257757272e-06,6.860423257757272e-06,1.0,9.162929096737424,4.8994217176695125,3.2990327010283598,3.2990327010283598,3.3726989320806555,0.0,0.0,0.313621102152644,1.7716104307690181,0.0969036718880808,1.744641619759637,0.08319807344594517,0.016881682054215186,0.0,1.0118426036190342,0.0,0.0,0.0,2.6026209367288127,64.55411158381281,10.258687973022461,69.28865814208984,115.1336669921875,1.0071327686309814,0.6842950582504272,0.25,4.0,0.5563897490501404,0.43178465962409973,0.10033099901520955,0.004365904365904366,3.263021115515683,2.2987932466171883,0.29550157193699605,1.0,0.6713652949075442,0.14618186108969353,1.0,0.18506961698467667,0.0,0.7273195450370377,0.11306387729741432,0.0,0.15961657907511737,,,,,,,,,,,,,,,,,,,,,,,,,,,,,,,,,,,,
398,6.846234617773293e-06,6.846234617773293e-06,1.0,9.400612676465833,5.169205807350777,3.26410470137725,3.26410470137725,3.3152943817344873,0.0,0.0,0.3140697777271271,1.7818860975471702,0.09902172737024925,1.7394299410484932,0.08571840289074022,0.015803591769843084,0.0,1.0174427290220518,0.0,0.0,0.0,2.5761454653095557,64.59383845973659,10.1589937210083,69.55985260009766,115.1336669921875,1.0075746774673462,0.6942476034164429,0.25,4.0,0.5554718971252441,0.43290215730667114,0.1078701170806434,0.004893861472808841,3.2375488925624536,2.062515289396853,0.36293926120003256,1.0,0.6698419918885102,0.14751060568803065,1.0,0.18571059003069595,0.0,0.7269605865349641,0.11325023967672039,0.0,0.15978916915687355,,,,,,,,,,,,,,,,,,,,,,,,,,,,,,,,,,,,
399,6.832029903724434e-06,6.832029903724434e-06,1.0,9.143335084657412,4.916509112796268,3.2651973866127633,3.2651973866127633,3.325296118452742,0.0,0.0,0.3139619255388105,1.7753460471694533,0.09772595944436821,1.7249255502546155,0.08343698487088487,0.016716225085326948,0.0,1.011897101595595,0.0,0.0,0.0,2.567587846034282,66.05962846085832,10.856517791748047,71.76791381835938,116.4908218383789,1.0074386596679688,0.6767721176147461,0.25,4.0,0.5548555254936218,0.42317408323287964,0.09871156581682898,0.004045847466900098,3.106964899881466,2.0039442938727303,0.3550154705805711,1.0,0.6689770415022567,0.147439046687371,1.0,0.18746546756576848,0.0,0.7248717143728927,0.11364582321933799,0.0,0.16148246422007279,,,,,,,,,,,,,,,,,,,,,,,,,,,,,,,,,,,,
400,6.817809258652008e-06,6.817809258652008e-06,1.0,9.19690467215873,4.9337359634605615,3.3020030743366964,3.3020030743366964,3.3901700135823845,0.0,0.0,0.31362779478769043,1.7632044972600163,0.09753482124289951,1.7281545593931869,0.08443921321147196,0.016561144446903788,0.0,1.0324511608561955,0.0,0.0,0.0,2.6479122187640214,65.23211401862068,10.298840522766113,70.37979125976562,116.03666687011719,1.0076050758361816,0.6882473826408386,0.25,4.0,0.5629109144210815,0.4383190870285034,0.10848834664624138,0.004122442280337017,3.4770017290437543,2.429557784183605,0.30124918722666766,1.0,0.680878315422986,0.14252022754501653,1.0,0.17967041400638786,0.0,0.7371728903538471,0.10895648578534255,0.0,0.15387062446491137,82.13142233628493,125.05534745704198,0.21437220345992192,-5.991899322677445,82.13142287748461,104.34564279862774,126.37475164198558,163.18839179781003,22.558487483433314,63.58596511959105,143.2047815737517,0.45966259211385857,0.62285085730506,0.5014924027240302,0.42559639157506024,0.0,0.5330122391636599,0.6705232447989646,0.6895351202291684,0.6728316400066394,0.868986112637866,0.9610860723315379,0.9890256861236305,0.36898611263786596,0.16108607233153782,0.039025686123630554,0.0008061265618702137,0.0,0.554945054945055,0.44505494505494503,0.9734432234432235,1.0504056293067041,1.0188179134831323,1.0081747325730848,-7.988290309906006,0.0003393562510609627
401,6.803572825757755e-06,6.803572825757755e-06,1.0,9.185587676795754,4.941231289425412,3.2814851387127026,3.2814851387127026,3.3414874141280717,0.0,0.0,0.3150993939992544,1.760401216713158,0.0976035830539626,1.7334730335184045,0.08561380167265197,0.014793252119341412,0.0,1.0352122993082613,0.0,0.0,0.0,2.622540235519409,64.36414780487885,10.040637969970703,69.28865814208984,114.68480682373047,1.0067251920700073,0.6924099922180176,0.25,4.0,0.5597965121269226,0.4401281476020813,0.10814093445672393,0.004226392384287121,3.286951776291873,2.76103725626662,0.16000068021033034,1.0,0.6765862944963816,0.1434772803976729,1.0,0.1809573946772395,0.0,0.7337717301136738,0.11036696345419497,0.0,0.1558612999883858,,,,,,,,,,,,,,,,,,,,,,,,,,,,,,,,,,,,
402,6.7893207484023904e-06,6.7893207484023904e-06,1.0,9.085254875389305,4.795076666651545,3.3306254567326725,3.3306254567326725,3.420352149654079,0.0,0.0,0.31598959500725204,1.7489265912287943,0.09741060455908647,1.7217594932865452,0.08823560107801412,0.016274808515870088,0.0,1.0224092731604706,0.0,0.0,0.0,2.586554192207955,65.89932302526526,10.1589937210083,71.20941162109375,117.40447998046875,1.0073833465576172,0.6811698079109192,0.25,4.0,0.5607485175132751,0.43381160497665405,0.10266440529598424,0.0038078564394353866,3.1322117165939227,2.4734465890639536,0.21031947618353636,1.0,0.6776701469679136,0.1440905022460061,1.0,0.18087785227878675,0.0,0.7327562570571899,0.11121441766216948,0.0,0.15602932427380536,,,,,,,,,,,,,,,,,,,,,,,,,,,,,,,,,,,,
403,6.775053170104182e-06,6.775053170104182e-06,1.0,9.186519932102513,4.920641886221396,3.319410362759152,3.319410362759152,3.390688148704735,0.0,0.0,0.3133354638073895,1.7295187035122432,0.09699255832143731,1.7000940844819352,0.0811848847849949,0.01467841989486604,0.0,1.027676500178672,0.0,0.0,0.0,2.492882867117186,67.31789594083219,10.543069839477539,72.6138916015625,119.7200698852539,1.0059893131256104,0.6840193867683411,0.25,4.0,0.5597925782203674,0.43456488847732544,0.10039391618338987,0.004754349491191597,2.857143820137591,1.9081192809987713,0.3321584767451845,1.0,0.6764243180687363,0.14416091425998792,1.0,0.18089666398795876,0.0,0.7328289183410438,0.11101008428109659,0.0,0.15616099737785957,,,,,,,,,,,,,,,,,,,,,,,,,,,,,,,,,,,,
404,6.760770234537483e-06,6.760770234537483e-06,1.0,9.238301689560348,4.99406234638111,3.2891989849709176,3.2891989849709176,3.351086674509822,0.0,0.0,0.31362560471972906,1.7564905173069723,0.09726838928622168,1.714153621647809,0.08136045872359662,0.015363862643622467,0.0,1.0277468497688707,0.0,0.0,0.0,2.571437358856201,66.69902935543575,10.584334373474121,71.76791381835938,118.78840637207031,1.00771164894104,0.6866482496261597,0.25,4.0,0.5584015250205994,0.4350682199001312,0.10391727760148813,0.004073202757413284,3.134793856659451,2.307509710659852,0.26390384306838693,1.0,0.6740360050588041,0.1462540962808841,1.0,0.1830649448407663,0.0,0.7301670651178103,0.11228734113880105,0.0,0.1575455899174149,,,,,,,,,,,,,,,,,,,,,,,,,,,,,,,,,,,,
405,6.746472085531291e-06,6.746472085531291e-06,1.0,9.191578272226694,4.9570046502190666,3.275856958853232,3.275856958853232,3.332196551400262,0.0,0.0,0.3139663652793781,1.7580927868147154,0.09797042930448377,1.7214223661938228,0.08383456446431778,0.01725049303668375,0.0,1.0305759455706622,0.0,0.0,0.0,2.5764028703844226,67.11316299438477,10.298840522766113,72.04881286621094,119.7200698852539,1.006432294845581,0.6833199858665466,0.25,4.0,0.5598141551017761,0.4339342713356018,0.10212003501477186,0.004497209760367655,3.305025642788088,2.5881905720846072,0.21689243841955966,1.0,0.6765748391280303,0.14359378995927605,1.0,0.18109281441649874,0.0,0.7333721083563727,0.11050498848025864,0.0,0.15612290960711403,91.45928458329085,133.0182195079655,0.23890328841687877,-33.73455389253386,91.45928371125046,109.23700674987171,129.70464683997957,163.9811392955798,22.478009360177175,70.15426269058109,161.70312699027684,0.5406022049199505,0.6266691887030721,0.505844524082842,0.4358203395043777,0.0,0.5441315341266013,0.6766562202885384,0.6837816096344409,0.6789969874259933,0.867795243853285,0.9581180608991975,0.9867905170202631,0.367795243853285,0.15811806089919744,0.03679051702026315,0.0011359056099080284,0.0,0.3901098901098901,0.6098901098901099,0.9551282051282052,1.0405027138499112,1.0162691545191702,1.0089608310506895,-7.988066673278809,0.00033943215385079384
406,6.732158867067814e-06,6.732158867067814e-06,1.0,9.297343640714079,5.009465449565166,3.3236359454490043,3.3236359454490043,3.4073394762503133,0.0,0.0,0.3149511226125666,1.7729434870384835,0.09829914368487694,1.7329219450821747,0.0842357421847614,0.019250881427118706,0.0,1.0151632347622432,0.0,0.0,0.0,2.6638164165857674,66.02462747934702,9.943060874938965,70.65525817871094,118.78840637207031,1.0072046518325806,0.6915154457092285,0.25,4.0,0.5529401302337646,0.42918163537979126,0.10768957216325638,0.004584746690009848,3.4883785900231956,2.7612063312852704,0.20845565926176893,1.0,0.6664847071106369,0.14755027620373545,1.0,0.18755987246294278,0.0,0.7257647240484083,0.11308157403726836,0.0,0.16115369788698247,,,,,,,,,,,,,,,,,,,,,,,,,,,,,,,,,,,,
407,6.7178307232810015e-06,6.7178307232810015e-06,1.0,9.069799113917995,4.837362121891331,3.2742439733969197,3.2742439733969197,3.3304063178397514,0.0,0.0,0.313688258867006,1.7566568787033494,0.09684425793789528,1.7217262371166333,0.0857545862326751,0.017674640009834153,0.0,1.0091915549458683,0.0,0.0,0.0,2.62589502656782,66.78602631027634,9.96250057220459,71.20941162109375,120.65904998779297,1.0066481828689575,0.689937174320221,0.25,4.0,0.555538535118103,0.43669959902763367,0.10168782142466352,0.0048446219498851075,3.391270241221866,2.54749581137219,0.2488077828753825,1.0,0.6703278502902469,0.14596729786009402,1.0,0.18494854907731753,0.0,0.7269727555481164,0.11291762683037165,0.0,0.1601096194338154,,,,,,,,,,,,,,,,,,,,,,,,,,,,,,,,,,,,
408,6.703487798455101e-06,6.703487798455101e-06,1.0,9.294431789501294,5.045659735396102,3.288807475889051,3.288807475889051,3.359714256750571,0.0,0.0,0.31281895734168386,1.7676793755711735,0.09848158142051182,1.7275154268419421,0.08251280871194762,0.01857404533389805,0.0,1.0125089142773602,0.0,0.0,0.0,2.5850058600709245,68.22757040487754,10.33914852142334,73.18341064453125,122.55914306640625,1.0059080123901367,0.6796793937683105,0.25,4.0,0.5562034845352173,0.43043282628059387,0.09543987307145202,0.004625779625779626,3.6786288256580764,2.6866130160318837,0.2696699929895018,1.0,0.6714565061234139,0.1450545799893302,1.0,0.18376261640239405,0.0,0.7276862682522954,0.11260491710256886,0.0,0.15970881243009824,,,,,,,,,,,,,,,,,,,,,,,,,,,,,,,,,,,,
409,6.689130237023206e-06,6.689130237023206e-06,1.0,9.233828828141496,4.9935884217958195,3.2789725612949683,3.2789725612949683,3.3557399285806193,0.0,0.0,0.3133354009808721,1.7683093225633777,0.09875316575572297,1.734716689264452,0.0835234294267925,0.015617097186780459,0.0,1.0003014770714012,0.0,0.0,0.0,2.6172005163656697,67.37813310365419,10.298840522766113,71.48811340332031,122.08133697509766,1.0066816806793213,0.6911952495574951,0.25,4.0,0.5518179535865784,0.430364727973938,0.10289966079439763,0.004530036108983477,3.1968129357776127,2.2883926331996918,0.2841643602011236,1.0,0.6647406429857821,0.14881494681577426,1.0,0.18767575919628143,0.0,0.7232611936491888,0.11452788779058971,0.0,0.1622109195670566,,,,,,,,,,,,,,,,,,,,,,,,,,,,,,,,,,,,
410,6.6747581835658016e-06,6.6747581835658016e-06,1.0,9.20356595838392,4.986357869328679,3.255264192014127,3.255264192014127,3.3012955253188676,0.0,0.0,0.3146108525830346,1.7680646084450387,0.09727765861395243,1.7294943848171749,0.0839477072696428,0.0151457072367791,0.0,1.0230658408757802,0.0,0.0,0.0,2.616092665775402,68.2864610826647,10.2787446975708,73.18341064453125,123.0388412475586,1.0073539018630981,0.6886191964149475,0.25,4.0,0.5574314594268799,0.4367416203022003,0.10570631360105044,0.004223656855235802,3.062609062001512,2.3273093555424667,0.2400893132532246,1.0,0.6729468638832504,0.14538345506062378,1.0,0.18397227614312558,0.0,0.7289642143893886,0.11219410860055201,0.0,0.1588416687540106,85.95021145160382,127.93155726261237,0.2255193684436113,11.359955798138628,85.95021281442254,107.03902577382861,128.3805343823042,165.12437672587413,18.679995945521764,68.36473627607951,145.5027724556301,0.484581864287396,0.6340034634432689,0.5092529332788974,0.44537599390724364,0.0,0.5492647732988325,0.6837329803278618,0.7322144594401627,0.6761231087911164,0.86535854310945,0.961544098787146,0.988714228133817,0.36535854310945004,0.16154409878714593,0.038714228133817086,0.0007328423289729214,0.0,0.6318681318681318,0.36813186813186816,0.9606227106227107,1.0545410409078493,1.0249848909430452,1.0141293004482657,-7.988085746765137,0.00033942569280043244
411,6.660371782809307e-06,6.660371782809307e-06,1.0,9.134213859970505,4.905379037599306,3.2729786859976278,3.2729786859976278,3.337934887087023,0.0,0.0,0.314916524532679,1.7428215613236298,0.09657618040974075,1.7220347636454814,0.08444489115798795,0.014151032000931131,0.0,1.0284745274363338,0.0,0.0,0.0,2.502661592251546,68.99584517607818,10.646533966064453,73.75739288330078,124.48916625976562,1.0084049701690674,0.6933780312538147,0.25,4.0,0.5616706013679504,0.44085460901260376,0.11193784877995404,0.0044890031732136996,2.7680977147978707,1.9451155026216764,0.29730966785480306,1.0,0.6789274135151425,0.14361345224283836,1.0,0.18165417418286606,0.0,0.735288413795265,0.1093067387874062,0.0,0.15540483875854597,,,,,,,,,,,,,,,,,,,,,,,,,,,,,,,,,,,,
412,6.6459711796246175e-06,6.6459711796246175e-06,1.0,9.237791705775905,4.968510543977892,3.3079742418753133,3.3079742418753133,3.370853617384627,0.0,0.0,0.3141852947505745,1.7616512775421143,0.09748598490212415,1.7305363996608838,0.0847598611301667,0.015426418851003857,0.0,1.0266883792103947,0.0,0.0,0.0,2.557330837120881,68.49432043127112,10.52249813079834,72.8980941772461,123.52039337158203,1.00782310962677,0.6899830102920532,0.25,4.0,0.5588439702987671,0.4386591613292694,0.10776069591859065,0.004346755662545136,3.4669005145897738,2.3120964233939714,0.33309409552885494,1.0,0.6748757426803177,0.14490437286125646,1.0,0.1839435926160297,0.0,0.7307165168427132,0.11109815598339648,0.0,0.1581853356313061,,,,,,,,,,,,,,,,,,,,,,,,,,,,,,,,,,,,
413,6.631556519025646e-06,6.631556519025646e-06,1.0,9.203000429514292,4.950484069618019,3.2917079345600024,3.2917079345600024,3.3526641549290837,0.0,0.0,0.3140711550777023,1.767109593829593,0.09785352224433744,1.7245657476218972,0.08576821032408122,0.014926738193812402,0.0,1.0105871429314484,0.0,0.0,0.0,2.546678929715543,69.35589125349715,10.899008750915527,74.33588409423828,124.48916625976562,1.007604718208313,0.6811655759811401,0.25,4.0,0.5554921627044678,0.42922264337539673,0.1024948024948025,0.004002079002079002,2.8382625080443717,1.9625390574738786,0.3085420915396183,1.0,0.6699826620720528,0.14681766061363993,1.0,0.1866431232239749,0.0,0.7257283636041589,0.11317983309964876,0.0,0.16109180047705368,,,,,,,,,,,,,,,,,,,,,,,,,,,,,,,,,,,,
414,6.6171279461678685e-06,6.6171279461678685e-06,1.0,9.235117267917943,5.029578479560646,3.240830640535097,3.240830640535097,3.284272657858359,0.0,0.0,0.3134080082983584,1.7861554719306327,0.09737112795984423,1.7315535996411298,0.08416846998640008,0.015024117162652515,0.0,1.0077462405771822,0.0,0.0,0.0,2.6037416039286434,69.0202949111526,10.605026245117188,74.33588409423828,123.52039337158203,1.0070916414260864,0.6794129014015198,0.25,4.0,0.5539233684539795,0.4256508946418762,0.10059908086223876,0.004127913338439654,2.9481209693728267,2.071599490739204,0.2973153027774471,1.0,0.667858903472488,0.14695107131390958,1.0,0.18814368747376106,0.0,0.7243387634689743,0.11325263070899087,0.0,0.162408616091754,,,,,,,,,,,,,,,,,,,,,,,,,,,,,,,,,,,,
415,6.602685606346849e-06,6.602685606346849e-06,1.0,9.176048613883353,4.933678240389438,3.2802312116365173,3.2802312116365173,3.3419653660542257,0.0,0.0,0.31490279291127177,1.757654976200413,0.09568842339354593,1.7369343912279285,0.08669498441992579,0.01642771770019789,0.0,1.007787333952414,0.0,0.0,0.0,2.609972708934062,68.40380653175148,10.33914852142334,72.6138916015625,124.00383758544922,1.0068100690841675,0.6848538517951965,0.25,4.0,0.5560898184776306,0.43602216243743896,0.10433581354633986,0.004650399387241493,3.5750561308216406,2.30559519899858,0.35508839172583995,1.0,0.671163829597267,0.14526271759658246,1.0,0.1856786427465645,0.0,0.7266210494814692,0.11264237479583637,0.0,0.16073657854183301,86.00267033000569,131.45892625159408,0.21658388513612656,-19.032831254896227,86.00267115140147,106.62505891226193,127.26526054631034,162.678299907454,20.00222451346261,62.72810517540274,161.31619262695312,0.4246151698807515,0.6238860874896069,0.5075496032239221,0.437465096919198,0.0,0.5396474483128556,0.6705162599628272,0.7000546343792597,0.6775449067726761,0.8692242863947821,0.9599684877798542,0.9873218277087684,0.3692242863947821,0.15996848777985417,0.03732182770876846,0.0006412370378513063,0.0,0.521978021978022,0.47802197802197804,0.9697802197802198,1.0344203246327548,1.0091949377086136,1.0007118089840963,-7.9882917404174805,0.00033935578539967537
416,6.588229644996792e-06,6.588229644996792e-06,1.0,9.018100300350705,4.793578843812685,3.2710023957329826,3.2710023957329826,3.328328983203785,0.0,0.0,0.3144338501466287,1.742305333549912,0.09823867980692838,1.7169183685972884,0.08374224734064695,0.015369011359792706,0.0,1.0091425985903353,0.0,0.0,0.0,2.5442467863495284,69.44316204174145,10.625760078430176,74.33588409423828,124.9764175415039,1.008633017539978,0.693429172039032,0.25,4.0,0.5560896992683411,0.4341152012348175,0.11052084473137105,0.00439599518546887,2.9509557582236625,2.1407970641110396,0.2745411183664443,1.0,0.6708240815111108,0.146229232887964,1.0,0.18790229913350698,0.0,0.7269680081187068,0.11182285764732876,0.0,0.16120912859568726,,,,,,,,,,,,,,,,,,,,,,,,,,,,,,,,,,,,
417,6.573760207689068e-06,6.573760207689068e-06,1.0,9.054738302488584,4.798872870367926,3.300634564580144,3.300634564580144,3.376561693243078,0.0,0.0,0.3144643717520946,1.7523352648760822,0.09782290035808408,1.7135932026682674,0.08441563927241273,0.015665836166590452,0.0,1.0094587963980597,0.0,0.0,0.0,2.581280086491559,69.55841621192727,10.50196647644043,74.33588409423828,125.4655532836914,1.0078226327896118,0.6818027496337891,0.25,4.0,0.5556479096412659,0.430045485496521,0.1028805120910384,0.004278367436262173,3.240987286374376,2.1549156058478998,0.33510519621366414,1.0,0.6701992572964849,0.14661527545870962,1.0,0.18724983125119596,0.0,0.7257785958212775,0.11280076930651793,0.0,0.16142063446947047,,,,,,,,,,,,,,,,,,,,,,,,,,,,,,,,,,,,
418,6.559277440130747e-06,6.559277440130747e-06,1.0,9.288718043146906,5.056902279724946,3.2651808584058606,3.2651808584058606,3.3288316597809664,0.0,0.0,0.3136804482421359,1.791947052285478,0.10095375252736581,1.7291229222271893,0.08549582162821615,0.015080738976295735,0.0,1.0095076093802582,0.0,0.0,0.0,2.5506863046336816,70.44336597339527,10.920316696166992,75.50650024414062,126.44959259033203,1.007090449333191,0.6704956889152527,0.25,4.0,0.5543278455734253,0.4197307527065277,0.09686234817813766,0.00335649414596783,3.072369229149174,2.2133842956375434,0.2795838876922706,1.0,0.6683112721185427,0.147230770338226,1.0,0.18817953362658218,0.0,0.7245566200565647,0.11320522689336054,0.0,0.1622381488213668,,,,,,,,,,,,,,,,,,,,,,,,,,,,,,,,,,,,
419,6.544781488163141e-06,6.544781488163141e-06,1.0,9.060415190619391,4.823967663017479,3.2774851257736617,3.2774851257736617,3.3315712632359684,0.0,0.0,0.31414686828046234,1.7674419622163515,0.09867020696401596,1.7173828659830868,0.0840620410603446,0.015478653348730626,0.0,1.014081457176724,0.0,0.0,0.0,2.603695318505571,70.2273419354413,10.481474876403809,75.21212768554688,126.44959259033203,1.0071523189544678,0.6736838221549988,0.25,4.0,0.5581303238868713,0.42998313903808594,0.0966325637378269,0.003928219717693402,2.9745160413754954,2.22425010639268,0.25223126200922164,1.0,0.6741053719778318,0.1440215420884055,1.0,0.18512210934548765,0.0,0.7280912882572895,0.1117514408118016,0.0,0.16015727012544065,,,,,,,,,,,,,,,,,,,,,,,,,,,,,,,,,,,,
420,6.5302724977603235e-06,6.5302724977603235e-06,1.0,9.111694258612555,4.912447426770185,3.2289472592843547,3.2289472592843547,3.278837036442112,0.0,0.0,0.3143245682523057,1.7997719436078459,0.09941545914153795,1.7394646116205164,0.08616974285325489,0.017187390312854503,0.0,0.9937052565651971,0.0,0.0,0.0,2.7238518128523954,70.07303588454788,10.646533966064453,74.62682342529297,126.94451141357422,1.007188320159912,0.6725180149078369,0.25,4.0,0.5506485104560852,0.4177113175392151,0.09758726337673707,0.0034823284823284825,4.666951699836834,3.6679039533073836,0.21406858497472323,1.0,0.6629165733182752,0.14933906757348292,1.0,0.1915672493947519,0.0,0.7198104085148992,0.11504267377627862,0.0,0.1651469098555075,84.99520396138286,130.48653533549165,0.2100949860413437,-32.45748867831387,84.99520688834833,105.09550066618503,125.46027492511391,160.27516191780123,18.190414428710938,60.32945689120034,164.3324843696926,0.48689096620629263,0.6192578003805241,0.5049912258290858,0.43195721211780574,0.0,0.5346626914610846,0.6683429037728614,0.681130502660683,0.6736796361429328,0.871367850207028,0.959785277197611,0.9872302224176468,0.371367850207028,0.15978527719761093,0.03723022241764684,0.0008977318529918288,0.0,0.45054945054945056,0.5494505494505495,0.9633699633699633,1.0164034958560388,0.9934456814285163,0.9864690991548392,-7.988803386688232,0.00033918223925866187
421,6.515750615027666e-06,6.515750615027666e-06,1.0,9.27247006184346,5.062391294015421,3.2430339181745373,3.2430339181745373,3.2892022455060803,0.0,0.0,0.3145914907391007,1.7918594688982576,0.09789737313985825,1.7412864420865033,0.08076503903076455,0.014307492038209897,0.0,1.016031545561713,0.0,0.0,0.0,2.5693948655515104,71.78965078817832,11.049042701721191,76.99573516845703,128.94358825683594,1.0060148239135742,0.674788773059845,0.25,4.0,0.5554623603820801,0.4261552393436432,0.0932514498303972,0.004070467228361965,3.0641100551630998,2.0235331549837783,0.33960167273558733,1.0,0.6702523263725074,0.1454910672194249,1.0,0.18669666430434664,0.0,0.7259918467418568,0.11249968047077591,0.0,0.16150848084204905,,,,,,,,,,,,,,,,,,,,,,,,,,,,,,,,,,,,
422,6.50121598620037e-06,6.50121598620037e-06,1.0,9.06180729737153,4.83063826689849,3.271647375983161,3.271647375983161,3.3315743626774967,0.0,0.0,0.31433348236857234,1.7575212169337917,0.09792212517680349,1.723256555763451,0.08454562149740555,0.015412105643819715,0.0,1.036449367935593,0.0,0.0,0.0,2.56070652201369,71.98471213675835,10.941666603088379,77.29708862304688,129.44825744628906,1.0067757368087769,0.6812708377838135,0.25,4.0,0.5658664703369141,0.4417577087879181,0.09982766166976693,0.004294780610570084,3.188430721695359,2.356539101214022,0.26090942319079197,1.0,0.6854798036652643,0.13937395287526622,1.0,0.17836816165898298,0.0,0.7395522916639173,0.10702221377475842,0.0,0.1534254989913992,,,,,,,,,,,,,,,,,,,,,,,,,,,,,,,,,,,,
423,6.4866687576419825e-06,6.4866687576419825e-06,1.0,9.096421808809847,4.875743234479749,3.260358765318587,3.260358765318587,3.3108102953111804,0.0,0.0,0.31399908098014623,1.7695357412905306,0.097139098152921,1.7223603016621358,0.08313479153691111,0.014735543282350173,0.0,1.028990131777686,0.0,0.0,0.0,2.691211162386714,70.11436555192277,10.563681602478027,74.04607391357422,127.44135284423828,1.007667899131775,0.6798684000968933,0.25,4.0,0.5618870258331299,0.4396917521953583,0.10520297625560783,0.0040677316993106465,3.2349289301279427,2.41015918995883,0.2549576074107114,1.0,0.6795801810316138,0.1419875541248837,1.0,0.1817731051831632,0.0,0.7335951022199683,0.10972402305216403,0.0,0.1566808702977928,,,,,,,,,,,,,,,,,,,,,,,,,,,,,,,,,,,,
424,6.472109075842936e-06,6.472109075842936e-06,1.0,9.169759698816248,4.895793437957764,3.309055534568993,3.309055534568993,3.3876303402153223,0.0,0.0,0.3151514352978887,1.768461530273025,0.09777706780949154,1.7372353850184261,0.08357538141914315,0.015445340707948481,0.0,1.0462683793660756,0.0,0.0,0.0,2.6502208000904806,70.63525112255199,10.563681602478027,74.62682342529297,128.44088745117188,1.0083290338516235,0.6882154941558838,0.25,4.0,0.5652006268501282,0.44279545545578003,0.10707954918481234,0.004374110953058321,3.3570595101730243,2.59150783194078,0.2280423316632798,1.0,0.6843035897693118,0.14053032124364698,1.0,0.1793394596190066,0.0,0.7391852929785445,0.10729064933351569,0.0,0.15352406292348295,,,,,,,,,,,,,,,,,,,,,,,,,,,,,,,,,,,,
425,6.4575370874190644e-06,6.4575370874190644e-06,1.0,9.007740871326343,4.797867929613268,3.2551543841490873,3.2551543841490873,3.307645436879751,0.0,0.0,0.3142467439174652,1.736850683753555,0.09796208102960845,1.716137857050509,0.08470240033961632,0.01568698396000105,0.0,1.0499373609955247,0.0,0.0,0.0,2.5921915930670663,71.61038651337495,10.584334373474121,76.39654541015625,129.95489501953125,1.0083842277526855,0.6989413499832153,0.25,4.0,0.5660686492919922,0.44990867376327515,0.11200897253528833,0.004828208775577197,2.914087199681514,2.289420504827757,0.21436101669230342,1.0,0.6855742786381696,0.13997041695826762,1.0,0.17886658053140383,0.0,0.7408822162731273,0.1063179812721304,0.0,0.1527998056766149,89.49825569823548,138.51055229565995,0.22678117666376915,-51.75459966554747,89.49825619391744,109.05545980928994,129.6188941402748,162.40140824823794,22.564630235944474,64.17459739271061,170.70015351668647,0.4900635924845104,0.6183091811609154,0.5038563317421451,0.4356080206720442,0.0,0.5369475636744027,0.6688103409905737,0.6640927170135372,0.679289175554459,0.8694624601516984,0.9570920816386355,0.9854347587116632,0.36946246015169837,0.15709208163863542,0.03543475871166324,0.001007658202337767,0.0,0.35714285714285715,0.6428571428571429,0.9615384615384616,1.0270405323295804,1.0070414209103846,1.0015608346560498,-7.988931179046631,0.0003391389036551118
426,6.442952939110127e-06,6.442952939110127e-06,1.0,9.188079498909616,4.993644031318459,3.2340259036502323,3.2340259036502323,3.2890150353715226,0.0,0.0,0.31102227439751495,1.7588497078096546,0.09671551552978722,1.728304969297873,0.08579955672895587,0.0179555013247237,0.0,1.0440569809965186,0.0,0.0,0.0,2.5973629564852327,72.329720986856,10.730035781860352,76.99573516845703,130.97415161132812,1.0074026584625244,0.6929861307144165,0.25,4.0,0.5671705603599548,0.45225217938423157,0.10937465805886859,0.004521829521829522,4.170468683178361,2.862359414229522,0.31366001481442946,1.0,0.6874102160737321,0.13842183935481148,1.0,0.17774465116294655,0.0,0.741686579343435,0.10573505489407359,0.0,0.15257835710370862,,,,,,,,,,,,,,,,,,,,,,,,,,,,,,,,,,,,
427,6.428356777778338e-06,6.428356777778338e-06,1.0,9.157004743009,4.963407374717094,3.2313073261364087,3.2313073261364087,3.280767028396194,0.0,0.0,0.3123610849316056,1.7692604838190853,0.09707280751821157,1.7296937124149219,0.08383385686052812,0.01651998079457396,0.0,1.0443293565028422,0.0,0.0,0.0,2.6142991974547103,72.09822288719383,10.920316696166992,76.09870910644531,130.97415161132812,1.0086174011230469,0.6929846405982971,0.25,4.0,0.5661725997924805,0.4476896822452545,0.11097494255388993,0.004330342488237225,3.694366053149507,2.4974822490601927,0.32397542281143243,1.0,0.6856635245116981,0.14006364808694735,1.0,0.17931289044586388,0.0,0.7400369048118591,0.10669326923183493,0.0,0.15326983099048203,,,,,,,,,,,,,,,,,,,,,,,,,,,,,,,,,,,,
428,6.41374875040688e-06,6.41374875040688e-06,1.0,9.199725434586808,4.9653910430702,3.274593159959123,3.274593159959123,3.34139388960761,0.0,0.0,0.3140338635122454,1.7480690350403656,0.0984600864954897,1.7264374397896431,0.0875135334963734,0.015700943038068915,0.0,1.03730260520368,0.0,0.0,0.0,2.5704651104437337,72.77716889252534,10.877742767333984,77.29708862304688,131.4867706298828,1.0076960325241089,0.6964368224143982,0.25,4.0,0.5654351115226746,0.4494081139564514,0.10952237662763979,0.004995076047707626,3.3416036141885295,2.30379085121928,0.31057327043898064,1.0,0.6848312696895084,0.13956579082720988,1.0,0.17933230424249494,0.0,0.7395805813170768,0.10665048981035077,0.0,0.15376893169171102,,,,,,,,,,,,,,,,,,,,,,,,,,,,,,,,,,,,
429,6.399129004098422e-06,6.399129004098422e-06,1.0,9.33771411792652,5.071490313555743,3.29821895908665,3.29821895908665,3.3882327144210405,0.0,0.0,0.3135215736724235,1.7721817429001268,0.09814961838561136,1.7428488989134092,0.08799291140324361,0.018902659032342804,0.0,1.031818828067264,0.0,0.0,0.0,2.636679433487557,73.27373050998997,10.899008750915527,78.20824432373047,132.51803588867188,1.0067473649978638,0.6948831677436829,0.25,4.0,0.5622105598449707,0.4446507394313812,0.10729565597986651,0.005646131961921435,4.308717486020681,2.707331059752284,0.371661969359555,1.0,0.6801688767768241,0.14126831554883235,1.0,0.18168005508345528,0.0,0.736209371605435,0.10784989776643547,0.0,0.15594073546093865,,,,,,,,,,,,,,,,,,,,,,,,,,,,,,,,,,,,
430,6.384497686073653e-06,6.384497686073653e-06,1.0,9.289156707557472,5.01901810878032,3.306508631319613,3.306508631319613,3.3737453705555684,0.0,0.0,0.3140779870587426,1.780017614364624,0.09645847190876265,1.7327136155721303,0.08151474771266048,0.01456308872061404,0.0,1.029141194111592,0.0,0.0,0.0,2.5753309436746545,72.85788912386508,11.070643424987793,76.99573516845703,132.0013885498047,1.0071814060211182,0.6852147579193115,0.25,4.0,0.5613871216773987,0.43986204266548157,0.10536984352773826,0.004584746690009848,3.2143860676804104,2.2088055497891195,0.31283750511554,1.0,0.6788883289775333,0.14198732215004997,1.0,0.18273826990578626,0.0,0.7339456500233831,0.10891112544246621,0.0,0.1571432295683268,88.40996660505023,128.17221966557437,0.23376400990404353,3.9655305631868134,88.40996343808676,109.14745400473711,129.67268444318893,165.57479552355764,20.347991943359375,69.90025341418362,150.6748975670856,0.5513420720005858,0.6476210710293048,0.5189835267217936,0.45671207638692524,0.0,0.568452228429747,0.6924141853932841,0.7162319832999443,0.6696528592294225,0.8667326224762743,0.9598585614305082,0.9885859807262467,0.36673262247627425,0.15985856143050814,0.03858598072624675,0.0012824740757026126,0.0,0.5494505494505495,0.45054945054945056,0.9688644688644688,1.066672536124895,1.0362875051387064,1.0257295008216585,-7.989802837371826,0.0003388434706721455
431,6.369854943669781e-06,6.369854943669781e-06,1.0,9.113272847356024,4.901876410922489,3.2534423261075407,3.2534423261075407,3.3062931202553414,0.0,0.0,0.3119566690277409,1.7600630070712115,0.0975071683123305,1.7194403216645524,0.08411080148574468,0.018140063709201844,0.0,1.030958186935734,0.0,0.0,0.0,2.595008885538256,72.61292194675755,10.877742767333984,76.99573516845703,131.4867706298828,1.0083085298538208,0.692955732345581,0.25,4.0,0.5625672936439514,0.4428858160972595,0.10771145639566693,0.004108764635080425,3.466907895900108,2.4876428850599237,0.28246063646462666,1.0,0.6804349889626374,0.14190084225422628,1.0,0.18255240369487452,0.0,0.735967615166226,0.10798916542852247,0.0,0.15604321779431524,,,,,,,,,,,,,,,,,,,,,,,,,,,,,,,,,,,,
432,6.355200924339056e-06,6.355200924339056e-06,1.0,9.127549558072477,4.907560683585502,3.25923955118334,3.25923955118334,3.3208570093721956,0.0,0.0,0.3128734512909039,1.760869329040115,0.09698728391447582,1.729986020036646,0.0851680483366992,0.01863994191375536,0.0,1.021254375174239,0.0,0.0,0.0,2.6606384354668693,72.95083793433938,10.688203811645508,76.69554901123047,133.0366973876953,1.0078027248382568,0.6940376162528992,0.25,4.0,0.5617850422859192,0.4490555226802826,0.10936645147171463,0.005181092023197286,3.589784693073582,2.5742279532793404,0.2829018525132546,1.0,0.6793921203226656,0.14201715125425443,1.0,0.1827526877860765,0.0,0.733522392608024,0.10924126691109426,0.0,0.15723633705764203,,,,,,,,,,,,,,,,,,,,,,,,,,,,,,,,,,,,
433,6.340535775647295e-06,6.340535775647295e-06,1.0,9.09915813239845,4.887250436318888,3.2616220551568107,3.2616220551568107,3.3149375400027714,0.0,0.0,0.3125787514287072,1.7331821048581921,0.09692471756322964,1.7105407682625022,0.08505438811875679,0.015576708678005112,0.0,1.013908537658485,0.0,0.0,0.0,2.54171359539032,74.07619600038271,10.920316696166992,78.20824432373047,134.60488891601562,1.0075820684432983,0.6959287524223328,0.25,4.0,0.5605835318565369,0.44628238677978516,0.11289801947696684,0.005011489222015538,3.4047674697798653,2.571532302611583,0.24472601273477135,1.0,0.6776677676149316,0.1425669191254152,1.0,0.1837648938636522,0.0,0.7330606918077212,0.109247009093697,0.0,0.1576922986958478,,,,,,,,,,,,,,,,,,,,,,,,,,,,,,,,,,,,
434,6.325859645272382e-06,6.325859645272382e-06,1.0,9.0567938057152,4.820864239254513,3.2771757873328955,3.2771757873328955,3.3440269328452445,0.0,0.0,0.31341320115166743,1.7526168629929826,0.09711799589363304,1.727445302782832,0.08612730414480776,0.01778395815022491,0.0,1.011835810300466,0.0,0.0,0.0,2.6553200354447237,74.34404991768501,10.772031784057617,78.8216323852539,135.66061401367188,1.0084941387176514,0.6939780712127686,0.25,4.0,0.5600453615188599,0.4425976574420929,0.11101871101871102,0.004330342488237225,3.467156120248743,2.512587066437747,0.275317586143918,1.0,0.6765490238730972,0.14420412742608302,1.0,0.18462239326657476,0.0,0.7317627024006199,0.11012479864262245,0.0,0.15811250419230075,,,,,,,,,,,,,,,,,,,,,,,,,,,,,,,,,,,,
435,6.311172681002783e-06,6.311172681002783e-06,1.0,9.020650013073071,4.809894329792744,3.244603562999416,3.244603562999416,3.288859818432782,0.0,0.0,0.31292906322994746,1.7852709003396936,0.09814250610164695,1.7344695651853406,0.08543099211277189,0.018012736986919835,0.0,1.0101567216821619,0.0,0.0,0.0,2.715129017829895,73.09092702092352,10.688203811645508,76.99573516845703,133.55738830566406,1.0076552629470825,0.6960710883140564,0.25,4.0,0.5548092722892761,0.4386942684650421,0.1117983367983368,0.004880183827552249,3.5824902855061196,2.797727938439395,0.21905498257502082,1.0,0.6690783162374754,0.14667088659228505,1.0,0.18784361352791656,0.0,0.7262719627973195,0.11229261514302846,0.0,0.16143542004598155,86.5621057657095,134.29192169855395,0.21636983174260635,-41.37666226481343,86.56210536057843,106.1495290159866,126.36445303941402,159.643499107785,22.7195189339774,60.703351279561836,168.79422395125678,0.48369781146675495,0.6250395732646845,0.5135277626791795,0.44543510659217267,0.0,0.5443616473082796,0.6734794999120759,0.6847172456552743,0.6712188297969502,0.8705617236451577,0.9590890769850866,0.9866805906709172,0.3705617236451577,0.15908907698508656,0.036680590670917224,0.0012091898428053204,0.0,0.4340659340659341,0.5659340659340659,0.9725274725274725,1.0091082438171566,0.9883223984103936,0.9822213280495706,-7.98955774307251,0.00033892650390043855
436,6.296475030736069e-06,6.296475030736069e-06,1.0,9.069327380206134,4.874691692558494,3.2372925732586837,3.2372925732586837,3.2880344584181502,0.0,0.0,0.3136691233596286,1.7592136151081808,0.09717378423020646,1.7264709504874978,0.081916581637956,0.014895309612305986,0.0,1.0092359120781358,0.0,0.0,0.0,2.5968563395577506,73.91979330939216,10.793091773986816,78.51434326171875,134.60488891601562,1.0088303089141846,0.6947179436683655,0.25,4.0,0.5586130023002625,0.4430033266544342,0.11077251340409235,0.004535507167086114,2.8970789120003984,2.4162768189971513,0.1659609929890584,1.0,0.6745419099524215,0.14477008057607188,1.0,0.18528484251048113,0.0,0.7297281042949574,0.11097988586973499,0.0,0.15929201205034513,,,,,,,,,,,,,,,,,,,,,,,,,,,,,,,,,,,,
437,6.281766842477413e-06,6.281766842477413e-06,1.0,9.149232529305124,4.951913240793589,3.2374472682540483,3.2374472682540483,3.2887158136110046,0.0,0.0,0.3125552116213618,1.7546701560149323,0.09720176559042286,1.7375098402435716,0.08522481964649381,0.018235467676375364,0.0,1.0018126851803548,0.0,0.0,0.0,2.6526569482442497,73.37030575726483,10.37961483001709,77.29708862304688,134.60488891601562,1.0072904825210571,0.6991478800773621,0.25,4.0,0.5542991161346436,0.4427138566970825,0.11394299157457052,0.005550388445125287,3.997658917227307,2.836722186288318,0.2904041477716139,1.0,0.6684434961628269,0.14653573547666138,1.0,0.1880545890009081,0.0,0.7248478225759558,0.11285512028513728,0.0,0.1622970555279706,,,,,,,,,,,,,,,,,,,,,,,,,,,,,,,,,,,,
438,6.2670482643381085e-06,6.2670482643381085e-06,1.0,9.05584799276816,4.830434992506698,3.2649616679629765,3.2649616679629765,3.324178579691294,0.0,0.0,0.3134757232021641,1.7655388342367637,0.0971722125604346,1.7400209839279588,0.08077828676716702,0.01480083543542974,0.0,1.00550098354752,0.0,0.0,0.0,2.6142947706016333,72.86273069639464,10.040637969970703,76.09870910644531,134.60488891601562,1.008935809135437,0.7102354764938354,0.25,4.0,0.5541546940803528,0.44615480303764343,0.11850311850311851,0.005290513185250027,3.3967662904713607,2.8393466911605887,0.16410301788334702,1.0,0.6680694319106437,0.1471208487008069,1.0,0.18906477053423185,0.0,0.7252453388394536,0.11255913288206668,0.0,0.16219552062653206,,,,,,,,,,,,,,,,,,,,,,,,,,,,,,,,,,,,
439,6.252319444534073e-06,6.252319444534073e-06,1.0,9.075028135969832,4.880864684646194,3.2440892039118587,3.2440892039118587,3.2975910547617318,0.0,0.0,0.3117058099927129,1.7434576105427098,0.09694491628859495,1.709643789239832,0.08297969561976355,0.015117899653174588,0.0,1.0029798359484285,0.0,0.0,0.0,2.566715665765711,74.1633881233834,10.420238494873047,78.20824432373047,136.1915740966797,1.006321907043457,0.6967098712921143,0.25,4.0,0.5528634786605835,0.43821582198143005,0.11071506729401466,0.005224860488018383,2.742642220613119,2.266735641537486,0.17352120356742842,1.0,0.6665563631702114,0.14670056024113218,1.0,0.1881237936180991,0.0,0.7250987790726326,0.11276635386653848,0.0,0.16213487088680267,,,,,,,,,,,,,,,,,,,,,,,,,,,,,,,,,,,,
440,6.2375805313843564e-06,6.2375805313843564e-06,1.0,9.121603398709684,4.87192507047911,3.292773504514952,3.292773504514952,3.3612900295773067,0.0,0.0,0.31418836277884404,1.75359612864417,0.09731795517979441,1.7255035960996472,0.0839812079998287,0.015348928873553066,0.0,0.9993162590104181,0.0,0.0,0.0,2.540403469188793,75.2689161558409,10.772031784057617,79.4398422241211,137.7969512939453,1.0075733661651611,0.6885549426078796,0.25,4.0,0.5543571710586548,0.434598833322525,0.10599080862238756,0.004554655870445344,2.9886848797669283,2.235533309949411,0.252000997132977,1.0,0.6684449105649382,0.14686047668392593,1.0,0.18799995490022609,0.0,0.7244765565202043,0.11313013953937066,0.0,0.16239330816913294,88.79362194354718,134.94807758722985,0.22637828707429836,-38.620301969758756,88.79362201730075,107.78343228170813,128.92133029107615,163.40034070928752,21.33678436279297,64.60214949023816,166.90009606402853,0.5341894570861971,0.62631212676243,0.510391827920931,0.44110658655176344,0.0,0.5456505982271709,0.6723339820100488,0.6710306622197239,0.6760121460832788,0.8691876442783335,0.9582463083067678,0.9861492799824118,0.3691876442783335,0.15824630830676778,0.0361492799824118,0.001484005716170166,0.0,0.3791208791208791,0.6208791208791209,0.9597069597069596,1.0345587885969287,1.0123637534759857,1.0057814360319912,-7.989394187927246,0.0003389819466974586
441,6.222831673309657e-06,6.222831673309657e-06,1.0,9.100866910573599,4.882142440692799,3.266565696613209,3.266565696613209,3.3199154557408512,0.0,0.0,0.3125957129774867,1.7533037984693371,0.0966088783902091,1.7105077440674241,0.08110207832745604,0.014222936421582425,0.0,1.0150660099209965,0.0,0.0,0.0,2.5349326391477844,75.38157798148491,10.772031784057617,79.13013458251953,138.33627319335938,1.0079820156097412,0.6866253018379211,0.25,4.0,0.5556116104125977,0.43856391310691833,0.10869077579603896,0.004866506182295656,3.1000201955840394,2.4359026196840645,0.21423008045109077,1.0,0.6703810047458958,0.1456359685272784,1.0,0.18726739569290266,0.0,0.7253876698983682,0.11268194362118437,0.0,0.16193039191735759,,,,,,,,,,,,,,,,,,,,,,,,,,,,,,,,,,,,
442,6.208073018830807e-06,6.208073018830807e-06,1.0,9.218204292091164,5.033730700209334,3.224928043984078,3.224928043984078,3.2707051908647693,0.0,0.0,0.31309404888668574,1.7578714280515104,0.09768981285191872,1.7338006464210716,0.0853196457028389,0.0168610130109497,0.0,0.9941189917358192,0.0,0.0,0.0,2.584272974246257,74.86429946487014,10.563681602478027,78.20824432373047,137.7969512939453,1.0070863962173462,0.694506824016571,0.25,4.0,0.5511550307273865,0.4353300929069519,0.1111773717036875,0.004932158879527301,3.439592991326306,2.4942656465478845,0.2748369784338651,1.0,0.6637629431647223,0.14877239493904887,1.0,0.19033768289798014,0.0,0.7215178286707079,0.1143802873588897,0.0,0.16410188739364212,,,,,,,,,,,,,,,,,,,,,,,,,,,,,,,,,,,,
443,6.193304716567291e-06,6.193304716567291e-06,1.0,9.095808725099307,4.881987275304021,3.261638796007311,3.261638796007311,3.3175458714768693,0.0,0.0,0.31439663107330734,1.7456379903329384,0.0976867913394361,1.712929960843679,0.08429208206566605,0.01510685367975384,0.0,0.9818021864504427,0.0,0.0,0.0,2.5549391733633504,74.83767030045793,10.75101375579834,78.20824432373047,137.7969512939453,1.0086967945098877,0.6877781748771667,0.25,4.0,0.5493373274803162,0.4271453619003296,0.11243571506729401,0.004177152861363388,2.785802232252585,1.8986961148880623,0.3184382965502951,1.0,0.6607401773736283,0.15102242154849543,1.0,0.19347173821281743,0.0,0.7177189604656117,0.11594977954754958,0.0,0.16633126139640808,,,,,,,,,,,,,,,,,,,,,,,,,,,,,,,,,,,,
444,6.178526915235755e-06,6.178526915235755e-06,1.0,9.171630395425332,4.942375995017387,3.272310585589022,3.272310585589022,3.335001784401971,0.0,0.0,0.3124969215006442,1.7526973453727928,0.09742069566572034,1.7321703788396474,0.08381491209808234,0.017043668207259395,0.0,0.9903196418607557,0.0,0.0,0.0,2.5849703002620386,74.62853818326383,10.584334373474121,77.59961700439453,137.7969512939453,1.0076364278793335,0.698440432548523,0.25,4.0,0.5507264137268066,0.4375842809677124,0.1154748878433089,0.005260422365685523,3.9989527322956033,2.842022950987558,0.2893081911083026,1.0,0.6627825111956209,0.15038632339722402,1.0,0.1913535027085124,0.0,0.7203309374886591,0.11518059207780941,0.0,0.16448846781576001,,,,,,,,,,,,,,,,,,,,,,,,,,,,,,,,,,,,
445,6.1637397636484904e-06,6.1637397636484904e-06,1.0,9.123250626228952,4.826692671389194,3.345199017911344,3.345199017911344,3.448205464595073,0.0,0.0,0.3151193438349543,1.7368673891634554,0.09749079697035454,1.7103574243751731,0.08383137924042908,0.017080748249222902,0.0,1.0025480905094661,0.0,0.0,0.0,2.5476314892639986,75.6228346953521,10.709098815917969,78.51434326171875,139.4212646484375,1.0090709924697876,0.6955231428146362,0.25,4.0,0.5568892359733582,0.44227728247642517,0.11526698763540869,0.004344020133493818,3.2274967963631087,2.228998891002423,0.3093722374831909,1.0,0.6716711811117224,0.14740614129884824,1.0,0.18603591661195498,0.0,0.727421942594889,0.11267582931228586,0.0,0.15990222386411718,86.86342677441272,130.45032866831087,0.22035621416174503,-30.76760920849475,86.86342777748958,105.73949527294515,126.61865845121733,161.1636303614489,18.255510057721818,64.74671214495518,159.32672251825747,0.5707634843037461,0.638466965390778,0.5231808790888807,0.4591817857416666,0.0,0.5613724859195462,0.6850290258849846,0.6911348590657702,0.6713927007542222,0.8711663185665603,0.9589608295775164,0.986167601040636,0.37116631856656035,0.15896082957751634,0.0361676010406361,0.002033637462899857,0.0,0.43956043956043955,0.5604395604395604,0.966117216117216,1.0327157205441495,1.008555681168378,1.0010568782032192,-7.989563941955566,0.00033892440842464566
446,6.148943410711949e-06,6.148943410711949e-06,1.0,9.093186326929041,4.863454122801085,3.278948532568442,3.278948532568442,3.3432067793768807,0.0,0.0,0.3114788620858579,1.7426140727223576,0.09739149925676552,1.7111428782746598,0.08393726336794931,0.016743273423934304,0.0,1.001468664891011,0.0,0.0,0.0,2.5929190532581226,76.27019284222577,10.814192771911621,80.06289672851562,140.51475524902344,1.0080952644348145,0.6955545544624329,0.25,4.0,0.5552922487258911,0.44063788652420044,0.10942936863989496,0.005027902396323449,3.4835696961428666,2.475690247239293,0.2893237502954322,1.0,0.6694591560879269,0.14784993734714147,1.0,0.18713169524798523,0.0,0.7257348588995032,0.1131774678423598,0.0,0.16108767084173253,,,,,,,,,,,,,,,,,,,,,,,,,,,,,,,,,,,,
447,6.134138005425243e-06,6.134138005425243e-06,1.0,9.098484967205975,4.896168193301639,3.2459833750853666,3.2459833750853666,3.300574425104502,0.0,0.0,0.3128628964359696,1.7449119445439931,0.0958971721497742,1.7305989490972984,0.08791345478715124,0.017578576401983563,0.0,0.9723288352425034,0.0,0.0,0.0,2.65944504737854,75.97122089282887,10.440611839294434,78.51434326171875,141.61683654785156,1.0090869665145874,0.6970431804656982,0.25,4.0,0.5505222678184509,0.4374924600124359,0.11415362731152205,0.004182623919466025,3.126661700171393,2.3436202390773877,0.25044009751713203,1.0,0.6622975790822828,0.1512851161328522,1.0,0.19159022295797193,0.0,0.7185957415683849,0.11632930306163994,0.0,0.1650749465098252,,,,,,,,,,,,,,,,,,,,,,,,,,,,,,,,,,,,
448,6.119323696878637e-06,6.119323696878637e-06,1.0,9.117920334274704,4.872968364406276,3.286656308818508,3.286656308818508,3.3480544348020813,0.0,0.0,0.3149775790201651,1.7625698495555568,0.09667196587936298,1.7255064796757054,0.08387048099492048,0.017307424112348944,0.0,0.9798619924364863,0.0,0.0,0.0,2.647619489076975,75.51683601173195,10.75101375579834,78.20824432373047,140.51475524902344,1.0098977088928223,0.6906758546829224,0.25,4.0,0.5505881905555725,0.4327835440635681,0.11879582011160958,0.0038598314914104386,3.207267981928748,2.409829355574943,0.24863486021341158,1.0,0.6621989366170522,0.15188189173066938,1.0,0.19244590965477196,0.0,0.7188947200775146,0.11624478166167801,0.0,0.16486050027447777,,,,,,,,,,,,,,,,,,,,,,,,,,,,,,,,,,,,
449,6.104500634252056e-06,6.104500634252056e-06,1.0,9.003253266618058,4.825929139111493,3.221431912602605,3.221431912602605,3.2679703428938582,0.0,0.0,0.31112358376786514,1.7425968936971716,0.09614715060672245,1.7244015577677134,0.08808666447529921,0.01899483411673557,0.0,1.0084652771820892,0.0,0.0,0.0,2.6269021646396533,75.75301886893608,10.625760078430176,78.51434326171875,140.51475524902344,1.0087920427322388,0.7093209028244019,0.25,4.0,0.5584868788719177,0.45408692955970764,0.12145201882043988,0.005771966298282088,3.919587459113147,2.7694636470562704,0.2934298122071004,1.0,0.6740788624093339,0.146244008798857,1.0,0.18441986272463928,0.0,0.7304465593518438,0.1114365041658685,0.0,0.1581169386973252,,,,,,,,,,,,,,,,,,,,,,,,,,,,,,,,,,,,
450,6.089668966813574e-06,6.089668966813574e-06,1.0,9.102123595572806,4.89466988073813,3.252339421091853,3.252339421091853,3.314431834865261,0.0,0.0,0.31248540008390274,1.7514892011075407,0.09715753270162118,1.7209208462689374,0.08410191646701581,0.017061284567053255,0.0,1.001273891410312,0.0,0.0,0.0,2.5876991039997823,76.82355798257363,10.899008750915527,79.4398422241211,142.1710968017578,1.0092718601226807,0.7002317309379578,0.25,4.0,0.5561914443969727,0.4433911442756653,0.11638034795929533,0.004305722726775358,3.111614228905858,2.067751915873708,0.33547292056162287,1.0,0.6706790086385366,0.147521440845889,1.0,0.18737766066113035,0.0,0.7269270774480459,0.11253087484353297,0.0,0.16054204227151098,79.8839850792518,119.37738559348544,0.21281130112401986,5.642064608060396,79.8839835306063,102.44793970700469,123.89108352418543,160.3471199470728,18.419527326311385,64.54926779103833,132.2411532194718,0.48317835386193736,0.632893860846911,0.5193162055770313,0.4491545603758803,0.0,0.54683640200029,0.6769187628753875,0.7249282284530577,0.664690415923517,0.8701403393059983,0.963192994027335,0.9892455388223224,0.3701403393059983,0.163192994027335,0.0392455388223224,0.0014107214832728737,0.0,0.6208791208791209,0.3791208791208791,0.9743589743589745,1.0361886292204752,1.0066027119755745,0.995765378841987,-7.989855766296387,0.00033882554271258414
451,6.074828843917921e-06,6.074828843917921e-06,1.0,9.012856045284787,4.812421901805981,3.247409085969667,3.247409085969667,3.3012614958995097,0.0,0.0,0.31307299394865296,1.7421478645221606,0.09651300431908788,1.7196231210553967,0.08406592724291054,0.016359366495413957,0.0,0.999920675883422,0.0,0.0,0.0,2.61020163909809,76.14162311038456,10.563681602478027,78.20824432373047,142.1710968017578,1.0093531608581543,0.7117429375648499,0.25,4.0,0.5547444224357605,0.45157572627067566,0.12381551592077908,0.005692635955793851,3.4545541228474796,2.4916118818360404,0.2787457387460806,1.0,0.6687433316900924,0.14754237355412664,1.0,0.1887758329913423,0.0,0.7253928700008908,0.11278773743558575,0.0,0.1618193899457519,,,,,,,,,,,,,,,,,,,,,,,,,,,,,,,,,,,,
452,6.059980415004965e-06,6.059980415004965e-06,1.0,8.96983662167111,4.763323609893386,3.255928136206962,3.255928136206962,3.3155859483254924,0.0,0.0,0.31430959540444453,1.7348790587605656,0.0970135393577653,1.7104160946768683,0.0840004484194356,0.01858207190447059,0.0,0.9976411880673589,0.0,0.0,0.0,2.555674443373809,78.17434218123152,11.201141357421875,81.00665283203125,144.40997314453125,1.009177565574646,0.7004770636558533,0.25,4.0,0.554695725440979,0.4417756497859955,0.11734051865630812,0.004672283619652041,3.243818486059034,2.1561211871134267,0.3353138603840524,1.0,0.6687437247585606,0.1470340254741746,1.0,0.18987651894221436,0.0,0.7252618122745205,0.11215568515094551,0.0,0.16258249935266134,,,,,,,,,,,,,,,,,,,,,,,,,,,,,,,,,,,,
453,6.045123829598222e-06,6.045123829598222e-06,1.0,9.116466316016945,4.914370923428922,3.246337549106495,3.246337549106495,3.2985939721803406,0.0,0.0,0.3132192967711268,1.747982634080423,0.09700761493798848,1.726581782908053,0.08406108960106566,0.01855822919389686,0.0,0.9944028483854758,0.0,0.0,0.0,2.671890703407494,77.35069924431878,10.877742767333984,79.13013458251953,144.9751739501953,1.009118914604187,0.7087474465370178,0.25,4.0,0.5535531044006348,0.44786331057548523,0.12187055476529161,0.005320604004814531,4.161960719404994,2.986085257417447,0.28252920708863716,1.0,0.6672772346316157,0.14706038240645383,1.0,0.18971729761845357,0.0,0.7242452631125579,0.112734798241306,0.0,0.16301995314456322,,,,,,,,,,,,,,,,,,,,,,,,,,,,,,,,,,,,
454,6.030259237303342e-06,6.030259237303342e-06,1.0,9.130949561660355,4.863758757307723,3.3132007959726693,3.3132007959726693,3.399789236687325,0.0,0.0,0.3130675997283008,1.7410901333834674,0.09699745637339514,1.7259112886480383,0.08433489108810553,0.016603618564486906,0.0,0.9939639971062944,0.0,0.0,0.0,2.6337682749774003,77.98952298550992,10.814192771911621,78.8216323852539,147.25820922851562,1.0100094079971313,0.7093310356140137,0.25,4.0,0.5566185712814331,0.4555574953556061,0.12355837618995513,0.005506619980304191,3.376759741757367,2.6995299941784627,0.2005560950055788,1.0,0.6717339528573526,0.1454094569828059,1.0,0.18715333898325223,0.0,0.7265369698808,0.11192701575723854,0.0,0.16153601617426486,,,,,,,,,,,,,,,,,,,,,,,,,,,,,,,,,,,,
455,6.015386787806605e-06,6.015386787806605e-06,1.0,9.112410751548973,4.879191695032893,3.2714660232131547,3.2714660232131547,3.3327435738331563,0.0,0.0,0.31418986497698603,1.754898129282771,0.09815086041753357,1.7537818663829081,0.0819690764151715,0.01582872265370915,0.0,0.9949638988520648,0.0,0.0,0.0,2.5384869478844307,80.26332587164802,11.333175659179688,82.92766571044922,148.99404907226562,1.0080231428146362,0.6970949172973633,0.25,4.0,0.551773190498352,0.4392126500606537,0.1126983258562206,0.0051701499069920125,3.8157292024509326,3.1373683753851296,0.17778012827274953,1.0,0.664883288177284,0.14708076377172727,1.0,0.19171173467829422,0.0,0.7219596682368098,0.11298714618425111,0.0,0.16505318114886414,85.63166851001782,130.95865596609366,0.2286319586608215,3.0019481784694797,85.63166718589129,107.3808258443592,128.94224778233215,163.6478796754587,30.056195940290177,65.58283665383509,150.31270367166272,0.33728115279793053,0.6162435531117246,0.5088025972280723,0.4387455366039356,0.0,0.5271129715538905,0.663681544894694,0.7098771585210607,0.6764376093461528,0.8674105016305742,0.9615807409035946,0.9885676596680224,0.3674105016305742,0.16158074090359453,0.03856765966802245,0.001044300318786413,0.0,0.6593406593406593,0.34065934065934067,0.988095238095238,1.0428576068236277,1.0140300253917882,1.0032070514101248,-7.9902520179748535,0.0003386913158465177
456,6.000506630873413e-06,6.000506630873413e-06,1.0,9.093238340841758,4.838596099131816,3.3022104598380424,3.3022104598380424,3.3821791958164527,0.0,0.0,0.31471959159180923,1.7310500596020673,0.09865733115254222,1.7205680061031032,0.08331617994888409,0.016156600231329935,0.0,1.0160204510431032,0.0,0.0,0.0,2.518259080680641,79.89186323011243,11.027483940124512,82.92766571044922,148.4131622314453,1.0085080862045288,0.7086018919944763,0.25,4.0,0.5568031668663025,0.4510290026664734,0.11801345880293249,0.005722726775358354,3.111246229829015,2.2830618237321443,0.26619056960412457,1.0,0.6723601512006812,0.14365504722337466,1.0,0.18758183355266983,0.0,0.728988085244153,0.10989589707271473,0.0,0.161116025737814,,,,,,,,,,,,,,,,,,,,,,,,,,,,,,,,,,,,
457,5.985618916346779e-06,5.985618916346779e-06,1.0,9.019172513807142,4.814480807330157,3.251351949330923,3.251351949330923,3.3028879036774508,0.0,0.0,0.3138479437377002,1.7434694638123382,0.09737412611374983,1.7183127274384369,0.08479996599458359,0.017258924331415345,0.0,0.9866651570474779,0.0,0.0,0.0,2.608564054643786,80.08570387556746,10.963057518005371,81.96153259277344,150.16259765625,1.008712887763977,0.6969637870788574,0.25,4.0,0.5538249611854553,0.4417250454425812,0.11352719115877011,0.005156472261735419,3.6794343816267476,2.5046263530447677,0.3192903872531014,1.0,0.6676809320578704,0.14683302693270348,1.0,0.1896937070666133,0.0,0.7237223273998982,0.11280416636853605,0.0,0.16347350542609757,,,,,,,,,,,,,,,,,,,,,,,,,,,,,,,,,,,,
458,5.970723794145826e-06,5.970723794145826e-06,1.0,9.168031254330197,4.946198205690126,3.262691188502956,3.262691188502956,3.319888959059844,0.0,0.0,0.3145290975635116,1.7681341332358282,0.09819540643208735,1.7204101343412657,0.08495608757476548,0.015872752105162757,0.0,0.9897961149344573,0.0,0.0,0.0,2.584678810995978,80.26612503464158,11.244980812072754,81.6419906616211,150.7503204345703,1.0099859237670898,0.6975505352020264,0.25,4.0,0.5511652231216431,0.4361480474472046,0.11608491082175293,0.0042154502680818474,3.387803867056563,2.3110574773840002,0.3178302026699308,1.0,0.6633298219861211,0.1502302115833437,1.0,0.19239478095157728,0.0,0.7204327905500257,0.1145274234381882,0.0,0.1650397833940145,,,,,,,,,,,,,,,,,,,,,,,,,,,,,,,,,,,,
459,5.9558214142642656e-06,5.9558214142642656e-06,1.0,9.04731678318333,4.813318922712996,3.2827441885664657,3.2827441885664657,3.343839284536001,0.0,0.0,0.3157100637216826,1.7337391118745547,0.0975586296738805,1.715413277213638,0.08299472243399234,0.015272174533959982,0.0,1.000483773850106,0.0,0.0,0.0,2.457147230973115,81.7464220201647,11.534154891967773,83.57807159423828,152.52732849121094,1.0087735652923584,0.6956206560134888,0.25,4.0,0.5559909343719482,0.44291168451309204,0.11546941678520625,0.004401466243571506,3.1213339744387447,2.0804460548065804,0.3334753436050781,1.0,0.6708521085816461,0.14566801870996887,1.0,0.1874443997402449,0.0,0.7269551093513901,0.11172586800278844,0.0,0.16131901982668284,,,,,,,,,,,,,,,,,,,,,,,,,,,,,,,,,,,,
460,5.940911926768903e-06,5.940911926768903e-06,1.0,9.055782137690363,4.8291933987591715,3.2680702918284648,3.2680702918284648,3.3290303720010295,0.0,0.0,0.31364039230991053,1.7686861527932656,0.09829762658557377,1.7160157384099186,0.08458761860792702,0.016745771375811985,0.0,1.0024462825543172,0.0,0.0,0.0,2.6386692781706116,81.28753765209301,11.223039627075195,83.25223541259766,152.52732849121094,1.0099878311157227,0.6861928105354309,0.25,4.0,0.5561892986297607,0.4390663206577301,0.11240288871867819,0.003739468213152424,3.186792916542775,2.380045428469374,0.2531534082072108,1.0,0.6709151203567917,0.14640805729337641,1.0,0.1878101422980025,0.0,0.7251550506901097,0.112925406041983,0.0,0.16191954910755157,87.88566262381417,127.42647915287787,0.23550478597800403,21.78722222296746,87.88566263891718,106.88978677794688,127.54442839184387,163.98875523609337,25.034744262695312,71.23965004617854,144.13114199431047,0.43780932099610514,0.6468077459820591,0.5258128872724611,0.46436916492930436,0.0,0.5645079666052804,0.69600872851566,0.7342050142094976,0.6652805772122251,0.8677219596203877,0.9623685464072405,0.9894104283463413,0.3677219596203877,0.1623685464072404,0.03941042834634134,0.0013924004250485508,0.0,0.6758241758241759,0.3241758241758242,0.9853479853479854,1.058834670172943,1.0269909858867363,1.0152265626814339,-7.990209579467773,0.0003387056931387633
461,5.9259954817981055e-06,5.9259954817981055e-06,1.0,9.094281763643831,4.906158253953263,3.231595400217417,3.231595400217417,3.2787640932443978,0.0,0.0,0.3144579851949537,1.7470657922126152,0.09666473317790676,1.7259382138381134,0.0851109303735398,0.01730096756757514,0.0,0.9976235660346778,0.0,0.0,0.0,2.586603702725591,81.68830954061973,11.377533912658691,83.57807159423828,152.52732849121094,1.0089457035064697,0.6935160756111145,0.25,4.0,0.5558487176895142,0.4421006739139557,0.11470893970893971,0.005090819564503775,4.2467823705157715,2.8195848344145595,0.3360656166442263,1.0,0.6703690580419592,0.1469572826817229,1.0,0.18741009243436763,0.0,0.7260822734317264,0.11279839055763709,0.0,0.16111933742020582,,,,,,,,,,,,,,,,,,,,,,,,,,,,,,,,,,,,
462,5.9110722295603114e-06,5.9110722295603114e-06,1.0,9.046097729657147,4.8417354403315365,3.2530678414009713,3.2530678414009713,3.30886156494553,0.0,0.0,0.3138023421571061,1.7367689094027958,0.09622448340461061,1.7160921870051205,0.08487280035341108,0.015383981199733712,0.0,0.9890967543060715,0.0,0.0,0.0,2.540193867039036,81.92463642842061,11.39977741241455,83.25223541259766,154.3252716064453,1.010201096534729,0.6971595287322998,0.25,4.0,0.5541560649871826,0.4409443140029907,0.11968486705328811,0.004937629937629938,3.1815543094196834,2.21181608535148,0.30480014790163495,1.0,0.6675261645703703,0.14932145560915405,1.0,0.18964648931413083,0.0,0.7228966065355249,0.11440432816743851,0.0,0.16269906630387176,,,,,,,,,,,,,,,,,,,,,,,,,,,,,,,,,,,,
463,5.8961423203325066e-06,5.8961423203325066e-06,1.0,9.199419176256335,4.9831342697143555,3.2636590455029464,3.2636590455029464,3.3221963418496623,0.0,0.0,0.31428078783525004,1.753853295300458,0.09769756870495307,1.7091095189790468,0.08396236598491669,0.01591664266999106,0.0,0.9750938737714613,0.0,0.0,0.0,2.5656076540818087,82.83305276406777,11.73869514465332,84.89423370361328,154.3252716064453,1.0085804462432861,0.6848987936973572,0.25,4.0,0.5497810244560242,0.4314331114292145,0.1090819564503775,0.0040896159317211946,3.7132879125105367,2.3918523570975743,0.35586671072848375,1.0,0.6614623923559446,0.1505241684011511,1.0,0.19278256675681552,0.0,0.717185830747759,0.11627057355803412,0.0,0.16654359247233416,,,,,,,,,,,,,,,,,,,,,,,,,,,,,,,,,,,,
464,5.881205904458708e-06,5.881205904458708e-06,1.0,9.098659953555545,4.883778520532556,3.259877314438691,3.259877314438691,3.3164467038335026,0.0,0.0,0.31411238054971435,1.752019679224169,0.0968107049529617,1.7206377983093262,0.08517609838698362,0.015776384445662435,0.0,0.9756207031172675,0.0,0.0,0.0,2.5859591091001355,82.45616665401974,11.946864128112793,83.90519714355469,154.3252716064453,1.0092289447784424,0.697037398815155,0.25,4.0,0.5498103499412537,0.436244934797287,0.11684265236896815,0.004612101980523033,3.391475373023265,2.319898537687353,0.31596185066226073,1.0,0.6612761471722577,0.15151907020323985,1.0,0.19260561546763857,0.0,0.7187955331157994,0.11580284302299088,0.0,0.1654016222502734,,,,,,,,,,,,,,,,,,,,,,,,,,,,,,,,,,,,
465,5.866263132348459e-06,5.866263132348459e-06,1.0,9.087922018927497,4.812578239956418,3.327178671553328,3.327178671553328,3.412992528966955,0.0,0.0,0.3144959388552485,1.7183088193068634,0.0978293873973795,1.708743295154056,0.08534830103854875,0.017128069000947918,0.0,1.0096096428664956,0.0,0.0,0.0,2.4696286852295333,84.3105326472102,11.970219612121582,87.24759674072266,156.14439392089844,1.0077950954437256,0.6926127076148987,0.25,4.0,0.560316801071167,0.44932883977890015,0.1138363059415691,0.004787175839807418,3.8026953178483085,2.4482127476382898,0.3561901380456718,1.0,0.6772035795289117,0.14307948141484647,1.0,0.1837926007605888,0.0,0.7314212966609646,0.11018041299807059,0.0,0.15839829275736939,84.61362107245476,125.23652431704268,0.22595213089350907,11.354592354743035,84.6136228310715,106.47474610556034,126.56262550393828,161.7757739783432,24.547344207763672,66.4510621063469,144.68827421768853,0.42441047091270356,0.6317882344283222,0.5190224872204046,0.45190406857336346,0.0,0.5464883839967309,0.6800646309674079,0.7216846380042626,0.6668426143649739,0.8697189549668389,0.9621670147667729,0.9890623282400791,0.36971895496683893,0.16216701476677287,0.03906232824007916,0.0013557583085999048,0.0,0.6703296703296703,0.32967032967032966,0.9871794871794873,1.043464472415028,1.012659030383105,1.0012187283936438,-7.990746021270752,0.0003385240852367133
466,5.85131415447531e-06,5.85131415447531e-06,1.0,9.077667597177866,4.833403187829095,3.293168866956556,3.293168866956556,3.358172358693303,0.0,0.0,0.3143586137810269,1.7453678717484344,0.09774786374858908,1.705339789390564,0.08345719346323528,0.01446849131025374,0.0,1.00201990797713,0.0,0.0,0.0,2.500853648056855,83.49725403656831,12.064103126525879,85.56007385253906,154.9292755126953,1.0097765922546387,0.6866743564605713,0.25,4.0,0.5566864609718323,0.43953245878219604,0.11242203742203742,0.004138855454644928,3.3808582948671804,2.113424950354808,0.3748850836003952,1.0,0.6715134446685379,0.14665310286186836,1.0,0.18747895472758525,0.0,0.7261130149300034,0.11259730462286924,0.0,0.16128967742662173,,,,,,,,,,,,,,,,,,,,,,,,,,,,,,,,,,,,
467,5.8363591213753e-06,5.8363591213753e-06,1.0,9.051561432915765,4.830674403422588,3.276393059137705,3.276393059137705,3.3319957191879683,0.0,0.0,0.3125823212636484,1.7211916027842342,0.09662426424187583,1.6986909460377049,0.08390228410024901,0.016550455512982364,0.0,1.0026039948334564,0.0,0.0,0.0,2.546585263432683,84.19539621713999,11.556703567504883,86.56863403320312,156.7555389404297,1.0075546503067017,0.6998488306999207,0.25,4.0,0.5585381984710693,0.45284321904182434,0.11541197067512857,0.005648867490972754,4.156154201642887,2.8664743626439892,0.31030606094670404,1.0,0.6747051412994797,0.14383537523649834,1.0,0.18449132265271367,0.0,0.730355581721744,0.11057023261044477,0.0,0.1590741921115566,,,,,,,,,,,,,,,,,,,,,,,,,,,,,,,,,,,,
468,5.821398183645449e-06,5.821398183645449e-06,1.0,9.100522170195708,4.8630553193994475,3.288227042636356,3.288227042636356,3.354797459937431,0.0,0.0,0.313917138286539,1.7347289001619495,0.09688185417168849,1.712094513145653,0.0834458071637798,0.013954379624133376,0.0,0.9882439697110975,0.0,0.0,0.0,2.5050079210384473,85.42820224246464,11.85389232635498,88.62154388427734,158.6033172607422,1.0078250169754028,0.6936813592910767,0.25,4.0,0.5522470474243164,0.4359498918056488,0.11142356931830616,0.00498960498960499,4.314449883796073,3.803273809922708,0.11848001196936066,1.0,0.665355258696788,0.1480745624851536,1.0,0.18983692454325185,0.0,0.7237794576464472,0.11300296235728909,0.0,0.1632175783853273,,,,,,,,,,,,,,,,,,,,,,,,,,,,,,,,,,,,
469,5.806431491942233e-06,5.806431491942233e-06,1.0,9.069187808681178,4.869981495109764,3.2483362184988485,3.2483362184988485,3.294904831293467,0.0,0.0,0.3125555974406165,1.7449498659855611,0.09749950287309853,1.7111526276614215,0.08396391067150477,0.01614299463737454,0.0,0.9843635607410122,0.0,0.0,0.0,2.575376555726335,84.37760780953072,11.466768264770508,86.56863403320312,157.9849853515625,1.0080742835998535,0.6980355381965637,0.25,4.0,0.5491912961006165,0.43473225831985474,0.11328099354415144,0.004937629937629938,3.637611253036035,2.6326132900006063,0.27627964978298164,1.0,0.6605907904135214,0.15108267117191004,1.0,0.1924452636692975,0.0,0.71891706537556,0.11566743194251447,0.0,0.16541550610516523,,,,,,,,,,,,,,,,,,,,,,,,,,,,,,,,,,,,
470,5.791459196980068e-06,5.791459196980068e-06,1.0,9.14637364567937,4.949285906714362,3.2506295796987175,3.2506295796987175,3.2923732319393673,0.0,0.0,0.3133027489120896,1.7226395349244814,0.09682102461118956,1.7068713259052586,0.08505923351323283,0.01519069602285084,0.0,0.9882838693824975,0.0,0.0,0.0,2.53322370954462,84.72261583482897,11.601935386657715,87.24759674072266,157.9849853515625,1.0082380771636963,0.7075073719024658,0.25,4.0,0.5528566837310791,0.4454021751880646,0.12092679724258672,0.006042783674362622,3.6049230010122866,2.6524939786743476,0.26420232056842563,1.0,0.6660623792055491,0.1485438294507362,1.0,0.18917761138967565,0.0,0.7240908870825896,0.11355318692890373,0.0,0.1623559243775703,84.61809996720199,126.70529979797348,0.22460088590576016,6.709881583412925,84.61810121821163,105.49213512364668,125.7075412115038,159.99647040387362,24.665870666503906,65.48503408505935,147.3970370085343,0.4228311954355907,0.6455474957921956,0.5290375050726889,0.47122674869693176,0.0,0.5661127530915183,0.6922867682643075,0.7329848457569822,0.6640509290460981,0.8696639917921659,0.9623319042907919,0.9888424755413873,0.3696639917921659,0.1623319042907918,0.03884247554138731,0.0016122531237404273,0.0,0.6428571428571429,0.35714285714285715,0.9871794871794873,1.0367291873464217,1.0077655488973136,0.9970690335382472,-7.991764545440674,0.0003381795540917665
471,5.776481449529803e-06,5.776481449529803e-06,1.0,9.013763814359098,4.784274114144815,3.2806525745907344,3.2806525745907344,3.3439780699240194,0.0,0.0,0.31400893749417486,1.73784745383907,0.09611031594308647,1.7072880461409286,0.08296448566220901,0.013472671224106406,0.0,0.9938295709120261,0.0,0.0,0.0,2.588139691868344,84.20314304248707,11.647343635559082,85.56007385253906,158.6033172607422,1.0097520351409912,0.6973963975906372,0.25,4.0,0.5539644956588745,0.4427243769168854,0.11691377612430244,0.004633986212933581,3.1798734970994897,2.56783909733231,0.19247130438536147,1.0,0.6673695187310915,0.14917394438305417,1.0,0.1885697845671628,0.0,0.723593439604785,0.114490671737774,0.0,0.16191588261642972,,,,,,,,,,,,,,,,,,,,,,,,,,,,,,,,,,,,
472,5.761498400417187e-06,5.761498400417187e-06,1.0,9.02063124888652,4.781924466829042,3.296441464810758,3.296441464810758,3.360873898944339,0.0,0.0,0.31316147784929016,1.7261870100691512,0.09823938136970675,1.6904799132733732,0.08100138685187779,0.013238808272305775,0.0,1.0008159344260756,0.0,0.0,0.0,2.4600282391986332,86.32617063780089,12.230175018310547,88.62154388427734,161.1009521484375,1.0083086490631104,0.6909768581390381,0.25,4.0,0.5548547506332397,0.4387569725513458,0.11167250246197614,0.004820002188423241,3.162832307654458,2.3096044063568115,0.269767037358486,1.0,0.6688611394650227,0.14803958200925105,1.0,0.1869622183007163,0.0,0.7261029320794183,0.11315254323385857,0.0,0.16074453374824008,,,,,,,,,,,,,,,,,,,,,,,,,,,,,,,,,,,,
473,5.746510200521354e-06,5.746510200521354e-06,1.0,9.054452947668127,4.854978625838821,3.246543858502362,3.246543858502362,3.300467040087726,0.0,0.0,0.31289187556988485,1.7584802685557186,0.09655794420757809,1.7103932290463835,0.0820220251743858,0.01379572564257762,0.0,0.9994776522791063,0.0,0.0,0.0,2.5815317920736365,84.84684650318043,11.73869514465332,86.23113250732422,159.84725952148438,1.0099167823791504,0.6943751573562622,0.25,4.0,0.5548036098480225,0.43906188011169434,0.11448189079768027,0.003947368421052632,2.8534453229324237,2.1311340203156344,0.2531365492836869,1.0,0.6683777216318492,0.14950512812749758,1.0,0.18842456751578562,0.0,0.7249436523463275,0.11390694311341724,0.0,0.16114940474162232,,,,,,,,,,,,,,,,,,,,,,,,,,,,,,,,,,,,
474,5.7315170007733164e-06,5.7315170007733164e-06,1.0,8.963231524905643,4.776366079175794,3.2358079923165812,3.2358079923165812,3.2839099265433647,0.0,0.0,0.31347989069448934,1.7354646341220752,0.0954264988367622,1.717044939865937,0.08400472686500163,0.01616733573452645,0.0,0.9969084488378989,0.0,0.0,0.0,2.5812845874477075,85.18822499868033,11.647343635559082,86.56863403320312,160.47288513183594,1.0094923973083496,0.7004117369651794,0.25,4.0,0.5572929978370667,0.44773373007774353,0.11910493489440858,0.005301455301455302,3.8982686674272693,3.190924146690884,0.1814509417082352,1.0,0.6721484789977202,0.1476718521601445,1.0,0.18563412733980128,0.0,0.7283129917608725,0.11271064708361754,0.0,0.1589763684047235,,,,,,,,,,,,,,,,,,,,,,,,,,,,,,,,,,,,
475,5.716518952154427e-06,5.716518952154427e-06,1.0,9.121272654146761,4.889562787236394,3.281635213542629,3.281635213542629,3.3538420458097717,0.0,0.0,0.31290687177632304,1.7352232707513344,0.09566977297937548,1.7222935025756423,0.08147824082422901,0.014692972464537298,0.0,0.9921542615503878,0.0,0.0,0.0,2.5312462916245333,85.52927625501478,11.715789794921875,85.89495086669922,161.7314910888672,1.0095620155334473,0.7151068449020386,0.25,4.0,0.5554549694061279,0.45489826798439026,0.1240562424772951,0.0060291060291060294,3.815699670765851,2.7727861662168762,0.273321695766389,1.0,0.6694082327791162,0.1490696459203153,1.0,0.18663032473744573,0.0,0.7262810210923891,0.11351674432690079,0.0,0.160202229345167,88.81076437562376,130.02927997691305,0.22865584357746527,15.221290064382028,88.81076653951025,107.66119207208004,128.0342952664979,162.8934134030273,22.170357295445033,66.8137716248978,160.63891468877378,0.4646763367086822,0.6404121077003447,0.5186164495211947,0.4590111151182637,0.0,0.556940261105985,0.6883275596893,0.7290341474294165,0.6668838218125164,0.8685464072404823,0.9621670147667729,0.9892455388223224,0.36854640724048227,0.16216701476677287,0.0392455388223224,0.001520647832618812,0.0,0.6648351648351648,0.33516483516483514,0.9871794871794871,1.0515520969753738,1.0206348898482847,1.0090776917698618,-7.991555213928223,0.0003382503055036068
476,5.701516205694867e-06,5.701516205694867e-06,1.0,9.06553451434986,4.842012469832961,3.2761035609889673,3.2761035609889673,3.3326873585984513,0.0,0.0,0.3139997036070437,1.7294644761729885,0.09576141733575512,1.7017832060117979,0.08508533521278484,0.01455789920244668,0.0,0.9973307670773687,0.0,0.0,0.0,2.528692084389764,86.3055269395983,12.39853286743164,87.24759674072266,162.364501953125,1.0089092254638672,0.6957577466964722,0.25,4.0,0.5571637153625488,0.44670116901397705,0.11811740890688259,0.004981398402451034,2.9410001555004635,1.9677258617169149,0.330933098375824,1.0,0.6721122844799144,0.14695744800406532,1.0,0.18636640342506203,0.0,0.7279441775502385,0.11238552770904593,0.0,0.1596702973584871,,,,,,,,,,,,,,,,,,,,,,,,,,,,,,,,,,,,
477,5.686508912472132e-06,5.686508912472132e-06,1.0,8.959107089687038,4.726637698508598,3.2920213196728683,3.2920213196728683,3.3527843629991687,0.0,0.0,0.31342853243286545,1.717257325713699,0.09624342116955165,1.68969223628173,0.08122360343868668,0.013926905252643534,0.0,1.0003753030622327,0.0,0.0,0.0,2.481634075577195,86.64471518026816,12.422772407531738,87.931884765625,162.364501953125,1.0092028379440308,0.699048638343811,0.25,4.0,0.5568309426307678,0.4465518295764923,0.12034412955465587,0.0051783564941459675,2.889035692086091,2.0702410106723375,0.2834145260498755,1.0,0.6717154142018911,0.14679945985207687,1.0,0.18648568722041878,0.0,0.7284301599940738,0.11185413719834508,0.0,0.15971571247319918,,,,,,,,,,,,,,,,,,,,,,,,,,,,,,,,,,,,
478,5.6714972236094915e-06,5.6714972236094915e-06,1.0,8.944171338467985,4.737089440629289,3.2676220455685177,3.2676220455685177,3.3189376302667566,0.0,0.0,0.31196859962231405,1.7084556141415157,0.09548380084939904,1.6893631832019702,0.08249762855671547,0.01708504682205416,0.0,1.011037924805203,0.0,0.0,0.0,2.5317710734702445,85.9560456147065,11.923551559448242,86.56863403320312,162.364501953125,1.0100173950195312,0.7141174077987671,0.25,4.0,0.5596158504486084,0.45813846588134766,0.1285890141153299,0.006020899441952074,3.33195661008358,2.547305077314377,0.2354927223225517,1.0,0.6756733929788744,0.14560718693443248,1.0,0.1845286754337517,0.0,0.7319400020547815,0.11064588761812932,0.0,0.15741410851478577,,,,,,,,,,,,,,,,,,,,,,,,,,,,,,,,,,,,
479,5.656481290274489e-06,5.656481290274489e-06,1.0,9.067956151189032,4.820084404300999,3.2981681630418107,3.2981681630418107,3.3670933697674728,0.0,0.0,0.3141122702005747,1.7362683205991178,0.09752779534539661,1.7049628270638955,0.08529745002050658,0.0166259626732082,0.0,0.9901160356160756,0.0,0.0,0.0,2.5791187189720772,86.45367679080448,12.040563583374023,87.931884765625,162.99996948242188,1.009751796722412,0.6941022276878357,0.25,4.0,0.5542386770248413,0.444937527179718,0.11745814640551483,0.004516358463726885,3.383743007440825,2.5715542951145687,0.24002671318130822,1.0,0.6677305827269683,0.14897801908286842,1.0,0.18930232001317515,0.0,0.7225641801550582,0.11470938554486713,0.0,0.16272643450144175,,,,,,,,,,,,,,,,,,,,,,,,,,,,,,,,,,,,
480,5.641461263677408e-06,5.641461263677408e-06,1.0,9.028219480772275,4.795948737376445,3.2798209899180644,3.2798209899180644,3.3546319974435344,0.0,0.0,0.31338366866111755,1.739464763048533,0.09636600235024013,1.7211905878943365,0.08529818068082268,0.016532358052712436,0.0,0.9772302443916733,0.0,0.0,0.0,2.6018428383646786,86.37255941854941,11.877066612243652,86.23113250732422,164.92137145996094,1.0100200176239014,0.7052488327026367,0.25,4.0,0.5538421273231506,0.4508255422115326,0.12105263157894737,0.005339752708173761,3.902874521307043,2.6636187627508834,0.31752385371106995,1.0,0.6669817309121828,0.15003189404268522,1.0,0.18915141071822192,0.0,0.7230205197592039,0.11472279759677681,0.0,0.16225668344948743,102.52664406744988,142.75763389342873,0.2767920255699047,52.3359497824868,102.52664352490683,119.83996402323989,139.29089330365017,174.45871101888997,25.236700875418528,84.9742686545202,163.51112299380094,0.5138490721393374,0.6588106704072385,0.5241185971136858,0.48052557294507015,0.0,0.5801935071459968,0.7199767452937169,0.7638498803305053,0.6750883824906787,0.857480488072991,0.9595287823824704,0.9890623282400791,0.35748048807299104,0.15952878238247037,0.03906232824007916,0.001887068997105273,0.0,0.7362637362637363,0.26373626373626374,0.9716117216117217,1.1190770387977034,1.0835140899314986,1.069485289791783,-7.991304397583008,0.0003383351431693882
481,5.626437295069746e-06,5.626437295069746e-06,1.0,9.146391249991751,4.930248956422548,3.2690040871903703,3.2690040871903703,3.316308240632753,0.0,0.0,0.31403836849573497,1.736080079465299,0.09691389791063361,1.7041972714501459,0.08039551792112556,0.013039852033142705,0.0,1.004365917798635,0.0,0.0,0.0,2.4504695003097123,88.289128071553,12.39853286743164,89.66619110107422,165.5668487548828,1.0092127323150635,0.6981539130210876,0.25,4.0,0.5566234588623047,0.444505900144577,0.11733231206915418,0.00513732355837619,3.4017977577608987,2.786013760276743,0.18101722716446011,1.0,0.6713140671317642,0.14735856168978922,1.0,0.18656238752442436,0.0,0.7280127051714305,0.11224400030600058,0.0,0.15974329089796221,,,,,,,,,,,,,,,,,,,,,,,,,,,,,,,,,,,,
482,5.611409535742702e-06,5.611409535742702e-06,1.0,8.986006169705778,4.78746272422172,3.2462092863546834,3.2462092863546834,3.2977203871752763,0.0,0.0,0.3155477989364315,1.7315034093083561,0.09811396614925282,1.7152949313859682,0.08500059734325151,0.014886026512957303,0.0,1.0131196572973922,0.0,0.0,0.0,2.481914623363598,88.5594206114073,12.13499927520752,90.72313690185547,165.5668487548828,1.009482741355896,0.6955993175506592,0.25,4.0,0.5608600974082947,0.44456642866134644,0.11519312835102309,0.004385053069263596,3.2336340933232695,2.293184248176781,0.2908337239170959,1.0,0.6775612057866277,0.14445430543777105,1.0,0.18415704772279068,0.0,0.7331880685445424,0.10967384520414714,0.0,0.15713808866771492,,,,,,,,,,,,,,,,,,,,,,,,,,,,,,,,,,,,
483,5.596378137025647e-06,5.596378137025647e-06,1.0,9.044853339324126,4.854709264394399,3.2368276248107084,3.2368276248107084,3.2909212370176575,0.0,0.0,0.3114611683665095,1.7459612955918182,0.09714271973919224,1.7090822039423763,0.08716941161735638,0.018444896619011823,0.0,1.0102334119178153,0.0,0.0,0.0,2.6559811991614266,87.5853046726536,11.736457824707031,88.62154388427734,165.5668487548828,1.0096275806427002,0.6942377090454102,0.25,4.0,0.561231255531311,0.44737014174461365,0.11601925812452128,0.00483915089178247,3.7012781549144433,2.653409965940424,0.28310981912631783,1.0,0.677821289848637,0.14555028765588193,1.0,0.18337643629795797,0.0,0.7323535068615062,0.11101351174953822,0.0,0.1566329864231316,,,,,,,,,,,,,,,,,,,,,,,,,,,,,,,,,,,,
484,5.581343250284596e-06,5.581343250284596e-06,1.0,9.093909315160802,4.885973401971765,3.2473096783096724,3.2473096783096724,3.315708469700169,0.0,0.0,0.31384629977715983,1.7577273040204435,0.09682136230372093,1.7290415570542619,0.08681802330790339,0.020015402558586887,0.0,1.005111742664028,0.0,0.0,0.0,2.6514584309345968,88.29511054786477,11.946864128112793,88.96839904785156,166.86538696289062,1.0094696283340454,0.7001119256019592,0.25,4.0,0.5599522590637207,0.4512002766132355,0.1179861035124193,0.004869241711346974,4.357934078654727,3.0017910664146013,0.3111894277801377,1.0,0.676067450562039,0.14576251764555234,1.0,0.18456457877481305,0.0,0.730694722484898,0.11139307855754285,0.0,0.15791220801907616,,,,,,,,,,,,,,,,,,,,,,,,,,,,,,,,,,,,
485,5.566305026920694e-06,5.566305026920694e-06,1.0,8.98846907229037,4.810450077056885,3.2256945597158895,3.2256945597158895,3.2746173175605566,0.0,0.0,0.31351569536569956,1.7345190757029765,0.09578492492437363,1.7250448046503841,0.08426171621760807,0.014464220850149522,0.0,0.9954971026729893,0.0,0.0,0.0,2.56614075802468,87.9153539296743,11.85389232635498,87.931884765625,167.51849365234375,1.0111114978790283,0.710858166217804,0.25,4.0,0.556834876537323,0.45269131660461426,0.12565379144326513,0.004789911368858737,2.795480992342975,2.1397322239102543,0.23457457597775266,1.0,0.6711888361621547,0.14896042222106778,1.0,0.18699072100020744,0.0,0.7275045675200384,0.11308701517614159,0.0,0.15940842274073008,102.74596987713824,152.1743624751844,0.26867768342650955,50.89150820721637,102.7459698696369,120.33129111538658,140.39531751821735,175.3796355965355,27.084984915597097,81.11165382326111,174.9297452180282,0.503155649638101,0.6804140496571766,0.5297047811593765,0.49099815973917443,0.0,0.6055877703765175,0.7306428665821767,0.7764949051655622,0.671794945695963,0.8557949507163534,0.957971492433403,0.9895569968121358,0.35579495071635336,0.15797149243340292,0.03955699681213587,0.002088600637572826,0.0,0.6868131868131868,0.3131868131868132,0.9725274725274725,1.132881299316228,1.097313984982915,1.0832214032064427,-7.991407871246338,0.0003383001603651792
486,5.551263618368682e-06,5.551263618368682e-06,1.0,9.067216795844,4.842393900897052,3.2735550596907332,3.2735550596907332,3.337235147888596,0.0,0.0,0.31360570321211945,1.7392159571518768,0.09515596402657998,1.7142578202324945,0.08391181329214895,0.015872376832506946,0.0,0.9983591082933787,0.0,0.0,0.0,2.5601480039390356,87.82960365914009,12.111320495605469,87.58907318115234,167.51849365234375,1.0101958513259888,0.70537930727005,0.25,4.0,0.5576732158660889,0.4530473053455353,0.12329302987197724,0.005610570084254295,3.251101580826012,2.1806922909375785,0.32924510762794224,1.0,0.6724834748216577,0.14822048411981478,1.0,0.1861292232532759,0.0,0.72833068145288,0.11285936006823101,0.0,0.15880996069392642,,,,,,,,,,,,,,,,,,,,,,,,,,,,,,,,,,,,
487,5.536219176095379e-06,5.536219176095379e-06,1.0,8.99487897512075,4.774846895320995,3.272634641544239,3.272634641544239,3.3317770378009692,0.0,0.0,0.31293897854315267,1.7329021660057273,0.0957906064954964,1.699087983853108,0.08409379050135612,0.015561479785655802,0.0,1.0113941914326436,0.0,0.0,0.0,2.5847758763545268,87.6783645217483,11.83076286315918,87.931884765625,166.21484375,1.0108752250671387,0.7040336728096008,0.25,4.0,0.5631433129310608,0.4597107172012329,0.12283346099135573,0.004858299595141701,3.4371660883362227,2.62475121343458,0.2363618323998117,1.0,0.6805948969480153,0.1445390004161242,1.0,0.18182071479591164,0.0,0.7341219138454746,0.11036276394450986,0.0,0.15551532160591436,,,,,,,,,,,,,,,,,,,,,,,,,,,,,,,,,,,,
488,5.5211718515981495e-06,5.5211718515981495e-06,1.0,9.0369849333892,4.858539349323994,3.224890850685738,3.224890850685738,3.2742269039154053,0.0,0.0,0.3131662051419954,1.7388777507318032,0.096606652478914,1.7287732942684277,0.08197051629021361,0.01675118665160561,0.0,1.0056559749551721,0.0,0.0,0.0,2.570539210293744,88.497624165303,11.83076286315918,88.96839904785156,168.1741485595703,1.0102907419204712,0.7060852646827698,0.25,4.0,0.558659017086029,0.45517849922180176,0.12373345004923952,0.005911478279899332,3.97964564610172,2.7734961219736047,0.30307962853667747,1.0,0.6739605117488552,0.1475879845989717,1.0,0.184909285725774,0.0,0.7295559161418194,0.11240408227250383,0.0,0.15803998910092018,,,,,,,,,,,,,,,,,,,,,,,,,,,,,,,,,,,,
489,5.506121796403385e-06,5.506121796403385e-06,1.0,8.997998160284919,4.814795416754645,3.241713794502052,3.241713794502052,3.2874599534112052,0.0,0.0,0.3142371797883833,1.7166910010415155,0.09508664684521186,1.6967479634929348,0.0807945028551527,0.015140479971730226,0.0,0.9901102716858322,0.0,0.0,0.0,2.5325187412468164,89.1761004473712,12.278042793273926,88.62154388427734,170.15650939941406,1.0101144313812256,0.7038238048553467,0.25,4.0,0.5561046600341797,0.45224806666374207,0.12351187219608273,0.005353430353430354,3.1710738652461283,2.1682671042712958,0.31623569919491545,1.0,0.6700512283557171,0.14991477031160044,1.0,0.1865138488041388,0.0,0.7254553856076421,0.11457339331910417,0.0,0.1599712251005946,,,,,,,,,,,,,,,,,,,,,,,,,,,,,,,,,,,,
490,5.491069162064973e-06,5.491069162064973e-06,1.0,9.079966261580184,4.857145850722854,3.270789906785295,3.270789906785295,3.3351841101775297,0.0,0.0,0.31412431919896927,1.7403224738868508,0.09658982282554782,1.710188118187157,0.08437625379175753,0.015057320511471984,0.0,1.015213597465206,0.0,0.0,0.0,2.530393310495325,89.9225327775285,12.32609748840332,90.36944580078125,170.15650939941406,1.0101183652877808,0.6985066533088684,0.25,4.0,0.5617836713790894,0.4533184766769409,0.12043166648429807,0.005057993215887953,3.5740591561472095,2.595398256907592,0.27382336343156716,1.0,0.6784007307645437,0.1463791828703236,1.0,0.18213223524995753,0.0,0.7329532842378359,0.1113735052782136,0.0,0.1556732106853176,83.26929750547305,125.76002484793948,0.21882238633331336,0.3298929235437414,83.269295894901,103.4455343918321,124.26036165008146,159.51602497974093,25.20763615199498,64.63036997004073,144.37480362601903,0.39863075973008605,0.6460862807123456,0.5214410873594137,0.4609819549546858,0.0,0.5650779446186909,0.692073801499001,0.7238613915360537,0.6583968743557016,0.8690227547543146,0.9618189146605108,0.9895386757539115,0.36902275475431456,0.1618189146605108,0.03953867575391157,0.0017221794730863656,0.0,0.5879120879120879,0.41208791208791207,0.9807692307692307,1.0269810336304235,0.9994298633965817,0.9898650960607843,-7.990838050842285,0.00033849291503429413
491,5.476014100162777e-06,5.476014100162777e-06,1.0,9.040630392126134,4.868658362208186,3.21470350188178,3.21470350188178,3.2584751038937956,0.0,0.0,0.3126858311730462,1.7539205293397646,0.09640596887549839,1.7279883848654258,0.08351230067578522,0.015557304100208991,0.0,1.0162713704882442,0.0,0.0,0.0,2.607238444122108,88.59940997974293,11.83076286315918,88.27604675292969,169.49314880371094,1.0102239847183228,0.709415853023529,0.25,4.0,0.5599075555801392,0.456684947013855,0.12655378050114893,0.005408140934456724,3.318663234646256,2.473687241206298,0.2546133589628976,1.0,0.6758042863897376,0.14694745959462346,1.0,0.1831583259878932,0.0,0.7320608609431499,0.11147506112182462,0.0,0.15646407410905167,,,,,,,,,,,,,,,,,,,,,,,,,,,,,,,,,,,,
492,5.460956762301099e-06,5.460956762301099e-06,1.0,8.978242126671043,4.7699812425149455,3.259295959730406,3.259295959730406,3.3202656926335514,0.0,0.0,0.313500916635668,1.7328906606983494,0.09716884993218086,1.704845447798033,0.08330075070261955,0.014043242085372677,0.0,1.0238670207358695,0.0,0.0,0.0,2.5468195805678495,90.70043677252693,12.182494163513184,90.36944580078125,172.8361053466797,1.0103949308395386,0.7072001099586487,0.25,4.0,0.562423050403595,0.45704907178878784,0.12475106685633001,0.0054218185797133165,3.144549934445201,2.543499917597384,0.19114023608401093,1.0,0.6794538626799712,0.14566497746351603,1.0,0.1808701435456405,0.0,0.734643088804709,0.11061900713153787,0.0,0.15473790285555092,,,,,,,,,,,,,,,,,,,,,,,,,,,,,,,,,,,,
493,5.445897300107171e-06,5.445897300107171e-06,1.0,9.04001573614172,4.853002857517552,3.234864415349187,3.234864415349187,3.277942096864855,0.0,0.0,0.31356943539670995,1.744179078050562,0.09606382351469349,1.710692328375739,0.08465215251655192,0.01464166714986031,0.0,1.005218584795256,0.0,0.0,0.0,2.628484104130719,90.57590505239126,12.064103126525879,89.66619110107422,173.51255798339844,1.0101028680801392,0.7007194757461548,0.25,4.0,0.5604103803634644,0.4554612636566162,0.12129882919356604,0.00532333953386585,2.944576023398219,2.2417421904770105,0.2386876165995863,1.0,0.6764251557556359,0.14721105791426994,1.0,0.18244488819225416,0.0,0.7306948868004052,0.11280806785499728,0.0,0.15649704232409195,,,,,,,,,,,,,,,,,,,,,,,,,,,,,,,,,,,,
494,5.430835865229603e-06,5.430835865229603e-06,1.0,8.962711514653387,4.7476652892860205,3.2707566441716374,3.2707566441716374,3.3346095278456405,0.0,0.0,0.31323851443625783,1.7188644763585683,0.09674235453476777,1.7025427463892344,0.08209273037878242,0.014834461673918003,0.0,1.008864752344183,0.0,0.0,0.0,2.5068657301567696,92.18845037511878,12.471393585205078,91.79256439208984,175.557861328125,1.0102100372314453,0.7056711316108704,0.25,4.0,0.5619043707847595,0.4569653272628784,0.12373892110734216,0.004973191815297078,3.499661138734302,2.2882069929226025,0.34616327061020474,1.0,0.6786509043461567,0.14607732501384374,1.0,0.18165336549282074,0.0,0.73364697275935,0.1109073294981106,0.0,0.15544570458901896,,,,,,,,,,,,,,,,,,,,,,,,,,,,,,,,,,,,
495,5.415772609336881e-06,5.415772609336881e-06,1.0,9.167831008498734,4.9540787000913875,3.254729889534615,3.254729889534615,3.3140244226197937,0.0,0.0,0.31472250255378514,1.7461442818512787,0.09549803649251526,1.7337290950723596,0.08533117084487064,0.015124314879948223,0.0,1.0240486554197363,0.0,0.0,0.0,2.6415545553774447,90.42102133261191,11.715789794921875,89.31660461425781,174.19166564941406,1.0103161334991455,0.714294970035553,0.25,4.0,0.5626574754714966,0.4603235423564911,0.13178411204726995,0.00571178465915308,3.9902380777371897,3.07161681072132,0.23021715725213257,1.0,0.679793707422308,0.1455281115061528,1.0,0.18074407931920644,0.0,0.7363205455444954,0.10989961732883712,0.0,0.15377983893897082,92.30848400409405,135.28945369023666,0.24400167588445615,31.7766114119645,92.30848083337233,110.67749315448592,130.6268775638741,167.389968060928,26.077022007533483,74.26182343239007,152.9962980850883,0.45133985957913986,0.662353198441831,0.5284405301546689,0.4764938779946025,0.0,0.5847218399633121,0.7058278820593908,0.7378297112341059,0.6602404977985815,0.8648455534791689,0.9611227144479865,0.9897951705690521,0.3648455534791689,0.16112271444798643,0.03979517056905213,0.0018504268806566267,0.0,0.6593406593406593,0.34065934065934067,0.9862637362637363,1.0805923234630417,1.047360475246723,1.0350813866480366,-7.991109848022461,0.0003384009760338813
496,5.400707684115823e-06,5.400707684115823e-06,1.0,9.024222451287347,4.832829294977961,3.243818830799412,3.243818830799412,3.2895681084813297,0.0,0.0,0.3132418877369649,1.732985006796347,0.0964039133207218,1.6997589195096814,0.0825528229611951,0.015273563639336341,0.0,1.0239350972948849,0.0,0.0,0.0,2.5432450223613428,91.65047104294236,12.13499927520752,91.43470001220703,174.87344360351562,1.0092815160751343,0.7022544741630554,0.25,4.0,0.563191294670105,0.45604032278060913,0.12123317649633439,0.005033373454426086,3.40104008284775,2.5062319410813823,0.26309838166245,1.0,0.6807486672659178,0.14461964912511208,1.0,0.17964165395981557,0.0,0.7360559669700829,0.11008214265913577,0.0,0.15386188614207344,,,,,,,,,,,,,,,,,,,,,,,,,,,,,,,,,,,,
497,5.3856412412700575e-06,5.3856412412700575e-06,1.0,9.036163690927866,4.817997971096554,3.2742673513051628,3.2742673513051628,3.3308098831692257,0.0,0.0,0.3143894728776571,1.718153985770973,0.09724969739044034,1.6913248236114915,0.083026992710861,0.013933287757272655,0.0,1.0295871190122656,0.0,0.0,0.0,2.4849205113746025,92.98304397995408,12.35019588470459,93.9693603515625,176.2449951171875,1.0099889039993286,0.6975911855697632,0.25,4.0,0.5661948323249817,0.4576096832752228,0.11894900973848342,0.005016960280118175,3.1656466351973043,2.2356052189259916,0.29379192419350564,1.0,0.6851700399373029,0.14258045622625867,1.0,0.1779909721902899,0.0,0.7387529160525348,0.108771614126257,0.0,0.1524754649883992,,,,,,,,,,,,,,,,,,,,,,,,,,,,,,,,,,,,
498,5.3705734325185e-06,5.3705734325185e-06,1.0,9.256377220153809,5.055258957115379,3.249372179443772,3.249372179443772,3.3085362589037097,0.0,0.0,0.3140039371477591,1.7372365255613584,0.09719720442552825,1.712701668610444,0.08360644973613121,0.014912750609722492,0.0,1.0199316933348372,0.0,0.0,0.0,2.515294390755731,93.01402756974504,12.158723831176758,93.23808288574219,176.93479919433594,1.0096430778503418,0.7048234939575195,0.25,4.0,0.5644035339355469,0.461414098739624,0.12206751285698654,0.005410876463508042,3.1374402940273285,2.4101648153485478,0.2318053605875076,1.0,0.6825548587618647,0.14349975336242365,1.0,0.1799125904972489,0.0,0.7373478428737538,0.10906993134601696,0.0,0.15358222658569748,,,,,,,,,,,,,,,,,,,,,,,,,,,,,,,,,,,,
499,5.355504409593816e-06,5.355504409593816e-06,1.0,8.988484898129025,4.781537055969238,3.263428075893505,3.263428075893505,3.318730934246166,0.0,0.0,0.31341760384069905,1.7137972052032884,0.09622715010836318,1.6953572711429081,0.08350842033286353,0.015416178131803265,0.0,1.0258136939358067,0.0,0.0,0.0,2.5349664108173267,92.702589292784,11.877066612243652,92.87458038330078,176.93479919433594,1.009087085723877,0.7029050588607788,0.25,4.0,0.5654217600822449,0.46202439069747925,0.12326293905241274,0.005123645913119598,3.4198212043659106,2.617126739911131,0.2347182546941404,1.0,0.6840890629871471,0.143022451851819,1.0,0.1776793897151947,0.0,0.7390322765788516,0.10876648973774265,0.0,0.15220123448887388,,,,,,,,,,,,,,,,,,,,,,,,,,,,,,,,,,,,
500,5.340434324240896e-06,5.340434324240896e-06,1.0,9.048956329758102,4.819909688588735,3.2798166081712052,3.2798166081712052,3.342978541915481,0.0,0.0,0.31402068685840917,1.7264616328316766,0.09545802667334273,1.7131981301952053,0.08346941060311086,0.013925569131970406,0.0,1.0183674789763786,0.0,0.0,0.0,2.5294104234592334,93.03621632344014,12.064103126525879,92.51249694824219,178.32249450683594,1.0099729299545288,0.6939736008644104,0.25,4.0,0.5659560561180115,0.4586338400840759,0.11894900973848342,0.004499945289418974,3.0340935571773633,2.2672952534379185,0.2527273102457665,1.0,0.6847563063776171,0.14305892767938408,1.0,0.17789288751176885,0.0,0.7372775528882001,0.10977446308007112,0.0,0.1529479868508674,81.31186919159941,129.2113572227414,0.20777950777440105,-16.776885315612123,81.3118690850911,102.616919211618,123.44307633411182,157.43750550806743,22.814775739397323,60.50207827072735,148.57149273416272,0.35309833326229945,0.6422997535336902,0.5194248299054959,0.45857298979132083,0.0,0.5622646359200586,0.684163110875011,0.7141979676200231,0.659010227069484,0.8712762449159064,0.9617822725440621,0.9890623282400791,0.3712762449159064,0.16178227254406208,0.03906232824007916,0.0016488952401890733,0.0,0.5274725274725275,0.4725274725274725,0.978937728937729,1.0078110539323681,0.9844853246768752,0.9766691861735596,-7.990962982177734,0.00033845065627247095
501,5.3253633282153385e-06,5.3253633282153385e-06,1.0,9.203728005692765,4.98088535102638,3.2744941904738143,3.2744941904738143,3.340117138785285,0.0,0.0,0.31354980613734273,1.724385516063587,0.09696231339428876,1.7082296577659812,0.08411026393642297,0.016380553379201808,0.0,1.0168381268913682,0.0,0.0,0.0,2.6056442872898,92.16326739336994,11.4443941116333,91.43470001220703,177.62728881835938,1.0107933282852173,0.707364559173584,0.25,4.0,0.5657305121421814,0.4660821855068207,0.12522704891125944,0.005684429368639895,3.2403962362456964,2.5822665614856257,0.2031016044885226,1.0,0.684350442241978,0.14333512110484614,1.0,0.17889867481347677,0.0,0.7374267739218634,0.10956402485435074,0.0,0.15300920082105174,,,,,,,,,,,,,,,,,,,,,,,,,,,,,,,,,,,,
502,5.310291573281901e-06,5.310291573281901e-06,1.0,9.101112984322214,4.928478949778789,3.2196519052660144,3.2196519052660144,3.2673225982769116,0.0,0.0,0.31316852972314163,1.7420132740123853,0.0954541078693158,1.7203236463907603,0.08334614396900744,0.015407848851503553,0.0,1.0080166040240108,0.0,0.0,0.0,2.567528901873408,92.32169775060706,11.83076286315918,90.72313690185547,178.32249450683594,1.0106390714645386,0.7066403031349182,0.25,4.0,0.560728132724762,0.4626924693584442,0.12973520078783238,0.005512091038406828,4.5321935109190035,3.087804899022386,0.3186952649785987,1.0,0.6769557514706174,0.1465334404964705,1.0,0.1831582019457946,0.0,0.7308103651613802,0.11206974934887241,0.0,0.1571198891143541,,,,,,,,,,,,,,,,,,,,,,,,,,,,,,,,,,,,
503,5.29521921121299e-06,5.29521921121299e-06,1.0,9.082780451387972,4.893715935784417,3.240069125149701,3.240069125149701,3.2890308225477063,0.0,0.0,0.312751171556679,1.7262289169672373,0.09465008974075317,1.7109034480275334,0.08482611924409866,0.014909988218868101,0.0,1.0215745584384814,0.0,0.0,0.0,2.595920372653652,92.41170831628747,11.784639358520508,90.72313690185547,179.0204315185547,1.0102131366729736,0.7092356085777283,0.25,4.0,0.5653449296951294,0.466354101896286,0.1287367326841011,0.005870445344129555,3.465426757528975,2.685258970067308,0.2251289212119913,1.0,0.6838738660554629,0.14334011802802216,1.0,0.17850521810956904,0.0,0.7384321335199717,0.10902162903064005,0.0,0.1525462436917666,,,,,,,,,,,,,,,,,,,,,,,,,,,,,,,,,,,,
504,5.2801463937871245e-06,5.2801463937871245e-06,1.0,9.114169584738242,4.872056574434848,3.2930004274522937,3.2930004274522937,3.3607836414027856,0.0,0.0,0.3147585923607285,1.7274993496972162,0.09641292389180209,1.7083867498346277,0.08293475130119839,0.016283812699839473,0.0,1.0200940531653326,0.0,0.0,0.0,2.5520989476023495,93.51662630648227,11.73869514465332,92.15182495117188,181.1306915283203,1.0094918012619019,0.706343948841095,0.25,4.0,0.5616287589073181,0.4592018127441406,0.1255170149906992,0.005443702812123865,3.585251009142077,2.796884858930433,0.21989147989956048,1.0,0.6786118584710199,0.1450758733459421,1.0,0.18007288591281786,0.0,0.734570558006699,0.11074884135175396,0.0,0.15468059741967433,,,,,,,,,,,,,,,,,,,,,,,,,,,,,,,,,,,,
505,5.265073272787406e-06,5.265073272787406e-06,1.0,8.91942431475665,4.720042950398213,3.2628703632870235,3.2628703632870235,3.3238704913371317,0.0,0.0,0.3131780906303509,1.6915940207404059,0.09503474650350777,1.6906980630513784,0.08134282007813454,0.01388267573988619,0.0,1.024126858324618,0.0,0.0,0.0,2.398810615410676,95.66568281843855,12.206311225891113,95.07704162597656,183.2657928466797,1.0094352960586548,0.7044757008552551,0.25,4.0,0.5654642581939697,0.4638000726699829,0.12453222453222454,0.005988073093336251,2.9178194306992196,2.1717767675180695,0.2556850007001188,1.0,0.6841439701415397,0.14297284226159793,1.0,0.17790410083693428,0.0,0.7389483113546629,0.10886544271095379,0.0,0.1521862366714993,83.99759747431828,128.700649869817,0.22155372029478343,5.245014840429956,83.99760048693125,105.63600707676386,127.08318157799118,162.04867227528095,30.543134961809432,63.40694616746533,149.8753204345703,0.3434133683396841,0.640008372354097,0.5145180105966278,0.4541692369781562,0.0,0.556695192679441,0.6834529820494374,0.7177260917933511,0.6646228506164691,0.8677036385621634,0.9615990619618189,0.9891539335312007,0.36770363856216337,0.16159906196181884,0.03915393353120078,0.0013557583085999048,0.0,0.6043956043956044,0.3956043956043956,0.9835164835164835,1.0397582671472005,1.0119377395117677,1.0015697818208527,-7.9912309646606445,0.0003383599978405982
506,5.2500000000000006e-06,5.2500000000000006e-06,1.0,9.000773043245882,4.798624077358761,3.250742074605581,3.250742074605581,3.311721254039455,0.0,0.0,0.31200409821561864,1.7419710062645577,0.09601173388796884,1.7124478043736637,0.08463115486744288,0.015990276865006703,0.0,1.0041135984498102,0.0,0.0,0.0,2.5805768354518994,93.24425774651604,11.970219612121582,92.15182495117188,179.7211151123047,1.0106059312820435,0.6957831382751465,0.25,4.0,0.5601003766059875,0.45033949613571167,0.12183225735857314,0.0046449283291388555,3.3556305637230746,2.515666224666544,0.2503149029983174,1.0,0.6759413255227579,0.14747771922800992,1.0,0.1828976897774516,0.0,0.7303297439137021,0.11274300394831477,0.0,0.15692724891611048,,,,,,,,,,,,,,,,,,,,,,,,,,,,,,,,,,,,
507,5.234926727212595e-06,5.234926727212595e-06,1.0,8.931125537769214,4.738996815037083,3.2551421281453727,3.2551421281453727,3.3052416234403044,0.0,0.0,0.3134228200525851,1.7022779374509245,0.09549972475380511,1.6856674535854443,0.08073059872195527,0.01301263044965831,0.0,1.0163770334140674,0.0,0.0,0.0,2.447388442786964,94.871290464659,12.254085540771484,93.6030044555664,182.5513153076172,1.0115004777908325,0.7131787538528442,0.25,4.0,0.5614997148513794,0.4608520567417145,0.13087318087318087,0.005495677864098917,2.730033096429464,2.0833830027966886,0.2368652945924031,1.0,0.6779963068059973,0.14648441849528132,1.0,0.18242268022653219,0.0,0.7327128004383396,0.11125349172869244,0.0,0.15603371206167582,,,,,,,,,,,,,,,,,,,,,,,,,,,,,,,,,,,,
508,5.2198536062128766e-06,5.2198536062128766e-06,1.0,9.070139189024228,4.865154472557274,3.258125182744619,3.258125182744619,3.3078763936017013,0.0,0.0,0.313842708194578,1.7250707439474158,0.09641397865237417,1.7016947881595508,0.08501714790189588,0.014661808441569274,0.0,1.0047175803700008,0.0,0.0,0.0,2.499448621595228,95.31120135333087,12.302046775817871,94.70636749267578,182.5513153076172,1.0105352401733398,0.7023276090621948,0.25,4.0,0.561206042766571,0.45603135228157043,0.12596290622606413,0.004959514170040486,3.5542843970092566,2.6155804717862927,0.2641048999941687,1.0,0.6776049926474288,0.14643907708090706,1.0,0.18290377750590042,0.0,0.7317947004292462,0.11162686730558807,0.0,0.15657842884192597,,,,,,,,,,,,,,,,,,,,,,,,,,,,,,,,,,,,
509,5.204780788787011e-06,5.204780788787011e-06,1.0,9.016546017414814,4.77226988044945,3.3086611644641772,3.3086611644641772,3.3865567091349007,0.0,0.0,0.3132175803184509,1.700017577893025,0.09473515221396007,1.6838506750158362,0.08184246537653175,0.013824107666575425,0.0,0.9952853144826116,0.0,0.0,0.0,2.478357936884906,95.55761409450221,12.254085540771484,94.33715057373047,183.9830780029297,1.0097970962524414,0.7074747681617737,0.25,4.0,0.5567639470100403,0.4581731855869293,0.12584801400590875,0.00573093336251231,2.796839817150219,1.990138361582885,0.2884331990057641,1.0,0.6711860315219776,0.14894041741216504,1.0,0.18534746363356308,0.0,0.7264212933746544,0.11414616897299483,0.0,0.15943253483321215,,,,,,,,,,,,,,,,,,,,,,,,,,,,,,,,,,,,
510,5.1897084267181005e-06,5.1897084267181005e-06,1.0,9.087483096767116,4.877934726508888,3.2587397162978715,3.2587397162978715,3.3277274531287118,0.0,0.0,0.3134406869475906,1.7393133350320764,0.09459455452255301,1.7177170611716606,0.08389413759515092,0.014906581116815072,0.0,0.9807976516517433,0.0,0.0,0.0,2.582509411347879,93.99871475632126,12.206311225891113,91.0782241821289,183.2657928466797,1.011184811592102,0.710594892501831,0.25,4.0,0.5534595251083374,0.45315805077552795,0.1316582777109093,0.005454644928329139,3.257601303828729,2.3543774163400806,0.27726655389874444,1.0,0.6661148296820151,0.15161928796284907,1.0,0.18921903097951734,0.0,0.7225088654337702,0.11551362437170905,0.0,0.16197750737538208,89.33161559471718,132.0427772961651,0.2339237124450799,8.763832239004282,89.33161725723231,109.54204230942359,129.42707403520515,165.22277705112228,22.901805877685547,70.22895860302356,153.01099428923234,0.457172364179261,0.6506206767879733,0.5214345478331256,0.46573513705495206,0.0,0.5704270416145379,0.6960210321729322,0.7238811742678998,0.665584435271184,0.8662562749624418,0.9600417720127514,0.9884943754351251,0.36625627496244184,0.16004177201275138,0.03849437543512513,0.0016672162984133964,0.0,0.6153846153846154,0.38461538461538464,0.9761904761904763,1.060471456866343,1.0311422011518216,1.0206364795238108,-7.990986347198486,0.0003384427400305867
511,5.174636671784663e-06,5.174636671784663e-06,1.0,9.041467924375791,4.888141271230337,3.211331457705111,3.211331457705111,3.2577334674629004,0.0,0.0,0.31184001468323375,1.7189945787996859,0.09467175482092677,1.6936644347938332,0.08429917068900289,0.015442675621424979,0.0,0.9922059597195806,0.0,0.0,0.0,2.5881486067900785,95.31100402007232,12.040563583374023,93.6030044555664,184.7031707763672,1.011141300201416,0.7165933847427368,0.25,4.0,0.555717945098877,0.45724573731422424,0.1306105700842543,0.005692635955793851,3.180073389330426,2.58303604013211,0.1877432612723519,1.0,0.6694293086593216,0.1501837982921987,1.0,0.18773146013955813,0.0,0.725876859716467,0.11394812347921165,0.0,0.16017501861662478,,,,,,,,,,,,,,,,,,,,,,,,,,,,,,,,,,,,
512,5.159565675759103e-06,5.159565675759103e-06,1.0,9.009802457448599,4.808272142668028,3.259050401481422,3.259050401481422,3.3189540811487146,0.0,0.0,0.3137593317676235,1.7172203933870471,0.09654445744849541,1.7003389339189272,0.08231163759892052,0.013224582367173925,0.0,0.9858889160929499,0.0,0.0,0.0,2.507662515382509,95.9391900139886,12.39853286743164,93.9693603515625,185.4260711669922,1.0102195739746094,0.7024058699607849,0.25,4.0,0.5554810166358948,0.45217594504356384,0.12524619761461867,0.005624247729510887,3.2894195656518677,2.3309252318498253,0.29138707138810876,1.0,0.6693625643446639,0.1492080984486116,1.0,0.18755079322570078,0.0,0.724036642023035,0.11458597110735404,0.0,0.161377387070978,,,,,,,,,,,,,,,,,,,,,,,,,,,,,,,,,,,,
513,5.144495590406185e-06,5.144495590406185e-06,1.0,9.072743493157464,4.83639296969852,3.2753599269970044,3.2753599269970044,3.366940955857973,0.0,0.0,0.3137037013028119,1.752509126792083,0.09453577145531371,1.7483060069986291,0.08400829196781726,0.0180966843460762,0.0,0.9960688368694203,0.0,0.0,0.0,2.7048914078119637,92.36989222346125,11.244980812072754,87.931884765625,183.2657928466797,1.0106887817382812,0.7194197773933411,0.25,4.0,0.5586462616920471,0.46735772490501404,0.13317649633439108,0.006089287668235036,4.532685193661097,3.448695331811905,0.23914960239575828,1.0,0.6736761911495311,0.1488994716389759,1.0,0.1841395191244177,0.0,0.7290241992151415,0.11355161827963751,0.0,0.1574241764642097,,,,,,,,,,,,,,,,,,,,,,,,,,,,,,,,,,,,
514,5.1294265674815e-06,5.1294265674815e-06,1.0,8.903183653547957,4.69768222602638,3.262671850823067,3.262671850823067,3.3189193171423836,0.0,0.0,0.31325222189361984,1.7152242241679012,0.09529728905574696,1.6981842840040051,0.08340397940294163,0.016321662977035786,0.0,0.9968348805968826,0.0,0.0,0.0,2.5874287953247896,94.07260832915435,11.39977741241455,90.72313690185547,185.4260711669922,1.0121357440948486,0.7122740149497986,0.25,4.0,0.5575311183929443,0.46219998598098755,0.13274701827333407,0.005372579056789583,4.260208907965067,3.6621335640146926,0.1403863887595248,1.0,0.6722030768523345,0.1486211970851228,1.0,0.1862038011486466,0.0,0.7263612376677023,0.11393421062746563,0.0,0.15970455230893316,,,,,,,,,,,,,,,,,,,,,,,,,,,,,,,,,,,,
515,5.1143587587299436e-06,5.1143587587299436e-06,1.0,8.92787283820075,4.771047437513197,3.204084196606198,3.204084196606198,3.2471947605545455,0.0,0.0,0.3125107521946366,1.7405998352411631,0.09502812334009118,1.726313642553381,0.08454981486539583,0.01781666768412735,0.0,0.9730592321705174,0.0,0.0,0.0,2.6619753418742,94.11557707915435,11.135700225830078,89.66619110107422,186.88038635253906,1.0105040073394775,0.7135439515113831,0.25,4.0,0.5512217283248901,0.45687347650527954,0.13158715395557502,0.006031841558157348,3.3823956186706954,2.6823398333949013,0.20697040328798696,1.0,0.6630822613432601,0.1519538500421756,1.0,0.19075929474186254,0.0,0.7195021236265028,0.11656481551157462,0.0,0.1639330604591885,108.18646028539636,158.26953408961123,0.2793712092766989,48.233587181175146,108.18645766323574,126.27697109087678,146.4415688684552,181.04033650043473,23.8104613167899,86.52415998591933,181.77491096828294,0.5241893208648881,0.6838097119011007,0.5307490976494501,0.4907305556591815,0.0,0.6100003914002283,0.7284803479058651,0.7653546805488024,0.6717308767752194,0.8561247297643912,0.9569455131728408,0.9885676596680224,0.35612472976439125,0.15694551317284078,0.03856765966802245,0.0021618848704701185,0.0,0.6648351648351648,0.33516483516483514,0.9734432234432234,1.171616480245695,1.1346825067322333,1.1201932518691806,-7.991123676300049,0.0003383962612133473
516,5.09929231588418e-06,5.09929231588418e-06,1.0,8.978771183941815,4.796236476382694,3.2288500811602616,3.2288500811602616,3.28245481284889,0.0,0.0,0.3141857055393425,1.7526889685037974,0.09603014910543287,1.7161872064745105,0.08568432947268358,0.015686861050592082,0.0,0.9603679486223169,0.0,0.0,0.0,2.640223148706797,94.57457815634238,11.624617576599121,90.36944580078125,186.88038635253906,1.0102726221084595,0.6982225179672241,0.25,4.0,0.5477162003517151,0.4451710283756256,0.12188149688149688,0.0047187876135244555,3.2096636843036963,2.413991857219387,0.24789881599601996,1.0,0.6577614658587688,0.15469780725401802,1.0,0.19415913723610542,0.0,0.7139209315583512,0.11909827650398822,0.0,0.16698079213902756,,,,,,,,,,,,,,,,,,,,,,,,,,,,,,,,,,,,
517,5.084227390663123e-06,5.084227390663123e-06,1.0,8.993223319182524,4.803281693845181,3.2396763595374853,3.2396763595374853,3.3013212745254106,0.0,0.0,0.3127155746962573,1.7416963512833055,0.09739385504980345,1.7103327770490904,0.08365289413848438,0.016725242792351824,0.0,0.9885450134406218,0.0,0.0,0.0,2.570059412234538,96.38487161172402,11.900286674499512,93.9693603515625,188.3461151123047,1.0108195543289185,0.7006929516792297,0.25,4.0,0.5556745529174805,0.45071542263031006,0.12125779625779626,0.005036108983477405,3.781686508172267,2.6650398148072734,0.29527743533259765,1.0,0.6693970689902434,0.15005330781678897,1.0,0.18786879649033417,0.0,0.7242845973453006,0.11467504118745392,0.0,0.16104036247408068,,,,,,,,,,,,,,,,,,,,,,,,,,,,,,,,,,,,
518,5.069164134770399e-06,5.069164134770399e-06,1.0,9.108306472365921,4.851495240185712,3.31655266478255,3.31655266478255,3.408106075750815,0.0,0.0,0.3140675731607386,1.6986116686382808,0.09527955768076149,1.7013311192796037,0.08365826630914533,0.013755211745061585,0.0,0.9963143049059687,0.0,0.0,0.0,2.4644419148161605,98.06118877513988,12.13499927520752,96.1977767944336,190.5662841796875,1.0107742547988892,0.7004572153091431,0.25,4.0,0.5600157380104065,0.4574923813343048,0.12501641317430792,0.005200240726556516,2.989910228832348,2.299803921499768,0.23081171490626584,1.0,0.6758571267127991,0.14705198761579152,1.0,0.18436826403076584,0.0,0.7296553979048858,0.11248796292253442,0.0,0.1578566415889843,,,,,,,,,,,,,,,,,,,,,,,,,,,,,,,,,,,,
519,5.054102699892831e-06,5.054102699892831e-06,1.0,9.036641224010571,4.858669912492907,3.226604867625881,3.226604867625881,3.2856075312640214,0.0,0.0,0.31346107173610377,1.7334532222232304,0.09436577920978134,1.72508480742171,0.08321524683285404,0.016418681750577445,0.0,0.9884268206519049,0.0,0.0,0.0,2.6003172397613525,96.27897891482792,11.715789794921875,92.15182495117188,190.5662841796875,1.0105119943618774,0.7113250494003296,0.25,4.0,0.5555047988891602,0.4580542743206024,0.1312315351789036,0.005864974286026918,3.7531163700529047,2.627865140502517,0.29981783632638226,1.0,0.669060104602092,0.1507757459137891,1.0,0.1868806279994346,0.0,0.7250601439862638,0.11513883801730904,0.0,0.15980101517728856,,,,,,,,,,,,,,,,,,,,,,,,,,,,,,,,,,,,
520,5.039043237698901e-06,5.039043237698901e-06,1.0,9.018579766557023,4.796950172733617,3.2757680222794816,3.2757680222794816,3.356200443731772,0.0,0.0,0.3122056843461217,1.7343826132851679,0.0940600391980764,1.7047021840069745,0.08209369261119817,0.015191741627515168,0.0,0.9842018195100732,0.0,0.0,0.0,2.6195292118433358,96.23364958891997,11.624617576599121,92.51249694824219,190.5662841796875,1.0109055042266846,0.7031190991401672,0.25,4.0,0.5557272434234619,0.455105185508728,0.12398511872196083,0.0051701499069920125,3.1281253179988346,2.2779741698020213,0.27177656320389465,1.0,0.6692954801224373,0.15114531363989855,1.0,0.18617127070555817,0.0,0.7238561253289919,0.11593073525944271,0.0,0.16021313900883133,107.16513264834227,157.282904168549,0.2779877553225965,55.037641147990804,107.1651314385219,125.28311411295907,144.9437531972366,179.64877376551897,20.01084409441267,87.62363256410111,175.2289050558339,0.5320921447863375,0.6854532748171004,0.5366538561770986,0.4976351474441865,0.0,0.6107868101724843,0.7357892046125901,0.772193102889188,0.6694708098343082,0.8565277930453263,0.9578432450258327,0.9890806492983034,0.35652779304532634,0.1578432450258327,0.03908064929830346,0.00289472719944304,0.0,0.6978021978021978,0.3021978021978022,0.9789377289377289,1.169550226858029,1.1309060464193532,1.1154695758289033,-7.991587162017822,0.00033823950798250735
521,5.023985899837225e-06,5.023985899837225e-06,1.0,9.018283715119233,4.786270914851008,3.2886113476108862,3.2886113476108862,3.3573464445165686,0.0,0.0,0.31278600563874115,1.7198592392173973,0.09653156049348213,1.6969509994661487,0.08440847986856022,0.016518328486740386,0.0,0.9862205869442707,0.0,0.0,0.0,2.5453096885938904,97.8422523704735,12.017069816589355,95.44915771484375,190.5662841796875,1.0107216835021973,0.7048217058181763,0.25,4.0,0.5565789937973022,0.4549606144428253,0.1249261407156144,0.005492942335047598,3.1793516036626457,2.4623156785964966,0.2255289802612949,1.0,0.6708146849194089,0.1492758562435975,1.0,0.18643150700105204,0.0,0.7258761686247748,0.11410632870487265,0.0,0.16001749803891052,,,,,,,,,,,,,,,,,,,,,,,,,,,,,,,,,,,,
522,5.008930837935029e-06,5.008930837935029e-06,1.0,8.91089086274843,4.739287788803513,3.23059808885729,3.23059808885729,3.277416371010445,0.0,0.0,0.31222214328276143,1.714323201695004,0.095065479745736,1.70365292961533,0.08110175614018698,0.014048630315055316,0.0,0.9826805221067892,0.0,0.0,0.0,2.50259749631624,97.95755582242398,12.13499927520752,95.44915771484375,190.5662841796875,1.0101591348648071,0.7053513526916504,0.25,4.0,0.5540042519569397,0.45062336325645447,0.12630211182842763,0.005834883466462414,3.100120802183409,2.510734223030709,0.19011729437691474,1.0,0.6670377399470355,0.15078847130408157,1.0,0.18866479396820068,0.0,0.7235112866839847,0.11484305761955879,0.0,0.16164565609919057,,,,,,,,,,,,,,,,,,,,,,,,,,,,,,,,,,,,
523,4.993878203596617e-06,4.993878203596617e-06,1.0,8.961818772393304,4.773820851300214,3.2404763440828064,3.2404763440828064,3.2932476095251135,0.0,0.0,0.3140039258712047,1.7317635626406283,0.09567862910193366,1.7034675011763702,0.08373989507153227,0.0164338341832312,0.0,0.9914096642184902,0.0,0.0,0.0,2.569259888417012,97.62027493038693,12.254085540771484,95.07704162597656,190.5662841796875,1.0111267566680908,0.6960394978523254,0.25,4.0,0.558972179889679,0.451627254486084,0.12238483422693949,0.005271364481890798,3.4840158272433923,2.400590526896554,0.3109702579061075,1.0,0.6740982000892227,0.14853913296718854,1.0,0.1857346316447129,0.0,0.7272509755315008,0.11363619022272728,0.0,0.1591128316280004,,,,,,,,,,,,,,,,,,,,,,,,,,,,,,,,,,,,
524,4.978828148401852e-06,4.978828148401852e-06,1.0,9.092574068017909,4.895291805267334,3.2505977669277706,3.2505977669277706,3.3097529218003556,0.0,0.0,0.31407981224962184,1.7263547439832945,0.09557094102775729,1.7037456969957094,0.08329039852361421,0.016097814278878474,0.0,1.000145747854903,0.0,0.0,0.0,2.5543589527542525,97.46458806218328,12.447059631347656,92.87458038330078,191.3121337890625,1.0109622478485107,0.7076335549354553,0.25,4.0,0.5605934858322144,0.4600110650062561,0.12754951307582887,0.006100229784440311,3.8975779800801664,2.6863453154628343,0.31076547302138113,1.0,0.6765242943892608,0.14754969566255002,1.0,0.1835609895957483,0.0,0.731100190330196,0.11228053855734903,0.0,0.1566192664810129,,,,,,,,,,,,,,,,,,,,,,,,,,,,,,,,,,,,
525,4.963780823904623e-06,4.963780823904623e-06,1.0,9.077173516557023,4.842405718726081,3.2835889893609123,3.2835889893609123,3.3580649027953275,0.0,0.0,0.3141776218607619,1.7297974502718128,0.09721704491892376,1.7130036805127118,0.08612972558350176,0.016660117896626126,0.0,1.0048836485759631,0.0,0.0,0.0,2.5453430897480733,98.30441366659629,12.230175018310547,95.8227310180664,191.3121337890625,1.0105204582214355,0.7038661241531372,0.25,4.0,0.5618340969085693,0.4606534540653229,0.12592187329029433,0.005799321588795273,3.9518372746738226,2.852784037590027,0.27811196683813594,1.0,0.6786301313219844,0.14548485424067523,1.0,0.18300884559347824,0.0,0.7325632781595797,0.11098354128566948,0.0,0.15645317411100543,88.21644068288279,132.48317369327623,0.2228565646212566,-3.2766649434854695,88.2164411383781,107.25913368433405,127.37467748730745,162.58438467133786,16.817826407296316,68.11760362728621,155.44557720681897,0.517231296151008,0.6578291209452765,0.5331661528402182,0.4811477020185691,0.0,0.5837711629832227,0.6997272642590144,0.7197681545512343,0.6609343278306531,0.8697189549668389,0.9613608882049027,0.9878348173390495,0.36971895496683893,0.16136088820490269,0.03783481733904959,0.0033161115386024695,0.0,0.5934065934065934,0.4065934065934066,0.9835164835164835,1.0451486323560988,1.0179873355306113,1.008348750789742,-7.991852760314941,0.00033814969356171787
526,4.9487363816313185e-06,4.9487363816313185e-06,1.0,9.004783553046149,4.821042460364264,3.2373652715940735,3.2373652715940735,3.2905898416364514,0.0,0.0,0.31279893420838023,1.725125696208026,0.09546827887361115,1.705657585247143,0.08382597867701505,0.017414532733980467,0.0,0.9949561212513898,0.0,0.0,0.0,2.578227516767141,98.39447516364021,12.493393898010254,95.8227310180664,192.06089782714844,1.009420394897461,0.7000589966773987,0.25,4.0,0.5605413317680359,0.4637610912322998,0.12106083816610132,0.005271364481890798,3.278001957648509,2.4346302655097602,0.2572822417542867,1.0,0.6767491021671811,0.14635369503820264,1.0,0.18332829628441785,0.0,0.730163840023247,0.11232825328369399,0.0,0.15750790608895793,,,,,,,,,,,,,,,,,,,,,,,,,,,,,,,,,,,,
527,4.933694973079306e-06,4.933694973079306e-06,1.0,8.933216610470334,4.739483627113136,3.2485115914731413,3.2485115914731413,3.305695185790191,0.0,0.0,0.3146596414011878,1.709758903529193,0.09566426820851662,1.707076739620518,0.08563165155214232,0.015469604624888382,0.0,0.9964355713612324,0.0,0.0,0.0,2.5766579363797164,97.8761831747519,12.39853286743164,94.33715057373047,191.3121337890625,1.010059118270874,0.6965954303741455,0.25,4.0,0.5631334185600281,0.46160975098609924,0.12263103184155816,0.0054519093992778205,5.06357686261873,3.837244214238347,0.2421870313520155,1.0,0.6804253813382741,0.14543528049378782,1.0,0.18078021342689926,0.0,0.7332658961012557,0.11155566331502553,0.0,0.15517843172356888,,,,,,,,,,,,,,,,,,,,,,,,,,,,,,,,,,,,
528,4.918656749715405e-06,4.918656749715405e-06,1.0,9.041553394214526,4.822224475241996,3.265601280573252,3.265601280573252,3.32669261983923,0.0,0.0,0.31398625953777415,1.7516115613885828,0.09645365198721757,1.7124532300072748,0.08431584096035442,0.017484039879982937,0.0,0.9899148425540408,0.0,0.0,0.0,2.648768934043678,96.42946459795978,12.254085540771484,92.51249694824219,189.08326721191406,1.0115841627120972,0.6968429088592529,0.25,4.0,0.5592570304870605,0.4538435637950897,0.12418207681365576,0.004685961264908633,4.379176871196644,3.152349240071065,0.28015028102537887,1.0,0.6742741159490637,0.1495641212205629,1.0,0.18475813197123037,0.0,0.727152803459683,0.11449766984662495,0.0,0.15834952045131373,,,,,,,,,,,,,,,,,,,,,,,,,,,,,,,,,,,,
529,4.9036218629743545e-06,4.9036218629743545e-06,1.0,9.064174445899758,4.869045115805961,3.24422414882763,3.24422414882763,3.300984563054265,0.0,0.0,0.31235812725247564,1.733250054153236,0.09508129914064666,1.7120197528117411,0.0875733033628077,0.01821212615893298,0.0,0.992912363361668,0.0,0.0,0.0,2.6489091177244446,96.08912390631599,11.80767822265625,92.15182495117188,189.8233184814453,1.0119174718856812,0.7147963047027588,0.25,4.0,0.5600847601890564,0.46534937620162964,0.1325445891235365,0.006061932377721851,3.7308247129659393,2.644176123915492,0.2912623006044637,1.0,0.6753757869875109,0.14964187145233154,1.0,0.18365678916106354,0.0,0.7291177817293115,0.11382922067030056,0.0,0.1570529869279346,,,,,,,,,,,,,,,,,,,,,,,,,,,,,,,,,,,,
530,4.8885904642572975e-06,4.8885904642572975e-06,1.0,9.00833459802576,4.806362139212118,3.2520371643272608,3.2520371643272608,3.3059169537312276,0.0,0.0,0.31271078377156647,1.7403724741291355,0.09566364356794872,1.705437254261326,0.08509155977013949,0.016005648746834817,0.0,0.9981020946760435,0.0,0.0,0.0,2.6025371744826034,97.95323634792018,12.13499927520752,94.33715057373047,192.06089782714844,1.01164972782135,0.7106461524963379,0.25,4.0,0.5589040517807007,0.46031615138053894,0.12835922967501914,0.005465587044534413,3.3858310008371197,2.5541414247976766,0.24563824237943788,1.0,0.6736169892388422,0.15033614816697868,1.0,0.18520371656160098,0.0,0.728198136832263,0.11404306582502417,0.0,0.15775879412084012,100.84250909155541,142.91075497249497,0.26169433548016535,32.90321727375408,100.84250649367179,118.83482034898795,137.49689389407263,171.81815055136303,18.07928248814174,82.34812939074612,165.30158664869225,0.5244483609049941,0.6697779531388907,0.5402924630644526,0.4966354368787408,0.0,0.596870924078959,0.7157391690255261,0.7543113113841036,0.668772079945573,0.8637462899857096,0.9587776189952731,0.9878531383972738,0.36374628998570957,0.1587776189952731,0.03785313839727389,0.0036092484701916385,0.0,0.6483516483516484,0.3516483516483517,0.9807692307692307,1.1078492039507561,1.0735325652819414,1.060525965641488,-7.9923787117004395,0.00033797192736528814
531,4.873562704930254e-06,4.873562704930254e-06,1.0,8.96557735752415,4.8020842526410075,3.211536214158342,3.211536214158342,3.2496416439881197,0.0,0.0,0.3125938926194165,1.7464742692741189,0.09576745431970905,1.7134735455384125,0.08468937622131528,0.015402069976049903,0.0,0.9887749166102022,0.0,0.0,0.0,2.626329824731157,97.39949097504487,12.254085540771484,93.6030044555664,192.06089782714844,1.0111825466156006,0.7065469026565552,0.25,4.0,0.5557034015655518,0.4580167531967163,0.12789692526534632,0.005503884451252872,3.3129165720295264,2.520595198547518,0.23916128168498493,1.0,0.6690346904703088,0.15198921150452382,1.0,0.18681388287930875,0.0,0.7234508137445192,0.11625923639213717,0.0,0.16028995288384928,,,,,,,,,,,,,,,,,,,,,,,,,,,,,,,,,,,,
532,4.858538736322594e-06,4.858538736322594e-06,1.0,8.996499886383882,4.78411595885818,3.2691290636320374,3.2691290636320374,3.3433895626583614,0.0,0.0,0.3134599046127216,1.7132422344104663,0.09516911933550963,1.7019485718495138,0.08306465539577845,0.014906558761926921,0.0,1.0040325538532153,0.0,0.0,0.0,2.5410353911889567,100.15474061708193,12.278042793273926,97.33171844482422,195.84896850585938,1.0101372003555298,0.709986686706543,0.25,4.0,0.5636167526245117,0.46871063113212585,0.12791607396870555,0.005818470292154503,3.460435071507016,2.528547091661273,0.26929792369718025,1.0,0.6810146779627413,0.14576965973183914,1.0,0.17986571909608068,0.0,0.7342744872376725,0.11144399018706502,0.0,0.15428153445591797,,,,,,,,,,,,,,,,,,,,,,,,,,,,,,,,,,,,
533,4.843518709725513e-06,4.843518709725513e-06,1.0,9.02572691118395,4.841312563097155,3.234595943141628,3.234595943141628,3.2920354959127067,0.0,0.0,0.31412937995549794,1.7367675304412842,0.09635833469597069,1.7120992138579085,0.08276131044368486,0.014563972457639268,0.0,0.9955853674862836,0.0,0.0,0.0,2.5373906283765226,100.52057936384871,12.544681549072266,97.71267700195312,196.61549377441406,1.0087072849273682,0.6991777420043945,0.25,4.0,0.5594440698623657,0.4575600326061249,0.11535999562315352,0.005057993215887953,3.9588811365333765,2.912237655472111,0.26437860722885115,1.0,0.6749892347567791,0.1481472163184269,1.0,0.18195392795511195,0.0,0.7292617430558076,0.11372798459755408,0.0,0.15701027556851105,,,,,,,,,,,,,,,,,,,,,,,,,,,,,,,,,,,,
534,4.82850277639051e-06,4.82850277639051e-06,1.0,9.027220906438055,4.8815403500118775,3.190176976693643,3.190176976693643,3.2329269357629724,0.0,0.0,0.31166320314278473,1.7447623401074797,0.0947954680871319,1.7262911119976558,0.08698712953844585,0.016612767814532726,0.0,0.9999257181141827,0.0,0.0,0.0,2.681551176148492,98.43034630852776,11.970219612121582,93.6030044555664,195.08541870117188,1.0112961530685425,0.7025220990180969,0.25,4.0,0.564105212688446,0.46131256222724915,0.12256537914432651,0.004642192800087537,3.9616362291413383,3.0149898094099923,0.23895339323886539,1.0,0.6811841839068645,0.1479396207912548,1.0,0.17888865398394094,0.0,0.7346447335707175,0.11249541269766318,0.0,0.15285985735622612,,,,,,,,,,,,,,,,,,,,,,,,,,,,,,,,,,,,
535,4.81349108752787e-06,4.81349108752787e-06,1.0,9.000058354558172,4.840191557600692,3.209884720879632,3.209884720879632,3.26046220676319,0.0,0.0,0.31231532306284515,1.734517039479436,0.09572568878128722,1.7068931830895913,0.08575464986466072,0.01654862823921281,0.0,1.0122062853864722,0.0,0.0,0.0,2.6451606170551196,98.82927518277555,12.017069816589355,94.52175903320312,195.08541870117188,1.009610891342163,0.7135211229324341,0.25,4.0,0.5631606578826904,0.46835461258888245,0.1274838603785972,0.006392931392931393,3.997696517287074,2.8192889827328758,0.29477163397933265,1.0,0.6801470534221546,0.1473027620766614,1.0,0.1783469017293002,0.0,0.7350240639738135,0.11207624826882337,0.0,0.15289968252182007,90.58297341734499,130.44100938178966,0.2404670577198549,20.36087843088003,90.58297123036465,110.73772578534737,129.30178996546465,164.46278738259068,24.542992183140345,73.48306522812955,148.58662613578466,0.463454420551343,0.648942462342372,0.5272040151668398,0.4710400328521898,0.0,0.5679718577581045,0.6897341420740558,0.7353626665783729,0.6625070483163972,0.8678502070279579,0.9623319042907919,0.9893005019969954,0.3678502070279579,0.1623319042907918,0.03930050199699542,0.0025466270931809023,0.0,0.6593406593406593,0.34065934065934067,0.9871794871794873,1.0618260299766458,1.0304406578396703,1.0182154957245995,-7.991896152496338,0.00033813505433499813
536,4.798483794305134e-06,4.798483794305134e-06,1.0,9.24572668848811,5.021326864087904,3.2722178858679696,3.2722178858679696,3.333687382775384,0.0,0.0,0.3155312119303523,1.7421239002330884,0.09588016468930889,1.709524850587587,0.08146521670592798,0.013563751648935312,0.0,1.0346300311990686,0.0,0.0,0.0,2.490735743496869,101.23593634528083,12.643072128295898,97.71267700195312,198.93313598632812,1.0116699934005737,0.7075967788696289,0.25,4.0,0.5662339329719543,0.46566182374954224,0.1295464492832914,0.004882919356603567,2.7318893441477337,2.1750170725422935,0.20384144504182594,1.0,0.6846199228956893,0.14529423455934268,1.0,0.17730692915014318,0.0,0.7382797308870264,0.11028550786746515,0.0,0.1514347735288981,,,,,,,,,,,,,,,,,,,,,,,,,,,,,,,,,,,,
537,4.783481047845574e-06,4.783481047845574e-06,1.0,8.996335132701978,4.788182928755477,3.2640040371869063,3.2640040371869063,3.327841836052972,0.0,0.0,0.31295522161432215,1.7076312045793276,0.09509714451190587,1.706025854961292,0.08465270144311157,0.013895697671466985,0.0,1.0203768981469643,0.0,0.0,0.0,2.5123980593036963,101.20389165105047,12.206311225891113,97.33171844482422,199.71173095703125,1.0103017091751099,0.7186610102653503,0.25,4.0,0.5661634802818298,0.47436439990997314,0.1320439873071452,0.006425757741547215,3.611504325190106,2.9194102114116824,0.1916359642576345,1.0,0.6846978487195196,0.1447751260287053,1.0,0.1763871525590484,0.0,0.7386332524789346,0.11032901825131597,0.0,0.15103772524240855,,,,,,,,,,,,,,,,,,,,,,,,,,,,,,,,,,,,
538,4.768482999226684e-06,4.768482999226684e-06,1.0,8.951539168486724,4.773310261803704,3.2314481799666948,3.2314481799666948,3.2783355197390995,0.0,0.0,0.3140908592456096,1.7228586222674396,0.09579368640442153,1.7000082473497133,0.08531733733173963,0.01422266777277597,0.0,1.0158107812340196,0.0,0.0,0.0,2.5522629892503894,100.69506176097973,12.230175018310547,96.95226287841797,198.15757751464844,1.0102310180664062,0.7045207023620605,0.25,4.0,0.5636767745018005,0.4620319604873657,0.1259136667031404,0.005503884451252872,3.469761205686105,2.8303987802685917,0.18426698193805152,1.0,0.6809383534096383,0.14651312236044858,1.0,0.17946267530724808,0.0,0.7355844040174742,0.11144591787376919,0.0,0.1529696760950862,,,,,,,,,,,,,,,,,,,,,,,,,,,,,,,,,,,,
539,4.753489799478647e-06,4.753489799478647e-06,1.0,8.988572636166134,4.778736294926824,3.26128042710794,3.26128042710794,3.3220850841419116,0.0,0.0,0.31261540667430776,1.7232514362077456,0.0958488064037787,1.710763067812533,0.08533188761086077,0.014916023447153133,0.0,1.0191428016971897,0.0,0.0,0.0,2.4688709748757853,102.09415270831134,12.69255542755127,98.86447143554688,199.71173095703125,1.0100808143615723,0.7070549726486206,0.25,4.0,0.5638504028320312,0.4628460109233856,0.12657566473355947,0.005476529160739687,3.319898989554998,2.3253621748975806,0.29956839584168377,1.0,0.6814035789386647,0.14563471340649836,1.0,0.17874796970470533,0.0,0.7363065014014373,0.11067905619337752,0.0,0.15301444039151474,,,,,,,,,,,,,,,,,,,,,,,,,,,,,,,,,,,,
540,4.7385015995828154e-06,4.7385015995828154e-06,1.0,8.963262119808713,4.798838757179879,3.2184871789571403,3.2184871789571403,3.276850867915798,0.0,0.0,0.31240089116869746,1.719341026770102,0.09526591345265105,1.7028129294111922,0.0865816644116028,0.015320431283750647,0.0,1.0037900596051603,0.0,0.0,0.0,2.5731560024055273,101.18158495103991,12.35019588470459,96.57428741455078,200.49337768554688,1.0118188858032227,0.7128978371620178,0.25,4.0,0.5647115707397461,0.4679664969444275,0.1308786519312835,0.004937629937629938,3.98451132951556,2.799089788585096,0.29750738369078467,1.0,0.6822154940785589,0.14681453519576304,1.0,0.17911035668205572,0.0,0.7358588028598476,0.11120955424534308,0.0,0.15293164531121384,85.33295897599105,127.78805569085438,0.22362390501899507,2.3325593969324134,85.33295735261557,105.38321370720331,124.21745906741407,159.49107383409236,23.270178658621653,67.84995033205017,143.80573239533797,0.43377873833953834,0.6478607392767584,0.5294907062803796,0.47283460358379353,0.0,0.5688885862694399,0.6868124881205397,0.7241726788250602,0.6581257669886426,0.8716060239639442,0.9628082518046243,0.9889524018907332,0.37160602396394415,0.16280825180462422,0.038952401890733235,0.002839764024770071,0.0,0.6318681318681318,0.36813186813186816,0.9826007326007327,1.0308077821692267,1.0023763953493192,0.9919346945135148,-7.991591453552246,0.0003382380527909845
541,4.723518550470198e-06,4.723518550470198e-06,1.0,8.879300065942713,4.70543215725873,3.231846371212521,3.231846371212521,3.2822452880240776,0.0,0.0,0.3130106998456491,1.7096687072032206,0.09440537501831313,1.698465202305768,0.08273704299652898,0.014994315261877066,0.0,1.016623854637146,0.0,0.0,0.0,2.5476013647543416,102.12016317006704,12.471393585205078,97.33171844482422,202.0658721923828,1.0102938413619995,0.7092863321304321,0.25,4.0,0.5680139064788818,0.47330352663993835,0.12872579056789582,0.0060291060291060294,3.1104623876713418,2.4398382370536393,0.21560271980005116,1.0,0.6873850419714644,0.14375676174421567,1.0,0.17499772358585047,0.0,0.7408745272739513,0.10943262560947521,0.0,0.14969284188103033,,,,,,,,,,,,,,,,,,,,,,,,,,,,,,,,,,,,
542,4.708540803019932e-06,4.708540803019932e-06,1.0,8.968441370371226,4.774239939612311,3.248417519234322,3.248417519234322,3.3083683606740593,0.0,0.0,0.3148407356159107,1.7096115157410905,0.09506985061877482,1.708337039560885,0.08364789872556119,0.01614246643274217,0.0,1.0204302926321287,0.0,0.0,0.0,2.5555913834958464,102.05082599536793,12.158723831176758,97.71267700195312,202.0658721923828,1.0101571083068848,0.7106778621673584,0.25,4.0,0.5673871040344238,0.47361457347869873,0.13097713097713098,0.006338220811905023,3.6566004535636387,2.7336295279296667,0.25241229862411296,1.0,0.6866328490746988,0.14342039702711878,1.0,0.1754949862087095,0.0,0.740300584483791,0.10938364992270598,0.0,0.15031576720443932,,,,,,,,,,,,,,,,,,,,,,,,,,,,,,,,,,,,
543,4.6935685080577684e-06,4.6935685080577684e-06,1.0,8.964450398006955,4.750130279644115,3.2714839626002954,3.2714839626002954,3.345793956034892,0.0,0.0,0.3125884331561424,1.7123078397802405,0.09448485177110981,1.6984040640495919,0.08410161008705964,0.015439846401883138,0.0,1.0116864378387864,0.0,0.0,0.0,2.5558372510446086,101.15458101839633,11.80767822265625,96.1977767944336,201.27810668945312,1.0118234157562256,0.7216599583625793,0.25,4.0,0.5645033717155457,0.4756702780723572,0.13720866615603458,0.005968924389977022,3.1040108509965845,2.413205976421769,0.22255233880803718,1.0,0.6820267857732,0.14647369529749896,1.0,0.1791305856124775,0.0,0.7360312874252731,0.11136143795541815,0.0,0.1526072673700951,,,,,,,,,,,,,,,,,,,,,,,,,,,,,,,,,,,,
544,4.678601816354551e-06,4.678601816354551e-06,1.0,9.06575058601998,4.883230802175161,3.237078956655554,3.237078956655554,3.2996051891430005,0.0,0.0,0.31192460495072444,1.7167601585388184,0.09477461048880138,1.7042434827701465,0.08387163281440735,0.019686270517775335,0.0,1.0182277962968156,0.0,0.0,0.0,2.584932504473506,101.63119403736012,11.784639358520508,96.95226287841797,202.0658721923828,1.0109851360321045,0.7138961553573608,0.25,4.0,0.5667703747749329,0.47515058517456055,0.1336716270926797,0.005799321588795273,4.031209125712111,3.0363083836194633,0.24679958569921606,1.0,0.6856084627074164,0.14414834351958455,1.0,0.17670280506481995,0.0,0.7391703112705333,0.1098352574013375,0.0,0.15099442911309166,,,,,,,,,,,,,,,,,,,,,,,,,,,,,,,,,,,,
545,4.6636408786247e-06,4.6636408786247e-06,1.0,9.039001335968843,4.850202573312296,3.249270587354093,3.249270587354093,3.314210981936068,0.0,0.0,0.31259114275107514,1.6914826728202201,0.09401825694618998,1.6958025146175075,0.08562115710732099,0.01667711197247578,0.0,1.021230675078727,0.0,0.0,0.0,2.531200470151128,102.95978608002534,12.158723831176758,98.09510803222656,204.44776916503906,1.0112786293029785,0.7179194092750549,0.25,4.0,0.5690191984176636,0.47802844643592834,0.13775030090819565,0.00611937848779954,3.832891391741263,3.0074191093444824,0.21536542469620376,1.0,0.6887527865332526,0.14337468268098058,1.0,0.1752667757304939,0.0,0.7420370482109688,0.10874565288021758,0.0,0.14921730394298965,95.19056787595645,136.29597040927788,0.2516675228204309,33.80699071779356,95.19057063969372,111.8141470816576,130.9088997644526,166.3806706147927,25.37348120553153,77.89893039437227,154.30667313285497,0.43572592259869364,0.6623522365287007,0.5298953157907653,0.48053902435636137,0.0,0.5837358736661156,0.7089823270212429,0.7478848950766012,0.661063358069775,0.864735627129823,0.9622219779414459,0.9901432706753142,0.364735627129823,0.16222197794144588,0.0401432706753142,0.002949690374116009,0.0,0.6813186813186813,0.31868131868131866,0.9844322344322345,1.0818373636230008,1.0473644228263215,1.0339576051785395,-7.9911723136901855,0.0003383798466529697
546,4.648685845524691e-06,4.648685845524691e-06,1.0,9.136028882619497,4.913997534159067,3.269792369894079,3.269792369894079,3.3392611323176205,0.0,0.0,0.31367826622885625,1.7349453649005375,0.09491474282097172,1.71595945873776,0.08470774764144742,0.016736272263114114,0.0,1.0172636895566374,0.0,0.0,0.0,2.568997122145988,102.18381623964052,12.087688446044922,96.57428741455078,203.65069580078125,1.011687159538269,0.7069995999336243,0.25,4.0,0.5665842890739441,0.4681151211261749,0.13351570193675458,0.005719991246307036,3.2776663641671875,2.4744870074697443,0.24504609910213382,1.0,0.6850170734766368,0.14552566368837613,1.0,0.17728596925735474,0.0,0.7376747985143919,0.110977296490927,0.0,0.1513478989536698,,,,,,,,,,,,,,,,,,,,,,,,,,,,,,,,,,,,
547,4.633736867651541e-06,4.633736867651541e-06,1.0,8.99963092803955,4.762457899145178,3.2963989876412056,3.2963989876412056,3.369101608121717,0.0,0.0,0.3136757273931761,1.702405501056362,0.09464590452812813,1.6871660174550236,0.087240755960748,0.016316670672716322,0.0,1.0097870295112197,0.0,0.0,0.0,2.5074761590442143,104.42977286673882,12.444687843322754,99.63988494873047,206.85772705078125,1.0112035274505615,0.7029736638069153,0.25,4.0,0.5654919147491455,0.4652027487754822,0.13150782361308677,0.005539446328920013,3.7395429144034513,2.948924225729865,0.21142121023090585,1.0,0.6834581735971812,0.14599976950400584,1.0,0.17814913593433998,0.0,0.736331446750744,0.11127058054144318,0.0,0.15239797049277537,,,,,,,,,,,,,,,,,,,,,,,,,,,,,,,,,,,,
548,4.618794095541294e-06,4.618794095541294e-06,1.0,8.988058373734757,4.774179329743257,3.2644444091899976,3.2644444091899976,3.344825100254368,0.0,0.0,0.31279046229414037,1.7344080274169509,0.09441780097581245,1.712283356769665,0.08415251003729331,0.01583275380796073,0.0,0.9961640270980628,0.0,0.0,0.0,2.5868525537284643,102.09487708839211,12.447059631347656,96.1977767944336,202.8567352294922,1.0105594396591187,0.7028194665908813,0.25,4.0,0.5611791014671326,0.46293285489082336,0.13136010504431558,0.005047051099682678,3.6840776011750505,2.329054445833773,0.3678052696037368,1.0,0.6770609923311182,0.14907993839399233,1.0,0.18076838512678403,0.0,0.7308590025515169,0.1141135177096805,0.0,0.1550274833634093,,,,,,,,,,,,,,,,,,,,,,,,,,,,,,,,,,,,
549,4.603857679667496e-06,4.603857679667496e-06,1.0,9.159463341171676,4.926620805585706,3.2842368113028035,3.2842368113028035,3.3641900758485535,0.0,0.0,0.3120850187701148,1.7349454067848824,0.09655297930176193,1.7108384177491471,0.08226801837618286,0.01712783570778934,0.0,1.0009563726347845,0.0,0.0,0.0,2.538388435905044,104.67482633848448,12.544681549072266,98.86447143554688,208.48013305664062,1.0117954015731812,0.7112770676612854,0.25,4.0,0.5628203749656677,0.4677733778953552,0.1299020680599628,0.005410876463508042,3.6647712169466793,2.456194472474021,0.3297823173473813,1.0,0.6794435220795709,0.14808528950890978,1.0,0.17997494259396116,0.0,0.7324836817947594,0.11316058462536013,0.0,0.154355731364843,,,,,,,,,,,,,,,,,,,,,,,,,,,,,,,,,,,,
550,4.5889277704396905e-06,4.5889277704396905e-06,1.0,8.884835758724728,4.6978765951620565,3.2440239867648564,3.2440239867648564,3.2937243435833907,0.0,0.0,0.312713511086799,1.7133637731139724,0.0947870896072001,1.7003583167050336,0.08360374467195691,0.014976323418621276,0.0,1.0061369892713186,0.0,0.0,0.0,2.575266606098897,103.43587267076647,11.946864128112793,97.33171844482422,207.6673583984375,1.0116485357284546,0.7138925194740295,0.25,4.0,0.5640514492988586,0.4701118767261505,0.1376709705657074,0.005747346536820221,3.9166203092884375,3.1425042345717147,0.19764899673345218,1.0,0.6816215982308259,0.14573464260713473,1.0,0.17908134734308398,0.0,0.7359928069887934,0.11104523813402331,0.0,0.15296195346761393,83.09844237107497,128.26011856141633,0.2185370709122978,-6.82510497543838,83.098443439123,102.98671434947651,123.19805543197828,157.448927571279,26.603024074009486,64.40502503860829,144.11841550080672,0.40697518281623357,0.647138128863607,0.5289139365984584,0.4709431344696089,0.0,0.5694707471381473,0.6847782229571986,0.7048529789722232,0.6548124120838528,0.8715327397310468,0.9627899307464,0.9891356124729764,0.37153273973104683,0.1627899307463999,0.03913561247297648,0.002949690374116009,0.0,0.5934065934065934,0.4065934065934066,0.9816849816849818,1.013868687408311,0.9881055974862077,0.9790214729996828,-7.991320610046387,0.0003383296716492623
551,4.574004518201896e-06,4.574004518201896e-06,1.0,8.99324638779099,4.816668561986975,3.221120344625937,3.221120344625937,3.2795081718547925,0.0,0.0,0.3127166870478037,1.7395627144220713,0.09455514316623276,1.7232506242958274,0.08875866757856833,0.018077519684526568,0.0,0.9998018773826393,0.0,0.0,0.0,2.6349739416225537,103.03527708311339,11.900286674499512,96.57428741455078,206.85772705078125,1.012288212776184,0.715369462966919,0.25,4.0,0.5646471977233887,0.47133249044418335,0.13258015100120363,0.00547105810263705,3.869405106918232,2.9823770490852564,0.2292414552942596,1.0,0.6820170106114568,0.14742310465993108,1.0,0.17858833678670832,0.0,0.7348018272503002,0.11237473765740523,0.0,0.1528234381128002,,,,,,,,,,,,,,,,,,,,,,,,,,,,,,,,,,,,
552,4.5590880732311e-06,4.5590880732311e-06,1.0,8.963857831181707,4.792561440854459,3.227768943116472,3.227768943116472,3.2840502842052564,0.0,0.0,0.3118483230874345,1.7093963204203426,0.09438151926607699,1.694368069236343,0.0870085974802842,0.01720352064365068,0.0,1.0265408802676845,0.0,0.0,0.0,2.6340879652951217,104.12508825353675,11.970219612121582,98.09510803222656,208.48013305664062,1.0120220184326172,0.717808723449707,0.25,4.0,0.569254457950592,0.4756631851196289,0.13554820002188422,0.006009957325746799,3.8917263875136503,2.859474179712502,0.2652427496221374,1.0,0.6886212680790875,0.14538779713817546,1.0,0.17453001238204338,0.0,0.7416571523692157,0.11005296034587396,0.0,0.14828988345893654,,,,,,,,,,,,,,,,,,,,,,,,,,,,,,,,,,,,
553,4.544178585735735e-06,4.544178585735735e-06,1.0,8.961619067836452,4.771511760917869,3.245268377097877,3.245268377097877,3.3020177338574386,0.0,0.0,0.313424695182491,1.7182824611663818,0.09368065885595374,1.7034613892838761,0.08313550890700237,0.014986504014027683,0.0,1.011879386128606,0.0,0.0,0.0,2.5408505394652083,105.7041710518502,12.520204544067383,99.25142669677734,210.9376220703125,1.0113800764083862,0.720317006111145,0.25,4.0,0.5623001456260681,0.47131413221359253,0.13580260422365686,0.006496881496881497,3.672827473363361,2.7369255455764563,0.2548178302886251,1.0,0.6786046946370924,0.14905135434221578,1.0,0.1788773597092242,0.0,0.7343442343376778,0.11287801229470484,0.0,0.15277774551430265,,,,,,,,,,,,,,,,,,,,,,,,,,,,,,,,,,,,
554,4.529276205854175e-06,4.529276205854175e-06,1.0,8.926686158051362,4.76730016759924,3.223516831526885,3.223516831526885,3.2721471335436845,0.0,0.0,0.31232832412461975,1.6922312813836176,0.093450712191092,1.688571082579123,0.08279302152427467,0.015615743490540096,0.0,1.0092128483024803,0.0,0.0,0.0,2.503460980750419,106.60476746430268,12.593781471252441,101.6051025390625,210.9376220703125,1.0108368396759033,0.7239377498626709,0.25,4.0,0.563250720500946,0.47535648941993713,0.134112047269942,0.006691104059525112,3.9128841781938397,3.1316199938993194,0.19966453099952128,1.0,0.6801469777081464,0.14780543825110873,1.0,0.17831032743325104,0.0,0.7351836384953679,0.11219711037906441,0.0,0.15261924689685977,,,,,,,,,,,,,,,,,,,,,,,,,,,,,,,,,,,,
555,4.514381083653222e-06,4.514381083653222e-06,1.0,8.963358853314373,4.789968284400734,3.230703695400341,3.230703695400341,3.286447641011831,0.0,0.0,0.31260528193937764,1.7054712740150657,0.09363340485740353,1.7073971451939762,0.08310954141858462,0.015058139980946844,0.0,1.0126754416001809,0.0,0.0,0.0,2.5004394441037565,106.75293752309439,12.968196868896484,101.6051025390625,211.7632293701172,1.0103161334991455,0.7208425402641296,0.25,4.0,0.5627776384353638,0.47300297021865845,0.13643451143451144,0.0066883685304737935,3.0974904133661374,2.3080922860551523,0.25485087020919045,1.0,0.6793516294376271,0.14853701116265478,1.0,0.1786254197359085,0.0,0.7346452249063028,0.11271596881183418,0.0,0.15263880527502782,81.93117221371158,131.95942651681392,0.2033490280719629,-25.13069764860384,81.93117285191177,101.68481444930005,122.22188524094999,154.89141184428132,22.7418212890625,58.5102090761643,156.6187744140625,0.36983349144767635,0.6382168693860916,0.5236329912474227,0.46225208625306635,0.0,0.5585958903737658,0.6754968408134673,0.6982142769192132,0.6551607723946824,0.8737679088344142,0.9621670147667729,0.9890073650654062,0.37376790883441424,0.16216701476677287,0.03900736506540625,0.002491663918507933,0.0,0.5384615384615384,0.46153846153846156,0.9844322344322345,0.9928653451440098,0.9702618317780914,0.9627685824429596,-7.991024971008301,0.0003384297015145421
556,4.499493369126588e-06,4.499493369126588e-06,1.0,8.881778665491053,4.705598470327017,3.238642428372357,3.238642428372357,3.2921723224021293,0.0,0.0,0.3113834576026813,1.7004241653390832,0.09391878827198132,1.6887217888960968,0.0837879810180213,0.015406552979068176,0.0,1.0084016741933048,0.0,0.0,0.0,2.512206093685047,107.01902420456345,12.792104721069336,102.00276947021484,211.7632293701172,1.0116713047027588,0.7112070918083191,0.25,4.0,0.5646753311157227,0.4701441824436188,0.13145584856111173,0.005624247729510887,3.3796649865202,2.5232019416383795,0.25341655113682127,1.0,0.6819299137270128,0.1481645278431274,1.0,0.17760225768024857,0.0,0.7347902752257682,0.11303437460918685,0.0,0.15217535761562553,,,,,,,,,,,,,,,,,,,,,,,,,,,,,,,,,,,,
557,4.484613212193396e-06,4.484613212193396e-06,1.0,8.85420948750264,4.702493757814975,3.2136667741311564,3.2136667741311564,3.2556792852040886,0.0,0.0,0.31250192426346446,1.7085946733887132,0.09365832443172867,1.6918831741487659,0.0811107547299282,0.012978926118513619,0.0,0.9966883159972526,0.0,0.0,0.0,2.5120603490520166,105.98912522599504,13.018954277038574,100.02985382080078,211.7632293701172,1.0116690397262573,0.7197933793067932,0.25,4.0,0.559399425983429,0.46698811650276184,0.14000437684648212,0.005867709815078236,2.6274068307232215,2.0210819896813987,0.23076930224579092,1.0,0.6739136898839796,0.15261795311360746,1.0,0.1813925774516286,0.0,0.7293727816762151,0.11589544991383681,0.0,0.15473176458397428,,,,,,,,,,,,,,,,,,,,,,,,,,,,,,,,,,,,
558,4.46974076269666e-06,4.46974076269666e-06,1.0,8.984384614068109,4.777108437306172,3.2633486180692106,3.2633486180692106,3.3281664461702913,0.0,0.0,0.3130169969958228,1.7146643239098627,0.09440535025016682,1.7010382542739044,0.084102152972608,0.015742218162788934,0.0,1.0085131139368624,0.0,0.0,0.0,2.4905511140823364,106.36520035202439,12.917638778686523,99.63988494873047,212.592041015625,1.0121766328811646,0.7170549631118774,0.25,4.0,0.5632566213607788,0.47232377529144287,0.13683389867600393,0.006001750738592844,3.4324646012203113,2.354495589797561,0.3140510206687959,1.0,0.6796817731212925,0.14974504487740026,1.0,0.17867751661184672,0.0,0.7330361008644104,0.11394712671234801,0.0,0.15301677624921542,,,,,,,,,,,,,,,,,,,,,,,,,,,,,,,,,,,,
559,4.454876170401779e-06,4.454876170401779e-06,1.0,8.855668815406593,4.680011375530346,3.2280871674821183,3.2280871674821183,3.2770422664848535,0.0,0.0,0.312666477383794,1.7212290441667712,0.09488338977098465,1.7062274539792859,0.08619754298313244,0.019402211840340012,0.0,1.0049653890970591,0.0,0.0,0.0,2.6413223775657446,107.16932884422508,12.32609748840332,100.81439971923828,214.25941467285156,1.0127394199371338,0.7185448408126831,0.25,4.0,0.5630171298980713,0.4675058424472809,0.13712660028449503,0.005405405405405406,4.522702725352468,3.547110984454284,0.21570989740922072,1.0,0.6791517122371776,0.1506094908392107,1.0,0.17906442928958582,0.0,0.733323913973731,0.11391976052844846,0.0,0.15275632449098536,,,,,,,,,,,,,,,,,,,,,,,,,,,,,,,,,,,,
560,4.440019584995037e-06,4.440019584995037e-06,1.0,8.944336813849372,4.775296017930314,3.2277261115409233,3.2277261115409233,3.272731188181284,0.0,0.0,0.3122744922702377,1.711622682777611,0.09403949835010476,1.6960956728136218,0.08500229094076801,0.01579371663565571,0.0,0.9871900049415795,0.0,0.0,0.0,2.5840336374334387,108.01511857316301,12.69255542755127,100.81439971923828,216.7850341796875,1.010664701461792,0.7184563875198364,0.25,4.0,0.5579408407211304,0.46972864866256714,0.13262939052412737,0.006423022212495896,4.064608556193274,2.9629648424483634,0.2710331630991447,1.0,0.6720864901671538,0.15228189588398547,1.0,0.1820078045129776,0.0,0.7268448810319643,0.11662058250324146,0.0,0.1565345374716295,87.09911231156234,127.04432089924917,0.22566044872051602,13.243643016605587,87.09911286836105,106.82044531506652,126.00742591002611,161.12268349058198,22.81611578805106,67.89269339391427,150.7427865733271,0.47432309249807636,0.6588892974143798,0.5331324111118386,0.4812448255514889,0.0,0.5818723682706064,0.7010144752097992,0.7414513548371237,0.6559610311152738,0.8696273496757173,0.9624601516983621,0.9894653915210142,0.3696273496757173,0.16246015169836203,0.03946539152101425,0.0033527536550511158,0.0,0.6428571428571429,0.35714285714285715,0.978021978021978,1.046882409643341,1.0166030305918756,1.005177033471537,-7.990975379943848,0.0003384464653208852
561,4.425171156082081e-06,4.425171156082081e-06,1.0,9.149420712445233,4.970319941237166,3.2333686867275753,3.2333686867275753,3.297459415487341,0.0,0.0,0.3127297396595414,1.7153820057173033,0.09490463902821412,1.7151688498419684,0.08186251670122147,0.018094710823198832,0.0,1.00242194130614,0.0,0.0,0.0,2.6291695446581453,108.9758344083219,12.254085540771484,102.4020004272461,218.4853057861328,1.0091440677642822,0.7190755605697632,0.25,4.0,0.5609487295150757,0.47280728816986084,0.13215340846919793,0.006904475325527957,5.702568645412858,4.35895305630323,0.23561585535501287,1.0,0.6768598073237652,0.14924021387422406,1.0,0.17817085377267888,0.0,0.7326774774370967,0.1141102442870269,0.0,0.1532122823032173,,,,,,,,,,,,,,,,,,,,,,,,,,,,,,,,,,,,
562,4.4103310331864245e-06,4.4103310331864245e-06,1.0,8.907733865686366,4.737604669622473,3.2215351607348466,3.2215351607348466,3.2647784465068095,0.0,0.0,0.3128085313616572,1.7214170694351196,0.09314942480744542,1.7142797772948806,0.08532097532942488,0.018231727944284275,0.0,1.0068023043709833,0.0,0.0,0.0,2.746572549278672,107.0889003856762,11.670114517211914,98.86447143554688,218.4853057861328,1.0130575895309448,0.7254143357276917,0.25,4.0,0.5637231469154358,0.475969135761261,0.14197942882153408,0.00632454316664843,5.285845677594881,4.631871698675929,0.12372173135718888,1.0,0.6801849088153323,0.15057735729056435,1.0,0.17674646143977707,0.0,0.7344473600387573,0.11450418346637004,0.0,0.15104846978509748,,,,,,,,,,,,,,,,,,,,,,,,,,,,,,,,,,,,
563,4.395499365747944e-06,4.395499365747944e-06,1.0,8.985437186988625,4.7785454440761255,3.2586845513936638,3.2586845513936638,3.3203232288360596,0.0,0.0,0.31304015017844533,1.722815677926347,0.0936483066226985,1.7132537687146985,0.08488100173102843,0.016311083951763606,0.0,1.004423112482638,0.0,0.0,0.0,2.7006209895417497,108.24774602941565,11.670114517211914,99.63988494873047,221.0607452392578,1.0122872591018677,0.7144090533256531,0.25,4.0,0.563667356967926,0.47131073474884033,0.13782963125068387,0.005520297625560783,5.622867123500721,4.842954075014269,0.13870380205621657,1.0,0.6802185065037495,0.15022555960191264,1.0,0.17629830539226532,0.0,0.7346813195460552,0.1145841541725236,0.0,0.15073453010739507,,,,,,,,,,,,,,,,,,,,,,,,,,,,,,,,,,,,
564,4.380676303121362e-06,4.380676303121362e-06,1.0,8.965752189223831,4.771935192314354,3.24887338200131,3.24887338200131,3.322375503746239,0.0,0.0,0.31233647062971787,1.7195334370071824,0.0942816800765089,1.701019058356414,0.0850371772775779,0.017402357893769402,0.0,1.0021552604597967,0.0,0.0,0.0,2.630584049869228,110.20221668965108,11.877066612243652,102.4020004272461,223.6665496826172,1.0111112594604492,0.7077943086624146,0.25,4.0,0.5614141225814819,0.4630427062511444,0.13034795929532772,0.005495677864098917,5.6922771350757495,4.998310458015752,0.12191371934155891,1.0,0.6770577559600005,0.15109309030545726,1.0,0.17750906340173772,0.0,0.7320410802557662,0.11554245912545436,0.0,0.15241645437640114,,,,,,,,,,,,,,,,,,,,,,,,,,,,,,,,,,,,
565,4.365861994574757e-06,4.365861994574757e-06,1.0,9.030970805400127,4.840896728876475,3.2470910355851457,3.2470910355851457,3.3020379092242265,0.0,0.0,0.3134095797667632,1.7173244212124799,0.09402584949055233,1.6949404510291848,0.08193786532894985,0.0160052690881531,0.0,1.0210580874133754,0.0,0.0,0.0,2.5595595127827413,111.45637677166913,12.230175018310547,104.42169952392578,224.5419464111328,1.010636806488037,0.7050654292106628,0.25,4.0,0.5638519525527954,0.4619176685810089,0.12690939927782033,0.005553123974176606,3.991119912347278,3.214133629927764,0.19467876172193202,1.0,0.6805994365666364,0.1498314110008446,1.0,0.17528734134661184,0.0,0.7353592370007489,0.11429018688362998,0.0,0.15035057953886083,82.73103104056892,127.30891592170747,0.2129966669173752,-16.145366689661046,82.73103042013133,103.08223465118205,122.8191871569291,156.9430638499661,26.5640504019601,61.44849407580472,150.96181653893512,0.41951048289320597,0.651952413327695,0.5292095501364873,0.47459728626396613,0.0,0.5770364824947162,0.6851215495057893,0.7110332579621054,0.6560958597351959,0.8707082921109524,0.9610494302150893,0.9885676596680224,0.37070829211095235,0.16104943021508922,0.03856765966802245,0.0027298376754241326,0.0,0.5439560439560439,0.45604395604395603,0.967948717948718,1.0075686603457064,0.9843610246757885,0.9765171926918921,-7.990373134613037,0.0003386503376532346
566,4.351056589288054e-06,4.351056589288054e-06,1.0,8.937987121375832,4.738685285722887,3.269476329958117,3.269476329958117,3.3358043464454443,0.0,0.0,0.3115075061450133,1.6861299018602114,0.09349349161257615,1.6707600032961047,0.08177746530320193,0.014921152611842027,0.0,1.0043477383819785,0.0,0.0,0.0,2.4732846214964583,113.31686525087099,12.667789459228516,106.48123168945312,227.1887664794922,1.0113022327423096,0.6995311975479126,0.25,4.0,0.5658025145530701,0.4668113887310028,0.12565379144326513,0.005033373454426086,3.8292801339884064,3.0527549909578786,0.20278619371253312,1.0,0.6835158322308514,0.14838013938955358,1.0,0.17391410590829076,0.0,0.7361306612556046,0.11395107068725534,0.0,0.14991826986944354,,,,,,,,,,,,,,,,,,,,,,,,,,,,,,,,,,,,
567,4.336260236351512e-06,4.336260236351512e-06,1.0,9.00355424107732,4.804173920605634,3.252546806593199,3.252546806593199,3.3164867517110466,0.0,0.0,0.31328584535701853,1.7188580197256964,0.09369161986821406,1.7130132623620935,0.08253408475099383,0.01608670690424136,0.0,1.0153470119914494,0.0,0.0,0.0,2.5784275789518616,110.5461745391021,12.064103126525879,103.60908508300781,223.6665496826172,1.010765552520752,0.717193067073822,0.25,4.0,0.5645255446434021,0.47306737303733826,0.13438012911697123,0.006275303643724696,3.7448232576653764,2.950277576575408,0.2121717438769886,1.0,0.6815159498034297,0.14976452452105446,1.0,0.174599761092985,0.0,0.7367245635470828,0.11380365652007025,0.0,0.14947178637659228,,,,,,,,,,,,,,,,,,,,,,,,,,,,,,,,,,,,
568,4.3214730847642476e-06,4.3214730847642476e-06,1.0,8.910695282188621,4.7124451688818025,3.2609083974683606,3.2609083974683606,3.3139718352137386,0.0,0.0,0.31370503435263764,1.702325762929143,0.0927471431928712,1.6942729305576634,0.08082940268355447,0.014561081342902538,0.0,0.9859192999633583,0.0,0.0,0.0,2.564098950978872,108.61579606339738,12.111320495605469,99.63988494873047,221.9259490966797,1.0113592147827148,0.7106742858886719,0.25,4.0,0.5585207343101501,0.4679999053478241,0.1365603457708721,0.00585950322792428,4.1509702825868455,3.3851751822072105,0.18448580650941176,1.0,0.6728101582140535,0.15278163612694354,1.0,0.1801378618221025,0.0,0.726899416060061,0.11793114667808688,0.0,0.15516944269876223,,,,,,,,,,,,,,,,,,,,,,,,,,,,,,,,,,,,
569,4.30669528343271e-06,4.30669528343271e-06,1.0,8.943203255936906,4.783754877142004,3.2115885373708366,3.2115885373708366,3.261198243579349,0.0,0.0,0.31174721669506383,1.7163657304402944,0.09374104903356449,1.7231600091264054,0.08453338311330692,0.015442519159232443,0.0,1.0024779583956744,0.0,0.0,0.0,2.631029267568846,108.78511006123311,11.624617576599121,100.02985382080078,221.9259490966797,1.0124167203903198,0.7196259498596191,0.25,4.0,0.5615211725234985,0.46967482566833496,0.13535944851734324,0.005531239741766058,4.9515242786020846,4.147171326585718,0.1624455231881549,1.0,0.6768243796116596,0.15251988031574198,1.0,0.1782348586900814,0.0,0.7322643302582406,0.1157098837398194,0.0,0.1520257843910037,,,,,,,,,,,,,,,,,,,,,,,,,,,,,,,,,,,,
570,4.2919269811691956e-06,4.2919269811691956e-06,1.0,8.873494895728859,4.745444310678018,3.178960542421083,3.178960542421083,3.2245013327211947,0.0,0.0,0.3142759550262142,1.714244633107572,0.09311102753555453,1.7285901372497146,0.08455211427566167,0.015430373315875595,0.0,0.9896688944584614,0.0,0.0,0.0,2.655004111496178,109.504751669394,11.466768264770508,100.4213638305664,224.5419464111328,1.0115747451782227,0.7194767594337463,0.25,4.0,0.561541736125946,0.47166621685028076,0.13683936973410657,0.006390195863880075,5.187090574889569,4.442495963863425,0.14354764010304497,1.0,0.6769096255302429,0.1523736876410407,1.0,0.17775279726531054,0.0,0.7317730639431927,0.11621456210677689,0.0,0.1520123834142814,82.59785553649232,128.3722878412583,0.2140183195597556,-12.040780287522535,82.5978554731461,102.96986272781095,123.7498669057119,158.32318986164415,26.16338566371373,62.09426069629285,148.68492126464844,0.4181942517014519,0.6411180726876642,0.5220450517928347,0.46025858294355476,0.0,0.5617006936501923,0.674797561282146,0.698160877799434,0.6578799024349488,0.8718075556044117,0.9616540251364919,0.98876919130849,0.3718075556044117,0.16165402513649185,0.03876919130848999,0.002143563812245795,0.0,0.5659340659340659,0.4340659340659341,0.9761904761904762,1.0161943641992717,0.9912190507728975,0.982578619495853,-7.990904331207275,0.0003384705341886729
571,4.277168326690345e-06,4.277168326690345e-06,1.0,8.92289873071619,4.750775388769202,3.229145965060672,3.229145965060672,3.2867424810254895,0.0,0.0,0.3125255550887134,1.7033583344639958,0.09403635219142244,1.7122466145335018,0.08386935404426343,0.016354507005244896,0.0,0.9960385432114472,0.0,0.0,0.0,2.616962526295636,111.95088340140678,11.48918628692627,103.60908508300781,228.07797241210938,1.0110406875610352,0.7166757583618164,0.25,4.0,0.5608577132225037,0.46690595149993896,0.13307254623044096,0.006242477295108874,5.974095397704357,5.36398991378578,0.10212516595450084,1.0,0.6761742266448768,0.1519108809329368,1.0,0.177060123633694,0.0,0.7323567239013878,0.11571938665332021,0.0,0.15192388743162155,,,,,,,,,,,,,,,,,,,,,,,,,,,,,,,,,,,,
572,4.262419468615644e-06,4.262419468615644e-06,1.0,8.85681608560923,4.695778537440944,3.2127162314750053,3.2127162314750053,3.270983689540141,0.0,0.0,0.31416412463059296,1.7128524812492165,0.09365778436531892,1.714250567797068,0.08785929228808428,0.018554053992989497,0.0,0.9948040665806951,0.0,0.0,0.0,2.691636459247486,110.34784100506756,11.333175659179688,100.81439971923828,226.3030548095703,1.0132075548171997,0.7178162932395935,0.25,4.0,0.5638890862464905,0.47067946195602417,0.13588193456614509,0.00539719881825145,5.5361592020537405,4.819643082650932,0.1294247678312797,1.0,0.6799546882912919,0.15260317679998037,1.0,0.1761392383156596,0.0,0.7334355438077772,0.11619060224777944,0.0,0.1503738531389752,,,,,,,,,,,,,,,,,,,,,,,,,,,,,,,,,,,,
573,4.24768055546593e-06,4.24768055546593e-06,1.0,8.92821961480218,4.751903173085806,3.236730923523774,3.236730923523774,3.2899588120950236,0.0,0.0,0.31214843972309214,1.7038737503257957,0.09337551126608977,1.6944551983395137,0.08341391002004211,0.015495928381947247,0.0,1.0095338869739223,0.0,0.0,0.0,2.5347870072802983,110.71604238974082,11.900286674499512,102.4020004272461,225.42076110839844,1.0120915174484253,0.716560423374176,0.25,4.0,0.5634773969650269,0.46807458996772766,0.13583269504322135,0.006034577087208666,3.801171778021632,3.1025674971374304,0.18378655890363343,1.0,0.6796010007729402,0.1520090405199979,1.0,0.17542723344789968,0.0,0.734759649714908,0.115372410899884,0.0,0.14986794341254878,,,,,,,,,,,,,,,,,,,,,,,,,,,,,,,,,,,,
574,4.2329517356618935e-06,4.2329517356618935e-06,1.0,8.99714670954524,4.79356254113687,3.254686793765506,3.254686793765506,3.3145939466115593,0.0,0.0,0.3130776294179865,1.7297365439904702,0.09336671313724003,1.715306030737387,0.08349109813570976,0.016456741411742325,0.0,0.9959883287146285,0.0,0.0,0.0,2.606193458711779,109.33702891581767,11.900286674499512,100.02985382080078,223.6665496826172,1.0113455057144165,0.7064052224159241,0.25,4.0,0.5601314306259155,0.46110913157463074,0.13193456614509247,0.005055257686836634,3.7892070847588615,2.9462991227974764,0.22244969543938933,1.0,0.6744825952761883,0.15495376611078107,1.0,0.1779603776899544,0.0,0.730185236479785,0.11784531095543423,0.0,0.15196945659212163,,,,,,,,,,,,,,,,,,,,,,,,,,,,,,,,,,,,
575,4.218233157522588e-06,4.218233157522588e-06,1.0,8.898054354899639,4.747973287427747,3.2062152656348974,3.2062152656348974,3.261165412696632,0.0,0.0,0.311096368609248,1.7188297928990544,0.09343238215188722,1.6981965625608288,0.08506102567991695,0.01681563237405105,0.0,1.010324803558556,0.0,0.0,0.0,2.6334264471724227,109.8960991936761,11.85389232635498,100.81439971923828,224.5419464111328,1.0120080709457397,0.706672191619873,0.25,4.0,0.5659192204475403,0.4681512117385864,0.13338166101323995,0.005364372469635627,4.423587086232933,3.594571679025083,0.18740795446028585,1.0,0.6831604580621462,0.1504822691550126,1.0,0.17417282228534287,0.0,0.7366742652815741,0.11454900152779915,0.0,0.14877673339199377,86.54620778429639,127.02892457768827,0.22779855527078874,13.076092248434549,86.54620937322018,106.36368064495689,125.4942567753929,160.2054640549185,28.369798387799943,67.19003910981408,149.68056919263756,0.4389251560374575,0.655368088161021,0.5300105449552809,0.4754369693615697,0.0,0.5779708084813534,0.6938166010283967,0.7360358491682112,0.6542181650320307,0.8697372760250632,0.9623502253490162,0.9897402073943791,0.36973727602506323,0.1623502253490161,0.03974020739437911,0.00289472719944304,0.0,0.6483516483516484,0.3516483516483517,0.9807692307692307,1.0347879818016357,1.0059725914027664,0.9951527838359823,-7.991217613220215,0.0003383645380381495
576,4.203524969263932e-06,4.203524969263932e-06,1.0,8.925936389613796,4.744083533415923,3.243434358287502,3.243434358287502,3.304841273539775,0.0,0.0,0.3124660326016916,1.7044734181584538,0.09351806463422002,1.691223747021443,0.0826062891330268,0.014126794025729838,0.0,1.005446205268035,0.0,0.0,0.0,2.5313521688048906,111.71538131301467,12.230175018310547,103.20514678955078,227.1887664794922,1.0125819444656372,0.7113671898841858,0.25,4.0,0.5629099011421204,0.46578145027160645,0.13249261407156143,0.005317868475763213,3.148460463897602,2.637321464113287,0.16234569423544748,1.0,0.6784927136189228,0.15333942404469927,1.0,0.1767515741490029,0.0,0.7327227157515448,0.11623177919033412,0.0,0.15104550747452555,,,,,,,,,,,,,,,,,,,,,,,,,,,,,,,,,,,,
577,4.188827318997218e-06,4.188827318997218e-06,1.0,8.955943236479888,4.801885540420945,3.2141363620758057,3.2141363620758057,3.2632673753274455,0.0,0.0,0.3112018511102006,1.713591446747651,0.09211736152300963,1.6933413292910602,0.08306309006906845,0.015803198418202432,0.0,0.9964029595658586,0.0,0.0,0.0,2.6259911672489062,110.3363270115208,11.761645317077637,100.81439971923828,226.3030548095703,1.0124163627624512,0.7064919471740723,0.25,4.0,0.5619984269142151,0.4629891514778137,0.13382755224860488,0.005082612977349819,3.881270646243482,3.093180397072354,0.203049547687144,1.0,0.6770360824224111,0.1544704697019345,1.0,0.17715309358931877,0.0,0.7311572480846096,0.11749858046705658,0.0,0.15134417205243497,,,,,,,,,,,,,,,,,,,,,,,,,,,,,,,,,,,,
578,4.174140354727619e-06,4.174140354727619e-06,1.0,8.842595306602684,4.7040898091084244,3.1960739058417245,3.1960739058417245,3.2376346910322034,0.0,0.0,0.3117842964223913,1.7091288856557898,0.09367981532940993,1.7087998422416482,0.08291554299963487,0.016639911966096307,0.0,0.9926376133351713,0.0,0.0,0.0,2.602346887459626,109.77600221376161,11.900286674499512,101.208984375,223.6665496826172,1.011879324913025,0.715114414691925,0.25,4.0,0.5586346387863159,0.46045783162117004,0.13368804026698763,0.0054218185797133165,3.9574337448622727,3.2556480870053575,0.1773335204330348,1.0,0.6721592400525067,0.15629235312745376,1.0,0.17965272230070992,0.0,0.7286849907926611,0.11812259357523273,0.0,0.15319241079929713,,,,,,,,,,,,,,,,,,,,,,,,,,,,,,,,,,,,
579,4.159464224352704e-06,4.159464224352704e-06,1.0,9.057421284752923,4.8955748016769824,3.2251992161209517,3.2251992161209517,3.264418260471241,0.0,0.0,0.3121865375621899,1.7011658500980686,0.09286297817487975,1.6894958019256592,0.08284528281640362,0.013478088375130618,0.0,0.9938181235983565,0.0,0.0,0.0,2.5269594740223242,110.56507687955289,12.158723831176758,100.81439971923828,226.3030548095703,1.0131218433380127,0.7137458324432373,0.25,4.0,0.5622245669364929,0.4673680067062378,0.13883083488346645,0.005006018163912901,3.906437893171568,3.4008576837745874,0.12942230830822427,1.0,0.6772291692527564,0.15494560994006493,1.0,0.1768867985622303,0.0,0.7323084956890827,0.11702348634197905,0.0,0.15066801736483704,,,,,,,,,,,,,,,,,,,,,,,,,,,,,,,,,,,,
580,4.144799075660944e-06,4.144799075660944e-06,1.0,8.951127696681667,4.756739152444376,3.2561109259321883,3.2561109259321883,3.326183441522959,0.0,0.0,0.3114096949229369,1.7016522368869267,0.0930771898176219,1.696544344360764,0.08325794127744597,0.015121647848974209,0.0,0.9945741005845972,0.0,0.0,0.0,2.559302481445106,110.84047265954919,12.206311225891113,101.208984375,227.1887664794922,1.0110045671463013,0.7081448435783386,0.25,4.0,0.5609930157661438,0.4635254442691803,0.13361144545355072,0.005626983258562206,5.508511656844938,4.654664646934819,0.15500502914414627,1.0,0.6755619838431075,0.1552828791979197,1.0,0.1769937538617366,0.0,0.7305883088627377,0.11814056638930295,0.0,0.15127112051925143,84.7071722470797,126.05020032196083,0.22269775229696823,1.6701252905877082,84.70717113415044,104.29068090437963,123.37733757932551,156.9656094129203,28.091726575578964,65.37242989946705,147.54390882409137,0.4424982945627206,0.6578949880593834,0.5326282575597187,0.4829243210958482,0.0,0.5837712915315957,0.6927535339099744,0.7409274929335246,0.6499384114853256,0.8720274083031035,0.9629548202704188,0.9896302810450331,0.37202740830310355,0.16295482027041874,0.03963028104503319,0.0033161115386024695,0.0,0.6043956043956044,0.3956043956043956,0.9844322344322345,1.0151843998458359,0.9891148248871604,0.9795264122741563,-7.991298675537109,0.0003383370931260288
581,4.13014505633022e-06,4.13014505633022e-06,1.0,8.9327673009924,4.732489341014141,3.2640879863017314,3.2640879863017314,3.32939878669945,0.0,0.0,0.31238804636774836,1.6928961470320418,0.09267977484174676,1.6913415999025911,0.0840800170962875,0.01584151351346156,0.0,0.989283711523623,0.0,0.0,0.0,2.4977896406843856,112.42102690000792,12.544681549072266,103.60908508300781,228.07797241210938,1.011453628540039,0.705457329750061,0.25,4.0,0.5612569451332092,0.4625305235385895,0.12936590436590437,0.005334281650071123,3.5404681772799105,2.6505085906466923,0.2513677689138166,1.0,0.6761114629539283,0.15434524195419774,1.0,0.1771762536184208,0.0,0.7301872227642987,0.1176641980135763,0.0,0.15214857016060804,,,,,,,,,,,,,,,,,,,,,,,,,,,,,,,,,,,,
582,4.1155023139263475e-06,4.1155023139263475e-06,1.0,8.945909886746794,4.768605386888659,3.2353819254282357,3.2353819254282357,3.2867470625284554,0.0,0.0,0.3119389390623247,1.7139040102829803,0.0938085782769564,1.6966387871149424,0.08389424099712758,0.015152064875724751,0.0,1.0048754907943107,0.0,0.0,0.0,2.5244051282470292,111.70334439664273,12.447059631347656,102.4020004272461,227.1887664794922,1.012463092803955,0.7000824809074402,0.25,4.0,0.5635258555412292,0.45971688628196716,0.1322929204508152,0.00472972972972973,3.392796166039802,2.494541744122634,0.2647534299019336,1.0,0.6793826157982285,0.1529717509810989,1.0,0.17651363844807083,0.0,0.733033159294644,0.11631209020679062,0.0,0.1506547492903632,,,,,,,,,,,,,,,,,,,,,,,,,,,,,,,,,,,,
583,4.100870995901579e-06,4.100870995901579e-06,1.0,8.906181283899256,4.76137435758436,3.202838523967846,3.202838523967846,3.2416635590630607,0.0,0.0,0.3124984567229812,1.7081271055582408,0.09248583300693615,1.70107892719475,0.0851015124369312,0.015878682389754702,0.0,0.9939361037434759,0.0,0.0,0.0,2.5548089194942163,111.19321462270376,12.49577522277832,101.208984375,227.1887664794922,1.013122320175171,0.7042891979217529,0.25,4.0,0.5626865029335022,0.46236559748649597,0.13717310427836743,0.005498413393150235,4.573952792464076,3.771183553579691,0.17550885969068292,1.0,0.6780644494134027,0.1537945947131595,1.0,0.17743171389038498,0.0,0.7314546897604659,0.1170126068833712,0.0,0.15153270013429024,,,,,,,,,,,,,,,,,,,,,,,,,,,,,,,,,,,,
584,4.086251249593124e-06,4.086251249593124e-06,1.0,8.874321808686128,4.704376542890394,3.2310612395003036,3.2310612395003036,3.278292752601005,0.0,0.0,0.3128265376026566,1.7122917207511696,0.09350269448918265,1.6927140435656987,0.08023088032732138,0.014352132862031058,0.0,0.9970232006665822,0.0,0.0,0.0,2.5068531584095313,111.46902795740075,12.643072128295898,102.80279541015625,226.3030548095703,1.0120534896850586,0.6976468563079834,0.25,4.0,0.5606187582015991,0.45737355947494507,0.1338001969580917,0.004642192800087537,3.5213569370475977,2.6420392990112305,0.24970988563676003,1.0,0.6750959141834362,0.1549576432318301,1.0,0.17819612896120227,0.0,0.7292940890466845,0.1182555149535875,0.0,0.15245039237512126,,,,,,,,,,,,,,,,,,,,,,,,,,,,,,,,,,,,
585,4.071643222221665e-06,4.071643222221665e-06,1.0,8.897739771250132,4.733445657266153,3.2162526298213647,3.2162526298213647,3.276539338601602,0.0,0.0,0.3128024589371037,1.7180904343321517,0.09418650938046945,1.7086587983208734,0.0888352366919453,0.018759405127147567,0.0,0.9928061366081238,0.0,0.0,0.0,2.60302007520521,111.26185401710305,12.39853286743164,102.00276947021484,226.3030548095703,1.0123718976974487,0.7009117007255554,0.25,4.0,0.5637056827545166,0.46145814657211304,0.1305503884451253,0.005145530145530146,4.051382387006605,2.9902268277632222,0.2619243156722675,1.0,0.6793428466126725,0.15430045389645808,1.0,0.17572550556144198,0.0,0.7322338481207151,0.11759611984362474,0.0,0.15017002941788854,93.58930747063606,133.54774087553076,0.2559152853843171,31.570459931761352,93.58930560946584,111.77826019017384,130.6807932547242,164.0853794676014,34.889456612723215,74.82086270354515,155.15514075237772,0.4132181413559067,0.6630479105027774,0.5357592670172878,0.4929139253643949,0.0,0.5875837184572538,0.7144871658600022,0.7484781741056955,0.6586155752953823,0.8656700010992635,0.9624601516983621,0.989850133743725,0.3656700010992635,0.16246015169836203,0.039850133743725036,0.0036092484701916385,0.0,0.7032967032967034,0.2967032967032967,0.9844322344322345,1.0627848640248017,1.0307315020607069,1.0178496910484283,-7.990993976593018,0.0003384401788935065
586,4.0570470608898745e-06,4.0570470608898745e-06,1.0,9.044654923516351,4.8382963747591585,3.2556905488710144,3.2556905488710144,3.3194262659227527,0.0,0.0,0.3127401600012908,1.7245597903792922,0.09357469750417245,1.722639476930773,0.0857657593851154,0.017225489032933035,0.0,1.0006787084244393,0.0,0.0,0.0,2.5896418352384827,110.48013243804107,12.254085540771484,100.4213638305664,226.3030548095703,1.011794090270996,0.699975848197937,0.25,4.0,0.564786970615387,0.46489405632019043,0.13180873180873182,0.005279571069044754,3.9628951855607935,2.899279432522284,0.2683936120525973,1.0,0.6809627011015609,0.15385126987019102,1.0,0.17327074102453283,0.0,0.7335472622433225,0.1178566211381474,0.0,0.14859611923630173,,,,,,,,,,,,,,,,,,,,,,,,,,,,,,,,,,,,
587,4.042462912580938e-06,4.042462912580938e-06,1.0,8.900056503914499,4.7423347009194865,3.212128407246358,3.212128407246358,3.2638908656867773,0.0,0.0,0.31327032076345906,1.6998393761145103,0.09345380881348171,1.72711363676432,0.08393329140302297,0.014325179826669596,0.0,1.002134938497801,0.0,0.0,0.0,2.4958712088095174,110.86120522988809,12.520204544067383,102.00276947021484,225.42076110839844,1.0124211311340332,0.714544951915741,0.25,4.0,0.5626727938652039,0.46494007110595703,0.1394408578619105,0.005643396432870117,3.5176219601888916,2.513953948343122,0.2853257181143689,1.0,0.6775916395960627,0.15626588947064168,1.0,0.17500958491016078,0.0,0.7330792707365912,0.11791537742356996,0.0,0.14900535727674896,,,,,,,,,,,,,,,,,,,,,,,,,,,,,,,,,,,,
588,4.027890924157066e-06,4.027890924157066e-06,1.0,8.913917335304054,4.696798878747064,3.2852283748420508,3.2852283748420508,3.341686506529112,0.0,0.0,0.3130810574905292,1.6833684057802767,0.09619424129660065,1.6649769222414172,0.0848417411986235,0.016295554846323824,0.0,1.023918918661169,0.0,0.0,0.0,2.45826090993108,113.85005456048088,12.643072128295898,106.48123168945312,229.86680603027344,1.0118446350097656,0.7059938907623291,0.25,4.0,0.568374752998352,0.46348893642425537,0.1328974723711566,0.005736404420614947,3.8211072143670677,2.6798793931265137,0.2986641717221714,1.0,0.6862711068746206,0.15154737475756053,1.0,0.1701659185660852,0.0,0.7406206517606169,0.11434958834905883,0.0,0.14502975908485619,,,,,,,,,,,,,,,,,,,,,,,,,,,,,,,,,,,,
589,4.013331242358018e-06,4.013331242358018e-06,1.0,8.888692933159906,4.73671562607224,3.2104339277422107,3.2104339277422107,3.2558245594437056,0.0,0.0,0.3122490934423498,1.7122976103344478,0.09386760358874863,1.6936422328691225,0.0836004399367281,0.014379525613794858,0.0,1.0177396922498136,0.0,0.0,0.0,2.521355248786308,111.39713328593486,12.569208145141602,102.80279541015625,226.3030548095703,1.0130194425582886,0.7157412171363831,0.25,4.0,0.5641694664955139,0.4681648910045624,0.1394572710362184,0.005550388445125287,3.913255569097158,3.029032462352031,0.22595588024656663,1.0,0.6797955181147601,0.1551212517393602,1.0,0.17476558081201604,0.0,0.7345264376820745,0.11699045691135768,0.0,0.14848311023937688,,,,,,,,,,,,,,,,,,,,,,,,,,,,,,,,,,,,
590,3.9987840137996305e-06,3.9987840137996305e-06,1.0,8.994954366941709,4.833635291537723,3.2140919260076575,3.2140919260076575,3.2607582130947628,0.0,0.0,0.312828386957581,1.715846197025196,0.09131410556870538,1.714897883904947,0.08454757435499011,0.015781210798367456,0.0,1.0178356911685016,0.0,0.0,0.0,2.6165209203153044,111.03533935546875,11.923551559448242,100.4213638305664,228.9706268310547,1.0120573043823242,0.7191529870033264,0.25,4.0,0.5669879913330078,0.4775257408618927,0.14244446876025824,0.00532333953386585,4.119344880452028,3.1336395595524764,0.23928691321212875,1.0,0.6841325792106422,0.1530062034726143,1.0,0.1704588085412979,0.0,0.7390649222038888,0.1157597182570277,0.0,0.1451753585322483,89.32071966653342,130.74680707695532,0.23117352879445086,-1.7430495796622811,89.32072128614155,107.14948022611209,125.54465466299918,158.55550317475016,26.92589569091797,67.04808813287306,161.27579000721806,0.4819283205951493,0.6658269976558349,0.5362563647245101,0.4908566984881703,0.0,0.5951824381069643,0.7018982500484332,0.721619860891806,0.65007160614833,0.8703052288300173,0.9614158513795756,0.9886959070755927,0.37030522883001726,0.1614158513795756,0.038695907075592784,0.0041039170422483605,0.0,0.5824175824175825,0.4175824175824176,0.977106227106227,1.02609296052993,1.0001278727591694,0.9909272073553159,-7.991013050079346,0.00033843371784314513
591,3.984249384972335e-06,3.984249384972335e-06,1.0,8.99931000374459,4.782908710273537,3.278349264247997,3.278349264247997,3.3451664318909518,0.0,0.0,0.3126789403928293,1.697982221036344,0.09441153040608845,1.6834772116429098,0.0854864617859995,0.016985499218257295,0.0,1.013766330641669,0.0,0.0,0.0,2.5354237620894975,113.1977728766364,12.39853286743164,103.60908508300781,230.7664794921875,1.0134310722351074,0.7032355070114136,0.25,4.0,0.5669741630554199,0.46683138608932495,0.13302604223656855,0.0045190939927782035,4.179572961620383,3.4109094722850903,0.1839095755460358,1.0,0.6842186853692338,0.15219209403605075,1.0,0.17215676686248263,0.0,0.736524032579886,0.1159243690403732,0.0,0.14755160220571467,,,,,,,,,,,,,,,,,,,,,,,,,,,,,,,,,,,,
592,3.9697275022396785e-06,3.9697275022396785e-06,1.0,8.935191618429648,4.7262517052727775,3.270739987089827,3.270739987089827,3.341073564580969,0.0,0.0,0.3131536631970792,1.688036322593689,0.09361633940322979,1.691592448466533,0.08676185317941613,0.014539579609157267,0.0,1.01547915387798,0.0,0.0,0.0,2.5118968100161165,114.512403745909,12.35019588470459,106.06610870361328,232.57640075683594,1.0115317106246948,0.7124255895614624,0.25,4.0,0.5667139887809753,0.4730106294155121,0.13671900645584856,0.006174089068825911,4.291039939667727,3.6024295172175846,0.16047634888792586,1.0,0.68388639430742,0.15249543596763868,1.0,0.1707270781736116,0.0,0.7376792672518138,0.11612012781001427,0.0,0.14620059950126185,,,,,,,,,,,,,,,,,,,,,,,,,,,,,,,,,,,,
593,3.955218511836861e-06,3.955218511836861e-06,1.0,8.922890044547415,4.730463491903769,3.251557124627603,3.251557124627603,3.305891391393301,0.0,0.0,0.31284505289954107,1.712464171486932,0.09435422919891975,1.6922640349413898,0.08168868831283338,0.016158975918802457,0.0,1.0159501562247406,0.0,0.0,0.0,2.5665979900875606,114.4739614950644,12.254085540771484,105.65259552001953,233.48666381835938,1.0127979516983032,0.7080585360527039,0.25,4.0,0.5649200677871704,0.46589815616607666,0.13243790349053508,0.004882919356603567,4.158753816340421,3.2526804869239396,0.21787135508150823,1.0,0.6808740689947799,0.15508933304934888,1.0,0.17267749760601972,0.0,0.7344574219471699,0.11787246932854524,0.0,0.14767011093932228,,,,,,,,,,,,,,,,,,,,,,,,,,,,,,,,,,,,
594,3.9407225598692544e-06,3.9407225598692544e-06,1.0,8.912735500851193,4.763472956580085,3.2018270556991166,3.2018270556991166,3.25571718731442,0.0,0.0,0.31323797960539124,1.713248600830903,0.09396753319211908,1.7133684577168644,0.08560897188412177,0.016978691980192386,0.0,1.014900346060057,0.0,0.0,0.0,2.5956112661877193,114.41310387688713,12.040563583374023,105.65259552001953,233.48666381835938,1.0119757652282715,0.7164861559867859,0.25,4.0,0.5641971826553345,0.46476390957832336,0.13666429587482218,0.005624247729510887,5.06664873780431,4.185066128099287,0.17399718340985035,1.0,0.6798664411982974,0.1553469497609783,1.0,0.1730358455632184,0.0,0.7363683806883322,0.11673296766506659,0.0,0.14689865003566485,,,,,,,,,,,,,,,,,,,,,,,,,,,,,,,,,,,,
595,3.926239792310933e-06,3.926239792310933e-06,1.0,8.907641745902396,4.732544383487186,3.2357476079786145,3.2357476079786145,3.2863756643759237,0.0,0.0,0.314526164853895,1.702445532824542,0.09295358166501329,1.6907059630832157,0.08280309350103945,0.015092787458687215,0.0,1.0099106994835105,0.0,0.0,0.0,2.532386064529419,114.30619915111645,12.39853286743164,103.60908508300781,234.40052795410156,1.013708472251892,0.7178985476493835,0.25,4.0,0.5620847344398499,0.4673880338668823,0.14234051865630812,0.005640660903818799,4.00541927806429,3.321289464428618,0.17080104881461824,1.0,0.6765756929242933,0.15725998661002596,1.0,0.17554971897924268,0.0,0.7316116803401226,0.11894342182455836,0.0,0.1494449006544577,87.37438289935773,129.2754535326147,0.22553150983156137,-5.610260973919879,87.37438282567898,105.12221539740602,123.1469925368848,156.0344392769943,27.420613970075333,65.5428097747093,157.72110715119734,0.46000483207217724,0.6669824256637081,0.5399086215878046,0.494153447258439,0.0,0.5964839928240828,0.7013376923372867,0.7340825683937574,0.6479497207387754,0.8711296764501117,0.9620754094756513,0.9890623282400791,0.37112967645011175,0.16207540947565124,0.03906232824007916,0.003902385401780807,0.0,0.5714285714285714,0.42857142857142855,0.9835164835164835,1.0069886034989095,0.9829276099309816,0.9745487171215016,-7.991646766662598,0.0003382193681318313
596,3.911770355003209e-06,3.911770355003209e-06,1.0,8.975453196345148,4.789403245255754,3.241184917656151,3.241184917656151,3.3023491679011165,0.0,0.0,0.31325779331697,1.7107028671213098,0.09378802212508949,1.7092173067299095,0.08428114924479176,0.017903931086530555,0.0,1.0009472740663063,0.0,0.0,0.0,2.5447840175113163,115.06565527013831,12.618402481079102,105.24069213867188,235.31793212890625,1.0106794834136963,0.7158252000808716,0.25,4.0,0.5593613386154175,0.4642108380794525,0.13944906444906444,0.0063053944632892,4.556062981889054,3.559463517085926,0.218741371391208,1.0,0.6730948944349546,0.1569827045943286,1.0,0.17645009506393122,0.0,0.7303055460388596,0.1191295228294424,0.0,0.15056492790982529,,,,,,,,,,,,,,,,,,,,,,,,,,,,,,,,,,,,
597,3.897314393653151e-06,3.897314393653151e-06,1.0,8.906565124924118,4.753383804011989,3.2146291861662992,3.2146291861662992,3.266485562195649,0.0,0.0,0.31245053056124095,1.684643091382207,0.09343844833406242,1.7014013947667301,0.08647709420403919,0.015604984342447809,0.0,1.003893265853057,0.0,0.0,0.0,2.5046289224882385,116.96779385128536,12.471393585205078,108.15806579589844,238.091796875,1.010631799697876,0.7152719497680664,0.25,4.0,0.5635098218917847,0.4683628976345062,0.1363715942663311,0.00639840245103403,5.740810086598268,4.749111358378385,0.17274543370368078,1.0,0.6793537429861121,0.15372134765257706,1.0,0.17323152801475009,0.0,0.7350249693200395,0.11663344119851654,0.0,0.1483415999525302,,,,,,,,,,,,,,,,,,,,,,,,,,,,,,,,,,,,
598,3.882872053832133e-06,3.882872053832133e-06,1.0,8.890112180967588,4.735066156129579,3.209416589221439,3.209416589221439,3.258702426343351,0.0,0.0,0.3125957999680493,1.7157874526204289,0.09298376940392158,1.7123640679024361,0.08472255144167591,0.01778731755345959,0.0,0.9874735651789485,0.0,0.0,0.0,2.5982381814234965,114.69425242655986,12.569208145141602,104.01460266113281,235.31793212890625,1.0122586488723755,0.7110170125961304,0.25,4.0,0.5608465671539307,0.4643455147743225,0.1350421271473903,0.005884122989386147,5.0978094935417175,3.9574309208908596,0.22369972320377488,1.0,0.6748796008728646,0.15759153462745049,1.0,0.17608270250462196,0.0,0.7292149952940039,0.11996631968665768,0.0,0.15081868260293393,,,,,,,,,,,,,,,,,,,,,,,,,,,,,,,,,,,,
599,3.868443480974354e-06,3.868443480974354e-06,1.0,8.851348928503088,4.688138265867491,3.225244193463712,3.225244193463712,3.278853970604974,0.0,0.0,0.3129673455212567,1.6967417936067324,0.09458491508219694,1.689712853045077,0.08425503918850744,0.01614164683741291,0.0,1.0036977674510028,0.0,0.0,0.0,2.5086499452590942,116.49627417487068,12.742232322692871,106.48123168945312,237.16354370117188,1.0128897428512573,0.71458500623703,0.25,4.0,0.5634271502494812,0.46571117639541626,0.13743845059634532,0.005550388445125287,3.6746358364015013,2.7152494941208816,0.2610833794132177,1.0,0.6787637746011889,0.15539138260725383,1.0,0.17504966500643138,0.0,0.7332840304116945,0.11738568181927139,0.0,0.14933029501824766,,,,,,,,,,,,,,,,,,,,,,,,,,,,,,,,,,,,
600,3.854028820375385e-06,3.854028820375385e-06,1.0,9.100299732105151,4.909924803553401,3.249935601208661,3.249935601208661,3.2991012044855066,0.0,0.0,0.31238782566946904,1.725493927259703,0.09535635866828866,1.6809659423054875,0.08242055511957891,0.013748555840622331,0.0,1.0029034936750256,0.0,0.0,0.0,2.4837025275101534,117.01244230528135,13.172416687011719,107.73640441894531,238.091796875,1.0121488571166992,0.7006166577339172,0.25,4.0,0.5605625510215759,0.4541357457637787,0.13081299923405187,0.00509902615165773,3.0529051704986676,2.4323314750516736,0.20327316467076123,1.0,0.6747933658393653,0.15623482135502068,1.0,0.1768474639267535,0.0,0.729687470036584,0.11878805768650931,0.0,0.1515244666386295,90.03887448992047,131.40362857806699,0.2329297020851345,2.111359355213878,90.03887437593318,108.12715681731888,126.28792131593458,160.3572756584348,26.788148062569753,68.16352016241976,161.01008738642153,0.4822885630893446,0.6712730011420291,0.5393618541621837,0.4967792643590749,0.0,0.601415901447466,0.7068346279727828,0.7328908661146202,0.6515616991737009,0.8696456707339416,0.9610677512733136,0.9882562016782089,0.3696456707339416,0.16106775127331352,0.03825620167820898,0.004506980323183467,0.0,0.5879120879120879,0.41208791208791207,0.9688644688644688,1.0394925058379278,1.0127709184537876,1.0031753902088154,-7.991706848144531,0.0003381990536581725
601,3.8396282171906966e-06,3.8396282171906966e-06,1.0,8.908299600755846,4.725482309186781,3.243812644803846,3.243812644803846,3.3003429142204492,0.0,0.0,0.3119058915086695,1.713378645278312,0.09603407334636997,1.6841127518061045,0.08435573690646403,0.016276460505921294,0.0,0.986614423829156,0.0,0.0,0.0,2.5779211488929956,115.60451342608478,12.817113876342773,104.83039093017578,236.2389373779297,1.0124567747116089,0.7013142108917236,0.25,4.0,0.5601645708084106,0.45639392733573914,0.12923186344238977,0.004937629937629938,4.541449094140852,3.624767762583655,0.20184776104610583,1.0,0.6742779966947194,0.15596907887909864,1.0,0.17814389475294062,0.0,0.727698574195037,0.11941099307827048,0.0,0.152890444405981,,,,,,,,,,,,,,,,,,,,,,,,,,,,,,,,,,,,
602,3.8252418164341996e-06,3.8252418164341996e-06,1.0,8.919450940312567,4.750912601883347,3.232791597778733,3.232791597778733,3.284630350164465,0.0,0.0,0.3116124844228899,1.692059487909884,0.09405246840135471,1.6913352657008816,0.0827702685586504,0.01455440606947082,0.0,1.0057603636303463,0.0,0.0,0.0,2.500140019365259,118.15472886369035,12.917638778686523,108.15806579589844,241.84120178222656,1.0132561922073364,0.7090879678726196,0.25,4.0,0.5629857182502747,0.45975932478904724,0.13416675785096838,0.004557391399496662,3.6288530786295197,3.097005125638601,0.14656089443879536,1.0,0.6785612799025871,0.15353050163468798,1.0,0.17644207823920893,0.0,0.7337192651387807,0.11601947006341573,0.0,0.15026126600600578,,,,,,,,,,,,,,,,,,,,,,,,,,,,,,,,,,,,
603,3.810869762976796e-06,3.810869762976796e-06,1.0,8.923851502908242,4.747255931029448,3.233895372700047,3.233895372700047,3.2878985469405717,0.0,0.0,0.3131223167922046,1.7133348181441024,0.09380378433175988,1.7032612239992297,0.0823929754866136,0.01643970506139905,0.0,0.995545599911664,0.0,0.0,0.0,2.5910021968790002,116.16430086702914,12.544681549072266,104.01460266113281,239.95916748046875,1.0120902061462402,0.7134876847267151,0.25,4.0,0.5568065047264099,0.4586136043071747,0.13712660028449503,0.006075610022978444,4.273640766337111,3.331240186820159,0.22051469251700187,1.0,0.6695116903330829,0.15747830533498042,1.0,0.1800563520676381,0.0,0.7265709461392583,0.11946781805238209,0.0,0.15396123983570048,,,,,,,,,,,,,,,,,,,,,,,,,,,,,,,,,,,,
604,3.7965122015449023e-06,3.7965122015449023e-06,1.0,8.936400645488018,4.753774462519465,3.238667649191779,3.238667649191779,3.2926467495995597,0.0,0.0,0.31297314972490875,1.714822791718148,0.09331241250038147,1.7024097700376768,0.0859472562332411,0.017172557295526605,0.0,0.9828936103227977,0.0,0.0,0.0,2.5816736221313477,116.09830784153294,12.569208145141602,104.42169952392578,239.95916748046875,1.0116585493087769,0.712314784526825,0.25,4.0,0.5567759871482849,0.4612480401992798,0.1364263048473575,0.006023634971003392,4.714691342534246,3.4509201114242143,0.26804962176606195,1.0,0.6694441244408891,0.15752514874612963,1.0,0.18039700388908386,0.0,0.7257830565040176,0.11993744848547755,0.0,0.15427949017769582,,,,,,,,,,,,,,,,,,,,,,,,,,,,,,,,,,,,
605,3.782169276719e-06,3.782169276719e-06,1.0,8.983616803143475,4.8251542916169035,3.2158545545629553,3.2158545545629553,3.260258339546822,0.0,0.0,0.3131706336060086,1.7086958498568148,0.09445047741000717,1.7069613289188694,0.08187572909770785,0.015343016667945965,0.0,1.0041329876796619,0.0,0.0,0.0,2.5512239417514286,117.96712638236382,12.49577522277832,106.89798736572266,243.7379608154297,1.0131869316101074,0.7215945720672607,0.25,4.0,0.5611710548400879,0.46843215823173523,0.1412271583324215,0.006037312616259984,4.29116218959963,3.4827637213307456,0.1883868361415416,1.0,0.6759459231350873,0.1546167972925547,1.0,0.17701117452737447,0.0,0.7319507582767589,0.11694344777513195,0.0,0.15110579173307162,98.95951040498502,138.84266522345163,0.2594983271689835,34.46665239858103,98.95950965407187,115.97998264727187,133.65387557004286,167.55983090986166,24.676857539585658,78.36747593842736,168.01061945376188,0.508067542910882,0.6740136359397243,0.5385753690607703,0.4969002726439393,0.0,0.5999627210304932,0.7176905232253301,0.7572874255795067,0.6564678218086882,0.8652119746436554,0.9609211828075189,0.9892088967058738,0.3652119746436554,0.16092118280751888,0.0392088967058738,0.0041039170422483605,0.0,0.6538461538461539,0.34615384615384615,0.978937728937729,1.0890910383927954,1.0565989391653092,1.0438644091015334,-7.991461277008057,0.000338282115990296
606,3.7678411329321867e-06,3.7678411329321867e-06,1.0,8.941224948779956,4.793397439492716,3.2036405060742355,3.2036405060742355,3.2434158711820036,0.0,0.0,0.3130946747354559,1.7220298631771191,0.09381276590598596,1.701565291430499,0.08278841172923913,0.014894252542305636,0.0,0.9982219306198327,0.0,0.0,0.0,2.581262594944722,117.53063779263883,12.667789459228516,105.65259552001953,242.78773498535156,1.0129659175872803,0.7131596803665161,0.25,4.0,0.5599294900894165,0.46150511503219604,0.1357506291716818,0.0054737936316883685,4.287692079672942,3.276651101337897,0.2358007430450009,1.0,0.6737339464393822,0.15715924227559888,1.0,0.17742294516112353,0.0,0.7293447127213349,0.1191467443430746,0.0,0.15150853528364286,,,,,,,,,,,,,,,,,,,,,,,,,,,,,,,,,,,,
607,3.7535279144687103e-06,3.7535279144687103e-06,1.0,9.00437205546611,4.844184939925735,3.2165963456437394,3.2165963456437394,3.265896210799346,0.0,0.0,0.31235212409818497,1.7143315753421269,0.09411658165422646,1.7056022366961918,0.08289671789955448,0.015275240384948414,0.0,1.0055327592669308,0.0,0.0,0.0,2.5284697107366614,119.11128255483267,12.867278099060059,108.15806579589844,244.6919403076172,1.0125963687896729,0.7151875495910645,0.25,4.0,0.5631914734840393,0.465020090341568,0.1354415143888828,0.005747346536820221,3.845916841481183,2.888789677942121,0.2488683980931949,1.0,0.6784396332663458,0.15569482401416107,1.0,0.17407805331655452,0.0,0.7343594673517588,0.11734524771973893,0.0,0.1482952869421727,,,,,,,,,,,,,,,,,,,,,,,,,,,,,,,,,,,,
608,3.7392297654625194e-06,3.7392297654625194e-06,1.0,8.93328468219654,4.780833038123879,3.2055611223787874,3.2055611223787874,3.248995420095083,0.0,0.0,0.31204204623763626,1.7189108777690578,0.09426431821004765,1.7062657717111949,0.0853196014020894,0.01748860359972192,0.0,1.0224964554245408,0.0,0.0,0.0,2.5243324653522388,119.90801507073479,12.69255542755127,109.86131286621094,245.64962768554688,1.0114820003509521,0.7200024724006653,0.25,4.0,0.5648936033248901,0.46819382905960083,0.13563573695152642,0.00649141043877886,4.147980954196002,3.0531759970896952,0.2639368331715282,1.0,0.6811162732742928,0.15392530790051898,1.0,0.17260609808805827,0.0,0.7377127457309414,0.11564252646388234,0.0,0.1466447167299889,,,,,,,,,,,,,,,,,,,,,,,,,,,,,,,,,,,,
609,3.7249468298958187e-06,3.7249468298958187e-06,1.0,8.98067907384924,4.826267835256216,3.214194355784236,3.214194355784236,3.2670411290349186,0.0,0.0,0.31258466517603073,1.7007045133693799,0.09212684732031177,1.6988571592279382,0.08388333707242399,0.012865135754534119,0.0,1.0185671770894849,0.0,0.0,0.0,2.505914456135518,119.6963123630833,12.49577522277832,108.58139038085938,246.611083984375,1.012579083442688,0.7219434976577759,0.25,4.0,0.5664458870887756,0.47523999214172363,0.13911259437575227,0.005988073093336251,3.0432060296471053,2.4822667224987134,0.18432511689438236,1.0,0.683217283841726,0.15375077422406222,1.0,0.1713261841922193,0.0,0.7381344373161728,0.11604352980046659,0.0,0.14582203791753665,,,,,,,,,,,,,,,,,,,,,,,,,,,,,,,,,,,,
610,3.71067925159761e-06,3.71067925159761e-06,1.0,8.932342065347207,4.753644479287638,3.2357464932106637,3.2357464932106637,3.295547491795308,0.0,0.0,0.3123695383200774,1.7082607230624638,0.09231301316538372,1.700558607642715,0.08491111204430864,0.017882951252112114,0.0,1.0126653055886965,0.0,0.0,0.0,2.6391341815123686,118.41895933408995,12.087688446044922,106.06610870361328,246.611083984375,1.0132118463516235,0.7232994437217712,0.25,4.0,0.5656947493553162,0.47547227144241333,0.1388198927672612,0.0061768245978772295,3.750046179906742,2.7955925923746987,0.2545178223793978,1.0,0.6821221387064135,0.15421599592711474,1.0,0.17173499996597702,0.0,0.7363426330927256,0.11697388359823742,0.0,0.1466834829063029,97.7331197969206,136.69750364744414,0.25386515493230405,27.88854003738571,97.73312226587642,114.25001135138714,131.23697509805552,163.58017047693954,24.20949445452009,76.71909497874651,167.85213238260022,0.44232638710342875,0.6736544287343912,0.5421987406305405,0.5037045745293229,0.0,0.6009447294362761,0.7189389501021533,0.7553160310688246,0.6556053769881546,0.8673005752812283,0.9614341724378,0.9893737862298927,0.3673005752812283,0.1614341724378,0.03937378622989274,0.004745154080099666,0.0,0.6758241758241759,0.3241758241758242,0.9807692307692307,1.0598575815885931,1.0298774779497921,1.0180596665039168,-7.991589546203613,0.00033823869307525456
611,3.6964271742422476e-06,3.6964271742422476e-06,1.0,8.960943350920806,4.760790309390506,3.2654073818309888,3.2654073818309888,3.347478537946134,0.0,0.0,0.31266610847937093,1.6988887690209054,0.09323228231152973,1.6814014847214158,0.08083424364795556,0.015236487461102975,0.0,1.006571044793,0.0,0.0,0.0,2.466330876221528,120.8677875415699,12.993551254272461,109.4330062866211,248.54525756835938,1.013093113899231,0.7173964381217957,0.25,4.0,0.5622797608375549,0.4667690694332123,0.13588467009519642,0.00528504212714739,5.044234705132407,4.189775560353254,0.1693932171533887,1.0,0.6771501592687659,0.15587446556703463,1.0,0.1755579585159147,0.0,0.7324939515139606,0.11776843264296248,0.0,0.149737620675886,,,,,,,,,,,,,,,,,,,,,,,,,,,,,,,,,,,,
612,3.6821907413479923e-06,3.6821907413479923e-06,1.0,9.002127673174884,4.808156374338511,3.258596613600447,3.258596613600447,3.3166717838596655,0.0,0.0,0.3116898327260404,1.7018537231393762,0.0948424989709983,1.6789791165171444,0.08262665479167088,0.014205457982481332,0.0,1.0086935871356242,0.0,0.0,0.0,2.455683820956462,121.62596913930533,13.044405937194824,110.29129791259766,249.51803588867188,1.01366126537323,0.7141973376274109,0.25,4.0,0.5622444152832031,0.46321162581443787,0.1392794616478827,0.0052440091913776125,3.3630498857111544,2.645884423642545,0.21324853524049245,1.0,0.6770144169395035,0.15618673530784813,1.0,0.1759027935363151,0.0,0.7321112751960754,0.11808055075439247,0.0,0.14980817324406392,,,,,,,,,,,,,,,,,,,,,,,,,,,,,,,,,,,,
613,3.6679700962755667e-06,3.6679700962755667e-06,1.0,8.911880828238822,4.7297878909755395,3.2430586557130554,3.2430586557130554,3.3094403357119173,0.0,0.0,0.31180877057281703,1.7051145965988572,0.0927071120287921,1.700713840690819,0.08108458808950476,0.014580721450919236,0.0,0.9992783295141684,0.0,0.0,0.0,2.5143936743607394,121.79817447146854,12.817113876342773,109.4330062866211,251.47503662109375,1.0133917331695557,0.7159337401390076,0.25,4.0,0.5616030693054199,0.4640226364135742,0.13974997264470948,0.005668016194331984,3.9047582246161796,3.090475050178734,0.2085361314572776,1.0,0.6759695056322459,0.15707712237899368,1.0,0.17613790687677022,0.0,0.73164629614031,0.11869745721688142,0.0,0.14965624160863258,,,,,,,,,,,,,,,,,,,,,,,,,,,,,,,,,,,,
614,3.653765382226706e-06,3.653765382226706e-06,1.0,8.893979252995672,4.710112455728892,3.2520471005826384,3.2520471005826384,3.319494524517575,0.0,0.0,0.3109397324355873,1.684549312333803,0.09358384923355,1.6778513837505031,0.08551231973074577,0.015361420696953664,0.0,0.9890198884783564,0.0,0.0,0.0,2.4859450185621106,121.80531909014728,13.018954277038574,111.15632629394531,249.51803588867188,1.011657476425171,0.7056938409805298,0.25,4.0,0.5604695081710815,0.4597024917602539,0.13139019586388007,0.005555859503227924,5.597190740946177,4.550740258919226,0.18695994659814894,1.0,0.674691612656052,0.15633009797012484,1.0,0.176061366860931,0.0,0.729579200615754,0.11929763229312124,0.0,0.1511231630637839,,,,,,,,,,,,,,,,,,,,,,,,,,,,,,,,,,,,
615,3.6395767422427266e-06,3.6395767422427266e-06,1.0,8.904099851041227,4.737365026731749,3.222568718162743,3.222568718162743,3.2786115955662085,0.0,0.0,0.31325340270996094,1.714659052926141,0.09293369082985697,1.7063635781004622,0.08352965911900675,0.015374013166119522,0.0,0.9994089410111711,0.0,0.0,0.0,2.5428934161727494,120.63421878299198,12.817113876342773,108.58139038085938,249.51803588867188,1.0128906965255737,0.7181857824325562,0.25,4.0,0.5607194304466248,0.4661169946193695,0.13984571616150562,0.005580479264689791,3.5841009471867538,2.727031040030557,0.23913107353433544,1.0,0.674693408850077,0.15762431013423042,1.0,0.1763836205811114,0.0,0.7306043328465642,0.11923387566128292,0.0,0.15016178927711538,91.43861171177456,132.93830077409038,0.23470166628068678,12.525074382404705,91.43861426718014,108.98573737422615,127.27872137514144,161.44022219027954,26.75595201764788,68.89328044329503,164.5065758746603,0.45934135041704566,0.6623095360345823,0.5333248327782738,0.48296559119376725,0.0,0.5853290079100828,0.7004980055731331,0.7305251317006882,0.6525420230073159,0.8711663185665603,0.9627166465135026,0.9894104283463413,0.37116631856656035,0.1627166465135026,0.03941042834634134,0.0035726063537429922,0.0,0.6098901098901099,0.3901098901098901,0.9826007326007326,1.0440712897004663,1.0144514979405717,1.003405820946772,-7.991967678070068,0.0003381108690518886
616,3.625404319203074e-06,3.625404319203074e-06,1.0,8.927434483089963,4.711778370109764,3.283821782550296,3.283821782550296,3.3548015001657845,0.0,0.0,0.313739038802482,1.6720810870866518,0.09315059756910479,1.6839859550063674,0.08442106832926338,0.015596450432329564,0.0,0.9977279740410883,0.0,0.0,0.0,2.4465491803916724,122.85927870466902,13.27573013305664,112.02813720703125,251.47503662109375,1.0114166736602783,0.7057517766952515,0.25,4.0,0.5624168515205383,0.46316608786582947,0.13494638363059416,0.005512091038406828,3.3986265699605682,2.47799645807292,0.27088298550503287,1.0,0.6776779245685887,0.15449806322922577,1.0,0.1749830950756331,0.0,0.7328019303244513,0.11759301134057946,0.0,0.14960505269669197,,,,,,,,,,,,,,,,,,,,,,,,,,,,,,,,,,,,
617,3.6112482558238904e-06,3.6112482558238904e-06,1.0,8.90014192220327,4.717990965456576,3.2451477437405973,3.2451477437405973,3.2973279308628394,0.0,0.0,0.3126165085547679,1.6978974406783645,0.09159370713137291,1.691051782788457,0.08249602909829165,0.01540381447537928,0.0,1.0037400722503662,0.0,0.0,0.0,2.5450426179009513,119.88722785743508,12.817113876342773,107.3163833618164,247.5762939453125,1.0127304792404175,0.7152001261711121,0.25,4.0,0.5632708072662354,0.4711998403072357,0.14002079002079001,0.00589780063464274,3.551685965544469,2.5568147370138683,0.2801123855492917,1.0,0.6784739268792642,0.15582657101992015,1.0,0.1747980959512092,0.0,0.7324144840240479,0.1184755932237651,0.0,0.14910991812074506,,,,,,,,,,,,,,,,,,,,,,,,,,,,,,,,,,,,
618,3.5971086946565766e-06,3.5971086946565766e-06,1.0,8.919414855338431,4.72030005583892,3.259555752212937,3.259555752212937,3.329072539870803,0.0,0.0,0.31309360749012716,1.6960842544968064,0.09299948730984249,1.6930037318049251,0.0852242765595784,0.01666005759978214,0.0,1.0156773280453038,0.0,0.0,0.0,2.5497443224932694,121.93951106715846,12.842171669006348,110.29129791259766,252.45928955078125,1.0134766101837158,0.7137157320976257,0.25,4.0,0.5680186748504639,0.47121086716651917,0.13857643068169384,0.005635189845716162,4.023364125876813,3.199050977423384,0.20488156743053573,1.0,0.6856120293204849,0.15228672184654185,1.0,0.17072474030224052,0.0,0.7391681413392763,0.11512339256099753,0.0,0.14570847113390226,,,,,,,,,,,,,,,,,,,,,,,,,,,,,,,,,,,,
619,3.582985778086357e-06,3.582985778086357e-06,1.0,8.851679776165936,4.695765649950182,3.218624746477282,3.218624746477282,3.2649531686628186,0.0,0.0,0.3121636638770232,1.6979247847118892,0.0923159374175845,1.6906847728265297,0.08467680004400176,0.014087555168599292,0.0,0.9960451383848448,0.0,0.0,0.0,2.534489518887288,120.20653204015784,12.842171669006348,108.58139038085938,248.54525756835938,1.013413906097412,0.7258998155593872,0.25,4.0,0.5604739189147949,0.47116002440452576,0.1442553889922311,0.005922420396104607,3.544765092231132,2.902443105304563,0.18120297684444897,1.0,0.6741578208433615,0.15844127878143982,1.0,0.17694687198948217,0.0,0.7302705500576947,0.11925766999657089,0.0,0.15047178256350593,,,,,,,,,,,,,,,,,,,,,,,,,,,,,,,,,,,,
620,3.568879648330845e-06,3.568879648330845e-06,1.0,8.928648226969951,4.73252213967813,3.2592353176426245,3.2592353176426245,3.3229783547891154,0.0,0.0,0.31370961424466726,1.7007283874460168,0.0935389192120449,1.691425929198394,0.08040975819568376,0.015078965801040869,0.0,0.9956897094443038,0.0,0.0,0.0,2.5110067096916406,121.14645035202439,13.018954277038574,108.58139038085938,251.47503662109375,1.0127207040786743,0.7191593647003174,0.25,4.0,0.5593990087509155,0.4661881625652313,0.1419219827114564,0.0054519093992778205,3.212228756498646,2.3564771156053284,0.26640432726406865,1.0,0.672746353858226,0.15855793816012306,1.0,0.17700070384386424,0.0,0.7292800722895442,0.11984872032661696,0.0,0.15087121161254677,81.40779859941084,129.60303000044485,0.2044772939339922,-16.99402559720553,81.40779819763299,100.56711763601665,120.30271642928645,153.33944898775803,25.63645281110491,58.12039432969204,155.20072406271228,0.403309624400777,0.6462071763607551,0.5291732264752752,0.472039118582006,0.0,0.5700237133726566,0.6733946762531208,0.6934935460191276,0.6477128820407171,0.8750870250265655,0.9636326994247187,0.9892638598805467,0.37508702502656555,0.1636326994247187,0.0392638598805467,0.003151222014583562,0.0,0.5714285714285714,0.42857142857142855,0.9844322344322344,0.9863852151147612,0.962934916982284,0.9549893785145257,-7.991620063781738,0.0003382283612154424
621,3.554790447438609e-06,3.554790447438609e-06,1.0,8.99206390896359,4.800289605114911,3.251122165370632,3.251122165370632,3.313197019937876,0.0,0.0,0.3125713008481103,1.6980485368419338,0.09345815995255032,1.699496272447947,0.08641081907459207,0.019915431951852264,0.0,0.9863828678388853,0.0,0.0,0.0,2.594226746945768,122.50745433085673,12.742232322692871,109.4330062866211,255.43521118164062,1.0132122039794922,0.7199774980545044,0.25,4.0,0.5612857937812805,0.4677600562572479,0.14269887296203085,0.005747346536820221,4.071936143411173,3.0675371740315414,0.24666373292834076,1.0,0.6754678181699805,0.15755478755847827,1.0,0.17578761360129794,0.0,0.7315079086535686,0.11886588322955209,0.0,0.14962620388817144,,,,,,,,,,,,,,,,,,,,,,,,,,,,,,,,,,,,
622,3.5407183172877486e-06,3.5407183172877486e-06,1.0,8.85101014214593,4.693711139060356,3.217322220673432,3.217322220673432,3.261367179252006,0.0,0.0,0.3125951233747843,1.708991266585685,0.0928658585290651,1.6942023554363765,0.08353936732620806,0.016020012320950627,0.0,0.9916259147025444,0.0,0.0,0.0,2.580834704476434,121.21795695536845,12.993551254272461,107.3163833618164,252.45928955078125,1.0136289596557617,0.7205888628959656,0.25,4.0,0.5574970841407776,0.4646146297454834,0.14266331108436373,0.006056461319619215,4.681952914676151,3.6237713404603906,0.2260128611927645,1.0,0.6697473348797979,0.1603990450904176,1.0,0.17942503094673157,0.0,0.7260004410872588,0.12125915349335284,0.0,0.15274040018384522,,,,,,,,,,,,,,,,,,,,,,,,,,,,,,,,,,,,
623,3.5266633995844556e-06,3.5266633995844556e-06,1.0,8.919933757266483,4.716373301841117,3.2628724188418,3.2628724188418,3.334648460955233,0.0,0.0,0.3131939825173971,1.7105804810652863,0.09305775165557861,1.687943468222747,0.08478717677093842,0.015851763832206663,0.0,1.0061859859002602,0.0,0.0,0.0,2.5804598556982503,123.46337313265414,12.942893028259277,109.86131286621094,256.4349670410156,1.0130423307418823,0.71409672498703,0.25,4.0,0.5623559355735779,0.4668199121952057,0.13639347849874164,0.00582394135025714,3.7180414908641093,2.885619757948695,0.22388715536414072,1.0,0.6771052882478044,0.15650087474165736,1.0,0.17548425334530907,0.0,0.7317937789736567,0.1187142383407902,0.0,0.14949198389375531,,,,,,,,,,,,,,,,,,,,,,,,,,,,,,,,,,,,
624,3.5126258358615963e-06,3.5126258358615963e-06,1.0,8.960709210988638,4.7997598132571655,3.222651919803104,3.222651919803104,3.2704311770361825,0.0,0.0,0.3120908535815574,1.7095085865742452,0.09285695105791092,1.6931012804443772,0.08008766003154419,0.013097681281333035,0.0,1.008717048812557,0.0,0.0,0.0,2.520549712954341,123.45329387767895,13.018954277038574,110.29129791259766,256.4349670410156,1.0123566389083862,0.7175989747047424,0.25,4.0,0.5614669919013977,0.46743643283843994,0.13769285479811796,0.006546121019805231,3.4142301559850976,2.6765897823749363,0.2160488133224083,1.0,0.6757672106897509,0.1575726997610685,1.0,0.17439883101630854,0.0,0.7320628552823454,0.1192940358777304,0.0,0.1486431080344561,,,,,,,,,,,,,,,,,,,,,,,,,,,,,,,,,,,,
625,3.498605767477282e-06,3.498605767477282e-06,1.0,8.906222163019953,4.716621295825855,3.2613127360472807,3.2613127360472807,3.32111407615043,0.0,0.0,0.31276298777477163,1.6656663997753247,0.09315472378118618,1.6715816323821608,0.08487436578080461,0.016250593688439677,0.0,1.0053352278632086,0.0,0.0,0.0,2.4900985054067664,125.59962380898965,12.968196868896484,112.90678405761719,259.45770263671875,1.0118032693862915,0.7162076234817505,0.25,4.0,0.5636943578720093,0.4672209322452545,0.1342433526644053,0.0059552467447204285,4.132732835170385,3.3077879459471315,0.19961244099855843,1.0,0.6792729448627781,0.15530594901458636,1.0,0.1721938743784621,0.0,0.7346055153253916,0.11795616894960403,0.0,0.1474383165304725,85.80605064643608,127.34684772895223,0.21921206734684373,-3.40267332307585,85.80605219046438,104.06496569239523,122.81196030547163,156.2424023621542,23.837508065359934,64.10980041267337,156.07987843389097,0.4527872903656667,0.6669054265979566,0.5384489667135364,0.49347144100500323,0.0,0.5950046234771041,0.6998844774221896,0.7281762966680511,0.6459422652795735,0.8724671137004874,0.9625334359312594,0.9893005019969954,0.37246711370048735,0.16253343593125935,0.03930050199699542,0.00428712762449159,0.0,0.5824175824175825,0.4175824175824176,0.9862637362637363,1.0083638800533263,0.9838287986733101,0.9750921736051749,-7.992043972015381,0.0003380850830581039
626,3.484603335613445e-06,3.484603335613445e-06,1.0,8.850866704373747,4.685733382766311,3.228694464709308,3.228694464709308,3.2695395237690694,0.0,0.0,0.3127775143932652,1.7068945556073576,0.09248204327918388,1.677886556934666,0.0843996603948039,0.01517968116378462,0.0,0.9873734197101077,0.0,0.0,0.0,2.5417103735176294,124.91561477248733,13.327689170837402,111.59137725830078,259.45770263671875,1.012943983078003,0.7018219828605652,0.25,4.0,0.5584231019020081,0.4553297758102417,0.1327661669766933,0.005071670861144546,2.9683342890159503,2.4210863878598086,0.1843619511391229,1.0,0.6711026945629636,0.16007042817167333,1.0,0.17769253858037898,0.0,0.7258014211783538,0.12198534466930337,0.0,0.15221322952090083,,,,,,,,,,,,,,,,,,,,,,,,,,,,,,,,,,,,
627,3.4706186812744177e-06,3.4706186812744177e-06,1.0,8.876689098976755,4.705134378897177,3.239661790229179,3.239661790229179,3.2986746092100403,0.0,0.0,0.31156643097465103,1.6913013844876676,0.0923387460611962,1.672033947867316,0.08362703156229612,0.01491341257241328,0.0,1.0031630702920862,0.0,0.0,0.0,2.496109034564044,126.70828205830342,13.301684379577637,114.23768615722656,261.49267578125,1.0120216608047485,0.7043702006340027,0.25,4.0,0.564143717288971,0.46521830558776855,0.13158441842652369,0.005298719772403983,3.0278178413172028,2.4163505555810154,0.20194982584228993,1.0,0.6796721187797753,0.15599482144052917,1.0,0.17252822945246826,0.0,0.733544143470558,0.11889110022299998,0.0,0.14756475308456937,,,,,,,,,,,,,,,,,,,,,,,,,,,,,,,,,,,,
628,3.456651945285516e-06,3.456651945285516e-06,1.0,8.910219579129606,4.779554985664986,3.18843014820202,3.18843014820202,3.232342939119081,0.0,0.0,0.312428159488214,1.7085030948793567,0.09260309608401479,1.6996082228583258,0.08518243158185804,0.015869392528878274,0.0,1.0033265948295593,0.0,0.0,0.0,2.558142014451929,126.1102946513408,13.044405937194824,112.02813720703125,262.51611328125,1.0132381916046143,0.7219583988189697,0.25,4.0,0.5633615851402283,0.47071537375450134,0.14099463836305942,0.006226064120800963,4.343943792420465,3.59951188274332,0.17137236236253048,1.0,0.6783271673563365,0.15731097113441778,1.0,0.17314838839543834,0.0,0.7335988122063715,0.11875484863648543,0.0,0.14764633774757385,,,,,,,,,,,,,,,,,,,,,,,,,,,,,,,,,,,,
629,3.4427032682916157e-06,3.4427032682916157e-06,1.0,8.861742328953099,4.714651545962772,3.2145592457539327,3.2145592457539327,3.265646419009647,0.0,0.0,0.3112709055075774,1.690419129423193,0.09155754221452249,1.6865831549103196,0.08019308755929405,0.01538817841257598,0.0,0.998701358163679,0.0,0.0,0.0,2.5431366160109237,125.98761254387932,13.22397232055664,110.29129791259766,264.5750732421875,1.01253342628479,0.7211131453514099,0.25,4.0,0.5611177682876587,0.47196170687675476,0.14272349272349272,0.006603567129882919,3.758203098902831,2.8584604593547613,0.23940766793863283,1.0,0.6750046707488395,0.15915444654387398,1.0,0.1732899840619113,0.0,0.7305784467104319,0.1209745088944564,0.0,0.14844704197870717,,,,,,,,,,,,,,,,,,,,,,,,,,,,,,,,,,,,
630,3.4287727907557383e-06,3.4287727907557383e-06,1.0,8.946828842163086,4.7545638599911255,3.258841153737661,3.258841153737661,3.3252881088772335,0.0,0.0,0.3128123146456641,1.6815223597191475,0.09129916856417784,1.689210621086327,0.08319923644130295,0.01440583258816922,0.0,0.9996160816501927,0.0,0.0,0.0,2.49801910567928,127.75803663923934,13.27573013305664,112.90678405761719,266.650146484375,1.0134609937667847,0.7219457626342773,0.25,4.0,0.5640732049942017,0.47554707527160645,0.144151438888281,0.006401137980085348,3.6774638117970646,3.015007074620273,0.18013956658164076,1.0,0.6792390153214738,0.15744886889651016,1.0,0.17256607840190064,0.0,0.7331893202420827,0.11948496747661282,0.0,0.147325710267634,84.07084148532742,128.33426367278676,0.2179869823665542,-12.232330448024875,84.07083796478189,102.3557356485927,121.85498587710194,154.10342344584745,29.29059055873326,62.75125151641609,152.19451240871263,0.3987273422848763,0.6440698110136147,0.5251991857698552,0.4686932956759559,0.0,0.5662292853849864,0.6766807169521234,0.7052434686878307,0.6498047120717372,0.87239382946759,0.9629548202704188,0.9894287494045656,0.37239382946759003,0.16295482027041874,0.039428749404565644,0.0028580850829943937,1.8321058224323037e-05,0.5384615384615384,0.46153846153846156,0.9835164835164835,0.9941507482102939,0.9710644541697188,0.9631167577354462,-7.9920125007629395,0.0003380957059562206
631,3.414860652957638e-06,3.414860652957638e-06,1.0,8.930108637423128,4.773772175247605,3.2184253576639534,3.2184253576639534,3.2747468561739534,0.0,0.0,0.31246651266072245,1.6864214652293437,0.09187259847247922,1.701410570660153,0.08483322407748248,0.014932629872566543,0.0,1.0053549360584568,0.0,0.0,0.0,2.5172810651160575,127.57389419143264,12.993551254272461,113.34868621826172,266.650146484375,1.0136667490005493,0.7337737679481506,0.25,4.0,0.5644107460975647,0.4792516529560089,0.14850640113798008,0.006860706860706861,3.930904315935599,3.1096385846266874,0.2089253935740843,1.0,0.6796241563719672,0.15782452495516958,1.0,0.1717956094322978,0.0,0.7351196811005876,0.11879254535243318,0.0,0.14608777495654854,,,,,,,,,,,,,,,,,,,,,,,,,,,,,,,,,,,,
632,3.4009669949923906e-06,3.4009669949923906e-06,1.0,8.910087301924422,4.717862386961241,3.2613232586834884,3.2613232586834884,3.3258364909404032,0.0,0.0,0.3124737312664857,1.680392194438625,0.09248198266770388,1.677142555649216,0.0832907553460147,0.01574110916211597,0.0,0.9980639750893051,0.0,0.0,0.0,2.5145018294050887,128.50364850018477,13.458480834960938,114.23768615722656,266.650146484375,1.0129629373550415,0.7148804664611816,0.25,4.0,0.5641602873802185,0.46797975897789,0.14008097165991903,0.00539719881825145,3.7739299922376066,2.893451209003861,0.23330554224502173,1.0,0.6794143061380129,0.15710828191525228,1.0,0.17288430921129277,0.0,0.7333379323418076,0.11915314177403578,0.0,0.1475089262868907,,,,,,,,,,,,,,,,,,,,,,,,,,,,,,,,,,,,
633,3.3870919567689735e-06,3.3870919567689735e-06,1.0,8.932037662815404,4.76950876132862,3.2263813534298458,3.2263813534298458,3.2733018978221997,0.0,0.0,0.31304474617983846,1.6892158662950671,0.09266324582937602,1.693142336768073,0.08220604404404357,0.015640759393824515,0.0,1.008761521932241,0.0,0.0,0.0,2.4789714072201705,127.76690405768318,13.406009674072266,113.79232025146484,265.610595703125,1.0129934549331665,0.7228999137878418,0.25,4.0,0.5642608404159546,0.47296059131622314,0.14228854360433307,0.0066500711237553346,3.4328889089661674,2.7271775361653923,0.20557361205530644,1.0,0.67968039899259,0.15659930718106194,1.0,0.17254048062337413,0.0,0.7350548989063984,0.11810726833504599,0.0,0.1468378353763271,,,,,,,,,,,,,,,,,,,,,,,,,,,,,,,,,,,,
634,3.373235678008871e-06,3.373235678008871e-06,1.0,8.891524675730112,4.724569398003656,3.228473811536222,3.228473811536222,3.2788456259547054,0.0,0.0,0.31181769999297887,1.7080982762414056,0.09337787249603786,1.6853085949614242,0.0842561368402597,0.018234013705640227,0.0,0.9938043082082594,0.0,0.0,0.0,2.6034348526516475,125.79360013394742,13.198168754577637,110.72296142578125,263.5435791015625,1.014372706413269,0.7144181728363037,0.25,4.0,0.559803307056427,0.4628605246543884,0.14194660247291827,0.005533975270817376,3.628934179608886,2.9557083450459145,0.18551613262810115,1.0,0.6729100427112064,0.1601154177978232,1.0,0.17683036987845963,0.0,0.7275545226561057,0.12153116210892394,0.0,0.15091431362403407,,,,,,,,,,,,,,,,,,,,,,,,,,,,,,,,,,,,
635,3.3593982982446557e-06,3.3593982982446557e-06,1.0,8.92491018449938,4.771995853733372,3.214219312410097,3.214219312410097,3.262610815666817,0.0,0.0,0.31296995121079524,1.6974396963377256,0.09142569996215202,1.6985967481458508,0.08297463284956443,0.015252867804815036,0.0,1.0016993107022465,0.0,0.0,0.0,2.53542080763224,127.8689533955342,13.172416687011719,112.02813720703125,267.69378662109375,1.0130716562271118,0.7236718535423279,0.25,4.0,0.5621839761734009,0.4746630787849426,0.14250738592843856,0.006256154940365467,4.100045851759009,3.240182564467997,0.20972040761985908,1.0,0.6765862687214,0.15811093856354017,1.0,0.1739354250398842,0.0,0.7314351088291889,0.1199097585033726,0.0,0.1486551358893111,84.22434144491677,136.95207701135834,0.2060229796745891,-30.69100954244425,84.22433989872168,102.18917841871203,121.79635391992967,153.31056804363195,24.666311536516464,57.815644079400585,167.34669295601222,0.402428762024465,0.6428457396688636,0.527025823683649,0.47215367311934275,0.0,0.5671069582338163,0.6746180702445391,0.6974352967586587,0.6508134878716691,0.8739877615331062,0.9618555567769594,0.9885493386097981,0.3739877615331062,0.1618555567769594,0.038549338609798145,0.0029313693158916857,3.6642116448646074e-05,0.5,0.5,0.9826007326007326,0.9806636249298578,0.9606911242826954,0.9543253692624333,-7.992156028747559,0.0003380472189746797
636,3.345579956818586e-06,3.345579956818586e-06,1.0,8.841930234754408,4.677766812814249,3.222845206389556,3.222845206389556,3.2772196756826864,0.0,0.0,0.31164640429857615,1.7115352701496434,0.09266756575655292,1.7005635886578947,0.08382136586147386,0.018467196609472502,0.0,0.9825535513259269,0.0,0.0,0.0,2.6417568116574675,125.78341179925042,12.867278099060059,110.29129791259766,264.5750732421875,1.0129116773605347,0.7214422225952148,0.25,4.0,0.558875560760498,0.4702414274215698,0.1409754896597002,0.0060509902615165775,4.617473402538815,3.850135578497036,0.16618131977108425,1.0,0.6718133317457663,0.15988011960242246,1.0,0.17603626444533066,0.0,0.7266407206251815,0.12207962894761884,0.0,0.15127964821216222,,,,,,,,,,,,,,,,,,,,,,,,,,,,,,,,,,,,
637,3.331780792881208e-06,3.331780792881208e-06,1.0,8.871177802214751,4.709173447376973,3.214040724006859,3.214040724006859,3.27337215397809,0.0,0.0,0.313104570717425,1.7219485527760274,0.09267249844364218,1.709671890413439,0.08656522903490711,0.01753493194858468,0.0,0.9981419830708891,0.0,0.0,0.0,2.6134523443273596,127.4789841110642,12.892434120178223,112.90678405761719,267.69378662109375,1.013921856880188,0.7115939259529114,0.25,4.0,0.5633618235588074,0.46453675627708435,0.14012747565379144,0.005260422365685523,3.5423163215856293,2.846328448604893,0.19647818257777575,1.0,0.6782562088321995,0.15735323948634639,1.0,0.1743502769921277,0.0,0.7318441706734735,0.11938382785868,0.0,0.14877199582956932,,,,,,,,,,,,,,,,,,,,,,,,,,,,,,,,,,,,
638,3.3180009453899496e-06,3.3180009453899496e-06,1.0,8.945522901174185,4.756759476017308,3.2597065551860913,3.2597065551860913,3.3277858978993184,0.0,0.0,0.3116259703765044,1.6695179004926939,0.09196745241815979,1.6779927659679104,0.0841570305260452,0.015168407352993617,0.0,1.0038240213651914,0.0,0.0,0.0,2.478632530650577,128.18180290428367,13.146714210510254,114.23768615722656,266.650146484375,1.013678789138794,0.7267083525657654,0.25,4.0,0.5663769245147705,0.4809577465057373,0.1424389977021556,0.00632454316664843,3.7840497944806075,3.0425480185328304,0.19595455034162795,1.0,0.6827791123776823,0.15523209362416654,1.0,0.17137810910070264,0.0,0.7361875901351104,0.11766169602806503,0.0,0.1461507190723677,,,,,,,,,,,,,,,,,,,,,,,,,,,,,,,,,,,,
639,3.3042405531077228e-06,3.3042405531077228e-06,1.0,8.843097970292375,4.676135733320907,3.2292292504697233,3.2292292504697233,3.278941534660958,0.0,0.0,0.31172475863147425,1.7003594540260933,0.09330772628655305,1.6842668088706765,0.08573422701777639,0.0163445004287201,0.0,1.005912012345082,0.0,0.0,0.0,2.5509349945429207,126.65368198704076,13.198168754577637,111.59137725830078,264.5750732421875,1.0132479667663574,0.7182486653327942,0.25,4.0,0.5638045072555542,0.4722853899002075,0.13876791771528613,0.005506619980304191,3.801159372200837,2.871783093020723,0.24449810917609952,1.0,0.6789599415418264,0.15715237565942713,1.0,0.1726264812656351,0.0,0.7326679729126595,0.11952411967354852,0.0,0.14780790378918518,,,,,,,,,,,,,,,,,,,,,,,,,,,,,,,,,,,,
640,3.290499754601522e-06,3.290499754601522e-06,1.0,8.887086894061115,4.767014181291735,3.1739722007029765,3.1739722007029765,3.212874006580662,0.0,0.0,0.3128595094423036,1.7180754010741774,0.0917673390862104,1.7129235106545526,0.083769186626415,0.015398394687705347,0.0,1.0020008940954466,0.0,0.0,0.0,2.561270810462333,127.1608653712917,13.121062278747559,111.59137725830078,267.69378662109375,1.0142803192138672,0.7259345054626465,0.25,4.0,0.5638644695281982,0.47426751255989075,0.14335539993434732,0.005758288653025495,3.547319288994815,2.75411475349117,0.22360674945852177,1.0,0.6786426853489231,0.15869475256752325,1.0,0.17328157819606163,0.0,0.7330694746326756,0.11953126115573419,0.0,0.1473992636074891,87.4418362418374,133.78789363953828,0.21982686605203433,-24.608301078880228,87.44183586803689,104.26191153828331,122.88317881255524,155.92807552241726,23.55236870901925,63.412487000458,164.55079982591712,0.5231945771312199,0.6567069057733584,0.5335218434089702,0.48460302127703925,0.0,0.5850027539301814,0.6895640300969607,0.7078315686506346,0.6497595771258909,0.8719724451284306,0.9610311091568648,0.9883844490857792,0.37197244512843064,0.1610311091568648,0.038384449085779204,0.004012311751126745,3.6642116448646074e-05,0.4945054945054945,0.5054945054945055,0.9835164835164835,0.9986134512083871,0.977601496564163,0.9706516012058153,-7.991799831390381,0.00033816759241744876
641,3.27677868824104e-06,3.27677868824104e-06,1.0,8.886575338002798,4.730706601529508,3.2151478754507528,3.2151478754507528,3.267777391382166,0.0,0.0,0.3112496008744111,1.7032312734706982,0.09202744650679666,1.7009198987806164,0.08539330979456773,0.015151769357003473,0.0,1.0018754230963218,0.0,0.0,0.0,2.5529496573113106,127.38745385247307,13.121062278747559,111.59137725830078,267.69378662109375,1.0123727321624756,0.7159907817840576,0.25,4.0,0.5642046332359314,0.4730226993560791,0.14025604551920343,0.00565707407812671,3.8451430056546188,2.96200432165249,0.229676421059866,1.0,0.6795969911523767,0.15673189952566818,1.0,0.17215108146538605,0.0,0.7337471649453446,0.11903620007875804,0.0,0.14721663900323817,,,,,,,,,,,,,,,,,,,,,,,,,,,,,,,,,,,,
642,3.26307749219726e-06,3.26307749219726e-06,1.0,8.990910272340518,4.811544173472637,3.2360000996976286,3.2360000996976286,3.2932886110769735,0.0,0.0,0.3118161599378328,1.716323733329773,0.09435214021721401,1.7052173904470496,0.08319157986222087,0.016841665816468163,0.0,0.9918473443469485,0.0,0.0,0.0,2.5724329787331657,127.40719831312025,13.095459938049316,112.46659851074219,266.650146484375,1.0115631818771362,0.7146522402763367,0.25,4.0,0.5587255954742432,0.4645710587501526,0.138483422693949,0.006291716818032607,4.892842138135755,3.6408072661709143,0.2558911235263937,1.0,0.6717230017120773,0.15938491756851608,1.0,0.17630216398754636,0.0,0.7279417949753839,0.12119349635936119,0.0,0.1508647173240378,,,,,,,,,,,,,,,,,,,,,,,,,,,,,,,,,,,,
643,3.2493963044410737e-06,3.2493963044410737e-06,1.0,8.937873531032253,4.747222848840662,3.2509142643696554,3.2509142643696554,3.3118942557154476,0.0,0.0,0.31168294033488714,1.7053369444769781,0.09131978552889179,1.7045606858021505,0.08201899711747428,0.015394439870441283,0.0,0.9892968696516913,0.0,0.0,0.0,2.602041756784594,126.74698370856208,12.643072128295898,109.0063705444336,268.7414855957031,1.0132478475570679,0.7234578132629395,0.25,4.0,0.5601643919944763,0.474621057510376,0.14403107561002298,0.00671298829193566,4.23409036043528,3.6684699517649575,0.13358723138165965,1.0,0.6737053345989537,0.1589668445490502,1.0,0.17560487985610962,0.0,0.7283141194163142,0.12136338349129702,0.0,0.15032250252929893,,,,,,,,,,,,,,,,,,,,,,,,,,,,,,,,,,,,
644,3.2357352627418933e-06,3.2357352627418933e-06,1.0,8.90127571209057,4.75503243626775,3.2003834376464018,3.2003834376464018,3.2524442543854586,0.0,0.0,0.31161329794574427,1.7193277365452535,0.09031942224985845,1.7097777257094513,0.08690546765118032,0.017909993367219292,0.0,0.981216503156198,0.0,0.0,0.0,2.718724041371732,127.11024021457982,12.569208145141602,109.86131286621094,269.7933349609375,1.0137121677398682,0.721574068069458,0.25,4.0,0.5597836375236511,0.47060418128967285,0.13787066418645366,0.0063026589342378815,4.727516644709819,4.01236960533503,0.15127329909563675,1.0,0.6727688989123782,0.16079858569680033,1.0,0.17596385124567393,0.0,0.7268334901010668,0.12239184190292617,0.0,0.15077466396866618,,,,,,,,,,,,,,,,,,,,,,,,,,,,,,,,,,,,
645,3.2220945046662516e-06,3.2220945046662516e-06,1.0,8.899632209056133,4.726995004189981,3.23387268427256,3.23387268427256,3.2923941354493835,0.0,0.0,0.31202516281926956,1.6981173914832037,0.09211530234362628,1.6895369967898808,0.08676287682878005,0.01587257083706759,0.0,1.0049449012086198,0.0,0.0,0.0,2.56120088615933,129.66309006149703,12.792104721069336,115.1336669921875,271.90936279296875,1.0124040842056274,0.7210835218429565,0.25,4.0,0.5650233030319214,0.4733894169330597,0.13943538680380785,0.00582394135025714,3.7652084263595373,3.0516985010456397,0.18950077778397204,1.0,0.6808428860999443,0.15605648023051186,1.0,0.1714471651090158,0.0,0.7361984236820324,0.11788675168881545,0.0,0.14591482402505102,83.79850096230979,128.51292533352003,0.21298560319914603,-16.93616391276265,83.79849974894634,102.24548135548342,121.52175090379376,153.72025021723013,21.54608644757952,61.91519632265549,154.64009226923403,0.4293476802344209,0.6551655027760664,0.5340572590599614,0.4820993803298978,0.0,0.5813634999359643,0.6841523753148246,0.7103670548061857,0.6444991169328267,0.8738228720090873,0.9632296361437837,0.9894470704627899,0.37382287200908726,0.1632296361437836,0.039447070462789946,0.0032061851892565313,3.6642116448646074e-05,0.521978021978022,0.47802197802197804,0.9844322344322345,0.9854619324534803,0.9638218668463466,0.9564859176893811,-7.991729259490967,0.00033819148666225374
646,3.2084741675764346e-06,3.2084741675764346e-06,1.0,8.90704600875442,4.750737911946064,3.2120319508217476,3.2120319508217476,3.259133280934514,0.0,0.0,0.31131124657553594,1.7230159044265747,0.09240218392900519,1.7014393870894973,0.08455037818969907,0.01797090090081297,0.0,0.9903706247742111,0.0,0.0,0.0,2.6358589320569425,126.41217144115551,12.618402481079102,110.72296142578125,267.69378662109375,1.0135761499404907,0.717984139919281,0.25,4.0,0.5597341060638428,0.4669787287712097,0.14061166429587482,0.005927891454207244,4.325732538828978,3.6039542338332615,0.16685689614807062,1.0,0.6726815056156468,0.1608708690147142,1.0,0.17609805875533335,0.0,0.7276015829395603,0.1221686923826063,0.0,0.150229723066897,,,,,,,,,,,,,,,,,,,,,,,,,,,,,,,,,,,,
647,3.1948743886290845e-06,3.1948743886290845e-06,1.0,8.93288143261059,4.758196096162538,3.2266221561947384,3.2266221561947384,3.2885429859161377,0.0,0.0,0.3123964602882798,1.7300348152985443,0.09286184790166649,1.7122410181406382,0.08444033935666084,0.018410822301096207,0.0,0.9828374675802283,0.0,0.0,0.0,2.6770586129781364,126.09283509125581,12.742232322692871,108.15806579589844,268.7414855957031,1.0140267610549927,0.7182996273040771,0.25,4.0,0.5578140616416931,0.46528083086013794,0.14237060947587263,0.005654338549075391,5.273747332192756,4.255483987766343,0.19308155667803525,1.0,0.669800033440461,0.16238554406004982,1.0,0.177261746815733,0.0,0.7249107715245839,0.12364436605492153,0.0,0.15144486644783536,,,,,,,,,,,,,,,,,,,,,,,,,,,,,,,,,,,,
648,3.1812953047738275e-06,3.1812953047738275e-06,1.0,8.821213541804132,4.667617527214256,3.2189840110572607,3.2189840110572607,3.2633891814463847,0.0,0.0,0.31364127832490046,1.6882794934350092,0.09331526385771262,1.6920459302696023,0.08212835915588043,0.014184531403353086,0.0,0.9840631436657261,0.0,0.0,0.0,2.4977229221447095,130.07061994397964,13.249826431274414,113.79232025146484,272.97357177734375,1.012134313583374,0.7145693898200989,0.25,4.0,0.5608618259429932,0.4703821837902069,0.13678739468213152,0.006455848561111719,4.318568727454624,3.7034142460371995,0.14244406428145417,1.0,0.674680088017438,0.15887259792637182,1.0,0.17449946902893684,0.0,0.7291831164746672,0.12138846295105445,0.0,0.14942841775513985,,,,,,,,,,,,,,,,,,,,,,,,,,,,,,,,,,,,
649,3.167737052751882e-06,3.167737052751882e-06,1.0,8.913595070710054,4.732265923474286,3.242606388555991,3.242606388555991,3.303094026204702,0.0,0.0,0.31359085601729314,1.6990774354419194,0.09195400291198008,1.6985158340351,0.08256707924443323,0.014269177197805932,0.0,0.9957836769722603,0.0,0.0,0.0,2.4829244259241463,131.3842389905775,13.249826431274414,115.1336669921875,276.1913146972656,1.0111863613128662,0.7132311463356018,0.25,4.0,0.5604842305183411,0.46397122740745544,0.13734817813765182,0.005832147937411095,3.4216468382526086,2.5654120155282922,0.2502405605254061,1.0,0.6742247923000438,0.1589027393508602,1.0,0.17377308212422035,0.0,0.7306991896113834,0.1207697075363752,0.0,0.14853110406044367,,,,,,,,,,,,,,,,,,,,,,,,,,,,,,,,,,,,
650,3.1541997690946976e-06,3.1541997690946976e-06,1.0,8.886567541070887,4.6967087049742,3.249765254355766,3.249765254355766,3.324189192539937,0.0,0.0,0.3126222265733255,1.7001676398354608,0.09296233126440563,1.6984039190653208,0.08401504551639428,0.017551066039281117,0.0,1.0026392759503544,0.0,0.0,0.0,2.564026713371277,129.4175899608715,12.69255542755127,112.02813720703125,274.0419616699219,1.0135563611984253,0.7134120464324951,0.25,4.0,0.5671587586402893,0.4766566753387451,0.1383192909508699,0.00573093336251231,5.197975894889316,3.9890177757353396,0.23258247894966808,1.0,0.6839246395471934,0.15483593860188047,1.0,0.17043806370851156,0.0,0.7357428621601414,0.11831615824957152,0.0,0.1459409787848189,89.39809136862283,129.76167262946763,0.22893142630178073,13.806695414113474,89.39809037645684,107.16704579086704,125.3175487049545,158.42398431448473,22.749485560825892,68.96881689027299,156.83106198518172,0.47236867927797327,0.6656423030350754,0.5400745996232954,0.4901408767043558,0.0,0.5903432108166825,0.6958956787849722,0.738543941262035,0.647481996679257,0.8704151551793632,0.9637243047158404,0.9900150232677439,0.3704151551793632,0.16372430471584032,0.04001502326774398,0.0037008537613132534,7.328423289729215e-05,0.6263736263736264,0.37362637362637363,0.9835164835164835,1.0243293850140258,0.9967731805620613,0.986366362116494,-7.991937160491943,0.00033812117180787027
651,3.1406835901225723e-06,3.1406835901225723e-06,1.0,8.936469773988467,4.766518515509528,3.2326871962160677,3.2326871962160677,3.291766302005665,0.0,0.0,0.3126665079915846,1.7007209481419743,0.09230510809937038,1.6884681856310046,0.08325522387954029,0.01614107214216445,0.0,0.9962723963969463,0.0,0.0,0.0,2.626201326782639,128.87787133294182,12.447059631347656,111.59137725830078,274.0419616699219,1.0134917497634888,0.7154825329780579,0.25,4.0,0.562913179397583,0.4716847836971283,0.1389539336907758,0.005388992231097494,3.9524957312119975,3.3741110454539993,0.14633404438381056,1.0,0.6774667904183671,0.15863318499681112,1.0,0.17264609240196846,0.0,0.7307266045261074,0.12120130537329493,0.0,0.14807209070469882,,,,,,,,,,,,,,,,,,,,,,,,,,,,,,,,,,,,
652,3.1271886519432782e-06,3.1271886519432782e-06,1.0,8.845036429327887,4.672252397279482,3.2392947931547424,3.2392947931547424,3.294660587568541,0.0,0.0,0.31265852982933456,1.6904429551717397,0.0928211155775431,1.6843769357011125,0.08047126998772493,0.013908659944914886,0.0,1.0118405835048572,0.0,0.0,0.0,2.473804953935984,131.27568672798776,13.044405937194824,116.4908218383789,275.1145324707031,1.0137100219726562,0.7218074202537537,0.25,4.0,0.5647174715995789,0.4730789065361023,0.1422639238428712,0.005884122989386147,3.4455343871503263,2.842139264216294,0.1751238139385043,1.0,0.6801016991202896,0.1575250786703986,1.0,0.17153519835021044,0.0,0.7343452170088485,0.11925470224908881,0.0,0.14640007993659457,,,,,,,,,,,,,,,,,,,,,,,,,,,,,,,,,,,,
653,3.113715090450688e-06,3.113715090450688e-06,1.0,8.866527016098434,4.729564924497862,3.1912342148858146,3.1912342148858146,3.2400562956526473,0.0,0.0,0.3118184933791289,1.7156358312916111,0.09221700659474812,1.7162940115542025,0.08371199023079227,0.016340115774624252,0.0,0.9980793546985935,0.0,0.0,0.0,2.598038876378858,129.24724599477406,12.742232322692871,112.02813720703125,275.1145324707031,1.0124146938323975,0.7236685156822205,0.25,4.0,0.5619567632675171,0.47766944766044617,0.13862567020461758,0.006146733778312726,3.6772919635514953,2.920955056274259,0.20567768748684637,1.0,0.6760096243909888,0.15952700436920733,1.0,0.1730152400764259,0.0,0.7300919632653933,0.12174142111797591,0.0,0.1481666204494399,,,,,,,,,,,,,,,,,,,,,,,,,,,,,,,,,,,,
654,3.1002630413234224e-06,3.1002630413234224e-06,1.0,8.92963610468684,4.769507343704636,3.226072221188932,3.226072221188932,3.2738494550859607,0.0,0.0,0.3116082871282423,1.6821520296303,0.09130134816105301,1.6873487073021967,0.08416545662928272,0.017987492412479746,0.0,1.0088246029776495,0.0,0.0,0.0,2.513273045823381,131.1139149021458,12.892434120178223,115.1336669921875,276.1913146972656,1.0132135152816772,0.7148467302322388,0.25,4.0,0.567714273929596,0.47700098156929016,0.13974176605755553,0.006048254732465259,3.8699346249167985,3.0024956182853595,0.22414823264620096,1.0,0.6848001705633627,0.1544771685793593,1.0,0.1689185608883162,0.0,0.7371793937038731,0.11787124401008761,0.0,0.14494936872978467,,,,,,,,,,,,,,,,,,,,,,,,,,,,,,,,,,,,
655,3.086832640023462e-06,3.086832640023462e-06,1.0,8.827079876049146,4.6497204239304,3.2381155039813065,3.2381155039813065,3.2918917101782723,0.0,0.0,0.31278258723181646,1.7030598408467061,0.09295935224036912,1.696316893036301,0.08186354367314158,0.015111054048395238,0.0,1.0096600587303575,0.0,0.0,0.0,2.4817415475845337,131.04499074575062,13.018954277038574,116.03666687011719,274.0419616699219,1.0124367475509644,0.7197973728179932,0.25,4.0,0.5645841956138611,0.4751598834991455,0.14017671517671518,0.006644600065652697,3.8239793551934733,2.944754080997931,0.22992416865468615,1.0,0.6801029669271933,0.15673735254519694,1.0,0.17176800482981913,0.0,0.7339330122277543,0.11909081726460843,0.0,0.1469761737295099,90.39181610778138,130.910604331225,0.22922090844577336,17.581626892089844,90.39181648831256,108.35249400052761,126.12781351375716,159.78911224544137,20.33891405378069,68.6874665844348,161.91858573581862,0.5143329327511061,0.6750940089907924,0.5461920438373555,0.5038171294651442,0.0,0.6032214712534789,0.7084253434064623,0.7516736362280411,0.646623524805867,0.8700304129566524,0.9632662782602323,0.9899417390348466,0.3700304129566524,0.1632662782602322,0.03994173903484666,0.004561943497856436,9.160529112161518e-05,0.6538461538461539,0.34615384615384615,0.9816849816849816,1.0337218544804132,1.0060097240320929,0.9952212179918866,-7.992076873779297,0.00033807396539486945
656,3.073424021794801e-06,3.073424021794801e-06,1.0,8.967484371082202,4.768031133187784,3.2597617974152437,3.2597617974152437,3.3306862212516166,0.0,0.0,0.3135945821130598,1.6906849629170186,0.0922157085827879,1.702176632107915,0.08486598428036715,0.01607110455783235,0.0,1.0051321387290955,0.0,0.0,0.0,2.509679166046349,131.96823656236802,13.146714210510254,116.03666687011719,277.27227783203125,1.0133403539657593,0.7208316922187805,0.25,4.0,0.5656901597976685,0.4790186583995819,0.14087153955575007,0.005752817594922858,3.8549108521358386,3.098738580942154,0.19615817335301605,1.0,0.6815158869769122,0.15693832208981384,1.0,0.17101047288727117,0.0,0.7346372733245025,0.11904246702387526,0.0,0.14632027837875727,,,,,,,,,,,,,,,,,,,,,,,,,,,,,,,,,,,,
657,3.0600373216620775e-06,3.0600373216620775e-06,1.0,8.887826068981274,4.72081388009561,3.23127480455347,3.23127480455347,3.284028762095683,0.0,0.0,0.31302338194202733,1.6959861226983972,0.09299268613795976,1.6900526929546047,0.08072287981977334,0.013525292088554517,0.0,1.0065658011951961,0.0,0.0,0.0,2.4557198189400338,130.72713037439294,13.406009674072266,116.4908218383789,272.97357177734375,1.013375997543335,0.7218983769416809,0.25,4.0,0.5616866946220398,0.4710116982460022,0.14008644271802168,0.00565707407812671,2.6215282775260307,2.042135808918927,0.22101324390591112,1.0,0.6755598477415137,0.15968840186660355,1.0,0.1742905197111336,0.0,0.7301826428722691,0.12090077573383176,0.0,0.1489165850185059,,,,,,,,,,,,,,,,,,,,,,,,,,,,,,,,,,,,
658,3.046672674429211e-06,3.046672674429211e-06,1.0,8.937112009203112,4.7326294280387255,3.2682294007894157,3.2682294007894157,3.3453825035610714,0.0,0.0,0.31201880928632375,1.6970928198582418,0.09052977650552183,1.6896956611324,0.08324297296034323,0.016357150199395175,0.0,0.9951604894689612,0.0,0.0,0.0,2.571584253697782,129.66913975896063,13.069908142089844,113.34868621826172,272.97357177734375,1.0129127502441406,0.7078534364700317,0.25,4.0,0.5637434720993042,0.4712301194667816,0.135777984462195,0.0056297187876135244,3.5964227149615415,2.98460209128019,0.17011921906068103,1.0,0.6787582023723705,0.15772396144834724,1.0,0.17242245658023939,0.0,0.7305925343487714,0.12122619011112161,0.0,0.14818127513737292,,,,,,,,,,,,,,,,,,,,,,,,,,,,,,,,,,,,
659,3.03333021467805e-06,3.03333021467805e-06,1.0,8.955727293684676,4.777985443940034,3.2370188236236572,3.2370188236236572,3.2948026012729956,0.0,0.0,0.31209440972353963,1.7108164832398698,0.09297020934723518,1.695590106216637,0.08398453720115326,0.016662096711681097,0.0,0.9921198728922251,0.0,0.0,0.0,2.5800383574253805,128.8096548544394,12.942893028259277,111.59137725830078,271.90936279296875,1.0143992900848389,0.7173212766647339,0.25,4.0,0.5618443489074707,0.46899858117103577,0.14151712441186126,0.005427289637815954,3.8454969565610626,3.146225426648114,0.18184165474890682,1.0,0.6755646934380403,0.1605944923452429,1.0,0.17401025464405884,0.0,0.7289800660030262,0.12201277146468291,0.0,0.14900716112272158,,,,,,,,,,,,,,,,,,,,,,,,,,,,,,,,,,,,
660,3.0200100767670197e-06,3.0200100767670197e-06,1.0,8.901739584433066,4.732912450223355,3.23339860503738,3.23339860503738,3.2871676522332267,0.0,0.0,0.31354967081868973,1.6943529135472066,0.09199692409586262,1.6851559490770907,0.08339769715392911,0.014267244539852883,0.0,0.9942646123267509,0.0,0.0,0.0,2.479790732667253,132.5122299194336,13.406009674072266,116.03666687011719,278.3575134277344,1.012508749961853,0.7109482884407043,0.25,4.0,0.5614960789680481,0.46615859866142273,0.13613907429696903,0.005238538133274975,3.1297249777896985,2.5166687683479205,0.1958818151091141,1.0,0.675371224815781,0.15968832695806348,1.0,0.17318671257109255,0.0,0.7296375261770712,0.1216371826626159,0.0,0.148725296395856,88.53616815084939,129.66253600224638,0.2300896846721373,4.565620715801533,88.53616928907297,106.93376739541996,125.03491002503559,158.39694986699502,23.775367736816406,68.57205909906432,154.3773783808169,0.4989750531987405,0.6681815220231072,0.5407918877715233,0.49432713998817246,0.0,0.5953636263300174,0.6952906506741807,0.736572962130528,0.6463760658045178,0.8715877029057199,0.9625517569894837,0.9893188230552197,0.37158770290571985,0.16255175698948365,0.03931882305521972,0.004012311751126745,0.00010992634934593822,0.5879120879120879,0.41208791208791207,0.978021978021978,1.0235742901216496,0.9976854372646783,0.9881726703146002,-7.992450714111328,0.0003379475965630263
661,3.006712394829758e-06,3.006712394829758e-06,1.0,8.90090578955573,4.715951803568247,3.2445159087309965,3.2445159087309965,3.303755624874218,0.0,0.0,0.3130043438962988,1.710475821752806,0.09260180089119319,1.6897784761480383,0.08380299343450649,0.016446244179245992,0.0,1.0051300590102736,0.0,0.0,0.0,2.586432350648416,130.1472720584354,13.018954277038574,114.23768615722656,275.1145324707031,1.013273000717163,0.7153043746948242,0.25,4.0,0.5636343955993652,0.4712737202644348,0.13983477404530037,0.005640660903818799,3.9130757692697884,3.209182138378556,0.17988244347810947,1.0,0.6783910941433262,0.15885093727627317,1.0,0.1716955924356306,0.0,0.7315922733899709,0.12118902742057233,0.0,0.14721869918945674,,,,,,,,,,,,,,,,,,,,,,,,,,,,,,,,,,,,
662,2.9934373027737743e-06,2.9934373027737743e-06,1.0,8.900023872787887,4.724271825841956,3.2367418714471765,3.2367418714471765,3.3019117084709375,0.0,0.0,0.3121345518408595,1.7080527544021606,0.09245702443090645,1.6931590421779736,0.08325515022954426,0.014226034409492402,0.0,0.9938626112164678,0.0,0.0,0.0,2.56851466281994,130.533583976127,13.018954277038574,113.79232025146484,276.1913146972656,1.013148546218872,0.7184062004089355,0.25,4.0,0.5600363612174988,0.4699787497520447,0.14298336798336797,0.006275303643724696,3.4634657212205835,2.925703744630556,0.15526701283491015,1.0,0.6731043780172193,0.16111184455252983,1.0,0.17431292300288742,0.0,0.7274791501663826,0.12309094961430575,0.0,0.14942991089176488,,,,,,,,,,,,,,,,,,,,,,,,,,,,,,,,,,,,
663,2.9801849342791012e-06,2.9801849342791012e-06,1.0,8.918851852416992,4.759414144464441,3.2169767134898417,3.2169767134898417,3.2835000270121806,0.0,0.0,0.31240858661161885,1.7055593535706803,0.09042364540132317,1.7105889545904625,0.0834416893084307,0.01593632043364483,0.0,0.9974675806793006,0.0,0.0,0.0,2.6373666234918542,130.36065158328495,12.593781471252441,112.02813720703125,277.27227783203125,1.0134494304656982,0.7260196208953857,0.25,4.0,0.5604440569877625,0.47181421518325806,0.1461593172119488,0.006403873509136667,4.876170425801663,3.917236766299686,0.19665712552372996,1.0,0.6734896060582753,0.16174330884540403,1.0,0.17413383561211662,0.0,0.7294199353939778,0.12224380470610954,0.0,0.1483362562753059,,,,,,,,,,,,,,,,,,,,,,,,,,,,,,,,,,,,
664,2.966955422796938e-06,2.966955422796938e-06,1.0,8.853069202319995,4.7036252537289185,3.2167371672552987,3.2167371672552987,3.2604699070389205,0.0,0.0,0.31159484628084544,1.67924334551837,0.09207726551874264,1.682102989506077,0.08573722205049283,0.015087025510650632,0.0,1.006018084448737,0.0,0.0,0.0,2.4823747164494283,132.6679217364337,13.018954277038574,116.4908218383789,280.5406799316406,1.0143557786941528,0.7231960892677307,0.25,4.0,0.5652401447296143,0.4731070399284363,0.14683225735857314,0.0065844184265236895,3.3536963575595133,2.7877814278409287,0.16874363966879852,1.0,0.6807380334751026,0.15767572054991852,1.0,0.17153842988851908,0.0,0.7354115118851533,0.11867635314529007,0.0,0.14591212852581129,,,,,,,,,,,,,,,,,,,,,,,,,,,,,,,,,,,,
665,2.9537489015483213e-06,2.9537489015483213e-06,1.0,8.925670984629038,4.7290968766083585,3.259679104830768,3.259679104830768,3.3299379348754883,0.0,0.0,0.31291166753382293,1.6917333151843097,0.09260938820001241,1.689016090857016,0.08433257023224959,0.01661430046943998,0.0,1.0073970958993241,0.0,0.0,0.0,2.5024241273467607,133.36972850077862,13.069908142089844,115.58428955078125,282.740966796875,1.014540672302246,0.7263560891151428,0.25,4.0,0.5655462145805359,0.4779393970966339,0.14584199584199584,0.005733668891563628,3.89900292254783,3.0694301772761987,0.2127653561053351,1.0,0.6812199160859391,0.15738484726564303,1.0,0.17113718068277514,0.0,0.7347128294609688,0.11912388616317027,0.0,0.146163280147153,83.7737290099427,130.52772438627588,0.21531125752294067,-22.565797323709006,83.77372811042169,102.79376279237992,121.87460926465134,154.88244361798849,25.582625252859934,62.02746777201808,153.61297740106997,0.4536736023263232,0.6581397282268086,0.5354423261316144,0.4872972544308272,0.0,0.5874647927818272,0.6845044793071337,0.6981070945117284,0.6474007833112548,0.8737312667179656,0.9617089883111648,0.988311164852882,0.37373126671796564,0.16170898831116476,0.038311164852881996,0.0038291011688835145,0.0001465684657945843,0.5,0.5,0.9771062271062272,0.9958933267619584,0.9751237899392515,0.9682719348878651,-7.992445945739746,0.0003379492263775319
666,2.940565503522775e-06,2.940565503522775e-06,1.0,8.856540808806548,4.6982180750047835,3.2188655685734107,3.2188655685734107,3.273655794762276,0.0,0.0,0.31381448861714956,1.6972869570190843,0.09307730419410241,1.6975675692429413,0.084344700280879,0.015602954543774595,0.0,0.9951700648745975,0.0,0.0,0.0,2.5152128644891687,132.70928645778346,13.327689170837402,115.1336669921875,280.5406799316406,1.0141093730926514,0.7221396565437317,0.25,4.0,0.5611850023269653,0.47108569741249084,0.1442827442827443,0.005744611007768903,3.845896242438136,3.1701427955885193,0.17570766454718953,1.0,0.674741856149725,0.16026720807359024,1.0,0.17502884083503,0.0,0.7299451505815661,0.12105558389747464,0.0,0.14899926612506043,,,,,,,,,,,,,,,,,,,,,,,,,,,,,,,,,,,,
667,2.927405361476966e-06,2.927405361476966e-06,1.0,8.865320901612979,4.715453972687593,3.2134477125631795,3.2134477125631795,3.262151028658893,0.0,0.0,0.3122032574705175,1.6943989959922996,0.09187007997487043,1.6937986580101219,0.08299899745631863,0.017078124918043613,0.0,0.9885974107561885,0.0,0.0,0.0,2.5377962750357552,132.71639086749101,13.353744506835938,115.58428955078125,280.5406799316406,1.0142462253570557,0.7177641987800598,0.25,4.0,0.5617214441299438,0.46950021386146545,0.14460006565269723,0.006149469307364044,3.570848709828145,2.9014649093151093,0.1874579000422707,1.0,0.6754490620381123,0.1600622627380732,1.0,0.17561966422441844,0.0,0.7295689292856165,0.12113429887874706,0.0,0.1492967716342694,,,,,,,,,,,,,,,,,,,,,,,,,,,,,,,,,,,,
668,2.9142686079333815e-06,2.9142686079333815e-06,1.0,8.876458876841777,4.685520043244233,3.2492104607659416,3.2492104607659416,3.3155213691092826,0.0,0.0,0.31276656405345815,1.7128445393330343,0.09193539760402732,1.7008914625322498,0.08183633576373796,0.016883408172509155,0.0,0.9990742673745027,0.0,0.0,0.0,2.5914599476633846,130.87455605171823,13.198168754577637,111.59137725830078,279.44696044921875,1.0137372016906738,0.7184470891952515,0.25,4.0,0.5610238313674927,0.47372111678123474,0.14356603567129883,0.005960717802823066,4.702624904142843,3.8207616838249,0.18752574111132142,1.0,0.6745423513489801,0.16032684735349706,1.0,0.17460678155357773,0.0,0.7283287257761568,0.12220263863737518,0.0,0.14946862873998848,,,,,,,,,,,,,,,,,,,,,,,,,,,,,,,,,,,,
669,2.9011553751789856e-06,2.9011553751789856e-06,1.0,8.839809727024388,4.677742790531468,3.223581578280475,3.223581578280475,3.2739644952722498,0.0,0.0,0.31174569677662206,1.7046747143204148,0.09182870669944866,1.6924681856825545,0.08273684253563753,0.015600849251338356,0.0,1.0058494629086674,0.0,0.0,0.0,2.5650863164180033,133.49585971316776,13.018954277038574,115.1336669921875,283.8476257324219,1.0133620500564575,0.721354603767395,0.25,4.0,0.5612642168998718,0.4703323245048523,0.14531130320604005,0.006297187876135244,3.9574308234292106,3.218369923733376,0.1867527021117757,1.0,0.6750136050018104,0.15985803366512866,1.0,0.17357596110653234,0.0,0.7304892620524844,0.12114012080269891,0.0,0.14837061915848707,,,,,,,,,,,,,,,,,,,,,,,,,,,,,,,,,,,,
670,2.888065795263885e-06,2.888065795263885e-06,1.0,8.841087650608372,4.653774287249591,3.2586379760020487,3.2586379760020487,3.3131941589149267,0.0,0.0,0.3126777909897469,1.6811642066852466,0.09151463250856141,1.6706238082937293,0.08202991594333907,0.013414471492020262,0.0,0.9960080417426856,0.0,0.0,0.0,2.4937615491248466,134.26620112238703,13.249826431274414,116.94676208496094,284.95855712890625,1.014427900314331,0.7228106260299683,0.25,4.0,0.5619195103645325,0.47395455837249756,0.1442827442827443,0.006152204836415363,2.88798349612468,2.3628681479273617,0.1818276831920816,1.0,0.675810554543057,0.1600315655405457,1.0,0.17366578087613388,0.0,0.729563743681521,0.12174263757628363,0.0,0.14869361229844996,85.19800632602566,129.58850374783884,0.21841865538833757,-13.353034616826655,85.19800809819475,103.31513760984932,122.10937990386762,155.97608067453973,24.696007319859095,63.43392376567042,155.4388898766559,0.4885323972036801,0.66297653249046,0.5388350793633548,0.4926068266542762,0.0,0.5912678758254454,0.6974672908602553,0.7197286410434393,0.6469028676801624,0.8728884980396467,0.9618738778351837,0.9885126964933495,0.37288849803964674,0.1618738778351837,0.03851269649334954,0.004305448682715914,0.0001465684657945843,0.5384615384615384,0.46153846153846156,0.978937728937729,1.0047067135244936,0.9818858932499047,0.9741380823018787,-7.992434024810791,0.0003379532427061349
671,2.8750000000000013e-06,2.8750000000000013e-06,1.0,8.899868475424277,4.743849548133644,3.2260558154131913,3.2260558154131913,3.2791962365846374,0.0,0.0,0.3113623148686177,1.6691750094697282,0.09125604742282145,1.679954474036758,0.08561092232530182,0.015576775701766883,0.0,1.003770728369017,0.0,0.0,0.0,2.5107154749535225,135.013874157055,12.792104721069336,117.40447998046875,286.0738525390625,1.0138733386993408,0.7324082255363464,0.25,4.0,0.5653634071350098,0.4831726849079132,0.14914651493598863,0.006595360542728964,3.326778134784183,2.6671187201061763,0.1982877691123218,1.0,0.6808589278040705,0.15802846083769928,1.0,0.17065329728899775,0.0,0.7344496040730863,0.11999163474585559,0.0,0.14555875614688202,,,,,,,,,,,,,,,,,,,,,,,,,,,,,,,,,,,,
672,2.8619581209597497e-06,2.8619581209597497e-06,1.0,8.86237043947787,4.707471525346911,3.213478868072097,3.213478868072097,3.266547273945164,0.0,0.0,0.3130971217477644,1.6970025397635795,0.09202466723886696,1.7010361826097644,0.08794396602221437,0.01718947456243473,0.0,0.9902173570684485,0.0,0.0,0.0,2.5894290241035254,134.1160587620091,12.993551254272461,117.40447998046875,283.8476257324219,1.014125108718872,0.7220065593719482,0.25,4.0,0.5623417496681213,0.4704063832759857,0.1480194769668454,0.006018163912900755,4.236612603471086,3.384951828299342,0.20102399130710513,1.0,0.6761984905681094,0.16063093635681513,1.0,0.17394567623331741,0.0,0.7307855792947717,0.12134552787284593,0.0,0.14786889343648343,,,,,,,,,,,,,,,,,,,,,,,,,,,,,,,,,,,,
673,2.848940289474711e-06,2.848940289474711e-06,1.0,8.847704011040765,4.694196262875119,3.216262102127075,3.216262102127075,3.2677518934816927,0.0,0.0,0.3115021844167967,1.6916355603450053,0.09202799301695179,1.693289428143888,0.08446256907002346,0.017974832107791223,0.0,1.007584138496502,0.0,0.0,0.0,2.5895449825235315,132.41859436035156,12.968196868896484,115.1336669921875,280.5406799316406,1.0147227048873901,0.7258999347686768,0.25,4.0,0.5669143795967102,0.4802091121673584,0.14762008972535287,0.0067321369952948905,4.7708337161992045,3.8651588172525972,0.1898357714441857,1.0,0.6829475824897354,0.15759660645916657,1.0,0.1707636524696608,0.0,0.7357885821445568,0.11905778521621549,0.0,0.14515363022282318,,,,,,,,,,,,,,,,,,,,,,,,,,,,,,,,,,,,
674,2.8359466366342977e-06,2.8359466366342977e-06,1.0,8.898469177452293,4.718222811415389,3.244113065101005,3.244113065101005,3.305715341825743,0.0,0.0,0.31227216768909144,1.6923524463498913,0.09274955456321304,1.6812679091015377,0.08617601201340959,0.017281145870534552,0.0,1.0063634756449107,0.0,0.0,0.0,2.5671301951279513,135.32525304845862,13.327689170837402,116.4908218383789,287.1935119628906,1.0136582851409912,0.7161164879798889,0.25,4.0,0.5666069984436035,0.4740947186946869,0.14127913338439654,0.005687164897691214,4.037510453043757,3.176760957047746,0.21318817771657236,1.0,0.682736733475247,0.15700507848649412,1.0,0.16986996378447558,0.0,0.7358452065570934,0.11906567377013129,0.0,0.14508912490831838,,,,,,,,,,,,,,,,,,,,,,,,,,,,,,,,,,,,
675,2.8229772932844527e-06,2.8229772932844527e-06,1.0,8.896986291215226,4.754336550429061,3.2054845255774422,3.2054845255774422,3.255368947982788,0.0,0.0,0.31229728299218257,1.6872484297365755,0.09046102456144385,1.7001222662023596,0.08441802808964574,0.015363149646971677,0.0,0.9996586973602707,0.0,0.0,0.0,2.5511647172876306,133.8823625719225,13.121062278747559,115.58428955078125,284.95855712890625,1.014034628868103,0.7294743061065674,0.25,4.0,0.5646116137504578,0.4829334318637848,0.15100667469088522,0.006833351570193676,3.739862067473901,2.97102880155718,0.20557797374490638,1.0,0.6796709524618613,0.15869239939225688,1.0,0.1719562346870835,0.0,0.733057210574279,0.12047014083411242,0.0,0.1464726542298858,86.36312604212499,128.7820861251347,0.2218021609179755,-2.7683665307013543,86.36312436432644,104.86425395136119,123.06991332822932,156.1315481297881,25.356517791748047,64.67103748173676,156.47890173870584,0.4935317093511208,0.6645557336566208,0.5395492821076935,0.49278052599747474,0.0,0.5924797150779368,0.6990162699592606,0.7307265877156173,0.644346018410362,0.8731449928547873,0.9628448939210729,0.9895020336374629,0.3731449928547873,0.16284489392107282,0.03950203363746296,0.004213843391594299,0.00020153164046755341,0.5714285714285714,0.42857142857142855,0.9835164835164835,1.0075652262011727,0.9833693763056954,0.9747715867482699,-7.992368698120117,0.0003379753034096211
676,2.810032390026321e-06,2.810032390026321e-06,1.0,8.931271449939624,4.742427439303012,3.2533056284930253,3.2533056284930253,3.3152998138118432,0.0,0.0,0.3116322868579143,1.6963083615174164,0.09201700220236907,1.6878065901833612,0.08387653167183334,0.015083467701097598,0.0,0.9899392079662632,0.0,0.0,0.0,2.5803155415766947,133.696176064981,13.301684379577637,115.58428955078125,284.95855712890625,1.0138888359069824,0.7146520018577576,0.25,4.0,0.5629216432571411,0.4711253046989441,0.14244993981836088,0.005695371484845169,3.187539997938517,2.6023919356835856,0.18357355911874518,1.0,0.6771508439167125,0.15994213118746475,1.0,0.17304954174402598,0.0,0.7303063982241863,0.12190220384178935,0.0,0.1477913941080506,,,,,,,,,,,,,,,,,,,,,,,,,,,,,,,,,,,,
677,2.797112057214931e-06,2.797112057214931e-06,1.0,8.972694525847563,4.847087757007496,3.183997985478994,3.183997985478994,3.232674199181634,0.0,0.0,0.3122825654777321,1.6973287157110266,0.09192465789414742,1.707424666430499,0.08591904088452056,0.014986580149648158,0.0,1.0023367259953473,0.0,0.0,0.0,2.5674663202182666,134.29769546921187,12.917638778686523,116.03666687011719,286.0738525390625,1.0147149562835693,0.7348750233650208,0.25,4.0,0.5634225010871887,0.4782745838165283,0.15186289528394792,0.0067102527628843415,3.6894821846807324,2.995968142071286,0.18797056277680863,1.0,0.677752543140102,0.1600824586442999,1.0,0.17322541813592654,0.0,0.7331478482968098,0.12023200114836564,0.0,0.14662015639446876,,,,,,,,,,,,,,,,,,,,,,,,,,,,,,,,,,,,
678,2.7842164249578933e-06,2.7842164249578933e-06,1.0,8.867125975119102,4.733200485641892,3.1990670900087097,3.1990670900087097,3.243004057858441,0.0,0.0,0.31191676452353195,1.688663530994106,0.09155192206034789,1.6953123195751294,0.08198745387631494,0.013599375627834248,0.0,0.998318691511412,0.0,0.0,0.0,2.502192278166075,134.4074884363123,13.121062278747559,116.03666687011719,286.0738525390625,1.015550971031189,0.7359800338745117,0.25,4.0,0.5615699887275696,0.4771674573421478,0.15309935441514388,0.0064066090381879855,3.6446097009890788,3.0847749234856785,0.1536062359027008,1.0,0.6750053086796323,0.161350056126311,1.0,0.17459532417155602,0.0,0.730339448194246,0.12144144825838707,0.0,0.14821911019247933,,,,,,,,,,,,,,,,,,,,,,,,,,,,,,,,,,,,
679,2.7713456231140827e-06,2.7713456231140827e-06,1.0,8.94417092606828,4.791339049468169,3.211799840669374,3.211799840669374,3.264497131914706,0.0,0.0,0.3112255359018171,1.704224715361724,0.09243048425461795,1.7008419101302688,0.08600567402066411,0.01690478460561182,0.0,0.9924829682788333,0.0,0.0,0.0,2.614481304142926,134.31807667500263,12.71737003326416,114.68480682373047,288.31756591796875,1.014076828956604,0.7319800853729248,0.25,4.0,0.5619135499000549,0.47879475355148315,0.14925046503993872,0.006652806652806653,3.9789776963156624,3.3374439534303306,0.16123079641269678,1.0,0.6756869973363103,0.160728432439469,1.0,0.1727365110371564,0.0,0.7308412822517188,0.12172065111430916,0.0,0.14743807670232412,,,,,,,,,,,,,,,,,,,,,,,,,,,,,,,,,,,,
680,2.758499781292327e-06,2.758499781292327e-06,1.0,8.91932740082612,4.8084615243447795,3.1644611487517484,3.1644611487517484,3.2035797866615088,0.0,0.0,0.3121215596392348,1.7081203106287364,0.09240921606888643,1.7218110013652492,0.08583093615802559,0.017313391813454596,0.0,0.9920884515788104,0.0,0.0,0.0,2.6459484970247424,133.28270989495354,12.422772407531738,114.68480682373047,286.0738525390625,1.0143251419067383,0.737373948097229,0.25,4.0,0.5613018274307251,0.47743192315101624,0.1549458365247839,0.007358573148046832,4.9021765009776965,3.74465576297528,0.23612383963971084,1.0,0.6746093614681347,0.16162009376126366,1.0,0.17436081895957123,0.0,0.7307348927936038,0.12162608915084117,0.0,0.147639018055555,83.42018789773459,129.30055598014545,0.21221496574041174,-20.24278276045244,83.42018976000283,101.16979258919821,120.34975034527763,153.0448222648764,25.55621337890625,60.75694274902344,155.7811975893767,0.4423258076251718,0.6503531901915831,0.5321155480046993,0.47971581409479597,0.0,0.5764088749310988,0.6763257737933859,0.7040723521319245,0.6461268330392289,0.8735663771939467,0.9622036568832216,0.9889340808325089,0.3735663771939467,0.16220365688322158,0.03893408083250893,0.0036458905866402842,0.00032977904803781465,0.5274725274725275,0.4725274725274725,0.9862637362637363,0.9851876737979742,0.9639970954139154,0.9570077899229396,-7.992308139801025,0.00033799579250626266
681,2.7456790288501136e-06,2.7456790288501136e-06,1.0,8.851544895687619,4.667297505043648,3.256836343455959,3.256836343455959,3.327329596957645,0.0,0.0,0.3118343312998076,1.6622636640394055,0.09130511010015332,1.6756651079332507,0.0855607355164515,0.017284802142278972,0.0,0.9880898176012812,0.0,0.0,0.0,2.4990893312402673,138.0008592347841,13.146714210510254,118.78840637207031,294.0041198730469,1.0129064321517944,0.7208813428878784,0.25,4.0,0.5617591738700867,0.4757458567619324,0.14646569646569646,0.006371047160520844,4.301235337515135,3.2525525842164016,0.24380966652816713,1.0,0.675809206189336,0.15910364244435285,1.0,0.1739126649257299,0.0,0.7299859394898286,0.12128472267775922,0.0,0.14872934427615758,,,,,,,,,,,,,,,,,,,,,,,,,,,,,,,,,,,,
682,2.7328834948922774e-06,2.7328834948922774e-06,1.0,8.883029216044658,4.746943048528723,3.2008201238271354,3.2008201238271354,3.2502484128281877,0.0,0.0,0.31170692073332296,1.68395548253446,0.09098746990029877,1.6964559619491164,0.085623926206215,0.016370965721639427,0.0,0.9792770405073423,0.0,0.0,0.0,2.5564620333748893,136.07031394339896,12.892434120178223,116.4908218383789,291.7161560058594,1.014412760734558,0.7228009104728699,0.25,4.0,0.5610154867172241,0.4715856909751892,0.14958419958419958,0.006220593062698326,4.9194883881388485,4.229542561479517,0.1402474753925283,1.0,0.6743091022646105,0.161032745161572,1.0,0.17572950873826002,0.0,0.7289863196579186,0.12176634935108391,0.0,0.14924732696365667,,,,,,,,,,,,,,,,,,,,,,,,,,,,,,,,,,,,
683,2.720113308269701e-06,2.720113308269701e-06,1.0,8.914715225632126,4.783597681973432,3.188424084637616,3.188424084637616,3.2453332076201566,0.0,0.0,0.3104606262735418,1.70747954780991,0.0904740781800167,1.7069252503884804,0.0870045864501515,0.016970061190501862,0.0,0.9897353697467495,0.0,0.0,0.0,2.6493272298091166,133.5507290814374,12.69255542755127,112.46659851074219,288.31756591796875,1.0144150257110596,0.7307676076889038,0.25,4.0,0.563048243522644,0.48175865411758423,0.1496744720428931,0.006789583105372579,4.585009029588184,3.7590365135991894,0.18014632264817623,1.0,0.6772331740405109,0.16041286571605787,1.0,0.17246299458516612,0.0,0.731373313310984,0.12154785463133373,0.0,0.1470788318563152,,,,,,,,,,,,,,,,,,,,,,,,,,,,,,,,,,,,
684,2.707368597578023e-06,2.707368597578023e-06,1.0,8.848686836861276,4.688544067176613,3.2271185887826457,3.2271185887826457,3.2771035916096456,0.0,0.0,0.31346734633316864,1.6848636414553668,0.09078429216468656,1.681203278335365,0.08317982485970936,0.015706270794711402,0.0,1.0010563296240729,0.0,0.0,0.0,2.5869233028308765,133.35193943332982,12.867278099060059,112.90678405761719,287.1935119628906,1.0157229900360107,0.7320011258125305,0.25,4.0,0.5627942681312561,0.4760490655899048,0.1508972535288325,0.006217857533647007,4.5511783168122575,3.9908232197568223,0.12312308111186464,1.0,0.6767608072306659,0.16096324815943436,1.0,0.1727976641944937,0.0,0.7319119975373551,0.121202280795252,0.0,0.14688572005645648,,,,,,,,,,,,,,,,,,,,,,,,,,,,,,,,,,,,
685,2.6946494911563407e-06,2.6946494911563407e-06,1.0,8.995271760064202,4.804226295368092,3.250810043231861,3.250810043231861,3.3285651206970215,0.0,0.0,0.3108716840679581,1.7099242435919273,0.0919848775138726,1.6930341205081425,0.0869416603566827,0.016606923469619173,0.0,0.9809498078114277,0.0,0.0,0.0,2.65459744028143,134.04747174237227,12.520204544067383,113.79232025146484,288.31756591796875,1.0138797760009766,0.7212135195732117,0.25,4.0,0.5608352422714233,0.4757416844367981,0.1445371484845169,0.006568005252215779,3.8179156796352283,3.108411217058027,0.18583555062823937,1.0,0.6739975568410512,0.16180392737324173,1.0,0.17375385882081212,0.0,0.7275490664147042,0.1236150198288866,0.0,0.14883591758238301,85.00616813491989,128.36973450109943,0.21831929997899935,1.5788744622534447,85.00616809101,103.40857239761439,122.72983010166841,155.6055340160693,26.431414467947825,63.026845591936926,155.55738299825916,0.4289558921259763,0.6524694155426518,0.5348843546953326,0.48060956030616037,0.0,0.5747043272477448,0.6821186510281467,0.716062028635189,0.6477668048652349,0.8727602506320765,0.9639075152980836,0.9896302810450331,0.3727602506320765,0.16390751529808356,0.03963028104503319,0.0036825327030889305,0.0002931369315891686,0.6263736263736264,0.37362637362637363,0.989010989010989,1.0076241909147619,0.9813610835226028,0.9716945172666194,-7.992354393005371,0.00033798013464547694
686,2.681956117085913e-06,2.681956117085913e-06,1.0,8.802650142360378,4.6634089882309375,3.2008111348023287,3.2008111348023287,3.2438331294704126,0.0,0.0,0.31198471462404403,1.6937232307485632,0.09124544826713768,1.6968298441654928,0.08517517511909073,0.01788083072500052,0.0,0.9986537034447128,0.0,0.0,0.0,2.5733876292769975,134.6941759264147,12.842171669006348,114.68480682373047,289.44598388671875,1.013840675354004,0.7257022857666016,0.25,4.0,0.5615770816802979,0.47337964177131653,0.15082065871539554,0.0060509902615165775,4.136412056716713,3.215715248037029,0.2225834360927981,1.0,0.6751213283152193,0.16110036844337308,1.0,0.17364245451785423,0.0,0.7307356499336861,0.1218883024679648,0.0,0.14737605686123306,,,,,,,,,,,,,,,,,,,,,,,,,,,,,,,,,,,,
687,2.6692886031888742e-06,2.6692886031888742e-06,1.0,8.803371352118415,4.679379733833107,3.19152519509599,3.19152519509599,3.2312204773361617,0.0,0.0,0.31109356719094355,1.6867895255217682,0.09183635623068423,1.6796236199301642,0.08473561532996796,0.01676763968567389,0.0,0.9914139009810783,0.0,0.0,0.0,2.585245248433706,135.04586874472128,12.792104721069336,115.1336669921875,289.44598388671875,1.013959288597107,0.7198219895362854,0.25,4.0,0.5615308284759521,0.47409018874168396,0.14730823941350257,0.005911478279899332,3.876888862332782,2.987375894108334,0.22943989363915238,1.0,0.6750169041994456,0.16130146343965787,1.0,0.1736026760694143,0.0,0.7287401331437601,0.12303559421687513,0.0,0.14822428250634992,,,,,,,,,,,,,,,,,,,,,,,,,,,,,,,,,,,,
688,2.6566470770269493e-06,2.6566470770269493e-06,1.0,8.876315013782397,4.710328720711373,3.230922731193336,3.230922731193336,3.2910131634892643,0.0,0.0,0.3123214422045527,1.6882888948595203,0.09184296187516805,1.6907934788111094,0.08399236826477824,0.0167792809724405,0.0,0.9877793096207284,0.0,0.0,0.0,2.5493868396088883,135.83728439743453,12.942893028259277,116.03666687011719,290.578857421875,1.0150232315063477,0.7285798192024231,0.25,4.0,0.5611251592636108,0.47679102420806885,0.14977295108874056,0.006308129992340519,4.603312954709336,3.6166600818569594,0.21433538900347834,1.0,0.6743562334292644,0.16167014796991605,1.0,0.17464287256872332,0.0,0.7283174669420397,0.12268213082004238,0.0,0.14900040223791794,,,,,,,,,,,,,,,,,,,,,,,,,,,,,,,,,,,,
689,2.644031665900169e-06,2.644031665900169e-06,1.0,8.895336924372492,4.704166051503774,3.255859342781273,3.255859342781273,3.3188627990516455,0.0,0.0,0.3126951697710398,1.6887221690770742,0.09223821134986104,1.6927550064550865,0.08243235663787739,0.01622408822908796,0.0,0.9959008742023159,0.0,0.0,0.0,2.5386605617162346,136.87593759072794,12.917638778686523,117.40447998046875,292.85791015625,1.013219952583313,0.7221120595932007,0.25,4.0,0.5626993775367737,0.47667184472084045,0.14349491191596456,0.0060838166101324,4.451649065758731,3.5675033266479903,0.1986108352321452,1.0,0.6769721250276308,0.15967739051258242,1.0,0.17216407970802203,0.0,0.7310428667712856,0.1217211207022538,0.0,0.14723601131825834,,,,,,,,,,,,,,,,,,,,,,,,,,,,,,,,,,,,
690,2.63144249684558e-06,2.63144249684558e-06,1.0,8.988465051393252,4.787608004905082,3.2616272552593335,3.2616272552593335,3.33748366381671,0.0,0.0,0.3117778760355872,1.7038870469943896,0.09234049090662518,1.6921677847166319,0.0846611308689053,0.016898616707908945,0.0,1.0006097651816703,0.0,0.0,0.0,2.5926751349423385,136.6599863413218,12.817113876342773,116.4908218383789,294.0041198730469,1.0121352672576904,0.7238815426826477,0.25,4.0,0.5586663484573364,0.47094303369522095,0.1426003939161834,0.0063026589342378815,4.172510723809938,3.2047352823051245,0.23194079190313827,1.0,0.6710114720705393,0.16255187625820572,1.0,0.17421940613437342,0.0,0.728175886579462,0.12304088574003529,0.0,0.14878323049964132,84.84547684218857,127.98613927136344,0.218077681410805,-2.9933644389058207,84.84547885129153,103.22559292952153,121.21777539122706,154.25241915344105,24.663433619907924,64.11247306646302,152.14616792098334,0.490565143093005,0.6646519566874796,0.5421104250611499,0.4976419888893846,0.0,0.593512357601191,0.6936133215114488,0.7257310320114927,0.6427728066439786,0.8727602506320765,0.9631197097944377,0.9895020336374629,0.3727602506320765,0.16311970979443768,0.03950203363746296,0.0045436224396321135,0.00040306328093510683,0.5824175824175825,0.4175824175824176,0.9835164835164835,0.996904836496809,0.9736551026721577,0.9653410430956673,-7.992514610290527,0.00033792603062465787
691,2.6188796966359765e-06,2.6188796966359765e-06,1.0,8.840550654643291,4.708373495050378,3.193148625863565,3.193148625863565,3.2350758475226327,0.0,0.0,0.3119404259565714,1.7047200621785343,0.09152889010068532,1.6952689531687144,0.08594437809409322,0.01717193441062763,0.0,0.9671945684664959,0.0,0.0,0.0,2.6581542234163025,134.42937015842747,12.569208145141602,112.90678405761719,291.7161560058594,1.0143789052963257,0.7209559679031372,0.25,4.0,0.5568631887435913,0.4688800871372223,0.14652040704672284,0.005818470292154503,4.526636300860225,3.9055260170150445,0.13721232335965375,1.0,0.6679634016913336,0.1649580609959525,1.0,0.17750165671915621,0.0,0.722696294655671,0.1255763320101274,0.0,0.15172737434103684,,,,,,,,,,,,,,,,,,,,,,,,,,,,,,,,,,,,
692,2.6063433917786184e-06,2.6063433917786184e-06,1.0,8.843041961257523,4.666832356839566,3.246015013875188,3.246015013875188,3.305989613404145,0.0,0.0,0.31258835744213415,1.673004933305689,0.09155285499385886,1.6864528623787132,0.08277182260880599,0.013494892719176572,0.0,0.9888662196494438,0.0,0.0,0.0,2.4757126022029565,137.1915986344621,13.069908142089844,116.94676208496094,294.0041198730469,1.0147918462753296,0.7349920868873596,0.25,4.0,0.5598141551017761,0.47613435983657837,0.1544452347083926,0.006822409453988401,3.8090865136803806,3.264976037515176,0.1428453972392134,1.0,0.6724063979612814,0.1625841372721904,1.0,0.1756452785150425,0.0,0.7282326092591157,0.12267852272536303,0.0,0.14908887909070864,,,,,,,,,,,,,,,,,,,,,,,,,,,,,,,,,,,,
693,2.5938337085139537e-06,2.5938337085139537e-06,1.0,8.844119510135135,4.691266987774823,3.2233854048960917,3.2233854048960917,3.272932194374703,0.0,0.0,0.31184962955681056,1.6834388778016374,0.09179844244106396,1.6730227921460126,0.08324995355026142,0.013600545129864602,0.0,0.9881050538372349,0.0,0.0,0.0,2.4988472622794076,137.6912608791042,13.018954277038574,117.40447998046875,295.1548156738281,1.013603925704956,0.7185878753662109,0.25,4.0,0.5604851245880127,0.47158873081207275,0.14423624028887186,0.006116642958748222,3.592102713681556,2.8277302626016976,0.21279248173180748,1.0,0.6736110416618554,0.16147291076344414,1.0,0.17403378035571124,0.0,0.728300382962098,0.12305685777116467,0.0,0.14864275825990214,,,,,,,,,,,,,,,,,,,,,,,,,,,,,,,,,,,,
694,2.5813507728143545e-06,2.5813507728143545e-06,1.0,8.894749950718236,4.71550329311474,3.243554688788749,3.243554688788749,3.297237119159183,0.0,0.0,0.3118617744059176,1.6971126923689972,0.09110121811563904,1.6956205947979077,0.08199642699312519,0.017852581540323997,0.0,0.9685638240865759,0.0,0.0,0.0,2.5829024347099097,137.15903452280406,13.146714210510254,115.58428955078125,296.3100280761719,1.014307975769043,0.7144683003425598,0.25,4.0,0.5568321347236633,0.4654386043548584,0.14301072327388117,0.006160411423569319,4.2500249445438385,3.429347416033616,0.19309946158405597,1.0,0.6680889983434934,0.16428185636932785,1.0,0.17735988626608978,0.0,0.722527302600242,0.12560329505720655,0.0,0.15186940314801964,,,,,,,,,,,,,,,,,,,,,,,,,,,,,,,,,,,,
695,2.5688947103828476e-06,2.5688947103828476e-06,1.0,8.84123286685428,4.691894273500185,3.213734839413617,3.213734839413617,3.259531581724012,0.0,0.0,0.31232298950891235,1.691689423612646,0.09147772797056146,1.6926129154256873,0.08419219001724913,0.016017580404877663,0.0,0.9787069430222383,0.0,0.0,0.0,2.5466463565826416,138.22140008050042,12.993551254272461,116.94676208496094,297.4697265625,1.0135842561721802,0.7199639678001404,0.25,4.0,0.5585613250732422,0.4705510139465332,0.14472589998905788,0.006488674909727541,4.464492187306687,3.705198393480198,0.1700739439045926,1.0,0.6708700560234688,0.16241330472198692,1.0,0.17498132989213272,0.0,0.7259803817078874,0.12403423016941226,0.0,0.14998538892816854,82.94691318470043,133.03303659539887,0.21096358314861635,-15.516655240740095,82.94691319147987,101.1304846827873,120.92410441061874,153.09780416344967,28.213697705950057,59.929151904675386,155.8256895645805,0.4017858834487353,0.6509475735598315,0.5342286715924998,0.481055765365566,0.0,0.5746050854284661,0.6789698278791261,0.7009528904483079,0.6467665392753917,0.8731633139130116,0.9627899307464,0.9891172914147521,0.3731633139130116,0.1627899307463999,0.039117291414752176,0.0035726063537429922,0.0005679528049540142,0.5604395604395604,0.43956043956043955,0.9835164835164835,0.9873644357526695,0.9652326962613798,0.9575750087643717,-7.992743015289307,0.00033784887637011707
696,2.5564656466518394e-06,2.5564656466518394e-06,1.0,8.923926946279165,4.744067217852618,3.245586923650793,3.245586923650793,3.3228841858941154,0.0,0.0,0.3118185223759832,1.6820968453948562,0.09060871923292005,1.6917407899289518,0.08592422205854107,0.016797294714362233,0.0,0.9810679007220913,0.0,0.0,0.0,2.5888849335747794,137.75555976661477,12.593781471252441,116.4908218383789,297.4697265625,1.0141483545303345,0.7339727282524109,0.25,4.0,0.560876190662384,0.4812942147254944,0.14955137323558376,0.0061768245978772295,4.01566358192547,3.3499420704068363,0.16578119604317715,1.0,0.6738823539501911,0.16269433619202794,1.0,0.17295771837234497,0.0,0.7291099042505831,0.12334617932100554,0.0,0.1475439200530181,,,,,,,,,,,,,,,,,,,,,,,,,,,,,,,,,,,,
697,2.544063706781866e-06,2.544063706781866e-06,1.0,8.954957137236724,4.790253871196025,3.219916298582747,3.219916298582747,3.275335563195718,0.0,0.0,0.3122238637627782,1.7138581437033575,0.09189225672870069,1.7158776682776373,0.08398235740291106,0.015842824538766936,0.0,0.9834199354455277,0.0,0.0,0.0,2.5661856483768775,138.42786716770482,12.917638778686523,117.86397552490234,298.6340026855469,1.012381911277771,0.7097229957580566,0.25,4.0,0.5592651963233948,0.4667891263961792,0.14010285589232957,0.0055257686836634205,3.5769313823532416,2.9126100814020313,0.1857238034334775,1.0,0.6718686625764176,0.16226233924562866,1.0,0.17383355506368586,0.0,0.7264680830208031,0.12438670183355743,0.0,0.14914522259622007,,,,,,,,,,,,,,,,,,,,,,,,,,,,,,,,,,,,
698,2.531689015660325e-06,2.531689015660325e-06,1.0,8.797210512934504,4.639022144111427,3.2273404404923722,3.2273404404923722,3.2754512670877816,0.0,0.0,0.3118851821164827,1.683013603493974,0.09176429119464513,1.6800851918555595,0.08283134106848691,0.013290642357959941,0.0,0.9939984308706747,0.0,0.0,0.0,2.4900973455325977,139.2435148084486,13.018954277038574,119.7200698852539,298.6340026855469,1.0132110118865967,0.7196013927459717,0.25,4.0,0.5618074536323547,0.471621036529541,0.14409125724915198,0.0063026589342378815,3.7967613355533496,3.190696841961629,0.159626702873435,1.0,0.6753863756721085,0.16157824203774734,1.0,0.17205758916365133,0.0,0.7305163225612125,0.12271557526813971,0.0,0.14676809310913086,,,,,,,,,,,,,,,,,,,,,,,,,,,,,,,,,,,,
699,2.519341697900216e-06,2.519341697900216e-06,1.0,8.914504721358016,4.705502123446078,3.279197190258954,3.279197190258954,3.3498609001572066,0.0,0.0,0.31206040849556793,1.6877855159140922,0.09293269970127054,1.6702596045829154,0.08137391296190184,0.01609608469329573,0.0,0.9954308867454529,0.0,0.0,0.0,2.516964931745787,138.95438343769794,13.121062278747559,119.7200698852539,296.3100280761719,1.0133609771728516,0.7117099165916443,0.25,4.0,0.5604919791221619,0.46502482891082764,0.1359858846700952,0.005714520188204399,3.6548453247224963,2.94961294612369,0.1929582009472187,1.0,0.6735824974807533,0.1617876661790384,1.0,0.17331932243463155,0.0,0.727660992661038,0.12380695665204847,0.0,0.1485320555197226,,,,,,,,,,,,,,,,,,,,,,,,,,,,,,,,,,,,
700,2.5070218778388933e-06,2.5070218778388933e-06,1.0,8.902354859017038,4.718120574951172,3.2544121935560897,3.2544121935560897,3.321496125814077,0.0,0.0,0.3109820017943511,1.6878396369315483,0.09250489139073603,1.676090975065489,0.08223779620351018,0.015194959560962947,0.0,0.9779252297169453,0.0,0.0,0.0,2.4962611488393835,138.7189755826383,13.198168754577637,118.32528686523438,297.4697265625,1.0135513544082642,0.7155333757400513,0.25,4.0,0.5573987364768982,0.4653705954551697,0.13977732793522268,0.00597165991902834,3.871862362365465,3.1412503364923836,0.18869783000930931,1.0,0.6688571507866318,0.16440750859879158,1.0,0.17600248472110644,0.0,0.7237627264615651,0.1255149468779564,0.0,0.1507223357219954,86.6603689298525,128.9909672205848,0.22169790145819954,2.1236767821259552,86.66036921237752,104.28286436993713,122.5829745344036,155.932087025891,24.362594059535436,65.43217693003574,155.67169919221297,0.48880993423686925,0.6664287709574407,0.5438123261033928,0.4978032049035459,0.0,0.5955981495376277,0.691083277284868,0.7215648096791085,0.6422488535755785,0.8728884980396467,0.9636326994247187,0.9897951705690521,0.37288849803964674,0.1636326994247187,0.03979517056905213,0.004726833021875343,0.0005496317467296911,0.5934065934065934,0.4065934065934066,0.9871794871794871,1.0053275925117535,0.9808368944041022,0.9717833033793575,-7.992709159851074,0.00033786031417548656
701,2.494729679536809e-06,2.494729679536809e-06,1.0,8.88430963980185,4.710036290658487,3.2358956465850004,3.2358956465850004,3.2981559328130774,0.0,0.0,0.3126481666758254,1.6916119794587832,0.09111961863330893,1.7017967700958252,0.08552419384186333,0.015809004987917236,0.0,0.9825282370721972,0.0,0.0,0.0,2.5292001447162114,139.33451740161792,12.968196868896484,118.78840637207031,298.6340026855469,1.0133442878723145,0.7210256457328796,0.25,4.0,0.5597020387649536,0.47091370820999146,0.14214082503556189,0.006135791662107452,3.866826303101875,3.2301376445873364,0.1646540621707787,1.0,0.6721848217216698,0.16327203246387276,1.0,0.1740053163186924,0.0,0.7272100061983675,0.1241056236463624,0.0,0.14868437216894045,,,,,,,,,,,,,,,,,,,,,,,,,,,,,,,,,,,,
702,2.482465226776262e-06,2.482465226776262e-06,1.0,8.856927897479084,4.6910690230292245,3.2370014770610913,3.2370014770610913,3.2884034272786735,0.0,0.0,0.31162327286359426,1.6745065547324516,0.09154334805301718,1.6819497282440599,0.08174945555023246,0.013563822099083179,0.0,0.9938185521074243,0.0,0.0,0.0,2.4723000075366044,140.1946440000792,13.121062278747559,120.18863677978516,300.9761962890625,1.0129812955856323,0.7255788445472717,0.25,4.0,0.5590680837631226,0.47244930267333984,0.1447997592734435,0.006505088084035452,3.4048196463971525,2.867405606282724,0.1578392090996947,1.0,0.671324423841528,0.1634568737165348,1.0,0.1740544752494709,0.0,0.7273890166669279,0.12411207464095708,0.0,0.14849891795499906,,,,,,,,,,,,,,,,,,,,,,,,,,,,,,,,,,,,
703,2.470228643060157e-06,2.470228643060157e-06,1.0,8.854311994604162,4.690080861787538,3.2298047220384754,3.2298047220384754,3.2939170502327584,0.0,0.0,0.3132015394197928,1.683926008843087,0.09100820406063183,1.6949977069287687,0.08325404955728634,0.015705243105421197,0.0,0.9791449533926474,0.0,0.0,0.0,2.505463770917944,140.62650402172193,13.198168754577637,118.78840637207031,303.3368225097656,1.0127876996994019,0.7176300287246704,0.25,4.0,0.559628427028656,0.47352567315101624,0.14165116533537586,0.006034577087208666,3.9863825561227024,3.1495386772864573,0.20992563233825437,1.0,0.6722334301149523,0.16257581034222165,1.0,0.1743930976938557,0.0,0.7265907203828966,0.12412506160703865,0.0,0.1492842081430796,,,,,,,,,,,,,,,,,,,,,,,,,,,,,,,,,,,,
704,2.458020051610753e-06,2.458020051610753e-06,1.0,8.910504444225415,4.744549171344654,3.2332317893569535,3.2332317893569535,3.296575269183597,0.0,0.0,0.3117417266239991,1.679570488027624,0.09085982091523506,1.6891474466066103,0.08436208470044909,0.015261130140011979,0.0,0.9910543383778753,0.0,0.0,0.0,2.545579008153967,140.44519146068677,12.917638778686523,119.7200698852539,303.3368225097656,1.0144741535186768,0.7270983457565308,0.25,4.0,0.5634412169456482,0.47649073600769043,0.14697997592734435,0.006143998249261407,4.025326549201398,3.0165112711287834,0.25061700355037225,1.0,0.6773930498071619,0.16207912080996745,1.0,0.17158086517372648,0.0,0.7315042357187014,0.12264851702226175,0.0,0.14584724564810056,,,,,,,,,,,,,,,,,,,,,,,,,,,,,,,,,,,,
705,2.4458395753684344e-06,2.4458395753684344e-06,1.0,8.89978566040864,4.721616976969951,3.2449882803736507,3.2449882803736507,3.305280221475137,0.0,0.0,0.31175013973906235,1.6860363998928585,0.0912212185763024,1.6878036099511224,0.0831716743272704,0.015191703795681934,0.0,0.991013844270964,0.0,0.0,0.0,2.527991842579197,139.86687201422615,12.993551254272461,117.40447998046875,303.3368225097656,1.0141029357910156,0.7305179238319397,0.25,4.0,0.5613916516304016,0.4799589514732361,0.14677207571944414,0.006466790677316993,5.187124031621057,4.400306388333037,0.15168668389102058,1.0,0.6746880798726469,0.16223085490432945,1.0,0.17227600394068537,0.0,0.7296528510145239,0.12314009042205037,0.0,0.1472070486964406,88.87822174239945,128.8171456050883,0.22829766200713936,11.099115183065226,88.87822153222893,106.58890305219516,124.82470410086462,158.52153961637725,22.14477321079799,69.10730625123017,154.4778356137483,0.5367357084907883,0.6694952895297734,0.5451418365660301,0.49723755727020774,0.0,0.597073029441697,0.698458024821014,0.7338569008050096,0.6416179652064669,0.8728884980396467,0.9641273679967755,0.9901249496170899,0.37288849803964674,0.1641273679967754,0.0401249496170899,0.0051298963028104504,0.0007145212707485984,0.5879120879120879,0.41208791208791207,0.9862637362637363,1.0222131227562716,0.9957738681645184,0.9857542160284388,-7.992445945739746,0.0003379492263775319
706,2.433687336990459e-06,2.433687336990459e-06,1.0,8.867946238131136,4.718253973368052,3.219680708807868,3.219680708807868,3.273049122578389,0.0,0.0,0.31022956484072917,1.6773948637214866,0.09054082873705271,1.6849539408812653,0.0835340921137784,0.014336138485452614,0.0,0.9891052954905742,0.0,0.0,0.0,2.53668796049582,139.77689938931852,12.643072128295898,117.86397552490234,303.3368225097656,1.0150809288024902,0.7330495715141296,0.25,4.0,0.5612044334411621,0.4788559675216675,0.15588138746033484,0.006464055148265675,4.632709221259968,3.6151367780324577,0.21964953866687079,1.0,0.6743195910711546,0.16259934209488533,1.0,0.17309271161620682,0.0,0.730029779511529,0.1228913314439155,0.0,0.14707888401037938,,,,,,,,,,,,,,,,,,,,,,,,,,,,,,,,,,,,
707,2.421563458849732e-06,2.421563458849732e-06,1.0,8.872970555279705,4.725607691584407,3.2106025927775614,3.2106025927775614,3.257158575831233,0.0,0.0,0.3115243919797846,1.6994711708378147,0.09206151539409482,1.6898509908366848,0.08484378225497298,0.01645161908094746,0.0,0.9807576972085077,0.0,0.0,0.0,2.5962007013527124,140.6675784136798,12.742232322692871,117.86397552490234,305.7159118652344,1.014345645904541,0.725721001625061,0.25,4.0,0.5584995746612549,0.47155821323394775,0.1476802713644819,0.006464055148265675,4.180350128057841,3.4664076655297666,0.17078532674481176,1.0,0.6703173663165118,0.16439786613792987,1.0,0.17515088939988935,0.0,0.7257777742437415,0.12491560042709918,0.0,0.14930662190591967,,,,,,,,,,,,,,,,,,,,,,,,,,,,,,,,,,,,
708,2.4094680630335754e-06,2.4094680630335754e-06,1.0,8.861519890862542,4.700650550223686,3.223458058125264,3.223458058125264,3.2757592974482357,0.0,0.0,0.3131096073099085,1.6972257897660539,0.09160972527555518,1.6879181314159084,0.08532671851886285,0.015854308916557883,0.0,0.9925078733547313,0.0,0.0,0.0,2.5520348420014254,142.97230158625422,13.044405937194824,121.13129425048828,308.1136779785156,1.0141239166259766,0.7182573080062866,0.25,4.0,0.5622087717056274,0.4708244204521179,0.1426031294452347,0.0054737936316883685,3.625492838588921,2.923167161039404,0.1937186773820437,1.0,0.6759293127704311,0.1614748859727705,1.0,0.17199845048221382,0.0,0.730292666602779,0.12283135608241365,0.0,0.14687597449566867,,,,,,,,,,,,,,,,,,,,,,,,,,,,,,,,,,,,
709,2.397401271342486e-06,2.397401271342486e-06,1.0,8.77756489934148,4.6339155016718685,3.2141528902827083,3.2141528902827083,3.2760947137265592,0.0,0.0,0.31074330532873,1.6807022996850915,0.09133288244137892,1.6803597050744135,0.08368264048083408,0.01525155792163836,0.0,0.9730044265051145,0.0,0.0,0.0,2.511405442212079,143.34041987238703,13.27573013305664,120.65904998779297,309.319580078125,1.0126432180404663,0.7192527651786804,0.25,4.0,0.5582671761512756,0.472190797328949,0.138732355837619,0.005744611007768903,3.6238460194420172,2.9904904760218955,0.1747744081901258,1.0,0.6702043381897179,0.16375965363270528,1.0,0.17443975484048999,0.0,0.72516012836147,0.1251996467645104,0.0,0.14964023111639796,,,,,,,,,,,,,,,,,,,,,,,,,,,,,,,,,,,,
710,2.3853632052889245e-06,2.3853632052889245e-06,1.0,8.922377689464673,4.728307466249208,3.2561945013097815,3.2561945013097815,3.325483985849329,0.0,0.0,0.3120644148942587,1.698442639531316,0.09088734879687026,1.6944244230115735,0.08475498613473531,0.01690216937001694,0.0,0.9853752287658485,0.0,0.0,0.0,2.539277382799097,142.79742225440773,13.095459938049316,120.18863677978516,309.319580078125,1.0121207237243652,0.7220603823661804,0.25,4.0,0.5596591234207153,0.4761084318161011,0.14129281102965313,0.006822409453988401,4.253174752802463,3.114157758854531,0.26780394884960257,1.0,0.6722507750665819,0.16305701394338865,1.0,0.1726196770732467,0.0,0.7273407626796413,0.12460939727119498,0.0,0.1480498418614671,85.26733725411552,127.79340069295186,0.22108148810638187,-4.132005460969695,85.26733596606927,103.28330391621412,121.4332195615808,154.63201169786626,26.84177725655692,64.45688504950945,152.51792974057406,0.49461527371303105,0.6645995393452434,0.5412461359696357,0.49628070665911356,0.0,0.5934042113273512,0.6950375929291559,0.7224460434968711,0.6421210526024489,0.8727236085156279,0.9628998570957459,0.9897585284526034,0.3727236085156279,0.16289985709574584,0.039758528452603414,0.004561943497856436,0.0011725477263566744,0.5879120879120879,0.41208791208791207,0.9826007326007326,0.9983127883502415,0.9756226554349229,0.9676023598883178,-7.992498397827148,0.00033793150214478374
711,2.373353986096084e-06,2.373353986096084e-06,1.0,8.880523655865643,4.740147397324845,3.203889022002349,3.203889022002349,3.25220791069237,0.0,0.0,0.31171242933015564,1.69707854374035,0.09039245586137513,1.6943831540442802,0.08285072053203711,0.015298061469267751,0.0,0.9915921172580203,0.0,0.0,0.0,2.557264730737016,142.3150199683937,12.993551254272461,120.18863677978516,308.1136779785156,1.0143647193908691,0.7196488976478577,0.25,4.0,0.5631548762321472,0.47313010692596436,0.14353594485173432,0.006291716818032607,3.591390053968172,2.7939586204451485,0.2220397733300874,1.0,0.6771371267937325,0.16145818801345052,1.0,0.17223479739717534,0.0,0.7308852785342449,0.12267992383724935,0.0,0.14643479078202634,,,,,,,,,,,,,,,,,,,,,,,,,,,,,,,,,,,,
712,2.3613737346966653e-06,2.3613737346966653e-06,1.0,8.91627919996107,4.732802159077412,3.240082070634172,3.240082070634172,3.3151087954237655,0.0,0.0,0.31126656806146774,1.695274578558432,0.09022496781639151,1.7156449781881797,0.08715436587462554,0.020775963089781236,0.0,0.997234727885272,0.0,0.0,0.0,2.6261546772879525,141.44132418245883,12.593781471252441,117.86397552490234,308.1136779785156,1.01454496383667,0.7255896329879761,0.25,4.0,0.5663012862205505,0.48242154717445374,0.1505881387460335,0.006239741766057555,4.992043177823763,3.915457792378761,0.2156602711746435,1.0,0.6818008922241829,0.15938370755395373,1.0,0.16959562776861964,0.0,0.7350720827643936,0.12102958137119138,0.0,0.14389833687125025,,,,,,,,,,,,,,,,,,,,,,,,,,,,,,,,,,,,
713,2.349422571731669e-06,2.349422571731669e-06,1.0,8.853078971037993,4.654070003612621,3.267929521766869,3.267929521766869,3.338415210311477,0.0,0.0,0.31243286986608765,1.6767866385949624,0.09104757574764458,1.6808220405836363,0.08463393725656174,0.01530197447140676,0.0,0.9924829505585335,0.0,0.0,0.0,2.5052157124957524,142.53964501458245,12.917638778686523,120.65904998779297,308.1136779785156,1.014418363571167,0.7267112731933594,0.25,4.0,0.5639246106147766,0.48230835795402527,0.1449201225517015,0.006340956340956341,4.236429113794017,3.2865497445737994,0.22421698645384264,1.0,0.678313672542572,0.16092990801946536,1.0,0.17098565762107437,0.0,0.7312494548591407,0.1226620311672623,0.0,0.1460885175982037,,,,,,,,,,,,,,,,,,,,,,,,,,,,,,,,,,,,
714,2.337500617549174e-06,2.337500617549174e-06,1.0,8.874867233070168,4.71316063081896,3.226713206316974,3.226713206316974,3.2801815045846476,0.0,0.0,0.3125497739057283,1.6922819775504034,0.09120605281881385,1.6903891692290436,0.08257532522485063,0.015015577765282345,0.0,0.9904739615079519,0.0,0.0,0.0,2.508459261945776,141.65976921287742,13.121062278747559,118.78840637207031,306.9124450683594,1.0151287317276,0.7318967580795288,0.25,4.0,0.5612313747406006,0.476839542388916,0.15222124958967065,0.00625068388226283,3.4782384215174496,2.7946723377382434,0.19652651743205893,1.0,0.6741412861927135,0.16339039158176732,1.0,0.17363465275313403,0.0,0.7297383611266678,0.12302324880619307,0.0,0.1472383910739744,,,,,,,,,,,,,,,,,,,,,,,,,,,,,,,,,,,,
715,2.325607992203123e-06,2.325607992203123e-06,1.0,8.839595124528214,4.723918012670569,3.1771015798723377,3.1771015798723377,3.2185420732240417,0.0,0.0,0.31154689756599635,1.6982047718924445,0.09103505957770992,1.6915317290538066,0.08786939467127258,0.017654149629477714,0.0,0.9833694712535755,0.0,0.0,0.0,2.5938324767190055,141.10107628074852,13.069908142089844,118.78840637207031,305.7159118652344,1.0148555040359497,0.7213966846466064,0.25,4.0,0.5616965889930725,0.47324472665786743,0.14973738921107344,0.005747346536820221,4.22432224492769,3.4843616968876607,0.17516669068713417,1.0,0.6749265419470297,0.16249398484423355,1.0,0.1740772639577453,0.0,0.7290321556297509,0.12329809951621133,0.0,0.14766975109641617,88.85630511189555,129.30671776974665,0.22756831937147445,-0.1871200184245686,88.85630277574616,106.72928936424117,125.01273234058756,158.61220396743474,20.152762821742467,67.90438245433245,158.06767073921534,0.5409176989195752,0.6713622328527401,0.5432291307024187,0.4992240914090415,0.0,0.6011121377119623,0.6994754746278067,0.7289116519524224,0.6419175882681433,0.873126671796563,0.9627532886299512,0.9890440071818548,0.373126671796563,0.1627532886299512,0.039044007181854856,0.0052581437103807116,0.0013191161921512586,0.5659340659340659,0.4340659340659341,0.977106227106227,1.0230821701032775,0.9985458291657678,0.9897314272411577,-7.992823123931885,0.00033782178070396185
716,2.3137448154521254e-06,2.3137448154521254e-06,1.0,8.923906429393872,4.752707829346528,3.234339005238301,3.234339005238301,3.299012796298878,0.0,0.0,0.3115566719222713,1.6966746755548425,0.09207551221589784,1.6903446912765503,0.08507313186655173,0.015403171208359906,0.0,0.9924591425302867,0.0,0.0,0.0,2.5167644120551445,144.4291837537611,13.301684379577637,122.08133697509766,312.96575927734375,1.0132782459259033,0.7178860306739807,0.25,4.0,0.5619503855705261,0.47275349497795105,0.14231042783674364,0.00625068388226283,4.194709062576294,3.346442945100166,0.20222287286716914,1.0,0.6755808285764746,0.16156860340285945,1.0,0.17189000426111994,0.0,0.7297514822032001,0.12308426765171257,0.0,0.14716425236012484,,,,,,,,,,,,,,,,,,,,,,,,,,,,,,,,,,,,
717,2.3019112067582378e-06,2.3019112067582378e-06,1.0,8.897289868947622,4.733043760866733,3.231172226570748,3.231172226570748,3.289936619835931,0.0,0.0,0.3117509830642391,1.6919312831517812,0.09083668968162022,1.6862929479495898,0.0805394494452992,0.017869073315523565,0.0,0.990400800833831,0.0,0.0,0.0,2.5629855265488497,143.36410398741026,13.379852294921875,120.65904998779297,310.53021240234375,1.0145641565322876,0.7218378186225891,0.25,4.0,0.5623601078987122,0.47337278723716736,0.14404201772622827,0.005936098041361199,4.2719013255995675,3.422794385939031,0.19876557882370166,1.0,0.6758607706508121,0.162446761856208,1.0,0.17269436652595932,0.0,0.7300537470224742,0.12299480490587852,0.0,0.1469514474675462,,,,,,,,,,,,,,,,,,,,,,,,,,,,,,,,,,,,
718,2.290107285285767e-06,2.290107285285767e-06,1.0,8.84139566163759,4.724363430126293,3.1787637762121252,3.1787637762121252,3.2217668004938074,0.0,0.0,0.3129009298376135,1.6890697672560409,0.09134843482359035,1.7044149508347382,0.08329363298174497,0.01608797093551304,0.0,0.9985243806967864,0.0,0.0,0.0,2.521512975563874,143.53596682161898,13.353744506835938,122.08133697509766,309.319580078125,1.0150798559188843,0.7321537733078003,0.25,4.0,0.5619856119155884,0.47522345185279846,0.15210635736951528,0.006778640989167305,4.033872208885245,3.226662781592962,0.20010783324129,1.0,0.675260258687509,0.1627752857433783,1.0,0.17352477642329964,0.0,0.7307550133885564,0.1222878905969697,0.0,0.14695709077893077,,,,,,,,,,,,,,,,,,,,,,,,,,,,,,,,,,,,
719,2.2783331699000727e-06,2.2783331699000727e-06,1.0,8.794068413811761,4.649394189989245,3.2110624055604675,3.2110624055604675,3.2682317463127344,0.0,0.0,0.31188813415733546,1.67382580202979,0.09057435916887747,1.699939344380353,0.08406820601305447,0.015297647276138132,0.0,0.9905725798091373,0.0,0.0,0.0,2.528856090597204,144.50604804786477,13.198168754577637,122.55914306640625,311.74560546875,1.012550950050354,0.7350593209266663,0.25,4.0,0.5614492297172546,0.48216482996940613,0.15012309880730934,0.006893533209322683,4.5827848726027725,3.573885842755034,0.22014976873106826,1.0,0.6748715542458199,0.16188139609388402,1.0,0.17173576435527285,0.0,0.731037354147112,0.12253262585884817,0.0,0.14643002361864657,,,,,,,,,,,,,,,,,,,,,,,,,,,,,,,,,,,,
720,2.2665889791663674e-06,2.2665889791663674e-06,1.0,8.808527869147223,4.676407865575842,3.195325297278327,3.195325297278327,3.242212018451175,0.0,0.0,0.31134685471251206,1.6969668124173138,0.09118235836157927,1.6901977223318976,0.08502207535344201,0.01723717204672662,0.0,0.9894694782592155,0.0,0.0,0.0,2.627894056809915,143.7749596673089,12.968196868896484,121.60538482666016,311.74560546875,1.0134613513946533,0.7243233323097229,0.25,4.0,0.5608381032943726,0.4762412905693054,0.1438560017507386,0.0060291060291060294,4.036192133217244,3.298893927722364,0.18267173146368051,1.0,0.6737142253566433,0.16329454288289352,1.0,0.17253793212207588,0.0,0.7279293778780345,0.12447994061418481,0.0,0.1475906831187171,83.86808342986055,130.2960934025572,0.21183101373123145,-21.48475003504491,83.86808316651985,101.00093251523502,120.18118055962181,152.50178908865536,22.826445988246373,61.31589129544044,156.40121924358866,0.44653027000457995,0.6574917489323392,0.5356907140056874,0.48788569819935407,0.0,0.5855930032888665,0.6845581748658974,0.697438093778411,0.6407721778613957,0.8757649041808655,0.9632113150855593,0.9891905756476495,0.3757649041808655,0.1632113150855593,0.039190575647649495,0.004781796196548313,0.0015939320655161042,0.5164835164835165,0.4835164835164835,0.9826007326007327,0.9795176765912181,0.9588143506220409,0.9519006162063106,-7.992950916290283,0.00033777864882722497
721,2.25487483134852e-06,2.25487483134852e-06,1.0,8.883093034898913,4.7674202661256535,3.1782826861819706,3.1782826861819706,3.2225593811756856,0.0,0.0,0.30999904629346486,1.6858084105156563,0.09105236123542527,1.7011173705796938,0.08762873487698065,0.018449925100179138,0.0,0.9863684773445129,0.0,0.0,0.0,2.6555961531561776,144.20460737073745,12.942893028259277,121.60538482666016,312.96575927734375,1.0139250755310059,0.7227293848991394,0.25,4.0,0.5635982155799866,0.47642964124679565,0.14550279023963233,0.00587865193128351,6.3262792535730314,4.933152151268882,0.22021271057823172,1.0,0.6776511153659305,0.1619642735333056,1.0,0.171001192282986,0.0,0.7315001584388114,0.12287015769932721,0.0,0.14562968607689883,,,,,,,,,,,,,,,,,,,,,,,,,,,,,,,,,,,,
722,2.2431908444078665e-06,2.2431908444078665e-06,1.0,8.805500984191895,4.634913766706312,3.2422515121666162,3.2422515121666162,3.298382140494682,0.0,0.0,0.31297667767550497,1.673153593733504,0.09119937790406717,1.6737539768218994,0.08285872255628174,0.014091130578890443,0.0,0.9960560299254753,0.0,0.0,0.0,2.5378047131203316,145.59433251458245,13.172416687011719,122.55914306640625,315.42034912109375,1.0149261951446533,0.730991780757904,0.25,4.0,0.5630635023117065,0.47866371273994446,0.14727267753583542,0.0059032716927453766,4.209306831295426,3.6957272057597703,0.12201049866863713,1.0,0.676862312329782,0.16232447648370588,1.0,0.17133997541827126,0.0,0.7316513754226066,0.1226608596138052,0.0,0.14568776315128482,,,,,,,,,,,,,,,,,,,,,,,,,,,,,,,,,,,,
723,2.2315371360020284e-06,2.2315371360020284e-06,1.0,8.88607880875871,4.729026614008723,3.2223522212054276,3.2223522212054276,3.285348125406214,0.0,0.0,0.31206589534476,1.6991117290548376,0.09124912986078777,1.6894187572840098,0.08057360693409636,0.01442739089661454,0.0,0.9876988755690085,0.0,0.0,0.0,2.5664742669543705,144.20457973995724,13.121062278747559,120.18863677978516,314.190673828125,1.0140080451965332,0.7218080759048462,0.25,4.0,0.5609080195426941,0.4746089577674866,0.14297242586716272,0.006223328591749644,3.919370534452232,3.3898727112525218,0.1350976690122289,1.0,0.673833700450691,0.16325330975893382,1.0,0.17214705654092738,0.0,0.7280273727468543,0.12437664979212992,0.0,0.14759597887058515,,,,,,,,,,,,,,,,,,,,,,,,,,,,,,,,,,,,
724,2.2199138234837214e-06,2.2199138234837214e-06,1.0,8.893223736737225,4.733981789769353,3.224415856438714,3.224415856438714,3.281177282333374,0.0,0.0,0.3119570435704412,1.6858548860292177,0.09129346584951556,1.688559941343359,0.08607647678739316,0.014780444804125943,0.0,0.9916030861235954,0.0,0.0,0.0,2.541598310341706,144.06030087857633,13.095459938049316,120.65904998779297,314.190673828125,1.0148404836654663,0.7291778326034546,0.25,4.0,0.5617190003395081,0.476421058177948,0.1511051537367327,0.006499617025932815,3.8919514691507495,3.2002718432529553,0.1777205166560629,1.0,0.6749389880412334,0.16286347443993027,1.0,0.17270151022318248,0.0,0.7299449782113772,0.12308575756646492,0.0,0.14696926321532275,,,,,,,,,,,,,,,,,,,,,,,,,,,,,,,,,,,,
725,2.2083210238995696e-06,2.2083210238995696e-06,1.0,8.84700007052035,4.657661489538245,3.2576510326282397,3.2576510326282397,3.3274526918256604,0.0,0.0,0.31164718238083094,1.6869740550582473,0.09143075588587168,1.6793413806605983,0.08375844248646014,0.015096547056895655,0.0,0.9862771404756082,0.0,0.0,0.0,2.513882166630513,143.85149466024862,13.121062278747559,119.7200698852539,312.96575927734375,1.0158694982528687,0.7305232286453247,0.25,4.0,0.5595400333404541,0.47877874970436096,0.15167961483750958,0.0066281868913447865,3.4666581186088354,2.6860897218858875,0.2251645158006492,1.0,0.6716607583535684,0.16439879705777038,1.0,0.17502718600066933,0.0,0.725528359413147,0.12502967465568232,0.0,0.14944196794484113,87.50230845776233,129.25028565187083,0.22333579063947429,0.7946826599456451,87.50230633132846,105.76309062380548,123.84924202191989,157.1425108037349,20.49232973371233,66.70149372899255,156.0321986986243,0.5326284777094609,0.6667342644735929,0.5407375581979212,0.4949413702059171,0.0,0.594977341625321,0.6939336735819989,0.7264473560609432,0.6409263886816803,0.8733831666117035,0.9630281045033161,0.9895753178703602,0.37338316661170345,0.16302810450331606,0.03957531787036028,0.004891722545894251,0.0018137847642079807,0.5659340659340659,0.4340659340659341,0.978021978021978,1.0129750750877045,0.9888522889424156,0.9801765428139613,-7.9930739402771,0.00033773708855733275
726,2.1967588539889385e-06,2.1967588539889385e-06,1.0,8.972599003766033,4.82663106918335,3.2086446220810347,3.2086446220810347,3.2612559730942183,0.0,0.0,0.3113691540988716,1.6875348928812388,0.09133939283925134,1.7021544688456767,0.08586268801544164,0.016567151232093975,0.0,0.9830101937861055,0.0,0.0,0.0,2.566927987176019,144.2195919139965,13.249826431274414,122.08133697509766,311.74560546875,1.0124833583831787,0.7242017388343811,0.25,4.0,0.5595403909683228,0.4753652811050415,0.1495240179450706,0.007156143998249261,5.722075027388495,4.052739890846047,0.29173597489586195,1.0,0.672005170100444,0.16326648923190865,1.0,0.1734804937968383,0.0,0.7279597569156337,0.12395253415043289,0.0,0.14808770853119926,,,,,,,,,,,,,,,,,,,,,,,,,,,,,,,,,,,,
727,2.185227430182751e-06,2.185227430182751e-06,1.0,8.946723474038613,4.785549408680684,3.219268528190819,3.219268528190819,3.2745002540382178,0.0,0.0,0.31245076978528824,1.7086012009027842,0.09231514040682767,1.7054937916833002,0.08312008680926787,0.01527645527007612,0.0,0.9955626468400698,0.0,0.0,0.0,2.551303090275945,143.70666462666279,13.069908142089844,120.65904998779297,312.96575927734375,1.015033483505249,0.7238172292709351,0.25,4.0,0.5615687370300293,0.47365278005599976,0.14561768245978773,0.006040048145311303,3.929472611562626,3.202349323678661,0.18504348032465637,1.0,0.6747549562840849,0.16278700208341754,1.0,0.17287432039911682,0.0,0.72905289482426,0.12357773933861707,0.0,0.14736936080294685,,,,,,,,,,,,,,,,,,,,,,,,,,,,,,,,,,,,
728,2.173726868602316e-06,2.173726868602316e-06,1.0,8.871073903264227,4.746821983440502,3.184518356580992,3.184518356580992,3.2257509940379374,0.0,0.0,0.3123142187659805,1.6973259255692765,0.09151471345811277,1.7023850776053764,0.08409288142983978,0.016664489883476415,0.0,0.9987369292491192,0.0,0.0,0.0,2.561668801952053,143.9289171373522,12.968196868896484,121.60538482666016,311.74560546875,1.0143707990646362,0.7277453541755676,0.25,4.0,0.5621193647384644,0.4763834476470947,0.15040485829959513,0.0065242367873946825,4.511261011297639,3.819012585523966,0.15344898555859687,1.0,0.6757247270764531,0.16169964864447312,1.0,0.1727257358866769,0.0,0.7310236434678774,0.12217430770397186,0.0,0.14680204419670878,,,,,,,,,,,,,,,,,,,,,,,,,,,,,,,,,,,,
729,2.1622572850581607e-06,2.1622572850581607e-06,1.0,8.881174744786444,4.73569730810217,3.211661873637019,3.211661873637019,3.268205198081764,0.0,0.0,0.3119105954427977,1.6792552020098712,0.09274243039859308,1.6903915824116886,0.08536594441613636,0.01593070030464111,0.0,0.991684391691878,0.0,0.0,0.0,2.538920354198765,145.18583555479307,13.044405937194824,122.08133697509766,315.42034912109375,1.0121153593063354,0.730987012386322,0.25,4.0,0.5616572499275208,0.48274728655815125,0.1469143232301127,0.007219061166429588,5.008738548369021,4.212949872016907,0.15888005905423924,1.0,0.6754220031403206,0.16079017600497683,1.0,0.17118955705616926,0.0,0.731159904518643,0.12220551254781517,0.0,0.1466345750802272,,,,,,,,,,,,,,,,,,,,,,,,,,,,,,,,,,,,
730,2.150818795048866e-06,2.150818795048866e-06,1.0,8.85758165411047,4.674361860429919,3.247633102777842,3.247633102777842,3.3196845892313362,0.0,0.0,0.3122121820578704,1.6907772502383671,0.0913120149760633,1.6951980429726679,0.08277580917284295,0.016141892511498283,0.0,0.9869041700620909,0.0,0.0,0.0,2.5996016747242696,144.53009981722445,12.915177345275879,120.18863677978516,316.6548767089844,1.01522696018219,0.7248902916908264,0.25,4.0,0.56165611743927,0.4745689034461975,0.15081792318634424,0.006040048145311303,4.50849292729352,3.8786996651340173,0.13969041813215657,1.0,0.6749538859805545,0.16240706757919207,1.0,0.17292046828849897,0.0,0.72970010461034,0.12313632566381146,0.0,0.14716357878736547,86.78645278595306,128.46629811556525,0.2270402717504649,6.563896053439969,86.78645572845772,105.54467787289154,123.38129516272977,157.02236114352934,25.367318289620535,66.84394570284111,152.05856920325238,0.47225648735508163,0.6717517990052373,0.5437560586231376,0.5017382928435433,0.0,0.6006802375290059,0.7015045238331352,0.7332690896512445,0.6401478303038052,0.8732365981459089,0.9633395624931296,0.9895386757539115,0.3732365981459089,0.16333956249312953,0.03953867575391157,0.0051298963028104504,0.002070279579348503,0.5989010989010989,0.4010989010989011,0.978937728937729,1.0171893035972512,0.9912934646337896,0.9818156890489242,-7.9928202629089355,0.0003378227702341974
731,2.1394115137598965e-06,2.1394115137598965e-06,1.0,8.96067897693531,4.803333978395204,3.2210776805877686,3.2210776805877686,3.273289944674518,0.0,0.0,0.3122112026085725,1.6879829844912968,0.09077655362921792,1.6913835261319135,0.08562016305891243,0.017156154615804553,0.0,0.9965436104181651,0.0,0.0,0.0,2.566457236135328,146.12440635062552,12.917638778686523,121.60538482666016,320.38751220703125,1.0136449337005615,0.7236594557762146,0.25,4.0,0.5641342997550964,0.4807136654853821,0.1474176605755553,0.006461319619214356,4.410247485379915,3.5901914641663835,0.18594331132936157,1.0,0.6789782401677724,0.1592554780277046,1.0,0.170925054598499,0.0,0.7324213433910061,0.12176852451788413,0.0,0.14581013027880643,,,,,,,,,,,,,,,,,,,,,,,,,,,,,,,,,,,,
732,2.128035556062449e-06,2.128035556062449e-06,1.0,8.92277529432967,4.7953246735237745,3.190790015297967,3.190790015297967,3.2404449759302913,0.0,0.0,0.30995221959578023,1.6995647984582025,0.09136272825904794,1.6859467931695886,0.08663159528294125,0.016059445255008097,0.0,0.9944269254400924,0.0,0.0,0.0,2.5924377699156067,145.3481078276763,12.968196868896484,121.13129425048828,317.8942565917969,1.0143684148788452,0.7259346842765808,0.25,4.0,0.5625652074813843,0.4802192747592926,0.14539884013568224,0.006836087099244994,4.227965313035089,3.5513627674128556,0.1600302972061346,1.0,0.6764448107899846,0.1611419295942461,1.0,0.1724000726197217,0.0,0.7301483669796506,0.12275963639085358,0.0,0.14709199562266068,,,,,,,,,,,,,,,,,,,,,,,,,,,,,,,,,,,,
733,2.1166910365122932e-06,2.1166910365122932e-06,1.0,8.873563096329972,4.724259943575473,3.2172387548395105,3.2172387548395105,3.2770602896406844,0.0,0.0,0.30999136857084325,1.682146262478184,0.09045525922163113,1.686719275809623,0.08449083536460593,0.016990239046060958,0.0,0.9891256335619334,0.0,0.0,0.0,2.5688349072997636,145.74297332763672,13.146714210510254,122.08133697509766,316.6548767089844,1.0127393007278442,0.7229300737380981,0.25,4.0,0.5616968274116516,0.4769289493560791,0.14643560564613195,0.006674690885217201,5.878212020203874,4.772555532487663,0.18809401292705719,1.0,0.6754164115802662,0.16092943661921733,1.0,0.17166111034315987,0.0,0.730686012152079,0.12259711405715427,0.0,0.14671687157572927,,,,,,,,,,,,,,,,,,,,,,,,,,,,,,,,,,,,
734,2.105378069348612e-06,2.105378069348612e-06,1.0,8.932861895174593,4.795981033428295,3.1974520425538757,3.1974520425538757,3.2398247718811035,0.0,0.0,0.3107562604788187,1.6994875379510828,0.09225354263105907,1.7011571059355866,0.084088886408387,0.017189204629913375,0.0,1.001470200113348,0.0,0.0,0.0,2.626670205915296,145.27812854663745,12.817113876342773,120.65904998779297,317.8942565917969,1.0159777402877808,0.7235658168792725,0.25,4.0,0.5634524822235107,0.47116124629974365,0.14856111171900646,0.005761024182076814,7.193391379472372,6.025834578920055,0.16230964491715955,1.0,0.6775780642354811,0.16135263865863955,1.0,0.17157282660136353,0.0,0.7321079808312494,0.12194616609328501,0.0,0.1459458589151099,,,,,,,,,,,,,,,,,,,,,,,,,,,,,,,,,,,,
735,2.094096768492861e-06,2.094096768492861e-06,1.0,8.803241987486143,4.679950250161661,3.184518794755678,3.184518794755678,3.221603354892215,0.0,0.0,0.3115361461768279,1.7076465729120616,0.09089626130220052,1.6981303852957648,0.08210910685561798,0.015000027182788865,0.0,0.9891075846311208,0.0,0.0,0.0,2.598982218149546,144.20800059550518,12.69255542755127,118.78840637207031,316.6548767089844,1.014220118522644,0.7377529144287109,0.25,4.0,0.55823814868927,0.48013538122177124,0.15151001203632783,0.007358573148046832,3.8863396112983293,3.2801560082951107,0.15597803167817023,1.0,0.6699187143428905,0.16487943280387568,1.0,0.17417200634608399,0.0,0.7269702940373808,0.12479407400698275,0.0,0.1482356305460672,85.98541704114977,133.16401370789805,0.22006708783827314,-23.471039069877875,85.98541693572768,103.02587445932367,121.430773869013,153.68224815580564,25.347152709960938,63.83174263414487,157.339587667714,0.45125294234228797,0.6576978490974139,0.5350609471210791,0.4880355233029519,0.0,0.5868622284343814,0.682915127545092,0.7043504815717534,0.6440256987117131,0.8740244036495548,0.9621670147667729,0.9885676596680224,0.3740244036495548,0.16216701476677287,0.03856765966802245,0.004580264556080759,0.0026748745007511635,0.4945054945054945,0.5054945054945055,0.9835164835164835,0.986663339147856,0.9666868688968512,0.960160500564418,-7.992863655090332,0.0003378081019036472
736,2.0828472475476154e-06,2.0828472475476154e-06,1.0,8.780472007957664,4.623272483413284,3.2299909784987166,3.2299909784987166,3.2945847317979142,0.0,0.0,0.31084178670032603,1.6606597707078263,0.09132499952574034,1.6771656564764075,0.08597521040890668,0.014754619726256744,0.0,0.9977858517621014,0.0,0.0,0.0,2.546604195156613,149.38098763130807,12.842171669006348,125.4655532836914,325.4328918457031,1.0143572092056274,0.7302830815315247,0.25,4.0,0.5660454630851746,0.4832466244697571,0.14951854688696795,0.005875916402232192,5.6236698820784286,4.944040171197943,0.12085163694375743,1.0,0.6816262747790363,0.1588285118341446,1.0,0.16911988564439723,0.0,0.7361367183762628,0.12014721072203405,0.0,0.14371606506205895,,,,,,,,,,,,,,,,,,,,,,,,,,,,,,,,,,,,
737,2.071629619795425e-06,2.071629619795425e-06,1.0,8.821261045095083,4.667191969381796,3.228733777999878,3.228733777999878,3.270925032125937,0.0,0.0,0.312674768067695,1.6581425666809082,0.09191175691179328,1.6750283370146881,0.08155304545889029,0.013416713518971527,0.0,1.0076693070901406,0.0,0.0,0.0,2.4453310322117163,149.33704252500792,13.172416687011719,125.95661163330078,324.1641540527344,1.014623761177063,0.7332055568695068,0.25,4.0,0.5643956065177917,0.482913613319397,0.15265072765072765,0.006847029215450268,5.872673134546022,5.1333079853573365,0.12589925103090913,1.0,0.6793343891968598,0.15936170135800903,1.0,0.17003977822290883,0.0,0.7343271116952639,0.12082004204795167,0.0,0.1448528444444811,,,,,,,,,,,,,,,,,,,,,,,,,,,,,,,,,,,,
738,2.0604439981976754e-06,2.0604439981976754e-06,1.0,8.81420238597973,4.66612146996163,3.212221061861193,3.212221061861193,3.260462354969334,0.0,0.0,0.31267524732125773,1.687002807050138,0.09052922637075991,1.691628713865538,0.08550015726202242,0.018723351289392322,0.0,0.9836924575470589,0.0,0.0,0.0,2.645434524561908,146.80417055697055,12.742232322692871,120.18863677978516,322.90032958984375,1.0160359144210815,0.7327131032943726,0.25,4.0,0.5620435476303101,0.47894492745399475,0.15059908086223875,0.005714520188204399,5.533588158117758,4.967589719875439,0.10228416392210202,1.0,0.675315036966994,0.16304336488246918,1.0,0.1726804270937636,0.0,0.7296323180198669,0.12338472077169933,0.0,0.1469829573824599,,,,,,,,,,,,,,,,,,,,,,,,,,,,,,,,,,,,
739,2.0492904953934527e-06,2.0492904953934527e-06,1.0,8.843463459530392,4.671888763840134,3.2397874110453837,3.2397874110453837,3.2989162496618323,0.0,0.0,0.3108688464035859,1.6859231349584218,0.09101802372449153,1.6802904766959113,0.0839591001135272,0.016107503098209162,0.0,0.9922523901269242,0.0,0.0,0.0,2.5874541482409916,148.8342078956398,12.867278099060059,123.52039337158203,325.4328918457031,1.0140244960784912,0.728968620300293,0.25,4.0,0.5606841444969177,0.47869518399238586,0.14544807965860598,0.006371047160520844,4.459645501665167,3.812129020690918,0.14519460812131277,1.0,0.6735185207547368,0.1633410212155935,1.0,0.17228266918981397,0.0,0.7286870221833925,0.12409187732516108,0.0,0.14722110371331912,,,,,,,,,,,,,,,,,,,,,,,,,,,,,,,,,,,,
740,2.0381692236984092e-06,2.0381692236984092e-06,1.0,8.902834325223356,4.740869567200944,3.229374524709341,3.229374524709341,3.2841727089237525,0.0,0.0,0.3123760360318261,1.685638479284338,0.0910381644561484,1.6877129013473924,0.0821777642578692,0.01411076875504207,0.0,0.9884528404957539,0.0,0.0,0.0,2.518220837051804,149.1218740102407,13.301684379577637,123.52039337158203,325.4328918457031,1.0131932497024536,0.7227582931518555,0.25,4.0,0.5603730082511902,0.474298357963562,0.1452182952182952,0.006669219827114564,4.849206276842065,4.238706945567517,0.12589675431834216,1.0,0.6732524568970139,0.16273734980338328,1.0,0.17243175168295163,0.0,0.7288050409909841,0.12389466649777181,0.0,0.1473002927126111,88.85812038379711,128.6880849266884,0.23185278936504566,7.0883874997987855,88.85812069280932,106.76057298871616,124.30801143390136,157.51658806074516,23.75861576625279,69.83325751252876,152.11689957328466,0.5144489330455112,0.6762304550699385,0.547413011380533,0.507306890822152,0.0,0.607005380141199,0.7054410483109175,0.7296910536560653,0.6396468959218299,0.87239382946759,0.9631746729691107,0.9895569968121358,0.37239382946759003,0.1631746729691107,0.03955699681213587,0.005587922758418526,0.002913048257667363,0.5769230769230769,0.4230769230769231,0.9871794871794871,1.0154902312781784,0.9907378492119548,0.9816777521928588,-7.9928436279296875,0.00033781485399231315
741,2.027080295103623e-06,2.027080295103623e-06,1.0,8.815325118399954,4.696536644085033,3.18790383596678,3.18790383596678,3.234199987875449,0.0,0.0,0.3106414031338047,1.6872682571411133,0.0900158078686611,1.6806782387398385,0.08301359757378295,0.01458734811938091,0.0,0.9855612097559748,0.0,0.0,0.0,2.5734737789308704,146.96521655933276,13.018954277038574,120.65904998779297,324.1641540527344,1.014723777770996,0.7204558253288269,0.25,4.0,0.5605545043945312,0.47304749488830566,0.14638636612320824,0.005575008206587154,3.897552103609652,3.2358163949605583,0.1697823893197575,1.0,0.6731987337808352,0.16373173570310748,1.0,0.1734929584168099,0.0,0.7273120976783134,0.12479822317490706,0.0,0.14788968095908295,,,,,,,,,,,,,,,,,,,,,,,,,,,,,,,,,,,,
742,2.0160238212744837e-06,2.0160238212744837e-06,1.0,8.93870090793919,4.782403746166745,3.2177767044789083,3.2177767044789083,3.2688580268138163,0.0,0.0,0.31160755898501424,1.6956510189417247,0.09198251890169608,1.6975211162824888,0.08575578406453133,0.015371939507187219,0.0,0.9940075552141344,0.0,0.0,0.0,2.5461677892788037,148.26996117669182,13.198168754577637,124.00383758544922,324.1641540527344,1.0139565467834473,0.7178619503974915,0.25,4.0,0.5613290071487427,0.47107842564582825,0.14662162162162162,0.00563792537476748,4.780558769767349,3.899219237469338,0.18435910418499094,1.0,0.6746530049556011,0.1619661869229497,1.0,0.17260235749386452,0.0,0.7291735893971211,0.12336378323065268,0.0,0.1474626291845296,,,,,,,,,,,,,,,,,,,,,,,,,,,,,,,,,,,,
743,2.0049999135495625e-06,2.0049999135495625e-06,1.0,8.857247146400246,4.675356349429569,3.2498091104868294,3.2498091104868294,3.316358740265305,0.0,0.0,0.31211814284324646,1.6871657661489539,0.09184464933098974,1.6798109363865208,0.08244741174417573,0.015716813611672133,0.0,0.9972301334948153,0.0,0.0,0.0,2.526438877389238,148.42123928585568,13.327689170837402,124.00383758544922,322.90032958984375,1.0148069858551025,0.7164067625999451,0.25,4.0,0.5617533922195435,0.46677833795547485,0.14177152861363387,0.00539719881825145,4.469405345014624,3.8546748515721916,0.13754189785630666,1.0,0.6751838809735066,0.1619244769618318,1.0,0.17307447581677823,0.0,0.7302923524701918,0.12261383899965801,0.0,0.1470938083287832,,,,,,,,,,,,,,,,,,,,,,,,,,,,,,,,,,,,
744,1.994008682939484e-06,1.994008682939484e-06,1.0,8.858673662752718,4.745152486337198,3.17847127527804,3.17847127527804,3.222678145846805,0.0,0.0,0.3110121110001126,1.6918888382009558,0.09095986046501107,1.690364873087084,0.08340995255354289,0.015223751561967907,0.0,1.0001724926201072,0.0,0.0,0.0,2.556296010275145,148.45147746318096,12.917638778686523,124.48916625976562,324.1641540527344,1.015414834022522,0.7290898561477661,0.25,4.0,0.5639249682426453,0.4753725826740265,0.14601980523033153,0.005717255717255718,4.1045958947491,3.5114638708733223,0.14450436512752837,1.0,0.6780539477193678,0.1619932075610032,1.0,0.171202390983298,0.0,0.7327433357367644,0.1220242711337837,0.0,0.1452323882966428,,,,,,,,,,,,,,,,,,,,,,,,,,,,,,,,,,,,
745,1.9830502401258196e-06,1.9830502401258196e-06,1.0,8.766612697292018,4.653390845736942,3.177791756552619,3.177791756552619,3.217325867833318,0.0,0.0,0.31183150571745794,1.6809973781173293,0.09128087436830676,1.6904146703513894,0.08711168049155055,0.016702524147222977,0.0,1.0008575336353198,0.0,0.0,0.0,2.5683671783756568,148.73909635801573,13.044405937194824,124.00383758544922,324.1641540527344,1.0147056579589844,0.7301716208457947,0.25,4.0,0.5635414719581604,0.47476664185523987,0.1495240179450706,0.006258890469416785,4.604258791820423,3.7990898441624,0.1748748243883305,1.0,0.6777148504514952,0.16137445999963865,1.0,0.17102957980052844,0.0,0.7332721948623657,0.12139049111991315,0.0,0.1453373138163541,85.23812652420212,126.87962311329338,0.22388692410517955,3.032823709341196,85.23812593523564,104.11090630657954,121.87931053286673,155.59580835582054,24.22074236188616,67.36798338187758,144.63747770889947,0.48871972324034446,0.6705134937130082,0.5450471606537173,0.5039460350333027,0.0,0.6004679649368247,0.6991445935639131,0.7231502143940559,0.6395374127951051,0.8725770400498333,0.9634861309589242,0.9892821809387711,0.3725770400498333,0.16348613095892417,0.039282180938771116,0.00578945439888608,0.0030596167234619473,0.5879120879120879,0.41208791208791207,0.988095238095238,1.006235954116334,0.982122554228856,0.9733557430106204,-7.993024826049805,0.0003377536777406931
746,1.9721246954599686e-06,1.9721246954599686e-06,1.0,8.913219091054556,4.750073420034872,3.2253539755537703,3.2253539755537703,3.2764594297151306,0.0,0.0,0.31253789808299093,1.6910384216824093,0.09146542283328804,1.6905968801395312,0.08682670867120898,0.016381353504855086,0.0,1.0035710946933643,0.0,0.0,0.0,2.5667709144386084,148.45145230679898,13.044405937194824,124.00383758544922,324.1641540527344,1.015378713607788,0.7228955626487732,0.25,4.0,0.5648298859596252,0.4755704998970032,0.14832038516249044,0.006061932377721851,5.173123318601299,4.313445882217304,0.166181508430855,1.0,0.679587591338802,0.16047575385183901,1.0,0.17090523001309987,0.0,0.7336967619689735,0.12114559315346382,0.0,0.1451576503144728,,,,,,,,,,,,,,,,,,,,,,,,,,,,,,,,,,,,
747,1.961232158962042e-06,1.961232158962042e-06,1.0,8.79588049811286,4.68827248908378,3.1736695959761336,3.1736695959761336,3.2174472035588444,0.0,0.0,0.3105490690953023,1.6696893298948132,0.09016166526723553,1.6999833358300698,0.08643046202691826,0.01763182644405075,0.0,0.9970646871102823,0.0,0.0,0.0,2.5709229288874447,149.34171418885927,12.892434120178223,123.52039337158203,327.98529052734375,1.0135446786880493,0.7366997003555298,0.25,4.0,0.5665555000305176,0.4912892282009125,0.15436043330780172,0.007314804683225736,5.169753483823828,4.22644076476226,0.1824676402875294,1.0,0.6825640249896694,0.15771447806744962,1.0,0.16869946267153765,0.0,0.7367050728282413,0.11966598013768324,0.0,0.14362894703407544,,,,,,,,,,,,,,,,,,,,,,,,,,,,,,,,,,,,
748,1.9503727403197623e-06,1.9503727403197623e-06,1.0,8.916392841854611,4.798077879725276,3.1785694199639396,3.1785694199639396,3.2166278297836715,0.0,0.0,0.3120960230762894,1.6960107120307717,0.09107338838480614,1.6967570459520496,0.0867728068417794,0.017319455415614554,0.0,1.0010440720094216,0.0,0.0,0.0,2.6197708200764014,146.2860620859507,12.618402481079102,121.13129425048828,320.38751220703125,1.0163155794143677,0.7261208891868591,0.25,4.0,0.566091775894165,0.48032188415527344,0.1535999562315352,0.006488674909727541,4.833716912849529,4.1882979354342895,0.1335243641801849,1.0,0.68144067719176,0.15952255637259097,1.0,0.17074263538863207,0.0,0.7344033653671677,0.12085808994802269,0.0,0.14473853824106422,,,,,,,,,,,,,,,,,,,,,,,,,,,,,,,,,,,,
749,1.9395465488873565e-06,1.9395465488873565e-06,1.0,8.80980262240848,4.6656940563305005,3.2197431229256295,3.2197431229256295,3.2799745572579875,0.0,0.0,0.31062314478126735,1.6643612223702509,0.09014669986995491,1.6692486743669253,0.08239109804098671,0.014153280792556502,0.0,0.9999747147431245,0.0,0.0,0.0,2.5034510509387866,149.52553063469963,13.044405937194824,125.95661163330078,326.70660400390625,1.0146281719207764,0.7300397157669067,0.25,4.0,0.565152108669281,0.48369094729423523,0.1510039391618339,0.006026370500054711,4.09601190605679,3.6038452926519753,0.12015751533266936,1.0,0.6801480360933252,0.15995889338287148,1.0,0.1704053959330997,0.0,0.7342509691779678,0.12114407645689475,0.0,0.14460495416377042,,,,,,,,,,,,,,,,,,,,,,,,,,,,,,,,,,,,
750,1.9287536936844493e-06,1.9287536936844493e-06,1.0,8.867265701293945,4.711218382861163,3.2215154944239437,3.2215154944239437,3.2753819774936987,0.0,0.0,0.31121040276578954,1.6979626578253668,0.09111459291464574,1.6831750998625885,0.08308818241631663,0.016904231211220897,0.0,0.9901599046346303,0.0,0.0,0.0,2.5649989972243437,148.77953647922826,13.198168754577637,124.00383758544922,325.4328918457031,1.0143922567367554,0.7246369123458862,0.25,4.0,0.5608944296836853,0.471525102853775,0.14755170149906993,0.005944304628515155,3.9697376876264006,3.3212389704343437,0.16336059664934927,1.0,0.673881596810109,0.16281025776186506,1.0,0.17290015438118497,0.0,0.7299732646426639,0.12288611362109313,0.0,0.14714062757588722,87.0333100413228,126.42281670880719,0.22945244740074747,7.930816964788751,87.033310916419,105.29904943411644,122.65703599928679,156.06360091470881,27.051271166120255,68.24420313872108,148.852202705715,0.5050619992684098,0.6688957937568266,0.5422985873158467,0.4999943940702972,0.0,0.5972598369883594,0.6981428615227768,0.7298095265714724,0.6410981215649175,0.8725220768751603,0.9633945256678026,0.9896119599868088,0.37252207687516026,0.16339452566780255,0.03961195998680889,0.005221501593932066,0.0033527536550511158,0.5879120879120879,0.41208791208791207,0.9871794871794871,1.0102809950873093,0.9855252093338704,0.9763599226435462,-7.993071556091309,0.00033773790346458554
751,1.9179942833949734e-06,1.9179942833949734e-06,1.0,8.820044414417163,4.697719651299554,3.189161693727648,3.189161693727648,3.238936926867511,0.0,0.0,0.3112758083923443,1.6745952271126412,0.09030425347186424,1.6947129739297402,0.08474888078667023,0.016827693284564727,0.0,0.9946925382356386,0.0,0.0,0.0,2.541481404691129,147.86497105778875,12.892434120178223,122.08133697509766,325.4328918457031,1.01578688621521,0.7345739006996155,0.25,4.0,0.5658464431762695,0.4871595501899719,0.1548719772403983,0.006625451362293468,4.874993495039038,4.167251506367245,0.14517803754856606,1.0,0.681068204544686,0.15978833267817627,1.0,0.17064416811272903,0.0,0.7344375800442051,0.12090650261253924,0.0,0.14465591271181363,,,,,,,,,,,,,,,,,,,,,,,,,,,,,,,,,,,,
752,1.9072684263660734e-06,1.9072684263660734e-06,1.0,8.798535398534826,4.655869677260116,3.2068944750605404,3.2068944750605404,3.2688982357849947,0.0,0.0,0.3114089683906452,1.693685009672835,0.09048889778755806,1.6852840700665035,0.08586931772328713,0.01766513771301991,0.0,0.992788011963303,0.0,0.0,0.0,2.5891313262887903,148.24794130067568,12.892434120178223,121.13129425048828,326.70660400390625,1.0156089067459106,0.719805121421814,0.25,4.0,0.5661591291427612,0.47902825474739075,0.14841065762118394,0.005602363497100339,4.297177793206395,3.462765423027245,0.19417683194265573,1.0,0.6814551707860586,0.15994381501867966,1.0,0.17022051360156085,0.0,0.7341786043064015,0.12133555557276751,0.0,0.14448584555774122,,,,,,,,,,,,,,,,,,,,,,,,,,,,,,,,,,,,
753,1.8965762306070068e-06,1.8965762306070068e-06,1.0,8.846365078075513,4.656277205492999,3.255334744582305,3.255334744582305,3.32340669631958,0.0,0.0,0.31251315168432287,1.6855151105571438,0.09053913383065043,1.6861921452187203,0.08457906997284374,0.016560074892146764,0.0,1.0065522290564872,0.0,0.0,0.0,2.504475931863527,148.20793543635187,13.27573013305664,121.60538482666016,325.4328918457031,1.0149625539779663,0.727207362651825,0.25,4.0,0.5661796927452087,0.4835481643676758,0.14940639019586388,0.006001750738592844,3.735361653405267,2.9851265074433506,0.20084672264009018,1.0,0.6816514553250493,0.1594168777401383,1.0,0.16931253067544988,0.0,0.7348864996755445,0.12102543542513976,0.0,0.14408805664326693,,,,,,,,,,,,,,,,,,,,,,,,,,,,,,,,,,,,
754,1.8859178037880698e-06,1.8859178037880698e-06,1.0,8.866733422150483,4.703752221287908,3.22625876117397,3.22625876117397,3.285428620673515,0.0,0.0,0.3128709253427145,1.6848577228752342,0.0906135637212444,1.7000318089046993,0.08323027817784129,0.014792775143743367,0.0,1.0082759357787467,0.0,0.0,0.0,2.5320534383928455,148.3416985176705,13.069908142089844,122.08133697509766,326.70660400390625,1.0145796537399292,0.7315146327018738,0.25,4.0,0.5657193064689636,0.4821208119392395,0.1526124302440092,0.006614509246088193,5.665272858497259,4.773434650253606,0.1574219336860357,1.0,0.680830399732332,0.16039620923834877,1.0,0.16930943767766696,0.0,0.7361177737648422,0.12060972907253213,0.0,0.14327250179406759,,,,,,,,,,,,,,,,,,,,,,,,,,,,,,,,,,,,
755,1.875293253239499e-06,1.875293253239499e-06,1.0,8.868175583916742,4.703508132212871,3.231066697352641,3.231066697352641,3.2868696547843315,0.0,0.0,0.31227398240888443,1.682726180231249,0.09009392539391646,1.6846709734684713,0.08507866845340342,0.017864523666306725,0.0,0.9951231753503954,0.0,0.0,0.0,2.5518756396061666,149.0396116102064,13.095459938049316,123.0388412475586,326.70660400390625,1.0155420303344727,0.7226305603981018,0.25,4.0,0.5654489994049072,0.47854942083358765,0.14632618448407922,0.005840354524565051,4.336618990511508,3.476936749509863,0.19823789982071838,1.0,0.6804482807984223,0.16027726071911888,1.0,0.17054117773030256,0.0,0.7333231890523756,0.12159044355959506,0.0,0.14508636497162483,86.44568900223616,127.09663689815208,0.22658258536641898,4.607867335225199,86.44568745387417,104.96431848003046,123.20396165538801,156.71870800558335,25.05770492553711,67.32389612715373,149.41149703316066,0.5252308064226108,0.6688420627821857,0.541000620569273,0.4987073378162174,0.0,0.5980257572869985,0.6938571882134631,0.7308495462558235,0.6404657397911103,0.8727419295738522,0.9634861309589242,0.9897951705690521,0.3727419295738522,0.16348613095892417,0.03979517056905213,0.005294785826829357,0.003535964237294346,0.5934065934065934,0.4065934065934066,0.988095238095238,1.0137285843982802,0.9891821577490031,0.9801284491524591,-7.9931182861328125,0.00033772210008464754
756,1.864702685950403e-06,1.864702685950403e-06,1.0,8.867425428854453,4.700827804771629,3.2286968811138257,3.2286968811138257,3.2835247903256803,0.0,0.0,0.3124580061113512,1.7006504664549957,0.09158199663097794,1.6887526351052362,0.08482384208489109,0.015299443432406799,0.0,0.9985203179153236,0.0,0.0,0.0,2.5279701722634806,148.17392503893052,13.27573013305664,123.52039337158203,324.1641540527344,1.0147031545639038,0.7185291051864624,0.25,4.0,0.5628491044044495,0.47259947657585144,0.14661341503446768,0.005856767698872962,3.9122497560204685,3.0453186518437154,0.2215940081132738,1.0,0.6767489829578915,0.16145457528732918,1.0,0.17215423527601603,0.0,0.7310069912188762,0.1225441341867318,0.0,0.1464488788230999,,,,,,,,,,,,,,,,,,,,,,,,,,,,,,,,,,,,
757,1.8541462085676737e-06,1.8541462085676737e-06,1.0,8.854396304568729,4.678332264358933,3.242429237107973,3.242429237107973,3.312701676342938,0.0,0.0,0.3129983230217083,1.6754648073299512,0.0900920267040665,1.69130286010536,0.08456363700128891,0.01611005567719002,0.0,1.0014922264459971,0.0,0.0,0.0,2.5380552813813493,150.07701502619562,13.018954277038574,123.52039337158203,329.2690124511719,1.0150773525238037,0.7279438972473145,0.25,4.0,0.5681415796279907,0.48788750171661377,0.1502817594922858,0.006226064120800963,4.4850939254502995,3.7368310118043744,0.16683327619962834,1.0,0.6844405016383609,0.15857656038290746,1.0,0.16791515334232435,0.0,0.7366116691280056,0.12035651303626396,0.0,0.14303182065486908,,,,,,,,,,,,,,,,,,,,,,,,,,,,,,,,,,,,
758,1.8436239273949235e-06,1.8436239273949235e-06,1.0,8.796080073794803,4.660644505475019,3.2053923413560197,3.2053923413560197,3.2541721447094067,0.0,0.0,0.3106334346371728,1.6662256524369523,0.09145555423723685,1.6801034566518422,0.08578714194732744,0.016745485355951696,0.0,1.0181926504985706,0.0,0.0,0.0,2.5057245331841544,150.56588085277662,13.069908142089844,127.44135284423828,326.70660400390625,1.013397455215454,0.7222761511802673,0.25,4.0,0.5663438439369202,0.47587335109710693,0.14835047598205492,0.0061248495459021775,4.1191452653021425,3.4056821590339816,0.17320659027931315,1.0,0.6821048324172562,0.15842274395195213,1.0,0.16911893921929436,0.0,0.7368516422606803,0.11964053700904588,0.0,0.1435078160988318,,,,,,,,,,,,,,,,,,,,,,,,,,,,,,,,,,,,
759,1.833135948391408e-06,1.833135948391408e-06,1.0,8.831226941701528,4.693621622549521,3.1957363115774617,3.1957363115774617,3.2415063961132153,0.0,0.0,0.31253316515200846,1.6958924145311922,0.09014305613330893,1.7084554401603904,0.08727699941074527,0.016381863133377722,0.0,0.9924557160686802,0.0,0.0,0.0,2.572502561517664,147.59692527152396,12.817113876342773,121.13129425048828,325.4328918457031,1.0146772861480713,0.7366063594818115,0.25,4.0,0.5631462335586548,0.4849666357040405,0.15470237443921656,0.007372250793303425,4.046344550880226,3.197105048476039,0.20987819789578896,1.0,0.6770438584121498,0.16201491009544683,1.0,0.17128860225548614,0.0,0.7318450599103361,0.1226098166929709,0.0,0.1455451246048953,,,,,,,,,,,,,,,,,,,,,,,,,,,,,,,,,,,,
760,1.8226823771709567e-06,1.8226823771709567e-06,1.0,8.837807474909601,4.693176308193722,3.2089596116865002,3.2089596116865002,3.272889072830613,0.0,0.0,0.31290222583590327,1.6773366509257137,0.09142428556004085,1.6985544675105326,0.08513773162219976,0.01763345623338545,0.0,0.9937181086153597,0.0,0.0,0.0,2.584660404437297,149.13003395699167,12.593781471252441,123.52039337158203,327.98529052734375,1.0157283544540405,0.7333535552024841,0.25,4.0,0.5653483867645264,0.48163488507270813,0.1544561768245979,0.006401137980085348,5.308056554278812,4.732451484815495,0.10843989011370336,1.0,0.6802345707609847,0.16061757766717188,1.0,0.17062946308303523,0.0,0.7350997989242142,0.12060587953876804,0.0,0.14429432455752347,88.08857892633795,129.11886703648983,0.2312817194222943,9.216420205084832,88.08857907174944,106.69629551060524,124.51174951194884,157.70253819949758,24.84063230242048,69.3810964185138,150.1755543584409,0.48543427837124664,0.678054922861841,0.5459770571244884,0.508236237098148,0.0,0.6085366934710819,0.7044851864625801,0.7360017863701113,0.6397989269464326,0.8719174819537576,0.9633395624931296,0.9897951705690521,0.3719174819537576,0.16333956249312953,0.03979517056905213,0.005514638525521234,0.004030632809351068,0.6098901098901099,0.3901098901098901,0.9835164835164835,1.0212818423470298,0.9957229161000514,0.986162183867706,-7.992894172668457,0.0003377977991476655
761,1.8122633190009165e-06,1.8122633190009165e-06,1.0,8.894259117745065,4.7112908363342285,3.248011318412987,3.248011318412987,3.316114973377537,0.0,0.0,0.3116410269930556,1.697651921091853,0.09062248468399048,1.6883707336477332,0.08310509906024546,0.01732206336423956,0.0,0.9743735613049688,0.0,0.0,0.0,2.658756191666062,145.89802077009873,12.593781471252441,117.86397552490234,324.1641540527344,1.0144819021224976,0.7183294892311096,0.25,4.0,0.5570157170295715,0.46826016902923584,0.1443183061604114,0.00578564394353868,4.537153317316158,3.8257559199590943,0.15679377521627894,1.0,0.6679327939007733,0.1662736200803035,1.0,0.1759062763806936,0.0,0.7230126986632476,0.12696581978250193,0.0,0.15002148517885724,,,,,,,,,,,,,,,,,,,,,,,,,,,,,,,,,,,,
762,1.80187887880109e-06,1.80187887880109e-06,1.0,8.934470795296335,4.778341937709499,3.214583293811695,3.214583293811695,3.2655954038774646,0.0,0.0,0.3123493105978579,1.7161799894796836,0.09158983021169095,1.6970001781308972,0.0848704498965998,0.015337322029989917,0.0,0.9767981993185507,0.0,0.0,0.0,2.605264608924453,146.96398863921294,12.742232322692871,121.13129425048828,324.1641540527344,1.015209674835205,0.7192086577415466,0.25,4.0,0.5569745898246765,0.46626922488212585,0.14726447094868148,0.005834883466462414,4.550679665159535,3.7757370455844983,0.17029162160282915,1.0,0.6677415338722436,0.1666972681477263,1.0,0.1766763079810787,0.0,0.7229625115523467,0.12640911642764066,0.0,0.1506283764500876,,,,,,,,,,,,,,,,,,,,,,,,,,,,,,,,,,,,
763,1.7915291611426706e-06,1.7915291611426706e-06,1.0,8.895774068059149,4.760097413449674,3.2041853634086817,3.2041853634086817,3.253537435789366,0.0,0.0,0.3107581807149423,1.677081291740005,0.0900529216270189,1.6866021027436127,0.08286581571037704,0.019234662693044222,0.0,1.0010412705911171,0.0,0.0,0.0,2.579725629574544,147.8747498795793,12.742232322692871,121.13129425048828,325.4328918457031,1.015565276145935,0.7327255606651306,0.25,4.0,0.5625892877578735,0.4801079034805298,0.15333187438450596,0.006507823613086771,5.835537523031235,4.944057682881484,0.15276739060135067,1.0,0.6760555989033467,0.1629509043854636,1.0,0.17233582203452652,0.0,0.7306978170936173,0.12317633487888284,0.0,0.14612584661793065,,,,,,,,,,,,,,,,,,,,,,,,,,,,,,,,,,,,
764,1.7812142702472024e-06,1.7812142702472024e-06,1.0,8.83543385686101,4.6986627965360075,3.199145723033596,3.199145723033596,3.2529418404037886,0.0,0.0,0.3121066770038089,1.694751971476787,0.09116273272681881,1.6943766136427183,0.0847988845528783,0.016038943711366202,0.0,0.9964971155733675,0.0,0.0,0.0,2.57168697022103,147.1933395798142,12.892434120178223,121.13129425048828,325.4328918457031,1.0159140825271606,0.7243837714195251,0.25,4.0,0.562350332736969,0.47221359610557556,0.15065379144326513,0.006086552139183718,4.717100356076215,4.051774622218029,0.14104549058430849,1.0,0.6757453051773278,0.16295497844348084,1.0,0.17238140589482076,0.0,0.7302899537859736,0.12328804143377252,0.0,0.14642200417615273,,,,,,,,,,,,,,,,,,,,,,,,,,,,,,,,,,,,
765,1.7709343099855242e-06,1.7709343099855242e-06,1.0,8.916790137419829,4.756954811714791,3.2279897380519555,3.2279897380519555,3.282243251800537,0.0,0.0,0.31290419037277634,1.6747799982895721,0.09167971562694859,1.681868846352036,0.08559442029611485,0.01455949671641999,0.0,0.9982942052789636,0.0,0.0,0.0,2.51855418488786,149.75658416748047,12.892434120178223,123.52039337158203,329.2690124511719,1.0158578157424927,0.7282274961471558,0.25,4.0,0.5634977221488953,0.47877830266952515,0.15094102199365358,0.006412080096290623,4.20602424724682,3.5443852149151467,0.157307469818979,1.0,0.6774354722048785,0.16225734191971855,1.0,0.17135327248959928,0.0,0.7312295904030671,0.12298235277066359,0.0,0.14578805843720566,88.38926315307617,128.59087009811378,0.2346554374614046,7.906038850218385,88.38926099911362,107.50774616765993,125.11146557079775,157.94215171937546,24.998570033482142,70.1280411712883,149.24649114194125,0.5215934678979949,0.6764848474853393,0.5466504619293271,0.5099134811310458,0.0,0.6085326466219454,0.7018249465481402,0.7326602299886016,0.6390387335167412,0.871147997508336,0.9622036568832216,0.9894104283463413,0.37114799750833605,0.16220365688322158,0.03941042834634134,0.005990986039353633,0.004305448682715914,0.5824175824175825,0.4175824175824176,0.9853479853479853,1.0197065271191545,0.99559530714056,0.9868787247073519,-7.993072986602783,0.0003377373795956373
766,1.7606893838767175e-06,1.7606893838767175e-06,1.0,8.805158073837692,4.61960929148906,3.2512435526461214,3.2512435526461214,3.325435174478067,0.0,0.0,0.3124225751773731,1.6773599805058659,0.09092627002580746,1.6912177060101483,0.08579907163574889,0.015793977544416447,0.0,1.0003408064713348,0.0,0.0,0.0,2.551183046521367,150.38387710983687,12.817113876342773,124.9764175415039,330.5577087402344,1.0149812698364258,0.7242539525032043,0.25,4.0,0.5652446150779724,0.47941896319389343,0.14962796804902068,0.006319072108545792,7.371022662600955,6.644926995038986,0.09850677454107264,1.0,0.6801270488146189,0.16078799922724027,1.0,0.16934381143466845,0.0,0.7336614889067572,0.12197307899997041,0.0,0.14436543108643712,,,,,,,,,,,,,,,,,,,,,,,,,,,,,,,,,,,,
767,1.7504795950870763e-06,1.7504795950870763e-06,1.0,8.96299073502824,4.815422844242406,3.2141334752778747,3.2141334752778747,3.260172392870929,0.0,0.0,0.3137350315983231,1.670523865802868,0.09075493828670399,1.6975756593652673,0.08313528830940659,0.01403568176602995,0.0,1.003968055183823,0.0,0.0,0.0,2.5275917053222656,151.4689100110853,12.817113876342773,125.95661163330078,331.8514709472656,1.0138802528381348,0.7206789255142212,0.25,4.0,0.5644069910049438,0.4768286943435669,0.1473246525878105,0.005832147937411095,4.537160678489788,3.783154775162001,0.16618452745181617,1.0,0.6790266729689933,0.16085054564314918,1.0,0.1695267984995971,0.0,0.7330258118139731,0.12257058012324411,0.0,0.14440360826414986,,,,,,,,,,,,,,,,,,,,,,,,,,,,,,,,,,,,
768,1.7403050464290624e-06,1.7403050464290624e-06,1.0,8.82406979638177,4.682868822200878,3.2010469501082963,3.2010469501082963,3.2594234621202625,0.0,0.0,0.3125222478363965,1.6918147190197095,0.08997576663622985,1.7074865199424125,0.08620804759698945,0.017573521013145108,0.0,0.9859027926986282,0.0,0.0,0.0,2.639399509172182,149.00563523576065,12.39853286743164,120.65904998779297,331.8514709472656,1.0148123502731323,0.732675313949585,0.25,4.0,0.5614874958992004,0.48186665773391724,0.15150180544917388,0.0066281868913447865,5.5088562377401304,4.523574889511676,0.17885406801478657,1.0,0.6745068978618931,0.16375597667049718,1.0,0.17124415329984716,0.0,0.7293784425065324,0.12446445206532607,0.0,0.14615710744181196,,,,,,,,,,,,,,,,,,,,,,,,,,,,,,,,,,,,
769,1.7301658403602644e-06,1.7301658403602644e-06,1.0,8.92484762861922,4.728163925377098,3.262747365075189,3.262747365075189,3.3293641064618087,0.0,0.0,0.31136315497192174,1.6878905554075498,0.09076949047881204,1.6892604054631413,0.08291189422881282,0.016975253361050744,0.0,0.9949067460524069,0.0,0.0,0.0,2.600338681324108,150.7574889724319,12.422772407531738,122.55914306640625,335.76324462890625,1.0150492191314697,0.7287464141845703,0.25,4.0,0.5627596378326416,0.477590411901474,0.1515483094430463,0.0065242367873946825,4.4834379457138684,3.9424604644646517,0.12066130674706604,1.0,0.6764703731279116,0.1625268984888051,1.0,0.1704413713635625,0.0,0.7317477287472905,0.12323861448345957,0.0,0.1450136652266657,,,,,,,,,,,,,,,,,,,,,,,,,,,,,,,,,,,,
770,1.7200620789823769e-06,1.7200620789823769e-06,1.0,8.820093335332098,4.671244750151763,3.2130688976597144,3.2130688976597144,3.268245825896392,0.0,0.0,0.3123406365111068,1.6877560873289366,0.09135579277534743,1.6869165832931932,0.08693542391867251,0.01702652271283237,0.0,0.9903533184850538,0.0,0.0,0.0,2.6001290533993697,151.65032876504435,12.69255542755127,125.4655532836914,334.4542236328125,1.014891505241394,0.7202545404434204,0.25,4.0,0.5607971549034119,0.46970629692077637,0.14575172338330233,0.006108436371594267,5.395910446708267,4.669617392726846,0.1346006500950159,1.0,0.6736942722990706,0.16318232767485283,1.0,0.1724151372909546,0.0,0.7285423633214589,0.1241734746742893,0.0,0.1472841603933154,85.76961031064883,127.61569279554408,0.22638893668606763,3.3665164486392514,85.76961017285849,105.26968552375287,123.09805876736975,156.1761169966379,26.359584263392858,67.43367761419725,146.23059944484544,0.47747003048756226,0.673327583974143,0.545158961784717,0.5064534509242374,0.0,0.6042486288026847,0.7003553292009747,0.7273868339675547,0.638365802915927,0.8728884980396467,0.9630647466197647,0.9895569968121358,0.37288849803964674,0.16306474661976467,0.03955699681213587,0.005496317467296911,0.0046901909054266975,0.5769230769230769,0.4230769230769231,0.9853479853479853,1.0078826821767366,0.9842431879305578,0.9756753544558535,-7.992985725402832,0.00033776689087972045
771,1.7099938640401654e-06,1.7099938640401654e-06,1.0,8.843047979715708,4.700537449604756,3.206305935576155,3.206305935576155,3.2565820797069653,0.0,0.0,0.3115643117878888,1.693748815639599,0.08987889056270187,1.6935594887346834,0.08396420355986904,0.01659447351797811,0.0,0.9900325423962361,0.0,0.0,0.0,2.588015114938891,150.11264739165435,12.520204544067383,122.08133697509766,334.4542236328125,1.0155408382415771,0.7310327887535095,0.25,4.0,0.5607046484947205,0.475501149892807,0.15140879746142905,0.006253419411314148,4.1677128688709155,3.561452134235485,0.14546605145562103,1.0,0.6731820477021707,0.1648075814182694,1.0,0.17266727299303622,0.0,0.7282947559614439,0.1250863949189315,0.0,0.14661885838250857,,,,,,,,,,,,,,,,,,,,,,,,,,,,,,,,,,,,
772,1.6999612969204421e-06,1.6999612969204421e-06,1.0,8.786469691508525,4.619434756201667,3.2419749723898397,3.2419749723898397,3.312311636435019,0.0,0.0,0.31074466656994176,1.6591190711871997,0.09063450589373305,1.677514015017329,0.08245040989808135,0.016674620156000193,0.0,0.9914245396047026,0.0,0.0,0.0,2.5459265418954797,152.41738087422138,12.520204544067383,125.95661163330078,337.077392578125,1.0138016939163208,0.728703498840332,0.25,4.0,0.5643365979194641,0.4839365780353546,0.15049239522923732,0.00693730167414378,5.6139128723660034,4.888999880971135,0.1291279376570287,1.0,0.6790501120928172,0.16051955420423197,1.0,0.16881421369475288,0.0,0.7331625625893876,0.12240749577412734,0.0,0.14442993660230893,,,,,,,,,,,,,,,,,,,,,,,,,,,,,,,,,,,,
773,1.6899644786510442e-06,1.6899644786510442e-06,1.0,8.971277700888145,4.82568985707051,3.2079017097885543,3.2079017097885543,3.265193932765239,0.0,0.0,0.31225739781920975,1.6894645207637065,0.09041929909506359,1.7055473069886904,0.08423639008322277,0.015295228845364339,0.0,0.9820150910197077,0.0,0.0,0.0,2.5768084461624556,151.55179822767104,12.49577522277832,124.00383758544922,335.76324462890625,1.0140312910079956,0.7181944847106934,0.25,4.0,0.5617437362670898,0.4727890193462372,0.14612101980523032,0.0061111719006455845,4.715600933577563,4.072556596350026,0.1363653002629469,1.0,0.674977771333746,0.16310776327107404,1.0,0.1714422340328629,0.0,0.7296329092335057,0.12436779689144443,0.0,0.1459992995133271,,,,,,,,,,,,,,,,,,,,,,,,,,,,,,,,,,,,
774,1.6800035098998227e-06,1.6800035098998227e-06,1.0,8.802794250282082,4.673458266902614,3.1912670908747494,3.1912670908747494,3.2446138472170443,0.0,0.0,0.3121018192252597,1.694162117468344,0.09117146077993754,1.7024146866154026,0.08417008364120045,0.017087862279417144,0.0,0.9787430376619906,0.0,0.0,0.0,2.5854025531459497,150.77100743474188,12.618402481079102,123.0388412475586,334.4542236328125,1.013994574546814,0.725179135799408,0.25,4.0,0.5601590275764465,0.47497522830963135,0.14934347302768355,0.006316336579494475,4.435489482976295,3.781293353518924,0.14749130439114314,1.0,0.6725023984909058,0.16482257722197352,1.0,0.17217613877476873,0.0,0.7283219195700981,0.12507391801557025,0.0,0.14660416261569872,,,,,,,,,,,,,,,,,,,,,,,,,,,,,,,,,,,,
775,1.6700784909736229e-06,1.6700784909736229e-06,1.0,8.834455155037546,4.682490310153446,3.214431330964372,3.214431330964372,3.2680144632184827,0.0,0.0,0.31253444584640294,1.694341018393233,0.0910165632093275,1.6904263464180198,0.08578147970744081,0.019367300943043585,0.0,0.9883078175622064,0.0,0.0,0.0,2.5918520334604622,152.50695079081768,12.742232322692871,125.4655532836914,337.077392578125,1.0148334503173828,0.7147457003593445,0.25,4.0,0.5634013414382935,0.4728349447250366,0.14293139293139293,0.004776233723602145,4.714326684539382,3.9457384460681193,0.1630324519070444,1.0,0.6773840462839281,0.16217939918105667,1.0,0.1702883420763789,0.0,0.730763904146246,0.12367761316331657,0.0,0.14555847403165456,88.41270901606633,128.97888202651728,0.23210105133315523,12.901215584723504,88.41270723291969,107.38574125705286,125.24278660064618,158.42798494814406,24.59177017211914,69.11402461325476,152.2448146654212,0.5120813515042018,0.6654040229711615,0.5396825999852837,0.49529670641210033,0.0,0.5908817242262929,0.6975577115249306,0.7270351363904818,0.6434053741431369,0.8729617822725441,0.9633762046095783,0.9896669231614819,0.37296178227254406,0.16337620460957825,0.039666923161481904,0.0052581437103807116,0.005184859477483419,0.6263736263736264,0.37362637362637363,0.9853479853479853,1.0270394390592208,1.0001914987524787,0.9901869137372289,-7.993333339691162,0.00033764951513148844
776,1.6601895218172737e-06,1.6601895218172737e-06,1.0,8.827917305198875,4.675071638983649,3.214603630272118,3.214603630272118,3.258098093239037,0.0,0.0,0.3123278738679113,1.7031765048568313,0.0910664182659742,1.6967801951073311,0.08263694454689284,0.014059422147535795,0.0,0.9910529723038545,0.0,0.0,0.0,2.534950749294178,149.2940065538561,12.767145156860352,122.55914306640625,329.2690124511719,1.015419363975525,0.7243241667747498,0.25,4.0,0.5606622695922852,0.4721808135509491,0.14981398402451035,0.005856767698872962,3.7546135694593996,3.2424951872310124,0.13639709460223454,1.0,0.6731489268509118,0.16469473532728246,1.0,0.17276537760689453,0.0,0.7285547079266729,0.12479317510450208,0.0,0.1466521133442183,,,,,,,,,,,,,,,,,,,,,,,,,,,,,,,,,,,,
777,1.6503367020125848e-06,1.6503367020125848e-06,1.0,8.950154639579154,4.744795116218361,3.2674740585120947,3.2674740585120947,3.343080153336396,0.0,0.0,0.3124998662922833,1.7002396809088218,0.0906254609895719,1.698417067527771,0.08137312521402901,0.015085017132396633,0.0,0.9978422200357592,0.0,0.0,0.0,2.5682554792713477,150.4217762302708,12.422772407531738,123.0388412475586,334.4542236328125,1.014910101890564,0.7222830653190613,0.25,4.0,0.5609517097473145,0.47066864371299744,0.14919301892986103,0.005845825582667688,4.437962671389451,3.694156929447844,0.16760072064976028,1.0,0.6736188836999841,0.16446060928943995,1.0,0.17191774216858116,0.0,0.7300274919819187,0.12432443753287599,0.0,0.14564806565239624,,,,,,,,,,,,,,,,,,,,,,,,,,,,,,,,,,,,
778,1.640520130777345e-06,1.640520130777345e-06,1.0,8.8330899831411,4.662049963667586,3.2371459265013,3.2371459265013,3.2968823974196977,0.0,0.0,0.3131441224265743,1.6855234713167757,0.09166670580570763,1.6819656539607692,0.08478112468445623,0.015648026091701073,0.0,0.9983963450869998,0.0,0.0,0.0,2.517635190809095,151.888886735246,12.917638778686523,126.44959259033203,333.1502990722656,1.014181137084961,0.7212796807289124,0.25,4.0,0.5619817972183228,0.4730597138404846,0.14531403873509136,0.006040048145311303,3.947096618446144,3.432731060562907,0.13031491438021278,1.0,0.6754216068499798,0.16266496278144219,1.0,0.170770679776733,0.0,0.7310794382481962,0.12341008838769552,0.0,0.1455104802105878,,,,,,,,,,,,,,,,,,,,,,,,,,,,,,,,,,,,
779,1.6307399069643142e-06,1.6307399069643142e-06,1.0,8.960154198311471,4.752457476950981,3.276260363089072,3.276260363089072,3.351677488636326,0.0,0.0,0.31205500541506587,1.6814507697079633,0.09217162329602886,1.6805396402204358,0.08287613748295887,0.014106949350821811,0.0,1.0047903012584996,0.0,0.0,0.0,2.4578122383839376,153.38285312137089,13.069908142089844,126.94451141357422,337.077392578125,1.0151513814926147,0.7192569971084595,0.25,4.0,0.5630744099617004,0.46678245067596436,0.14649305175620966,0.005744611007768903,3.8007312562014604,3.2251767910815574,0.15143256029502214,1.0,0.6769091567477664,0.16222869061134956,1.0,0.17113763657776085,0.0,0.7325688809961886,0.12250638269894831,0.0,0.1449247326802563,,,,,,,,,,,,,,,,,,,,,,,,,,,,,,,,,,,,
780,1.6209961290602385e-06,1.6209961290602385e-06,1.0,8.828620524019808,4.6962395358730005,3.2020340545757398,3.2020340545757398,3.2440715093870423,0.0,0.0,0.3131616099460705,1.6776560931592375,0.09176819489614384,1.6777305506371163,0.08283802272902953,0.014310639716584134,0.0,0.998928240827612,0.0,0.0,0.0,2.471656103391905,153.74814626332875,13.069908142089844,129.44825744628906,335.76324462890625,1.0154128074645996,0.7182380557060242,0.25,4.0,0.5634274482727051,0.46920496225357056,0.14596509464930518,0.005531239741766058,3.6154462590410903,3.014425904364199,0.16623683817009555,1.0,0.6773783145724116,0.16205825072688027,1.0,0.1716176150618373,0.0,0.731629864589588,0.12263963411788682,0.0,0.14573049867475354,87.7990846319513,128.00063085293465,0.23346541620301037,8.578324328412066,87.79908731830162,106.38429175017266,124.21796235675136,157.0504848391764,28.822266714913503,68.79147847493489,150.07775679878566,0.48078128173560514,0.6661388186794565,0.542156277791907,0.4998638529183946,0.0,0.593146177978288,0.698255428185727,0.7211383265344079,0.6436591517536677,0.8716243450221685,0.9623502253490162,0.9893554651716683,0.37162434502216846,0.1623502253490161,0.039355465171668325,0.0055512806419698805,0.005404712176175296,0.5989010989010989,0.4010989010989011,0.9816849816849818,1.0181425372650335,0.9921010988099235,0.9824817391051041,-7.993185520172119,0.00033769942820072174
781,1.611288895184855e-06,1.611288895184855e-06,1.0,8.86129889617095,4.729167306745374,3.1952889287793957,3.1952889287793957,3.2438201582109607,0.0,0.0,0.3105987664815542,1.6914739737639557,0.0901798160897719,1.6916697315267615,0.0871284334240733,0.01756163512834826,0.0,0.993959320558084,0.0,0.0,0.0,2.593711530840075,151.8440044506176,12.471393585205078,124.9764175415039,335.76324462890625,1.0149564743041992,0.7235025763511658,0.25,4.0,0.5624282956123352,0.47387686371803284,0.1471960827223985,0.006548856548856549,4.093887187339164,3.4568423934884973,0.15560878077461543,1.0,0.6758999615102201,0.16302612766220764,1.0,0.17098155416346886,0.0,0.7307202268291164,0.12383428940901885,0.0,0.1454454821509284,,,,,,,,,,,,,,,,,,,,,,,,,,,,,,,,,,,,
782,1.6016183030898982e-06,1.6016183030898982e-06,1.0,8.901105880737305,4.7436578467085555,3.2159953439557873,3.2159953439557873,3.267538444415943,0.0,0.0,0.3124982287754884,1.7124634562311947,0.09166768475158794,1.7000810777818836,0.08200304945175713,0.017037758956084382,0.0,0.9994145551243344,0.0,0.0,0.0,2.5366613607148865,152.8656911076726,12.842171669006348,126.94451141357422,335.76324462890625,1.0141490697860718,0.7189945578575134,0.25,4.0,0.5615139007568359,0.46717727184295654,0.1426906663748769,0.005687164897691214,6.187494438242268,5.458771418880772,0.11777352313362406,1.0,0.6745608867825689,0.16353276774689957,1.0,0.17187756501339577,0.0,0.7308107630626576,0.12338538145696795,0.0,0.14580385930634834,,,,,,,,,,,,,,,,,,,,,,,,,,,,,,,,,,,,
783,1.5919844501581253e-06,1.5919844501581253e-06,1.0,8.82187407725566,4.680687685270567,3.2084722454483443,3.2084722454483443,3.25286171887372,0.0,0.0,0.3118153560805965,1.6844995537319698,0.09115916530828218,1.6827232451052279,0.08479517456647512,0.015148449396538371,0.0,0.9915208574887868,0.0,0.0,0.0,2.569795276667621,150.89514118916279,12.667789459228516,124.00383758544922,334.4542236328125,1.0157384872436523,0.720731794834137,0.25,4.0,0.5616051554679871,0.47212496399879456,0.14787996498522815,0.00619323777218514,4.445366468783972,3.8762514422068723,0.12802432163321295,1.0,0.6745051612725129,0.1641322336084134,1.0,0.1725123927399919,0.0,0.7284788441013645,0.12475586038183521,0.0,0.1467652971277366,,,,,,,,,,,,,,,,,,,,,,,,,,,,,,,,,,,,
784,1.5823874334023287e-06,1.5823874334023287e-06,1.0,8.905327255661422,4.737878722113532,3.232600959571632,3.232600959571632,3.282700081129332,0.0,0.0,0.31267721508000346,1.6989852479986243,0.0906722511391382,1.6910160522203188,0.08036334178334958,0.012792163295671344,0.0,0.9868178770348832,0.0,0.0,0.0,2.4777472889101184,152.33659940152555,13.172416687011719,124.48916625976562,335.76324462890625,1.0152277946472168,0.7184247374534607,0.25,4.0,0.5594613552093506,0.46816277503967285,0.14266604661341503,0.005315132946711894,3.4829589225150444,2.9800168871879578,0.14440079441531634,1.0,0.6713643879503817,0.1655475904007216,1.0,0.17357997958724564,0.0,0.7259809407027992,0.1260298957695832,0.0,0.14798916070847898,,,,,,,,,,,,,,,,,,,,,,,,,,,,,,,,,,,,
785,1.572827349464358e-06,1.572827349464358e-06,1.0,8.869846730618864,4.746315724140889,3.1825698066402124,3.1825698066402124,3.2276024689545504,0.0,0.0,0.3119538804969272,1.7091507525057406,0.09049069398158305,1.702214543883865,0.08494293407813923,0.015705584067020665,0.0,0.9766940716150645,0.0,0.0,0.0,2.5958513279218933,149.58120892498945,12.618402481079102,122.08133697509766,331.8514709472656,1.0155142545700073,0.7269231677055359,0.25,4.0,0.5582866072654724,0.4714314639568329,0.14803315461210198,0.006239741766057555,4.338412723831229,3.74848237029604,0.13597838451253302,1.0,0.6693793841310449,0.16741065459476934,1.0,0.17434745624258713,0.0,0.7247809445535814,0.12674325905941627,0.0,0.1484757979979386,84.7936027443016,128.5678805409784,0.2207038518609908,-6.698466122805417,84.79360344938668,102.60510647059797,121.2783900817904,154.08741675744633,25.626729692731583,65.09785408197448,149.03098728345788,0.48907711550768834,0.6649150229780251,0.5418367246637655,0.4996353179982599,0.0,0.5949586092200075,0.6936546480697162,0.7191865202300126,0.6394116820098202,0.874152651057125,0.963138030852662,0.989392107288117,0.37415265105712503,0.16313803085266199,0.03939210728811704,0.00578945439888608,0.006045949214026602,0.5714285714285714,0.42857142857142855,0.9853479853479853,0.9940144754536859,0.9714369365310931,0.9635832030530814,-7.993354797363281,0.0003376422682777047
786,1.5633042946141546e-06,1.5633042946141546e-06,1.0,8.845120481542638,4.662031354130925,3.2499808685199634,3.2499808685199634,3.327426852406682,0.0,0.0,0.3115792008670601,1.6873976056640212,0.09112694074173232,1.6835714836378355,0.08447414827910629,0.01647179474978632,0.0,0.986087133755555,0.0,0.0,0.0,2.5783638986381323,151.89795726054425,12.643072128295898,124.48916625976562,337.077392578125,1.014830470085144,0.7203546166419983,0.25,4.0,0.5613982677459717,0.46923401951789856,0.14804409672830726,0.006133056133056133,3.7056544447267377,3.1511982582710885,0.14962436317953437,1.0,0.674333981565527,0.1638194431324263,1.0,0.17209310547725573,0.0,0.7300173624141796,0.12395074601108963,0.0,0.14603189439386935,,,,,,,,,,,,,,,,,,,,,,,,,,,,,,,,,,,,
787,1.5538183647487756e-06,1.5538183647487756e-06,1.0,8.846802634161872,4.695914139618745,3.2190930521166004,3.2190930521166004,3.272646968429153,0.0,0.0,0.3110497352239248,1.6801651361826304,0.08995900585039242,1.6888336619815312,0.08256024957911388,0.015644012490992208,0.0,0.9969644627055606,0.0,0.0,0.0,2.5737538402144975,151.26132140288482,12.35019588470459,124.48916625976562,334.4542236328125,1.0152432918548584,0.7302292585372925,0.25,4.0,0.5632790327072144,0.4816311299800873,0.15285589232957655,0.006234270707954919,4.620595828101441,3.948397990014102,0.1454786055943653,1.0,0.6770815011617299,0.16270123865153338,1.0,0.17074849879419482,0.0,0.7313616082474992,0.12336925538005056,0.0,0.14526913637245023,,,,,,,,,,,,,,,,,,,,,,,,,,,,,,,,,,,,
788,1.544369655391428e-06,1.544369655391428e-06,1.0,8.828972842242267,4.6535675718977645,3.245045500832635,3.245045500832635,3.3035478785231307,0.0,0.0,0.3120332448869138,1.681120566419653,0.09114099052306768,1.6725109847816262,0.08519943551840009,0.017012486542650574,0.0,0.9870256040547345,0.0,0.0,0.0,2.5673534451304256,152.04873698466534,12.618402481079102,124.00383758544922,337.077392578125,1.0155982971191406,0.7206686735153198,0.25,4.0,0.5625236630439758,0.47263303399086,0.14757085020242916,0.005982602035233614,3.925978273958773,3.233555817926252,0.17636940597083708,1.0,0.6758591291066762,0.16364675981772914,1.0,0.17133926016253395,0.0,0.7303819301966075,0.12404314448704591,0.0,0.14557493377376246,,,,,,,,,,,,,,,,,,,,,,,,,,,,,,,,,,,,
789,1.5349582616905093e-06,1.5349582616905093e-06,1.0,8.801674894384435,4.678119543436411,3.188899736146669,3.188899736146669,3.2243873621966386,0.0,0.0,0.3135171476248148,1.6860606573723458,0.08944086529113152,1.6867016457222603,0.08489257812097266,0.016854645382310893,0.0,0.9885227599659482,0.0,0.0,0.0,2.5815164140752844,152.3153377223659,12.71737003326416,124.9764175415039,337.077392578125,1.0136781930923462,0.7212106585502625,0.25,4.0,0.5605546832084656,0.4709613621234894,0.14852828537039064,0.006097494255388992,5.249445424692051,4.473453266395105,0.14782364526486488,1.0,0.6732602361086253,0.1637414989841951,1.0,0.17224849841079196,0.0,0.7289752380267994,0.12456555020164799,0.0,0.14645921539615941,,,,,,,,,,,,,,,,,,,,,,,,,,,,,,,,,,,,
790,1.5255842784186503e-06,1.5255842784186503e-06,1.0,8.794034313511204,4.659138640841922,3.205866285272547,3.205866285272547,3.251315078219852,0.0,0.0,0.31405540575852264,1.663793202993032,0.09077892069881027,1.6801936529778145,0.08434784392247328,0.01548656083429484,0.0,0.9925904902251991,0.0,0.0,0.0,2.479713017876084,151.61127492543812,12.69255542755127,124.00383758544922,335.76324462890625,1.015386700630188,0.7296455502510071,0.25,4.0,0.5616113543510437,0.47966137528419495,0.15195590327169275,0.0067020461757303865,4.287412228616509,3.6212102617766404,0.15538556390572286,1.0,0.6746564185297167,0.16350307778732195,1.0,0.1725911119499722,0.0,0.7289761659261342,0.12441944008743441,0.0,0.14660440022880966,87.15310304243486,128.3174819826409,0.22849845853832074,0.20160427722302113,87.15310561815684,104.63052135837479,122.90791603066367,156.17854842437794,27.85645948137556,67.21885692980862,152.07906507409137,0.5367473428677348,0.6633347286846579,0.539453639818556,0.494138785393737,0.0,0.5907671209969936,0.6946009337566283,0.7101357232657778,0.6412918963601257,0.8730167454472171,0.9631013887362134,0.9894653915210142,0.3730167454472171,0.16310138873621338,0.03946539152101425,0.005661206991315819,0.006265801912718479,0.5769230769230769,0.4230769230769231,0.9826007326007326,1.0098668437573937,0.9852939702488563,0.9765869568173702,-7.993307590484619,0.00033765818807296455
791,1.5162477999717607e-06,1.5162477999717607e-06,1.0,8.865439595402899,4.727199605993323,3.197766194472442,3.197766194472442,3.250791027739241,0.0,0.0,0.31155244643623764,1.7137021180745717,0.09067730525055447,1.6960833201537262,0.08573185753177952,0.016358894811993516,0.0,0.9670580238909334,0.0,0.0,0.0,2.618488166783307,149.9204006710568,12.544681549072266,121.13129425048828,334.4542236328125,1.0151417255401611,0.7206143140792847,0.25,4.0,0.5570976138114929,0.4690419137477875,0.14649852281431228,0.0060509902615165775,4.2331543307046635,3.526755593918465,0.16687289940327055,1.0,0.667763352394104,0.16766084327891068,1.0,0.17492346626681252,0.0,0.7229975461959839,0.12760226831242844,0.0,0.1494001967681421,,,,,,,,,,,,,,,,,,,,,,,,,,,,,,,,,,,,
792,1.5069489203680709e-06,1.5069489203680709e-06,1.0,8.866988852217391,4.687230361474527,3.2447674854381665,3.2447674854381665,3.317407356726157,0.0,0.0,0.31306469198819753,1.6667916581437394,0.08958834550670676,1.706348119555293,0.08563186308822117,0.016776409289623435,0.0,0.9907881311468176,0.0,0.0,0.0,2.5205881047893213,153.48534950050148,12.817113876342773,125.4655532836914,341.0507507324219,1.0138421058654785,0.7292941808700562,0.25,4.0,0.5627511739730835,0.48269814252853394,0.1510613852719116,0.007016632016632017,5.89943461160402,5.0555028190483915,0.1430529954337724,1.0,0.6765623785353996,0.16205055246482025,1.0,0.1706109437588099,0.0,0.7316584522659714,0.12328845524304621,0.0,0.14505309651832324,,,,,,,,,,,,,,,,,,,,,,,,,,,,,,,,,,,,
793,1.4976877332471985e-06,1.4976877332471985e-06,1.0,8.80876229260419,4.6919572031175765,3.1819561752113135,3.1819561752113135,3.229013423661928,0.0,0.0,0.3118317803821048,1.6799067323272292,0.0900648034907676,1.6952146001764246,0.08534741290920489,0.0166951621555396,0.0,0.9944857632791674,0.0,0.0,0.0,2.5844314001701973,151.46946840028505,12.49577522277832,124.00383758544922,337.077392578125,1.0155707597732544,0.7314626574516296,0.25,4.0,0.5639483332633972,0.4775300920009613,0.1562014443593391,0.006499617025932815,4.895664481697856,4.155316171613899,0.15122529594331963,1.0,0.6780160021137547,0.1624336484316233,1.0,0.1705164466355298,0.0,0.7334199193361643,0.12237819848028389,0.0,0.14420188701636083,,,,,,,,,,,,,,,,,,,,,,,,,,,,,,,,,,,,
794,1.4884643318691938e-06,1.4884643318691938e-06,1.0,8.851051536766258,4.697257093481116,3.2234524585105278,3.2234524585105278,3.275711459082526,0.0,0.0,0.31213131788614634,1.6777125790312484,0.08939477217358512,1.686936252825969,0.08128521460536364,0.013980304054613854,0.0,0.9933522681932192,0.0,0.0,0.0,2.526805088326738,150.90586193187818,12.69255542755127,123.0388412475586,335.76324462890625,1.0170024633407593,0.7348704934120178,0.25,4.0,0.5626624822616577,0.48118746280670166,0.1563190721085458,0.0061631469526206364,4.454369687550777,3.8265581735082574,0.14094283997063567,1.0,0.6759177301381085,0.1640303988714476,1.0,0.17192816653767148,0.0,0.7302142011152731,0.12413426488637924,0.0,0.14565152312452728,,,,,,,,,,,,,,,,,,,,,,,,,,,,,,,,,,,,
795,1.4792788091136062e-06,1.4792788091136062e-06,1.0,8.8159171310631,4.667939044333793,3.2155493143442513,3.2155493143442513,3.266297417718011,0.0,0.0,0.3110929389257689,1.6903615964425576,0.09024330691711323,1.680300996110246,0.08483697776053403,0.014755244052188622,0.0,0.9818731272542799,0.0,0.0,0.0,2.566591775095141,151.02267538534628,12.767145156860352,122.08133697509766,337.077392578125,1.0165187120437622,0.7307550311088562,0.25,4.0,0.5608358979225159,0.47796815633773804,0.15237443921654448,0.005832147937411095,3.689729411054302,3.1384010306886725,0.1494224423920813,1.0,0.6731639987713581,0.16554717498051152,1.0,0.17293028050177806,0.0,0.727355270772367,0.125603199206494,0.0,0.14704153102797432,86.90471605154184,130.41153029781708,0.2224475476601583,-10.098529920473204,86.90471713133978,103.66134821481727,121.51411749354467,154.58541928913124,24.471835000174387,65.3815303477206,156.76387090268344,0.518041687081811,0.6699343227265625,0.5456901067949392,0.5067691681733874,0.0,0.6027875166000917,0.6953482062423781,0.7129140666538455,0.6402103392003606,0.8727602506320765,0.9622219779414459,0.9885310175515738,0.3727602506320765,0.16222197794144588,0.03853101755157384,0.0068520757758968156,0.006339086145615771,0.5659340659340659,0.4340659340659341,0.9862637362637363,0.997770413510747,0.9753752912466342,0.9677114377801235,-7.9934892654418945,0.00033759689540602267
796,1.470131257478547e-06,1.470131257478547e-06,1.0,8.787932834109744,4.615567980585872,3.244851711634043,3.244851711634043,3.3069796755507186,0.0,0.0,0.31183833367115743,1.667618290798084,0.09023788269307162,1.6821939816346039,0.08111658964205433,0.016540741529064002,0.0,0.9913694858551025,0.0,0.0,0.0,2.519689054102511,153.98233279666385,13.018954277038574,124.9764175415039,342.38555908203125,1.0162227153778076,0.7375622391700745,0.25,4.0,0.5614324808120728,0.48202526569366455,0.15368749316117739,0.0063847248057774374,4.617756667974833,3.955478361329517,0.14341992319308702,1.0,0.6741454182444392,0.16470820557426763,1.0,0.17257135099655874,0.0,0.7296299161137761,0.12414593269696107,0.0,0.14622416186171608,,,,,,,,,,,,,,,,,,,,,,,,,,,,,,,,,,,,
797,1.4610217690797627e-06,1.4610217690797627e-06,1.0,8.816321347210858,4.680113444457183,3.200097187145336,3.200097187145336,3.2446674334036336,0.0,0.0,0.3124500601678281,1.6963944402900901,0.0907808552319939,1.6925514968665871,0.0821653720293496,0.014589027438715502,0.0,0.9949448720828907,0.0,0.0,0.0,2.558457558219497,152.75254677437448,12.917638778686523,124.9764175415039,339.7210998535156,1.0143333673477173,0.7235758900642395,0.25,4.0,0.5612697601318359,0.47255226969718933,0.14780610570084254,0.006521501258343364,3.6493309583212876,3.146524513089979,0.13778044550461999,1.0,0.6741276528384235,0.16420713208011678,1.0,0.17112176764655757,0.0,0.7299782633781433,0.12443125247955322,0.0,0.14559047709445697,,,,,,,,,,,,,,,,,,,,,,,,,,,,,,,,,,,,
798,1.4519504356496966e-06,1.4519504356496966e-06,1.0,8.761981964111328,4.615601372074437,3.21782441396971,3.21782441396971,3.26664535419361,0.0,0.0,0.3125180360433218,1.6597737170554496,0.0911134412965259,1.6815883082312506,0.08455404186168232,0.015670826192945242,0.0,1.0057110351485175,0.0,0.0,0.0,2.4909602210328385,154.7133560180664,12.842171669006348,127.44135284423828,342.38555908203125,1.0153076648712158,0.7352749109268188,0.25,4.0,0.5665122866630554,0.4847664535045624,0.1544561768245979,0.006505088084035452,4.257885709807679,3.5817256279893823,0.15880183919939875,1.0,0.6819011262945227,0.16036580643943837,1.0,0.16843522440742803,0.0,0.7360085200619053,0.12123125751276274,0.0,0.14276022484173645,,,,,,,,,,,,,,,,,,,,,,,,,,,,,,,,,,,,
799,1.4429173485365772e-06,1.4429173485365772e-06,1.0,8.86409396094245,4.675118575225005,3.2529759858105636,3.2529759858105636,3.3246334372340023,0.0,0.0,0.3115488822395737,1.6913754134564787,0.0907396408351692,1.6940730165790867,0.0835250316036714,0.015048276500877094,0.0,1.0008325560672864,0.0,0.0,0.0,2.541943720869116,153.2918140308277,12.71737003326416,124.48916625976562,341.0507507324219,1.0152307748794556,0.7265697717666626,0.25,4.0,0.5637737512588501,0.47699663043022156,0.1494364810154284,0.006433964328701171,4.909856200218201,4.374266107340117,0.1090846800878367,1.0,0.6778846125344973,0.16225357152320244,1.0,0.1695190140524426,0.0,0.7324560590692468,0.12332161536087861,0.0,0.1442223235562041,,,,,,,,,,,,,,,,,,,,,,,,,,,,,,,,,,,,
800,1.4339225987034928e-06,1.4339225987034928e-06,1.0,8.846329637475916,4.705150243398306,3.2046110307848132,3.2046110307848132,3.260882106987206,0.0,0.0,0.31128997899390554,1.6960273401157275,0.08944465703255422,1.7019866511628434,0.08144646097679396,0.015492974956696099,0.0,0.9865793779089644,0.0,0.0,0.0,2.6137365650486304,152.0751495361328,12.49577522277832,121.60538482666016,342.38555908203125,1.0165153741836548,0.7310618758201599,0.25,4.0,0.5613663196563721,0.4764827787876129,0.15328810591968486,0.006256154940365467,4.849066632019507,4.287511864223996,0.11580677487239195,1.0,0.6738758361017382,0.16560413990471815,1.0,0.17207644920091372,0.0,0.7289245789115494,0.12514336991149025,0.0,0.14593205963437622,86.24954911116716,127.89793699336317,0.2285943861503436,-0.21617210304344092,86.2495487705789,104.00089990073096,122.58866498910008,156.49828177980797,30.519974844796316,66.98930447600608,148.74256167204484,0.5258097707787702,0.660544896156933,0.5385880743903315,0.4931738777211283,0.0,0.588712682630479,0.6862093899842111,0.7047749254575532,0.6421577428953106,0.8718441977208603,0.9630830676779891,0.9895020336374629,0.3718441977208603,0.16308306767798908,0.03950203363746296,0.005459675350848265,0.006632223077204939,0.5824175824175825,0.4175824175824176,0.9835164835164835,1.0092132588500504,0.9849235394990051,0.9763123111410456,-7.9934983253479,0.00033759381039999425
801,1.4249662767274717e-06,1.4249662767274717e-06,1.0,8.858926798846271,4.695949477118415,3.2303214653118237,3.2303214653118237,3.288923811268162,0.0,0.0,0.3123176097869873,1.683483143110533,0.09046851481134827,1.693617227915171,0.08065406988198692,0.013724681203933182,0.0,0.9928922765963787,0.0,0.0,0.0,2.5237796532141195,152.68565451132284,12.643072128295898,123.52039337158203,339.7210998535156,1.0152322053909302,0.7319386601448059,0.25,4.0,0.562044084072113,0.48179227113723755,0.1520543823175402,0.006540649961702593,4.770770092268248,3.863733770074071,0.19012367073906286,1.0,0.675283175867957,0.16361265669803363,1.0,0.17070277760157715,0.0,0.7302074883435223,0.12433952012577572,0.0,0.14545299334300532,,,,,,,,,,,,,,,,,,,,,,,,,,,,,,,,,,,,
802,1.416048472798578e-06,1.416048472798578e-06,1.0,8.900394078847524,4.7135112350051465,3.2517609016315356,3.2517609016315356,3.3210869157636487,0.0,0.0,0.3126262957985337,1.6844947885822605,0.09132173919194453,1.6983066958350104,0.08182663289276329,0.014637930457153031,0.0,1.0001492258664724,0.0,0.0,0.0,2.513653091482214,154.1348252167573,12.69255542755127,126.44959259033203,342.38555908203125,1.0173012018203735,0.7329177856445312,0.25,4.0,0.5642720460891724,0.48117104172706604,0.15167961483750958,0.005681693839588576,4.222944379658313,3.6755915348594255,0.1296140312516204,1.0,0.6782759701883471,0.1631522498823501,1.0,0.17027813075362025,0.0,0.7320721471631849,0.12316116388585116,0.0,0.14476669599881042,,,,,,,,,,,,,,,,,,,,,,,,,,,,,,,,,,,,
803,1.4071692767190003e-06,1.4071692767190003e-06,1.0,8.80259910789696,4.660284622295483,3.208198122076086,3.208198122076086,3.2546652587684424,0.0,0.0,0.31220905200855154,1.6873073513443406,0.09070113059636709,1.6888005862364899,0.08367887421234234,0.015794155955616687,0.0,0.9902296646221264,0.0,0.0,0.0,2.551188939326518,153.05414251379065,12.817113876342773,124.48916625976562,339.7210998535156,1.015828251838684,0.7232605218887329,0.25,4.0,0.5631581544876099,0.47647538781166077,0.15104223656855237,0.005799321588795273,4.166302397444442,3.5478842661187455,0.14843332824449473,1.0,0.6768748148067577,0.1628036337929803,1.0,0.17127993622341672,0.0,0.7306590434667226,0.12400128591705013,0.0,0.1453396774627067,,,,,,,,,,,,,,,,,,,,,,,,,,,,,,,,,,,,
804,1.3983287779021406e-06,1.3983287779021406e-06,1.0,8.884082781301963,4.718360772003999,3.228854733544427,3.228854733544427,3.296430046493943,0.0,0.0,0.31273436465778864,1.6977648412859119,0.090220771125845,1.6933882913073979,0.08299795870442649,0.01710446530046898,0.0,0.9836548953442961,0.0,0.0,0.0,2.605997533411593,153.45241959030562,12.69255542755127,122.08133697509766,345.0709228515625,1.0160322189331055,0.7296380400657654,0.25,4.0,0.56104576587677,0.479721337556839,0.1513157894736842,0.006264361527519423,4.733344558928464,3.899705505854375,0.17612050901758328,1.0,0.6734867708103077,0.16540847879809303,1.0,0.17252791209800825,0.0,0.7273697563119836,0.12580854667199626,0.0,0.14682169419688149,,,,,,,,,,,,,,,,,,,,,,,,,,,,,,,,,,,,
805,1.3895270653717276e-06,1.3895270653717276e-06,1.0,8.820159061534985,4.654250273833403,3.2332324208440006,3.2332324208440006,3.3009341343029126,0.0,0.0,0.3125248744681075,1.6763855734386959,0.09063117226233354,1.692118712373682,0.08311273932859704,0.01661860350066343,0.0,0.9920165522678478,0.0,0.0,0.0,2.564681836076685,155.80148232949747,12.867278099060059,126.94451141357422,347.77734375,1.0163383483886719,0.7245600819587708,0.25,4.0,0.5638039112091064,0.47541069984436035,0.14976200897253528,0.005585950322792428,3.891490936279297,3.2879955478616663,0.15508076423650624,1.0,0.677604303166673,0.16335764809234724,1.0,0.17070767605626905,0.0,0.7311109272209374,0.12376416333623834,0.0,0.14512490601958455,88.54932866777692,127.93244750501172,0.234733752469377,14.619094911512438,88.54933102047369,106.71302071085057,124.39549355544827,158.04116884528113,25.896338871547155,70.66956287945888,148.22456160835597,0.5333095607217043,0.6688696352740031,0.5416116832699691,0.4986725034781567,0.0,0.5955760217563008,0.6980454915903843,0.73021922164358,0.6414686041311578,0.8717892345461874,0.9634861309589242,0.9897951705690521,0.3717892345461874,0.16348613095892417,0.03979517056905213,0.005954343922904987,0.00681543365944817,0.6098901098901099,0.3901098901098901,0.9844322344322344,1.026066437118001,0.9992298763859403,0.9890878702421765,-7.993487358093262,0.0003375975356902927
806,1.3807642277609055e-06,1.3807642277609055e-06,1.0,8.86405019502382,4.6686165912731274,3.2632360651686385,3.2632360651686385,3.3335265533344165,0.0,0.0,0.3128064927217123,1.6740784483986932,0.09165306792065904,1.6884869240425728,0.08375757006374565,0.014741026966303989,0.0,1.000520651404922,0.0,0.0,0.0,2.4471940092138342,159.2800771352407,13.249826431274414,132.51803588867188,351.8768615722656,1.0147068500518799,0.7296801209449768,0.25,4.0,0.5641739964485168,0.47938209772109985,0.14890305285042127,0.0065844184265236895,4.5876524230918365,3.729975340334145,0.18695337040805335,1.0,0.6787003762013203,0.16091329040559563,1.0,0.16975887965511632,0.0,0.733827339636313,0.12164688251308493,0.0,0.1445257786560703,,,,,,,,,,,,,,,,,,,,,,,,,,,,,,,,,,,,
807,1.372040353311355e-06,1.372040353311355e-06,1.0,8.843288215431008,4.721266630533579,3.1816551620895797,3.1816551620895797,3.2245211794569686,0.0,0.0,0.3120361332957809,1.703628420829773,0.09114987523974599,1.70008833021731,0.08491388366029069,0.01756388770819113,0.0,0.9879657094543045,0.0,0.0,0.0,2.619559114043777,154.30449490933805,12.618402481079102,123.52039337158203,346.4215087890625,1.016505241394043,0.7322662472724915,0.25,4.0,0.561059296131134,0.47507134079933167,0.1535589232957654,0.0067020461757303865,5.064912475444175,4.318627044155791,0.14734419102137344,1.0,0.6735634481584704,0.16501743044402148,1.0,0.17315986309502576,0.0,0.729326465645352,0.12422957895575343,0.0,0.14644396526587977,,,,,,,,,,,,,,,,,,,,,,,,,,,,,,,,,,,,
808,1.3633555298723917e-06,1.3633555298723917e-06,1.0,8.946282180579933,4.761853089203706,3.250118790446101,3.250118790446101,3.306591781410011,0.0,0.0,0.3126647520709682,1.6827037849941768,0.09153346556264001,1.6921636929383148,0.08234386750169702,0.015472320201051598,0.0,1.0071660151352753,0.0,0.0,0.0,2.489472121805758,158.55273334400073,13.069908142089844,130.46353149414062,350.5050048828125,1.0149590969085693,0.7295026779174805,0.25,4.0,0.5643468499183655,0.4781704545021057,0.15379144326512748,0.00682514498303972,4.742651088817699,3.9907760926195093,0.15853474820675156,1.0,0.6789056868166536,0.16108651580037298,1.0,0.16929752963620262,0.0,0.734277736496281,0.12202585327464181,0.0,0.14369640761130564,,,,,,,,,,,,,,,,,,,,,,,,,,,,,,,,,,,,
809,1.3547098449000922e-06,1.3547098449000922e-06,1.0,8.799304807508314,4.665948494060619,3.1999850659757048,3.1999850659757048,3.251417488665194,0.0,0.0,0.31253385704916875,1.67502617191624,0.08959508365070498,1.6970021853575836,0.08302989974617958,0.018017869203577976,0.0,0.9904293514586784,0.0,0.0,0.0,2.5830410171199487,156.9536611196157,12.742232322692871,127.94014739990234,350.5050048828125,1.015517234802246,0.7275540828704834,0.25,4.0,0.564765453338623,0.47950679063796997,0.15256319072108546,0.006611773717036875,4.5460156331191195,3.82560331837551,0.1584711476782404,1.0,0.6793250457660572,0.16158856290417747,1.0,0.16931848751532064,0.0,0.7335856089720855,0.12260171388452118,0.0,0.14381267774749446,,,,,,,,,,,,,,,,,,,,,,,,,,,,,,,,,,,,
810,1.3461033854564104e-06,1.3461033854564104e-06,1.0,8.893779445338893,4.721391317006704,3.2336899654285327,3.2336899654285327,3.29724391731056,0.0,0.0,0.31167277613201655,1.696468846218006,0.0897694006562233,1.6987515140224148,0.08665605151170008,0.015984733928800433,0.0,0.9822973898939185,0.0,0.0,0.0,2.5853305314038253,155.17234719766154,13.018954277038574,125.4655532836914,346.4215087890625,1.0143142938613892,0.7193675637245178,0.25,4.0,0.5606400370597839,0.47482985258102417,0.14643013458802934,0.0061248495459021775,4.4758274168581575,3.6399188798827096,0.1867606721892375,1.0,0.6732169921333725,0.16435256278192675,1.0,0.1724391958198032,0.0,0.7274766596587928,0.1255832052714116,0.0,0.14694013849303528,85.99069656120552,126.10040504049566,0.22670172718017423,6.304806908408364,85.99069887954823,104.29028478355069,122.27433815682853,155.77529664148187,25.987540653773717,67.7706157477327,146.21705561098844,0.5195708120312147,0.6643546880217209,0.540858814216301,0.4965874552584736,0.0,0.5923360341870625,0.6877979713802659,0.7226195523675442,0.6384007166698503,0.8735663771939467,0.9641090469385512,0.990069986442417,0.3735663771939467,0.1641090469385511,0.040069986442416994,0.005954343922904987,0.007548275988421092,0.5879120879120879,0.41208791208791207,0.9871794871794873,1.010429968054478,0.9847967792507056,0.9754078555238116,-7.993252277374268,0.00033767690183594823
811,1.3375362382082948e-06,1.3375362382082948e-06,1.0,8.943433117222142,4.772583201124862,3.240331340480495,3.240331340480495,3.3110049544153988,0.0,0.0,0.3111033415472185,1.673448743046941,0.09001933400695389,1.6826789507994782,0.08520290577733838,0.015816091377338446,0.0,0.9953109428689286,0.0,0.0,0.0,2.560177426080446,157.09427560342326,12.917638778686523,128.94358825683594,349.1385192871094,1.0165464878082275,0.7286380529403687,0.25,4.0,0.5665252208709717,0.483490914106369,0.1512856986541197,0.0064531130320604,4.277144657598959,3.50404172008102,0.18075211371315467,1.0,0.681753126350609,0.16086514898248622,1.0,0.16937366732068965,0.0,0.7344356147018639,0.1217473417117789,0.0,0.14381705063420372,,,,,,,,,,,,,,,,,,,,,,,,,,,,,,,,,,,,
812,1.3290084894268234e-06,1.3290084894268234e-06,1.0,8.82436617000683,4.676982196601662,3.2149349354408883,3.2149349354408883,3.2687162064217232,0.0,0.0,0.3124547592691473,1.6835239739031405,0.09120198460044088,1.682226603095596,0.0838364280156187,0.01670760215209747,0.0,0.9905397295951843,0.0,0.0,0.0,2.542776252772357,155.91852033460464,13.095459938049316,125.95661163330078,347.77734375,1.015690565109253,0.7285990715026855,0.25,4.0,0.5613706707954407,0.4750935733318329,0.15188477951635845,0.006141262720210088,4.174623888086629,3.4003454414573877,0.18547262397430464,1.0,0.6741861072746483,0.16422982594451388,1.0,0.17241562178006042,0.0,0.7295851079193322,0.12420898273184493,0.0,0.14620590733515249,,,,,,,,,,,,,,,,,,,,,,,,,,,,,,,,,,,,
813,1.320520224986334e-06,1.320520224986334e-06,1.0,8.856604704985747,4.698597804920094,3.2248853219522013,3.2248853219522013,3.284738179799673,0.0,0.0,0.3102376283826055,1.684568385820131,0.08905856633508527,1.6883563479861698,0.08532164265980592,0.01745981223428169,0.0,0.9846437992276372,0.0,0.0,0.0,2.678505498009759,155.5959287076383,12.520204544067383,124.9764175415039,349.1385192871094,1.0120806694030762,0.7238407135009766,0.25,4.0,0.5609337091445923,0.47879645228385925,0.14820549294233504,0.006792318634423897,7.603365987539291,6.926644648249085,0.08900286273201172,1.0,0.6739914272282574,0.1632301344259365,1.0,0.16980572205943031,0.0,0.7303149474633707,0.12482142790749266,0.0,0.14486362905921163,,,,,,,,,,,,,,,,,,,,,,,,,,,,,,,,,,,,
814,1.3120715303635522e-06,1.3120715303635522e-06,1.0,8.831963384473646,4.709315171112886,3.183533662074321,3.183533662074321,3.2372452117301322,0.0,0.0,0.31211278728536657,1.6937374778696008,0.08872750623000634,1.707698003665821,0.08421537994935706,0.0163517288951757,0.0,0.9867547895457294,0.0,0.0,0.0,2.671273875880886,154.38565743936076,12.374341011047363,124.00383758544922,347.77734375,1.0149081945419312,0.7330857515335083,0.25,4.0,0.5628581047058105,0.48239821195602417,0.15489386147280884,0.007098697888171572,5.767750659504452,4.994105572636063,0.13413289383332294,1.0,0.6765076131434054,0.16299506095615593,1.0,0.17004162073135376,0.0,0.7318919462126654,0.12366926227066968,0.0,0.14443879755767616,,,,,,,,,,,,,,,,,,,,,,,,,,,,,,,,,,,,
815,1.3036624906367407e-06,1.3036624906367407e-06,1.0,8.822431873630833,4.713552694062929,3.175580495112651,3.175580495112651,3.214909959483791,0.0,0.0,0.3115850815901885,1.677879423708529,0.09016401079055425,1.6955683875728298,0.08371251016049772,0.015456469370857687,0.0,0.9925149759730777,0.0,0.0,0.0,2.573121032199344,155.54557965252852,12.667789459228516,126.94451141357422,346.4215087890625,1.0152218341827393,0.739099383354187,0.25,4.0,0.5628416538238525,0.4836796522140503,0.1556105700842543,0.007076813655761024,5.944063752084165,5.233671554842511,0.11951288325138998,1.0,0.6767019887228269,0.1618986063309618,1.0,0.1708480562712695,0.0,0.7322725363679834,0.12253227487609193,0.0,0.14519518976275986,88.08172942779876,128.50795605414547,0.23182445017558612,7.813834976363968,88.0817311163625,105.85146921565028,123.45909652302346,156.86403655714972,28.012101309640066,68.82977537406508,151.21193529211956,0.5181156014193774,0.6728444923746705,0.5458671571015822,0.5066957350529185,0.0,0.6024774554704585,0.7012993064263132,0.7336309760766307,0.6393483837976062,0.8727419295738522,0.963302920376681,0.989850133743725,0.3727419295738522,0.16330292037668093,0.039850133743725036,0.006339086145615771,0.008006302444029167,0.5934065934065934,0.4065934065934066,0.9862637362637363,1.016452404168936,0.9907855595369915,0.9812691011107885,-7.99307107925415,0.0003377380489837378
816,1.2952931904848366e-06,1.2952931904848366e-06,1.0,8.851309106156632,4.681789385305868,3.2363328289341284,3.2363328289341284,3.2897364964356295,0.0,0.0,0.31165959947818034,1.6849581518688717,0.09060812077006779,1.6843765490763896,0.0848056220927754,0.01716949767433107,0.0,0.989020423309223,0.0,0.0,0.0,2.612422656368565,156.14937117293076,12.767145156860352,124.9764175415039,351.8768615722656,1.0163527727127075,0.7251759171485901,0.25,4.0,0.5619762539863586,0.4753895103931427,0.1499097275413065,0.005668016194331984,5.181674683416212,4.544421618049209,0.12298206743980114,1.0,0.6751940943099357,0.16339163965470083,1.0,0.1717549951092617,0.0,0.7293478347159721,0.12445070352908727,0.0,0.14620145933853612,,,,,,,,,,,,,,,,,,,,,,,,,,,,,,,,,,,,
817,1.2869637141865976e-06,1.2869637141865976e-06,1.0,8.830892459766284,4.684693091624492,3.21156788516689,3.21156788516689,3.264289308238674,0.0,0.0,0.31112137034132675,1.6847845219277047,0.09059887681458448,1.6946722687901676,0.08507044220695624,0.016441920734438543,0.0,0.9823605595408259,0.0,0.0,0.0,2.613379935960512,153.4529456061286,12.39853286743164,123.52039337158203,345.0709228515625,1.0170334577560425,0.7353696227073669,0.25,4.0,0.5603106021881104,0.47906816005706787,0.15636284057336688,0.006477732793522267,4.936126994120108,4.358484289130649,0.11702346914444142,1.0,0.6725702897922413,0.16498729546327848,1.0,0.17390690462009326,0.0,0.7274279384999662,0.12499457960193222,0.0,0.14757748572407542,,,,,,,,,,,,,,,,,,,,,,,,,,,,,,,,,,,,
818,1.2786741456197592e-06,1.2786741456197592e-06,1.0,8.813410191922575,4.68599744745203,3.1965501372878617,3.1965501372878617,3.253874379235345,0.0,0.0,0.3115970057410163,1.6862393682067458,0.090429602643928,1.676007908743781,0.0841585136950016,0.015168002183624619,0.0,0.9843416536176527,0.0,0.0,0.0,2.5714102532412553,156.55341957710885,12.742232322692871,126.94451141357422,349.1385192871094,1.0159844160079956,0.7305784225463867,0.25,4.0,0.5600964426994324,0.475121408700943,0.1508124521282416,0.006018163912900755,4.109402646889558,3.6144864365861222,0.12043507361782672,1.0,0.6723903353149826,0.16470191909654722,1.0,0.1733490055477297,0.0,0.7284635547045115,0.12441769987344742,0.0,0.14711874441520587,,,,,,,,,,,,,,,,,,,,,,,,,,,,,,,,,,,,
819,1.2704245682601858e-06,1.2704245682601858e-06,1.0,8.891483590409562,4.708951898523279,3.2438814188982987,3.2438814188982987,3.3256957595412797,0.0,0.0,0.3116615559603717,1.6893013329119295,0.09000218961689924,1.7056529844129407,0.08581642192360517,0.01729288952097901,0.0,0.9865268501075538,0.0,0.0,0.0,2.6276576390137545,156.4648592149889,12.471393585205078,126.44959259033203,351.8768615722656,1.0147455930709839,0.7308096885681152,0.25,4.0,0.5619667172431946,0.47944149374961853,0.1522267206477733,0.006401137980085348,7.434400905628462,6.121068587979755,0.17665610643278667,1.0,0.6753419734336235,0.16277575774772748,1.0,0.1714437616032523,0.0,0.7308143006788718,0.1233762726187706,0.0,0.1458094252927883,,,,,,,,,,,,,,,,,,,,,,,,,,,,,,,,,,,,
820,1.2622150651810267e-06,1.2622150651810267e-06,1.0,8.821919235023293,4.7213778624663485,3.176828429505632,3.176828429505632,3.2246457370551855,0.0,0.0,0.3096708663412043,1.6549590793815818,0.08958921138499235,1.672698684640833,0.08631813969161059,0.015019900662623145,0.0,0.9794985023704735,0.0,0.0,0.0,2.5402298456913717,158.66325770197687,12.667789459228516,127.94014739990234,356.024658203125,1.0156147480010986,0.7340580821037292,0.25,4.0,0.5632534027099609,0.4841083288192749,0.15375588138746032,0.006775905460115987,6.744213582696141,6.109964923278706,0.09404338276663554,1.0,0.6772014047648456,0.1619674213029243,1.0,0.17111409435401093,0.0,0.7319590787629824,0.12266595218632673,0.0,0.1453749660301853,84.58083909422487,125.06728454375916,0.22504281136068438,6.938327789306641,84.58083865726488,102.71270978220245,121.79324770585416,154.6564605352811,31.8127931867327,66.03682501741157,144.61462468686312,0.49104048520988447,0.6600387198858646,0.5376931450969605,0.4886741113975806,0.0,0.5858102726677769,0.680581881147867,0.711631750290874,0.6408972024079751,0.8733465244952549,0.9640724048221025,0.9899783811512953,0.37334652449525485,0.1640724048221025,0.03997838115129537,0.004928364662342897,0.008336081492066981,0.6098901098901099,0.3901098901098901,0.9835164835164835,1.0020048312105976,0.9765160027277339,0.9669358725403692,-7.993015289306641,0.0003377569082658738
821,1.254045719051889e-06,1.254045719051889e-06,1.0,8.795038352141509,4.64621234584499,3.218987735542091,3.218987735542091,3.2717670878848515,0.0,0.0,0.31299775275024205,1.6542908758730501,0.08940032527253435,1.6954000157278937,0.08491264535365878,0.016505847213085036,0.0,0.9905779538927851,0.0,0.0,0.0,2.527411196682904,158.99228255813188,12.618402481079102,128.94358825683594,356.024658203125,1.0136231184005737,0.7389950156211853,0.25,4.0,0.5622102618217468,0.484262079000473,0.1580780172885436,0.0071834992887624466,5.4656633162820665,4.557556443923229,0.1661476054797615,1.0,0.6759825767697515,0.1615879974655203,1.0,0.17047181403314746,0.0,0.7334246957624281,0.12204093767984493,0.0,0.1445343717932701,,,,,,,,,,,,,,,,,,,,,,,,,,,,,,,,,,,,
822,1.2459166121379979e-06,1.2459166121379979e-06,1.0,8.832567498490617,4.668912056330088,3.233882440103067,3.233882440103067,3.289334922223478,0.0,0.0,0.3117866105324513,1.6787917162920978,0.0913332322159329,1.6817725059148427,0.08190932406766994,0.017157547572325613,0.0,0.9821023167790593,0.0,0.0,0.0,2.5725363944027877,158.1441215308937,12.593781471252441,128.94358825683594,353.2540588378906,1.0160775184631348,0.7244380712509155,0.25,4.0,0.5617253184318542,0.4739157557487488,0.14776233723602145,0.00539719881825145,5.061618220967215,4.437655579399419,0.12327335139246534,1.0,0.6749016272055136,0.1631580109934549,1.0,0.17224061690472267,0.0,0.7296519247261254,0.12382249050849192,0.0,0.14652558456401568,,,,,,,,,,,,,,,,,,,,,,,,,,,,,,,,,,,,
823,1.2378278262993691e-06,1.2378278262993691e-06,1.0,8.938883394808382,4.7178397436399715,3.2980408475205705,3.2980408475205705,3.3648279808663033,0.0,0.0,0.3124390985514667,1.6635309103372935,0.08947475173988857,1.670962668753959,0.07852804509771837,0.012376720916379142,0.0,0.9963282830006367,0.0,0.0,0.0,2.4207494967692607,158.87171585495406,13.121062278747559,127.44135284423828,356.024658203125,1.0155611038208008,0.7273175120353699,0.25,4.0,0.5614593625068665,0.4785842299461365,0.15257686836634204,0.006568005252215779,3.51899860839586,2.9222361598465896,0.16958303056030632,1.0,0.6745859545630377,0.16312161873321276,1.0,0.1718952869241302,0.0,0.729218149507368,0.1243407647754695,0.0,0.14644108611989665,,,,,,,,,,,,,,,,,,,,,,,,,,,,,,,,,,,,
824,1.2297794429899846e-06,1.2297794429899846e-06,1.0,8.852787894171637,4.660287805505701,3.2510220553423905,3.2510220553423905,3.330084936038868,0.0,0.0,0.31132183526013346,1.709572299106701,0.09076317158099767,1.700406177623852,0.08685058355331421,0.01901595264270499,0.0,0.9693473593608753,0.0,0.0,0.0,2.6785543867059656,154.57884340028505,12.49577522277832,122.55914306640625,349.1385192871094,1.015598177909851,0.7178862690925598,0.25,4.0,0.5580284595489502,0.4703335464000702,0.1474450158660685,0.005758288653025495,4.622287748633204,3.8323399408443555,0.17089974721336504,1.0,0.6691224027324367,0.1670974388315871,1.0,0.17431882507092245,0.0,0.7229397812405148,0.12800383507399946,0.0,0.14905638288001757,,,,,,,,,,,,,,,,,,,,,,,,,,,,,,,,,,,,
825,1.2217715432569768e-06,1.2217715432569768e-06,1.0,8.827314196406183,4.693163762221465,3.1998526147893958,3.1998526147893958,3.2570707926879057,0.0,0.0,0.3121180631018974,1.6862880925874453,0.08950470126158483,1.6891047310184788,0.08553223543473192,0.0166593951840155,0.0,0.9788955256745622,0.0,0.0,0.0,2.584717193165341,156.80394435573268,12.993551254272461,125.95661163330078,353.2540588378906,1.0158132314682007,0.7214344143867493,0.25,4.0,0.5605893731117249,0.4712305963039398,0.14958967064230222,0.0061111719006455845,4.726903846135011,4.066276719441285,0.13975895177852884,1.0,0.6730360195443437,0.16468912161685326,1.0,0.17316724400262576,0.0,0.7277757654318938,0.1252794875889211,0.0,0.14694474556961576,84.45654732840401,125.5565686554875,0.22352096590354706,6.147950057145003,84.45654963349438,102.91000029089061,121.08286740964066,154.32551124936035,29.538726806640625,65.95141412306202,144.7084370488706,0.5039807415773885,0.6732234092955488,0.548697238017568,0.5100282755799822,0.0,0.6043743023612622,0.6999319681706986,0.726916846707978,0.6360020113134708,0.8733465244952549,0.9641823311714485,0.9900516653841925,0.37334652449525485,0.16418233117144843,0.04005166538419258,0.0067604704847752,0.008482649957861566,0.6153846153846154,0.38461538461538464,0.9853479853479853,1.0014634392746202,0.976778313108198,0.9676066750844756,-7.9929680824279785,0.0003377728571649641
826,1.2138042077398073e-06,1.2138042077398073e-06,1.0,8.831267666172337,4.673031510533513,3.22838501672487,3.22838501672487,3.274344689137227,0.0,0.0,0.31113332348900874,1.6828421418731276,0.09077409393078573,1.6742807046787158,0.08361984668551264,0.01609405002720352,0.0,0.9911700164949572,0.0,0.0,0.0,2.50996254908072,159.43911165804477,13.301684379577637,130.46353149414062,354.63665771484375,1.0139000415802002,0.7160558700561523,0.25,4.0,0.5609230399131775,0.4682546555995941,0.14434019039282198,0.006174089068825911,5.149744981849516,4.55707508647764,0.11508723198153777,1.0,0.6739061507018836,0.16316916431124145,1.0,0.17149159513615272,0.0,0.7296479328258617,0.12402470470280261,0.0,0.14632736367953791,,,,,,,,,,,,,,,,,,,,,,,,,,,,,,,,,,,,
827,1.205877516669455e-06,1.205877516669455e-06,1.0,8.865706108711862,4.684966138891272,3.2435443143586853,3.2435443143586853,3.314439103410051,0.0,0.0,0.31158376142785355,1.6963535063975566,0.09073771979357745,1.6965534461511147,0.08451641421463038,0.015551220361344717,0.0,0.9831521978249421,0.0,0.0,0.0,2.54679384747067,157.93462928565773,13.069908142089844,128.44088745117188,351.8768615722656,1.0141797065734863,0.7247516512870789,0.25,4.0,0.5599536299705505,0.47534477710723877,0.14756811467337783,0.00625068388226283,5.588211465526271,4.849601710164869,0.13217283560543344,1.0,0.6722212900986543,0.16485240652754501,1.0,0.17237296297743515,0.0,0.7275625805597048,0.12552449993185094,0.0,0.14691291830024203,,,,,,,,,,,,,,,,,,,,,,,,,,,,,,,,,,,,
828,1.1979915498676116e-06,1.1979915498676116e-06,1.0,8.746538033356538,4.6136176779463485,3.1978334993929476,3.1978334993929476,3.2473109477275126,0.0,0.0,0.3118652854416821,1.6889355730366062,0.08944768780792081,1.6934093849079028,0.08436840883380659,0.01627211132388864,0.0,0.9823093994243725,0.0,0.0,0.0,2.58458538635357,156.81318210911107,12.789667129516602,126.44959259033203,351.8768615722656,1.0155073404312134,0.7293034195899963,0.25,4.0,0.5623952150344849,0.48027947545051575,0.15181092023197287,0.006261625998468104,4.1763488005947424,3.4660706648955473,0.170071555229785,1.0,0.6756490420650791,0.16384821727469162,1.0,0.17129608666574633,0.0,0.7299322534251858,0.12433336675167084,0.0,0.1457343755944355,,,,,,,,,,,,,,,,,,,,,,,,,,,,,,,,,,,,
829,1.1901463867458762e-06,1.1901463867458762e-06,1.0,8.795124208604967,4.658715260995401,3.200421056231937,3.200421056231937,3.2494167250555916,0.0,0.0,0.3112959040177835,1.6939677290014319,0.09025687986129038,1.6880877307943396,0.08590315030636014,0.01668191244322303,0.0,0.9889836730183782,0.0,0.0,0.0,2.5695934424529203,157.78215336155247,13.095459938049316,127.94014739990234,351.8768615722656,1.0143898725509644,0.7238322496414185,0.25,4.0,0.5606984496116638,0.47237882018089294,0.1468404639457271,0.00613852719115877,4.2707650597031055,3.5310739004934155,0.17319874750055012,1.0,0.6733903723794061,0.16407019423471914,1.0,0.17180835717433207,0.0,0.7285905432056736,0.12485345533570728,0.0,0.1465560024654543,,,,,,,,,,,,,,,,,,,,,,,,,,,,,,,,,,,,
830,1.1823421063049528e-06,1.1823421063049528e-06,1.0,8.821128819439862,4.672483096251616,3.2148138639089225,3.2148138639089225,3.2745435624509245,0.0,0.0,0.3109763965413377,1.6879794082126103,0.09010288844237456,1.6941730815011102,0.08264650756845603,0.016092616712322105,0.0,0.98331402765738,0.0,0.0,0.0,2.5463330584603385,158.70466737489443,13.146714210510254,128.44088745117188,354.63665771484375,1.013758659362793,0.7216108441352844,0.25,4.0,0.560850977897644,0.47431841492652893,0.14628515154830946,0.006403873509136667,5.257739908791877,4.496947920000231,0.14469943397532206,1.0,0.6736651900652293,0.16387157363666072,1.0,0.17117701269484856,0.0,0.7293148781802203,0.12460456808676591,0.0,0.1460805589685569,87.75503726581951,126.86031844217347,0.23259847340817966,12.346904188722045,87.75503623615302,106.03539490406055,124.01976762669136,157.38942656039032,26.99568775721959,69.45346524733905,148.32499893851903,0.5273014194682957,0.6628694092898051,0.5382279948463157,0.49361633077245415,0.0,0.589207941510084,0.6931506788362682,0.7114745931231932,0.6398481848454631,0.8733282034370305,0.9639258363563079,0.9900150232677439,0.37332820343703055,0.16392583635630786,0.04001502326774398,0.005532959583745557,0.010241471547396578,0.6153846153846154,0.38461538461538464,0.9844322344322345,1.018794602581433,0.9924319339813766,0.9826947511224956,-7.992868423461914,0.0003378064720891416
831,1.1745787871338591e-06,1.1745787871338591e-06,1.0,8.997732832625106,4.857022105036555,3.2124612524702743,3.2124612524702743,3.272020011334806,0.0,0.0,0.3106216965494929,1.6726956689679944,0.09025968772334021,1.6904862184782286,0.07914909831172712,0.01325204035242063,0.0,0.9942774498784864,0.0,0.0,0.0,2.4481235710350244,157.97195413950328,13.27573013305664,128.94358825683594,351.8768615722656,1.0135540962219238,0.7328194975852966,0.25,4.0,0.5605934262275696,0.4770421087741852,0.1532963125068388,0.00671298829193566,4.692299462653495,3.7552497846049233,0.19969946196031368,1.0,0.6733657363298777,0.1637277840762525,1.0,0.1712192695688557,0.0,0.7314466205803124,0.12343227198800526,0.0,0.14512111226449143,,,,,,,,,,,,,,,,,,,,,,,,,,,,,,,,,,,,
832,1.1668565074091346e-06,1.1668565074091346e-06,1.0,8.817335051459235,4.694749690390922,3.1839567261773185,3.1839567261773185,3.2299242277403137,0.0,0.0,0.3117297372302493,1.6951010484953184,0.08995529123254724,1.698467544607214,0.08597698102931718,0.01850918312305333,0.0,0.9857920327702084,0.0,0.0,0.0,2.6601797664487683,155.0413154395851,12.422772407531738,124.00383758544922,349.1385192871094,1.0163096189498901,0.731011152267456,0.25,4.0,0.5623629093170166,0.47791388630867004,0.1541497975708502,0.006343691870007659,5.32742101276243,4.57485727200637,0.14126229914121863,1.0,0.6755059119817373,0.16423864622373838,1.0,0.17149551011420586,0.0,0.7298605828671842,0.1245692990518905,0.0,0.1455701148590526,,,,,,,,,,,,,,,,,,,,,,,,,,,,,,,,,,,,
833,1.1591753448940473e-06,1.1591753448940473e-06,1.0,8.843268407357705,4.688111898061392,3.21853426340464,3.21853426340464,3.2793334561425285,0.0,0.0,0.31235768263404434,1.6938509200070355,0.08989303961798951,1.6934842225667592,0.08353525823032534,0.015489735074240613,0.0,0.9979211623604233,0.0,0.0,0.0,2.596380465739482,157.73704961828284,12.968196868896484,128.44088745117188,353.2540588378906,1.014510989189148,0.7237672805786133,0.25,4.0,0.5608038902282715,0.47410425543785095,0.1495732574679943,0.006245212824160192,4.395524396284206,3.775959102688609,0.14095366962798617,1.0,0.6733901838998537,0.16476166288594943,1.0,0.17129602303376068,0.0,0.7289557585845122,0.12512977904564626,0.0,0.14591446679991646,,,,,,,,,,,,,,,,,,,,,,,,,,,,,,,,,,,,
834,1.1515353769378208e-06,1.1515353769378208e-06,1.0,8.864175590308937,4.728107594154976,3.2012254547428443,3.2012254547428443,3.2537541969402417,0.0,0.0,0.3098578509446737,1.6994871513263599,0.09089630620705115,1.6840800497982953,0.08439070308530652,0.01727416688525999,0.0,0.986483232395069,0.0,0.0,0.0,2.591703199051522,157.26603636870513,12.618402481079102,125.95661163330078,354.63665771484375,1.0165482759475708,0.730211079120636,0.25,4.0,0.560564398765564,0.4729665517807007,0.1520543823175402,0.005908742750848014,4.032966562219568,3.3336952940837756,0.17338880879561372,1.0,0.672616729865203,0.16645852295128075,1.0,0.17263622662505587,0.0,0.7283703072651012,0.12542128462243723,0.0,0.14620840932066376,,,,,,,,,,,,,,,,,,,,,,,,,,,,,,,,,,,,
835,1.1439366804748486e-06,1.1439366804748486e-06,1.0,8.87261895875673,4.752504902916986,3.175764580030699,3.175764580030699,3.2166834328625655,0.0,0.0,0.3118844467240411,1.7124148510597847,0.09054510033613927,1.7082696798685435,0.08724507407562153,0.0181148370878922,0.0,0.9775228629241118,0.0,0.0,0.0,2.6636268125998006,155.51667765024547,12.544681549072266,123.52039337158203,351.8768615722656,1.015140414237976,0.7293728590011597,0.25,4.0,0.5583640336990356,0.47398969531059265,0.15151001203632783,0.006598096071780283,4.837561955323091,4.237382515056713,0.12406651238977115,1.0,0.6695418228974214,0.1673897436341724,1.0,0.17320861929171794,0.0,0.7255258817930479,0.12688926043542656,0.0,0.14758485616058917,89.80492688273335,128.9165248410789,0.2342232737369232,10.651742515983162,89.80492791038871,106.95083167258093,124.50256361435127,157.45833170418854,26.326534271240234,69.97009833284126,155.08844060483187,0.5649319231276532,0.6784786906371033,0.5486311859002928,0.5126337928697986,0.0,0.6104218566651628,0.7084254645466447,0.7358430304714869,0.6383078578578152,0.8727968927485251,0.9633578835513539,0.9894653915210142,0.3727968927485251,0.16335788355135383,0.03946539152101425,0.006778791542999524,0.01007658202337767,0.5824175824175825,0.4175824175824176,0.9862637362637363,1.0205263676387923,0.9948627601613055,0.9853272162132211,-7.9928483963012695,0.0003378132823854685
836,1.1363793320239162e-06,1.1363793320239162e-06,1.0,8.804398175832388,4.668475563461716,3.1996539670067863,3.1996539670067863,3.255940308441987,0.0,0.0,0.31247218396212606,1.6886711797198735,0.08975454681628459,1.7002157681697123,0.08376414348950258,0.016407803795929696,0.0,0.9787305206865877,0.0,0.0,0.0,2.5506075846182332,158.11006411990604,12.867278099060059,127.94014739990234,354.63665771484375,1.0139939785003662,0.7260638475418091,0.25,4.0,0.5598496794700623,0.4747135639190674,0.15057993215887952,0.006464055148265675,4.2524127331939905,3.688926651671126,0.13250973432666538,1.0,0.6720323852590613,0.16516090486500715,1.0,0.17204066990195094,0.0,0.7282119200036332,0.1253758970950101,0.0,0.1464121881368998,,,,,,,,,,,,,,,,,,,,,,,,,,,,,,,,,,,,
837,1.1288634076874412e-06,1.1288634076874412e-06,1.0,8.99936819076538,4.857685488623542,3.210055402807287,3.210055402807287,3.26823708173391,0.0,0.0,0.3102541316199947,1.6913132796416412,0.09117495067216255,1.6795611155999672,0.08211832775457485,0.01637113803519389,0.0,0.9938627884194657,0.0,0.0,0.0,2.5094615285461015,159.92613467654667,13.22397232055664,131.4867706298828,354.63665771484375,1.0157668590545654,0.7168371081352234,0.25,4.0,0.5620974898338318,0.4667147397994995,0.145628624575993,0.005482000218842324,4.6423682030793785,4.046246402972454,0.1284089874024867,1.0,0.6752902752644306,0.1636738736887236,1.0,0.17163238855632576,0.0,0.7303537339777559,0.12398876934438138,0.0,0.14565749788606489,,,,,,,,,,,,,,,,,,,,,,,,,,,,,,,,,,,,
838,1.1213889831506987e-06,1.1213889831506987e-06,1.0,8.813733023566169,4.697651888873126,3.1887164695842847,3.1887164695842847,3.2328426773483687,0.0,0.0,0.3100654909739623,1.6844343913568032,0.08906344465307288,1.669215211997161,0.0829140179463335,0.014381885201343009,0.0,0.9816311340074282,0.0,0.0,0.0,2.556524292842762,158.86703718030776,12.993551254272461,127.94014739990234,357.4180908203125,1.0158278942108154,0.7278692126274109,0.25,4.0,0.5613852143287659,0.47932279109954834,0.15146897910055804,0.006116642958748222,3.5048099933443844,3.005991542661512,0.14232396381833137,1.0,0.6740564655613255,0.16497099882847555,1.0,0.17191880901117582,0.0,0.7281801990560584,0.1255076886028857,0.0,0.1463121137506253,,,,,,,,,,,,,,,,,,,,,,,,,,,,,,,,,,,,
839,1.1139561336810592e-06,1.1139561336810592e-06,1.0,8.883573429004565,4.663946022858491,3.295335950078191,3.295335950078191,3.3743917168797672,0.0,0.0,0.31270059459918254,1.6424560675749909,0.09168839092190201,1.6771437831827112,0.08601680559081,0.014864600269828696,0.0,0.992283904874647,0.0,0.0,0.0,2.4022954766814775,161.4738381875528,13.327689170837402,134.08010864257812,356.024658203125,1.0158225297927856,0.7291233539581299,0.25,4.0,0.5647546052932739,0.4822523593902588,0.15267534741218952,0.006321807637597111,4.598014728443043,3.884750602213112,0.15512436744008704,1.0,0.679375181326995,0.1611132277427493,1.0,0.17024387499770602,0.0,0.7331371484576045,0.12202642213653873,0.0,0.14483642678808523,,,,,,,,,,,,,,,,,,,,,,,,,,,,,,,,,,,,
840,1.1065649341272339e-06,1.1065649341272339e-06,1.0,8.869697622350744,4.696385344943485,3.243044885429176,3.243044885429176,3.304047210796459,0.0,0.0,0.3128641473280417,1.6681115949476086,0.09022026549319963,1.683537837621328,0.08440374502459087,0.017406093265005463,0.0,0.9934155602712889,0.0,0.0,0.0,2.469377955874881,160.753995534536,13.044405937194824,131.4867706298828,357.4180908203125,1.015250325202942,0.7337653040885925,0.25,4.0,0.5652253031730652,0.4840639531612396,0.1552850421271474,0.0070357807199912465,4.379552283802548,3.7899367358233476,0.13462918348066083,1.0,0.6800834246583887,0.1608105491142015,1.0,0.16960712985412493,0.0,0.7347747828509357,0.1214926484468821,0.0,0.1437325745418265,85.09417894384363,128.3524570866325,0.22046003136548323,-6.6060827276208895,85.09417797294815,103.02595500905394,121.47528221208616,153.98506073711704,26.248868124825613,65.0416048626567,150.28329268745753,0.52990263841653,0.6632346617646239,0.5403543960960296,0.4956331358893282,0.0,0.5934197171487064,0.684318408566573,0.7009308429920258,0.6377667499357209,0.8747755670367521,0.9633762046095783,0.9895936389285845,0.3747755670367521,0.16337620460957825,0.039593638928584585,0.005716170165988787,0.01134073504085596,0.5659340659340659,0.4340659340659341,0.9807692307692307,0.9925857199417366,0.9698464142588469,0.9619442488138492,-7.992827892303467,0.0003378202090971172
841,1.0992154589185216e-06,1.0992154589185216e-06,1.0,8.78715180061959,4.621123120591447,3.2389285371110246,3.2389285371110246,3.3001321393090324,0.0,0.0,0.3114106075183765,1.6694890325133864,0.09015050127699568,1.678913638398454,0.0823368312337914,0.016316682285931264,0.0,0.9816653486844655,0.0,0.0,0.0,2.5559975231016003,158.42353758940826,13.044405937194824,128.94358825683594,354.63665771484375,1.0152825117111206,0.7238656878471375,0.25,4.0,0.5603412389755249,0.47390222549438477,0.14934073749863225,0.006770434402013349,4.923179985703649,4.23229607536986,0.14033285647488739,1.0,0.6726030707359314,0.16524026804679148,1.0,0.17287517117487416,0.0,0.7270585475741206,0.1257023017954182,0.0,0.14723915546327024,,,,,,,,,,,,,,,,,,,,,,,,,,,,,,,,,,,,
842,1.0919077820640566e-06,1.0919077820640566e-06,1.0,8.819642195830474,4.707308698344875,3.17532813871229,3.17532813871229,3.218014349808564,0.0,0.0,0.31168831522400314,1.6898621900661572,0.08961609448935534,1.6955308753090936,0.08657674108808106,0.016501662412633164,0.0,0.9871469752208607,0.0,0.0,0.0,2.558025463207348,158.727103774612,12.968196868896484,129.44825744628906,353.2540588378906,1.015299677848816,0.7243697047233582,0.25,4.0,0.5617415904998779,0.4757728576660156,0.15018054491738703,0.006494145967830179,4.649674697502239,3.7871572931070587,0.18550059101091879,1.0,0.6746990519600946,0.16409538706412186,1.0,0.17231939733028412,0.0,0.7292669882645478,0.12444568969107964,0.0,0.1462873325154588,,,,,,,,,,,,,,,,,,,,,,,,,,,,,,,,,,,,
843,1.0846419771520613e-06,1.0846419771520613e-06,1.0,8.809871390059188,4.6421940520003036,3.2470900561358476,3.2470900561358476,3.3069194200876595,0.0,0.0,0.3124312871211284,1.650132095491564,0.09055044361062951,1.6683977745674752,0.07969998145425641,0.014358162665991363,0.0,0.9921371775704462,0.0,0.0,0.0,2.4360157348014213,161.08773886190878,13.379852294921875,132.0013885498047,357.4180908203125,1.0151509046554565,0.7353858947753906,0.25,4.0,0.5627598166465759,0.4831945300102234,0.15266166976693293,0.007350366560892877,3.841188566104786,3.2107152149483964,0.16413496507819986,1.0,0.6762863300942086,0.1633081013286436,1.0,0.17046811089322372,0.0,0.7314282349638037,0.12355337453049582,0.0,0.14501838688109372,,,,,,,,,,,,,,,,,,,,,,,,,,,,,,,,,,,,
844,1.0774181173491125e-06,1.0774181173491125e-06,1.0,8.858198552518278,4.677708097406335,3.248582395347389,3.248582395347389,3.306719444893502,0.0,0.0,0.3116938938965669,1.6872691077155035,0.09043654114813418,1.6855328630756687,0.08131459315080901,0.016759790140329987,0.0,0.9857128117535565,0.0,0.0,0.0,2.5572362493824317,156.60291166563292,12.892434120178223,125.95661163330078,351.8768615722656,1.0159236192703247,0.7259013056755066,0.25,4.0,0.5597028136253357,0.4720970690250397,0.1548282087755772,0.005648867490972754,4.692091716302408,3.8919702534740037,0.17052553769322698,1.0,0.6715154180655608,0.16627804975251895,1.0,0.17335187422262655,0.0,0.7272785322086232,0.1257161010761519,0.0,0.14700537476990674,,,,,,,,,,,,,,,,,,,,,,,,,,,,,,,,,,,,
845,1.070236275399398e-06,1.070236275399398e-06,1.0,8.805647772711676,4.679208742605673,3.195354616319811,3.195354616319811,3.2395705016883642,0.0,0.0,0.3133006563057771,1.6719488066595953,0.08905949846312806,1.6967265251520518,0.08096010439299248,0.014132835682028451,0.0,0.983862131028562,0.0,0.0,0.0,2.4848235748909615,158.45917593466268,13.044405937194824,127.44135284423828,356.024658203125,1.0158311128616333,0.7366877198219299,0.25,4.0,0.5603550672531128,0.48105522990226746,0.1590819564503775,0.006822409453988401,4.365761230926256,3.7743099935956903,0.13547493920208759,1.0,0.672537843923311,0.16556989018981522,1.0,0.17299032493217573,0.0,0.7287270346203366,0.12481802883180412,0.0,0.14645494560937625,86.23895506806426,127.10628230896873,0.2262328063595314,4.978096427498283,86.23895702738459,104.50307164022041,122.16786213377443,155.74377015694128,26.121614728655135,67.16583961664244,148.874895842179,0.5384976146422655,0.6712007573320807,0.5437524636946388,0.5050405180400978,0.0,0.6027325430092977,0.6952620025474789,0.7310633077153748,0.6369037212296662,0.8740976878824521,0.9638525521234107,0.9898867758601737,0.3740976878824521,0.16385255212341066,0.03988677586017375,0.006650544135429262,0.010809424352350591,0.5824175824175825,0.4175824175824176,0.9826007326007327,1.010273212996813,0.9857376190004769,0.9767414934851311,-7.992896556854248,0.0003377969842404127
846,1.0630965236239857e-06,1.0630965236239857e-06,1.0,8.789875455804774,4.694751958589296,3.1677722093221305,3.1677722093221305,3.2135973556621655,0.0,0.0,0.3096690838401382,1.6669872773660195,0.08989373493838955,1.683780405972455,0.08319921751280089,0.01606815936975181,0.0,0.9872797244303936,0.0,0.0,0.0,2.529536952843537,158.7921913765572,12.993551254272461,128.94358825683594,354.63665771484375,1.0162674188613892,0.7316067814826965,0.25,4.0,0.5630320310592651,0.4831540882587433,0.15525221577853157,0.006671955356165883,5.323038354918763,4.461488108779933,0.16185309755333877,1.0,0.6764422945074133,0.16386084037052617,1.0,0.17173348769948288,0.0,0.7306911429843387,0.12389794857920827,0.0,0.14541091145695867,,,,,,,,,,,,,,,,,,,,,,,,,,,,,,,,,,,,
847,1.055998933920097e-06,1.055998933920097e-06,1.0,9.28214490735853,5.076302373731458,3.2641946109565527,3.2641946109565527,3.34953455667238,0.0,0.0,0.3131673126607328,1.6976927583282058,0.09054653809682743,1.7105972799094948,0.08497572529154855,0.016667162565313077,0.0,0.9872755778802408,0.0,0.0,0.0,2.576213801229322,158.02461758175411,12.792104721069336,126.94451141357422,356.024658203125,1.0158182382583618,0.7228018641471863,0.25,4.0,0.5599796175956726,0.4704423248767853,0.1510613852719116,0.005698107013896487,4.197273789225398,3.3950100911630168,0.19113923426244683,1.0,0.6719396871489447,0.16602273063885198,1.0,0.17317708279635455,0.0,0.7274316517082421,0.12565979804541613,0.0,0.14690855507915085,,,,,,,,,,,,,,,,,,,,,,,,,,,,,,,,,,,,
848,1.0489435777603821e-06,1.0489435777603821e-06,1.0,8.78531889013342,4.658389065716718,3.1947288706495955,3.1947288706495955,3.2318788734642236,0.0,0.0,0.3130264620523195,1.6862547204301164,0.09031342473384496,1.6813353461188238,0.08314415792355666,0.015287028852145414,0.0,0.985465272052868,0.0,0.0,0.0,2.5535961002916903,158.5547578141496,13.121062278747559,127.44135284423828,356.024658203125,1.0161947011947632,0.7240535616874695,0.25,4.0,0.5601129531860352,0.47287672758102417,0.15101488127803916,0.006105700842542948,4.253451846741341,3.5804575359499133,0.15822309386363992,1.0,0.6720586258011896,0.16613546436702883,1.0,0.17368793245908376,0.0,0.7267138055852942,0.1258728625001134,0.0,0.14741331942983577,,,,,,,,,,,,,,,,,,,,,,,,,,,,,,,,,,,,
849,1.0419305261921987e-06,1.0419305261921987e-06,1.0,8.866798143129092,4.743535080471554,3.188194178246163,3.188194178246163,3.244165175669902,0.0,0.0,0.3100202985712,1.6837584811287958,0.08959430979715811,1.693551717577754,0.08712114695761655,0.018598654354620422,0.0,0.9857385319632452,0.0,0.0,0.0,2.6258171184642896,160.02856898952174,12.817113876342773,128.94358825683594,360.22137451171875,1.0150723457336426,0.7293618321418762,0.25,4.0,0.5622259974479675,0.47850000858306885,0.1525112156691104,0.006368311631469527,4.4742576608786715,3.4906379081107475,0.21983976501137778,1.0,0.6752861528783232,0.1645257052134823,1.0,0.1710401946628416,0.0,0.7302589529269451,0.12456069786000896,0.0,0.1451803580731959,,,,,,,,,,,,,,,,,,,,,,,,,,,,,,,,,,,,
850,1.0349598498368975e-06,1.0349598498368975e-06,1.0,8.83189633085921,4.688511835562216,3.217895913768459,3.217895913768459,3.2839549812110693,0.0,0.0,0.31056989608584223,1.65721667135084,0.08943472883185825,1.677975954236211,0.08423510586490503,0.01694903605793779,0.0,0.991231428610312,0.0,0.0,0.0,2.535822720141024,161.33464338972763,13.018954277038574,129.44825744628906,363.046630859375,1.0165106058120728,0.7375380396842957,0.25,4.0,0.5671605467796326,0.4873357117176056,0.15745431666484297,0.006360105044315571,3.9790259591630988,3.344611510231688,0.15943963558982308,1.0,0.6825493010314735,0.16116581454470352,1.0,0.16838823379697027,0.0,0.7359601162575387,0.12170840034613738,0.0,0.14233148158402056,84.94879946865878,125.34409486337589,0.22733189318988195,7.614821130102808,84.94880116682732,104.02438721760782,121.73423250701838,155.24922882810492,26.815987723214285,68.12592274274013,140.97229468304178,0.512828286090331,0.6698602118552671,0.543476659703224,0.5046245601874259,0.0,0.60039708546645,0.6984172121783062,0.7165306823189459,0.6342466546896731,0.8742808984646954,0.9642189732878971,0.990069986442417,0.37428089846469537,0.16421897328789703,0.040069986442416994,0.006412370378513063,0.011304092924407315,0.5934065934065934,0.4065934065934066,0.9862637362637363,1.0081916997557159,0.9828250779882892,0.973532874751222,-7.992926120758057,0.0003377870307303965
851,1.028031618889114e-06,1.028031618889114e-06,1.0,8.788018561698294,4.681302199492583,3.169460238637151,3.169460238637151,3.218287790143812,0.0,0.0,0.310983153613838,1.6815385915137626,0.08951194020541939,1.7100582960489634,0.08455727188973813,0.01716013907178028,0.0,0.9928288459777832,0.0,0.0,0.0,2.573132456959905,159.7575118606155,12.842171669006348,128.44088745117188,360.22137451171875,1.0153318643569946,0.7355179786682129,0.25,4.0,0.5622555613517761,0.48088037967681885,0.15957982273771748,0.0069920122551701495,6.0441334150932935,5.071744978427887,0.16088136543067974,1.0,0.6753416705775905,0.16433565238037626,1.0,0.1715693385214419,0.0,0.7309334245887963,0.12398887969352104,0.0,0.14507769531494863,,,,,,,,,,,,,,,,,,,,,,,,,,,,,,,,,,,,
852,1.0211459031160545e-06,1.0211459031160545e-06,1.0,8.9356665740142,4.749412459296149,3.2514018045889364,3.2514018045889364,3.3194468085830278,0.0,0.0,0.3132501647279069,1.6806001276583284,0.09040801509006603,1.6935882568359375,0.08518639166612883,0.015091679222579743,0.0,0.9898372582487158,0.0,0.0,0.0,2.5280333080807247,162.21387357969542,13.353744506835938,132.51803588867188,361.6312255859375,1.0140910148620605,0.7256563901901245,0.25,4.0,0.562032163143158,0.47839489579200745,0.14747237115658168,0.006619980304190831,5.829088017747209,4.959616324788815,0.1491608447687194,1.0,0.6752858709644627,0.16358552087803144,1.0,0.17047638828689987,0.0,0.7302460026096653,0.12431194431878426,0.0,0.14544205266881632,,,,,,,,,,,,,,,,,,,,,,,,,,,,,,,,,,,,
853,1.0143027718568013e-06,1.0143027718568013e-06,1.0,8.909507158640269,4.73866148252745,3.236082360551164,3.236082360551164,3.2856187755997115,0.0,0.0,0.31362297244974086,1.6894975352931667,0.09141622946874516,1.6849683813146643,0.08380376658326871,0.016102896285922947,0.0,0.9919917825106028,0.0,0.0,0.0,2.529675006866455,161.32314877896695,13.172416687011719,130.97415161132812,360.22137451171875,1.0144877433776855,0.7208138704299927,0.25,4.0,0.5612733960151672,0.47409340739250183,0.14659700186015975,0.006209650946493052,5.057161833788897,4.414748219219414,0.12703046405935922,1.0,0.6741405290526312,0.16408042811058662,1.0,0.17154332794047691,0.0,0.7291816746866381,0.12482720331565754,0.0,0.1459911197826669,,,,,,,,,,,,,,,,,,,,,,,,,,,,,,,,,,,,
854,1.007502294021612e-06,1.007502294021612e-06,1.0,8.871194555952743,4.735905054453257,3.1982385661150956,3.1982385661150956,3.2490018896154456,0.0,0.0,0.3116767398408941,1.6934078061902844,0.08981542410077276,1.696055157764538,0.08449107891804464,0.016019431622447195,0.0,0.9938046771126825,0.0,0.0,0.0,2.5653831894333297,159.53973429911846,12.917638778686523,129.95489501953125,357.4180908203125,1.0144633054733276,0.7282658219337463,0.25,4.0,0.5610016584396362,0.47813114523887634,0.1503392056023635,0.0068661779188094975,4.98854437067702,4.177709502948297,0.16253937170427135,1.0,0.6737159136179331,0.16436579018025785,1.0,0.17171174932170558,0.0,0.7285511155386228,0.12519041388421445,0.0,0.14625847077852971,,,,,,,,,,,,,,,,,,,,,,,,,,,,,,,,,,,,
855,1.00074453809122e-06,1.00074453809122e-06,1.0,8.77383634206411,4.651965308833766,3.1891075211602287,3.1891075211602287,3.2305659087928564,0.0,0.0,0.31158755679388306,1.678563407949499,0.09091922761620702,1.682150666778152,0.0866511685622705,0.01993815729872802,0.0,0.9883762694693901,0.0,0.0,0.0,2.621642953640706,158.05187967661266,12.792104721069336,127.44135284423828,354.63665771484375,1.016064167022705,0.7283768057823181,0.25,4.0,0.5609245896339417,0.47245222330093384,0.15308020571178466,0.005870445344129555,5.288596604321454,4.602595790817931,0.12971320462274877,1.0,0.6733733802228361,0.16521030301983292,1.0,0.17260570381138776,0.0,0.7290087744996354,0.12467141147400881,0.0,0.14631981986599998,88.27116352123218,126.6423165625217,0.23356409984191975,14.584757794390669,88.2711649749623,105.8853592585532,123.23603255878558,156.4896833641689,27.681734357561385,69.35547726653343,150.537457673446,0.49399943349238234,0.6785646698684328,0.5479981688192749,0.5122083873366449,0.0,0.609166689840095,0.7065672099970701,0.7385810467811883,0.6357864540438731,0.8739327983584332,0.9639441574145322,0.9899783811512953,0.3739327983584332,0.16394415741453217,0.03997838115129537,0.006632223077204939,0.011523945623099191,0.6043956043956044,0.3956043956043956,0.9807692307692307,1.0180465988405458,0.9917262610007118,0.9818329676821992,-7.993051052093506,0.00033774483017623425
856,9.940295721161552e-07,9.940295721161552e-07,1.0,8.903091843063766,4.804878750362912,3.161891801937206,3.161891801937206,3.211015707737691,0.0,0.0,0.30980879068374634,1.7024666715312649,0.0908081050257425,1.6836141347885132,0.08659485506044852,0.016360497234288503,0.0,0.9873657162125046,0.0,0.0,0.0,2.578288519704664,159.02738973256703,12.993551254272461,127.94014739990234,357.4180908203125,1.0153820514678955,0.7225989699363708,0.25,4.0,0.5592630505561829,0.46964818239212036,0.14894682131524237,0.0059470401575664735,4.175852583872305,3.534075334265425,0.15368771687140215,1.0,0.670952283047341,0.16627772837071805,1.0,0.17331001766630122,0.0,0.7264817614813108,0.1260428217214507,0.0,0.14747542344235084,,,,,,,,,,,,,,,,,,,,,,,,,,,,,,,,,,,,
857,9.873574637160484e-07,9.873574637160484e-07,1.0,8.852046270628232,4.707979292482944,3.213647449338758,3.213647449338758,3.25925477130993,0.0,0.0,0.3113439574434951,1.6828554224323582,0.08967978003862742,1.6784524563196543,0.08481342869030463,0.014255849934006864,0.0,0.9794556240777712,0.0,0.0,0.0,2.5379376024813265,158.35478890908732,12.942893028259277,126.94451141357422,356.024658203125,1.0156989097595215,0.7319660782814026,0.25,4.0,0.5579701066017151,0.4771459698677063,0.1535452456505088,0.006781376518218624,4.136446658018473,3.6439454362199113,0.11906383969532193,1.0,0.6690569358903009,0.16705537245080276,1.0,0.17432714636261398,0.0,0.7245691144788587,0.1269797108866073,0.0,0.14845117745367256,,,,,,,,,,,,,,,,,,,,,,,,,,,,,,,,,,,,
858,9.807282800789577e-07,9.807282800789577e-07,1.0,8.938570976257324,4.800065034144634,3.1965923695950895,3.1965923695950895,3.246789719607379,0.0,0.0,0.3110710712703499,1.7085164366541683,0.09251345714201799,1.708251276531735,0.08455184605476018,0.01645840347643841,0.0,0.9805727891019873,0.0,0.0,0.0,2.565889149098783,158.6880802463841,12.917638778686523,127.94014739990234,357.4180908203125,1.0143414735794067,0.7272099852561951,0.25,4.0,0.5574156641960144,0.4707741439342499,0.15028449502133712,0.0061029653134916295,3.9003271041689693,3.286814800790838,0.1572976540153163,1.0,0.6683333789980089,0.1671333600943153,1.0,0.1741830485092627,0.0,0.7249043052260941,0.12688223051058278,0.0,0.14821346184691866,,,,,,,,,,,,,,,,,,,,,,,,,,,,,,,,,,,,
859,9.74142087960688e-07,9.74142087960688e-07,1.0,8.825210816151387,4.661292739816614,3.236730685105195,3.236730685105195,3.2963529857429297,0.0,0.0,0.31136084166732997,1.670067609967412,0.0892464582984512,1.6834092784572292,0.08115122880081872,0.014129352277597866,0.0,0.9838434924950471,0.0,0.0,0.0,2.5006742412979537,159.3231106319943,12.993551254272461,129.44825744628906,356.024658203125,1.0154298543930054,0.7279573082923889,0.25,4.0,0.5593044757843018,0.47377562522888184,0.15293248714301347,0.006469526206368312,4.636075785836658,4.1173009058913665,0.11189956849501106,1.0,0.6711120057750393,0.16592616688560796,1.0,0.17283855499448003,0.0,0.7269290991731592,0.1257595438006762,0.0,0.14731135380429192,,,,,,,,,,,,,,,,,,,,,,,,,,,,,,,,,,,,
860,9.67598953684123e-07,9.67598953684123e-07,1.0,8.924021334261507,4.78390968168104,3.2112519483308533,3.2112519483308533,3.259851391251023,0.0,0.0,0.3119455165154225,1.6783647247262903,0.09058722289832863,1.6782940948331677,0.08104048759953396,0.014189284238209194,0.0,0.9969545747782733,0.0,0.0,0.0,2.4903546797262655,160.45473377124682,13.198168754577637,130.97415161132812,357.4180908203125,1.0154777765274048,0.731443464756012,0.25,4.0,0.5613450407981873,0.47789788246154785,0.1514908633329686,0.006226064120800963,4.657111162269437,4.001531203050871,0.1407696609284066,1.0,0.6740297787898296,0.1649025970616856,1.0,0.1717443417858433,0.0,0.7288067775803644,0.1250128093603495,0.0,0.1461804197043986,89.52059098128434,128.85342856581423,0.23311710054579488,15.11415544447008,89.52058864764858,106.9222313895282,124.25170590696855,157.1774448311915,24.11245400565011,69.73018220413563,154.97319296131963,0.5088445755609181,0.6762173042703726,0.5494076213863354,0.5123964705477666,0.0,0.6068299688232125,0.7056820248175748,0.7284571170489473,0.637522755559135,0.872503755816936,0.963815910006962,0.9898867758601737,0.37250375581693596,0.16381591000696194,0.03988677586017375,0.00681543365944817,0.011523945623099191,0.6428571428571429,0.35714285714285715,0.9826007326007326,1.0192247103531282,0.992234254849481,0.9819816947802082,-7.992939472198486,0.00033778249053284526
861,9.610989431385501e-07,9.610989431385501e-07,1.0,8.985750533439017,4.802385136887834,3.2472284226804167,3.2472284226804167,3.3105442652831205,0.0,0.0,0.31227418699780024,1.681742922679798,0.08940099421385173,1.7099724041449058,0.08237566094140748,0.014916813246452727,0.0,0.9858261540129378,0.0,0.0,0.0,2.5186276822476774,159.3812086775496,13.018954277038574,128.94358825683594,357.4180908203125,1.0143964290618896,0.7279909253120422,0.25,4.0,0.5612512826919556,0.48433369398117065,0.1544124083597768,0.0066063026589342376,3.6943384417005487,2.955435205150295,0.20000962234800762,1.0,0.6740145779944755,0.16462757418284546,1.0,0.17093994126126572,0.0,0.7280449464514449,0.1258326035899085,0.0,0.14612245237505114,,,,,,,,,,,,,,,,,,,,,,,,,,,,,,,,,,,,
862,9.546421217790034e-07,9.546421217790034e-07,1.0,8.86948740160143,4.763458548365413,3.1789780436335384,3.1789780436335384,3.22860777055895,0.0,0.0,0.31006912202448456,1.6659466221525863,0.08976753337963207,1.6807174779273368,0.0835270606786818,0.01626235424113032,0.0,0.9900774585234152,0.0,0.0,0.0,2.528843879699707,159.31397639094172,12.792104721069336,128.94358825683594,357.4180908203125,1.0159622430801392,0.7362762093544006,0.25,4.0,0.5648621320724487,0.4859584867954254,0.15960717802823066,0.007022103074734653,4.320099502801895,3.702029063894942,0.1430685655518097,1.0,0.6791466764501624,0.16278610358367096,1.0,0.16975499327118332,0.0,0.7334736086226799,0.1229867627089088,0.0,0.14353964014633283,,,,,,,,,,,,,,,,,,,,,,,,,,,,,,,,,,,,
863,9.482285546256034e-07,9.482285546256034e-07,1.0,8.8603715123357,4.707073044132542,3.214790524663152,3.214790524663152,3.265811217797769,0.0,0.0,0.3121302296986451,1.710587427422807,0.09009830271070068,1.6934477026398118,0.08245923198960922,0.016296114382409566,0.0,0.979040540553428,0.0,0.0,0.0,2.601749864784447,157.62920977618242,12.942893028259277,125.95661163330078,356.024658203125,1.0143606662750244,0.7192682027816772,0.25,4.0,0.5583561062812805,0.473959743976593,0.14778695699748332,0.0065625341941131414,4.776341720207317,4.238684075104223,0.11256682971999685,1.0,0.6696523717931799,0.16703295466062185,1.0,0.17248056788702268,0.0,0.7240619514439557,0.12805915120485667,0.0,0.1478788999689592,,,,,,,,,,,,,,,,,,,,,,,,,,,,,,,,,,,,
864,9.418583062629005e-07,9.418583062629005e-07,1.0,8.810349851041227,4.639681145951554,3.244161354528891,3.244161354528891,3.299831860774272,0.0,0.0,0.3120262558395798,1.6688514110204336,0.08930968332129556,1.6680542907199345,0.0848001834709902,0.016224636280959524,0.0,0.986967333265253,0.0,0.0,0.0,2.544852633734007,161.7286921320735,13.249826431274414,131.4867706298828,361.6312255859375,1.0143619775772095,0.7211675047874451,0.25,4.0,0.563482403755188,0.4791261851787567,0.14760367655104498,0.006737608053397527,4.023607693008475,3.2846441397795805,0.18365695903030918,1.0,0.6772526228750074,0.16345665825379863,1.0,0.16904802640547623,0.0,0.7305530873504845,0.1250143578729114,0.0,0.14443255880394498,,,,,,,,,,,,,,,,,,,,,,,,,,,,,,,,,,,,
865,9.355314408392233e-07,9.355314408392233e-07,1.0,8.784383103654191,4.655958394746523,3.1985017351202063,3.1985017351202063,3.2450431810842977,0.0,0.0,0.31156249626262766,1.671699047088623,0.08998306437924102,1.6896480031915613,0.08200517981439023,0.01494945223267014,0.0,0.9925800803545359,0.0,0.0,0.0,2.468870829891514,161.9485069481102,13.301684379577637,132.0013885498047,361.6312255859375,1.01565682888031,0.7290095686912537,0.25,4.0,0.5662292838096619,0.4822695255279541,0.15382974067184593,0.0064284932705985336,4.618719048596717,3.86625352582416,0.16291649586288975,1.0,0.6812803406973142,0.1614820751789454,1.0,0.168352503631566,0.0,0.7351735234260559,0.12208422051893698,0.0,0.14274225847141161,85.10315647754041,125.85674660301531,0.2270001560241373,9.763281329647524,85.10315786893182,103.66887006849183,121.98011841332881,154.95644589862982,28.843948909214564,67.36329674535943,143.41307731296706,0.4707574599512236,0.6670776932321115,0.5436023467553824,0.5037853476191263,0.0,0.5958121104307817,0.6951207223318431,0.7223032123190254,0.6376658616479072,0.873804550950863,0.9640357627056538,0.9900516653841925,0.37380455095086296,0.1640357627056538,0.04005166538419258,0.006467333553186032,0.011597229855996483,0.6263736263736264,0.37362637362637363,0.9835164835164835,1.0064948364928528,0.9803797640315779,0.9705722846991414,-7.992949485778809,0.0003377791144885123
866,9.292480220660374e-07,9.292480220660374e-07,1.0,8.791538470500225,4.6062110952428865,3.261490022813952,3.261490022813952,3.3353154014896704,0.0,0.0,0.3115257806069142,1.6645286824252155,0.08945147270286405,1.669143534995414,0.08104951095742148,0.014249861479510326,0.0,0.9946539144258242,0.0,0.0,0.0,2.4873455730644434,162.48078815357104,13.301684379577637,131.4867706298828,364.4675598144531,1.015483021736145,0.7268664836883545,0.25,4.0,0.5637632012367249,0.48001763224601746,0.15190392821971768,0.006042783674362622,4.467203600181116,3.8961664124115094,0.12782878034626735,1.0,0.6775555062938381,0.16370794620062853,1.0,0.1690292108703304,0.0,0.732040435881228,0.12407339646204098,0.0,0.14388616664989576,,,,,,,,,,,,,,,,,,,,,,,,,,,,,,,,,,,,
867,9.230081132173008e-07,9.230081132173008e-07,1.0,8.856506940480825,4.675903526512352,3.2506680810773694,3.2506680810773694,3.3280575790920772,0.0,0.0,0.3122663409323306,1.6693049379297205,0.08894255374734467,1.6823587256508905,0.08519433237410881,0.01775231773688181,0.0,0.9863043926857613,0.0,0.0,0.0,2.609032311955014,159.96999936490445,12.817113876342773,126.44959259033203,363.046630859375,1.0159149169921875,0.7298852801322937,0.25,4.0,0.5623996257781982,0.4831010401248932,0.1528367436262173,0.006291716818032607,4.76829221441939,3.8670732830021834,0.18900245431517532,1.0,0.6752461194992065,0.16578374561425802,1.0,0.17042021252013542,0.0,0.7287605904244088,0.1262130632593825,0.0,0.1450263438998042,,,,,,,,,,,,,,,,,,,,,,,,,,,,,,,,,,,,
868,9.168117771288248e-07,9.168117771288248e-07,1.0,8.838350527995342,4.704730472049198,3.2039725200549976,3.2039725200549976,3.252048556869094,0.0,0.0,0.31028245510281743,1.6839481914365613,0.08823794690338341,1.6837852516689815,0.08222540669344566,0.013676740449374995,0.0,0.979434983150379,0.0,0.0,0.0,2.5185401246354386,160.57009619635505,13.146714210510254,127.44135284423828,363.046630859375,1.0150246620178223,0.7289859652519226,0.25,4.0,0.5599356889724731,0.48145684599876404,0.15280938833570412,0.006885326622168728,4.3225512528741685,3.5713345770900315,0.17379011417959125,1.0,0.6717665453214903,0.16676794032792788,1.0,0.17204605928949407,0.0,0.7268857005480174,0.12674192419728716,0.0,0.1463723748519614,,,,,,,,,,,,,,,,,,,,,,,,,,,,,,,,,,,,
869,9.106590761976455e-07,9.106590761976455e-07,1.0,8.82498364835172,4.679720388876425,3.2105902336739205,3.2105902336739205,3.2617269593316154,0.0,0.0,0.31166286404068405,1.681879443091315,0.08930034754244057,1.696132299062368,0.08416363818419946,0.015781290533423826,0.0,0.9971983851613225,0.0,0.0,0.0,2.5722184310088285,160.04809776512352,12.817113876342773,128.44088745117188,360.22137451171875,1.0150842666625977,0.7304051518440247,0.25,4.0,0.5625308156013489,0.47972768545150757,0.15412791333843964,0.006340956340956341,4.002121118274895,3.364947833724924,0.159208895912831,1.0,0.675556345565899,0.16535321703633746,1.0,0.16962196093958778,0.0,0.7310029155499226,0.12504761504965858,0.0,0.14394946778948242,,,,,,,,,,,,,,,,,,,,,,,,,,,,,,,,,,,,
870,9.045500723813944e-07,9.045500723813944e-07,1.0,8.834490827611974,4.678253637777792,3.224276858407098,3.224276858407098,3.28696312775483,0.0,0.0,0.3115367599435755,1.6785280317873568,0.08990381356026675,1.6906359646771405,0.08249507804174681,0.016242911724524724,0.0,0.9936926864288949,0.0,0.0,0.0,2.5234721158001876,160.8201403231234,13.018954277038574,130.46353149414062,360.22137451171875,1.0162129402160645,0.7346998453140259,0.25,4.0,0.5631873607635498,0.48146069049835205,0.15331819673924937,0.006294452347083926,4.404370370748881,3.6150787903650388,0.17920645039886543,1.0,0.676439918376304,0.1650630982743727,1.0,0.1701719003754693,0.0,0.7311697505615853,0.12462464317276671,0.0,0.144205606265648,88.0897144485306,127.0497700950309,0.2320158152448601,15.675646121685322,88.08971735583341,106.45538251320741,123.82515904782545,156.802254719484,25.553988320486887,69.42523128302523,149.94772338867188,0.47233145180486064,0.6745153114860758,0.5461780598058678,0.5114127568895431,0.0,0.6047776124079061,0.7046144556225765,0.7321337871447237,0.6371371785382843,0.8732365981459089,0.9644571470448133,0.9898867758601737,0.3732365981459089,0.1644571470448133,0.03988677586017375,0.007255139056831923,0.012275109010296435,0.6263736263736264,0.37362637362637363,0.9816849816849818,1.0183562543038482,0.9918574271621284,0.9817323227832605,-7.992930889129639,0.00033778540091589093
871,8.984848271976695e-07,8.984848271976695e-07,1.0,8.846175451536435,4.643886630599563,3.274560696369893,3.274560696369893,3.350464427793348,0.0,0.0,0.31188790137703354,1.670307691032822,0.09094311558717005,1.6702645050512779,0.08446676626398757,0.01645064415611528,0.0,0.9974914853637283,0.0,0.0,0.0,2.525908060975977,162.34161335713154,13.172416687011719,130.97415161132812,364.4675598144531,1.0152359008789062,0.7226988673210144,0.25,4.0,0.5641976594924927,0.4776228964328766,0.1505881387460335,0.00625068388226283,5.002968002815504,4.2753223962075,0.14544278640169392,1.0,0.6781910222929877,0.16333132780886986,1.0,0.16924401070620562,0.0,0.7326922287812104,0.12366053441891799,0.0,0.14364723659850456,,,,,,,,,,,,,,,,,,,,,,,,,,,,,,,,,,,,
872,8.924634017234235e-07,8.924634017234235e-07,1.0,8.834470259176719,4.712947729471567,3.180282199704969,3.180282199704969,3.228130289026209,0.0,0.0,0.30983061726028854,1.696848708230096,0.09086424293550285,1.7106617270289242,0.08739998473508938,0.01976653124281281,0.0,0.981429934501648,0.0,0.0,0.0,2.641058921813965,158.8330445160737,12.767145156860352,127.44135284423828,357.4180908203125,1.0157400369644165,0.7317500710487366,0.25,4.0,0.561890721321106,0.4778890609741211,0.1522704891125944,0.006548856548856549,5.214183166220382,4.072314850381903,0.21899275100958673,1.0,0.674593308487454,0.16568467443859256,1.0,0.17085633406767975,0.0,0.7294035425057283,0.12538385512055578,0.0,0.1452125910971616,,,,,,,,,,,,,,,,,,,,,,,,,,,,,,,,,,,,
873,8.864858565943469e-07,8.864858565943469e-07,1.0,8.894930787988612,4.689939357138969,3.2756856518822746,3.2756856518822746,3.367512032792375,0.0,0.0,0.31120610720402486,1.6517000971613705,0.088621637909799,1.6978357933663033,0.08510999935301575,0.017396505793078325,0.0,0.9953764097110646,0.0,0.0,0.0,2.510485562118324,163.30867973533836,13.095459938049316,132.0013885498047,365.89404296875,1.014615774154663,0.732439398765564,0.25,4.0,0.5665177702903748,0.48695310950279236,0.15679505416347522,0.006568005252215779,5.102374224243937,4.092415810436816,0.1979389142035687,1.0,0.6817386923609553,0.16128856406824008,1.0,0.1675242966896779,0.0,0.7364763327547021,0.12180967890732997,0.0,0.1417139923653087,,,,,,,,,,,,,,,,,,,,,,,,,,,,,,,,,,,,
874,8.805522520042486e-07,8.805522520042486e-07,1.0,8.801663166767842,4.687416037997684,3.184473907625353,3.184473907625353,3.2280718700305835,0.0,0.0,0.31148536463041565,1.6713117812130902,0.08992029464728124,1.6890357056179561,0.08144198670177846,0.016439366500472296,0.0,0.9956414151836086,0.0,0.0,0.0,2.488596858205022,161.41230155326224,13.327689170837402,129.95489501953125,361.6312255859375,1.012527585029602,0.7342278361320496,0.25,4.0,0.5604383945465088,0.48206886649131775,0.15396104606630923,0.007292920450815188,4.8715754094961525,3.906254030562736,0.19815384096317537,1.0,0.6730041745546702,0.16453733194518733,1.0,0.1706850776398504,0.0,0.7302423796138248,0.12466537187228331,0.0,0.14509224972209414,,,,,,,,,,,,,,,,,,,,,,,,,,,,,,,,,,,,
875,8.746626477044626e-07,8.746626477044626e-07,1.0,8.799603694194072,4.650422134914914,3.2130423365412533,3.2130423365412533,3.272476879326073,0.0,0.0,0.31179186540680964,1.6872300038466583,0.09085433124690442,1.6880113498584643,0.08830627184864637,0.017784090951789875,0.0,0.9857803325395327,0.0,0.0,0.0,2.593592485866031,160.67599466684703,12.993551254272461,129.44825744628906,361.6312255859375,1.0160095691680908,0.7256670594215393,0.25,4.0,0.5631721615791321,0.47738051414489746,0.15019695809169492,0.006015428383849436,4.173757725470775,3.392670600800901,0.18714242082217944,1.0,0.6764543088706764,0.16495009813759778,1.0,0.17002626810524915,0.0,0.7304621918781383,0.12489752390900173,0.0,0.14464028723336556,85.73620861179226,125.70582382884574,0.2254562748492305,7.036817906977056,85.73620826013448,104.08350404907956,121.50753153582093,154.69212158806272,25.899822780064174,66.63855086925417,148.39822055982506,0.4744724255041413,0.6751146331735536,0.5469265247152144,0.5128269183585066,0.0,0.6060955955208047,0.707209118900784,0.7340276399359861,0.6356998253743212,0.8743908248140413,0.9641273679967755,0.9896669231614819,0.3743908248140413,0.1641273679967754,0.039666923161481904,0.007639881279542706,0.01278809864057748,0.6043956043956044,0.3956043956043956,0.9835164835164835,1.0070989817217155,0.9819550218654203,0.972658094059635,-7.992883205413818,0.0003378014953341335
876,8.688171030032391e-07,8.688171030032391e-07,1.0,8.829080195040316,4.691691011995883,3.197261803858989,3.197261803858989,3.2477880812980033,0.0,0.0,0.3129491226093189,1.7015311041393795,0.09154172644421861,1.6959237246899992,0.08578419856525757,0.01836572494043188,0.0,0.9872152193172558,0.0,0.0,0.0,2.614081518070118,159.43357251141524,12.942893028259277,128.44088745117188,357.4180908203125,1.0163071155548096,0.718849241733551,0.25,4.0,0.561928927898407,0.4682886600494385,0.1486541197067513,0.005733668891563628,4.255983232646375,3.537431310157518,0.16883335370709632,1.0,0.6746483219636453,0.16548797669442925,1.0,0.17164161197237066,0.0,0.7292143863600653,0.12516490188804832,0.0,0.14562071879973282,,,,,,,,,,,,,,,,,,,,,,,,,,,,,,,,,,,,
877,8.630156767651482e-07,8.630156767651482e-07,1.0,8.742249591930493,4.601223095043285,3.213469273335225,3.213469273335225,3.272218704223633,0.0,0.0,0.312652359137664,1.6583238485697154,0.08989509174952635,1.6851816402899253,0.08417269778815475,0.014393167192670139,0.0,0.9859022804208704,0.0,0.0,0.0,2.4965698880118294,162.6632162558066,13.172416687011719,133.0366973876953,363.046630859375,1.0149635076522827,0.729366660118103,0.25,4.0,0.5641783475875854,0.48037099838256836,0.14961976146186673,0.006321807637597111,4.069321329529221,3.445311636538119,0.15334490507371504,1.0,0.6781986081922377,0.16326652829711502,1.0,0.16890642973216805,0.0,0.7326706470669927,0.12362395106135188,0.0,0.14370540750993266,,,,,,,,,,,,,,,,,,,,,,,,,,,,,,,,,,,,
878,8.572584274104867e-07,8.572584274104867e-07,1.0,8.859861502776274,4.705571355046453,3.215571745021923,3.215571745021923,3.273326583810755,0.0,0.0,0.3118755736866513,1.7035215899750993,0.09074626581088917,1.6962793098913658,0.08433540064740826,0.015346557052957045,0.0,0.9855218964654047,0.0,0.0,0.0,2.566278225666768,159.48930193926836,13.018954277038574,127.44135284423828,360.22137451171875,1.0169758796691895,0.7251793146133423,0.25,4.0,0.5600857734680176,0.47257721424102783,0.15143888828099356,0.005356165882481672,4.063747523604213,3.3943680911450773,0.16471973924833067,1.0,0.6716861064369614,0.16762933416946516,1.0,0.17344828272188031,0.0,0.7263674349398226,0.1266308914165239,0.0,0.1470016724354512,,,,,,,,,,,,,,,,,,,,,,,,,,,,,,,,,,,,
879,8.515454129146938e-07,8.515454129146938e-07,1.0,8.880042333860654,4.727777532629065,3.217816836125142,3.217816836125142,3.2727613320221773,0.0,0.0,0.3123123347759247,1.6877911026413377,0.09139678828619621,1.6915277629285246,0.08174735035847973,0.015836069376107206,0.0,1.0007827056420815,0.0,0.0,0.0,2.5464863873816825,161.1698365082612,13.095459938049316,130.46353149414062,361.6312255859375,1.0163193941116333,0.7294548153877258,0.25,4.0,0.563591718673706,0.4777863025665283,0.15146897910055804,0.006376518218623482,5.184809143478806,4.244806039574984,0.1812994611549224,1.0,0.6771500287829219,0.16429730826938474,1.0,0.1699513619815981,0.0,0.7316812824558567,0.12410465003670873,0.0,0.14421406629923228,,,,,,,,,,,,,,,,,,,,,,,,,,,,,,,,,,,,
880,8.458766908077603e-07,8.458766908077603e-07,1.0,8.818826237240353,4.680230495092031,3.2065064456011796,3.2065064456011796,3.2521796548688733,0.0,0.0,0.31169061805750875,1.6808083186278473,0.08956732842567805,1.6909788943625785,0.08227868609734483,0.014973627500915649,0.0,0.9908910554808539,0.0,0.0,0.0,2.5600088222606763,159.2231540164432,12.917638778686523,128.44088745117188,357.4180908203125,1.0139268636703491,0.7308746576309204,0.25,4.0,0.5587219595909119,0.4793161451816559,0.15173706094758727,0.007180763759711128,4.857682441537444,4.09254092461354,0.15751163772692786,1.0,0.6702028641829619,0.1668216100818402,1.0,0.17187479863295685,0.0,0.7264507332363644,0.12698855029570089,0.0,0.14656072250894597,85.7422592666123,127.66328975088575,0.2232524584692613,0.7483468527322287,85.7422605667387,103.46180023923458,121.52276407143594,153.9136332222799,27.516503470284597,65.2449670835983,152.08423714015794,0.4691596330888519,0.6697014904555713,0.5428215938777945,0.5034556576493272,0.0,0.5994226775815604,0.6952619210392532,0.7261942148231193,0.6361889667247969,0.8745007511633872,0.963815910006962,0.989850133743725,0.3745007511633872,0.16381591000696194,0.039850133743725036,0.006357407203840094,0.013978967425158478,0.5934065934065934,0.4065934065934066,0.9816849816849818,0.9979834033401458,0.9739950850278467,0.9653594192567763,-7.992726802825928,0.00033785434789024293
881,8.402523181736555e-07,8.402523181736555e-07,1.0,8.898362211278966,4.723245459633905,3.2409268714286186,3.2409268714286186,3.30074709814948,0.0,0.0,0.31218325850125905,1.6896275668530851,0.09102001605001656,1.6847309744035877,0.08407762968862378,0.015713355692757947,0.0,0.9945732403445888,0.0,0.0,0.0,2.5499185259277755,160.1400987779772,13.018954277038574,130.46353149414062,358.8170166015625,1.0142961740493774,0.7170572876930237,0.25,4.0,0.5604464411735535,0.470479279756546,0.1482875588138746,0.005862238756975599,4.713796937787855,3.809495290388932,0.19184145166492977,1.0,0.6728611121306548,0.16506844758987427,1.0,0.17125543790894585,0.0,0.7277019571613621,0.12606527616043348,0.0,0.14623277030281118,,,,,,,,,,,,,,,,,,,,,,,,,,,,,,,,,,,,
882,8.346723516497496e-07,8.346723516497496e-07,1.0,8.837851962527713,4.698819585748621,3.2091460163528853,3.2091460163528853,3.258530520104073,0.0,0.0,0.30982161454252294,1.6908963306530103,0.08934501296765096,1.679265824524132,0.0801289704804485,0.016846461630602542,0.0,0.9883430310197778,0.0,0.0,0.0,2.6194782224861353,158.71546111235747,12.767145156860352,125.4655532836914,361.6312255859375,1.0153568983078003,0.7228630781173706,0.25,4.0,0.5594043731689453,0.4726532995700836,0.15080424554108765,0.005758288653025495,4.278551973201133,3.686330021233172,0.13841644455352303,1.0,0.6709369404895885,0.16739028370058215,1.0,0.1720655008747771,0.0,0.7261884212493896,0.12734984687051257,0.0,0.14646173771974202,,,,,,,,,,,,,,,,,,,,,,,,,,,,,,,,,,,,
883,8.291368474262429e-07,8.291368474262429e-07,1.0,8.806544896718618,4.666218383892162,3.202924747724791,3.202924747724791,3.2512258903400317,0.0,0.0,0.3125107932735134,1.6862041176976383,0.09004754754337105,1.7003118250821088,0.08657273650169373,0.01489582547062152,0.0,0.9863491734942874,0.0,0.0,0.0,2.5501456969493144,159.6059716714395,12.817113876342773,128.44088745117188,360.22137451171875,1.0153157711029053,0.7348440885543823,0.25,4.0,0.5586047172546387,0.47624221444129944,0.15434675566254513,0.0069318306160411425,5.244161038785367,4.302840481738786,0.1794987892409585,1.0,0.6698247983648971,0.16758944033770948,1.0,0.17280787793365684,0.0,0.7264915898039535,0.12666879493642497,0.0,0.14683961747465907,,,,,,,,,,,,,,,,,,,,,,,,,,,,,,,,,,,,
884,8.236458612456016e-07,8.236458612456016e-07,1.0,8.803596470807049,4.66690020947843,3.210817768767073,3.210817768767073,3.2545626163482666,0.0,0.0,0.3124551120642069,1.6667968324712805,0.09042916245557167,1.671415780041669,0.08244739795053327,0.014753941824105946,0.0,0.9905703212763812,0.0,0.0,0.0,2.535368819494505,160.64942045469542,12.917638778686523,129.95489501953125,360.22137451171875,1.0165518522262573,0.7330706715583801,0.25,4.0,0.561755895614624,0.4775799512863159,0.15809990152095416,0.005774701827333406,4.65732767372518,3.9892836321850083,0.1434393472696832,1.0,0.6743551895425126,0.16578338476451668,1.0,0.17167219559888583,0.0,0.7299463168994801,0.12487143882223077,0.0,0.145182248104263,,,,,,,,,,,,,,,,,,,,,,,,,,,,,,,,,,,,
885,8.181994484019959e-07,8.181994484019959e-07,1.0,8.781514825047674,4.6807362711107405,3.1678779511838346,3.1678779511838346,3.216265278893548,0.0,0.0,0.31094521847931117,1.6759959491523537,0.08869575447327382,1.700922299075771,0.08326057948776193,0.015550479179600606,0.0,0.9842376225703472,0.0,0.0,0.0,2.5627238621582857,160.80138541556693,12.767145156860352,127.94014739990234,364.4675598144531,1.0150535106658936,0.7382067441940308,0.25,4.0,0.560499370098114,0.48014771938323975,0.15753911806543386,0.007202647992121676,4.811466055141913,4.249585997413945,0.11677938725713305,1.0,0.6726999137852643,0.16608893226932836,1.0,0.1710655741594933,0.0,0.7298319935798645,0.12531031547365962,0.0,0.14485769054374178,86.48590766990577,129.26842225786407,0.22192097265497124,7.440814343127576,86.48590640519454,103.80574570215873,121.6508527007951,154.21260582455514,23.560606820242747,65.59218124271364,154.654773214589,0.45222068129863,0.6754182184982704,0.5467373370447136,0.5079600479821959,0.0,0.6057109831524565,0.70173087152853,0.7278932988584679,0.6328495602823456,0.8747022828038548,0.9647319629181782,0.9903631233740061,0.37470228280385476,0.16473196291817815,0.04036312337400616,0.006320765087391448,0.0144736359972152,0.6098901098901099,0.3901098901098901,0.9807692307692307,1.0027822409193594,0.9768162902731162,0.9671525318216492,-7.992774963378906,0.00033783804974518716
886,8.127976637407434e-07,8.127976637407434e-07,1.0,8.838434760634964,4.685735534977269,3.2282788431322254,3.2282788431322254,3.27755078109535,0.0,0.0,0.31144740694277995,1.6659963130950928,0.08944402977421477,1.673677128714484,0.08117328453305606,0.014339215820655227,0.0,0.981604814529419,0.0,0.0,0.0,2.5148400229376717,161.83315771979255,13.121062278747559,129.95489501953125,365.89404296875,1.015650987625122,0.7362263798713684,0.25,4.0,0.5586367845535278,0.4802956283092499,0.1555257686836634,0.006737608053397527,5.192939341873736,4.658445792423712,0.10292697724005505,1.0,0.6698587053530926,0.1676277522299741,1.0,0.17277721013571765,0.0,0.7261970284822825,0.12694144289235812,0.0,0.1468615276185242,,,,,,,,,,,,,,,,,,,,,,,,,,,,,,,,,,,,
887,8.074405616577539e-07,8.074405616577539e-07,1.0,8.852944039009714,4.716338621603476,3.210524185283764,3.210524185283764,3.2627424356099723,0.0,0.0,0.3118464656778284,1.660202760954161,0.09080379879152453,1.683648557276339,0.08086502818843803,0.014830760594860121,0.0,0.9930061730178626,0.0,0.0,0.0,2.4913512210588196,163.0305815000792,13.069908142089844,132.0013885498047,365.89404296875,1.0162444114685059,0.728527307510376,0.25,4.0,0.5625777244567871,0.4770517945289612,0.15087263376737062,0.005427289637815954,4.600081237586769,3.820370948797948,0.16949924327811702,1.0,0.675738779274193,0.164536485800872,1.0,0.17097558644977776,0.0,0.7297828278026065,0.12498208840151091,0.0,0.14523508339314847,,,,,,,,,,,,,,,,,,,,,,,,,,,,,,,,,,,,
888,8.021281960989873e-07,8.021281960989873e-07,1.0,8.80890838519947,4.6722260681358545,3.210223578117989,3.210223578117989,3.264235902476955,0.0,0.0,0.3112325773045823,1.663334044250282,0.09005894350844461,1.6755261324547432,0.08464274646059887,0.014696022225040439,0.0,0.9907764405817598,0.0,0.0,0.0,2.5025056954976677,162.69013647131018,12.867278099060059,131.4867706298828,365.89404296875,1.016213059425354,0.7398019433021545,0.25,4.0,0.5620461702346802,0.4787864089012146,0.15758288653025496,0.0063546339862129335,3.9552132390640877,3.3685478366710044,0.14832712345286964,1.0,0.674852103800387,0.1653851097500002,1.0,0.1710733143058983,0.0,0.7315353976713644,0.12405837025191332,0.0,0.1444062389232017,,,,,,,,,,,,,,,,,,,,,,,,,,,,,,,,,,,,
889,7.968606205599054e-07,7.968606205599054e-07,1.0,8.832994821909312,4.682615898750924,3.2205390865738326,3.2205390865738326,3.286090850830078,0.0,0.0,0.3134892816479142,1.666155167528101,0.08994195368644353,1.6834163214709308,0.08487935454861538,0.014803041414533919,0.0,0.9905355186075777,0.0,0.0,0.0,2.5037460681554435,164.0512769544447,12.942893028259277,132.0013885498047,368.7637634277344,1.016331434249878,0.7372856140136719,0.25,4.0,0.5628641843795776,0.481517493724823,0.1562917168180326,0.006693839588576431,4.451841131255433,3.830313088926109,0.13961146051814552,1.0,0.6760662488035254,0.1648817185211826,1.0,0.17018991628208677,0.0,0.7313553980878882,0.12422576546669006,0.0,0.14441883302218206,,,,,,,,,,,,,,,,,,,,,,,,,,,,,,,,,,,,
890,7.916378880849351e-07,7.916378880849351e-07,1.0,8.900101687457111,4.683694749265103,3.2817150579916463,3.2817150579916463,3.3817623434840023,0.0,0.0,0.3120545527419528,1.6803876773731128,0.08962185620456128,1.6936134615459957,0.08629986049758422,0.015756087333618385,0.0,0.9877758235544771,0.0,0.0,0.0,2.5670892451260543,161.7706259650153,12.618402481079102,129.44825744628906,365.89404296875,1.0160572528839111,0.7344782948493958,0.25,4.0,0.5615714192390442,0.48169174790382385,0.15712331764963344,0.0065324433745486375,3.732719043622146,3.0610065508533166,0.17995259887468376,1.0,0.6741192083101015,0.1659225446952356,1.0,0.17100855184567942,0.0,0.7288859502689259,0.12583809607737773,0.0,0.1452759484181533,88.12004699287834,128.43397217652097,0.23183990316333788,13.451219265277569,88.12004692109367,105.98656898298923,123.11076793279459,155.89620385050796,26.467287881033762,68.985859183378,151.1609065843665,0.4671543143146389,0.680241879798422,0.5496052173465832,0.5168689870742098,0.0,0.6119414158975724,0.7122406897661314,0.7390057320042774,0.635545482127653,0.8722472610017955,0.963651020482943,0.9899783811512953,0.3722472610017955,0.163651020482943,0.03997838115129537,0.006943681067018431,0.013722472610017954,0.6153846153846154,0.38461538461538464,0.9853479853479853,1.0148791507868977,0.9890328314114403,0.9792960699606728,-7.9926981925964355,0.00033786401036195457
891,7.864600512669356e-07,7.864600512669356e-07,1.0,8.837495107908506,4.685553215645455,3.2162932383047567,3.2162932383047567,3.2768183849953316,0.0,0.0,0.31171749572496155,1.6889368327888283,0.09025650632542533,1.6937280281169995,0.0852602327594886,0.01642520497930614,0.0,0.9827495523401208,0.0,0.0,0.0,2.582498750171146,161.6904399974926,12.968196868896484,128.94358825683594,365.89404296875,1.015795350074768,0.7277846932411194,0.25,4.0,0.5597412586212158,0.4761773645877838,0.15169055695371486,0.006209650946493052,4.414066467736219,3.7121057784235156,0.1590281194095176,1.0,0.6714116173821527,0.16718193868527542,1.0,0.1722035927546991,0.0,0.7268011763289168,0.12684673836102356,0.0,0.14635208168545286,,,,,,,,,,,,,,,,,,,,,,,,,,,,,,,,,,,,
892,7.813271622466649e-07,7.813271622466649e-07,1.0,8.830137871407175,4.704482194539663,3.1952876206990837,3.1952876206990837,3.244318098635287,0.0,0.0,0.3109939758842056,1.6866971254348755,0.09048635915324495,1.675324349790006,0.08354318544671342,0.015691188138884468,0.0,0.9858562930210216,0.0,0.0,0.0,2.5552741997950785,160.40886585132495,12.917638778686523,128.44088745117188,363.046630859375,1.0167040824890137,0.7309759855270386,0.25,4.0,0.5579886436462402,0.4719054400920868,0.15530966188860926,0.006264361527519423,3.6393975518845223,2.9943567788278735,0.17723833790090868,1.0,0.6685581336150298,0.16918979303256884,1.0,0.17477401567471995,0.0,0.724894866750047,0.12738719703377904,0.0,0.1477179346052376,,,,,,,,,,,,,,,,,,,,,,,,,,,,,,,,,,,,
893,7.762392727122581e-07,7.762392727122581e-07,1.0,8.799080668268976,4.6831150957056,3.182528959738242,3.182528959738242,3.2286105607007003,0.0,0.0,0.3115364901117376,1.6841912334029738,0.0893743382515134,1.6942447681684751,0.0836746078487989,0.01602740930015775,0.0,0.9760467635618674,0.0,0.0,0.0,2.5447504133791536,160.76926978858742,12.83972454071045,127.94014739990234,364.4675598144531,1.0164244174957275,0.7361764311790466,0.25,4.0,0.5586856603622437,0.4757639765739441,0.15926797242586715,0.006950979319400372,4.39367435993375,3.6192044092191233,0.17626931066559623,1.0,0.6697121536409533,0.168383613631532,1.0,0.17340965166285233,0.0,0.7263407433355177,0.12703730790196238,0.0,0.14662195500489827,,,,,,,,,,,,,,,,,,,,,,,,,,,,,,,,,,,,
894,7.711964338987071e-07,7.711964338987071e-07,1.0,8.858519605688146,4.7227650977469775,3.2044489641447327,3.2044489641447327,3.2595505198916874,0.0,0.0,0.31197779726337743,1.6712087908306636,0.08981909945204451,1.688105844162606,0.08529026675465945,0.017114732527752984,0.0,0.9851894700849378,0.0,0.0,0.0,2.5331031535122848,163.62473853858742,12.942893028259277,130.97415161132812,370.20709228515625,1.014971137046814,0.7389541268348694,0.25,4.0,0.5613113045692444,0.483630508184433,0.15696192143560564,0.007446110077689025,4.504642250570091,3.828626428906982,0.15007092329641836,1.0,0.6738991560162725,0.16550132954442823,1.0,0.1707051545381546,0.0,0.7297928542704195,0.12519396177014788,0.0,0.1450131902018109,,,,,,,,,,,,,,,,,,,,,,,,,,,,,,,,,,,,
895,7.661986965873439e-07,7.661986965873439e-07,1.0,8.801245663617108,4.711856223441459,3.1530442237854004,3.1530442237854004,3.1958430200009733,0.0,0.0,0.309909938960462,1.691275132668985,0.08775747970149324,1.7042771706709992,0.08572378482770275,0.016432303035430407,0.0,0.9635477871508211,0.0,0.0,0.0,2.653388155473245,160.76035948057432,12.517818450927734,126.44959259033203,367.32611083984375,1.015569806098938,0.731473982334137,0.25,4.0,0.5578038096427917,0.4792479872703552,0.15271090928985664,0.006174089068825911,5.148564883986035,4.213847890898988,0.1815490363138604,1.0,0.6683439612388611,0.16950519262133418,1.0,0.17286646567486427,0.0,0.7235053278304435,0.12900172335070534,0.0,0.14749295284619202,84.13099502731156,126.77676223185321,0.2207500214107468,2.270621415022965,84.13099502743145,101.94211702162913,120.55646224937911,152.7579502984173,27.872103009905135,64.7662905907446,146.99749755859375,0.44013017811575833,0.6664132691010388,0.5402459150263521,0.4977359162622845,0.0,0.5939060008816949,0.6911529542537026,0.7237440890850086,0.6352477501262784,0.8752335934923601,0.9646220365688322,0.9903264812575574,0.3752335934923601,0.16462203656883212,0.040326481257557445,0.005679528049540142,0.015462973141328643,0.5879120879120879,0.41208791208791207,0.9816849816849816,0.9949653199413321,0.9695455921547753,0.9600955724388689,-7.9927473068237305,0.00033784742117859423
896,7.612461111053248e-07,7.612461111053248e-07,1.0,8.850802086495065,4.7019231770489665,3.2142998914460876,3.2142998914460876,3.268354100150031,0.0,0.0,0.31105512461146795,1.6918617293641374,0.0906339672368926,1.6910585777179614,0.08291810750961304,0.015758276121011255,0.0,0.9916216569977838,0.0,0.0,0.0,2.5659315940496086,160.94550076046505,12.792104721069336,128.44088745117188,365.89404296875,1.0171430110931396,0.7382077574729919,0.25,4.0,0.5587626099586487,0.473134309053421,0.15845552029762555,0.006784112047269942,4.410773141964062,3.7045589403526202,0.16011120474379537,1.0,0.6697030937349474,0.16877633292932767,1.0,0.1737244777582787,0.0,0.7262104298617389,0.12696104536990863,0.0,0.14682852356015025,,,,,,,,,,,,,,,,,,,,,,,,,,,,,,,,,,,,
897,7.563387273251334e-07,7.563387273251334e-07,1.0,8.860574103690482,4.742467957573968,3.180361457773157,3.180361457773157,3.2268425387305184,0.0,0.0,0.31153425735396306,1.708922402278797,0.09046437128170116,1.6949559353493355,0.08246711027380582,0.015037543354304257,0.0,0.9733236673715953,0.0,0.0,0.0,2.562368631362915,159.37335287558065,13.018954277038574,125.95661163330078,361.6312255859375,1.015974998474121,0.7296329736709595,0.25,4.0,0.5546903014183044,0.4688551425933838,0.15322792428055587,0.006242477295108874,4.350707716233021,3.621234938905046,0.1676676129279435,1.0,0.6637775720776738,0.17132142347258492,1.0,0.1756135652194152,0.0,0.7212124031943243,0.12949865693981583,0.0,0.14928894127542908,,,,,,,,,,,,,,,,,,,,,,,,,,,,,,,,,,,,
898,7.51476594664069e-07,7.51476594664069e-07,1.0,8.731197254077808,4.604024410247803,3.194617290754576,3.194617290754576,3.2417626638670227,0.0,0.0,0.3108378753468797,1.6844897463514998,0.08989438998538095,1.6856016049513947,0.08511346024838654,0.017733808783059184,0.0,0.9782399100226324,0.0,0.0,0.0,2.6167416443695894,160.94786958436708,12.69255542755127,126.94451141357422,367.32611083984375,1.0161212682724,0.730751097202301,0.25,4.0,0.5581405758857727,0.4719463288784027,0.15307473465368202,0.0061549403654666815,4.98570909854528,4.021934307910301,0.19330746571559657,1.0,0.6688819028235771,0.16898920246072718,1.0,0.17317544970963453,0.0,0.7250235225703265,0.1278428741403528,0.0,0.1471336020811184,,,,,,,,,,,,,,,,,,,,,,,,,,,,,,,,,,,,
899,7.46659762083753e-07,7.46659762083753e-07,1.0,8.762075939693966,4.6356208646619645,3.196129901989086,3.196129901989086,3.2490859482739425,0.0,0.0,0.31163387926849156,1.6702233005214382,0.08924503785532874,1.6883018854502085,0.08548566940668467,0.015807314429784548,0.0,0.9752986334465645,0.0,0.0,0.0,2.546104440817962,162.3140951620566,12.917638778686523,129.95489501953125,367.32611083984375,1.0150065422058105,0.7329272627830505,0.25,4.0,0.5593298077583313,0.4787823259830475,0.1551072327388117,0.007716927453769559,4.990797381143312,4.2063361470763745,0.1571815431800259,1.0,0.6708746971310796,0.16716127822528015,1.0,0.1724552049024685,0.0,0.7266316945488388,0.1267868338807209,0.0,0.14658146935540275,,,,,,,,,,,,,,,,,,,,,,,,,,,,,,,,,,,,
900,7.418882780896361e-07,7.418882780896361e-07,1.0,8.811381133827004,4.657025234119312,3.218618347838118,3.218618347838118,3.2736063776789486,0.0,0.0,0.3116206889216964,1.7000950574874878,0.09187920673473461,1.6881122750204962,0.08304911670652596,0.015317644647045716,0.0,0.9855161164257977,0.0,0.0,0.0,2.552881653244431,162.3306958997572,13.198168754577637,129.95489501953125,365.89404296875,1.0148954391479492,0.7202873826026917,0.25,4.0,0.5576856732368469,0.46614232659339905,0.14781704781704783,0.00585950322792428,3.7168585980260693,2.9507314047297917,0.2061222328186358,1.0,0.6683524331531009,0.16861500933363632,1.0,0.17381282070198575,0.0,0.7241537587062733,0.12815773406544248,0.0,0.14768850803375244,85.1996941618867,126.6631432850602,0.22303883860295481,1.0044494042029748,85.1996925138288,102.85787053783646,121.07749946431892,153.87837496487592,27.4805908203125,65.69504310548767,148.6808617633322,0.4757195379994599,0.6729679011966442,0.5456492262479972,0.5089977084691187,0.0,0.6044597082777748,0.6999751767381784,0.7306695447589648,0.6366793925606571,0.873126671796563,0.9634494888424755,0.9896302810450331,0.373126671796563,0.16344948884247545,0.03963028104503319,0.006650544135429262,0.01520647832618812,0.5879120879120879,0.41208791208791207,0.9853479853479854,0.9989283007907344,0.9752851008222654,0.9666486321897297,-7.9928364753723145,0.0003378172987140715
901,7.371621907305098e-07,7.371621907305098e-07,1.0,8.69925578864845,4.5921598511773185,3.1803202951276623,3.1803202951276623,3.2327852055833146,0.0,0.0,0.31170414750640457,1.6589061698398075,0.08910811350152299,1.6833691854734678,0.08528250455856323,0.015227713351565841,0.0,0.9726430870391227,0.0,0.0,0.0,2.530415644516816,163.48815897348766,12.917638778686523,130.46353149414062,370.20709228515625,1.0155858993530273,0.7362639904022217,0.25,4.0,0.5611050724983215,0.4815048277378082,0.1560072217966955,0.0072655651603020024,4.613936971973729,3.8842695371524707,0.1581442137708969,1.0,0.6734123713261372,0.16621782550135175,1.0,0.17176431135551348,0.0,0.7284559881364977,0.12596109690698418,0.0,0.14558291757428968,,,,,,,,,,,,,,,,,,,,,,,,,,,,,,,,,,,,
902,7.324815475980209e-07,7.324815475980209e-07,1.0,8.868145788038099,4.745064207025476,3.187469598409292,3.187469598409292,3.231284122209291,0.0,0.0,0.3118811217514244,1.7008737132355973,0.08980916581443839,1.6961363715094488,0.08068375259235099,0.013790583017760434,0.0,0.9775587851936752,0.0,0.0,0.0,2.5370148806958586,161.33663775469805,13.22397232055664,128.44088745117188,365.89404296875,1.0156970024108887,0.7322174906730652,0.25,4.0,0.5554808378219604,0.4707246422767639,0.15399934347302768,0.006737608053397527,3.5335743540042155,2.8875913507229574,0.1828129079976019,1.0,0.6649238499435218,0.17083125339972005,1.0,0.17530764357463732,0.0,0.7218786171964697,0.12932580326860016,0.0,0.14879558275680285,,,,,,,,,,,,,,,,,,,,,,,,,,,,,,,,,,,,
903,7.278463958261933e-07,7.278463958261933e-07,1.0,8.778082512520456,4.6067888930037215,3.2475515507362984,3.2475515507362984,3.3040990056218327,0.0,0.0,0.31173309925440196,1.65848923696054,0.09054081645366308,1.6687517907168414,0.08347881827000025,0.01741780771093594,0.0,0.9804177268131359,0.0,0.0,0.0,2.5283564490240975,164.76631370750633,13.198168754577637,132.51803588867188,371.6560363769531,1.0155137777328491,0.7258455157279968,0.25,4.0,0.5592827200889587,0.4737505316734314,0.1514935988620199,0.00667742641426852,4.323320500754021,3.6026702966239,0.16668905393538003,1.0,0.6708805206659678,0.166822700887113,1.0,0.1727108596949964,0.0,0.7262303007615579,0.12677282376869306,0.0,0.14699687708068537,,,,,,,,,,,,,,,,,,,,,,,,,,,,,,,,,,,,
904,7.232567820909548e-07,7.232567820909548e-07,1.0,8.732477909809834,4.5957550358127905,3.2088021523243673,3.2088021523243673,3.260859367009756,0.0,0.0,0.31143283360713236,1.66319156659616,0.08946979851336093,1.686692537488164,0.08354219240514008,0.016437494963709567,0.0,0.9808771207525924,0.0,0.0,0.0,2.5145285870577836,163.8912306089659,13.172416687011719,131.4867706298828,370.20709228515625,1.0155099630355835,0.7348646521568298,0.25,4.0,0.5614054799079895,0.4815516471862793,0.15718623481781377,0.007164350585403217,4.365483522415161,3.6791830828060976,0.15721063567991078,1.0,0.6739617618354591,0.16559827609642133,1.0,0.17140762064908002,0.0,0.7290418969618307,0.12535334438891024,0.0,0.14560475462191813,,,,,,,,,,,,,,,,,,,,,,,,,,,,,,,,,,,,
905,7.187127526096651e-07,7.187127526096651e-07,1.0,8.880455545476964,4.72185906848392,3.22574063893911,3.22574063893911,3.2794701473132983,0.0,0.0,0.3129025689653448,1.6827602837536786,0.09027550530594748,1.683209992743827,0.08477826205057067,0.01600592683472142,0.0,0.9878567553855278,0.0,0.0,0.0,2.5288176472122603,165.55611811457453,13.301684379577637,133.0366973876953,373.11065673828125,1.0159261226654053,0.7207632064819336,0.25,4.0,0.5625691413879395,0.47158345580101013,0.14885654885654886,0.0052741000109421165,3.689142495393753,3.038124452571611,0.1764686627407318,1.0,0.6755643132570628,0.16525917621077718,1.0,0.17086305328317591,0.0,0.7296385684528867,0.12536295543651324,0.0,0.14499847711743535,84.46302445380242,124.49145455535786,0.22221161483919077,4.741177296900487,84.46302304543572,102.61071271200923,120.2376677596713,153.046351243032,27.619278499058314,65.50391559452973,146.28109542183253,0.4610609952599817,0.6689414205494016,0.5436050708609899,0.5053761224577742,0.0,0.5986005607376388,0.6974451273873548,0.7235807903110824,0.6350531419733443,0.8744457879887142,0.9644205049283646,0.9901799127917629,0.3744457879887142,0.16442050492836457,0.04017991279176292,0.006540617786083324,0.015334725733758383,0.5934065934065934,0.4065934065934066,0.9826007326007326,0.9941723932931711,0.9698805578953618,0.9609705199907114,-7.992755889892578,0.00033784451079554856
906,7.142143531406492e-07,7.142143531406492e-07,1.0,8.905363005560798,4.738041065834664,3.24051529007989,3.24051529007989,3.308892469148378,0.0,0.0,0.3123387307734103,1.6667046869123303,0.08982647230496278,1.6761031730754956,0.08304005327659685,0.015492679614170984,0.0,0.984984128861814,0.0,0.0,0.0,2.503794579892545,164.37435335726352,13.249826431274414,133.0366973876953,370.20709228515625,1.0166901350021362,0.7259495258331299,0.25,4.0,0.561860978603363,0.47758832573890686,0.15167687930845825,0.005695371484845169,4.543487954784084,3.7799450529588237,0.16805214615376815,1.0,0.674504961516406,0.1656414238182274,1.0,0.1720361693485363,0.0,0.7274667830080599,0.12609939257035385,0.0,0.14643381858194196,,,,,,,,,,,,,,,,,,,,,,,,,,,,,,,,,,,,
907,7.0976162898274e-07,7.0976162898274e-07,1.0,8.872133023030049,4.715431600003629,3.2280599942078463,3.2280599942078463,3.291985930623235,0.0,0.0,0.31151471911249934,1.6708661672231313,0.09154530232017105,1.6821302980990023,0.08322860008558712,0.01441267506546668,0.0,0.9870806561933981,0.0,0.0,0.0,2.4436019111324,164.21142866804794,13.48479175567627,133.55738830566406,367.32611083984375,1.0150340795516968,0.7321173548698425,0.25,4.0,0.5586879253387451,0.4733864665031433,0.15174800306379255,0.006838822628296312,3.7205040752887726,2.9936514778717145,0.19536401055027533,1.0,0.6700057194039628,0.16713780849366575,1.0,0.17343295466255498,0.0,0.7268834613464974,0.12616615339710907,0.0,0.1469503917001389,,,,,,,,,,,,,,,,,,,,,,,,,,,,,,,,,,,,
908,7.053546249748228e-07,7.053546249748228e-07,1.0,8.81641047709697,4.67458014874845,3.21421378367656,3.21421378367656,3.2654139866700045,0.0,0.0,0.31164921296609416,1.6682392777623356,0.09054098117190439,1.6781020583333195,0.08346318524028803,0.015958486961804935,0.0,0.9868819230311626,0.0,0.0,0.0,2.507171411772032,165.41822608741555,13.27573013305664,134.60488891601562,371.6560363769531,1.0155152082443237,0.7279386520385742,0.25,4.0,0.5622715950012207,0.47504642605781555,0.15223766276397854,0.006559798665061823,3.4655046011950517,2.850360114832182,0.17750502658422146,1.0,0.6751871012352608,0.16533186347097964,1.0,0.1704289276857634,0.0,0.7295792634422714,0.12551171594374888,0.0,0.1449090218221819,,,,,,,,,,,,,,,,,,,,,,,,,,,,,,,,,,,,
909,7.009933854953754e-07,7.009933854953754e-07,1.0,8.791823168058652,4.652509637781091,3.20920729637146,3.20920729637146,3.256223098651783,0.0,0.0,0.31074346239502365,1.6843353832090222,0.0900029060808388,1.676305983517621,0.08422106272868209,0.017890291263324185,0.0,0.9762376740172103,0.0,0.0,0.0,2.584354771150125,162.85722412934174,13.172416687011719,130.97415161132812,367.32611083984375,1.0154205560684204,0.7237682342529297,0.25,4.0,0.557960033416748,0.46917930245399475,0.1489960608381661,0.006108436371594267,4.147175732496622,3.4261713793148867,0.17385430463726384,1.0,0.6687012153702814,0.16872565569104375,1.0,0.17337710148579366,0.0,0.724383383183866,0.12804433421508685,0.0,0.14757227575456774,,,,,,,,,,,,,,,,,,,,,,,,,,,,,,,,,,,,
910,6.966779544620328e-07,6.966779544620328e-07,1.0,8.748768961107409,4.637748756924191,3.174657016187101,3.174657016187101,3.2274233392767004,0.0,0.0,0.3107839476417851,1.6834947031897467,0.0894100635841086,1.699935355701962,0.08783161056202811,0.017888710796329622,0.0,0.9749020998542374,0.0,0.0,0.0,2.6075242628922335,163.88949584960938,12.993551254272461,131.4867706298828,371.6560363769531,1.0141792297363281,0.7293775677680969,0.25,4.0,0.5601437091827393,0.47811153531074524,0.1524783893204946,0.007082284713863661,4.423373272290101,3.574627823120839,0.19187741954452864,1.0,0.6721198977650823,0.16658668340863408,1.0,0.1711926496512181,0.0,0.7277655327642286,0.1264834291226155,0.0,0.14575103287761276,85.26280895694272,127.8491221070563,0.22069084310805748,3.6594247922792538,85.26280882790067,102.84834594618212,120.8794022003253,153.4098905396004,26.242608206612722,64.81542809064999,151.58571193529212,0.4528001896874511,0.6690211214824736,0.544037867936185,0.50454992761406,0.0,0.5983484348172291,0.695684880353266,0.7272698705830285,0.6349639765941644,0.8744091458722656,0.9641823311714485,0.9901066285588656,0.3744091458722656,0.16418233117144843,0.0401066285588656,0.00639404932028874,0.016214136528525887,0.5989010989010989,0.4010989010989011,0.9862637362637363,0.9968092574195547,0.9713831783814745,0.9621671073875584,-7.992830753326416,0.00033781921956688166
911,6.924083753311381e-07,6.924083753311381e-07,1.0,8.759994996560586,4.5798133901647615,3.2607679109315613,3.2607679109315613,3.3271080738789327,0.0,0.0,0.31207777116749735,1.65285764513789,0.09030743486977913,1.6622281010086473,0.08033020109743685,0.01457826271527321,0.0,0.9795021898037678,0.0,0.0,0.0,2.471779166041194,166.2462083971178,13.590554237365723,135.1317138671875,373.11065673828125,1.014065146446228,0.7245461940765381,0.25,4.0,0.5591484308242798,0.47491443157196045,0.14792646897910056,0.0069920122551701495,3.9596356217925615,3.2998432831184283,0.1666295593066312,1.0,0.6708606723192576,0.16635615962582664,1.0,0.1718577061955993,0.0,0.7262669946696307,0.12674569821841009,0.0,0.1469873042928206,,,,,,,,,,,,,,,,,,,,,,,,,,,,,,,,,,,,
912,6.881846910973043e-07,6.881846910973043e-07,1.0,8.765418413523081,4.647468244707262,3.1887614469270447,3.1887614469270447,3.241516519237209,0.0,0.0,0.31092306488269084,1.6778070250072994,0.08947328699601663,1.6791228700328518,0.08477856984009614,0.016517995019770554,0.0,0.970538704781919,0.0,0.0,0.0,2.6027134076969043,163.17399927087732,12.817113876342773,130.46353149414062,370.20709228515625,1.0154484510421753,0.7277036309242249,0.25,4.0,0.5595610737800598,0.47669583559036255,0.15248933143669985,0.006581682897472371,3.731618592062512,3.1468737334818453,0.15670006035034545,1.0,0.6710791136767413,0.16748958544151202,1.0,0.17277286302398992,0.0,0.7258441512649124,0.1271025556567553,0.0,0.14705329670293912,,,,,,,,,,,,,,,,,,,,,,,,,,,,,,,,,,,,
913,6.840069442929853e-07,6.840069442929853e-07,1.0,8.793834969804093,4.630627451716243,3.2387251080693424,3.2387251080693424,3.288948948318894,0.0,0.0,0.3128163806489996,1.6644272385416805,0.0901162545825984,1.6694952185089524,0.0818222002000422,0.014045585123066967,0.0,0.9852051122768505,0.0,0.0,0.0,2.451000116966866,165.46318837758656,13.379852294921875,134.08010864257812,371.6560363769531,1.0151939392089844,0.728223443031311,0.25,4.0,0.5597971081733704,0.4782352149486542,0.1506647335594704,0.006808731808731809,4.234487645529412,3.463927791730778,0.18197239390039494,1.0,0.6717215325381305,0.1661074175625234,1.0,0.17246609161028992,0.0,0.7261533044479989,0.12667858580479752,0.0,0.14716810934446953,,,,,,,,,,,,,,,,,,,,,,,,,,,,,,,,,,,,
914,6.798751769880462e-07,6.798751769880462e-07,1.0,8.806546804067251,4.658955754460515,3.2202524752230257,3.2202524752230257,3.2775095991186194,0.0,0.0,0.31281117974100886,1.6600696396183323,0.08990804005313564,1.6828526645093351,0.08346876502037048,0.015646903221873013,0.0,0.9855283031592498,0.0,0.0,0.0,2.5037751777752026,166.08275604248047,13.172416687011719,134.60488891601562,373.11065673828125,1.0150718688964844,0.726691484451294,0.25,4.0,0.5628429055213928,0.47908511757850647,0.1517589451799978,0.006009957325746799,4.59785714987162,3.6201017595626213,0.212654582001596,1.0,0.6761741960370863,0.1643252553972038,1.0,0.170088888825597,0.0,0.7304990066064371,0.12477763762345186,0.0,0.14472335013183388,,,,,,,,,,,,,,,,,,,,,,,,,,,,,,,,,,,,
915,6.757894307893367e-07,6.757894307893367e-07,1.0,8.84113868507179,4.687869896759858,3.2237498115848853,3.2237498115848853,3.294825431462881,0.0,0.0,0.3103145948938421,1.6817353029508848,0.08946465801548313,1.6750334179079212,0.08519639074802399,0.016355140273132035,0.0,0.9802025540454967,0.0,0.0,0.0,2.593471549652718,164.567114958892,13.018954277038574,132.51803588867188,371.6560363769531,1.016824722290039,0.7177732586860657,0.25,4.0,0.5619262456893921,0.4704344868659973,0.15055531239741765,0.0053999343473027685,4.632320284037976,4.060000378135088,0.12354929512861726,1.0,0.6745491639987843,0.16598116908524488,1.0,0.171253861607732,0.0,0.7281406908421904,0.12617959384177183,0.0,0.14567971289963336,86.97397527589902,127.70003659972903,0.23230947627439844,16.93749842800937,86.97397351571041,104.96753686661528,123.108377494928,155.741952622118,29.60874012538365,68.81655103106831,146.62320078974184,0.46494034396046374,0.667448464382801,0.5401912522578637,0.5000711151488647,0.0,0.5935016155795575,0.6987132079584768,0.7316782944347767,0.6375834709943509,0.8729617822725441,0.964548752335935,0.990528012898025,0.37296178227254406,0.1645487523359349,0.04052801289802499,0.005936022864680664,0.015994283829834012,0.6538461538461539,0.34615384615384615,0.9862637362637363,1.0156549835925575,0.987587782052847,0.9769216089785754,-7.992697238922119,0.0003378643305040896
916,6.717497468402753e-07,6.717497468402753e-07,1.0,8.905916033564386,4.72321672697325,3.252333641052246,3.252333641052246,3.3337495584745667,0.0,0.0,0.31191475649137756,1.6694938395474408,0.08999431455457532,1.6849843843563184,0.08574471219971373,0.01569374733780687,0.0,0.9857407099491841,0.0,0.0,0.0,2.5122492152291374,165.0844050226985,13.22397232055664,133.55738830566406,373.11065673828125,1.0160562992095947,0.7345359325408936,0.25,4.0,0.5626167058944702,0.48175060749053955,0.15482000218842323,0.006477732793522267,4.370957033054249,3.764532156087257,0.1387396106575879,1.0,0.6756525007454125,0.16522197546185674,1.0,0.17050263325910311,0.0,0.7307162752022615,0.12459751641428149,0.0,0.14468620395338214,,,,,,,,,,,,,,,,,,,,,,,,,,,,,,,,,,,,
917,6.677561658204358e-07,6.677561658204358e-07,1.0,8.876272845912624,4.73744468431215,3.202343103047964,3.202343103047964,3.256151856602849,0.0,0.0,0.3113168373301223,1.6939477598344959,0.0896229317059388,1.691613094226734,0.08567397376975498,0.016236597842008278,0.0,0.9895923427633337,0.0,0.0,0.0,2.5649026857840047,163.78739063159838,12.917638778686523,130.46353149414062,373.11065673828125,1.0148921012878418,0.7287323474884033,0.25,4.0,0.5602700114250183,0.47559428215026855,0.15391454207243682,0.00678684757632126,4.380759264971759,3.4665167428351737,0.2086949925431428,1.0,0.6723385759302087,0.16626749167571198,1.0,0.17154824129633,0.0,0.7288172986056354,0.1256089214537595,0.0,0.14557377973923813,,,,,,,,,,,,,,,,,,,,,,,,,,,,,,,,,,,,
918,6.638087279451334e-07,6.638087279451334e-07,1.0,8.803888991072371,4.675474785469674,3.1949363334758862,3.1949363334758862,3.245157125833872,0.0,0.0,0.31101522171819534,1.6739235343159855,0.0901153919261855,1.7021832627219122,0.08466718839229764,0.01669554620024723,0.0,0.9779885330715695,0.0,0.0,0.0,2.5380780213587992,163.60818831985063,13.146714210510254,133.0366973876953,368.7637634277344,1.015854001045227,0.7335352301597595,0.25,4.0,0.5600115060806274,0.47598063945770264,0.15531239741766056,0.0061631469526206364,4.7686852820821715,3.9676775859819875,0.1679724386740063,1.0,0.6717402548403353,0.16713024434205648,1.0,0.17280626216450254,0.0,0.7279930630245725,0.12568987905979156,0.0,0.146317057915636,,,,,,,,,,,,,,,,,,,,,,,,,,,,,,,,,,,,
919,6.599074729650246e-07,6.599074729650246e-07,1.0,8.806111748154098,4.667936428173168,3.2066824951687374,3.2066824951687374,3.260793634363123,0.0,0.0,0.3128891595312067,1.6758875943518974,0.0908479346214114,1.6865217653480735,0.0836051288690116,0.015078389733979429,0.0,0.9883459226505177,0.0,0.0,0.0,2.536253458744771,164.72214652396536,13.146714210510254,133.55738830566406,371.6560363769531,1.0148545503616333,0.7275465130805969,0.25,4.0,0.561777651309967,0.4757949411869049,0.15204070467228362,0.006546121019805231,4.148087382316589,3.375397779248856,0.186276115195097,1.0,0.6745655246683069,0.16525886026588646,1.0,0.1705032224590714,0.0,0.729854274440456,0.12510734534746892,0.0,0.14503837779567047,,,,,,,,,,,,,,,,,,,,,,,,,,,,,,,,,,,,
920,6.560524401657041e-07,6.560524401657041e-07,1.0,8.851720152674494,4.726577423714303,3.1896013182562752,3.1896013182562752,3.238184271632014,0.0,0.0,0.3106864916311728,1.6940337902790792,0.09053339104394655,1.6942402253279816,0.08409692538348404,0.014045219251734985,0.0,0.986693221169549,0.0,0.0,0.0,2.526469481957925,163.11346085007125,13.22397232055664,130.46353149414062,368.7637634277344,1.015933632850647,0.7381761074066162,0.25,4.0,0.5589122176170349,0.477835088968277,0.15350421271473902,0.007147937411095305,4.172234279078406,3.529790941927884,0.15398064782029208,1.0,0.670041519242364,0.16819232964032405,1.0,0.1735378040655239,0.0,0.7263611249021582,0.12662006411198024,0.0,0.14701880293117986,87.69318989345005,128.31988411675331,0.23159772026534892,15.010289328438896,87.69319020505027,105.10853461140452,122.79939583962584,155.58556310186057,29.0874753679548,68.65710815902828,149.995245228643,0.46103037889168486,0.6740751904076057,0.5435637701898308,0.5068687202938301,0.0,0.6024759885034675,0.7067439660312236,0.7404015597024473,0.6373667461795637,0.873126671796563,0.9642372943461215,0.9902348759664358,0.373126671796563,0.16423729434612144,0.040234875966435824,0.0062841229709428015,0.01634238393609615,0.6263736263736264,0.37362637362637363,0.9835164835164835,1.0150204293511726,0.9879032275178931,0.9775690687717972,-7.992673397064209,0.0003378723922651261
921,6.522436683673079e-07,6.522436683673079e-07,1.0,8.930573901614627,4.751866443737133,3.250943080799,3.250943080799,3.315897374539762,0.0,0.0,0.3127556982878092,1.663680682311187,0.09010730663666854,1.6821266187203896,0.08284825861856744,0.015100641547375032,0.0,0.990505221727732,0.0,0.0,0.0,2.4495111542779044,164.24487119107633,13.379852294921875,132.51803588867188,368.7637634277344,1.0167425870895386,0.7336724996566772,0.25,4.0,0.5618982911109924,0.4800564646720886,0.15806981070138965,0.0066063026589342376,4.256734923736469,3.5880545474387504,0.15708762426549358,1.0,0.6747285707576854,0.16489884901691126,1.0,0.1720041656816328,0.0,0.7301983752766171,0.12423695563464551,0.0,0.1455646761365839,,,,,,,,,,,,,,,,,,,,,,,,,,,,,,,,,,,,
922,6.484811959241269e-07,6.484811959241269e-07,1.0,8.878433562613822,4.707143023207381,3.2352789994832634,3.2352789994832634,3.2928077336904167,0.0,0.0,0.3120770140274151,1.694773783554902,0.08978636220500276,1.6928079998171008,0.08439159524199125,0.015650881353665044,0.0,0.9786926346856195,0.0,0.0,0.0,2.5818327826422616,161.80754336795292,12.993551254272461,128.94358825683594,365.89404296875,1.0154775381088257,0.7301884293556213,0.25,4.0,0.5584144592285156,0.4731937646865845,0.15250848014005908,0.006146733778312726,4.125075527139612,3.4196695653167932,0.17100437487309655,1.0,0.6694544618194168,0.1679653787129634,1.0,0.1735517535660718,0.0,0.7256629611994769,0.1269920863009788,0.0,0.14734494988177274,,,,,,,,,,,,,,,,,,,,,,,,,,,,,,,,,,,,
923,6.447650607242166e-07,6.447650607242166e-07,1.0,8.80861488548485,4.649877174480541,3.2249275220407023,3.2249275220407023,3.2859229332691915,0.0,0.0,0.31101324348836334,1.6948235904848254,0.0893433587373914,1.6911090515755318,0.08268447039095131,0.015377342059100801,0.0,0.9706797100402214,0.0,0.0,0.0,2.534570210688823,162.44536054456557,13.432220458984375,128.44088745117188,370.20709228515625,1.0151197910308838,0.7267259955406189,0.25,4.0,0.5565494298934937,0.4762379825115204,0.15049786628733997,0.006357369515264252,3.494491135751879,2.975305526643186,0.14857259295836914,1.0,0.6668238140441276,0.168766196112375,1.0,0.174459028485659,0.0,0.7221471683399098,0.12871303026740616,0.0,0.1491397981708114,,,,,,,,,,,,,,,,,,,,,,,,,,,,,,,,,,,,
924,6.410953001890169e-07,6.410953001890169e-07,1.0,8.766721519264015,4.624138561454979,3.211648799277641,3.211648799277641,3.2620529935166642,0.0,0.0,0.31213235452368454,1.6781918841439325,0.090040912902033,1.6826600094099302,0.084061618390921,0.01654116515498105,0.0,0.9836304558290018,0.0,0.0,0.0,2.5637409912573323,164.87491380846177,13.22397232055664,132.0013885498047,373.11065673828125,1.0146836042404175,0.7251412868499756,0.25,4.0,0.5613271594047546,0.4772482216358185,0.14916566363934786,0.006321807637597111,4.198088542029664,3.664370604463526,0.12713355905259202,1.0,0.6739441526902689,0.165402926705979,1.0,0.17067855153534864,0.0,0.7285119021261061,0.12591335298241796,0.0,0.14557474609967824,,,,,,,,,,,,,,,,,,,,,,,,,,,,,,,,,,,,
925,6.374719512729764e-07,6.374719512729764e-07,1.0,8.815496212727314,4.645798219216837,3.243776411623568,3.243776411623568,3.310296019992313,0.0,0.0,0.3123563117272145,1.657327484440159,0.09007793946846111,1.672186954601391,0.08631928013385953,0.016363165511221096,0.0,0.984375765194764,0.0,0.0,0.0,2.501424286816571,166.3113832216005,13.432220458984375,134.60488891601562,373.11065673828125,1.0144574642181396,0.7263693809509277,0.25,4.0,0.5634238123893738,0.48221534490585327,0.15002461976146186,0.006929095086989824,4.43428829956699,3.5722415519727244,0.19440475886027642,1.0,0.6771979702485574,0.1632537048410725,1.0,0.16957321481124774,0.0,0.7312271659438675,0.1242717762251158,0.0,0.1445010608515224,86.89907669235062,126.35685442570407,0.22610038969906632,9.935006361741285,86.89907377589228,104.36622294000742,121.83332247410705,154.64217138645105,25.753456115722656,67.23989755793136,151.33502130923063,0.46730586147107184,0.6792247334927926,0.5490294006160605,0.5168641272676604,0.0,0.6107035642840601,0.7126776506910405,0.7396415729804966,0.6354903127122096,0.8737129456597413,0.9640724048221025,0.9898134916272764,0.37371294565974134,0.1640724048221025,0.03981349162727643,0.007511633871972445,0.015939320655161043,0.6098901098901099,0.3901098901098901,0.9844322344322345,1.0059084430500702,0.9808386056632786,0.9715104522285881,-7.992696762084961,0.00033786450512707233
926,6.338950504631772e-07,6.338950504631772e-07,1.0,8.792460080739614,4.650991220731993,3.211637284304645,3.211637284304645,3.2640419006347656,0.0,0.0,0.31213815550546387,1.6682382596505654,0.08972809665106438,1.6865586751216166,0.08329335489385836,0.01610303803573589,0.0,0.9953582979537345,0.0,0.0,0.0,2.5279116694991655,164.7434599592879,13.27573013305664,133.0366973876953,371.6560363769531,1.0131438970565796,0.7278992533683777,0.25,4.0,0.559935450553894,0.47571954131126404,0.1511051537367327,0.007476200897253529,5.559011369943619,4.936465373715839,0.11198861718357918,1.0,0.6721980410653192,0.1650096020988516,1.0,0.1716487323110168,0.0,0.7290627956390381,0.12517580692027067,0.0,0.14576139421881856,,,,,,,,,,,,,,,,,,,,,,,,,,,,,,,,,,,,
927,6.303646337789719e-07,6.303646337789719e-07,1.0,8.831800074190706,4.6790363724167285,3.2150445822122933,3.2150445822122933,3.2702960259205587,0.0,0.0,0.31222558665919947,1.6952703289083533,0.09019268586023434,1.6931845851846643,0.08810367394943495,0.01618688931134907,0.0,0.9683249335031252,0.0,0.0,0.0,2.578509704486744,161.7277745427312,12.892434120178223,128.44088745117188,368.7637634277344,1.0170406103134155,0.7252951860427856,0.25,4.0,0.5595618486404419,0.4747883975505829,0.154251012145749,0.005566801619433198,4.27268115652574,3.5348554962390177,0.17268446515364916,1.0,0.6709808658909153,0.16760515482039065,1.0,0.17418538154782476,0.0,0.7245474924912324,0.1275380803523837,0.0,0.14791442614954872,,,,,,,,,,,,,,,,,,,,,,,,,,,,,,,,,,,,
928,6.268807367716165e-07,6.268807367716165e-07,1.0,8.814729162164637,4.663810117824657,3.2092741953360067,3.2092741953360067,3.262516447015711,0.0,0.0,0.3113176017194181,1.7025644199268237,0.08989198566288562,1.710177196038736,0.08543711518113678,0.019606011781237415,0.0,0.9757804387324566,0.0,0.0,0.0,2.6457857570132695,163.2131813667916,13.146714210510254,129.44825744628906,370.20709228515625,1.015486478805542,0.7195277810096741,0.25,4.0,0.5579937100410461,0.4687522351741791,0.14859393806762228,0.005709049130101762,4.815889399599385,3.915337813867105,0.18699590273131966,1.0,0.6687415387179401,0.16868806267912323,1.0,0.17360755036006104,0.0,0.7242305133793805,0.12801560276263468,0.0,0.14775389231540062,,,,,,,,,,,,,,,,,,,,,,,,,,,,,,,,,,,,
929,6.234433945239161e-07,6.234433945239161e-07,1.0,8.800311784486514,4.671490334175728,3.19537522341754,3.19537522341754,3.237292715021082,0.0,0.0,0.31247635467632395,1.689375493977521,0.08964919218340435,1.687138402784193,0.08216920555443377,0.016231733692079985,0.0,0.9884193894025441,0.0,0.0,0.0,2.586931702252981,161.97795043120513,13.069908142089844,129.44825744628906,367.32611083984375,1.0160490274429321,0.7281309962272644,0.25,4.0,0.5589123368263245,0.4717603325843811,0.15430298719772403,0.006226064120800963,4.157726211322321,3.473177681098113,0.16464492740287826,1.0,0.6701048419282243,0.16792073684769707,1.0,0.1735467491923152,0.0,0.7263137520970525,0.12687038831614159,0.0,0.1468158539485287,,,,,,,,,,,,,,,,,,,,,,,,,,,,,,,,,,,,
930,6.200526416498685e-07,6.200526416498685e-07,1.0,8.846898375330744,4.705395260372677,3.2122469786051155,3.2122469786051155,3.2708915246499553,0.0,0.0,0.31181172180820155,1.6810207495818268,0.09040376564135423,1.6751942312395252,0.08295504869641485,0.014380201886131152,0.0,0.9886493988939233,0.0,0.0,0.0,2.517443789018167,166.0273666381836,13.172416687011719,134.60488891601562,374.5709533691406,1.014900803565979,0.7283540368080139,0.25,4.0,0.5614482164382935,0.47888362407684326,0.14953222453222453,0.006535178903599956,3.5141235102672836,2.9788086108259253,0.15233240888583408,1.0,0.6741101806228226,0.16525380232849637,1.0,0.17115482889317177,0.0,0.729049964531048,0.12549241934273694,0.0,0.14545761149477315,83.62006080543603,125.27833210002464,0.2214264271751741,3.1113816565209693,83.62006230439466,101.28011374154585,119.68108028422215,152.91856954686722,29.091849190848215,64.92098614596581,144.35654150921366,0.4729555530588444,0.666897996286724,0.5404006877941944,0.49874027695766154,0.0,0.5949401984670343,0.6940211503929179,0.7223653961887949,0.6353941906982662,0.8750320618518925,0.9642372943461215,0.9902715180828845,0.37503206185189253,0.16423729434612144,0.04027151808288454,0.006229159796269833,0.017386684254882562,0.5879120879120879,0.41208791208791207,0.9835164835164835,0.9979522584395094,0.97258553228208,0.9632707122754265,-7.992625713348389,0.0003378884575795382
931,6.167085122943165e-07,6.167085122943165e-07,1.0,8.860648309862292,4.685236106047759,3.2447174819740088,3.2447174819740088,3.3145995655575313,0.0,0.0,0.3110176308734997,1.693309313542134,0.09080256400881587,1.67588873489483,0.08200415767527916,0.013258096730537914,0.0,0.9855027633744318,0.0,0.0,0.0,2.482814273318729,164.92975698935018,13.406009674072266,133.0366973876953,371.6560363769531,1.0157396793365479,0.7196807861328125,0.25,4.0,0.5587835907936096,0.47056302428245544,0.14824926140715614,0.006086552139183718,4.23360606383633,3.5346626864897237,0.16509409869685676,1.0,0.6701421673233444,0.167095436840444,1.0,0.17336024384240847,0.0,0.7250588214075243,0.12716793752199895,0.0,0.147773233015795,,,,,,,,,,,,,,,,,,,,,,,,,,,,,,,,,,,,
932,6.134110401326074e-07,6.134110401326074e-07,1.0,8.87497329711914,4.717464743433772,3.227865174009993,3.227865174009993,3.278258839169064,0.0,0.0,0.31253195856068583,1.6612704960075584,0.09021562156645027,1.6986738443374634,0.08190519564055107,0.01390012660743417,0.0,0.9865884152618615,0.0,0.0,0.0,2.438022632856627,167.6555464461043,13.590554237365723,136.1915740966797,376.0370178222656,1.014262318611145,0.7317767143249512,0.25,4.0,0.5617630481719971,0.4810325801372528,0.14984681037312617,0.006513294671189408,3.5897217457358903,3.0568546314497254,0.14844245655506305,1.0,0.6747344522862821,0.16454616994471163,1.0,0.17009602769001111,0.0,0.7302580910760004,0.1248246403159322,0.0,0.1449172718299402,,,,,,,,,,,,,,,,,,,,,,,,,,,,,,,,,,,,
933,6.101602583702482e-07,6.101602583702482e-07,1.0,8.84642336819623,4.696048285510089,3.213537222630269,3.213537222630269,3.2732643952240816,0.0,0.0,0.3110004204350549,1.6961972230189555,0.09064576110324345,1.6961311166350905,0.08428660155953588,0.016113191257809866,0.0,0.9849447318025537,0.0,0.0,0.0,2.534066863962122,164.57413008406357,13.27573013305664,132.51803588867188,371.6560363769531,1.01600980758667,0.7287170886993408,0.25,4.0,0.560727596282959,0.4746483564376831,0.15189845716161507,0.006234270707954919,4.294473164790386,3.5203070092845605,0.18027034418402577,1.0,0.6729030866880674,0.16632305448119705,1.0,0.17175691474128413,0.0,0.7281394923055494,0.12585566716419683,0.0,0.14600483307967316,,,,,,,,,,,,,,,,,,,,,,,,,,,,,,,,,,,,
934,6.069561997425752e-07,6.069561997425752e-07,1.0,8.84047709284602,4.695027828216553,3.212108766710436,3.212108766710436,3.255956591786565,0.0,0.0,0.3113733054818334,1.6837088610674884,0.09088022463225029,1.685804602262136,0.08513828417336619,0.01642963711826785,0.0,0.9925904032346364,0.0,0.0,0.0,2.5535025016681567,165.19541230072846,13.095459938049316,132.0013885498047,374.5709533691406,1.0157972574234009,0.7238978743553162,0.25,4.0,0.5616466999053955,0.4733472466468811,0.1516249042564832,0.006381989276726119,4.485068864113575,3.6351186117610417,0.18950662255227538,1.0,0.6743821372856965,0.16514976423334432,1.0,0.1713036270560445,0.0,0.7290346606357677,0.12548609359844312,0.0,0.14547924053024602,,,,,,,,,,,,,,,,,,,,,,,,,,,,,,,,,,,,
935,6.037988965144231e-07,6.037988965144231e-07,1.0,8.893206106649863,4.702237245198843,3.2597965871965564,3.2597965871965564,3.3243285900837667,0.0,0.0,0.31203498067082586,1.690831455024513,0.09113735403563525,1.6796185583681673,0.08134726465151117,0.015376785298104625,0.0,0.979414384107332,0.0,0.0,0.0,2.566764515799445,165.2967813852671,13.22397232055664,132.0013885498047,376.0370178222656,1.0158002376556396,0.7212582230567932,0.25,4.0,0.5582065582275391,0.4689262807369232,0.1474915198599409,0.005974395448079659,4.243106587513073,3.6668815749722556,0.1358026249532771,1.0,0.6693080937540209,0.1673884115911819,1.0,0.17383105046040304,0.0,0.7243333201150637,0.1274870458889652,0.0,0.14817963621100863,86.49892905518249,126.97511959172955,0.22605186136988803,3.9410363291646098,86.49892839553756,103.7020696598045,121.5458688257112,154.1659337372566,29.534730638776505,66.5180646911148,151.20068757430366,0.4886133387935257,0.6723493280282387,0.5446661288649689,0.5066789990714814,0.0,0.6029059372987206,0.6986762650674716,0.728978067030038,0.6363238093505117,0.8742259352900223,0.9632113150855593,0.989960060093071,0.37422593529002235,0.1632113150855593,0.03996006009307107,0.006247480854494156,0.017405005313106885,0.5824175824175825,0.4175824175824176,0.9844322344322345,0.9997791864059784,0.9753033643240457,0.9663864889970193,-7.992640018463135,0.0003378836263436824
936,6.006883804798016e-07,6.006883804798016e-07,1.0,8.802779738967484,4.649486180898306,3.22173176585017,3.22173176585017,3.2722404583080396,0.0,0.0,0.31231756306983327,1.6808933953981142,0.09041504722994727,1.6820763542845443,0.08456564996693586,0.01745007952952103,0.0,0.9773494246843699,0.0,0.0,0.0,2.586618713430456,164.0892070048564,13.121062278747559,129.95489501953125,371.6560363769531,1.01577889919281,0.7239108085632324,0.25,4.0,0.5592387914657593,0.47323697805404663,0.15259054601159863,0.006081081081081081,5.169964634083413,4.239490563805039,0.17997687337049612,1.0,0.6708144835523657,0.16666617908993284,1.0,0.17361853332132907,0.0,0.7256218130524094,0.12671584394332525,0.0,0.1476623446152017,,,,,,,,,,,,,,,,,,,,,,,,,,,,,,,,,,,,
937,5.976246829615703e-07,5.976246829615703e-07,1.0,8.85069090611226,4.722995938481511,3.1911687915389604,3.1911687915389604,3.2482632624136434,0.0,0.0,0.31272228585707174,1.6760887423077144,0.08942498749977834,1.7044451752224483,0.08668399078620447,0.014966520921302002,0.0,0.9905768842310518,0.0,0.0,0.0,2.51884447561728,166.03445455190297,13.018954277038574,132.51803588867188,376.0370178222656,1.0162590742111206,0.7372148036956787,0.25,4.0,0.5634680986404419,0.4834931194782257,0.15980687164897692,0.00697286355181092,5.663287762854551,4.618596363712001,0.18446729936533868,1.0,0.6770188679566255,0.16399315482861287,1.0,0.17080834226028338,0.0,0.7324250227696186,0.12338428239564637,0.0,0.1441907006743792,,,,,,,,,,,,,,,,,,,,,,,,,,,,,,,,,,,,
938,5.946078348111313e-07,5.946078348111313e-07,1.0,8.83117861361117,4.6766219654598755,3.2147570751808785,3.2147570751808785,3.2646821447320886,0.0,0.0,0.31264947153426503,1.697103584134901,0.09042471687535981,1.6984003234553982,0.08703068674013421,0.019591887179460074,0.0,0.9775526426933907,0.0,0.0,0.0,2.6964009935791426,163.98857219799146,12.544681549072266,129.44825744628906,374.5709533691406,1.0151681900024414,0.7186336517333984,0.25,4.0,0.5608323812484741,0.4718998968601227,0.14842980632454317,0.005848561111719007,5.347065461648477,4.4505826323419,0.1676588468453489,1.0,0.6732542885316385,0.16543048539677183,1.0,0.1716099010931479,0.0,0.7270451735805821,0.12659350963863167,0.0,0.14636131939855782,,,,,,,,,,,,,,,,,,,,,,,,,,,,,,,,,,,,
939,5.916378664081112e-07,5.916378664081112e-07,1.0,8.787354959023965,4.668984348709519,3.1874363744581067,3.1874363744581067,3.2283011513787345,0.0,0.0,0.3119212936710667,1.6779418023856911,0.09001083450542914,1.6880368767557918,0.08154864609241486,0.016145158357716894,0.0,0.9916119011672767,0.0,0.0,0.0,2.5450170394536613,164.61379489383182,12.993551254272461,132.0013885498047,373.11065673828125,1.0140974521636963,0.7358571887016296,0.25,4.0,0.5595588088035583,0.48057064414024353,0.1556242477295109,0.007257358573148047,3.785530700876906,3.1527300352180325,0.16716299923608788,1.0,0.6715308443920033,0.16576111236134092,1.0,0.17179181487173648,0.0,0.7281361302813968,0.12568285698826248,0.0,0.14618100830026576,,,,,,,,,,,,,,,,,,,,,,,,,,,,,,,,,,,,
940,5.887148076600589e-07,5.887148076600589e-07,1.0,8.744230863210317,4.6465535163879395,3.162749161591401,3.162749161591401,3.2073540687561035,0.0,0.0,0.31190978916915685,1.6826229063240257,0.08907352206674782,1.698488931398134,0.08430506822627944,0.017242571647354477,0.0,0.9820943088144869,0.0,0.0,0.0,2.6166544959351823,164.29260150806323,12.767145156860352,132.0013885498047,371.6560363769531,1.0147401094436646,0.7376250624656677,0.25,4.0,0.5599192380905151,0.4806782901287079,0.15363004705109967,0.006609038187985556,5.192781684366432,4.2051061520705355,0.19020162840071375,1.0,0.6717307889783705,0.16673715211249687,1.0,0.17247347614249667,0.0,0.7279590191067876,0.126066785607789,0.0,0.14597419327175296,86.67301387577267,126.41649866094363,0.22637691466680043,8.986490857470166,86.6730159909607,103.9769522855236,121.55993969994036,154.09857135961852,27.86630140032087,66.3699485719666,152.55871847401494,0.4744096131163748,0.6732546591398547,0.5460782900014972,0.5081204622563356,0.0,0.6032096488034935,0.698937338037328,0.7337530554265903,0.6349759931272912,0.8740244036495548,0.9640907258803268,0.9902165549082115,0.3740244036495548,0.1640907258803268,0.04021655490821152,0.006229159796269833,0.0170202630903961,0.6153846153846154,0.38461538461538464,0.9826007326007326,1.003182695707777,0.9775255243856829,0.9679705907519047,-7.99251651763916,0.0003379253903403878
941,5.858386880021432e-07,5.858386880021432e-07,1.0,8.7772343738659,4.6562201010214315,3.18784803313178,3.18784803313178,3.2419489461022453,0.0,0.0,0.3112752977255228,1.6860165789320662,0.08943237847573049,1.6901827631769955,0.08376629449225761,0.017472109574874915,0.0,0.9768265308560552,0.0,0.0,0.0,2.6444229177526526,163.68405254467115,12.742232322692871,129.95489501953125,371.6560363769531,1.0141829252243042,0.7261576056480408,0.25,4.0,0.5595200061798096,0.4750944972038269,0.1512692854798118,0.006718459350038297,5.03043192061218,4.258562007868612,0.1534400872380031,1.0,0.6713670733812693,0.16619519365800395,1.0,0.1720339321606868,0.0,0.7273430405436335,0.12637034038434158,0.0,0.14628662672397252,,,,,,,,,,,,,,,,,,,,,,,,,,,,,,,,,,,,
942,5.830095363968577e-07,5.830095363968577e-07,1.0,8.931421795406857,4.7337483715366675,3.264380171492293,3.264380171492293,3.3380882804458207,0.0,0.0,0.3122661065410923,1.676317582259307,0.09039150097885647,1.6933955856271692,0.08442263919356707,0.015940602296157867,0.0,0.9915206786748525,0.0,0.0,0.0,2.5272264351715914,165.42677863868508,12.968196868896484,132.51803588867188,374.5709533691406,1.013676643371582,0.7312279343605042,0.25,4.0,0.5609963536262512,0.47790661454200745,0.15527683553999344,0.006852500273552905,5.812291693043065,4.752145835676709,0.1823972218454352,1.0,0.6738075017929077,0.16413320842626933,1.0,0.17085023103533564,0.0,0.7307741207045477,0.12433272358533498,0.0,0.14489315248824455,,,,,,,,,,,,,,,,,,,,,,,,,,,,,,,,,,,,
943,5.802273813337279e-07,5.802273813337279e-07,1.0,8.751698081557816,4.595296060716784,3.229829466020739,3.229829466020739,3.2839727015108675,0.0,0.0,0.3123050928115845,1.6569668602299046,0.08877994985999288,1.6803508223714054,0.08380013502932884,0.016479497681044647,0.0,0.9941328457883887,0.0,0.0,0.0,2.522610954336218,166.75790034113703,13.044405937194824,134.08010864257812,377.5087585449219,1.0174497365951538,0.7354588508605957,0.25,4.0,0.5656929016113281,0.48425596952438354,0.15539446328920012,0.006321807637597111,4.441746145486832,3.8593738646926106,0.13111336436593923,1.0,0.6802660613446623,0.16255303572964025,1.0,0.16981150532090986,0.0,0.7330506234555632,0.12323676694083859,0.0,0.14371260758992788,,,,,,,,,,,,,,,,,,,,,,,,,,,,,,,,,,,,
944,5.774922508290228e-07,5.774922508290228e-07,1.0,8.791416812587428,4.652931348697559,3.2074890974405648,3.2074890974405648,3.26025263683216,0.0,0.0,0.3124541720828494,1.6725024468189962,0.09050466442430341,1.684641019718067,0.08302593694345371,0.01905757204214161,0.0,0.9983716365453359,0.0,0.0,0.0,2.5451250624012305,165.55706457189612,13.069908142089844,135.1317138671875,371.6560363769531,1.0152050256729126,0.7322056293487549,0.25,4.0,0.5611099004745483,0.47572988271713257,0.15348779954043112,0.006981070138964876,4.6764262604552345,4.030217179575482,0.13818438373426767,1.0,0.6737146458110294,0.16487278728871732,1.0,0.17213564829246417,0.0,0.7300197562655887,0.12453432501973333,0.0,0.14544592374885404,,,,,,,,,,,,,,,,,,,,,,,,,,,,,,,,,,,,
945,5.748041724254774e-07,5.748041724254774e-07,1.0,8.789326461585793,4.639865217982112,3.225260360820873,3.225260360820873,3.278476689312909,0.0,0.0,0.31172371393925435,1.6584983194196545,0.08999170805956866,1.667810997447452,0.08285997787842879,0.016544581585991626,0.0,1.0033214382223181,0.0,0.0,0.0,2.499076662836848,166.73014171703443,13.044405937194824,135.1317138671875,377.5087585449219,1.016412615776062,0.7311504483222961,0.25,4.0,0.5643529891967773,0.4799211323261261,0.1554327606959186,0.006395666921982711,5.023887583532849,4.294985727683918,0.145087214578229,1.0,0.6784206661018165,0.1630502210275547,1.0,0.16994451026658755,0.0,0.733367112842766,0.12300627698769441,0.0,0.14362660312169306,87.78222258012373,128.04425432980108,0.23207154665661622,15.319018143873949,87.78222232878477,104.57514616641079,122.46906331492146,155.59242772690325,31.5803713117327,68.13524609942769,151.43163399074388,0.4824302058204381,0.6772126816795698,0.5458459898317092,0.5102577618893892,0.0,0.6063769966160761,0.7091965817924241,0.7418749209219446,0.6361138757267732,0.8721556557106739,0.9635960573082701,0.9902165549082115,0.3721556557106739,0.1635960573082701,0.04021655490821152,0.006723828368326554,0.01736836319665824,0.6153846153846154,0.38461538461538464,0.9826007326007326,1.0114783358115416,0.9849400366400625,0.9749541274466358,-7.992499828338623,0.00033793100737966597
946,5.72163173192012e-07,5.72163173192012e-07,1.0,8.794207572937012,4.667039845440839,3.1996479614360913,3.1996479614360913,3.246946837451007,0.0,0.0,0.31155465180809433,1.664553697044785,0.09043533234177409,1.6803007512479216,0.08309497442599889,0.01633437700267579,0.0,0.9946090498486081,0.0,0.0,0.0,2.50006006537257,167.1999887002481,13.247302055358887,135.66061401367188,376.0370178222656,1.0136338472366333,0.7342918515205383,0.25,4.0,0.5609462857246399,0.4796028137207031,0.1547707626654995,0.007432432432432433,4.762579806753107,3.8695884781914787,0.18750159888038195,1.0,0.6737377836897567,0.16416645936063817,1.0,0.1708006860839354,0.0,0.7306573503726238,0.12423490471131093,0.0,0.1451077429023949,,,,,,,,,,,,,,,,,,,,,,,,,,,,,,,,,,,,
947,5.695692797234584e-07,5.695692797234584e-07,1.0,8.76725315403294,4.606980993941024,3.2303651667929985,3.2303651667929985,3.2897425020063245,0.0,0.0,0.31137734973752823,1.6713747656023181,0.09004153371662707,1.6817386569203556,0.08602767759883725,0.01657832505156261,0.0,0.9818155604439813,0.0,0.0,0.0,2.5670831203460693,165.52022676210146,12.917638778686523,132.0013885498047,376.0370178222656,1.0151143074035645,0.7249261736869812,0.25,4.0,0.5611324310302734,0.47757241129875183,0.15218842324105483,0.006442170915855127,5.137022619311874,4.202324098831898,0.1819533589293758,1.0,0.6737839579582214,0.1650419891686053,1.0,0.17056690518920486,0.0,0.7284870437673621,0.12595311733516487,0.0,0.14555984513985143,,,,,,,,,,,,,,,,,,,,,,,,,,,,,,,,,,,,
948,5.670225181402952e-07,5.670225181402952e-07,1.0,8.771685265206003,4.629546796953356,3.207164687079352,3.207164687079352,3.2720068016567745,0.0,0.0,0.31237569773519364,1.689047172262862,0.08953586220741272,1.694593780749553,0.08331895418263771,0.017879487443211918,0.0,0.9752571405591192,0.0,0.0,0.0,2.6196828790613123,164.03149950182114,12.767145156860352,129.44825744628906,376.0370178222656,1.0154138803482056,0.7329820394515991,0.25,4.0,0.5593644976615906,0.4791521430015564,0.1527027027027027,0.006395666921982711,4.701634596328478,3.908180314946819,0.16876136695124494,1.0,0.6709351877908449,0.16709067893994822,1.0,0.17247061149494067,0.0,0.7266817109004872,0.1266741496888367,0.0,0.146644133772399,,,,,,,,,,,,,,,,,,,,,,,,,,,,,,,,,,,,
949,5.645229140883844e-07,5.645229140883844e-07,1.0,8.818897273089435,4.66254879977252,3.2258991486317403,3.2258991486317403,3.2901474785160376,0.0,0.0,0.31202601903193705,1.6838241396723568,0.09044157069277119,1.6769799896188684,0.08424666775642214,0.014522834888634246,0.0,0.978593106205399,0.0,0.0,0.0,2.5620756084854537,165.93891927358266,12.942893028259277,132.0013885498047,377.5087585449219,1.0157928466796875,0.7317184805870056,0.25,4.0,0.5606454610824585,0.4788185954093933,0.15015318962687385,0.0059333625123098805,4.315822193751464,3.735640604753752,0.13443130021382957,1.0,0.672824315122656,0.16619460405530156,1.0,0.17182047262385086,0.0,0.7277732636477496,0.12598167520922585,0.0,0.14624505268560872,,,,,,,,,,,,,,,,,,,,,,,,,,,,,,,,,,,,
950,5.620704927387093e-07,5.620704927387093e-07,1.0,8.850461212364403,4.681920863486625,3.2383271101358773,3.2383271101358773,3.2983496897929423,0.0,0.0,0.3118743582351788,1.676332576854809,0.09094772044871305,1.6861766898954236,0.08258463502735705,0.014701559806141901,0.0,0.9836377002097465,0.0,0.0,0.0,2.5040837816289954,165.81230390394057,13.22397232055664,134.08010864257812,373.11065673828125,1.0161657333374023,0.7294585704803467,0.25,4.0,0.5606581568717957,0.4775395095348358,0.1523607615712879,0.006808731808731809,4.907428240453875,4.15958238211838,0.1523905845776216,1.0,0.672912452671979,0.1657973914533048,1.0,0.17223453159267837,0.0,0.7277233713382,0.12577721959835775,0.0,0.14649940382789922,86.65796317635002,126.85094295236102,0.22774933668943828,11.840573153652988,86.65796116722518,103.70435138042923,121.65754924685578,154.1324825577042,30.33985791887556,66.69871408625167,151.20078642471978,0.4894151792126985,0.6753839541904401,0.5460324020585706,0.5090451430002245,0.0,0.6044312861039295,0.7054785638034541,0.7308001484483627,0.6351337121684595,0.87307170862189,0.964548752335935,0.9901615917335386,0.37307170862189,0.1645487523359349,0.040161591733538615,0.006265801912718479,0.01731340002198527,0.6153846153846154,0.38461538461538464,0.9844322344322344,1.004129410281286,0.9781127112743618,0.9682909637525842,-7.992690086364746,0.0003378667461220175
951,5.596652787871272e-07,5.596652787871272e-07,1.0,8.843773764532965,4.693865363662307,3.221461869574882,3.221461869574882,3.27677414868329,0.0,0.0,0.31174265774520665,1.6728872930681384,0.08985239287485948,1.6802475742391638,0.0835114953082961,0.014356338812315182,0.0,0.9810761406614974,0.0,0.0,0.0,2.503018762614276,165.1752657503695,13.095459938049316,132.51803588867188,374.5709533691406,1.0147759914398193,0.7318219542503357,0.25,4.0,0.559039294719696,0.47995468974113464,0.15471878761352445,0.007484407484407485,4.054013024310808,3.447245847937223,0.14967075160710333,1.0,0.6706860355428748,0.1663936147013226,1.0,0.17236037109349225,0.0,0.7264652397181537,0.12665011935137413,0.0,0.14688464636738235,,,,,,,,,,,,,,,,,,,,,,,,,,,,,,,,,,,,
952,5.573072964541147e-07,5.573072964541147e-07,1.0,8.809913635253906,4.6813043001535775,3.1912723683022164,3.1912723683022164,3.2487087314193315,0.0,0.0,0.3124218945567672,1.6792588781666111,0.08865309969798939,1.71108717209584,0.086355993473852,0.016463494280705582,0.0,0.970881784284437,0.0,0.0,0.0,2.6270877380628845,162.69287274334883,12.69255542755127,128.44088745117188,371.6560363769531,1.0150078535079956,0.7374393343925476,0.25,4.0,0.5589947700500488,0.48396316170692444,0.1609886201991465,0.006868913447860816,6.044129845258352,4.828610868872823,0.20110735664276133,1.0,0.6703903497876348,0.1673102282189034,1.0,0.1728292087445388,0.0,0.7263895643723978,0.12682887066054988,0.0,0.1467815675848239,,,,,,,,,,,,,,,,,,,,,,,,,,,,,,,,,,,,
953,5.549965694845286e-07,5.549965694845286e-07,1.0,8.800440620731663,4.662625428792593,3.2062746254173486,3.2062746254173486,3.2591404914855957,0.0,0.0,0.3104433248171935,1.6845667909931492,0.09012539523678857,1.6811394240405109,0.08688007657592361,0.015282850605561523,0.0,0.9686500752294386,0.0,0.0,0.0,2.582131540453112,164.22296142578125,12.842171669006348,131.4867706298828,371.6560363769531,1.0160298347473145,0.7257025837898254,0.25,4.0,0.5584145784378052,0.4757094383239746,0.14941733231206916,0.006581682897472371,3.9890456699036263,3.4239061861424833,0.14167285374168115,1.0,0.6695710597811518,0.16755406075232737,1.0,0.17315481804512642,0.0,0.7232361178140383,0.12828540540224798,0.0,0.14847847799191605,,,,,,,,,,,,,,,,,,,,,,,,,,,,,,,,,,,,
954,5.527331211473634e-07,5.527331211473634e-07,1.0,9.021901027576343,4.883073503906663,3.2105459586994067,3.2105459586994067,3.2592571297207393,0.0,0.0,0.3117344194167369,1.6647546677976042,0.09118881076574326,1.6891084941657815,0.08198292936022217,0.01391109890254164,0.0,0.9888950940724965,0.0,0.0,0.0,2.44500597103222,169.14836656725083,13.406009674072266,138.33627319335938,380.4695739746094,1.015230655670166,0.7295595407485962,0.25,4.0,0.5605010390281677,0.4736502170562744,0.1494228033701718,0.006239741766057555,3.416456892683699,2.9604075164408297,0.13348606189631534,1.0,0.672705893580978,0.1658462120874508,1.0,0.17210420160680204,0.0,0.7292647313427281,0.1250105498207582,0.0,0.14572471662147626,,,,,,,,,,,,,,,,,,,,,,,,,,,,,,,,,,,,
955,5.505169742355188e-07,5.505169742355188e-07,1.0,8.861233453492861,4.691781237318709,3.232584843764434,3.232584843764434,3.29827745540722,0.0,0.0,0.31195121842461665,1.696980721241719,0.09054155144337062,1.6907637924761385,0.08498070842108212,0.01769118953647243,0.0,0.9828933719042185,0.0,0.0,0.0,2.578315966838115,165.00049034324852,13.069908142089844,130.46353149414062,376.0370178222656,1.0148110389709473,0.7240286469459534,0.25,4.0,0.5573559403419495,0.4697284400463104,0.15111336032388664,0.005870445344129555,6.41633500279607,5.846087707055582,0.08887430215099267,1.0,0.6680905255111488,0.16790859079038775,1.0,0.17388347918922836,0.0,0.7247844725041777,0.12762716654184703,0.0,0.14758835712800156,86.81153494447142,125.42883965582756,0.22810962668576473,15.248361084487412,86.81153651736987,104.76306876495876,122.24043746205825,155.39045253317857,26.328355516706193,67.45771369638369,150.29034357485563,0.4902024256817797,0.6744825143706427,0.5453431075411592,0.5091718010930382,0.0,0.6038821534312544,0.7037066791789067,0.7298518302539632,0.6350941441104577,0.8740060825913305,0.9645670733941593,0.9899783811512953,0.3740060825913305,0.1645670733941592,0.03997838115129537,0.007255139056831923,0.018321058224323037,0.6318681318681318,0.36813186813186816,0.988095238095238,1.012543255156213,0.9860111172873895,0.9759801260226375,-7.992679119110107,0.0003378704423084855
956,5.483481510655699e-07,5.483481510655699e-07,1.0,8.857362515217549,4.724558276099128,3.2006631284146696,3.2006631284146696,3.252883563170562,0.0,0.0,0.3101699626123583,1.6905467574660842,0.09115074172213271,1.6825062423139006,0.08392151586107306,0.015944511371639533,0.0,0.9795632604006175,0.0,0.0,0.0,2.5405586313556983,166.1560386451515,13.27573013305664,133.0366973876953,376.0370178222656,1.0148717164993286,0.7249897122383118,0.25,4.0,0.558046281337738,0.46813663840293884,0.14959514170040486,0.005974395448079659,4.188706892567712,3.594433968937075,0.1418750318111523,1.0,0.6690316619099798,0.16761103675172134,1.0,0.1741883863468428,0.0,0.7258678980775781,0.12669977102730726,0.0,0.14743233129784866,,,,,,,,,,,,,,,,,,,,,,,,,,,,,,,,,,,,
957,5.462266734775409e-07,5.462266734775409e-07,1.0,8.812438062719396,4.664394700849378,3.2196778993348816,3.2196778993348816,3.2692382077913025,0.0,0.0,0.31200238740121994,1.6772126442677266,0.09065254858216724,1.6753865512641701,0.08236293927640528,0.014175839583716682,0.0,0.9894284316011377,0.0,0.0,0.0,2.4862512253426217,168.06576909245672,13.249826431274414,136.1915740966797,378.98626708984375,1.0158240795135498,0.7258114218711853,0.25,4.0,0.5603400468826294,0.46978509426116943,0.14925046503993872,0.0057692307692307696,3.7842264159305676,3.230319191072438,0.14637264369973485,1.0,0.672383772360312,0.16626347077859416,1.0,0.17244716310823285,0.0,0.7280313565924361,0.12569102020682515,0.0,0.14627763085268639,,,,,,,,,,,,,,,,,,,,,,,,,,,,,,,,,,,,
958,5.441525628346889e-07,5.441525628346889e-07,1.0,8.78838907705771,4.613950200982996,3.2544101766637854,3.2544101766637854,3.322327001674755,0.0,0.0,0.31175643608376785,1.6573235473117314,0.09017889624511874,1.6563835820636235,0.08215917989208892,0.014032893782682918,0.0,0.9841348528862,0.0,0.0,0.0,2.486545704506539,167.83835869866448,13.27573013305664,136.1915740966797,378.98626708984375,1.0170999765396118,0.7211410999298096,0.25,4.0,0.5624305605888367,0.4760485589504242,0.1511106247948353,0.0058294124083597765,4.316032263072762,3.7284667371092617,0.13613557317228853,1.0,0.6754403903677657,0.1648137899669441,1.0,0.17184716906096484,0.0,0.7279162600233748,0.12576301577123436,0.0,0.14632072098351814,,,,,,,,,,,,,,,,,,,,,,,,,,,,,,,,,,,,
959,5.421258400232848e-07,5.421258400232848e-07,1.0,8.94204196414432,4.788332049911086,3.2189621603166736,3.2189621603166736,3.276970992217193,0.0,0.0,0.3120430579056611,1.6901121783900905,0.0904145043443989,1.6906771853163436,0.083689909025624,0.01778669109744196,0.0,0.9802794037638484,0.0,0.0,0.0,2.5899880963402824,166.445729642301,13.095459938049316,134.08010864257812,377.5087585449219,1.014105200767517,0.7266237139701843,0.25,4.0,0.557455837726593,0.47492924332618713,0.14826293905241272,0.007178028230659809,4.7988537082801,4.140598707907909,0.13716921589762487,1.0,0.6682362814207334,0.16787165564459725,1.0,0.17371020123765274,0.0,0.7240463108629793,0.12794945107118502,0.0,0.1480042390726708,,,,,,,,,,,,,,,,,,,,,,,,,,,,,,,,,,,,
960,5.401465254524037e-07,5.401465254524037e-07,1.0,8.848923580066577,4.677074767447807,3.2350593966406747,3.2350593966406747,3.2996512425912394,0.0,0.0,0.31185655899949977,1.6977150472434792,0.08921949182813232,1.6957562227506895,0.08459100781663044,0.01583176278005782,0.0,0.9714949759277137,0.0,0.0,0.0,2.6118910731496037,164.52309252764726,12.917638778686523,130.46353149414062,376.0370178222656,1.0138427019119263,0.7188817858695984,0.25,4.0,0.555264949798584,0.46661636233329773,0.14956231535178904,0.006018163912900755,4.49969581172273,3.681764402905026,0.18177482279731147,1.0,0.6649834143148886,0.16957471841895902,1.0,0.1744651758187526,0.0,0.7213641920605222,0.12971837154111346,0.0,0.14891742894778381,86.41083759265942,125.44008440169748,0.22788352627706304,13.997378108265636,86.41083464167124,104.26481410362214,121.59242748142012,154.49404178388926,28.572523389543807,67.13115301797556,149.2792617134426,0.4621300232438292,0.6749739169355969,0.5462240077830662,0.5107888169934359,0.0,0.6043304532543673,0.706264201611977,0.736859712791513,0.6347163449203073,0.8738778351837602,0.9645670733941593,0.9901615917335386,0.37387783518376017,0.1645670733941592,0.040161591733538615,0.006723828368326554,0.01826609504965007,0.6318681318681318,0.36813186813186816,0.9826007326007327,1.005811289198451,0.9796395551536109,0.9696555456944874,-7.992595672607422,0.0003378986148163676
961,5.382146390537222e-07,5.382146390537222e-07,1.0,8.81579793466104,4.652684559693208,3.236436534572292,3.236436534572292,3.298631023716282,0.0,0.0,0.30975885971172434,1.674443222380973,0.09048283885459642,1.668690030639236,0.08469262980931513,0.01750921065340171,0.0,0.9830007295350771,0.0,0.0,0.0,2.5708573637781917,166.53650149783573,13.069908142089844,133.0366973876953,380.4695739746094,1.014854907989502,0.7228031754493713,0.25,4.0,0.558684766292572,0.47168028354644775,0.1493489440857862,0.006269832585622059,4.823707760185809,3.810253778824935,0.21009854488403665,1.0,0.6700563350239316,0.16702396080300613,1.0,0.1728793777324058,0.0,0.7255068292488923,0.12732616087069382,0.0,0.14716701269955249,,,,,,,,,,,,,,,,,,,,,,,,,,,,,,,,,,,,
962,5.363302002813152e-07,5.363302002813152e-07,1.0,8.802159670236948,4.640334561064437,3.2289420398505957,3.2289420398505957,3.2897207414781726,0.0,0.0,0.3117070552465078,1.6838372365848437,0.08989708145727983,1.6909936795363556,0.08200969194640985,0.017379386872808274,0.0,0.9892346810650181,0.0,0.0,0.0,2.561861241185987,168.8678811563028,13.095459938049316,136.724609375,381.9587097167969,1.013105034828186,0.7204316258430481,0.25,4.0,0.5600974559783936,0.4745195209980011,0.1459541525330999,0.006220593062698326,4.975685966175956,4.191873648279422,0.1575284942065846,1.0,0.6724320650100708,0.16507265575834223,1.0,0.17085210858164607,0.0,0.7278479643770166,0.12628262409487287,0.0,0.14586940709803556,,,,,,,,,,,,,,,,,,,,,,,,,,,,,,,,,,,,
963,5.344932281114597e-07,5.344932281114597e-07,1.0,8.72045815957559,4.5899029035825984,3.208788150065654,3.208788150065654,3.2646472260758683,0.0,0.0,0.3103560837539467,1.651206593255739,0.08961263721859133,1.6678232598949123,0.08431743347161524,0.016217338122628832,0.0,0.9846127290983457,0.0,0.0,0.0,2.514248293799323,167.99257969211888,13.146714210510254,135.66061401367188,380.4695739746094,1.0143641233444214,0.7296758890151978,0.25,4.0,0.561257004737854,0.4793897569179535,0.1502954371375424,0.006950979319400372,4.93336587419381,4.324619229580905,0.12339377620403719,1.0,0.6739867265160019,0.1648348243655385,1.0,0.17067968925914248,0.0,0.7293641228933592,0.1253359774882729,0.0,0.1452998978060645,,,,,,,,,,,,,,,,,,,,,,,,,,,,,,,,,,,,
964,5.327037410424452e-07,5.327037410424452e-07,1.0,8.824847788424105,4.688189867380503,3.204065954363024,3.204065954363024,3.2538272625691183,0.0,0.0,0.31062695545119207,1.6860858653042767,0.0899217972481573,1.6822723021378387,0.08669752607474455,0.016401261871529592,0.0,0.9761135900342787,0.0,0.0,0.0,2.6246255249590487,164.68743855244404,12.792104721069336,130.46353149414062,376.0370178222656,1.0167139768600464,0.7273712754249573,0.25,4.0,0.5595586895942688,0.47170400619506836,0.1540759382864646,0.005968924389977022,4.769742941534197,4.0707556267042415,0.1465461186059484,1.0,0.6708963110640243,0.16819839662796743,1.0,0.17304330661490158,0.0,0.7256919709411828,0.12755627406610026,0.0,0.14675175982552605,,,,,,,,,,,,,,,,,,,,,,,,,,,,,,,,,,,,
965,5.309617570943865e-07,5.309617570943865e-07,1.0,8.8013324479799,4.656937238332388,3.220995400402997,3.220995400402997,3.2722004748679496,0.0,0.0,0.3135747369882223,1.6554532985429506,0.09036900344732646,1.6745449111268327,0.07998516098470301,0.012276943678640434,0.0,0.9948368265822127,0.0,0.0,0.0,2.38486926620071,170.60580980455552,13.69714641571045,138.33627319335938,384.9544372558594,1.0146820545196533,0.7332414984703064,0.25,4.0,0.5615304112434387,0.4789142906665802,0.15270543823175403,0.006682897472371156,4.3907832922162235,3.8253592578945934,0.12877520858840552,1.0,0.6744304138260919,0.16444917748103272,1.0,0.17063996960987915,0.0,0.7310314001263799,0.12431200050018928,0.0,0.1446566044076069,85.42359645550067,126.8869801835228,0.22157405799408347,7.606415067400251,85.42360060150466,103.1752981309792,121.32937940252033,153.50467301525117,28.294417790004186,64.88269421481347,151.72100166652513,0.47548136249617307,0.6664958761861685,0.5400802688873818,0.4990583169654286,0.0,0.5933939102293819,0.6967876803185493,0.7247538540899582,0.6352813505253497,0.8745740353962845,0.964896852442197,0.9904547286651277,0.37457403539628453,0.16489685244219698,0.04045472866512778,0.005954343922904987,0.01953024806712836,0.6153846153846154,0.38461538461538464,0.9862637362637363,0.9974226948324141,0.9719364967319991,0.9622902380568641,-7.9927496910095215,0.00033784660627134144
966,5.29267293809043e-07,5.29267293809043e-07,1.0,8.835465817838102,4.6501283967817155,3.2512609636461414,3.2512609636461414,3.314248529640404,0.0,0.0,0.3130117252066329,1.689075856595426,0.09078233789753269,1.6800732483734955,0.08672193931163968,0.01740231123954259,0.0,0.9738234539289732,0.0,0.0,0.0,2.5698533670322314,168.04762742326065,13.327689170837402,134.08010864257812,381.9587097167969,1.0145268440246582,0.7128799557685852,0.25,4.0,0.5567448139190674,0.4656059443950653,0.14366177918809497,0.006149469307364044,4.881685457519583,3.983390315158947,0.1840133187968784,1.0,0.6672035906765912,0.16834697409256086,1.0,0.17386184068950447,0.0,0.722429908610679,0.12882057154500806,0.0,0.14874952105251518,,,,,,,,,,,,,,,,,,,,,,,,,,,,,,,,,,,,
967,5.276203682496407e-07,5.276203682496407e-07,1.0,8.868873583303916,4.724140760060903,3.2104829388695793,3.2104829388695793,3.268005235775097,0.0,0.0,0.31108767277485616,1.687931411975139,0.08906583326893884,1.6892750939807377,0.08592448554731705,0.01808945942242202,0.0,0.9736493294303482,0.0,0.0,0.0,2.6364336819262117,164.72330866633234,12.667789459228516,129.95489501953125,377.5087585449219,1.015398621559143,0.7283579707145691,0.25,4.0,0.5582654476165771,0.4755276143550873,0.15028723055038845,0.0067622278148593935,5.069164814175786,4.362052049185778,0.13949295217480115,1.0,0.669207434396486,0.1683448081886446,1.0,0.17289371103853793,0.0,0.7241812219490876,0.12846667802817113,0.0,0.14735209861317197,,,,,,,,,,,,,,,,,,,,,,,,,,,,,,,,,,,,
968,5.260209970007019e-07,5.260209970007019e-07,1.0,8.906331680916452,4.705136170258394,3.264460022385056,3.264460022385056,3.339133269078023,0.0,0.0,0.31238464648659164,1.6958288759798616,0.09082867104459454,1.6870834924079277,0.08593912845527804,0.01692455676950615,0.0,0.9873928411586864,0.0,0.0,0.0,2.5881790116026595,165.9894510217615,13.044405937194824,132.51803588867188,377.5087585449219,1.0150599479675293,0.720196008682251,0.25,4.0,0.5596284866333008,0.4722232222557068,0.15104497209760367,0.0063327497538023855,4.976564575691481,4.2393161424913925,0.148144050375886,1.0,0.6713835919225538,0.16660107672214508,1.0,0.1725799131232339,0.0,0.7261472634367041,0.12699816718294815,0.0,0.14685456676257624,,,,,,,,,,,,,,,,,,,,,,,,,,,,,,,,,,,,
969,5.244691961678771e-07,5.244691961678771e-07,1.0,8.773285195634172,4.621108879914155,3.228047802641585,3.228047802641585,3.2782253059181006,0.0,0.0,0.31316746489421743,1.6572632692955636,0.0897055064906945,1.6728831787367124,0.08112754048527898,0.015376796713098884,0.0,0.9934951518033002,0.0,0.0,0.0,2.484816586649096,168.78898022625899,13.27573013305664,137.25973510742188,380.4695739746094,1.0144367218017578,0.7347962260246277,0.25,4.0,0.561922550201416,0.4804013967514038,0.15451088740562424,0.007514498303971988,4.327710705834466,3.566694403822358,0.1758473136816038,1.0,0.6749320352399671,0.16460742459103866,1.0,0.1699582193348859,0.0,0.7312451762122076,0.12459214817027787,0.0,0.14416267440931216,,,,,,,,,,,,,,,,,,,,,,,,,,,,,,,,,,,,
970,5.22964981377784e-07,5.22964981377784e-07,1.0,8.867305987590068,4.738620951369002,3.1967459433787577,3.1967459433787577,3.2518897314329407,0.0,0.0,0.3104286435488108,1.6685954042383142,0.0895583885344299,1.699830557848956,0.08535679812366898,0.01755182771012187,0.0,0.9754500066911852,0.0,0.0,0.0,2.5478611572368726,167.39699657543287,13.146714210510254,134.08010864257812,380.4695739746094,1.015480399131775,0.7324931025505066,0.25,4.0,0.5609168410301208,0.47966209053993225,0.15233887733887733,0.006778640989167305,4.37561442884239,3.663993775844574,0.1626333088919084,1.0,0.6731502977577416,0.1662974416001423,1.0,0.17179252730833516,0.0,0.7285051055856653,0.12585772996818698,0.0,0.14563716182837616,85.57429045373267,125.11808842738074,0.226416643260573,10.480829406570603,85.57428936736056,103.37188949913084,121.29244928171666,153.90726197296894,30.26312964303153,66.29082494927931,148.06875079611072,0.49004367031105966,0.6647923426013674,0.5405077838564019,0.49954620221845386,0.0,0.5920251905950589,0.6929600524814624,0.7180215177248165,0.636429282175704,0.8740610457660034,0.964548752335935,0.9901066285588656,0.3740610457660034,0.1645487523359349,0.0401066285588656,0.006485654611410355,0.018650837272360853,0.6483516483516484,0.3516483516483517,0.9862637362637363,1.001700490139998,0.9754600469227676,0.9655229093118028,-7.992668151855469,0.00033787416759878397
971,5.215083677778482e-07,5.215083677778482e-07,1.0,8.80739503293424,4.673481013323809,3.2004845722301587,3.2004845722301587,3.2543444117984257,0.0,0.0,0.31094121530249313,1.687581568150907,0.09001955651753657,1.6846097385561145,0.08488709741347544,0.01794501979256401,0.0,0.9876686302391259,0.0,0.0,0.0,2.6314951890223734,167.3926669971363,12.71737003326416,135.1317138671875,378.98626708984375,1.014068841934204,0.7197133302688599,0.25,4.0,0.5612703561782837,0.4718785285949707,0.145628624575993,0.005717255717255718,6.237662837312028,4.839962693485054,0.2240743336536733,1.0,0.6739212790051022,0.16526363065113892,1.0,0.17033039556967244,0.0,0.7289508436177228,0.1258929716171445,0.0,0.14515618315419634,,,,,,,,,,,,,,,,,,,,,,,,,,,,,,,,,,,,
972,5.200993700361527e-07,5.200993700361527e-07,1.0,8.8083567232699,4.670623328234698,3.204045495471439,3.204045495471439,3.256656105453904,0.0,0.0,0.3116176120332769,1.6914972227972906,0.09037289365723326,1.6882656812667847,0.08270182933759045,0.014202539028750884,0.0,0.9881597032418122,0.0,0.0,0.0,2.5492589795911633,165.93628115267367,12.968196868896484,131.4867706298828,378.98626708984375,1.0159231424331665,0.7313244938850403,0.25,4.0,0.559998631477356,0.4730477035045624,0.1548418864208338,0.006204179888390415,3.5417051637494885,3.1297906492207503,0.11630401049325563,1.0,0.6716766985687049,0.16756663652690681,1.0,0.17172551155090332,0.0,0.728708033626144,0.12600732232267792,0.0,0.1452846468703167,,,,,,,,,,,,,,,,,,,,,,,,,,,,,,,,,,,,
973,5.187380023412895e-07,5.187380023412895e-07,1.0,8.816400373304212,4.703739320909655,3.17010743553574,3.17010743553574,3.2168975971840523,0.0,0.0,0.31246428876309784,1.704734154649683,0.09010758170404949,1.709532367216574,0.08585340761252351,0.016959163486152083,0.0,0.9797425930564468,0.0,0.0,0.0,2.60732419748564,165.99438600282411,13.044405937194824,132.0013885498047,378.98626708984375,1.0149261951446533,0.7315847277641296,0.25,4.0,0.5590425729751587,0.47484052181243896,0.1518328044643834,0.006589889484626327,5.464789319682765,4.5199540660188005,0.17289509227023836,1.0,0.6704199459101703,0.16755103098379598,1.0,0.17234731485714783,0.0,0.7273629291637523,0.12652306822506157,0.0,0.14611399918794632,,,,,,,,,,,,,,,,,,,,,,,,,,,,,,,,,,,,
974,5.174242784022162e-07,5.174242784022162e-07,1.0,8.892885620529587,4.732933443945807,3.220569694364393,3.220569694364393,3.2743595613015666,0.0,0.0,0.31164488035279353,1.7080877987114158,0.0904936610242805,1.6915582708410315,0.08568264493668401,0.017190525056542578,0.0,0.9832327543078242,0.0,0.0,0.0,2.6102159925409265,165.66098970980258,13.044405937194824,132.0013885498047,376.0370178222656,1.0149606466293335,0.725915789604187,0.25,4.0,0.5579434037208557,0.4727003276348114,0.14969362074625234,0.0063847248057774374,4.847150636685861,4.1409587940654236,0.14569215928128898,1.0,0.6688883207939766,0.16790438745472883,1.0,0.1730576963038058,0.0,0.7245129652925439,0.12787036758822365,0.0,0.14761666732059942,,,,,,,,,,,,,,,,,,,,,,,,,,,,,,,,,,,,
975,5.161582114481171e-07,5.161582114481171e-07,1.0,8.818414378810573,4.700730865066116,3.1925392666378536,3.1925392666378536,3.232443867502986,0.0,0.0,0.31203710066305623,1.660752618635023,0.09046900896607218,1.6730647022659715,0.08236609550343978,0.015011886317232574,0.0,0.99761229431307,0.0,0.0,0.0,2.4683462800206364,168.35452621047563,13.403454780578613,136.1915740966797,380.4695739746094,1.015675663948059,0.732185423374176,0.25,4.0,0.5637210011482239,0.48124876618385315,0.15402669876354086,0.006310865521391837,5.46176306782542,4.734284400939941,0.1331948416384019,1.0,0.6775418616629936,0.16328490102613294,1.0,0.17017501713456334,0.0,0.7322252553862494,0.12375305975611145,0.0,0.14402169049591632,86.42309348137825,125.0732352113925,0.2280552379676772,13.653941353598794,86.42309315307787,104.43176779330315,121.81718232931225,154.3859915308766,27.295838492257253,67.35512394868127,148.8939381475034,0.5000354573958943,0.6735370489242307,0.5447375618889627,0.5087677768318638,0.0,0.6031783914503749,0.7038896064744313,0.7354294935019211,0.6338637412647432,0.8743358616393683,0.9644937891612619,0.9903264812575574,0.3743358616393683,0.1644937891612619,0.040326481257557445,0.006797112601223847,0.019218790077314866,0.6318681318681318,0.36813186813186816,0.9862637362637363,1.0067712937246311,0.9808981774763746,0.9711104404631552,-7.992691993713379,0.00033786610583774745
976,5.149398142282743e-07,5.149398142282743e-07,1.0,8.821159440117913,4.686822388623212,3.205799321870546,3.205799321870546,3.2563784831279032,0.0,0.0,0.3106934339613528,1.679696985193201,0.09055094803507263,1.678168293592092,0.08119155949837453,0.01609041295769448,0.0,0.9910686289941942,0.0,0.0,0.0,2.5359944008492135,166.3163165530643,13.22397232055664,132.51803588867188,378.98626708984375,1.0153088569641113,0.7333695888519287,0.25,4.0,0.5600644946098328,0.47769588232040405,0.1516221687274319,0.00663912900755006,4.173923840393892,3.579898407330384,0.1423182251948923,1.0,0.6720286543304855,0.16641497450905876,1.0,0.17177134913367195,0.0,0.728324168437236,0.1259197856526117,0.0,0.1457560513470624,,,,,,,,,,,,,,,,,,,,,,,,,,,,,,,,,,,,
977,5.137690990119321e-07,5.137690990119321e-07,1.0,8.802943384325182,4.6413980947958455,3.2330258408108272,3.2330258408108272,3.2892356047759184,0.0,0.0,0.3115457884363226,1.6785684823989868,0.09085030914158435,1.6730790299338263,0.08152782171964645,0.01467333929739087,0.0,1.0073414686563853,0.0,0.0,0.0,2.5013302210214974,168.44771740887617,13.22397232055664,137.25973510742188,378.98626708984375,1.0146318674087524,0.7233186364173889,0.25,4.0,0.5617520809173584,0.473427951335907,0.15001641317430792,0.006009957325746799,3.716845728255607,3.162553887512233,0.14912963336886054,1.0,0.6746659874916077,0.16475766877064835,1.0,0.1701932501148533,0.0,0.7305641867019035,0.12490777369286563,0.0,0.14452803839702863,,,,,,,,,,,,,,,,,,,,,,,,,,,,,,,,,,,,
978,5.126460775881817e-07,5.126460775881817e-07,1.0,8.768522339898187,4.649219757801777,3.1874484371494605,3.1874484371494605,3.2316574277104557,0.0,0.0,0.3113815824727754,1.684600205034823,0.09064273536205292,1.6818724419619586,0.0836146727607057,0.015244308525595713,0.0,0.9942094361459887,0.0,0.0,0.0,2.541225594443244,166.8542014457084,13.198168754577637,133.55738830566406,377.5087585449219,1.0153456926345825,0.7315992116928101,0.25,4.0,0.5602860450744629,0.47300082445144653,0.1519203413940256,0.006953714848451691,4.396211472717491,3.712093464426092,0.15561535484290878,1.0,0.6722939529934445,0.1665677323534682,1.0,0.1714499882749609,0.0,0.7288916127101795,0.12566618399845586,0.0,0.1454422022845294,,,,,,,,,,,,,,,,,,,,,,,,,,,,,,,,,,,,
979,5.115707612658352e-07,5.115707612658352e-07,1.0,8.828597687386178,4.690222598410942,3.200642456879487,3.200642456879487,3.258090032113565,0.0,0.0,0.31168302249264074,1.6874276335174974,0.09009652403560844,1.7002498749140147,0.08735992205706802,0.017628490062732552,0.0,0.9804328051773278,0.0,0.0,0.0,2.611020906551464,166.65693169671135,12.942893028259277,131.4867706298828,380.4695739746094,1.0147182941436768,0.7325199842453003,0.25,4.0,0.5593908429145813,0.4770536422729492,0.15472152314257578,0.006371047160520844,5.306094762441274,4.660778696472581,0.1216178931700404,1.0,0.6709807273503896,0.1672430950644854,1.0,0.1715389292787861,0.0,0.7280562922761247,0.12644190804378405,0.0,0.14550179404181404,,,,,,,,,,,,,,,,,,,,,,,,,,,,,,,,,,,,
980,5.10543160873316e-07,5.10543160873316e-07,1.0,8.866731128177127,4.692314766548775,3.244877293303206,3.244877293303206,3.3085822221395134,0.0,0.0,0.3124597443116678,1.6719747942847174,0.09110846350321898,1.6817277702125344,0.08262401919912647,0.015068013648930434,0.0,0.9977118598448264,0.0,0.0,0.0,2.4860574393659025,169.9833778175148,13.327689170837402,138.33627319335938,383.4536437988281,1.0154647827148438,0.727230966091156,0.25,4.0,0.5632650852203369,0.47444790601730347,0.15229237334500492,0.006485939380676223,4.520274931514585,3.7035990711804985,0.18066951075041077,1.0,0.6768660577567848,0.16384487780364784,1.0,0.1693674720622398,0.0,0.7325271738542093,0.12383941279069798,0.0,0.14363341375782684,87.87100991049965,126.68224983742957,0.22868446069758264,9.832557091346153,87.8710106147762,104.9482808548976,122.70015240696371,155.8530658341624,26.720401218959264,67.76163719236389,153.57021298615828,0.5227780001735302,0.6728253188110173,0.5434294909096704,0.5050502472217447,0.0,0.6017354509702212,0.7034966516223949,0.7219092097750346,0.6366262848621758,0.8741709721153493,0.9639258363563079,0.989960060093071,0.37417097211534933,0.16392583635630786,0.03996006009307107,0.00657725990253197,0.02015316404675534,0.5934065934065934,0.4065934065934066,0.9816849816849816,1.012501489166375,0.9867942036016957,0.9771713954243031,-7.992756366729736,0.0003378443361725658
981,5.095632867585495e-07,5.095632867585495e-07,1.0,8.856162535177695,4.698610988823143,3.2309474751755998,3.2309474751755998,3.292364371789468,0.0,0.0,0.31229379773139954,1.663961326753771,0.08964438555208412,1.6776884214298144,0.08271795158853402,0.015764086280722876,0.0,0.9887819435145404,0.0,0.0,0.0,2.517678492778056,168.2564037426098,12.993551254272461,134.08010864257812,383.4536437988281,1.0151665210723877,0.7312475442886353,0.25,4.0,0.5617446899414062,0.47872474789619446,0.15439052412736623,0.00649141043877886,4.938247195772223,4.023468043353106,0.18524369399779858,1.0,0.6745239689543441,0.16536715666990023,1.0,0.16999413677164027,0.0,0.7307702270714013,0.12507254428960182,0.0,0.14415723387454007,,,,,,,,,,,,,,,,,,,,,,,,,,,,,,,,,,,,
982,5.086311487888564e-07,5.086311487888564e-07,1.0,8.782277133013752,4.636310293867782,3.2154088084762162,3.2154088084762162,3.2727176627597294,0.0,0.0,0.3120531238414146,1.6736914950448114,0.08974383348548734,1.6788820124961235,0.08644882811082376,0.017264976782875287,0.0,0.9845645379375767,0.0,0.0,0.0,2.6242465747369303,167.06930892531938,12.742232322692871,134.08010864257812,380.4695739746094,1.0155154466629028,0.7297050356864929,0.25,4.0,0.5615496635437012,0.4794163107872009,0.15273826458036985,0.006291716818032607,5.18650356257284,4.445145957373284,0.14293976592427035,1.0,0.6741430759429932,0.16593156956337593,1.0,0.1699562616444923,0.0,0.7286816851512806,0.1263621807903857,0.0,0.14495613184329625,,,,,,,,,,,,,,,,,,,,,,,,,,,,,,,,,,,,
983,5.077467563508558e-07,5.077467563508558e-07,1.0,8.783072652043524,4.6452513643213225,3.203653335571289,3.203653335571289,3.256548159831279,0.0,0.0,0.31263791628786036,1.6912848111745473,0.09038465168025042,1.6863318617279466,0.08301271578750095,0.016186621433400827,0.0,0.9870583817765519,0.0,0.0,0.0,2.5692309785533594,168.46907909496412,12.968196868896484,134.60488891601562,383.4536437988281,1.015404224395752,0.7302558422088623,0.25,4.0,0.5600326061248779,0.4739430844783783,0.150798774482985,0.006483203851624904,4.507940257723267,3.9415074172052176,0.12565225094711577,1.0,0.6718717185226647,0.16702178483073776,1.0,0.1712585687637329,0.0,0.7282257547249665,0.1262863753615199,0.0,0.14548787192718401,,,,,,,,,,,,,,,,,,,,,,,,,,,,,,,,,,,,
984,5.069101183503697e-07,5.069101183503697e-07,1.0,9.026037035761652,4.826606943800643,3.2716073667680896,3.2716073667680896,3.330874423722963,0.0,0.0,0.31084446166012736,1.668843971716391,0.08880311109729715,1.6858790017463066,0.08189943785200247,0.01522267600395591,0.0,0.9868507643003721,0.0,0.0,0.0,2.488703779272131,168.875131143106,13.198168754577637,134.60488891601562,383.4536437988281,1.0151336193084717,0.7346115708351135,0.25,4.0,0.5605300068855286,0.4797900319099426,0.1525549841339315,0.007024838603785972,5.866388393414987,5.103363813580693,0.13006717739500304,1.0,0.6727107602196771,0.16628193734465418,1.0,0.17074004178111618,0.0,0.7290998342874888,0.1258533262723201,0.0,0.1450468408497604,,,,,,,,,,,,,,,,,,,,,,,,,,,,,,,,,,,,
985,5.061212432123343e-07,5.061212432123343e-07,1.0,8.739973197112212,4.616424624984329,3.191909854476516,3.191909854476516,3.2332450441412024,0.0,0.0,0.31126670338012075,1.6819230769131635,0.09096477744547096,1.6873303490716058,0.08226497420990789,0.01584873761276941,0.0,0.9909687622173412,0.0,0.0,0.0,2.5440119214960046,166.90497259191565,13.121062278747559,133.0366973876953,380.4695739746094,1.0152517557144165,0.7345201373100281,0.25,4.0,0.5588105320930481,0.4717053472995758,0.1545765401028559,0.006592625013677645,5.07813865107459,4.32898920291179,0.14752441783059075,1.0,0.6700545307752248,0.16796906977086454,1.0,0.1717445278489912,0.0,0.7282208478128588,0.12624775880091899,0.0,0.145531397010829,83.9404068831559,125.6523121580574,0.22038313509845364,2.8302545233087226,83.94040664279875,102.32139178936171,120.27686640594145,153.5238419101433,26.626170567103795,65.07686892960423,145.56206014881963,0.4976249100541837,0.6712638524351555,0.5440313017711108,0.506198012567502,0.0,0.6017054843687581,0.6976496994478226,0.7243435443636099,0.6338842630413196,0.8750137407936682,0.9640174416474295,0.9900333443259682,0.3750137407936682,0.16401744164742948,0.04003334432596828,0.006613902018980616,0.020592869444139093,0.5824175824175825,0.4175824175824176,0.9862637362637363,0.9985960861975021,0.9742147643323783,0.9653127486561681,-7.9927978515625,0.00033783033723011613
986,5.053801388807123e-07,5.053801388807123e-07,1.0,8.813608324205553,4.630500045982567,3.257048671310012,3.257048671310012,3.3310406143600875,0.0,0.0,0.3123027980327606,1.6624752669721037,0.08898267713752953,1.6774439908362724,0.082963946703318,0.014947364924827943,0.0,0.9860441974691443,0.0,0.0,0.0,2.491532670485007,169.1328314703864,13.198168754577637,135.1317138671875,384.9544372558594,1.0158097743988037,0.7302341461181641,0.25,4.0,0.5622897744178772,0.4795883595943451,0.15430025166867273,0.006310865521391837,4.698233957226212,4.0212848218711645,0.1440858717377947,1.0,0.6753588399371585,0.16473500390310544,1.0,0.17026213939125473,0.0,0.7304677334991662,0.12476679964645489,0.0,0.14476547229128914,,,,,,,,,,,,,,,,,,,,,,,,,,,,,,,,,,,,
987,5.046868128184165e-07,5.046868128184165e-07,1.0,8.855432974325645,4.703302512297759,3.2240663734642236,3.2240663734642236,3.2895854292689144,0.0,0.0,0.31055103685404806,1.6660356553825173,0.08902363881871507,1.6765324167303137,0.08848423168465898,0.017597741963392175,0.0,0.9698221023018295,0.0,0.0,0.0,2.574724013740952,167.8195334769584,12.968196868896484,133.55738830566406,383.4536437988281,1.0155779123306274,0.7297969460487366,0.25,4.0,0.5622478127479553,0.4813184142112732,0.15473520078783237,0.0067321369952948905,4.6509465873241425,3.876237018688305,0.166570300064778,1.0,0.6752667555937896,0.164923430697338,1.0,0.1701401939263215,0.0,0.7294966030765224,0.12567125019189473,0.0,0.14483214431517832,,,,,,,,,,,,,,,,,,,,,,,,,,,,,,,,,,,,
988,5.040412720072331e-07,5.040412720072331e-07,1.0,8.78060701731089,4.650144396601497,3.1994443584132837,3.1994443584132837,3.2570523120261528,0.0,0.0,0.31134383742873734,1.6717102688712042,0.08899132383836282,1.6909139768497363,0.08379603418949488,0.017500363026015663,0.0,0.9879887893393233,0.0,0.0,0.0,2.6062836002659155,167.25419245539484,12.767145156860352,132.0013885498047,383.4536437988281,1.015987753868103,0.7388723492622375,0.25,4.0,0.5622361302375793,0.48622995615005493,0.15721085457927564,0.007180763759711128,6.261713731127816,5.284024548691672,0.15613763650291462,1.0,0.6751096135861164,0.16558747879556707,1.0,0.16988046628397865,0.0,0.7297475611841356,0.12590244855429675,0.0,0.14434999328207326,,,,,,,,,,,,,,,,,,,,,,,,,,,,,,,,,,,,
989,5.034435229477505e-07,5.034435229477505e-07,1.0,8.795584420900088,4.676305938411403,3.187755894016575,3.187755894016575,3.2385415128759436,0.0,0.0,0.3115257894670641,1.6640009074597746,0.08975123855713252,1.6922952871064882,0.0863404052483069,0.016823104683410476,0.0,0.9966315788191717,0.0,0.0,0.0,2.52244458005235,168.51197691221495,12.742232322692871,135.1317138671875,383.4536437988281,1.0156306028366089,0.7433444857597351,0.25,4.0,0.5641794800758362,0.4858267307281494,0.1615357260094102,0.008184702921545026,4.703498901547612,4.055053940495929,0.13786438024644218,1.0,0.6781255892805151,0.16362812792932666,1.0,0.16870701192198573,0.0,0.7344808497944394,0.12293540525275308,0.0,0.14258374414733938,,,,,,,,,,,,,,,,,,,,,,,,,,,,,,,,,,,,
990,5.028935716592951e-07,5.028935716592951e-07,1.0,8.774967889528018,4.667439770054173,3.1738828646170125,3.1738828646170125,3.2201834498225033,0.0,0.0,0.31240998248796203,1.6749751245653308,0.09030445423480626,1.6900435943861265,0.08661299742556908,0.015506794474817611,0.0,0.9954733494165782,0.0,0.0,0.0,2.5500023977176562,168.75651364713102,12.942893028259277,134.08010864257812,384.9544372558594,1.0162478685379028,0.7371894717216492,0.25,4.0,0.5645138025283813,0.48165634274482727,0.1558759164022322,0.0066363934784987415,5.9434977834289136,5.218135475306897,0.1220430013693959,1.0,0.6784367126387518,0.16407268071496808,1.0,0.16898946464061737,0.0,0.7334680621688431,0.12370245017715402,0.0,0.14282949228544492,81.83561046306903,124.61504157967664,0.21469215072496708,-4.720708260169396,81.83561137734235,99.87887967987369,118.83858011459799,151.58191376273723,29.902504512241908,62.372728392135265,144.31916543711787,0.4764949405408205,0.6614799306254184,0.538063683035755,0.4945574509083329,0.0,0.5899400569758139,0.6825893524720033,0.7014473540066145,0.6341031647265393,0.8762046095782492,0.9646403576270566,0.9902165549082115,0.3762046095782492,0.16464035762705653,0.04021655490821152,0.005826096515334726,0.021362353889560662,0.5714285714285714,0.42857142857142855,0.9862637362637363,0.9845582047006586,0.9610489696100518,0.9526513192679856,-7.992708206176758,0.0003378606343176216
991,5.023914236798709e-07,5.023914236798709e-07,1.0,8.864379418862832,4.736482800664128,3.1884183368167363,3.1884183368167363,3.2351265855737634,0.0,0.0,0.31268749365935455,1.7021712580242672,0.09076512907002424,1.6998012935793079,0.08463662963461231,0.015470152009731612,0.0,0.9804957847337465,0.0,0.0,0.0,2.5724589115864522,164.84769542797193,12.867278099060059,129.95489501953125,377.5087585449219,1.0170780420303345,0.7311166524887085,0.25,4.0,0.5581102967262268,0.47315046191215515,0.15533701717912243,0.006212386475544371,4.853263478021364,4.19333209943127,0.1359768291127566,1.0,0.6687869767884951,0.16910535620676503,1.0,0.17373690291030988,0.0,0.7245910989271628,0.12793063050186312,0.0,0.14747826956413887,,,,,,,,,,,,,,,,,,,,,,,,,,,,,,,,,,,,
992,5.019370840661013e-07,5.019370840661013e-07,1.0,8.857320991722313,4.705609282931766,3.2160745375865214,3.2160745375865214,3.27416358767329,0.0,0.0,0.31160529159210826,1.6805903589403308,0.08861541586953241,1.6950372683035362,0.08722126202003376,0.020445394216457736,0.0,0.98339875485446,0.0,0.0,0.0,2.621107246424701,167.00116791596284,12.69255542755127,130.97415161132812,384.9544372558594,1.0163071155548096,0.7377972602844238,0.25,4.0,0.5609542727470398,0.4820655286312103,0.15708228471386365,0.006376518218623482,6.410590155704601,5.556632844177452,0.13321040509308446,1.0,0.6730569681605777,0.16704460334133459,1.0,0.1711345403581052,0.0,0.7283841290989438,0.1264340140529581,0.0,0.14518185825766744,,,,,,,,,,,,,,,,,,,,,,,,,,,,,,,,,,,,
993,5.015305573931817e-07,5.015305573931817e-07,1.0,8.76962947845459,4.66549723857158,3.179240478051675,3.179240478051675,3.217769925658767,0.0,0.0,0.31132424199903336,1.657753493334796,0.08912588414308187,1.6821361747947898,0.08251353796269442,0.014393333647702192,0.0,0.9784649997144133,0.0,0.0,0.0,2.4747437915286503,166.79351724160685,13.172416687011719,133.0366973876953,378.98626708984375,1.016619324684143,0.7456926107406616,0.25,4.0,0.5596570372581482,0.4837144911289215,0.1638363059415691,0.007722398511872196,4.99959863682051,4.451713555567974,0.10958581299257318,1.0,0.6711279733760936,0.1678204367289672,1.0,0.17270933695741603,0.0,0.728015973761275,0.1260891999747302,0.0,0.14589483230500608,,,,,,,,,,,,,,,,,,,,,,,,,,,,,,,,,,,,
994,5.011718477548315e-07,5.011718477548315e-07,1.0,8.85766856734817,4.708155180956866,3.2216885347624085,3.2216885347624085,3.2784304747710356,0.0,0.0,0.3121640070064648,1.6687612726881698,0.08999664980817486,1.6745651251560933,0.08516529685742147,0.015173821615659305,0.0,0.9843830724020262,0.0,0.0,0.0,2.5228515927856034,170.3710549844278,13.044405937194824,137.25973510742188,386.46112060546875,1.0154823064804077,0.7247022390365601,0.25,4.0,0.562704861164093,0.4756302535533905,0.15337017179122442,0.00639840245103403,4.251542163861765,3.674631674547453,0.13569440618937476,1.0,0.6759786235319601,0.16444712716179924,1.0,0.16988685847939672,0.0,0.7310218327754253,0.12483663716026254,0.0,0.14414152281509862,,,,,,,,,,,,,,,,,,,,,,,,,,,,,,,,,,,,
995,5.008609587632526e-07,5.008609587632526e-07,1.0,8.806891132045436,4.680648597511086,3.191630930513949,3.191630930513949,3.243876379889411,0.0,0.0,0.3103380654309247,1.6976284078649573,0.0885338992685885,1.6914063756530349,0.08288101006198574,0.015878374084226182,0.0,0.9792001940108634,0.0,0.0,0.0,2.6163135799201758,166.64616559002852,12.842171669006348,131.4867706298828,381.9587097167969,1.0166305303573608,0.733296811580658,0.25,4.0,0.5597600936889648,0.4774321913719177,0.15420177262282525,0.006056461319619215,4.3296727634765,3.7273907645328626,0.13910566267831215,1.0,0.6711608686962643,0.16837387270218618,1.0,0.17212259004244934,0.0,0.7264017591605315,0.12745462357997894,0.0,0.14614362007862813,88.13489853156791,128.6579875870209,0.23159116825851733,16.656813632000933,88.13490030531258,106.45349745146042,123.45887557027046,157.18253559945384,27.61787360055106,68.46558947895848,152.50359510338825,0.5481014499058571,0.6805541297657349,0.5489389814667089,0.5143010538244336,0.0,0.6121853128862992,0.7083044241926116,0.7359587287783994,0.6330811939580195,0.8742442563482467,0.963870873181635,0.9903081601993331,0.37424425634824665,0.16387087318163496,0.04030816019933314,0.007163533765710307,0.020904327433952586,0.6263736263736264,0.37362637362637363,0.9899267399267401,1.024362608381025,0.996762004854915,0.986324089732799,-7.992753028869629,0.0003378455003257841
996,5.005978935490935e-07,5.005978935490935e-07,1.0,8.835138540010195,4.692808254345043,3.2067836039775126,3.2067836039775126,3.2519377244485392,0.0,0.0,0.3114260225682645,1.683646111874967,0.08976315002183656,1.6913325561059487,0.08738185616361129,0.018661474588805356,0.0,0.9874291774388906,0.0,0.0,0.0,2.6075593297545976,167.34594046102987,12.917638778686523,133.0366973876953,381.9587097167969,1.0146129131317139,0.722622275352478,0.25,4.0,0.5610074400901794,0.47524935007095337,0.1504431557063136,0.006089287668235036,8.06624294454987,7.192053781167881,0.108376250181338,1.0,0.6734637118674613,0.16581289893066561,1.0,0.17015803625454773,0.0,0.7284590473046174,0.12648836180970474,0.0,0.14505259148977898,,,,,,,,,,,,,,,,,,,,,,,,,,,,,,,,,,,,
997,5.003826547614181e-07,5.003826547614181e-07,1.0,8.828566035708866,4.6953117525255355,3.2018453430485083,3.2018453430485083,3.2525479986860946,0.0,0.0,0.3118287792076936,1.681652297844758,0.08948103721077377,1.68023761865255,0.08471136711336472,0.01717809492067711,0.0,0.9847204185820915,0.0,0.0,0.0,2.595112700720091,167.17364934972815,12.968196868896484,131.4867706298828,383.4536437988281,1.0153402090072632,0.7297087907791138,0.25,4.0,0.5595373511314392,0.47552797198295593,0.15503337345442608,0.006360105044315571,5.243278262582985,4.507559433176711,0.14031657153435878,1.0,0.6710577897123389,0.1678594348801149,1.0,0.17089327082440658,0.0,0.728053466693775,0.12685466577877869,0.0,0.14509186712471214,,,,,,,,,,,,,,,,,,,,,,,,,,,,,,,,,,,,
998,5.00215244567679e-07,5.00215244567679e-07,1.0,8.867190605885273,4.712035643087851,3.2273925703925057,3.2273925703925057,3.294797555820362,0.0,0.0,0.3103002084268106,1.6670459702208236,0.08908879233373178,1.6806096128515295,0.08516205998288619,0.015624257742200751,0.0,0.984954255658227,0.0,0.0,0.0,2.555940988901499,167.32017372749948,12.892434120178223,131.4867706298828,384.9544372558594,1.0167388916015625,0.7314640283584595,0.25,4.0,0.563108503818512,0.48138904571533203,0.1559224203961046,0.006256154940365467,4.150758247117738,3.589765316731221,0.1351543253033509,1.0,0.6762654765232189,0.16547823073090734,1.0,0.16970006678555463,0.0,0.7300508231730074,0.1257079070484316,0.0,0.14424127219496546,,,,,,,,,,,,,,,,,,,,,,,,,,,,,,,,,,,,
999,5.000956646536941e-07,5.000956646536941e-07,1.0,8.866944081074482,4.723401559365763,3.2152571355974353,3.2152571355974353,3.276770372648497,0.0,0.0,0.30987791676779053,1.6827734773223464,0.08972597484653061,1.6756651175988686,0.08292048505029163,0.015425211466798509,0.0,0.9782427436596638,0.0,0.0,0.0,2.572683695200327,166.22236344620987,13.069908142089844,131.4867706298828,380.4695739746094,1.0162245035171509,0.7364068627357483,0.25,4.0,0.5589062571525574,0.4817486107349396,0.1571616150563519,0.0067540212277054385,4.163515616107631,3.6616563635903434,0.12053737725294364,1.0,0.6699976663331728,0.16860986843302445,1.0,0.17233157600905444,0.0,0.7255707818108637,0.12795120215899236,0.0,0.14647801240553726,,,,,,,,,,,,,,,,,,,,,,,,,,,,,,,,,,,,
1000,5.000239162236325e-07,5.000239162236325e-07,1.0,8.78859298293655,4.640942135372677,3.220000234810082,3.220000234810082,3.2815414570473336,0.0,0.0,0.3117170060003126,1.6506271136773598,0.08944189951226518,1.6886250553904354,0.08590813222769145,0.016170056420378387,0.0,0.99235456537556,0.0,0.0,0.0,2.4988215227384827,168.6895826185072,13.095459938049316,136.724609375,381.9587097167969,1.0151147842407227,0.7385664582252502,0.25,4.0,0.5625683665275574,0.48305633664131165,0.1581518765729292,0.007503556187766714,5.7184494886849375,4.723333983002482,0.17401841314704003,1.0,0.6757994165291658,0.16448021498886314,1.0,0.1698110188181336,0.0,0.7324552407135835,0.1237806232797133,0.0,0.14376413983267708,86.1850412599333,125.57548921069512,0.22812911796167687,9.828054805378338,86.18504209167287,103.57485972089222,121.84940447741356,154.85723184552114,30.37172426496233,66.95973714192708,148.59281191618547,0.49612433915438897,0.6739662899407686,0.5429394768564314,0.5054919434861592,0.0,0.6027220553769674,0.7033830546295529,0.7311246569169647,0.635486774997959,0.8736763035432926,0.9641273679967755,0.9903264812575574,0.3736763035432926,0.1641273679967754,0.040326481257557445,0.0067055073101022315,0.02062951156058774,0.5989010989010989,0.4010989010989011,0.9871794871794871,1.0074528660420532,0.9824240269896748,0.9729706718698963,-7.992793083190918,0.00033783193794079125
