nohup: ignoring input
Unexpected keys (norm_head.num_batches_tracked, classifier.bias, classifier.weight, conv_head.weight, norm_head.bias, norm_head.running_mean, norm_head.running_var, norm_head.weight) found while loading pretrained weights. This may be expected if model is being adapted.
EMA enabled: decay=0.9990

================================================================================
  RMR Training Initialized [Dynamic Architecture Engine]
  Run: rmr_v27_canonical_restored | Parameters: 104,441 / 105,000 budget (99.5% used, +559 headroom)
  Carrier: Stride-4 | Backbone: mobilenetv4_conv_small_050 | Neck: aspp_lite (C=32)
  Geometry: [32, 64, 128] px (Isotropic, overlap=50%) | Pooling: Spatial Average
  Solver: Proximal FIRM RW-SIRT (tau=0.015, mu=3.0) | T=6 | omega=1.0 | Laplacian TV (lambda=0.02) | Adjoint=Radon-Nikodym | Morozov(gamma=0.75) | Weighting=Weighted(SNR) | ScaleRouting=Dynamic(K=3) | TrustRegion(kappa=0.35)
  Heads: Regional=Hurdle-NB (Occupancy Gated) | Density=FineMeasureHead (Temperature-Calibrated Softplus [tau*softplus(z/tau)]) + GatedCurvature
  Supervision: Dual-Depth [0.5 Y0 + 0.5 Y] (Anchored Guidance + End-to-End Solver) -> FLAT_DM16 + [ScaleAln(0.05), Curv(0.5), HardBG(0.15)]
  Training: Epochs: 1000 | Batch Size: 8 | Initial LR: 1.00e-04 | Device: cuda:0
  Output Directory: runs/sha_a/rmr_v27_canonical_restored
================================================================================
[0001/1000] Loss: 24.7892 [cnt: 18.78, alloc(dm16): 3.756, cell: 0.331, reg_nb: 5.931 | h_bce: 0.1733 | curv: 0.0775 | h_bg: 0.0003 | sc_aln: 0.6596] | SolvStr: 0.00 | Disp: 50.0 | W_pred: 1.00 | W_solv: 0.33
[0002/1000] Loss: 24.7679 [cnt: 18.78, alloc(dm16): 3.774, cell: 0.332, reg_nb: 5.827 | h_bce: 0.1732 | curv: 0.0781 | h_bg: 0.0003 | sc_aln: 0.6576] | SolvStr: 0.00 | Disp: 49.9 | W_pred: 1.00 | W_solv: 0.33
[0003/1000] Loss: 24.1918 [cnt: 18.20, alloc(dm16): 3.810, cell: 0.333, reg_nb: 5.688 | h_bce: 0.1732 | curv: 0.0787 | h_bg: 0.0003 | sc_aln: 0.6469] | SolvStr: 0.00 | Disp: 49.7 | W_pred: 1.00 | W_solv: 0.33
[0004/1000] Loss: 25.7913 [cnt: 19.75, alloc(dm16): 3.831, cell: 0.333, reg_nb: 5.838 | h_bce: 0.1731 | curv: 0.0798 | h_bg: 0.0003 | sc_aln: 0.6469] | SolvStr: 0.00 | Disp: 49.6 | W_pred: 1.00 | W_solv: 0.33

============================================================================================
  EPOCH [0005/1000] PERIODIC EVALUATION (182 test samples)
--------------------------------------------------------------------------------------------
  Train Loss    : 24.9063 [cnt: 18.92, alloc(dm16): 3.784, cell: 0.332, reg_nb: 5.756 | h_bce: 0.1730 | curv: 0.0806 | h_bg: 0.0003 | sc_aln: 0.6472]
  Solver / W    : Str: 0.00 | E_red: 0.0% | W_pred: 1.00 (std: 0.01) | W_solv: 0.32
  Val Metrics   : MAE: 250.55 | RMSE: 374.21 | NAE: 0.673 | Bias: -115.35
  GAME Hierarchy: G0: 250.55 | G1: 323.11 | G2: 388.27 | G3: 425.60 | Sparse(<=100): 195.84 | Mod(101-500): 145.75 | Dense(>500): 552.78
  Uncertainty   : Coverage: 50%=73.6%, 80%=78.3%, 95%=83.1% | Median Disp: 49.3
  Checkpoint    : Current Val MAE: 250.55 | Best Val MAE: inf (Solver ramping: epoch 5/25)
============================================================================================

[0006/1000] Loss: 24.7533 [cnt: 18.75, alloc(dm16): 3.767, cell: 0.335, reg_nb: 5.833 | h_bce: 0.1728 | curv: 0.0800 | h_bg: 0.0002 | sc_aln: 0.6371] | SolvStr: 0.05 | Disp: 48.9 | W_pred: 1.00 | W_solv: 0.33
[0007/1000] Loss: 25.3529 [cnt: 19.37, alloc(dm16): 3.812, cell: 0.332, reg_nb: 5.769 | h_bce: 0.1727 | curv: 0.0796 | h_bg: 0.0002 | sc_aln: 0.6516] | SolvStr: 0.10 | Disp: 48.3 | W_pred: 1.00 | W_solv: 0.33
[0008/1000] Loss: 26.2606 [cnt: 20.26, alloc(dm16): 3.774, cell: 0.335, reg_nb: 5.923 | h_bce: 0.1725 | curv: 0.0777 | h_bg: 0.0002 | sc_aln: 0.6742] | SolvStr: 0.15 | Disp: 47.3 | W_pred: 1.00 | W_solv: 0.35
[0009/1000] Loss: 25.7952 [cnt: 19.85, alloc(dm16): 3.795, cell: 0.334, reg_nb: 5.691 | h_bce: 0.1724 | curv: 0.0774 | h_bg: 0.0002 | sc_aln: 0.6985] | SolvStr: 0.20 | Disp: 45.4 | W_pred: 1.00 | W_solv: 0.37

============================================================================================
  EPOCH [0010/1000] PERIODIC EVALUATION (182 test samples)
--------------------------------------------------------------------------------------------
  Train Loss    : 23.6685 [cnt: 17.92, alloc(dm16): 3.778, cell: 0.332, reg_nb: 5.237 | h_bce: 0.1722 | curv: 0.0755 | h_bg: 0.0003 | sc_aln: 0.7208]
  Solver / W    : Str: 0.25 | E_red: 75.2% | W_pred: 1.00 (std: 0.08) | W_solv: 0.38
  Val Metrics   : MAE: 250.53 | RMSE: 373.87 | NAE: 0.675 | Bias: -113.92
  GAME Hierarchy: G0: 250.53 | G1: 323.32 | G2: 388.65 | G3: 426.10 | Sparse(<=100): 196.82 | Mod(101-500): 146.28 | Dense(>500): 551.07
  Uncertainty   : Coverage: 50%=72.3%, 80%=77.0%, 95%=83.2% | Median Disp: 42.9
  Checkpoint    : Current Val MAE: 250.53 | Best Val MAE: inf (Solver ramping: epoch 10/25)
============================================================================================

[0011/1000] Loss: 22.4128 [cnt: 16.84, alloc(dm16): 3.776, cell: 0.332, reg_nb: 4.782 | h_bce: 0.1708 | curv: 0.0754 | h_bg: 0.0003 | sc_aln: 0.7264] | SolvStr: 0.30 | Disp: 41.0 | W_pred: 1.00 | W_solv: 0.38
[0012/1000] Loss: 21.6335 [cnt: 16.20, alloc(dm16): 3.696, cell: 0.334, reg_nb: 4.603 | h_bce: 0.1679 | curv: 0.0772 | h_bg: 0.0004 | sc_aln: 0.7395] | SolvStr: 0.35 | Disp: 39.6 | W_pred: 1.00 | W_solv: 0.39
[0013/1000] Loss: 20.4291 [cnt: 15.08, alloc(dm16): 3.771, cell: 0.332, reg_nb: 4.125 | h_bce: 0.1648 | curv: 0.0747 | h_bg: 0.0005 | sc_aln: 0.7447] | SolvStr: 0.40 | Disp: 39.9 | W_pred: 1.00 | W_solv: 0.39
[0014/1000] Loss: 20.8258 [cnt: 15.49, alloc(dm16): 3.730, cell: 0.333, reg_nb: 4.154 | h_bce: 0.1621 | curv: 0.0781 | h_bg: 0.0005 | sc_aln: 0.7501] | SolvStr: 0.45 | Disp: 40.4 | W_pred: 1.00 | W_solv: 0.39

============================================================================================
  EPOCH [0015/1000] PERIODIC EVALUATION (182 test samples)
--------------------------------------------------------------------------------------------
  Train Loss    : 18.5947 [cnt: 13.35, alloc(dm16): 3.713, cell: 0.334, reg_nb: 3.856 | h_bce: 0.1597 | curv: 0.0789 | h_bg: 0.0006 | sc_aln: 0.7635]
  Solver / W    : Str: 0.50 | E_red: 66.3% | W_pred: 1.00 (std: 0.28) | W_solv: 0.39
  Val Metrics   : MAE: 250.33 | RMSE: 373.30 | NAE: 0.677 | Bias: -112.48
  GAME Hierarchy: G0: 250.33 | G1: 323.16 | G2: 388.64 | G3: 426.20 | Sparse(<=100): 197.71 | Mod(101-500): 146.65 | Dense(>500): 549.09
  Uncertainty   : Coverage: 50%=71.7%, 80%=75.8%, 95%=83.2% | Median Disp: 40.6
  Checkpoint    : Current Val MAE: 250.33 | Best Val MAE: inf (Solver ramping: epoch 15/25)
============================================================================================

[0016/1000] Loss: 18.0401 [cnt: 12.84, alloc(dm16): 3.709, cell: 0.334, reg_nb: 3.674 | h_bce: 0.1578 | curv: 0.0794 | h_bg: 0.0007 | sc_aln: 0.7745] | SolvStr: 0.55 | Disp: 41.5 | W_pred: 1.00 | W_solv: 0.39
[0017/1000] Loss: 18.1298 [cnt: 12.95, alloc(dm16): 3.730, cell: 0.332, reg_nb: 3.561 | h_bce: 0.1567 | curv: 0.0751 | h_bg: 0.0008 | sc_aln: 0.7937] | SolvStr: 0.60 | Disp: 41.1 | W_pred: 1.00 | W_solv: 0.39
[0018/1000] Loss: 17.0593 [cnt: 11.94, alloc(dm16): 3.713, cell: 0.331, reg_nb: 3.415 | h_bce: 0.1545 | curv: 0.0780 | h_bg: 0.0010 | sc_aln: 0.8203] | SolvStr: 0.65 | Disp: 40.0 | W_pred: 1.00 | W_solv: 0.40
[0019/1000] Loss: 15.9141 [cnt: 10.85, alloc(dm16): 3.692, cell: 0.331, reg_nb: 3.275 | h_bce: 0.1532 | curv: 0.0795 | h_bg: 0.0011 | sc_aln: 0.8386] | SolvStr: 0.70 | Disp: 40.7 | W_pred: 1.00 | W_solv: 0.40

============================================================================================
  EPOCH [0020/1000] PERIODIC EVALUATION (182 test samples)
--------------------------------------------------------------------------------------------
  Train Loss    : 16.1682 [cnt: 11.12, alloc(dm16): 3.668, cell: 0.331, reg_nb: 3.291 | h_bce: 0.1551 | curv: 0.0799 | h_bg: 0.0013 | sc_aln: 0.8457]
  Solver / W    : Str: 0.75 | E_red: 67.1% | W_pred: 1.00 (std: 0.38) | W_solv: 0.40
  Val Metrics   : MAE: 249.40 | RMSE: 372.83 | NAE: 0.670 | Bias: -115.13
  GAME Hierarchy: G0: 249.40 | G1: 321.40 | G2: 386.39 | G3: 423.79 | Sparse(<=100): 194.61 | Mod(101-500): 144.79 | Dense(>500): 551.08
  Uncertainty   : Coverage: 50%=72.3%, 80%=76.7%, 95%=83.5% | Median Disp: 41.0
  Checkpoint    : Current Val MAE: 249.40 | Best Val MAE: inf (Solver ramping: epoch 20/25)
============================================================================================

[0021/1000] Loss: 16.6523 [cnt: 11.62, alloc(dm16): 3.660, cell: 0.329, reg_nb: 3.272 | h_bce: 0.1513 | curv: 0.0783 | h_bg: 0.0015 | sc_aln: 0.8656] | SolvStr: 0.80 | Disp: 40.0 | W_pred: 1.00 | W_solv: 0.41
[0022/1000] Loss: 14.9236 [cnt: 9.96, alloc(dm16): 3.652, cell: 0.331, reg_nb: 3.051 | h_bce: 0.1501 | curv: 0.0779 | h_bg: 0.0018 | sc_aln: 0.8901] | SolvStr: 0.85 | Disp: 39.0 | W_pred: 1.00 | W_solv: 0.41
[0023/1000] Loss: 15.8401 [cnt: 10.89, alloc(dm16): 3.621, cell: 0.328, reg_nb: 3.160 | h_bce: 0.1517 | curv: 0.0798 | h_bg: 0.0020 | sc_aln: 0.8972] | SolvStr: 0.90 | Disp: 37.5 | W_pred: 1.00 | W_solv: 0.41
[0024/1000] Loss: 15.6798 [cnt: 10.67, alloc(dm16): 3.664, cell: 0.330, reg_nb: 3.204 | h_bce: 0.1513 | curv: 0.0789 | h_bg: 0.0021 | sc_aln: 0.9091] | SolvStr: 0.95 | Disp: 36.2 | W_pred: 1.00 | W_solv: 0.41

============================================================================================
  EPOCH [0025/1000] PERIODIC EVALUATION (182 test samples)
--------------------------------------------------------------------------------------------
  Train Loss    : 15.6692 [cnt: 10.65, alloc(dm16): 3.680, cell: 0.329, reg_nb: 3.224 | h_bce: 0.1519 | curv: 0.0786 | h_bg: 0.0024 | sc_aln: 0.9360]
  Solver / W    : Str: 1.00 | E_red: 54.4% | W_pred: 1.00 (std: 0.33) | W_solv: 0.42
  Val Metrics   : MAE: 246.40 | RMSE: 369.97 | NAE: 0.654 | Bias: -118.71
  GAME Hierarchy: G0: 246.40 | G1: 316.93 | G2: 381.08 | G3: 418.06 | Sparse(<=100): 189.04 | Mod(101-500): 140.82 | Dense(>500): 551.22
  Uncertainty   : Coverage: 50%=73.0%, 80%=79.2%, 95%=85.9% | Median Disp: 34.7
  Checkpoint    : Current Val MAE: 246.40 | Best Val MAE: 246.40 >>> [NEW BEST CHECKPOINT SAVED] <<<
============================================================================================

[0026/1000] Loss: 15.0244 [cnt: 10.04, alloc(dm16): 3.662, cell: 0.327, reg_nb: 3.148 | h_bce: 0.1504 | curv: 0.0759 | h_bg: 0.0026 | sc_aln: 0.9580] | SolvStr: 1.00 | Disp: 34.0 | W_pred: 1.00 | W_solv: 0.42
[0027/1000] Loss: 15.7773 [cnt: 10.78, alloc(dm16): 3.669, cell: 0.329, reg_nb: 3.153 | h_bce: 0.1513 | curv: 0.0817 | h_bg: 0.0027 | sc_aln: 0.9622] | SolvStr: 1.00 | Disp: 33.6 | W_pred: 1.00 | W_solv: 0.42
[0028/1000] Loss: 15.4384 [cnt: 10.46, alloc(dm16): 3.667, cell: 0.328, reg_nb: 3.110 | h_bce: 0.1485 | curv: 0.0800 | h_bg: 0.0031 | sc_aln: 0.9886] | SolvStr: 1.00 | Disp: 33.1 | W_pred: 1.00 | W_solv: 0.43
[0029/1000] Loss: 15.1049 [cnt: 10.16, alloc(dm16): 3.637, cell: 0.327, reg_nb: 3.073 | h_bce: 0.1483 | curv: 0.0790 | h_bg: 0.0033 | sc_aln: 1.0128] | SolvStr: 1.00 | Disp: 32.0 | W_pred: 1.00 | W_solv: 0.43

============================================================================================
  EPOCH [0030/1000] PERIODIC EVALUATION (182 test samples)
--------------------------------------------------------------------------------------------
  Train Loss    : 14.9919 [cnt: 10.09, alloc(dm16): 3.600, cell: 0.328, reg_nb: 3.038 | h_bce: 0.1479 | curv: 0.0781 | h_bg: 0.0030 | sc_aln: 1.0282]
  Solver / W    : Str: 1.00 | E_red: 48.3% | W_pred: 1.00 (std: 0.34) | W_solv: 0.43
  Val Metrics   : MAE: 241.67 | RMSE: 365.04 | NAE: 0.631 | Bias: -124.14
  GAME Hierarchy: G0: 241.67 | G1: 309.47 | G2: 372.79 | G3: 409.13 | Sparse(<=100): 180.71 | Mod(101-500): 135.02 | Dense(>500): 550.01
  Uncertainty   : Coverage: 50%=73.5%, 80%=80.9%, 95%=88.0% | Median Disp: 31.5
  Checkpoint    : Current Val MAE: 241.67 | Best Val MAE: 241.67 >>> [NEW BEST CHECKPOINT SAVED] <<<
============================================================================================

[0031/1000] Loss: 14.6004 [cnt: 9.67, alloc(dm16): 3.651, cell: 0.325, reg_nb: 2.980 | h_bce: 0.1467 | curv: 0.0770 | h_bg: 0.0035 | sc_aln: 1.0441] | SolvStr: 1.00 | Disp: 30.7 | W_pred: 1.00 | W_solv: 0.44
[0032/1000] Loss: 14.3614 [cnt: 9.44, alloc(dm16): 3.654, cell: 0.326, reg_nb: 2.946 | h_bce: 0.1478 | curv: 0.0791 | h_bg: 0.0039 | sc_aln: 1.0721] | SolvStr: 1.00 | Disp: 29.9 | W_pred: 1.00 | W_solv: 0.44
[0033/1000] Loss: 14.4315 [cnt: 9.50, alloc(dm16): 3.663, cell: 0.327, reg_nb: 2.924 | h_bce: 0.1462 | curv: 0.0792 | h_bg: 0.0037 | sc_aln: 1.0881] | SolvStr: 1.00 | Disp: 29.1 | W_pred: 1.00 | W_solv: 0.44
[0034/1000] Loss: 14.1948 [cnt: 9.29, alloc(dm16): 3.657, cell: 0.326, reg_nb: 2.851 | h_bce: 0.1451 | curv: 0.0799 | h_bg: 0.0042 | sc_aln: 1.0963] | SolvStr: 1.00 | Disp: 28.4 | W_pred: 1.00 | W_solv: 0.44

============================================================================================
  EPOCH [0035/1000] PERIODIC EVALUATION (182 test samples)
--------------------------------------------------------------------------------------------
  Train Loss    : 13.2566 [cnt: 8.39, alloc(dm16): 3.629, cell: 0.327, reg_nb: 2.830 | h_bce: 0.1466 | curv: 0.0824 | h_bg: 0.0049 | sc_aln: 1.1093]
  Solver / W    : Str: 1.00 | E_red: 43.8% | W_pred: 1.00 (std: 0.36) | W_solv: 0.45
  Val Metrics   : MAE: 230.52 | RMSE: 351.63 | NAE: 0.597 | Bias: -121.42
  GAME Hierarchy: G0: 230.52 | G1: 296.08 | G2: 358.65 | G3: 394.88 | Sparse(<=100): 173.01 | Mod(101-500): 126.74 | Dense(>500): 530.31
  Uncertainty   : Coverage: 50%=73.6%, 80%=81.7%, 95%=89.1% | Median Disp: 27.6
  Checkpoint    : Current Val MAE: 230.52 | Best Val MAE: 230.52 >>> [NEW BEST CHECKPOINT SAVED] <<<
============================================================================================

[0036/1000] Loss: 14.7677 [cnt: 9.87, alloc(dm16): 3.632, cell: 0.324, reg_nb: 2.882 | h_bce: 0.1438 | curv: 0.0800 | h_bg: 0.0049 | sc_aln: 1.1340] | SolvStr: 1.00 | Disp: 26.6 | W_pred: 1.00 | W_solv: 0.45
[0037/1000] Loss: 14.2619 [cnt: 9.37, alloc(dm16): 3.649, cell: 0.323, reg_nb: 2.826 | h_bce: 0.1443 | curv: 0.0803 | h_bg: 0.0056 | sc_aln: 1.1446] | SolvStr: 1.00 | Disp: 25.9 | W_pred: 1.00 | W_solv: 0.45
[0038/1000] Loss: 14.1316 [cnt: 9.25, alloc(dm16): 3.661, cell: 0.329, reg_nb: 2.716 | h_bce: 0.1421 | curv: 0.0812 | h_bg: 0.0048 | sc_aln: 1.1521] | SolvStr: 1.00 | Disp: 25.4 | W_pred: 1.00 | W_solv: 0.45
[0039/1000] Loss: 14.0980 [cnt: 9.24, alloc(dm16): 3.635, cell: 0.323, reg_nb: 2.744 | h_bce: 0.1439 | curv: 0.0812 | h_bg: 0.0056 | sc_aln: 1.1723] | SolvStr: 1.00 | Disp: 24.5 | W_pred: 1.00 | W_solv: 0.46

============================================================================================
  EPOCH [0040/1000] PERIODIC EVALUATION (182 test samples)
--------------------------------------------------------------------------------------------
  Train Loss    : 14.2132 [cnt: 9.30, alloc(dm16): 3.686, cell: 0.326, reg_nb: 2.748 | h_bce: 0.1427 | curv: 0.0809 | h_bg: 0.0056 | sc_aln: 1.1823]
  Solver / W    : Str: 1.00 | E_red: 37.8% | W_pred: 1.00 (std: 0.39) | W_solv: 0.46
  Val Metrics   : MAE: 223.38 | RMSE: 345.31 | NAE: 0.550 | Bias: -137.19
  GAME Hierarchy: G0: 223.38 | G1: 283.73 | G2: 342.71 | G3: 376.98 | Sparse(<=100): 151.51 | Mod(101-500): 116.21 | Dense(>500): 534.83
  Uncertainty   : Coverage: 50%=73.7%, 80%=82.1%, 95%=90.6% | Median Disp: 23.8
  Checkpoint    : Current Val MAE: 223.38 | Best Val MAE: 223.38 >>> [NEW BEST CHECKPOINT SAVED] <<<
============================================================================================

[0041/1000] Loss: 13.4203 [cnt: 8.58, alloc(dm16): 3.625, cell: 0.325, reg_nb: 2.671 | h_bce: 0.1416 | curv: 0.0811 | h_bg: 0.0060 | sc_aln: 1.1813] | SolvStr: 1.00 | Disp: 22.9 | W_pred: 1.00 | W_solv: 0.46
[0042/1000] Loss: 13.2520 [cnt: 8.37, alloc(dm16): 3.672, cell: 0.323, reg_nb: 2.673 | h_bce: 0.1421 | curv: 0.0840 | h_bg: 0.0075 | sc_aln: 1.1974] | SolvStr: 1.00 | Disp: 21.5 | W_pred: 1.00 | W_solv: 0.47
[0043/1000] Loss: 13.7669 [cnt: 8.89, alloc(dm16): 3.675, cell: 0.323, reg_nb: 2.641 | h_bce: 0.1388 | curv: 0.0827 | h_bg: 0.0076 | sc_aln: 1.2050] | SolvStr: 1.00 | Disp: 20.8 | W_pred: 1.00 | W_solv: 0.47
[0044/1000] Loss: 12.6038 [cnt: 7.75, alloc(dm16): 3.680, cell: 0.322, reg_nb: 2.541 | h_bce: 0.1398 | curv: 0.0813 | h_bg: 0.0076 | sc_aln: 1.2201] | SolvStr: 1.00 | Disp: 20.0 | W_pred: 1.00 | W_solv: 0.47

============================================================================================
  EPOCH [0045/1000] PERIODIC EVALUATION (182 test samples)
--------------------------------------------------------------------------------------------
  Train Loss    : 13.4789 [cnt: 8.65, alloc(dm16): 3.655, cell: 0.323, reg_nb: 2.547 | h_bce: 0.1400 | curv: 0.0807 | h_bg: 0.0075 | sc_aln: 1.2398]
  Solver / W    : Str: 1.00 | E_red: 37.6% | W_pred: 1.00 (std: 0.40) | W_solv: 0.47
  Val Metrics   : MAE: 214.40 | RMSE: 338.47 | NAE: 0.501 | Bias: -149.71
  GAME Hierarchy: G0: 214.40 | G1: 269.94 | G2: 325.63 | G3: 358.48 | Sparse(<=100): 131.02 | Mod(101-500): 105.43 | Dense(>500): 532.69
  Uncertainty   : Coverage: 50%=74.1%, 80%=82.6%, 95%=91.5% | Median Disp: 19.3
  Checkpoint    : Current Val MAE: 214.40 | Best Val MAE: 214.40 >>> [NEW BEST CHECKPOINT SAVED] <<<
============================================================================================

[0046/1000] Loss: 14.4770 [cnt: 9.60, alloc(dm16): 3.656, cell: 0.324, reg_nb: 2.677 | h_bce: 0.1414 | curv: 0.0828 | h_bg: 0.0068 | sc_aln: 1.2587] | SolvStr: 1.00 | Disp: 18.4 | W_pred: 1.00 | W_solv: 0.48
[0047/1000] Loss: 12.6609 [cnt: 7.86, alloc(dm16): 3.623, cell: 0.322, reg_nb: 2.540 | h_bce: 0.1388 | curv: 0.0835 | h_bg: 0.0089 | sc_aln: 1.2555] | SolvStr: 1.00 | Disp: 17.5 | W_pred: 1.00 | W_solv: 0.48
[0048/1000] Loss: 12.9887 [cnt: 8.19, alloc(dm16): 3.618, cell: 0.322, reg_nb: 2.535 | h_bce: 0.1395 | curv: 0.0803 | h_bg: 0.0083 | sc_aln: 1.2804] | SolvStr: 1.00 | Disp: 16.7 | W_pred: 1.00 | W_solv: 0.48
[0049/1000] Loss: 13.6983 [cnt: 8.90, alloc(dm16): 3.617, cell: 0.320, reg_nb: 2.547 | h_bce: 0.1391 | curv: 0.0833 | h_bg: 0.0087 | sc_aln: 1.2837] | SolvStr: 1.00 | Disp: 15.7 | W_pred: 1.00 | W_solv: 0.49

============================================================================================
  EPOCH [0050/1000] PERIODIC EVALUATION (182 test samples)
--------------------------------------------------------------------------------------------
  Train Loss    : 13.1387 [cnt: 8.31, alloc(dm16): 3.657, cell: 0.322, reg_nb: 2.500 | h_bce: 0.1398 | curv: 0.0809 | h_bg: 0.0096 | sc_aln: 1.3006]
  Solver / W    : Str: 1.00 | E_red: 30.8% | W_pred: 1.00 (std: 0.40) | W_solv: 0.49
  Val Metrics   : MAE: 200.34 | RMSE: 321.65 | NAE: 0.446 | Bias: -154.86
  GAME Hierarchy: G0: 200.34 | G1: 250.91 | G2: 301.28 | G3: 332.55 | Sparse(<=100): 110.70 | Mod(101-500): 94.28 | Dense(>500): 511.41
  Uncertainty   : Coverage: 50%=74.8%, 80%=83.8%, 95%=92.8% | Median Disp: 15.1
  Checkpoint    : Current Val MAE: 200.34 | Best Val MAE: 200.34 >>> [NEW BEST CHECKPOINT SAVED] <<<
============================================================================================

[0051/1000] Loss: 12.5500 [cnt: 7.76, alloc(dm16): 3.639, cell: 0.321, reg_nb: 2.431 | h_bce: 0.1380 | curv: 0.0797 | h_bg: 0.0088 | sc_aln: 1.3231] | SolvStr: 1.00 | Disp: 14.4 | W_pred: 1.00 | W_solv: 0.49
[0052/1000] Loss: 12.4291 [cnt: 7.61, alloc(dm16): 3.656, cell: 0.322, reg_nb: 2.446 | h_bce: 0.1382 | curv: 0.0824 | h_bg: 0.0111 | sc_aln: 1.3219] | SolvStr: 1.00 | Disp: 13.7 | W_pred: 1.00 | W_solv: 0.50
[0053/1000] Loss: 12.5475 [cnt: 7.79, alloc(dm16): 3.596, cell: 0.320, reg_nb: 2.443 | h_bce: 0.1361 | curv: 0.0861 | h_bg: 0.0118 | sc_aln: 1.3149] | SolvStr: 1.00 | Disp: 12.8 | W_pred: 1.00 | W_solv: 0.50
[0054/1000] Loss: 12.6857 [cnt: 7.93, alloc(dm16): 3.611, cell: 0.321, reg_nb: 2.397 | h_bce: 0.1354 | curv: 0.0788 | h_bg: 0.0086 | sc_aln: 1.3473] | SolvStr: 1.00 | Disp: 12.2 | W_pred: 1.00 | W_solv: 0.50

============================================================================================
  EPOCH [0055/1000] PERIODIC EVALUATION (182 test samples)
--------------------------------------------------------------------------------------------
  Train Loss    : 12.0516 [cnt: 7.28, alloc(dm16): 3.633, cell: 0.320, reg_nb: 2.372 | h_bce: 0.1372 | curv: 0.0845 | h_bg: 0.0127 | sc_aln: 1.3478]
  Solver / W    : Str: 1.00 | E_red: 35.1% | W_pred: 1.00 (std: 0.39) | W_solv: 0.51
  Val Metrics   : MAE: 189.31 | RMSE: 308.58 | NAE: 0.406 | Bias: -156.90
  GAME Hierarchy: G0: 189.31 | G1: 232.41 | G2: 275.62 | G3: 304.95 | Sparse(<=100): 94.61 | Mod(101-500): 88.10 | Dense(>500): 487.56
  Uncertainty   : Coverage: 50%=75.7%, 80%=85.2%, 95%=93.7% | Median Disp: 11.5
  Checkpoint    : Current Val MAE: 189.31 | Best Val MAE: 189.31 >>> [NEW BEST CHECKPOINT SAVED] <<<
============================================================================================

[0056/1000] Loss: 13.0247 [cnt: 8.25, alloc(dm16): 3.615, cell: 0.318, reg_nb: 2.441 | h_bce: 0.1382 | curv: 0.0853 | h_bg: 0.0119 | sc_aln: 1.3520] | SolvStr: 1.00 | Disp: 10.9 | W_pred: 1.00 | W_solv: 0.51
[0057/1000] Loss: 12.7529 [cnt: 7.98, alloc(dm16): 3.618, cell: 0.321, reg_nb: 2.403 | h_bce: 0.1380 | curv: 0.0850 | h_bg: 0.0111 | sc_aln: 1.3626] | SolvStr: 1.00 | Disp: 10.1 | W_pred: 1.00 | W_solv: 0.51
[0058/1000] Loss: 12.3804 [cnt: 7.61, alloc(dm16): 3.614, cell: 0.320, reg_nb: 2.393 | h_bce: 0.1376 | curv: 0.0831 | h_bg: 0.0118 | sc_aln: 1.3787] | SolvStr: 1.00 | Disp: 9.4 | W_pred: 1.00 | W_solv: 0.52
[0059/1000] Loss: 12.0929 [cnt: 7.36, alloc(dm16): 3.603, cell: 0.318, reg_nb: 2.326 | h_bce: 0.1348 | curv: 0.0824 | h_bg: 0.0116 | sc_aln: 1.4051] | SolvStr: 1.00 | Disp: 8.7 | W_pred: 1.00 | W_solv: 0.52

============================================================================================
  EPOCH [0060/1000] PERIODIC EVALUATION (182 test samples)
--------------------------------------------------------------------------------------------
  Train Loss    : 12.1586 [cnt: 7.39, alloc(dm16): 3.642, cell: 0.324, reg_nb: 2.283 | h_bce: 0.1353 | curv: 0.0833 | h_bg: 0.0111 | sc_aln: 1.4093]
  Solver / W    : Str: 1.00 | E_red: 25.5% | W_pred: 1.00 (std: 0.40) | W_solv: 0.52
  Val Metrics   : MAE: 174.60 | RMSE: 289.21 | NAE: 0.369 | Bias: -150.03
  GAME Hierarchy: G0: 174.60 | G1: 211.93 | G2: 250.58 | G3: 279.83 | Sparse(<=100): 79.61 | Mod(101-500): 82.11 | Dense(>500): 448.44
  Uncertainty   : Coverage: 50%=76.6%, 80%=87.0%, 95%=94.6% | Median Disp: 8.3
  Checkpoint    : Current Val MAE: 174.60 | Best Val MAE: 174.60 >>> [NEW BEST CHECKPOINT SAVED] <<<
============================================================================================

[0061/1000] Loss: 12.3186 [cnt: 7.56, alloc(dm16): 3.612, cell: 0.322, reg_nb: 2.325 | h_bce: 0.1351 | curv: 0.0868 | h_bg: 0.0117 | sc_aln: 1.3950] | SolvStr: 1.00 | Disp: 7.8 | W_pred: 1.00 | W_solv: 0.53
[0062/1000] Loss: 12.6270 [cnt: 7.88, alloc(dm16): 3.607, cell: 0.320, reg_nb: 2.318 | h_bce: 0.1355 | curv: 0.0839 | h_bg: 0.0124 | sc_aln: 1.4236] | SolvStr: 1.00 | Disp: 7.3 | W_pred: 1.00 | W_solv: 0.53
[0063/1000] Loss: 12.7112 [cnt: 7.99, alloc(dm16): 3.603, cell: 0.319, reg_nb: 2.263 | h_bce: 0.1347 | curv: 0.0805 | h_bg: 0.0107 | sc_aln: 1.4286] | SolvStr: 1.00 | Disp: 6.9 | W_pred: 1.00 | W_solv: 0.53
[0064/1000] Loss: 12.0332 [cnt: 7.34, alloc(dm16): 3.563, cell: 0.317, reg_nb: 2.286 | h_bce: 0.1343 | curv: 0.0859 | h_bg: 0.0157 | sc_aln: 1.4186] | SolvStr: 1.00 | Disp: 6.6 | W_pred: 1.00 | W_solv: 0.54

============================================================================================
  EPOCH [0065/1000] PERIODIC EVALUATION (182 test samples)
--------------------------------------------------------------------------------------------
  Train Loss    : 11.9048 [cnt: 7.17, alloc(dm16): 3.624, cell: 0.320, reg_nb: 2.218 | h_bce: 0.1329 | curv: 0.0839 | h_bg: 0.0131 | sc_aln: 1.4435]
  Solver / W    : Str: 1.00 | E_red: 24.3% | W_pred: 1.00 (std: 0.41) | W_solv: 0.54
  Val Metrics   : MAE: 163.49 | RMSE: 275.09 | NAE: 0.344 | Bias: -143.98
  GAME Hierarchy: G0: 163.49 | G1: 197.01 | G2: 230.62 | G3: 260.21 | Sparse(<=100): 63.37 | Mod(101-500): 80.40 | Dense(>500): 411.72
  Uncertainty   : Coverage: 50%=77.4%, 80%=88.4%, 95%=95.2% | Median Disp: 6.1
  Checkpoint    : Current Val MAE: 163.49 | Best Val MAE: 163.49 >>> [NEW BEST CHECKPOINT SAVED] <<<
============================================================================================

[0066/1000] Loss: 12.4959 [cnt: 7.77, alloc(dm16): 3.598, cell: 0.319, reg_nb: 2.281 | h_bce: 0.1344 | curv: 0.0858 | h_bg: 0.0144 | sc_aln: 1.4369] | SolvStr: 1.00 | Disp: 5.6 | W_pred: 1.00 | W_solv: 0.54
[0067/1000] Loss: 11.7357 [cnt: 7.05, alloc(dm16): 3.574, cell: 0.317, reg_nb: 2.211 | h_bce: 0.1329 | curv: 0.0856 | h_bg: 0.0154 | sc_aln: 1.4416] | SolvStr: 1.00 | Disp: 5.3 | W_pred: 1.00 | W_solv: 0.54
[0068/1000] Loss: 12.1632 [cnt: 7.46, alloc(dm16): 3.583, cell: 0.318, reg_nb: 2.241 | h_bce: 0.1336 | curv: 0.0858 | h_bg: 0.0154 | sc_aln: 1.4582] | SolvStr: 1.00 | Disp: 5.0 | W_pred: 1.00 | W_solv: 0.55
[0069/1000] Loss: 12.0454 [cnt: 7.32, alloc(dm16): 3.600, cell: 0.319, reg_nb: 2.216 | h_bce: 0.1352 | curv: 0.0873 | h_bg: 0.0151 | sc_aln: 1.4831] | SolvStr: 1.00 | Disp: 4.7 | W_pred: 1.00 | W_solv: 0.55

============================================================================================
  EPOCH [0070/1000] PERIODIC EVALUATION (182 test samples)
--------------------------------------------------------------------------------------------
  Train Loss    : 11.5675 [cnt: 6.91, alloc(dm16): 3.542, cell: 0.319, reg_nb: 2.193 | h_bce: 0.1328 | curv: 0.0860 | h_bg: 0.0154 | sc_aln: 1.4785]
  Solver / W    : Str: 1.00 | E_red: 23.1% | W_pred: 1.00 (std: 0.42) | W_solv: 0.55
  Val Metrics   : MAE: 136.22 | RMSE: 237.85 | NAE: 0.302 | Bias: -90.65
  GAME Hierarchy: G0: 136.22 | G1: 171.06 | G2: 204.74 | G3: 238.67 | Sparse(<=100): 54.21 | Mod(101-500): 70.77 | Dense(>500): 332.23
  Uncertainty   : Coverage: 50%=77.7%, 80%=89.6%, 95%=95.9% | Median Disp: 4.4
  Checkpoint    : Current Val MAE: 136.22 | Best Val MAE: 136.22 >>> [NEW BEST CHECKPOINT SAVED] <<<
============================================================================================

[0071/1000] Loss: 11.8402 [cnt: 7.19, alloc(dm16): 3.524, cell: 0.319, reg_nb: 2.223 | h_bce: 0.1348 | curv: 0.0894 | h_bg: 0.0169 | sc_aln: 1.4827] | SolvStr: 1.00 | Disp: 4.2 | W_pred: 1.00 | W_solv: 0.56
[0072/1000] Loss: 11.8996 [cnt: 7.19, alloc(dm16): 3.595, cell: 0.320, reg_nb: 2.182 | h_bce: 0.1343 | curv: 0.0863 | h_bg: 0.0160 | sc_aln: 1.5012] | SolvStr: 1.00 | Disp: 3.9 | W_pred: 1.00 | W_solv: 0.56
[0073/1000] Loss: 11.6395 [cnt: 6.98, alloc(dm16): 3.557, cell: 0.317, reg_nb: 2.149 | h_bce: 0.1341 | curv: 0.0856 | h_bg: 0.0156 | sc_aln: 1.5208] | SolvStr: 1.00 | Disp: 3.8 | W_pred: 1.00 | W_solv: 0.56
[0074/1000] Loss: 12.0888 [cnt: 7.37, alloc(dm16): 3.610, cell: 0.319, reg_nb: 2.153 | h_bce: 0.1324 | curv: 0.0855 | h_bg: 0.0166 | sc_aln: 1.5003] | SolvStr: 1.00 | Disp: 3.6 | W_pred: 1.00 | W_solv: 0.56

============================================================================================
  EPOCH [0075/1000] PERIODIC EVALUATION (182 test samples)
--------------------------------------------------------------------------------------------
  Train Loss    : 11.7466 [cnt: 7.07, alloc(dm16): 3.570, cell: 0.318, reg_nb: 2.135 | h_bce: 0.1330 | curv: 0.0877 | h_bg: 0.0163 | sc_aln: 1.5241]
  Solver / W    : Str: 1.00 | E_red: 24.6% | W_pred: 1.00 (std: 0.45) | W_solv: 0.56
  Val Metrics   : MAE: 129.90 | RMSE: 218.41 | NAE: 0.302 | Bias: -50.79
  GAME Hierarchy: G0: 129.90 | G1: 159.96 | G2: 190.86 | G3: 226.89 | Sparse(<=100): 57.43 | Mod(101-500): 73.95 | Dense(>500): 297.84
  Uncertainty   : Coverage: 50%=77.9%, 80%=90.8%, 95%=96.5% | Median Disp: 3.4
  Checkpoint    : Current Val MAE: 129.90 | Best Val MAE: 129.90 >>> [NEW BEST CHECKPOINT SAVED] <<<
============================================================================================

[0076/1000] Loss: 12.3047 [cnt: 7.59, alloc(dm16): 3.616, cell: 0.320, reg_nb: 2.112 | h_bce: 0.1328 | curv: 0.0817 | h_bg: 0.0127 | sc_aln: 1.5260] | SolvStr: 1.00 | Disp: 3.3 | W_pred: 1.00 | W_solv: 0.57
[0077/1000] Loss: 11.7588 [cnt: 7.12, alloc(dm16): 3.524, cell: 0.319, reg_nb: 2.148 | h_bce: 0.1327 | curv: 0.0851 | h_bg: 0.0165 | sc_aln: 1.5095] | SolvStr: 1.00 | Disp: 3.3 | W_pred: 1.00 | W_solv: 0.57
[0078/1000] Loss: 11.5728 [cnt: 6.92, alloc(dm16): 3.538, cell: 0.319, reg_nb: 2.138 | h_bce: 0.1329 | curv: 0.0871 | h_bg: 0.0171 | sc_aln: 1.5230] | SolvStr: 1.00 | Disp: 3.1 | W_pred: 1.00 | W_solv: 0.57
[0079/1000] Loss: 11.4210 [cnt: 6.78, alloc(dm16): 3.524, cell: 0.317, reg_nb: 2.165 | h_bce: 0.1331 | curv: 0.0899 | h_bg: 0.0200 | sc_aln: 1.5059] | SolvStr: 1.00 | Disp: 3.0 | W_pred: 1.00 | W_solv: 0.57

============================================================================================
  EPOCH [0080/1000] PERIODIC EVALUATION (182 test samples)
--------------------------------------------------------------------------------------------
  Train Loss    : 12.0206 [cnt: 7.35, alloc(dm16): 3.566, cell: 0.321, reg_nb: 2.119 | h_bce: 0.1332 | curv: 0.0824 | h_bg: 0.0141 | sc_aln: 1.5522]
  Solver / W    : Str: 1.00 | E_red: 17.0% | W_pred: 1.00 (std: 0.49) | W_solv: 0.57
  Val Metrics   : MAE: 124.67 | RMSE: 210.91 | NAE: 0.289 | Bias: -58.87
  GAME Hierarchy: G0: 124.67 | G1: 152.65 | G2: 182.82 | G3: 217.82 | Sparse(<=100): 57.33 | Mod(101-500): 70.24 | Dense(>500): 287.58
  Uncertainty   : Coverage: 50%=79.5%, 80%=91.9%, 95%=97.1% | Median Disp: 2.9
  Checkpoint    : Current Val MAE: 124.67 | Best Val MAE: 124.67 >>> [NEW BEST CHECKPOINT SAVED] <<<
============================================================================================

[0081/1000] Loss: 11.4759 [cnt: 6.82, alloc(dm16): 3.548, cell: 0.318, reg_nb: 2.130 | h_bce: 0.1335 | curv: 0.0864 | h_bg: 0.0188 | sc_aln: 1.5426] | SolvStr: 1.00 | Disp: 3.0 | W_pred: 1.00 | W_solv: 0.57
[0082/1000] Loss: 11.1867 [cnt: 6.55, alloc(dm16): 3.543, cell: 0.319, reg_nb: 2.084 | h_bce: 0.1328 | curv: 0.0866 | h_bg: 0.0171 | sc_aln: 1.5488] | SolvStr: 1.00 | Disp: 3.0 | W_pred: 1.00 | W_solv: 0.57
[0083/1000] Loss: 11.7063 [cnt: 7.06, alloc(dm16): 3.546, cell: 0.318, reg_nb: 2.105 | h_bce: 0.1320 | curv: 0.0886 | h_bg: 0.0190 | sc_aln: 1.5500] | SolvStr: 1.00 | Disp: 3.2 | W_pred: 1.00 | W_solv: 0.58
[0084/1000] Loss: 11.2978 [cnt: 6.60, alloc(dm16): 3.607, cell: 0.319, reg_nb: 2.069 | h_bce: 0.1326 | curv: 0.0895 | h_bg: 0.0189 | sc_aln: 1.5486] | SolvStr: 1.00 | Disp: 3.2 | W_pred: 1.00 | W_solv: 0.58

============================================================================================
  EPOCH [0085/1000] PERIODIC EVALUATION (182 test samples)
--------------------------------------------------------------------------------------------
  Train Loss    : 11.8822 [cnt: 7.25, alloc(dm16): 3.529, cell: 0.320, reg_nb: 2.087 | h_bce: 0.1326 | curv: 0.0829 | h_bg: 0.0136 | sc_aln: 1.5521]
  Solver / W    : Str: 1.00 | E_red: 22.1% | W_pred: 1.00 (std: 0.52) | W_solv: 0.58
  Val Metrics   : MAE: 131.00 | RMSE: 204.46 | NAE: 0.331 | Bias: -0.88
  GAME Hierarchy: G0: 131.00 | G1: 155.99 | G2: 184.21 | G3: 221.06 | Sparse(<=100): 68.35 | Mod(101-500): 86.61 | Dense(>500): 265.03
  Uncertainty   : Coverage: 50%=79.0%, 80%=92.4%, 95%=97.4% | Median Disp: 3.1
  Checkpoint    : Current Val MAE: 131.00 | Best Val MAE: 124.67
============================================================================================

[0086/1000] Loss: 11.4098 [cnt: 6.76, alloc(dm16): 3.543, cell: 0.318, reg_nb: 2.093 | h_bce: 0.1307 | curv: 0.0885 | h_bg: 0.0186 | sc_aln: 1.5597] | SolvStr: 1.00 | Disp: 3.1 | W_pred: 1.00 | W_solv: 0.58
[0087/1000] Loss: 11.2292 [cnt: 6.59, alloc(dm16): 3.543, cell: 0.319, reg_nb: 2.072 | h_bce: 0.1320 | curv: 0.0885 | h_bg: 0.0203 | sc_aln: 1.5648] | SolvStr: 1.00 | Disp: 3.2 | W_pred: 1.00 | W_solv: 0.58
[0088/1000] Loss: 11.2372 [cnt: 6.63, alloc(dm16): 3.504, cell: 0.318, reg_nb: 2.097 | h_bce: 0.1319 | curv: 0.0884 | h_bg: 0.0202 | sc_aln: 1.5644] | SolvStr: 1.00 | Disp: 3.3 | W_pred: 1.00 | W_solv: 0.58
[0089/1000] Loss: 11.2365 [cnt: 6.61, alloc(dm16): 3.522, cell: 0.320, reg_nb: 2.093 | h_bce: 0.1317 | curv: 0.0885 | h_bg: 0.0193 | sc_aln: 1.5592] | SolvStr: 1.00 | Disp: 3.5 | W_pred: 1.00 | W_solv: 0.58

============================================================================================
  EPOCH [0090/1000] PERIODIC EVALUATION (182 test samples)
--------------------------------------------------------------------------------------------
  Train Loss    : 11.4828 [cnt: 6.85, alloc(dm16): 3.536, cell: 0.319, reg_nb: 2.088 | h_bce: 0.1302 | curv: 0.0848 | h_bg: 0.0172 | sc_aln: 1.5726]
  Solver / W    : Str: 1.00 | E_red: 29.1% | W_pred: 1.00 (std: 0.53) | W_solv: 0.58
  Val Metrics   : MAE: 123.39 | RMSE: 197.46 | NAE: 0.310 | Bias: -6.95
  GAME Hierarchy: G0: 123.39 | G1: 151.31 | G2: 178.54 | G3: 215.94 | Sparse(<=100): 72.74 | Mod(101-500): 77.53 | Dense(>500): 259.73
  Uncertainty   : Coverage: 50%=80.4%, 80%=93.5%, 95%=97.9% | Median Disp: 3.5
  Checkpoint    : Current Val MAE: 123.39 | Best Val MAE: 123.39 >>> [NEW BEST CHECKPOINT SAVED] <<<
============================================================================================

[0091/1000] Loss: 11.3617 [cnt: 6.72, alloc(dm16): 3.547, cell: 0.318, reg_nb: 2.058 | h_bce: 0.1300 | curv: 0.0852 | h_bg: 0.0173 | sc_aln: 1.5928] | SolvStr: 1.00 | Disp: 3.6 | W_pred: 1.00 | W_solv: 0.58
[0092/1000] Loss: 11.1144 [cnt: 6.53, alloc(dm16): 3.486, cell: 0.320, reg_nb: 2.080 | h_bce: 0.1296 | curv: 0.0891 | h_bg: 0.0192 | sc_aln: 1.5891] | SolvStr: 1.00 | Disp: 3.8 | W_pred: 1.00 | W_solv: 0.59
[0093/1000] Loss: 10.7087 [cnt: 6.15, alloc(dm16): 3.466, cell: 0.318, reg_nb: 2.065 | h_bce: 0.1282 | curv: 0.0882 | h_bg: 0.0199 | sc_aln: 1.5774] | SolvStr: 1.00 | Disp: 3.8 | W_pred: 1.00 | W_solv: 0.59
[0094/1000] Loss: 11.0463 [cnt: 6.41, alloc(dm16): 3.549, cell: 0.318, reg_nb: 2.052 | h_bce: 0.1278 | curv: 0.0848 | h_bg: 0.0171 | sc_aln: 1.5880] | SolvStr: 1.00 | Disp: 3.9 | W_pred: 1.00 | W_solv: 0.59

============================================================================================
  EPOCH [0095/1000] PERIODIC EVALUATION (182 test samples)
--------------------------------------------------------------------------------------------
  Train Loss    : 11.0504 [cnt: 6.48, alloc(dm16): 3.478, cell: 0.317, reg_nb: 2.071 | h_bce: 0.1268 | curv: 0.0881 | h_bg: 0.0224 | sc_aln: 1.5638]
  Solver / W    : Str: 1.00 | E_red: 28.9% | W_pred: 1.00 (std: 0.54) | W_solv: 0.59
  Val Metrics   : MAE: 133.41 | RMSE: 204.24 | NAE: 0.355 | Bias: +31.82
  GAME Hierarchy: G0: 133.41 | G1: 159.42 | G2: 187.71 | G3: 225.94 | Sparse(<=100): 76.10 | Mod(101-500): 95.93 | Dense(>500): 247.22
  Uncertainty   : Coverage: 50%=80.3%, 80%=93.5%, 95%=98.0% | Median Disp: 4.1
  Checkpoint    : Current Val MAE: 133.41 | Best Val MAE: 123.39
============================================================================================

[0096/1000] Loss: 11.2622 [cnt: 6.61, alloc(dm16): 3.559, cell: 0.320, reg_nb: 2.066 | h_bce: 0.1280 | curv: 0.0866 | h_bg: 0.0197 | sc_aln: 1.5884] | SolvStr: 1.00 | Disp: 4.0 | W_pred: 1.00 | W_solv: 0.59
[0097/1000] Loss: 11.1919 [cnt: 6.57, alloc(dm16): 3.539, cell: 0.317, reg_nb: 2.053 | h_bce: 0.1281 | curv: 0.0853 | h_bg: 0.0178 | sc_aln: 1.5967] | SolvStr: 1.00 | Disp: 3.9 | W_pred: 1.00 | W_solv: 0.59
[0098/1000] Loss: 10.7423 [cnt: 6.15, alloc(dm16): 3.512, cell: 0.317, reg_nb: 2.031 | h_bce: 0.1263 | curv: 0.0849 | h_bg: 0.0193 | sc_aln: 1.5971] | SolvStr: 1.00 | Disp: 4.4 | W_pred: 1.00 | W_solv: 0.59
[0099/1000] Loss: 10.7811 [cnt: 6.20, alloc(dm16): 3.513, cell: 0.319, reg_nb: 1.990 | h_bce: 0.1260 | curv: 0.0832 | h_bg: 0.0172 | sc_aln: 1.5985] | SolvStr: 1.00 | Disp: 4.5 | W_pred: 1.00 | W_solv: 0.59

============================================================================================
  EPOCH [0100/1000] PERIODIC EVALUATION (182 test samples)
--------------------------------------------------------------------------------------------
  Train Loss    : 11.3723 [cnt: 6.77, alloc(dm16): 3.521, cell: 0.318, reg_nb: 2.047 | h_bce: 0.1256 | curv: 0.0843 | h_bg: 0.0172 | sc_aln: 1.5963]
  Solver / W    : Str: 1.00 | E_red: 36.4% | W_pred: 1.00 (std: 0.54) | W_solv: 0.59
  Val Metrics   : MAE: 148.19 | RMSE: 218.90 | NAE: 0.404 | Bias: +71.98
  GAME Hierarchy: G0: 148.19 | G1: 173.15 | G2: 199.39 | G3: 237.43 | Sparse(<=100): 83.49 | Mod(101-500): 115.22 | Dense(>500): 250.47
  Uncertainty   : Coverage: 50%=80.0%, 80%=93.8%, 95%=98.2% | Median Disp: 4.9
  Checkpoint    : Current Val MAE: 148.19 | Best Val MAE: 123.39
============================================================================================

[0101/1000] Loss: 10.9942 [cnt: 6.39, alloc(dm16): 3.520, cell: 0.315, reg_nb: 2.042 | h_bce: 0.1257 | curv: 0.0868 | h_bg: 0.0199 | sc_aln: 1.5740] | SolvStr: 1.00 | Disp: 5.0 | W_pred: 1.00 | W_solv: 0.59
[0102/1000] Loss: 10.7160 [cnt: 6.13, alloc(dm16): 3.491, cell: 0.318, reg_nb: 2.060 | h_bce: 0.1268 | curv: 0.0897 | h_bg: 0.0207 | sc_aln: 1.5856] | SolvStr: 1.00 | Disp: 5.1 | W_pred: 1.00 | W_solv: 0.59
[0103/1000] Loss: 11.5052 [cnt: 6.88, alloc(dm16): 3.538, cell: 0.318, reg_nb: 2.044 | h_bce: 0.1270 | curv: 0.0856 | h_bg: 0.0195 | sc_aln: 1.6026] | SolvStr: 1.00 | Disp: 5.3 | W_pred: 1.00 | W_solv: 0.59
[0104/1000] Loss: 11.1085 [cnt: 6.50, alloc(dm16): 3.515, cell: 0.317, reg_nb: 2.070 | h_bce: 0.1237 | curv: 0.0897 | h_bg: 0.0234 | sc_aln: 1.5786] | SolvStr: 1.00 | Disp: 5.4 | W_pred: 1.00 | W_solv: 0.59

============================================================================================
  EPOCH [0105/1000] PERIODIC EVALUATION (182 test samples)
--------------------------------------------------------------------------------------------
  Train Loss    : 10.7940 [cnt: 6.20, alloc(dm16): 3.520, cell: 0.319, reg_nb: 2.015 | h_bce: 0.1233 | curv: 0.0875 | h_bg: 0.0186 | sc_aln: 1.5901]
  Solver / W    : Str: 1.00 | E_red: 32.2% | W_pred: 1.00 (std: 0.56) | W_solv: 0.59
  Val Metrics   : MAE: 149.13 | RMSE: 221.95 | NAE: 0.406 | Bias: +77.98
  GAME Hierarchy: G0: 149.13 | G1: 174.04 | G2: 200.42 | G3: 238.68 | Sparse(<=100): 78.96 | Mod(101-500): 116.22 | Dense(>500): 252.11
  Uncertainty   : Coverage: 50%=80.9%, 80%=94.3%, 95%=98.4% | Median Disp: 5.8
  Checkpoint    : Current Val MAE: 149.13 | Best Val MAE: 123.39
============================================================================================

[0106/1000] Loss: 11.0296 [cnt: 6.43, alloc(dm16): 3.519, cell: 0.318, reg_nb: 2.034 | h_bce: 0.1229 | curv: 0.0895 | h_bg: 0.0208 | sc_aln: 1.5801] | SolvStr: 1.00 | Disp: 5.7 | W_pred: 1.00 | W_solv: 0.59
[0107/1000] Loss: 10.9668 [cnt: 6.38, alloc(dm16): 3.509, cell: 0.318, reg_nb: 2.045 | h_bce: 0.1241 | curv: 0.0867 | h_bg: 0.0193 | sc_aln: 1.5901] | SolvStr: 1.00 | Disp: 5.8 | W_pred: 1.00 | W_solv: 0.59
[0108/1000] Loss: 10.6378 [cnt: 6.07, alloc(dm16): 3.489, cell: 0.317, reg_nb: 2.046 | h_bce: 0.1244 | curv: 0.0885 | h_bg: 0.0203 | sc_aln: 1.5672] | SolvStr: 1.00 | Disp: 5.8 | W_pred: 1.00 | W_solv: 0.59
[0109/1000] Loss: 10.7471 [cnt: 6.13, alloc(dm16): 3.545, cell: 0.317, reg_nb: 2.011 | h_bce: 0.1226 | curv: 0.0861 | h_bg: 0.0192 | sc_aln: 1.5846] | SolvStr: 1.00 | Disp: 5.8 | W_pred: 1.00 | W_solv: 0.59

============================================================================================
  EPOCH [0110/1000] PERIODIC EVALUATION (182 test samples)
--------------------------------------------------------------------------------------------
  Train Loss    : 10.8031 [cnt: 6.20, alloc(dm16): 3.534, cell: 0.318, reg_nb: 2.019 | h_bce: 0.1236 | curv: 0.0874 | h_bg: 0.0192 | sc_aln: 1.5901]
  Solver / W    : Str: 1.00 | E_red: 20.9% | W_pred: 1.00 (std: 0.56) | W_solv: 0.59
  Val Metrics   : MAE: 129.71 | RMSE: 202.64 | NAE: 0.318 | Bias: +21.06
  GAME Hierarchy: G0: 129.71 | G1: 156.47 | G2: 183.24 | G3: 223.12 | Sparse(<=100): 39.03 | Mod(101-500): 94.26 | Dense(>500): 242.94
  Uncertainty   : Coverage: 50%=83.6%, 80%=95.2%, 95%=98.6% | Median Disp: 5.9
  Checkpoint    : Current Val MAE: 129.71 | Best Val MAE: 123.39
============================================================================================

[0111/1000] Loss: 11.0354 [cnt: 6.50, alloc(dm16): 3.445, cell: 0.318, reg_nb: 2.054 | h_bce: 0.1220 | curv: 0.0892 | h_bg: 0.0207 | sc_aln: 1.5694] | SolvStr: 1.00 | Disp: 6.1 | W_pred: 1.00 | W_solv: 0.60
[0112/1000] Loss: 10.7426 [cnt: 6.18, alloc(dm16): 3.479, cell: 0.317, reg_nb: 2.045 | h_bce: 0.1223 | curv: 0.0876 | h_bg: 0.0210 | sc_aln: 1.5871] | SolvStr: 1.00 | Disp: 6.2 | W_pred: 1.00 | W_solv: 0.60
[0113/1000] Loss: 10.7070 [cnt: 6.11, alloc(dm16): 3.517, cell: 0.319, reg_nb: 2.033 | h_bce: 0.1212 | curv: 0.0873 | h_bg: 0.0200 | sc_aln: 1.5760] | SolvStr: 1.00 | Disp: 6.5 | W_pred: 1.00 | W_solv: 0.60
[0114/1000] Loss: 10.7817 [cnt: 6.22, alloc(dm16): 3.471, cell: 0.317, reg_nb: 2.049 | h_bce: 0.1225 | curv: 0.0889 | h_bg: 0.0225 | sc_aln: 1.5921] | SolvStr: 1.00 | Disp: 6.7 | W_pred: 1.00 | W_solv: 0.60

============================================================================================
  EPOCH [0115/1000] PERIODIC EVALUATION (182 test samples)
--------------------------------------------------------------------------------------------
  Train Loss    : 10.7664 [cnt: 6.21, alloc(dm16): 3.481, cell: 0.318, reg_nb: 2.014 | h_bce: 0.1220 | curv: 0.0889 | h_bg: 0.0194 | sc_aln: 1.5836]
  Solver / W    : Str: 1.00 | E_red: 34.3% | W_pred: 1.00 (std: 0.56) | W_solv: 0.60
  Val Metrics   : MAE: 156.74 | RMSE: 233.84 | NAE: 0.412 | Bias: +94.73
  GAME Hierarchy: G0: 156.74 | G1: 180.29 | G2: 206.35 | G3: 246.13 | Sparse(<=100): 73.65 | Mod(101-500): 120.40 | Dense(>500): 271.26
  Uncertainty   : Coverage: 50%=81.8%, 80%=94.9%, 95%=98.7% | Median Disp: 6.8
  Checkpoint    : Current Val MAE: 156.74 | Best Val MAE: 123.39
============================================================================================

[0116/1000] Loss: 10.8099 [cnt: 6.25, alloc(dm16): 3.474, cell: 0.317, reg_nb: 2.036 | h_bce: 0.1207 | curv: 0.0891 | h_bg: 0.0217 | sc_aln: 1.5660] | SolvStr: 1.00 | Disp: 6.8 | W_pred: 1.00 | W_solv: 0.60
[0117/1000] Loss: 10.6127 [cnt: 6.00, alloc(dm16): 3.534, cell: 0.318, reg_nb: 2.027 | h_bce: 0.1217 | curv: 0.0862 | h_bg: 0.0194 | sc_aln: 1.5801] | SolvStr: 1.00 | Disp: 7.0 | W_pred: 1.00 | W_solv: 0.60
[0118/1000] Loss: 10.9290 [cnt: 6.35, alloc(dm16): 3.505, cell: 0.317, reg_nb: 2.037 | h_bce: 0.1228 | curv: 0.0873 | h_bg: 0.0190 | sc_aln: 1.5923] | SolvStr: 1.00 | Disp: 7.3 | W_pred: 1.00 | W_solv: 0.60
[0119/1000] Loss: 10.5106 [cnt: 5.94, alloc(dm16): 3.497, cell: 0.317, reg_nb: 2.026 | h_bce: 0.1192 | curv: 0.0894 | h_bg: 0.0217 | sc_aln: 1.5794] | SolvStr: 1.00 | Disp: 7.5 | W_pred: 1.00 | W_solv: 0.60

============================================================================================
  EPOCH [0120/1000] PERIODIC EVALUATION (182 test samples)
--------------------------------------------------------------------------------------------
  Train Loss    : 10.6849 [cnt: 6.14, alloc(dm16): 3.479, cell: 0.316, reg_nb: 2.002 | h_bce: 0.1226 | curv: 0.0860 | h_bg: 0.0213 | sc_aln: 1.6042]
  Solver / W    : Str: 1.00 | E_red: 33.4% | W_pred: 1.00 (std: 0.56) | W_solv: 0.60
  Val Metrics   : MAE: 143.37 | RMSE: 219.37 | NAE: 0.384 | Bias: +74.95
  GAME Hierarchy: G0: 143.37 | G1: 171.18 | G2: 199.10 | G3: 239.02 | Sparse(<=100): 78.90 | Mod(101-500): 109.73 | Dense(>500): 247.51
  Uncertainty   : Coverage: 50%=83.0%, 80%=95.3%, 95%=98.9% | Median Disp: 7.8
  Checkpoint    : Current Val MAE: 143.37 | Best Val MAE: 123.39
============================================================================================

[0121/1000] Loss: 10.8572 [cnt: 6.30, alloc(dm16): 3.486, cell: 0.318, reg_nb: 2.027 | h_bce: 0.1195 | curv: 0.0842 | h_bg: 0.0174 | sc_aln: 1.5933] | SolvStr: 1.00 | Disp: 7.7 | W_pred: 1.00 | W_solv: 0.60
[0122/1000] Loss: 10.5470 [cnt: 5.95, alloc(dm16): 3.536, cell: 0.318, reg_nb: 1.989 | h_bce: 0.1206 | curv: 0.0856 | h_bg: 0.0166 | sc_aln: 1.5916] | SolvStr: 1.00 | Disp: 8.0 | W_pred: 1.00 | W_solv: 0.60
[0123/1000] Loss: 10.6066 [cnt: 6.04, alloc(dm16): 3.497, cell: 0.318, reg_nb: 1.986 | h_bce: 0.1206 | curv: 0.0889 | h_bg: 0.0206 | sc_aln: 1.5763] | SolvStr: 1.00 | Disp: 8.1 | W_pred: 1.00 | W_solv: 0.60
[0124/1000] Loss: 10.4863 [cnt: 5.95, alloc(dm16): 3.460, cell: 0.319, reg_nb: 2.013 | h_bce: 0.1164 | curv: 0.0867 | h_bg: 0.0194 | sc_aln: 1.5531] | SolvStr: 1.00 | Disp: 8.3 | W_pred: 1.00 | W_solv: 0.60

============================================================================================
  EPOCH [0125/1000] PERIODIC EVALUATION (182 test samples)
--------------------------------------------------------------------------------------------
  Train Loss    : 10.6896 [cnt: 6.17, alloc(dm16): 3.446, cell: 0.316, reg_nb: 2.023 | h_bce: 0.1191 | curv: 0.0880 | h_bg: 0.0206 | sc_aln: 1.5729]
  Solver / W    : Str: 1.00 | E_red: 28.1% | W_pred: 1.00 (std: 0.58) | W_solv: 0.60
  Val Metrics   : MAE: 156.24 | RMSE: 238.30 | NAE: 0.417 | Bias: +86.44
  GAME Hierarchy: G0: 156.24 | G1: 181.64 | G2: 209.46 | G3: 246.12 | Sparse(<=100): 67.13 | Mod(101-500): 118.89 | Dense(>500): 274.55
  Uncertainty   : Coverage: 50%=81.4%, 80%=94.8%, 95%=98.7% | Median Disp: 8.6
  Checkpoint    : Current Val MAE: 156.24 | Best Val MAE: 123.39
============================================================================================

[0126/1000] Loss: 10.7877 [cnt: 6.22, alloc(dm16): 3.497, cell: 0.316, reg_nb: 2.019 | h_bce: 0.1189 | curv: 0.0872 | h_bg: 0.0252 | sc_aln: 1.5694] | SolvStr: 1.00 | Disp: 8.7 | W_pred: 1.00 | W_solv: 0.60
[0127/1000] Loss: 11.1093 [cnt: 6.51, alloc(dm16): 3.525, cell: 0.318, reg_nb: 2.020 | h_bce: 0.1190 | curv: 0.0883 | h_bg: 0.0209 | sc_aln: 1.5476] | SolvStr: 1.00 | Disp: 8.9 | W_pred: 1.00 | W_solv: 0.60
[0128/1000] Loss: 10.3603 [cnt: 5.79, alloc(dm16): 3.505, cell: 0.318, reg_nb: 2.002 | h_bce: 0.1185 | curv: 0.0827 | h_bg: 0.0176 | sc_aln: 1.5771] | SolvStr: 1.00 | Disp: 8.6 | W_pred: 1.00 | W_solv: 0.60
[0129/1000] Loss: 10.8559 [cnt: 6.33, alloc(dm16): 3.458, cell: 0.315, reg_nb: 2.009 | h_bce: 0.1181 | curv: 0.0877 | h_bg: 0.0219 | sc_aln: 1.5710] | SolvStr: 1.00 | Disp: 8.8 | W_pred: 1.00 | W_solv: 0.60

============================================================================================
  EPOCH [0130/1000] PERIODIC EVALUATION (182 test samples)
--------------------------------------------------------------------------------------------
  Train Loss    : 10.2012 [cnt: 5.72, alloc(dm16): 3.412, cell: 0.318, reg_nb: 2.015 | h_bce: 0.1178 | curv: 0.0847 | h_bg: 0.0185 | sc_aln: 1.5600]
  Solver / W    : Str: 1.00 | E_red: 26.5% | W_pred: 1.00 (std: 0.58) | W_solv: 0.60
  Val Metrics   : MAE: 155.68 | RMSE: 235.70 | NAE: 0.403 | Bias: +85.12
  GAME Hierarchy: G0: 155.68 | G1: 176.92 | G2: 204.23 | G3: 242.19 | Sparse(<=100): 58.60 | Mod(101-500): 118.56 | Dense(>500): 274.55
  Uncertainty   : Coverage: 50%=82.7%, 80%=95.1%, 95%=98.7% | Median Disp: 9.2
  Checkpoint    : Current Val MAE: 155.68 | Best Val MAE: 123.39
============================================================================================

[0131/1000] Loss: 10.7798 [cnt: 6.25, alloc(dm16): 3.468, cell: 0.315, reg_nb: 1.992 | h_bce: 0.1191 | curv: 0.0846 | h_bg: 0.0203 | sc_aln: 1.5805] | SolvStr: 1.00 | Disp: 9.4 | W_pred: 1.00 | W_solv: 0.60
[0132/1000] Loss: 10.2704 [cnt: 5.75, alloc(dm16): 3.451, cell: 0.317, reg_nb: 2.022 | h_bce: 0.1171 | curv: 0.0864 | h_bg: 0.0215 | sc_aln: 1.5528] | SolvStr: 1.00 | Disp: 9.5 | W_pred: 1.00 | W_solv: 0.60
[0133/1000] Loss: 10.3572 [cnt: 5.83, alloc(dm16): 3.461, cell: 0.317, reg_nb: 1.994 | h_bce: 0.1184 | curv: 0.0890 | h_bg: 0.0227 | sc_aln: 1.5527] | SolvStr: 1.00 | Disp: 9.4 | W_pred: 1.00 | W_solv: 0.60
[0134/1000] Loss: 10.9307 [cnt: 6.40, alloc(dm16): 3.466, cell: 0.320, reg_nb: 2.002 | h_bce: 0.1173 | curv: 0.0847 | h_bg: 0.0178 | sc_aln: 1.5620] | SolvStr: 1.00 | Disp: 9.6 | W_pred: 1.00 | W_solv: 0.60

============================================================================================
  EPOCH [0135/1000] PERIODIC EVALUATION (182 test samples)
--------------------------------------------------------------------------------------------
  Train Loss    : 10.6392 [cnt: 6.08, alloc(dm16): 3.496, cell: 0.318, reg_nb: 1.991 | h_bce: 0.1178 | curv: 0.0856 | h_bg: 0.0199 | sc_aln: 1.5591]
  Solver / W    : Str: 1.00 | E_red: 42.1% | W_pred: 1.00 (std: 0.58) | W_solv: 0.60
  Val Metrics   : MAE: 179.98 | RMSE: 260.40 | NAE: 0.483 | Bias: +128.41
  GAME Hierarchy: G0: 179.98 | G1: 198.69 | G2: 224.61 | G3: 262.17 | Sparse(<=100): 74.62 | Mod(101-500): 142.82 | Dense(>500): 300.23
  Uncertainty   : Coverage: 50%=81.0%, 80%=94.6%, 95%=98.6% | Median Disp: 9.9
  Checkpoint    : Current Val MAE: 179.98 | Best Val MAE: 123.39
============================================================================================

[0136/1000] Loss: 10.7736 [cnt: 6.20, alloc(dm16): 3.505, cell: 0.320, reg_nb: 2.005 | h_bce: 0.1170 | curv: 0.0832 | h_bg: 0.0158 | sc_aln: 1.5588] | SolvStr: 1.00 | Disp: 10.2 | W_pred: 1.00 | W_solv: 0.60
[0137/1000] Loss: 10.3658 [cnt: 5.83, alloc(dm16): 3.465, cell: 0.318, reg_nb: 1.998 | h_bce: 0.1145 | curv: 0.0878 | h_bg: 0.0186 | sc_aln: 1.5416] | SolvStr: 1.00 | Disp: 10.0 | W_pred: 1.00 | W_solv: 0.60
[0138/1000] Loss: 10.8172 [cnt: 6.31, alloc(dm16): 3.450, cell: 0.316, reg_nb: 2.001 | h_bce: 0.1155 | curv: 0.0825 | h_bg: 0.0174 | sc_aln: 1.5550] | SolvStr: 1.00 | Disp: 10.4 | W_pred: 1.00 | W_solv: 0.60
[0139/1000] Loss: 10.5930 [cnt: 6.06, alloc(dm16): 3.484, cell: 0.317, reg_nb: 1.971 | h_bce: 0.1158 | curv: 0.0860 | h_bg: 0.0192 | sc_aln: 1.5515] | SolvStr: 1.00 | Disp: 10.5 | W_pred: 1.00 | W_solv: 0.60

============================================================================================
  EPOCH [0140/1000] PERIODIC EVALUATION (182 test samples)
--------------------------------------------------------------------------------------------
  Train Loss    : 10.3720 [cnt: 5.83, alloc(dm16): 3.472, cell: 0.318, reg_nb: 2.014 | h_bce: 0.1165 | curv: 0.0879 | h_bg: 0.0187 | sc_aln: 1.5390]
  Solver / W    : Str: 1.00 | E_red: 32.5% | W_pred: 1.00 (std: 0.56) | W_solv: 0.60
  Val Metrics   : MAE: 115.03 | RMSE: 177.94 | NAE: 0.299 | Bias: +19.63
  GAME Hierarchy: G0: 115.03 | G1: 140.90 | G2: 169.87 | G3: 208.75 | Sparse(<=100): 62.41 | Mod(101-500): 78.66 | Dense(>500): 225.03
  Uncertainty   : Coverage: 50%=84.4%, 80%=95.8%, 95%=98.9% | Median Disp: 11.9
  Checkpoint    : Current Val MAE: 115.03 | Best Val MAE: 115.03 >>> [NEW BEST CHECKPOINT SAVED] <<<
============================================================================================

[0141/1000] Loss: 10.4178 [cnt: 5.90, alloc(dm16): 3.464, cell: 0.318, reg_nb: 1.978 | h_bce: 0.1152 | curv: 0.0854 | h_bg: 0.0192 | sc_aln: 1.5432] | SolvStr: 1.00 | Disp: 12.2 | W_pred: 1.00 | W_solv: 0.60
[0142/1000] Loss: 10.1629 [cnt: 5.65, alloc(dm16): 3.456, cell: 0.318, reg_nb: 1.982 | h_bce: 0.1165 | curv: 0.0866 | h_bg: 0.0204 | sc_aln: 1.5538] | SolvStr: 1.00 | Disp: 12.0 | W_pred: 1.00 | W_solv: 0.61
[0143/1000] Loss: 10.2788 [cnt: 5.77, alloc(dm16): 3.450, cell: 0.317, reg_nb: 1.999 | h_bce: 0.1158 | curv: 0.0880 | h_bg: 0.0227 | sc_aln: 1.5476] | SolvStr: 1.00 | Disp: 11.8 | W_pred: 1.00 | W_solv: 0.61
[0144/1000] Loss: 10.5098 [cnt: 5.95, alloc(dm16): 3.497, cell: 0.317, reg_nb: 2.001 | h_bce: 0.1143 | curv: 0.0830 | h_bg: 0.0202 | sc_aln: 1.5421] | SolvStr: 1.00 | Disp: 12.2 | W_pred: 1.00 | W_solv: 0.61

============================================================================================
  EPOCH [0145/1000] PERIODIC EVALUATION (182 test samples)
--------------------------------------------------------------------------------------------
  Train Loss    : 10.0312 [cnt: 5.52, alloc(dm16): 3.464, cell: 0.318, reg_nb: 1.964 | h_bce: 0.1147 | curv: 0.0881 | h_bg: 0.0201 | sc_aln: 1.5252]
  Solver / W    : Str: 1.00 | E_red: 32.5% | W_pred: 1.00 (std: 0.58) | W_solv: 0.61
  Val Metrics   : MAE: 130.57 | RMSE: 195.92 | NAE: 0.345 | Bias: +62.93
  GAME Hierarchy: G0: 130.57 | G1: 154.92 | G2: 182.39 | G3: 221.89 | Sparse(<=100): 55.72 | Mod(101-500): 100.44 | Dense(>500): 226.44
  Uncertainty   : Coverage: 50%=83.7%, 80%=95.6%, 95%=99.0% | Median Disp: 12.7
  Checkpoint    : Current Val MAE: 130.57 | Best Val MAE: 115.03
============================================================================================

[0146/1000] Loss: 10.4153 [cnt: 5.88, alloc(dm16): 3.472, cell: 0.318, reg_nb: 1.987 | h_bce: 0.1133 | curv: 0.0870 | h_bg: 0.0183 | sc_aln: 1.5251] | SolvStr: 1.00 | Disp: 12.9 | W_pred: 1.00 | W_solv: 0.61
[0147/1000] Loss: 10.2958 [cnt: 5.77, alloc(dm16): 3.472, cell: 0.316, reg_nb: 1.995 | h_bce: 0.1153 | curv: 0.0887 | h_bg: 0.0212 | sc_aln: 1.5353] | SolvStr: 1.00 | Disp: 13.8 | W_pred: 1.00 | W_solv: 0.61
[0148/1000] Loss: 10.0474 [cnt: 5.55, alloc(dm16): 3.453, cell: 0.317, reg_nb: 1.973 | h_bce: 0.1139 | curv: 0.0838 | h_bg: 0.0189 | sc_aln: 1.5468] | SolvStr: 1.00 | Disp: 15.2 | W_pred: 1.00 | W_solv: 0.61
[0149/1000] Loss: 10.1173 [cnt: 5.60, alloc(dm16): 3.475, cell: 0.317, reg_nb: 1.960 | h_bce: 0.1140 | curv: 0.0855 | h_bg: 0.0203 | sc_aln: 1.5414] | SolvStr: 1.00 | Disp: 15.2 | W_pred: 1.00 | W_solv: 0.61

============================================================================================
  EPOCH [0150/1000] PERIODIC EVALUATION (182 test samples)
--------------------------------------------------------------------------------------------
  Train Loss    : 10.1258 [cnt: 5.65, alloc(dm16): 3.426, cell: 0.317, reg_nb: 1.980 | h_bce: 0.1117 | curv: 0.0863 | h_bg: 0.0195 | sc_aln: 1.5166]
  Solver / W    : Str: 1.00 | E_red: 18.0% | W_pred: 1.00 (std: 0.58) | W_solv: 0.61
  Val Metrics   : MAE: 135.51 | RMSE: 208.84 | NAE: 0.347 | Bias: +58.63
  GAME Hierarchy: G0: 135.51 | G1: 158.60 | G2: 187.43 | G3: 226.67 | Sparse(<=100): 46.77 | Mod(101-500): 100.06 | Dense(>500): 248.42
  Uncertainty   : Coverage: 50%=83.4%, 80%=95.3%, 95%=98.8% | Median Disp: 15.0
  Checkpoint    : Current Val MAE: 135.51 | Best Val MAE: 115.03
============================================================================================

[0151/1000] Loss: 10.1192 [cnt: 5.63, alloc(dm16): 3.441, cell: 0.316, reg_nb: 1.979 | h_bce: 0.1140 | curv: 0.0873 | h_bg: 0.0205 | sc_aln: 1.5156] | SolvStr: 1.00 | Disp: 15.7 | W_pred: 1.00 | W_solv: 0.61
[0152/1000] Loss: 10.4252 [cnt: 5.92, alloc(dm16): 3.465, cell: 0.317, reg_nb: 1.974 | h_bce: 0.1126 | curv: 0.0825 | h_bg: 0.0171 | sc_aln: 1.5138] | SolvStr: 1.00 | Disp: 16.0 | W_pred: 1.00 | W_solv: 0.61
[0153/1000] Loss: 10.3769 [cnt: 5.85, alloc(dm16): 3.473, cell: 0.317, reg_nb: 1.980 | h_bce: 0.1139 | curv: 0.0862 | h_bg: 0.0186 | sc_aln: 1.5199] | SolvStr: 1.00 | Disp: 16.9 | W_pred: 1.00 | W_solv: 0.61
[0154/1000] Loss: 10.0546 [cnt: 5.58, alloc(dm16): 3.428, cell: 0.317, reg_nb: 1.967 | h_bce: 0.1124 | curv: 0.0853 | h_bg: 0.0163 | sc_aln: 1.4984] | SolvStr: 1.00 | Disp: 17.2 | W_pred: 1.00 | W_solv: 0.61

============================================================================================
  EPOCH [0155/1000] PERIODIC EVALUATION (182 test samples)
--------------------------------------------------------------------------------------------
  Train Loss    : 10.1732 [cnt: 5.70, alloc(dm16): 3.424, cell: 0.318, reg_nb: 1.974 | h_bce: 0.1141 | curv: 0.0870 | h_bg: 0.0193 | sc_aln: 1.5136]
  Solver / W    : Str: 1.00 | E_red: 29.4% | W_pred: 1.00 (std: 0.58) | W_solv: 0.61
  Val Metrics   : MAE: 111.45 | RMSE: 168.09 | NAE: 0.288 | Bias: +12.12
  GAME Hierarchy: G0: 111.45 | G1: 137.96 | G2: 166.65 | G3: 205.58 | Sparse(<=100): 49.05 | Mod(101-500): 80.06 | Dense(>500): 208.99
  Uncertainty   : Coverage: 50%=84.8%, 80%=95.6%, 95%=98.7% | Median Disp: 17.4
  Checkpoint    : Current Val MAE: 111.45 | Best Val MAE: 111.45 >>> [NEW BEST CHECKPOINT SAVED] <<<
============================================================================================

[0156/1000] Loss: 10.2012 [cnt: 5.73, alloc(dm16): 3.433, cell: 0.316, reg_nb: 1.966 | h_bce: 0.1144 | curv: 0.0840 | h_bg: 0.0181 | sc_aln: 1.5173] | SolvStr: 1.00 | Disp: 17.8 | W_pred: 1.00 | W_solv: 0.61
[0157/1000] Loss: 10.0041 [cnt: 5.54, alloc(dm16): 3.416, cell: 0.318, reg_nb: 1.972 | h_bce: 0.1106 | curv: 0.0856 | h_bg: 0.0173 | sc_aln: 1.4858] | SolvStr: 1.00 | Disp: 18.1 | W_pred: 1.00 | W_solv: 0.61
[0158/1000] Loss: 10.2770 [cnt: 5.71, alloc(dm16): 3.526, cell: 0.318, reg_nb: 1.949 | h_bce: 0.1136 | curv: 0.0849 | h_bg: 0.0186 | sc_aln: 1.5255] | SolvStr: 1.00 | Disp: 17.8 | W_pred: 1.00 | W_solv: 0.61
[0159/1000] Loss: 9.9813 [cnt: 5.51, alloc(dm16): 3.420, cell: 0.317, reg_nb: 1.969 | h_bce: 0.1113 | curv: 0.0834 | h_bg: 0.0176 | sc_aln: 1.5114] | SolvStr: 1.00 | Disp: 18.1 | W_pred: 1.00 | W_solv: 0.61

============================================================================================
  EPOCH [0160/1000] PERIODIC EVALUATION (182 test samples)
--------------------------------------------------------------------------------------------
  Train Loss    : 10.1933 [cnt: 5.74, alloc(dm16): 3.399, cell: 0.317, reg_nb: 1.988 | h_bce: 0.1129 | curv: 0.0878 | h_bg: 0.0180 | sc_aln: 1.4938]
  Solver / W    : Str: 1.00 | E_red: 29.1% | W_pred: 1.00 (std: 0.58) | W_solv: 0.61
  Val Metrics   : MAE: 117.49 | RMSE: 173.38 | NAE: 0.308 | Bias: +37.57
  GAME Hierarchy: G0: 117.49 | G1: 143.23 | G2: 171.61 | G3: 209.70 | Sparse(<=100): 46.63 | Mod(101-500): 87.14 | Dense(>500): 213.40
  Uncertainty   : Coverage: 50%=83.5%, 80%=95.4%, 95%=98.8% | Median Disp: 19.4
  Checkpoint    : Current Val MAE: 117.49 | Best Val MAE: 111.45
============================================================================================

[0161/1000] Loss: 10.1527 [cnt: 5.67, alloc(dm16): 3.439, cell: 0.318, reg_nb: 1.957 | h_bce: 0.1109 | curv: 0.0861 | h_bg: 0.0192 | sc_aln: 1.4819] | SolvStr: 1.00 | Disp: 19.2 | W_pred: 1.00 | W_solv: 0.61
[0162/1000] Loss: 10.0123 [cnt: 5.54, alloc(dm16): 3.429, cell: 0.318, reg_nb: 1.954 | h_bce: 0.1104 | curv: 0.0882 | h_bg: 0.0179 | sc_aln: 1.4931] | SolvStr: 1.00 | Disp: 19.2 | W_pred: 1.00 | W_solv: 0.61
[0163/1000] Loss: 10.1586 [cnt: 5.68, alloc(dm16): 3.432, cell: 0.318, reg_nb: 1.965 | h_bce: 0.1125 | curv: 0.0831 | h_bg: 0.0174 | sc_aln: 1.4933] | SolvStr: 1.00 | Disp: 19.7 | W_pred: 1.00 | W_solv: 0.61
[0164/1000] Loss: 10.0388 [cnt: 5.57, alloc(dm16): 3.426, cell: 0.316, reg_nb: 1.955 | h_bce: 0.1112 | curv: 0.0846 | h_bg: 0.0169 | sc_aln: 1.4978] | SolvStr: 1.00 | Disp: 20.2 | W_pred: 1.00 | W_solv: 0.61

============================================================================================
  EPOCH [0165/1000] PERIODIC EVALUATION (182 test samples)
--------------------------------------------------------------------------------------------
  Train Loss    : 10.1470 [cnt: 5.66, alloc(dm16): 3.451, cell: 0.317, reg_nb: 1.956 | h_bce: 0.1121 | curv: 0.0865 | h_bg: 0.0207 | sc_aln: 1.4915]
  Solver / W    : Str: 1.00 | E_red: 41.1% | W_pred: 1.00 (std: 0.58) | W_solv: 0.61
  Val Metrics   : MAE: 110.83 | RMSE: 163.27 | NAE: 0.298 | Bias: +36.32
  GAME Hierarchy: G0: 110.83 | G1: 137.07 | G2: 166.23 | G3: 205.13 | Sparse(<=100): 53.57 | Mod(101-500): 83.59 | Dense(>500): 195.94
  Uncertainty   : Coverage: 50%=83.6%, 80%=95.5%, 95%=98.8% | Median Disp: 20.8
  Checkpoint    : Current Val MAE: 110.83 | Best Val MAE: 110.83 >>> [NEW BEST CHECKPOINT SAVED] <<<
============================================================================================

[0166/1000] Loss: 9.9671 [cnt: 5.52, alloc(dm16): 3.397, cell: 0.318, reg_nb: 1.965 | h_bce: 0.1125 | curv: 0.0861 | h_bg: 0.0191 | sc_aln: 1.4735] | SolvStr: 1.00 | Disp: 20.4 | W_pred: 1.00 | W_solv: 0.61
[0167/1000] Loss: 10.1512 [cnt: 5.67, alloc(dm16): 3.438, cell: 0.316, reg_nb: 1.952 | h_bce: 0.1110 | curv: 0.0878 | h_bg: 0.0184 | sc_aln: 1.4748] | SolvStr: 1.00 | Disp: 20.8 | W_pred: 1.00 | W_solv: 0.61
[0168/1000] Loss: 10.1101 [cnt: 5.67, alloc(dm16): 3.389, cell: 0.317, reg_nb: 1.972 | h_bce: 0.1113 | curv: 0.0892 | h_bg: 0.0223 | sc_aln: 1.4551] | SolvStr: 1.00 | Disp: 21.7 | W_pred: 1.00 | W_solv: 0.61
[0169/1000] Loss: 10.4092 [cnt: 5.90, alloc(dm16): 3.481, cell: 0.319, reg_nb: 1.907 | h_bce: 0.1101 | curv: 0.0804 | h_bg: 0.0142 | sc_aln: 1.4809] | SolvStr: 1.00 | Disp: 22.1 | W_pred: 1.00 | W_solv: 0.61

============================================================================================
  EPOCH [0170/1000] PERIODIC EVALUATION (182 test samples)
--------------------------------------------------------------------------------------------
  Train Loss    : 10.0440 [cnt: 5.57, alloc(dm16): 3.442, cell: 0.317, reg_nb: 1.925 | h_bce: 0.1106 | curv: 0.0854 | h_bg: 0.0172 | sc_aln: 1.4510]
  Solver / W    : Str: 1.00 | E_red: 35.9% | W_pred: 1.00 (std: 0.59) | W_solv: 0.61
  Val Metrics   : MAE: 113.26 | RMSE: 167.23 | NAE: 0.289 | Bias: -8.27
  GAME Hierarchy: G0: 113.26 | G1: 136.24 | G2: 165.06 | G3: 202.56 | Sparse(<=100): 44.10 | Mod(101-500): 81.01 | Dense(>500): 214.23
  Uncertainty   : Coverage: 50%=84.9%, 80%=95.4%, 95%=98.7% | Median Disp: 23.7
  Checkpoint    : Current Val MAE: 113.26 | Best Val MAE: 110.83
============================================================================================

[0171/1000] Loss: 10.1233 [cnt: 5.67, alloc(dm16): 3.412, cell: 0.316, reg_nb: 1.965 | h_bce: 0.1120 | curv: 0.0892 | h_bg: 0.0219 | sc_aln: 1.4471] | SolvStr: 1.00 | Disp: 22.8 | W_pred: 1.00 | W_solv: 0.61
[0172/1000] Loss: 10.0162 [cnt: 5.62, alloc(dm16): 3.363, cell: 0.315, reg_nb: 1.940 | h_bce: 0.1084 | curv: 0.0871 | h_bg: 0.0198 | sc_aln: 1.4549] | SolvStr: 1.00 | Disp: 22.6 | W_pred: 1.00 | W_solv: 0.61
[0173/1000] Loss: 9.8666 [cnt: 5.36, alloc(dm16): 3.481, cell: 0.318, reg_nb: 1.918 | h_bce: 0.1114 | curv: 0.0863 | h_bg: 0.0197 | sc_aln: 1.4673] | SolvStr: 1.00 | Disp: 22.8 | W_pred: 1.00 | W_solv: 0.61
[0174/1000] Loss: 9.9698 [cnt: 5.51, alloc(dm16): 3.434, cell: 0.317, reg_nb: 1.912 | h_bce: 0.1090 | curv: 0.0831 | h_bg: 0.0141 | sc_aln: 1.4607] | SolvStr: 1.00 | Disp: 24.8 | W_pred: 1.00 | W_solv: 0.61

============================================================================================
  EPOCH [0175/1000] PERIODIC EVALUATION (182 test samples)
--------------------------------------------------------------------------------------------
  Train Loss    : 10.1479 [cnt: 5.70, alloc(dm16): 3.412, cell: 0.318, reg_nb: 1.952 | h_bce: 0.1106 | curv: 0.0842 | h_bg: 0.0162 | sc_aln: 1.4481]
  Solver / W    : Str: 1.00 | E_red: 48.7% | W_pred: 1.00 (std: 0.59) | W_solv: 0.61
  Val Metrics   : MAE: 112.50 | RMSE: 158.92 | NAE: 0.324 | Bias: +53.49
  GAME Hierarchy: G0: 112.50 | G1: 137.51 | G2: 167.86 | G3: 207.93 | Sparse(<=100): 71.14 | Mod(101-500): 88.64 | Dense(>500): 185.71
  Uncertainty   : Coverage: 50%=82.7%, 80%=95.2%, 95%=98.8% | Median Disp: 25.9
  Checkpoint    : Current Val MAE: 112.50 | Best Val MAE: 110.83
============================================================================================

[0176/1000] Loss: 9.8590 [cnt: 5.37, alloc(dm16): 3.464, cell: 0.317, reg_nb: 1.929 | h_bce: 0.1102 | curv: 0.0852 | h_bg: 0.0179 | sc_aln: 1.4581] | SolvStr: 1.00 | Disp: 24.5 | W_pred: 1.00 | W_solv: 0.62
[0177/1000] Loss: 10.0467 [cnt: 5.61, alloc(dm16): 3.412, cell: 0.317, reg_nb: 1.921 | h_bce: 0.1089 | curv: 0.0856 | h_bg: 0.0170 | sc_aln: 1.4462] | SolvStr: 1.00 | Disp: 24.7 | W_pred: 1.00 | W_solv: 0.62
[0178/1000] Loss: 9.9104 [cnt: 5.47, alloc(dm16): 3.408, cell: 0.315, reg_nb: 1.951 | h_bce: 0.1090 | curv: 0.0868 | h_bg: 0.0190 | sc_aln: 1.4484] | SolvStr: 1.00 | Disp: 25.1 | W_pred: 1.00 | W_solv: 0.62
[0179/1000] Loss: 9.9443 [cnt: 5.52, alloc(dm16): 3.393, cell: 0.316, reg_nb: 1.929 | h_bce: 0.1072 | curv: 0.0851 | h_bg: 0.0184 | sc_aln: 1.4473] | SolvStr: 1.00 | Disp: 26.0 | W_pred: 1.00 | W_solv: 0.62

============================================================================================
  EPOCH [0180/1000] PERIODIC EVALUATION (182 test samples)
--------------------------------------------------------------------------------------------
  Train Loss    : 9.8331 [cnt: 5.39, alloc(dm16): 3.403, cell: 0.318, reg_nb: 1.938 | h_bce: 0.1114 | curv: 0.0915 | h_bg: 0.0238 | sc_aln: 1.4488]
  Solver / W    : Str: 1.00 | E_red: 35.8% | W_pred: 1.00 (std: 0.61) | W_solv: 0.62
  Val Metrics   : MAE: 116.59 | RMSE: 169.14 | NAE: 0.335 | Bias: +47.93
  GAME Hierarchy: G0: 116.59 | G1: 142.44 | G2: 172.19 | G3: 211.03 | Sparse(<=100): 71.31 | Mod(101-500): 88.80 | Dense(>500): 201.41
  Uncertainty   : Coverage: 50%=82.9%, 80%=95.3%, 95%=98.7% | Median Disp: 27.3
  Checkpoint    : Current Val MAE: 116.59 | Best Val MAE: 110.83
============================================================================================

[0181/1000] Loss: 9.8981 [cnt: 5.46, alloc(dm16): 3.414, cell: 0.316, reg_nb: 1.907 | h_bce: 0.1089 | curv: 0.0814 | h_bg: 0.0167 | sc_aln: 1.4757] | SolvStr: 1.00 | Disp: 28.0 | W_pred: 1.00 | W_solv: 0.62
[0182/1000] Loss: 9.9567 [cnt: 5.52, alloc(dm16): 3.413, cell: 0.315, reg_nb: 1.906 | h_bce: 0.1075 | curv: 0.0850 | h_bg: 0.0154 | sc_aln: 1.4486] | SolvStr: 1.00 | Disp: 28.7 | W_pred: 1.00 | W_solv: 0.62
[0183/1000] Loss: 9.7131 [cnt: 5.30, alloc(dm16): 3.382, cell: 0.315, reg_nb: 1.935 | h_bce: 0.1078 | curv: 0.0849 | h_bg: 0.0186 | sc_aln: 1.4406] | SolvStr: 1.00 | Disp: 28.3 | W_pred: 1.00 | W_solv: 0.62
[0184/1000] Loss: 9.8523 [cnt: 5.41, alloc(dm16): 3.409, cell: 0.319, reg_nb: 1.915 | h_bce: 0.1093 | curv: 0.0860 | h_bg: 0.0160 | sc_aln: 1.4623] | SolvStr: 1.00 | Disp: 29.9 | W_pred: 1.00 | W_solv: 0.62

============================================================================================
  EPOCH [0185/1000] PERIODIC EVALUATION (182 test samples)
--------------------------------------------------------------------------------------------
  Train Loss    : 9.9857 [cnt: 5.57, alloc(dm16): 3.374, cell: 0.317, reg_nb: 1.953 | h_bce: 0.1097 | curv: 0.0884 | h_bg: 0.0205 | sc_aln: 1.4239]
  Solver / W    : Str: 1.00 | E_red: 24.3% | W_pred: 1.00 (std: 0.62) | W_solv: 0.62
  Val Metrics   : MAE: 130.74 | RMSE: 199.66 | NAE: 0.338 | Bias: +64.79
  GAME Hierarchy: G0: 130.74 | G1: 151.81 | G2: 179.10 | G3: 217.40 | Sparse(<=100): 45.52 | Mod(101-500): 98.72 | Dense(>500): 233.52
  Uncertainty   : Coverage: 50%=83.7%, 80%=95.2%, 95%=98.7% | Median Disp: 29.2
  Checkpoint    : Current Val MAE: 130.74 | Best Val MAE: 110.83
============================================================================================

[0186/1000] Loss: 9.9600 [cnt: 5.50, alloc(dm16): 3.433, cell: 0.317, reg_nb: 1.895 | h_bce: 0.1071 | curv: 0.0848 | h_bg: 0.0179 | sc_aln: 1.4398] | SolvStr: 1.00 | Disp: 28.4 | W_pred: 1.00 | W_solv: 0.62
[0187/1000] Loss: 9.9975 [cnt: 5.51, alloc(dm16): 3.457, cell: 0.319, reg_nb: 1.933 | h_bce: 0.1099 | curv: 0.0849 | h_bg: 0.0170 | sc_aln: 1.4584] | SolvStr: 1.00 | Disp: 30.7 | W_pred: 1.00 | W_solv: 0.62
[0188/1000] Loss: 10.0172 [cnt: 5.56, alloc(dm16): 3.427, cell: 0.315, reg_nb: 1.935 | h_bce: 0.1079 | curv: 0.0876 | h_bg: 0.0201 | sc_aln: 1.4341] | SolvStr: 1.00 | Disp: 31.8 | W_pred: 1.00 | W_solv: 0.62
[0189/1000] Loss: 9.8822 [cnt: 5.42, alloc(dm16): 3.429, cell: 0.317, reg_nb: 1.925 | h_bce: 0.1080 | curv: 0.0862 | h_bg: 0.0172 | sc_aln: 1.4263] | SolvStr: 1.00 | Disp: 32.9 | W_pred: 1.00 | W_solv: 0.62

============================================================================================
  EPOCH [0190/1000] PERIODIC EVALUATION (182 test samples)
--------------------------------------------------------------------------------------------
  Train Loss    : 9.7819 [cnt: 5.36, alloc(dm16): 3.398, cell: 0.317, reg_nb: 1.913 | h_bce: 0.1095 | curv: 0.0873 | h_bg: 0.0176 | sc_aln: 1.4303]
  Solver / W    : Str: 1.00 | E_red: 28.1% | W_pred: 1.00 (std: 0.63) | W_solv: 0.62
  Val Metrics   : MAE: 114.40 | RMSE: 166.81 | NAE: 0.322 | Bias: +55.95
  GAME Hierarchy: G0: 114.40 | G1: 137.90 | G2: 165.76 | G3: 207.30 | Sparse(<=100): 67.38 | Mod(101-500): 90.54 | Dense(>500): 188.47
  Uncertainty   : Coverage: 50%=84.0%, 80%=95.4%, 95%=98.8% | Median Disp: 31.8
  Checkpoint    : Current Val MAE: 114.40 | Best Val MAE: 110.83
============================================================================================

[0191/1000] Loss: 9.8102 [cnt: 5.37, alloc(dm16): 3.415, cell: 0.317, reg_nb: 1.895 | h_bce: 0.1073 | curv: 0.0854 | h_bg: 0.0164 | sc_aln: 1.4331] | SolvStr: 1.00 | Disp: 31.2 | W_pred: 1.00 | W_solv: 0.62
[0192/1000] Loss: 9.8777 [cnt: 5.43, alloc(dm16): 3.427, cell: 0.317, reg_nb: 1.882 | h_bce: 0.1067 | curv: 0.0873 | h_bg: 0.0176 | sc_aln: 1.4247] | SolvStr: 1.00 | Disp: 32.3 | W_pred: 1.00 | W_solv: 0.62
[0193/1000] Loss: 9.7547 [cnt: 5.34, alloc(dm16): 3.388, cell: 0.317, reg_nb: 1.918 | h_bce: 0.1080 | curv: 0.0867 | h_bg: 0.0190 | sc_aln: 1.4004] | SolvStr: 1.00 | Disp: 33.0 | W_pred: 1.00 | W_solv: 0.62
[0194/1000] Loss: 9.6740 [cnt: 5.23, alloc(dm16): 3.432, cell: 0.316, reg_nb: 1.886 | h_bce: 0.1072 | curv: 0.0832 | h_bg: 0.0186 | sc_aln: 1.4143] | SolvStr: 1.00 | Disp: 34.1 | W_pred: 1.00 | W_solv: 0.62

============================================================================================
  EPOCH [0195/1000] PERIODIC EVALUATION (182 test samples)
--------------------------------------------------------------------------------------------
  Train Loss    : 9.7413 [cnt: 5.29, alloc(dm16): 3.427, cell: 0.317, reg_nb: 1.900 | h_bce: 0.1073 | curv: 0.0858 | h_bg: 0.0192 | sc_aln: 1.3896]
  Solver / W    : Str: 1.00 | E_red: 40.7% | W_pred: 1.00 (std: 0.63) | W_solv: 0.62
  Val Metrics   : MAE: 139.04 | RMSE: 203.64 | NAE: 0.378 | Bias: +90.89
  GAME Hierarchy: G0: 139.04 | G1: 158.11 | G2: 184.40 | G3: 223.31 | Sparse(<=100): 58.67 | Mod(101-500): 111.27 | Dense(>500): 229.13
  Uncertainty   : Coverage: 50%=83.1%, 80%=95.1%, 95%=98.7% | Median Disp: 34.3
  Checkpoint    : Current Val MAE: 139.04 | Best Val MAE: 110.83
============================================================================================

[0196/1000] Loss: 9.8544 [cnt: 5.45, alloc(dm16): 3.369, cell: 0.315, reg_nb: 1.922 | h_bce: 0.1082 | curv: 0.0895 | h_bg: 0.0210 | sc_aln: 1.3990] | SolvStr: 1.00 | Disp: 34.8 | W_pred: 1.00 | W_solv: 0.62
[0197/1000] Loss: 9.9934 [cnt: 5.56, alloc(dm16): 3.412, cell: 0.318, reg_nb: 1.908 | h_bce: 0.1087 | curv: 0.0834 | h_bg: 0.0180 | sc_aln: 1.4222] | SolvStr: 1.00 | Disp: 35.9 | W_pred: 1.00 | W_solv: 0.62
[0198/1000] Loss: 9.9280 [cnt: 5.51, alloc(dm16): 3.382, cell: 0.317, reg_nb: 1.940 | h_bce: 0.1072 | curv: 0.0895 | h_bg: 0.0209 | sc_aln: 1.4054] | SolvStr: 1.00 | Disp: 36.4 | W_pred: 1.00 | W_solv: 0.62
[0199/1000] Loss: 9.7695 [cnt: 5.36, alloc(dm16): 3.394, cell: 0.318, reg_nb: 1.902 | h_bce: 0.1076 | curv: 0.0846 | h_bg: 0.0170 | sc_aln: 1.4188] | SolvStr: 1.00 | Disp: 38.2 | W_pred: 1.00 | W_solv: 0.62

============================================================================================
  EPOCH [0200/1000] PERIODIC EVALUATION (182 test samples)
--------------------------------------------------------------------------------------------
  Train Loss    : 9.6913 [cnt: 5.30, alloc(dm16): 3.366, cell: 0.316, reg_nb: 1.911 | h_bce: 0.1068 | curv: 0.0880 | h_bg: 0.0196 | sc_aln: 1.3844]
  Solver / W    : Str: 1.00 | E_red: 32.3% | W_pred: 1.00 (std: 0.66) | W_solv: 0.62
  Val Metrics   : MAE: 133.18 | RMSE: 195.97 | NAE: 0.358 | Bias: +82.39
  GAME Hierarchy: G0: 133.18 | G1: 154.82 | G2: 180.59 | G3: 220.83 | Sparse(<=100): 56.95 | Mod(101-500): 106.79 | Dense(>500): 218.79
  Uncertainty   : Coverage: 50%=83.5%, 80%=95.1%, 95%=98.8% | Median Disp: 36.9
  Checkpoint    : Current Val MAE: 133.18 | Best Val MAE: 110.83
============================================================================================

[0201/1000] Loss: 9.7141 [cnt: 5.31, alloc(dm16): 3.390, cell: 0.317, reg_nb: 1.875 | h_bce: 0.1069 | curv: 0.0847 | h_bg: 0.0155 | sc_aln: 1.3944] | SolvStr: 1.00 | Disp: 38.1 | W_pred: 1.00 | W_solv: 0.62
[0202/1000] Loss: 9.6638 [cnt: 5.25, alloc(dm16): 3.391, cell: 0.317, reg_nb: 1.893 | h_bce: 0.1091 | curv: 0.0861 | h_bg: 0.0174 | sc_aln: 1.3989] | SolvStr: 1.00 | Disp: 39.9 | W_pred: 1.00 | W_solv: 0.62
[0203/1000] Loss: 10.1229 [cnt: 5.72, alloc(dm16): 3.374, cell: 0.319, reg_nb: 1.917 | h_bce: 0.1065 | curv: 0.0820 | h_bg: 0.0153 | sc_aln: 1.3917] | SolvStr: 1.00 | Disp: 39.5 | W_pred: 1.00 | W_solv: 0.62
[0204/1000] Loss: 9.8048 [cnt: 5.40, alloc(dm16): 3.379, cell: 0.317, reg_nb: 1.917 | h_bce: 0.1082 | curv: 0.0851 | h_bg: 0.0209 | sc_aln: 1.3912] | SolvStr: 1.00 | Disp: 39.2 | W_pred: 1.00 | W_solv: 0.62

============================================================================================
  EPOCH [0205/1000] PERIODIC EVALUATION (182 test samples)
--------------------------------------------------------------------------------------------
  Train Loss    : 9.7922 [cnt: 5.40, alloc(dm16): 3.375, cell: 0.316, reg_nb: 1.897 | h_bce: 0.1073 | curv: 0.0851 | h_bg: 0.0205 | sc_aln: 1.3771]
  Solver / W    : Str: 1.00 | E_red: 36.8% | W_pred: 1.00 (std: 0.64) | W_solv: 0.62
  Val Metrics   : MAE: 114.97 | RMSE: 177.88 | NAE: 0.283 | Bias: -8.72
  GAME Hierarchy: G0: 114.97 | G1: 136.87 | G2: 161.86 | G3: 199.44 | Sparse(<=100): 33.97 | Mod(101-500): 82.69 | Dense(>500): 217.82
  Uncertainty   : Coverage: 50%=85.3%, 80%=95.1%, 95%=98.4% | Median Disp: 39.3
  Checkpoint    : Current Val MAE: 114.97 | Best Val MAE: 110.83
============================================================================================

[0206/1000] Loss: 9.8071 [cnt: 5.41, alloc(dm16): 3.389, cell: 0.316, reg_nb: 1.874 | h_bce: 0.1066 | curv: 0.0847 | h_bg: 0.0156 | sc_aln: 1.3736] | SolvStr: 1.00 | Disp: 40.7 | W_pred: 1.00 | W_solv: 0.62
[0207/1000] Loss: 9.6503 [cnt: 5.25, alloc(dm16): 3.390, cell: 0.317, reg_nb: 1.885 | h_bce: 0.1087 | curv: 0.0840 | h_bg: 0.0159 | sc_aln: 1.3754] | SolvStr: 1.00 | Disp: 41.7 | W_pred: 1.00 | W_solv: 0.62
[0208/1000] Loss: 9.6871 [cnt: 5.31, alloc(dm16): 3.367, cell: 0.316, reg_nb: 1.876 | h_bce: 0.1085 | curv: 0.0908 | h_bg: 0.0199 | sc_aln: 1.3769] | SolvStr: 1.00 | Disp: 41.1 | W_pred: 1.00 | W_solv: 0.62
[0209/1000] Loss: 9.8819 [cnt: 5.48, alloc(dm16): 3.387, cell: 0.317, reg_nb: 1.887 | h_bce: 0.1058 | curv: 0.0868 | h_bg: 0.0184 | sc_aln: 1.3659] | SolvStr: 1.00 | Disp: 41.8 | W_pred: 1.00 | W_solv: 0.62

============================================================================================
  EPOCH [0210/1000] PERIODIC EVALUATION (182 test samples)
--------------------------------------------------------------------------------------------
  Train Loss    : 9.7043 [cnt: 5.24, alloc(dm16): 3.453, cell: 0.316, reg_nb: 1.873 | h_bce: 0.1064 | curv: 0.0819 | h_bg: 0.0172 | sc_aln: 1.3756]
  Solver / W    : Str: 1.00 | E_red: 43.5% | W_pred: 1.00 (std: 0.64) | W_solv: 0.62
  Val Metrics   : MAE: 114.28 | RMSE: 174.35 | NAE: 0.300 | Bias: +45.90
  GAME Hierarchy: G0: 114.28 | G1: 137.43 | G2: 165.10 | G3: 204.84 | Sparse(<=100): 49.25 | Mod(101-500): 87.10 | Dense(>500): 200.38
  Uncertainty   : Coverage: 50%=84.7%, 80%=95.4%, 95%=98.8% | Median Disp: 44.5
  Checkpoint    : Current Val MAE: 114.28 | Best Val MAE: 110.83
============================================================================================

[0211/1000] Loss: 9.8918 [cnt: 5.50, alloc(dm16): 3.372, cell: 0.316, reg_nb: 1.892 | h_bce: 0.1080 | curv: 0.0870 | h_bg: 0.0188 | sc_aln: 1.3717] | SolvStr: 1.00 | Disp: 44.8 | W_pred: 1.00 | W_solv: 0.62
[0212/1000] Loss: 9.7522 [cnt: 5.37, alloc(dm16): 3.374, cell: 0.318, reg_nb: 1.865 | h_bce: 0.1064 | curv: 0.0806 | h_bg: 0.0136 | sc_aln: 1.3717] | SolvStr: 1.00 | Disp: 47.0 | W_pred: 1.00 | W_solv: 0.62
[0213/1000] Loss: 9.8775 [cnt: 5.47, alloc(dm16): 3.397, cell: 0.315, reg_nb: 1.892 | h_bce: 0.1079 | curv: 0.0856 | h_bg: 0.0193 | sc_aln: 1.3769] | SolvStr: 1.00 | Disp: 49.4 | W_pred: 1.00 | W_solv: 0.62
[0214/1000] Loss: 10.0510 [cnt: 5.64, alloc(dm16): 3.388, cell: 0.318, reg_nb: 1.918 | h_bce: 0.1066 | curv: 0.0832 | h_bg: 0.0161 | sc_aln: 1.3769] | SolvStr: 1.00 | Disp: 49.7 | W_pred: 1.00 | W_solv: 0.62

============================================================================================
  EPOCH [0215/1000] PERIODIC EVALUATION (182 test samples)
--------------------------------------------------------------------------------------------
  Train Loss    : 9.6926 [cnt: 5.26, alloc(dm16): 3.418, cell: 0.316, reg_nb: 1.889 | h_bce: 0.1069 | curv: 0.0860 | h_bg: 0.0196 | sc_aln: 1.3655]
  Solver / W    : Str: 1.00 | E_red: 32.9% | W_pred: 1.00 (std: 0.64) | W_solv: 0.62
  Val Metrics   : MAE: 105.83 | RMSE: 155.84 | NAE: 0.283 | Bias: +27.65
  GAME Hierarchy: G0: 105.83 | G1: 128.46 | G2: 155.03 | G3: 193.44 | Sparse(<=100): 44.80 | Mod(101-500): 82.16 | Dense(>500): 181.50
  Uncertainty   : Coverage: 50%=85.1%, 80%=95.5%, 95%=98.8% | Median Disp: 48.1
  Checkpoint    : Current Val MAE: 105.83 | Best Val MAE: 105.83 >>> [NEW BEST CHECKPOINT SAVED] <<<
============================================================================================

[0216/1000] Loss: 9.6436 [cnt: 5.27, alloc(dm16): 3.360, cell: 0.317, reg_nb: 1.891 | h_bce: 0.1046 | curv: 0.0859 | h_bg: 0.0176 | sc_aln: 1.3578] | SolvStr: 1.00 | Disp: 47.5 | W_pred: 1.00 | W_solv: 0.61
[0217/1000] Loss: 9.5574 [cnt: 5.13, alloc(dm16): 3.432, cell: 0.315, reg_nb: 1.846 | h_bce: 0.1051 | curv: 0.0849 | h_bg: 0.0175 | sc_aln: 1.3547] | SolvStr: 1.00 | Disp: 50.2 | W_pred: 1.00 | W_solv: 0.61
[0218/1000] Loss: 9.7478 [cnt: 5.34, alloc(dm16): 3.379, cell: 0.317, reg_nb: 1.924 | h_bce: 0.1068 | curv: 0.0855 | h_bg: 0.0156 | sc_aln: 1.3390] | SolvStr: 1.00 | Disp: 51.7 | W_pred: 1.00 | W_solv: 0.61
[0219/1000] Loss: 9.7568 [cnt: 5.34, alloc(dm16): 3.400, cell: 0.315, reg_nb: 1.891 | h_bce: 0.1072 | curv: 0.0854 | h_bg: 0.0181 | sc_aln: 1.3406] | SolvStr: 1.00 | Disp: 50.7 | W_pred: 1.00 | W_solv: 0.61

============================================================================================
  EPOCH [0220/1000] PERIODIC EVALUATION (182 test samples)
--------------------------------------------------------------------------------------------
  Train Loss    : 9.7090 [cnt: 5.31, alloc(dm16): 3.384, cell: 0.317, reg_nb: 1.884 | h_bce: 0.1055 | curv: 0.0876 | h_bg: 0.0192 | sc_aln: 1.3391]
  Solver / W    : Str: 1.00 | E_red: 42.2% | W_pred: 1.00 (std: 0.65) | W_solv: 0.61
  Val Metrics   : MAE: 97.48 | RMSE: 142.31 | NAE: 0.267 | Bias: +23.14
  GAME Hierarchy: G0: 97.48 | G1: 122.39 | G2: 149.61 | G3: 189.31 | Sparse(<=100): 52.13 | Mod(101-500): 73.73 | Dense(>500): 170.96
  Uncertainty   : Coverage: 50%=84.9%, 80%=95.5%, 95%=98.8% | Median Disp: 52.5
  Checkpoint    : Current Val MAE: 97.48 | Best Val MAE: 97.48 >>> [NEW BEST CHECKPOINT SAVED] <<<
============================================================================================

[0221/1000] Loss: 9.6997 [cnt: 5.34, alloc(dm16): 3.341, cell: 0.317, reg_nb: 1.908 | h_bce: 0.1058 | curv: 0.0834 | h_bg: 0.0146 | sc_aln: 1.3240] | SolvStr: 1.00 | Disp: 51.7 | W_pred: 1.00 | W_solv: 0.61
[0222/1000] Loss: 9.6456 [cnt: 5.26, alloc(dm16): 3.376, cell: 0.317, reg_nb: 1.885 | h_bce: 0.1084 | curv: 0.0851 | h_bg: 0.0180 | sc_aln: 1.3377] | SolvStr: 1.00 | Disp: 52.6 | W_pred: 1.00 | W_solv: 0.61
[0223/1000] Loss: 9.5842 [cnt: 5.22, alloc(dm16): 3.364, cell: 0.317, reg_nb: 1.868 | h_bce: 0.1059 | curv: 0.0811 | h_bg: 0.0156 | sc_aln: 1.3197] | SolvStr: 1.00 | Disp: 52.8 | W_pred: 1.00 | W_solv: 0.61
[0224/1000] Loss: 9.7246 [cnt: 5.34, alloc(dm16): 3.383, cell: 0.316, reg_nb: 1.877 | h_bce: 0.1072 | curv: 0.0832 | h_bg: 0.0176 | sc_aln: 1.3144] | SolvStr: 1.00 | Disp: 55.7 | W_pred: 1.00 | W_solv: 0.61

============================================================================================
  EPOCH [0225/1000] PERIODIC EVALUATION (182 test samples)
--------------------------------------------------------------------------------------------
  Train Loss    : 9.6352 [cnt: 5.23, alloc(dm16): 3.410, cell: 0.317, reg_nb: 1.844 | h_bce: 0.1049 | curv: 0.0823 | h_bg: 0.0163 | sc_aln: 1.3139]
  Solver / W    : Str: 1.00 | E_red: 31.7% | W_pred: 1.00 (std: 0.66) | W_solv: 0.61
  Val Metrics   : MAE: 102.80 | RMSE: 150.49 | NAE: 0.270 | Bias: +1.73
  GAME Hierarchy: G0: 102.80 | G1: 125.52 | G2: 152.59 | G3: 189.67 | Sparse(<=100): 37.19 | Mod(101-500): 77.31 | Dense(>500): 184.26
  Uncertainty   : Coverage: 50%=85.3%, 80%=95.4%, 95%=98.7% | Median Disp: 56.1
  Checkpoint    : Current Val MAE: 102.80 | Best Val MAE: 97.48
============================================================================================

[0226/1000] Loss: 9.8847 [cnt: 5.49, alloc(dm16): 3.381, cell: 0.317, reg_nb: 1.893 | h_bce: 0.1063 | curv: 0.0845 | h_bg: 0.0171 | sc_aln: 1.3109] | SolvStr: 1.00 | Disp: 57.2 | W_pred: 1.00 | W_solv: 0.61
[0227/1000] Loss: 9.5769 [cnt: 5.20, alloc(dm16): 3.379, cell: 0.314, reg_nb: 1.855 | h_bce: 0.1059 | curv: 0.0843 | h_bg: 0.0181 | sc_aln: 1.3239] | SolvStr: 1.00 | Disp: 55.9 | W_pred: 1.00 | W_solv: 0.61
[0228/1000] Loss: 9.6427 [cnt: 5.26, alloc(dm16): 3.381, cell: 0.316, reg_nb: 1.875 | h_bce: 0.1060 | curv: 0.0829 | h_bg: 0.0164 | sc_aln: 1.3135] | SolvStr: 1.00 | Disp: 58.1 | W_pred: 1.00 | W_solv: 0.61
[0229/1000] Loss: 9.6188 [cnt: 5.29, alloc(dm16): 3.317, cell: 0.316, reg_nb: 1.877 | h_bce: 0.1054 | curv: 0.0859 | h_bg: 0.0183 | sc_aln: 1.2874] | SolvStr: 1.00 | Disp: 60.4 | W_pred: 1.00 | W_solv: 0.60

============================================================================================
  EPOCH [0230/1000] PERIODIC EVALUATION (182 test samples)
--------------------------------------------------------------------------------------------
  Train Loss    : 9.7415 [cnt: 5.38, alloc(dm16): 3.361, cell: 0.315, reg_nb: 1.866 | h_bce: 0.1049 | curv: 0.0840 | h_bg: 0.0206 | sc_aln: 1.3049]
  Solver / W    : Str: 1.00 | E_red: 46.5% | W_pred: 1.00 (std: 0.66) | W_solv: 0.60
  Val Metrics   : MAE: 93.62 | RMSE: 135.17 | NAE: 0.256 | Bias: +6.95
  GAME Hierarchy: G0: 93.62 | G1: 118.92 | G2: 146.47 | G3: 185.53 | Sparse(<=100): 45.64 | Mod(101-500): 72.21 | Dense(>500): 160.97
  Uncertainty   : Coverage: 50%=85.0%, 80%=95.4%, 95%=98.8% | Median Disp: 61.1
  Checkpoint    : Current Val MAE: 93.62 | Best Val MAE: 93.62 >>> [NEW BEST CHECKPOINT SAVED] <<<
============================================================================================

[0231/1000] Loss: 9.8294 [cnt: 5.44, alloc(dm16): 3.389, cell: 0.317, reg_nb: 1.850 | h_bce: 0.1059 | curv: 0.0849 | h_bg: 0.0171 | sc_aln: 1.3060] | SolvStr: 1.00 | Disp: 64.1 | W_pred: 1.00 | W_solv: 0.61
[0232/1000] Loss: 9.5331 [cnt: 5.20, alloc(dm16): 3.336, cell: 0.316, reg_nb: 1.849 | h_bce: 0.1030 | curv: 0.0832 | h_bg: 0.0167 | sc_aln: 1.2901] | SolvStr: 1.00 | Disp: 63.1 | W_pred: 1.00 | W_solv: 0.60
[0233/1000] Loss: 9.7549 [cnt: 5.34, alloc(dm16): 3.406, cell: 0.317, reg_nb: 1.865 | h_bce: 0.1061 | curv: 0.0848 | h_bg: 0.0161 | sc_aln: 1.2831] | SolvStr: 1.00 | Disp: 65.3 | W_pred: 1.00 | W_solv: 0.60
[0234/1000] Loss: 9.7384 [cnt: 5.38, alloc(dm16): 3.350, cell: 0.318, reg_nb: 1.878 | h_bce: 0.1068 | curv: 0.0842 | h_bg: 0.0167 | sc_aln: 1.2903] | SolvStr: 1.00 | Disp: 66.4 | W_pred: 1.00 | W_solv: 0.60

============================================================================================
  EPOCH [0235/1000] PERIODIC EVALUATION (182 test samples)
--------------------------------------------------------------------------------------------
  Train Loss    : 9.6472 [cnt: 5.26, alloc(dm16): 3.382, cell: 0.315, reg_nb: 1.855 | h_bce: 0.1046 | curv: 0.0850 | h_bg: 0.0182 | sc_aln: 1.2874]
  Solver / W    : Str: 1.00 | E_red: 38.1% | W_pred: 1.00 (std: 0.67) | W_solv: 0.60
  Val Metrics   : MAE: 98.70 | RMSE: 148.19 | NAE: 0.243 | Bias: -38.54
  GAME Hierarchy: G0: 98.70 | G1: 120.48 | G2: 145.78 | G3: 181.22 | Sparse(<=100): 30.07 | Mod(101-500): 67.68 | Dense(>500): 196.13
  Uncertainty   : Coverage: 50%=85.5%, 80%=95.2%, 95%=98.5% | Median Disp: 67.2
  Checkpoint    : Current Val MAE: 98.70 | Best Val MAE: 93.62
============================================================================================

[0236/1000] Loss: 9.5799 [cnt: 5.23, alloc(dm16): 3.349, cell: 0.315, reg_nb: 1.849 | h_bce: 0.1039 | curv: 0.0814 | h_bg: 0.0161 | sc_aln: 1.2959] | SolvStr: 1.00 | Disp: 67.2 | W_pred: 1.00 | W_solv: 0.61
[0237/1000] Loss: 9.6274 [cnt: 5.27, alloc(dm16): 3.358, cell: 0.315, reg_nb: 1.850 | h_bce: 0.1045 | curv: 0.0843 | h_bg: 0.0156 | sc_aln: 1.3001] | SolvStr: 1.00 | Disp: 68.7 | W_pred: 1.00 | W_solv: 0.60
[0238/1000] Loss: 9.5752 [cnt: 5.21, alloc(dm16): 3.367, cell: 0.316, reg_nb: 1.842 | h_bce: 0.1051 | curv: 0.0842 | h_bg: 0.0165 | sc_aln: 1.2988] | SolvStr: 1.00 | Disp: 71.2 | W_pred: 1.00 | W_solv: 0.60
[0239/1000] Loss: 9.4196 [cnt: 5.04, alloc(dm16): 3.387, cell: 0.315, reg_nb: 1.828 | h_bce: 0.1044 | curv: 0.0867 | h_bg: 0.0193 | sc_aln: 1.2867] | SolvStr: 1.00 | Disp: 71.2 | W_pred: 1.00 | W_solv: 0.60

============================================================================================
  EPOCH [0240/1000] PERIODIC EVALUATION (182 test samples)
--------------------------------------------------------------------------------------------
  Train Loss    : 9.5045 [cnt: 5.14, alloc(dm16): 3.363, cell: 0.316, reg_nb: 1.848 | h_bce: 0.1044 | curv: 0.0863 | h_bg: 0.0197 | sc_aln: 1.2972]
  Solver / W    : Str: 1.00 | E_red: 38.0% | W_pred: 1.00 (std: 0.67) | W_solv: 0.61
  Val Metrics   : MAE: 95.90 | RMSE: 142.41 | NAE: 0.253 | Bias: +28.44
  GAME Hierarchy: G0: 95.90 | G1: 122.12 | G2: 147.47 | G3: 187.28 | Sparse(<=100): 35.47 | Mod(101-500): 72.83 | Dense(>500): 169.80
  Uncertainty   : Coverage: 50%=84.8%, 80%=95.6%, 95%=98.8% | Median Disp: 73.5
  Checkpoint    : Current Val MAE: 95.90 | Best Val MAE: 93.62
============================================================================================

[0241/1000] Loss: 9.6322 [cnt: 5.27, alloc(dm16): 3.359, cell: 0.317, reg_nb: 1.863 | h_bce: 0.1036 | curv: 0.0842 | h_bg: 0.0167 | sc_aln: 1.2749] | SolvStr: 1.00 | Disp: 72.3 | W_pred: 1.00 | W_solv: 0.60
[0242/1000] Loss: 9.5859 [cnt: 5.21, alloc(dm16): 3.381, cell: 0.316, reg_nb: 1.850 | h_bce: 0.1056 | curv: 0.0859 | h_bg: 0.0188 | sc_aln: 1.2783] | SolvStr: 1.00 | Disp: 75.2 | W_pred: 1.00 | W_solv: 0.60
[0243/1000] Loss: 9.6307 [cnt: 5.27, alloc(dm16): 3.361, cell: 0.316, reg_nb: 1.851 | h_bce: 0.1049 | curv: 0.0840 | h_bg: 0.0161 | sc_aln: 1.2558] | SolvStr: 1.00 | Disp: 74.0 | W_pred: 1.00 | W_solv: 0.60
[0244/1000] Loss: 9.6725 [cnt: 5.31, alloc(dm16): 3.372, cell: 0.316, reg_nb: 1.850 | h_bce: 0.1045 | curv: 0.0809 | h_bg: 0.0147 | sc_aln: 1.2640] | SolvStr: 1.00 | Disp: 75.2 | W_pred: 1.00 | W_solv: 0.60

============================================================================================
  EPOCH [0245/1000] PERIODIC EVALUATION (182 test samples)
--------------------------------------------------------------------------------------------
  Train Loss    : 9.5585 [cnt: 5.22, alloc(dm16): 3.345, cell: 0.314, reg_nb: 1.833 | h_bce: 0.1052 | curv: 0.0827 | h_bg: 0.0147 | sc_aln: 1.2645]
  Solver / W    : Str: 1.00 | E_red: 38.9% | W_pred: 1.00 (std: 0.67) | W_solv: 0.60
  Val Metrics   : MAE: 96.11 | RMSE: 141.91 | NAE: 0.260 | Bias: +27.06
  GAME Hierarchy: G0: 96.11 | G1: 120.33 | G2: 147.61 | G3: 188.61 | Sparse(<=100): 46.87 | Mod(101-500): 73.58 | Dense(>500): 166.78
  Uncertainty   : Coverage: 50%=84.6%, 80%=95.5%, 95%=98.8% | Median Disp: 77.0
  Checkpoint    : Current Val MAE: 96.11 | Best Val MAE: 93.62
============================================================================================

[0246/1000] Loss: 9.4506 [cnt: 5.11, alloc(dm16): 3.350, cell: 0.315, reg_nb: 1.849 | h_bce: 0.1045 | curv: 0.0827 | h_bg: 0.0153 | sc_aln: 1.2404] | SolvStr: 1.00 | Disp: 76.4 | W_pred: 1.00 | W_solv: 0.60
[0247/1000] Loss: 9.5217 [cnt: 5.13, alloc(dm16): 3.404, cell: 0.315, reg_nb: 1.829 | h_bce: 0.1063 | curv: 0.0832 | h_bg: 0.0164 | sc_aln: 1.2610] | SolvStr: 1.00 | Disp: 76.7 | W_pred: 1.00 | W_solv: 0.60
[0248/1000] Loss: 9.3263 [cnt: 4.99, alloc(dm16): 3.337, cell: 0.316, reg_nb: 1.848 | h_bce: 0.1035 | curv: 0.0847 | h_bg: 0.0176 | sc_aln: 1.2400] | SolvStr: 1.00 | Disp: 78.2 | W_pred: 1.00 | W_solv: 0.60
[0249/1000] Loss: 9.5218 [cnt: 5.14, alloc(dm16): 3.380, cell: 0.317, reg_nb: 1.859 | h_bce: 0.1055 | curv: 0.0818 | h_bg: 0.0166 | sc_aln: 1.2739] | SolvStr: 1.00 | Disp: 81.3 | W_pred: 1.00 | W_solv: 0.60

============================================================================================
  EPOCH [0250/1000] PERIODIC EVALUATION (182 test samples)
--------------------------------------------------------------------------------------------
  Train Loss    : 9.4847 [cnt: 5.13, alloc(dm16): 3.347, cell: 0.316, reg_nb: 1.866 | h_bce: 0.1058 | curv: 0.0841 | h_bg: 0.0191 | sc_aln: 1.2577]
  Solver / W    : Str: 1.00 | E_red: 35.4% | W_pred: 1.00 (std: 0.67) | W_solv: 0.60
  Val Metrics   : MAE: 96.12 | RMSE: 142.30 | NAE: 0.259 | Bias: +22.84
  GAME Hierarchy: G0: 96.12 | G1: 121.06 | G2: 146.69 | G3: 187.36 | Sparse(<=100): 50.57 | Mod(101-500): 72.44 | Dense(>500): 169.45
  Uncertainty   : Coverage: 50%=84.9%, 80%=95.4%, 95%=98.8% | Median Disp: 77.9
  Checkpoint    : Current Val MAE: 96.12 | Best Val MAE: 93.62
============================================================================================

[0251/1000] Loss: 9.6123 [cnt: 5.23, alloc(dm16): 3.380, cell: 0.315, reg_nb: 1.852 | h_bce: 0.1038 | curv: 0.0858 | h_bg: 0.0191 | sc_aln: 1.2565] | SolvStr: 1.00 | Disp: 79.4 | W_pred: 1.00 | W_solv: 0.60
[0252/1000] Loss: 9.4658 [cnt: 5.11, alloc(dm16): 3.368, cell: 0.316, reg_nb: 1.822 | h_bce: 0.1054 | curv: 0.0833 | h_bg: 0.0158 | sc_aln: 1.2701] | SolvStr: 1.00 | Disp: 84.9 | W_pred: 1.00 | W_solv: 0.60
[0253/1000] Loss: 9.6306 [cnt: 5.29, alloc(dm16): 3.347, cell: 0.316, reg_nb: 1.846 | h_bce: 0.1047 | curv: 0.0847 | h_bg: 0.0157 | sc_aln: 1.2637] | SolvStr: 1.00 | Disp: 85.2 | W_pred: 1.00 | W_solv: 0.60
[0254/1000] Loss: 9.4758 [cnt: 5.13, alloc(dm16): 3.349, cell: 0.315, reg_nb: 1.861 | h_bce: 0.1046 | curv: 0.0840 | h_bg: 0.0198 | sc_aln: 1.2518] | SolvStr: 1.00 | Disp: 84.6 | W_pred: 1.00 | W_solv: 0.60

============================================================================================
  EPOCH [0255/1000] PERIODIC EVALUATION (182 test samples)
--------------------------------------------------------------------------------------------
  Train Loss    : 9.3790 [cnt: 5.02, alloc(dm16): 3.375, cell: 0.316, reg_nb: 1.824 | h_bce: 0.1048 | curv: 0.0820 | h_bg: 0.0157 | sc_aln: 1.2739]
  Solver / W    : Str: 1.00 | E_red: 26.8% | W_pred: 1.00 (std: 0.67) | W_solv: 0.60
  Val Metrics   : MAE: 98.33 | RMSE: 143.58 | NAE: 0.275 | Bias: +33.87
  GAME Hierarchy: G0: 98.33 | G1: 124.11 | G2: 148.06 | G3: 187.25 | Sparse(<=100): 49.04 | Mod(101-500): 78.42 | Dense(>500): 161.67
  Uncertainty   : Coverage: 50%=84.6%, 80%=95.5%, 95%=98.8% | Median Disp: 87.6
  Checkpoint    : Current Val MAE: 98.33 | Best Val MAE: 93.62
============================================================================================

[0256/1000] Loss: 9.6609 [cnt: 5.30, alloc(dm16): 3.375, cell: 0.318, reg_nb: 1.815 | h_bce: 0.1031 | curv: 0.0842 | h_bg: 0.0170 | sc_aln: 1.2454] | SolvStr: 1.00 | Disp: 87.2 | W_pred: 1.00 | W_solv: 0.60
[0257/1000] Loss: 9.5676 [cnt: 5.23, alloc(dm16): 3.360, cell: 0.315, reg_nb: 1.814 | h_bce: 0.1027 | curv: 0.0828 | h_bg: 0.0158 | sc_aln: 1.2450] | SolvStr: 1.00 | Disp: 90.4 | W_pred: 1.00 | W_solv: 0.60
[0258/1000] Loss: 9.5944 [cnt: 5.22, alloc(dm16): 3.379, cell: 0.316, reg_nb: 1.837 | h_bce: 0.1035 | curv: 0.0861 | h_bg: 0.0174 | sc_aln: 1.2408] | SolvStr: 1.00 | Disp: 90.0 | W_pred: 1.00 | W_solv: 0.60
[0259/1000] Loss: 9.7326 [cnt: 5.33, alloc(dm16): 3.419, cell: 0.316, reg_nb: 1.816 | h_bce: 0.1031 | curv: 0.0838 | h_bg: 0.0146 | sc_aln: 1.2533] | SolvStr: 1.00 | Disp: 92.2 | W_pred: 1.00 | W_solv: 0.60

============================================================================================
  EPOCH [0260/1000] PERIODIC EVALUATION (182 test samples)
--------------------------------------------------------------------------------------------
  Train Loss    : 9.4227 [cnt: 5.12, alloc(dm16): 3.303, cell: 0.317, reg_nb: 1.846 | h_bce: 0.1039 | curv: 0.0892 | h_bg: 0.0168 | sc_aln: 1.2474]
  Solver / W    : Str: 1.00 | E_red: 29.8% | W_pred: 1.01 (std: 0.69) | W_solv: 0.60
  Val Metrics   : MAE: 108.32 | RMSE: 156.85 | NAE: 0.303 | Bias: +37.09
  GAME Hierarchy: G0: 108.32 | G1: 130.78 | G2: 153.91 | G3: 191.94 | Sparse(<=100): 40.68 | Mod(101-500): 89.01 | Dense(>500): 172.76
  Uncertainty   : Coverage: 50%=83.9%, 80%=95.0%, 95%=98.6% | Median Disp: 90.0
  Checkpoint    : Current Val MAE: 108.32 | Best Val MAE: 93.62
============================================================================================

[0261/1000] Loss: 9.6804 [cnt: 5.31, alloc(dm16): 3.377, cell: 0.315, reg_nb: 1.829 | h_bce: 0.1038 | curv: 0.0841 | h_bg: 0.0192 | sc_aln: 1.2625] | SolvStr: 1.00 | Disp: 88.6 | W_pred: 1.00 | W_solv: 0.60
[0262/1000] Loss: 9.6152 [cnt: 5.25, alloc(dm16): 3.382, cell: 0.315, reg_nb: 1.821 | h_bce: 0.1046 | curv: 0.0830 | h_bg: 0.0172 | sc_aln: 1.2460] | SolvStr: 1.00 | Disp: 89.3 | W_pred: 1.00 | W_solv: 0.60
[0263/1000] Loss: 9.5068 [cnt: 5.20, alloc(dm16): 3.308, cell: 0.315, reg_nb: 1.862 | h_bce: 0.1025 | curv: 0.0840 | h_bg: 0.0179 | sc_aln: 1.2175] | SolvStr: 1.00 | Disp: 91.1 | W_pred: 1.00 | W_solv: 0.59
[0264/1000] Loss: 9.3797 [cnt: 5.06, alloc(dm16): 3.317, cell: 0.316, reg_nb: 1.852 | h_bce: 0.1033 | curv: 0.0838 | h_bg: 0.0202 | sc_aln: 1.2417] | SolvStr: 1.00 | Disp: 92.9 | W_pred: 1.00 | W_solv: 0.60

============================================================================================
  EPOCH [0265/1000] PERIODIC EVALUATION (182 test samples)
--------------------------------------------------------------------------------------------
  Train Loss    : 9.5119 [cnt: 5.17, alloc(dm16): 3.343, cell: 0.315, reg_nb: 1.850 | h_bce: 0.1021 | curv: 0.0882 | h_bg: 0.0214 | sc_aln: 1.2332]
  Solver / W    : Str: 1.00 | E_red: 32.1% | W_pred: 1.00 (std: 0.69) | W_solv: 0.60
  Val Metrics   : MAE: 104.82 | RMSE: 149.19 | NAE: 0.299 | Bias: +43.53
  GAME Hierarchy: G0: 104.82 | G1: 128.83 | G2: 152.45 | G3: 191.30 | Sparse(<=100): 45.73 | Mod(101-500): 87.60 | Dense(>500): 162.09
  Uncertainty   : Coverage: 50%=84.0%, 80%=95.3%, 95%=98.7% | Median Disp: 90.7
  Checkpoint    : Current Val MAE: 104.82 | Best Val MAE: 93.62
============================================================================================

[0266/1000] Loss: 9.3786 [cnt: 5.08, alloc(dm16): 3.300, cell: 0.314, reg_nb: 1.856 | h_bce: 0.1036 | curv: 0.0869 | h_bg: 0.0203 | sc_aln: 1.2377] | SolvStr: 1.00 | Disp: 91.8 | W_pred: 1.01 | W_solv: 0.60
[0267/1000] Loss: 9.4873 [cnt: 5.14, alloc(dm16): 3.362, cell: 0.317, reg_nb: 1.814 | h_bce: 0.1030 | curv: 0.0817 | h_bg: 0.0142 | sc_aln: 1.2431] | SolvStr: 1.00 | Disp: 95.4 | W_pred: 1.01 | W_solv: 0.60
[0268/1000] Loss: 9.5636 [cnt: 5.24, alloc(dm16): 3.337, cell: 0.316, reg_nb: 1.828 | h_bce: 0.1017 | curv: 0.0853 | h_bg: 0.0165 | sc_aln: 1.2268] | SolvStr: 1.00 | Disp: 95.8 | W_pred: 1.00 | W_solv: 0.60
[0269/1000] Loss: 9.4747 [cnt: 5.15, alloc(dm16): 3.331, cell: 0.315, reg_nb: 1.840 | h_bce: 0.1039 | curv: 0.0871 | h_bg: 0.0190 | sc_aln: 1.2157] | SolvStr: 1.00 | Disp: 94.0 | W_pred: 1.01 | W_solv: 0.59

============================================================================================
  EPOCH [0270/1000] PERIODIC EVALUATION (182 test samples)
--------------------------------------------------------------------------------------------
  Train Loss    : 9.3587 [cnt: 5.06, alloc(dm16): 3.316, cell: 0.314, reg_nb: 1.828 | h_bce: 0.1024 | curv: 0.0829 | h_bg: 0.0181 | sc_aln: 1.2103]
  Solver / W    : Str: 1.00 | E_red: 38.1% | W_pred: 1.00 (std: 0.67) | W_solv: 0.59
  Val Metrics   : MAE: 110.16 | RMSE: 160.31 | NAE: 0.288 | Bias: +33.17
  GAME Hierarchy: G0: 110.16 | G1: 129.29 | G2: 154.02 | G3: 191.92 | Sparse(<=100): 31.72 | Mod(101-500): 84.44 | Dense(>500): 194.24
  Uncertainty   : Coverage: 50%=84.5%, 80%=95.2%, 95%=98.5% | Median Disp: 96.6
  Checkpoint    : Current Val MAE: 110.16 | Best Val MAE: 93.62
============================================================================================

[0271/1000] Loss: 9.4660 [cnt: 5.14, alloc(dm16): 3.320, cell: 0.317, reg_nb: 1.863 | h_bce: 0.1039 | curv: 0.0843 | h_bg: 0.0164 | sc_aln: 1.2247] | SolvStr: 1.00 | Disp: 101.2 | W_pred: 1.00 | W_solv: 0.60
[0272/1000] Loss: 9.4355 [cnt: 5.11, alloc(dm16): 3.335, cell: 0.316, reg_nb: 1.834 | h_bce: 0.1024 | curv: 0.0827 | h_bg: 0.0167 | sc_aln: 1.2389] | SolvStr: 1.00 | Disp: 97.7 | W_pred: 1.01 | W_solv: 0.60
[0273/1000] Loss: 9.5689 [cnt: 5.22, alloc(dm16): 3.359, cell: 0.314, reg_nb: 1.830 | h_bce: 0.1005 | curv: 0.0834 | h_bg: 0.0171 | sc_aln: 1.2217] | SolvStr: 1.00 | Disp: 97.7 | W_pred: 1.01 | W_solv: 0.60
[0274/1000] Loss: 9.5818 [cnt: 5.23, alloc(dm16): 3.355, cell: 0.316, reg_nb: 1.837 | h_bce: 0.1047 | curv: 0.0880 | h_bg: 0.0191 | sc_aln: 1.2339] | SolvStr: 1.00 | Disp: 101.6 | W_pred: 1.01 | W_solv: 0.60

============================================================================================
  EPOCH [0275/1000] PERIODIC EVALUATION (182 test samples)
--------------------------------------------------------------------------------------------
  Train Loss    : 9.4839 [cnt: 5.13, alloc(dm16): 3.364, cell: 0.315, reg_nb: 1.822 | h_bce: 0.1018 | curv: 0.0842 | h_bg: 0.0193 | sc_aln: 1.2385]
  Solver / W    : Str: 1.00 | E_red: 29.1% | W_pred: 1.00 (std: 0.69) | W_solv: 0.60
  Val Metrics   : MAE: 110.10 | RMSE: 159.86 | NAE: 0.298 | Bias: +46.57
  GAME Hierarchy: G0: 110.10 | G1: 129.55 | G2: 153.95 | G3: 192.87 | Sparse(<=100): 38.13 | Mod(101-500): 87.01 | Dense(>500): 185.82
  Uncertainty   : Coverage: 50%=84.3%, 80%=95.2%, 95%=98.6% | Median Disp: 102.0
  Checkpoint    : Current Val MAE: 110.10 | Best Val MAE: 93.62
============================================================================================

[0276/1000] Loss: 9.4147 [cnt: 5.10, alloc(dm16): 3.332, cell: 0.315, reg_nb: 1.816 | h_bce: 0.1009 | curv: 0.0860 | h_bg: 0.0198 | sc_aln: 1.2156] | SolvStr: 1.00 | Disp: 104.4 | W_pred: 1.01 | W_solv: 0.60
[0277/1000] Loss: 9.3359 [cnt: 5.01, alloc(dm16): 3.347, cell: 0.316, reg_nb: 1.792 | h_bce: 0.1014 | curv: 0.0816 | h_bg: 0.0150 | sc_aln: 1.2256] | SolvStr: 1.00 | Disp: 108.6 | W_pred: 1.00 | W_solv: 0.60
[0278/1000] Loss: 9.3429 [cnt: 5.03, alloc(dm16): 3.336, cell: 0.314, reg_nb: 1.792 | h_bce: 0.1021 | curv: 0.0802 | h_bg: 0.0174 | sc_aln: 1.2458] | SolvStr: 1.00 | Disp: 111.6 | W_pred: 1.01 | W_solv: 0.60
[0279/1000] Loss: 9.3799 [cnt: 5.06, alloc(dm16): 3.332, cell: 0.315, reg_nb: 1.813 | h_bce: 0.1022 | curv: 0.0863 | h_bg: 0.0178 | sc_aln: 1.2266] | SolvStr: 1.00 | Disp: 108.2 | W_pred: 1.01 | W_solv: 0.60

============================================================================================
  EPOCH [0280/1000] PERIODIC EVALUATION (182 test samples)
--------------------------------------------------------------------------------------------
  Train Loss    : 9.3325 [cnt: 5.02, alloc(dm16): 3.328, cell: 0.316, reg_nb: 1.796 | h_bce: 0.1013 | curv: 0.0849 | h_bg: 0.0175 | sc_aln: 1.2199]
  Solver / W    : Str: 1.00 | E_red: 38.0% | W_pred: 1.00 (std: 0.68) | W_solv: 0.60
  Val Metrics   : MAE: 91.07 | RMSE: 136.43 | NAE: 0.244 | Bias: -5.02
  GAME Hierarchy: G0: 91.07 | G1: 115.09 | G2: 139.79 | G3: 177.01 | Sparse(<=100): 40.99 | Mod(101-500): 67.97 | Dense(>500): 163.48
  Uncertainty   : Coverage: 50%=85.8%, 80%=95.7%, 95%=98.8% | Median Disp: 111.6
  Checkpoint    : Current Val MAE: 91.07 | Best Val MAE: 91.07 >>> [NEW BEST CHECKPOINT SAVED] <<<
============================================================================================

[0281/1000] Loss: 9.4240 [cnt: 5.13, alloc(dm16): 3.301, cell: 0.316, reg_nb: 1.817 | h_bce: 0.1012 | curv: 0.0840 | h_bg: 0.0163 | sc_aln: 1.2081] | SolvStr: 1.00 | Disp: 108.6 | W_pred: 1.01 | W_solv: 0.59
[0282/1000] Loss: 9.3602 [cnt: 5.07, alloc(dm16): 3.302, cell: 0.315, reg_nb: 1.825 | h_bce: 0.1014 | curv: 0.0855 | h_bg: 0.0185 | sc_aln: 1.2106] | SolvStr: 1.00 | Disp: 109.0 | W_pred: 1.01 | W_solv: 0.59
[0283/1000] Loss: 9.3714 [cnt: 5.04, alloc(dm16): 3.345, cell: 0.315, reg_nb: 1.825 | h_bce: 0.1011 | curv: 0.0838 | h_bg: 0.0192 | sc_aln: 1.2019] | SolvStr: 1.00 | Disp: 109.9 | W_pred: 1.01 | W_solv: 0.59
[0284/1000] Loss: 9.4201 [cnt: 5.11, alloc(dm16): 3.324, cell: 0.314, reg_nb: 1.823 | h_bce: 0.1014 | curv: 0.0845 | h_bg: 0.0172 | sc_aln: 1.1892] | SolvStr: 1.00 | Disp: 109.4 | W_pred: 1.01 | W_solv: 0.59

============================================================================================
  EPOCH [0285/1000] PERIODIC EVALUATION (182 test samples)
--------------------------------------------------------------------------------------------
  Train Loss    : 9.3969 [cnt: 5.10, alloc(dm16): 3.315, cell: 0.314, reg_nb: 1.810 | h_bce: 0.1030 | curv: 0.0841 | h_bg: 0.0163 | sc_aln: 1.2079]
  Solver / W    : Str: 1.00 | E_red: 32.2% | W_pred: 1.00 (std: 0.68) | W_solv: 0.59
  Val Metrics   : MAE: 85.43 | RMSE: 133.43 | NAE: 0.227 | Bias: -7.29
  GAME Hierarchy: G0: 85.43 | G1: 110.79 | G2: 136.33 | G3: 173.72 | Sparse(<=100): 34.80 | Mod(101-500): 62.58 | Dense(>500): 157.21
  Uncertainty   : Coverage: 50%=85.9%, 80%=95.8%, 95%=98.8% | Median Disp: 117.4
  Checkpoint    : Current Val MAE: 85.43 | Best Val MAE: 85.43 >>> [NEW BEST CHECKPOINT SAVED] <<<
============================================================================================

[0286/1000] Loss: 9.4400 [cnt: 5.10, alloc(dm16): 3.355, cell: 0.316, reg_nb: 1.812 | h_bce: 0.1031 | curv: 0.0843 | h_bg: 0.0171 | sc_aln: 1.2300] | SolvStr: 1.00 | Disp: 119.3 | W_pred: 1.01 | W_solv: 0.60
[0287/1000] Loss: 9.4069 [cnt: 5.07, alloc(dm16): 3.353, cell: 0.315, reg_nb: 1.826 | h_bce: 0.1031 | curv: 0.0841 | h_bg: 0.0188 | sc_aln: 1.2274] | SolvStr: 1.00 | Disp: 118.3 | W_pred: 1.00 | W_solv: 0.60
[0288/1000] Loss: 9.2207 [cnt: 4.91, alloc(dm16): 3.336, cell: 0.314, reg_nb: 1.791 | h_bce: 0.0997 | curv: 0.0850 | h_bg: 0.0178 | sc_aln: 1.1944] | SolvStr: 1.00 | Disp: 118.3 | W_pred: 1.01 | W_solv: 0.59
[0289/1000] Loss: 9.3225 [cnt: 5.02, alloc(dm16): 3.320, cell: 0.313, reg_nb: 1.817 | h_bce: 0.1011 | curv: 0.0848 | h_bg: 0.0167 | sc_aln: 1.1966] | SolvStr: 1.00 | Disp: 120.2 | W_pred: 1.01 | W_solv: 0.59

============================================================================================
  EPOCH [0290/1000] PERIODIC EVALUATION (182 test samples)
--------------------------------------------------------------------------------------------
  Train Loss    : 9.5103 [cnt: 5.20, alloc(dm16): 3.331, cell: 0.315, reg_nb: 1.818 | h_bce: 0.1027 | curv: 0.0845 | h_bg: 0.0192 | sc_aln: 1.2215]
  Solver / W    : Str: 1.00 | E_red: 30.3% | W_pred: 1.01 (std: 0.69) | W_solv: 0.59
  Val Metrics   : MAE: 97.09 | RMSE: 150.88 | NAE: 0.235 | Bias: -58.34
  GAME Hierarchy: G0: 97.09 | G1: 116.68 | G2: 139.89 | G3: 174.27 | Sparse(<=100): 40.46 | Mod(101-500): 60.67 | Dense(>500): 207.85
  Uncertainty   : Coverage: 50%=86.0%, 80%=95.3%, 95%=98.5% | Median Disp: 122.6
  Checkpoint    : Current Val MAE: 97.09 | Best Val MAE: 85.43
============================================================================================

[0291/1000] Loss: 9.3867 [cnt: 5.12, alloc(dm16): 3.287, cell: 0.315, reg_nb: 1.806 | h_bce: 0.1020 | curv: 0.0825 | h_bg: 0.0154 | sc_aln: 1.2016] | SolvStr: 1.00 | Disp: 123.0 | W_pred: 1.00 | W_solv: 0.59
[0292/1000] Loss: 9.3980 [cnt: 5.10, alloc(dm16): 3.308, cell: 0.315, reg_nb: 1.831 | h_bce: 0.1027 | curv: 0.0821 | h_bg: 0.0176 | sc_aln: 1.2120] | SolvStr: 1.00 | Disp: 126.0 | W_pred: 1.00 | W_solv: 0.59
[0293/1000] Loss: 9.2915 [cnt: 5.01, alloc(dm16): 3.300, cell: 0.315, reg_nb: 1.814 | h_bce: 0.0997 | curv: 0.0827 | h_bg: 0.0160 | sc_aln: 1.2093] | SolvStr: 1.00 | Disp: 119.7 | W_pred: 1.01 | W_solv: 0.59
[0294/1000] Loss: 9.3163 [cnt: 5.01, alloc(dm16): 3.314, cell: 0.316, reg_nb: 1.812 | h_bce: 0.1016 | curv: 0.0862 | h_bg: 0.0183 | sc_aln: 1.2223] | SolvStr: 1.00 | Disp: 125.5 | W_pred: 1.01 | W_solv: 0.60

============================================================================================
  EPOCH [0295/1000] PERIODIC EVALUATION (182 test samples)
--------------------------------------------------------------------------------------------
  Train Loss    : 9.4059 [cnt: 5.10, alloc(dm16): 3.323, cell: 0.314, reg_nb: 1.802 | h_bce: 0.1024 | curv: 0.0844 | h_bg: 0.0169 | sc_aln: 1.2104]
  Solver / W    : Str: 1.00 | E_red: 27.3% | W_pred: 1.01 (std: 0.69) | W_solv: 0.59
  Val Metrics   : MAE: 96.87 | RMSE: 143.29 | NAE: 0.250 | Bias: -13.27
  GAME Hierarchy: G0: 96.87 | G1: 119.10 | G2: 142.84 | G3: 178.19 | Sparse(<=100): 39.23 | Mod(101-500): 70.64 | Dense(>500): 179.19
  Uncertainty   : Coverage: 50%=85.8%, 80%=95.5%, 95%=98.7% | Median Disp: 126.4
  Checkpoint    : Current Val MAE: 96.87 | Best Val MAE: 85.43
============================================================================================

[0296/1000] Loss: 9.3441 [cnt: 5.04, alloc(dm16): 3.319, cell: 0.316, reg_nb: 1.798 | h_bce: 0.1015 | curv: 0.0871 | h_bg: 0.0185 | sc_aln: 1.2002] | SolvStr: 1.00 | Disp: 129.4 | W_pred: 1.01 | W_solv: 0.60
[0297/1000] Loss: 9.3505 [cnt: 4.98, alloc(dm16): 3.399, cell: 0.316, reg_nb: 1.783 | h_bce: 0.1020 | curv: 0.0823 | h_bg: 0.0145 | sc_aln: 1.1984] | SolvStr: 1.00 | Disp: 132.0 | W_pred: 1.00 | W_solv: 0.59
[0298/1000] Loss: 9.2313 [cnt: 4.95, alloc(dm16): 3.283, cell: 0.314, reg_nb: 1.840 | h_bce: 0.1014 | curv: 0.0852 | h_bg: 0.0193 | sc_aln: 1.1791] | SolvStr: 1.00 | Disp: 123.0 | W_pred: 1.00 | W_solv: 0.59
[0299/1000] Loss: 9.4642 [cnt: 5.18, alloc(dm16): 3.303, cell: 0.317, reg_nb: 1.802 | h_bce: 0.1025 | curv: 0.0815 | h_bg: 0.0136 | sc_aln: 1.2159] | SolvStr: 1.00 | Disp: 131.5 | W_pred: 1.00 | W_solv: 0.59

============================================================================================
  EPOCH [0300/1000] PERIODIC EVALUATION (182 test samples)
--------------------------------------------------------------------------------------------
  Train Loss    : 9.3205 [cnt: 5.05, alloc(dm16): 3.279, cell: 0.316, reg_nb: 1.832 | h_bce: 0.1022 | curv: 0.0833 | h_bg: 0.0182 | sc_aln: 1.1994]
  Solver / W    : Str: 1.00 | E_red: 32.4% | W_pred: 1.01 (std: 0.69) | W_solv: 0.59
  Val Metrics   : MAE: 91.12 | RMSE: 143.12 | NAE: 0.225 | Bias: -40.13
  GAME Hierarchy: G0: 91.12 | G1: 111.98 | G2: 137.15 | G3: 172.80 | Sparse(<=100): 37.11 | Mod(101-500): 59.75 | Dense(>500): 187.33
  Uncertainty   : Coverage: 50%=86.2%, 80%=95.5%, 95%=98.6% | Median Disp: 126.4
  Checkpoint    : Current Val MAE: 91.12 | Best Val MAE: 85.43
============================================================================================

[0301/1000] Loss: 9.3450 [cnt: 5.03, alloc(dm16): 3.340, cell: 0.315, reg_nb: 1.795 | h_bce: 0.1015 | curv: 0.0839 | h_bg: 0.0173 | sc_aln: 1.2153] | SolvStr: 1.00 | Disp: 133.6 | W_pred: 1.00 | W_solv: 0.59
[0302/1000] Loss: 9.5274 [cnt: 5.16, alloc(dm16): 3.382, cell: 0.316, reg_nb: 1.797 | h_bce: 0.1020 | curv: 0.0822 | h_bg: 0.0160 | sc_aln: 1.2391] | SolvStr: 1.00 | Disp: 136.7 | W_pred: 1.01 | W_solv: 0.60
[0303/1000] Loss: 9.2185 [cnt: 4.93, alloc(dm16): 3.318, cell: 0.314, reg_nb: 1.796 | h_bce: 0.1005 | curv: 0.0825 | h_bg: 0.0176 | sc_aln: 1.2096] | SolvStr: 1.00 | Disp: 131.0 | W_pred: 1.00 | W_solv: 0.59
[0304/1000] Loss: 9.5145 [cnt: 5.20, alloc(dm16): 3.331, cell: 0.316, reg_nb: 1.806 | h_bce: 0.1023 | curv: 0.0837 | h_bg: 0.0172 | sc_aln: 1.1893] | SolvStr: 1.00 | Disp: 136.2 | W_pred: 1.00 | W_solv: 0.59

============================================================================================
  EPOCH [0305/1000] PERIODIC EVALUATION (182 test samples)
--------------------------------------------------------------------------------------------
  Train Loss    : 9.2241 [cnt: 4.92, alloc(dm16): 3.332, cell: 0.314, reg_nb: 1.761 | h_bce: 0.1001 | curv: 0.0857 | h_bg: 0.0193 | sc_aln: 1.1998]
  Solver / W    : Str: 1.00 | E_red: 31.9% | W_pred: 1.01 (std: 0.70) | W_solv: 0.59
  Val Metrics   : MAE: 105.89 | RMSE: 154.95 | NAE: 0.272 | Bias: +28.72
  GAME Hierarchy: G0: 105.89 | G1: 127.05 | G2: 149.51 | G3: 186.46 | Sparse(<=100): 33.56 | Mod(101-500): 80.99 | Dense(>500): 186.74
  Uncertainty   : Coverage: 50%=85.4%, 80%=95.6%, 95%=98.8% | Median Disp: 134.1
  Checkpoint    : Current Val MAE: 105.89 | Best Val MAE: 85.43
============================================================================================

[0306/1000] Loss: 9.3847 [cnt: 5.11, alloc(dm16): 3.306, cell: 0.313, reg_nb: 1.795 | h_bce: 0.1002 | curv: 0.0821 | h_bg: 0.0171 | sc_aln: 1.1903] | SolvStr: 1.00 | Disp: 132.5 | W_pred: 1.01 | W_solv: 0.59
[0307/1000] Loss: 9.3831 [cnt: 5.06, alloc(dm16): 3.353, cell: 0.317, reg_nb: 1.787 | h_bce: 0.1016 | curv: 0.0842 | h_bg: 0.0157 | sc_aln: 1.1917] | SolvStr: 1.00 | Disp: 141.6 | W_pred: 1.01 | W_solv: 0.59
[0308/1000] Loss: 9.2511 [cnt: 4.92, alloc(dm16): 3.350, cell: 0.315, reg_nb: 1.794 | h_bce: 0.1006 | curv: 0.0845 | h_bg: 0.0170 | sc_aln: 1.1814] | SolvStr: 1.00 | Disp: 138.3 | W_pred: 1.01 | W_solv: 0.59
[0309/1000] Loss: 9.2037 [cnt: 4.92, alloc(dm16): 3.313, cell: 0.315, reg_nb: 1.786 | h_bce: 0.1007 | curv: 0.0797 | h_bg: 0.0142 | sc_aln: 1.1852] | SolvStr: 1.00 | Disp: 139.4 | W_pred: 1.01 | W_solv: 0.59

============================================================================================
  EPOCH [0310/1000] PERIODIC EVALUATION (182 test samples)
--------------------------------------------------------------------------------------------
  Train Loss    : 9.3427 [cnt: 5.04, alloc(dm16): 3.331, cell: 0.315, reg_nb: 1.801 | h_bce: 0.1005 | curv: 0.0826 | h_bg: 0.0159 | sc_aln: 1.1680]
  Solver / W    : Str: 1.00 | E_red: 27.1% | W_pred: 1.01 (std: 0.69) | W_solv: 0.58
  Val Metrics   : MAE: 102.45 | RMSE: 148.23 | NAE: 0.278 | Bias: +52.04
  GAME Hierarchy: G0: 102.45 | G1: 123.09 | G2: 147.13 | G3: 185.80 | Sparse(<=100): 41.30 | Mod(101-500): 80.83 | Dense(>500): 172.39
  Uncertainty   : Coverage: 50%=85.0%, 80%=95.6%, 95%=98.9% | Median Disp: 140.0
  Checkpoint    : Current Val MAE: 102.45 | Best Val MAE: 85.43
============================================================================================

[0311/1000] Loss: 9.4024 [cnt: 5.10, alloc(dm16): 3.329, cell: 0.316, reg_nb: 1.792 | h_bce: 0.1022 | curv: 0.0865 | h_bg: 0.0174 | sc_aln: 1.1806] | SolvStr: 1.00 | Disp: 143.8 | W_pred: 1.01 | W_solv: 0.59
[0312/1000] Loss: 9.3458 [cnt: 5.05, alloc(dm16): 3.320, cell: 0.314, reg_nb: 1.792 | h_bce: 0.1023 | curv: 0.0839 | h_bg: 0.0165 | sc_aln: 1.1788] | SolvStr: 1.00 | Disp: 144.4 | W_pred: 1.01 | W_solv: 0.59
[0313/1000] Loss: 9.2946 [cnt: 4.98, alloc(dm16): 3.342, cell: 0.315, reg_nb: 1.788 | h_bce: 0.1004 | curv: 0.0854 | h_bg: 0.0171 | sc_aln: 1.1721] | SolvStr: 1.00 | Disp: 141.1 | W_pred: 1.01 | W_solv: 0.59
[0314/1000] Loss: 9.1282 [cnt: 4.88, alloc(dm16): 3.278, cell: 0.313, reg_nb: 1.782 | h_bce: 0.0997 | curv: 0.0818 | h_bg: 0.0153 | sc_aln: 1.1798] | SolvStr: 1.00 | Disp: 144.4 | W_pred: 1.01 | W_solv: 0.59

============================================================================================
  EPOCH [0315/1000] PERIODIC EVALUATION (182 test samples)
--------------------------------------------------------------------------------------------
  Train Loss    : 9.3365 [cnt: 5.00, alloc(dm16): 3.368, cell: 0.316, reg_nb: 1.770 | h_bce: 0.1018 | curv: 0.0822 | h_bg: 0.0164 | sc_aln: 1.2277]
  Solver / W    : Str: 1.00 | E_red: 24.0% | W_pred: 1.01 (std: 0.70) | W_solv: 0.60
  Val Metrics   : MAE: 87.63 | RMSE: 130.82 | NAE: 0.236 | Bias: +4.80
  GAME Hierarchy: G0: 87.63 | G1: 112.02 | G2: 135.77 | G3: 173.71 | Sparse(<=100): 39.56 | Mod(101-500): 66.37 | Dense(>500): 154.58
  Uncertainty   : Coverage: 50%=85.9%, 80%=95.8%, 95%=98.8% | Median Disp: 156.1
  Checkpoint    : Current Val MAE: 87.63 | Best Val MAE: 85.43
============================================================================================

[0316/1000] Loss: 9.2603 [cnt: 4.99, alloc(dm16): 3.296, cell: 0.313, reg_nb: 1.800 | h_bce: 0.1007 | curv: 0.0847 | h_bg: 0.0189 | sc_aln: 1.1887] | SolvStr: 1.00 | Disp: 148.4 | W_pred: 1.01 | W_solv: 0.59
[0317/1000] Loss: 9.2486 [cnt: 4.98, alloc(dm16): 3.299, cell: 0.315, reg_nb: 1.782 | h_bce: 0.0996 | curv: 0.0845 | h_bg: 0.0150 | sc_aln: 1.1912] | SolvStr: 1.00 | Disp: 149.6 | W_pred: 1.00 | W_solv: 0.59
[0318/1000] Loss: 9.4693 [cnt: 5.16, alloc(dm16): 3.335, cell: 0.314, reg_nb: 1.788 | h_bce: 0.0994 | curv: 0.0855 | h_bg: 0.0181 | sc_aln: 1.2075] | SolvStr: 1.00 | Disp: 151.9 | W_pred: 1.01 | W_solv: 0.59
[0319/1000] Loss: 9.2745 [cnt: 4.99, alloc(dm16): 3.302, cell: 0.314, reg_nb: 1.782 | h_bce: 0.0997 | curv: 0.0847 | h_bg: 0.0177 | sc_aln: 1.2213] | SolvStr: 1.00 | Disp: 156.8 | W_pred: 1.01 | W_solv: 0.60

============================================================================================
  EPOCH [0320/1000] PERIODIC EVALUATION (182 test samples)
--------------------------------------------------------------------------------------------
  Train Loss    : 9.3718 [cnt: 5.09, alloc(dm16): 3.312, cell: 0.314, reg_nb: 1.791 | h_bce: 0.0991 | curv: 0.0834 | h_bg: 0.0157 | sc_aln: 1.1872]
  Solver / W    : Str: 1.00 | E_red: 28.3% | W_pred: 1.01 (std: 0.69) | W_solv: 0.59
  Val Metrics   : MAE: 91.65 | RMSE: 139.04 | NAE: 0.237 | Bias: +4.18
  GAME Hierarchy: G0: 91.65 | G1: 114.70 | G2: 137.76 | G3: 175.37 | Sparse(<=100): 31.28 | Mod(101-500): 68.47 | Dense(>500): 165.85
  Uncertainty   : Coverage: 50%=86.0%, 80%=95.6%, 95%=98.6% | Median Disp: 147.3
  Checkpoint    : Current Val MAE: 91.65 | Best Val MAE: 85.43
============================================================================================

[0321/1000] Loss: 9.1239 [cnt: 4.88, alloc(dm16): 3.272, cell: 0.313, reg_nb: 1.778 | h_bce: 0.1002 | curv: 0.0835 | h_bg: 0.0182 | sc_aln: 1.1951] | SolvStr: 1.00 | Disp: 154.3 | W_pred: 1.01 | W_solv: 0.59
[0322/1000] Loss: 9.2193 [cnt: 4.95, alloc(dm16): 3.302, cell: 0.315, reg_nb: 1.761 | h_bce: 0.1000 | curv: 0.0836 | h_bg: 0.0153 | sc_aln: 1.2040] | SolvStr: 1.00 | Disp: 162.4 | W_pred: 1.01 | W_solv: 0.59
[0323/1000] Loss: 9.2592 [cnt: 4.98, alloc(dm16): 3.305, cell: 0.314, reg_nb: 1.773 | h_bce: 0.0993 | curv: 0.0852 | h_bg: 0.0175 | sc_aln: 1.1770] | SolvStr: 1.00 | Disp: 151.9 | W_pred: 1.01 | W_solv: 0.59
[0324/1000] Loss: 9.4165 [cnt: 5.12, alloc(dm16): 3.326, cell: 0.316, reg_nb: 1.778 | h_bce: 0.0992 | curv: 0.0826 | h_bg: 0.0164 | sc_aln: 1.1791] | SolvStr: 1.00 | Disp: 154.3 | W_pred: 1.01 | W_solv: 0.59

============================================================================================
  EPOCH [0325/1000] PERIODIC EVALUATION (182 test samples)
--------------------------------------------------------------------------------------------
  Train Loss    : 9.3875 [cnt: 5.10, alloc(dm16): 3.314, cell: 0.315, reg_nb: 1.779 | h_bce: 0.0989 | curv: 0.0838 | h_bg: 0.0183 | sc_aln: 1.1823]
  Solver / W    : Str: 1.00 | E_red: 24.7% | W_pred: 1.01 (std: 0.72) | W_solv: 0.59
  Val Metrics   : MAE: 94.79 | RMSE: 142.10 | NAE: 0.249 | Bias: +13.51
  GAME Hierarchy: G0: 94.79 | G1: 116.08 | G2: 139.04 | G3: 176.65 | Sparse(<=100): 32.53 | Mod(101-500): 71.91 | Dense(>500): 168.42
  Uncertainty   : Coverage: 50%=86.0%, 80%=95.7%, 95%=98.7% | Median Disp: 151.3
  Checkpoint    : Current Val MAE: 94.79 | Best Val MAE: 85.43
============================================================================================

[0326/1000] Loss: 9.2081 [cnt: 4.94, alloc(dm16): 3.306, cell: 0.313, reg_nb: 1.783 | h_bce: 0.0992 | curv: 0.0820 | h_bg: 0.0158 | sc_aln: 1.1820] | SolvStr: 1.00 | Disp: 157.4 | W_pred: 1.01 | W_solv: 0.59
[0327/1000] Loss: 9.4542 [cnt: 5.12, alloc(dm16): 3.365, cell: 0.315, reg_nb: 1.794 | h_bce: 0.1005 | curv: 0.0822 | h_bg: 0.0151 | sc_aln: 1.1800] | SolvStr: 1.00 | Disp: 158.6 | W_pred: 1.01 | W_solv: 0.59
[0328/1000] Loss: 9.3318 [cnt: 5.03, alloc(dm16): 3.326, cell: 0.315, reg_nb: 1.787 | h_bce: 0.0999 | curv: 0.0856 | h_bg: 0.0162 | sc_aln: 1.1784] | SolvStr: 1.00 | Disp: 159.2 | W_pred: 1.01 | W_solv: 0.59
[0329/1000] Loss: 9.1877 [cnt: 4.94, alloc(dm16): 3.270, cell: 0.315, reg_nb: 1.798 | h_bce: 0.0998 | curv: 0.0883 | h_bg: 0.0187 | sc_aln: 1.1655] | SolvStr: 1.00 | Disp: 153.1 | W_pred: 1.01 | W_solv: 0.59

============================================================================================
  EPOCH [0330/1000] PERIODIC EVALUATION (182 test samples)
--------------------------------------------------------------------------------------------
  Train Loss    : 9.2004 [cnt: 4.92, alloc(dm16): 3.301, cell: 0.314, reg_nb: 1.804 | h_bce: 0.0991 | curv: 0.0849 | h_bg: 0.0187 | sc_aln: 1.1712]
  Solver / W    : Str: 1.00 | E_red: 30.3% | W_pred: 1.01 (std: 0.69) | W_solv: 0.59
  Val Metrics   : MAE: 108.24 | RMSE: 155.14 | NAE: 0.291 | Bias: +52.68
  GAME Hierarchy: G0: 108.24 | G1: 128.25 | G2: 150.05 | G3: 188.28 | Sparse(<=100): 41.63 | Mod(101-500): 85.09 | Dense(>500): 183.29
  Uncertainty   : Coverage: 50%=85.1%, 80%=95.5%, 95%=98.9% | Median Disp: 158.0
  Checkpoint    : Current Val MAE: 108.24 | Best Val MAE: 85.43
============================================================================================

[0331/1000] Loss: 9.2836 [cnt: 5.00, alloc(dm16): 3.305, cell: 0.315, reg_nb: 1.787 | h_bce: 0.1002 | curv: 0.0857 | h_bg: 0.0174 | sc_aln: 1.1757] | SolvStr: 1.00 | Disp: 163.6 | W_pred: 1.01 | W_solv: 0.59
[0332/1000] Loss: 9.2608 [cnt: 4.99, alloc(dm16): 3.300, cell: 0.315, reg_nb: 1.772 | h_bce: 0.0988 | curv: 0.0799 | h_bg: 0.0132 | sc_aln: 1.1672] | SolvStr: 1.00 | Disp: 161.7 | W_pred: 1.01 | W_solv: 0.59
[0333/1000] Loss: 9.3692 [cnt: 5.07, alloc(dm16): 3.331, cell: 0.315, reg_nb: 1.772 | h_bce: 0.0992 | curv: 0.0828 | h_bg: 0.0162 | sc_aln: 1.1842] | SolvStr: 1.00 | Disp: 170.8 | W_pred: 1.01 | W_solv: 0.59
[0334/1000] Loss: 9.2799 [cnt: 4.95, alloc(dm16): 3.364, cell: 0.315, reg_nb: 1.756 | h_bce: 0.1002 | curv: 0.0835 | h_bg: 0.0153 | sc_aln: 1.1735] | SolvStr: 1.00 | Disp: 169.5 | W_pred: 1.01 | W_solv: 0.59

============================================================================================
  EPOCH [0335/1000] PERIODIC EVALUATION (182 test samples)
--------------------------------------------------------------------------------------------
  Train Loss    : 9.1585 [cnt: 4.92, alloc(dm16): 3.274, cell: 0.314, reg_nb: 1.759 | h_bce: 0.0993 | curv: 0.0856 | h_bg: 0.0172 | sc_aln: 1.1595]
  Solver / W    : Str: 1.00 | E_red: 38.1% | W_pred: 1.01 (std: 0.69) | W_solv: 0.59
  Val Metrics   : MAE: 89.73 | RMSE: 136.10 | NAE: 0.236 | Bias: +1.58
  GAME Hierarchy: G0: 89.73 | G1: 110.98 | G2: 132.82 | G3: 169.96 | Sparse(<=100): 39.15 | Mod(101-500): 66.04 | Dense(>500): 163.84
  Uncertainty   : Coverage: 50%=86.3%, 80%=95.8%, 95%=98.8% | Median Disp: 171.5
  Checkpoint    : Current Val MAE: 89.73 | Best Val MAE: 85.43
============================================================================================

[0336/1000] Loss: 9.2170 [cnt: 4.90, alloc(dm16): 3.351, cell: 0.315, reg_nb: 1.755 | h_bce: 0.1007 | curv: 0.0849 | h_bg: 0.0152 | sc_aln: 1.1716] | SolvStr: 1.00 | Disp: 177.6 | W_pred: 1.01 | W_solv: 0.59
[0337/1000] Loss: 9.2785 [cnt: 5.00, alloc(dm16): 3.308, cell: 0.314, reg_nb: 1.768 | h_bce: 0.1003 | curv: 0.0857 | h_bg: 0.0154 | sc_aln: 1.1796] | SolvStr: 1.00 | Disp: 170.2 | W_pred: 1.01 | W_solv: 0.59
[0338/1000] Loss: 9.2903 [cnt: 5.01, alloc(dm16): 3.310, cell: 0.315, reg_nb: 1.768 | h_bce: 0.0992 | curv: 0.0824 | h_bg: 0.0148 | sc_aln: 1.1806] | SolvStr: 1.00 | Disp: 173.5 | W_pred: 1.01 | W_solv: 0.59
[0339/1000] Loss: 9.3248 [cnt: 5.06, alloc(dm16): 3.289, cell: 0.314, reg_nb: 1.795 | h_bce: 0.0995 | curv: 0.0847 | h_bg: 0.0189 | sc_aln: 1.1726] | SolvStr: 1.00 | Disp: 165.6 | W_pred: 1.01 | W_solv: 0.59

============================================================================================
  EPOCH [0340/1000] PERIODIC EVALUATION (182 test samples)
--------------------------------------------------------------------------------------------
  Train Loss    : 9.2401 [cnt: 5.00, alloc(dm16): 3.259, cell: 0.312, reg_nb: 1.796 | h_bce: 0.0990 | curv: 0.0887 | h_bg: 0.0191 | sc_aln: 1.1602]
  Solver / W    : Str: 1.00 | E_red: 27.0% | W_pred: 1.01 (std: 0.71) | W_solv: 0.59
  Val Metrics   : MAE: 89.69 | RMSE: 141.57 | NAE: 0.228 | Bias: -19.54
  GAME Hierarchy: G0: 89.69 | G1: 113.18 | G2: 135.56 | G3: 170.45 | Sparse(<=100): 27.49 | Mod(101-500): 64.57 | Dense(>500): 169.61
  Uncertainty   : Coverage: 50%=86.3%, 80%=95.6%, 95%=98.6% | Median Disp: 163.6
  Checkpoint    : Current Val MAE: 89.69 | Best Val MAE: 85.43
============================================================================================

[0341/1000] Loss: 9.1372 [cnt: 4.86, alloc(dm16): 3.305, cell: 0.314, reg_nb: 1.764 | h_bce: 0.0993 | curv: 0.0830 | h_bg: 0.0171 | sc_aln: 1.1833] | SolvStr: 1.00 | Disp: 177.6 | W_pred: 1.01 | W_solv: 0.59
[0342/1000] Loss: 9.1923 [cnt: 4.91, alloc(dm16): 3.304, cell: 0.313, reg_nb: 1.784 | h_bce: 0.0996 | curv: 0.0871 | h_bg: 0.0194 | sc_aln: 1.1676] | SolvStr: 1.00 | Disp: 169.5 | W_pred: 1.01 | W_solv: 0.59
[0343/1000] Loss: 9.2290 [cnt: 4.94, alloc(dm16): 3.321, cell: 0.315, reg_nb: 1.776 | h_bce: 0.0988 | curv: 0.0853 | h_bg: 0.0170 | sc_aln: 1.1723] | SolvStr: 1.00 | Disp: 178.3 | W_pred: 1.01 | W_solv: 0.59
[0344/1000] Loss: 9.1150 [cnt: 4.84, alloc(dm16): 3.303, cell: 0.314, reg_nb: 1.769 | h_bce: 0.0984 | curv: 0.0855 | h_bg: 0.0176 | sc_aln: 1.1637] | SolvStr: 1.00 | Disp: 176.9 | W_pred: 1.01 | W_solv: 0.59

============================================================================================
  EPOCH [0345/1000] PERIODIC EVALUATION (182 test samples)
--------------------------------------------------------------------------------------------
  Train Loss    : 9.2221 [cnt: 4.93, alloc(dm16): 3.325, cell: 0.314, reg_nb: 1.755 | h_bce: 0.0978 | curv: 0.0824 | h_bg: 0.0174 | sc_aln: 1.1709]
  Solver / W    : Str: 1.00 | E_red: 37.5% | W_pred: 1.01 (std: 0.72) | W_solv: 0.59
  Val Metrics   : MAE: 88.83 | RMSE: 137.14 | NAE: 0.226 | Bias: -9.17
  GAME Hierarchy: G0: 88.83 | G1: 111.01 | G2: 132.57 | G3: 168.17 | Sparse(<=100): 30.92 | Mod(101-500): 62.99 | Dense(>500): 170.11
  Uncertainty   : Coverage: 50%=86.4%, 80%=95.9%, 95%=98.8% | Median Disp: 178.3
  Checkpoint    : Current Val MAE: 88.83 | Best Val MAE: 85.43
============================================================================================

[0346/1000] Loss: 9.2854 [cnt: 5.01, alloc(dm16): 3.303, cell: 0.315, reg_nb: 1.795 | h_bce: 0.0989 | curv: 0.0848 | h_bg: 0.0200 | sc_aln: 1.1351] | SolvStr: 1.00 | Disp: 168.8 | W_pred: 1.01 | W_solv: 0.58
[0347/1000] Loss: 9.1394 [cnt: 4.87, alloc(dm16): 3.292, cell: 0.313, reg_nb: 1.774 | h_bce: 0.1003 | curv: 0.0867 | h_bg: 0.0190 | sc_aln: 1.1641] | SolvStr: 1.00 | Disp: 189.8 | W_pred: 1.01 | W_solv: 0.58
[0348/1000] Loss: 9.3117 [cnt: 5.03, alloc(dm16): 3.298, cell: 0.314, reg_nb: 1.804 | h_bce: 0.0991 | curv: 0.0853 | h_bg: 0.0183 | sc_aln: 1.1580] | SolvStr: 1.00 | Disp: 177.6 | W_pred: 1.01 | W_solv: 0.58
[0349/1000] Loss: 9.2028 [cnt: 4.94, alloc(dm16): 3.295, cell: 0.314, reg_nb: 1.777 | h_bce: 0.0980 | curv: 0.0858 | h_bg: 0.0179 | sc_aln: 1.1495] | SolvStr: 1.00 | Disp: 179.7 | W_pred: 1.01 | W_solv: 0.59

============================================================================================
  EPOCH [0350/1000] PERIODIC EVALUATION (182 test samples)
--------------------------------------------------------------------------------------------
  Train Loss    : 9.1649 [cnt: 4.91, alloc(dm16): 3.282, cell: 0.314, reg_nb: 1.773 | h_bce: 0.0982 | curv: 0.0834 | h_bg: 0.0177 | sc_aln: 1.1594]
  Solver / W    : Str: 1.00 | E_red: 24.0% | W_pred: 1.01 (std: 0.70) | W_solv: 0.59
  Val Metrics   : MAE: 93.16 | RMSE: 140.95 | NAE: 0.246 | Bias: -0.20
  GAME Hierarchy: G0: 93.16 | G1: 113.02 | G2: 134.25 | G3: 170.73 | Sparse(<=100): 34.22 | Mod(101-500): 69.69 | Dense(>500): 167.94
  Uncertainty   : Coverage: 50%=86.2%, 80%=95.7%, 95%=98.6% | Median Disp: 175.6
  Checkpoint    : Current Val MAE: 93.16 | Best Val MAE: 85.43
============================================================================================

[0351/1000] Loss: 9.2122 [cnt: 4.98, alloc(dm16): 3.266, cell: 0.314, reg_nb: 1.763 | h_bce: 0.0971 | curv: 0.0812 | h_bg: 0.0138 | sc_aln: 1.1670] | SolvStr: 1.00 | Disp: 178.3 | W_pred: 1.01 | W_solv: 0.59
[0352/1000] Loss: 9.2416 [cnt: 4.96, alloc(dm16): 3.306, cell: 0.313, reg_nb: 1.786 | h_bce: 0.1003 | curv: 0.0851 | h_bg: 0.0171 | sc_aln: 1.1686] | SolvStr: 1.00 | Disp: 184.7 | W_pred: 1.01 | W_solv: 0.59
[0353/1000] Loss: 9.1291 [cnt: 4.88, alloc(dm16): 3.281, cell: 0.315, reg_nb: 1.769 | h_bce: 0.0994 | curv: 0.0857 | h_bg: 0.0165 | sc_aln: 1.1594] | SolvStr: 1.00 | Disp: 175.6 | W_pred: 1.01 | W_solv: 0.59
[0354/1000] Loss: 9.1235 [cnt: 4.84, alloc(dm16): 3.329, cell: 0.313, reg_nb: 1.736 | h_bce: 0.0979 | curv: 0.0803 | h_bg: 0.0141 | sc_aln: 1.1689] | SolvStr: 1.00 | Disp: 192.8 | W_pred: 1.01 | W_solv: 0.59

============================================================================================
  EPOCH [0355/1000] PERIODIC EVALUATION (182 test samples)
--------------------------------------------------------------------------------------------
  Train Loss    : 9.2015 [cnt: 4.92, alloc(dm16): 3.322, cell: 0.313, reg_nb: 1.769 | h_bce: 0.0971 | curv: 0.0822 | h_bg: 0.0170 | sc_aln: 1.1414]
  Solver / W    : Str: 1.00 | E_red: 28.1% | W_pred: 1.01 (std: 0.69) | W_solv: 0.58
  Val Metrics   : MAE: 89.34 | RMSE: 144.71 | NAE: 0.218 | Bias: -31.53
  GAME Hierarchy: G0: 89.34 | G1: 110.67 | G2: 131.44 | G3: 165.66 | Sparse(<=100): 28.51 | Mod(101-500): 58.93 | Dense(>500): 183.85
  Uncertainty   : Coverage: 50%=86.6%, 80%=95.8%, 95%=98.6% | Median Disp: 182.6
  Checkpoint    : Current Val MAE: 89.34 | Best Val MAE: 85.43
============================================================================================

[0356/1000] Loss: 9.1990 [cnt: 4.90, alloc(dm16): 3.336, cell: 0.315, reg_nb: 1.760 | h_bce: 0.0984 | curv: 0.0853 | h_bg: 0.0159 | sc_aln: 1.1649] | SolvStr: 1.00 | Disp: 184.7 | W_pred: 1.01 | W_solv: 0.59
[0357/1000] Loss: 9.2432 [cnt: 5.00, alloc(dm16): 3.281, cell: 0.315, reg_nb: 1.767 | h_bce: 0.0983 | curv: 0.0833 | h_bg: 0.0155 | sc_aln: 1.1690] | SolvStr: 1.00 | Disp: 189.8 | W_pred: 1.01 | W_solv: 0.59
[0358/1000] Loss: 9.2397 [cnt: 5.00, alloc(dm16): 3.273, cell: 0.314, reg_nb: 1.753 | h_bce: 0.0990 | curv: 0.0820 | h_bg: 0.0146 | sc_aln: 1.1733] | SolvStr: 1.00 | Disp: 198.2 | W_pred: 1.01 | W_solv: 0.59
[0359/1000] Loss: 9.1296 [cnt: 4.85, alloc(dm16): 3.321, cell: 0.315, reg_nb: 1.740 | h_bce: 0.0990 | curv: 0.0824 | h_bg: 0.0135 | sc_aln: 1.1520] | SolvStr: 1.00 | Disp: 199.7 | W_pred: 1.01 | W_solv: 0.58

============================================================================================
  EPOCH [0360/1000] PERIODIC EVALUATION (182 test samples)
--------------------------------------------------------------------------------------------
  Train Loss    : 9.1629 [cnt: 4.93, alloc(dm16): 3.261, cell: 0.314, reg_nb: 1.778 | h_bce: 0.1000 | curv: 0.0865 | h_bg: 0.0190 | sc_aln: 1.1417]
  Solver / W    : Str: 1.00 | E_red: 36.2% | W_pred: 1.01 (std: 0.69) | W_solv: 0.58
  Val Metrics   : MAE: 91.33 | RMSE: 141.29 | NAE: 0.230 | Bias: -20.41
  GAME Hierarchy: G0: 91.33 | G1: 111.22 | G2: 131.59 | G3: 166.60 | Sparse(<=100): 30.12 | Mod(101-500): 63.89 | Dense(>500): 177.59
  Uncertainty   : Coverage: 50%=86.5%, 80%=95.7%, 95%=98.6% | Median Disp: 186.9
  Checkpoint    : Current Val MAE: 91.33 | Best Val MAE: 85.43
============================================================================================

[0361/1000] Loss: 9.2239 [cnt: 4.96, alloc(dm16): 3.297, cell: 0.315, reg_nb: 1.769 | h_bce: 0.0983 | curv: 0.0842 | h_bg: 0.0171 | sc_aln: 1.1650] | SolvStr: 1.00 | Disp: 189.1 | W_pred: 1.01 | W_solv: 0.59
[0362/1000] Loss: 9.1062 [cnt: 4.85, alloc(dm16): 3.287, cell: 0.315, reg_nb: 1.748 | h_bce: 0.0976 | curv: 0.0873 | h_bg: 0.0189 | sc_aln: 1.1654] | SolvStr: 1.00 | Disp: 200.5 | W_pred: 1.01 | W_solv: 0.59
[0363/1000] Loss: 9.2735 [cnt: 5.00, alloc(dm16): 3.311, cell: 0.316, reg_nb: 1.755 | h_bce: 0.0978 | curv: 0.0832 | h_bg: 0.0144 | sc_aln: 1.1726] | SolvStr: 1.00 | Disp: 201.3 | W_pred: 1.01 | W_solv: 0.59
[0364/1000] Loss: 9.2168 [cnt: 4.96, alloc(dm16): 3.281, cell: 0.315, reg_nb: 1.780 | h_bce: 0.0970 | curv: 0.0830 | h_bg: 0.0183 | sc_aln: 1.1652] | SolvStr: 1.00 | Disp: 194.3 | W_pred: 1.01 | W_solv: 0.59

============================================================================================
  EPOCH [0365/1000] PERIODIC EVALUATION (182 test samples)
--------------------------------------------------------------------------------------------
  Train Loss    : 9.1563 [cnt: 4.89, alloc(dm16): 3.294, cell: 0.314, reg_nb: 1.762 | h_bce: 0.0972 | curv: 0.0869 | h_bg: 0.0195 | sc_aln: 1.1874]
  Solver / W    : Str: 1.00 | E_red: 34.1% | W_pred: 1.01 (std: 0.72) | W_solv: 0.59
  Val Metrics   : MAE: 88.81 | RMSE: 137.87 | NAE: 0.225 | Bias: -15.34
  GAME Hierarchy: G0: 88.81 | G1: 109.67 | G2: 130.36 | G3: 165.78 | Sparse(<=100): 39.44 | Mod(101-500): 60.20 | Dense(>500): 176.55
  Uncertainty   : Coverage: 50%=86.8%, 80%=96.0%, 95%=98.8% | Median Disp: 203.7
  Checkpoint    : Current Val MAE: 88.81 | Best Val MAE: 85.43
============================================================================================

[0366/1000] Loss: 9.3218 [cnt: 5.06, alloc(dm16): 3.289, cell: 0.314, reg_nb: 1.769 | h_bce: 0.0987 | curv: 0.0862 | h_bg: 0.0166 | sc_aln: 1.1733] | SolvStr: 1.00 | Disp: 199.7 | W_pred: 1.01 | W_solv: 0.59
[0367/1000] Loss: 9.1641 [cnt: 4.90, alloc(dm16): 3.292, cell: 0.314, reg_nb: 1.770 | h_bce: 0.0981 | curv: 0.0858 | h_bg: 0.0186 | sc_aln: 1.1597] | SolvStr: 1.00 | Disp: 202.9 | W_pred: 1.01 | W_solv: 0.59
[0368/1000] Loss: 9.2399 [cnt: 5.00, alloc(dm16): 3.261, cell: 0.316, reg_nb: 1.776 | h_bce: 0.0981 | curv: 0.0861 | h_bg: 0.0182 | sc_aln: 1.1543] | SolvStr: 1.00 | Disp: 200.5 | W_pred: 1.01 | W_solv: 0.59
[0369/1000] Loss: 9.2519 [cnt: 5.00, alloc(dm16): 3.291, cell: 0.313, reg_nb: 1.751 | h_bce: 0.0975 | curv: 0.0850 | h_bg: 0.0175 | sc_aln: 1.1533] | SolvStr: 1.00 | Disp: 197.4 | W_pred: 1.01 | W_solv: 0.59

============================================================================================
  EPOCH [0370/1000] PERIODIC EVALUATION (182 test samples)
--------------------------------------------------------------------------------------------
  Train Loss    : 9.2895 [cnt: 5.02, alloc(dm16): 3.301, cell: 0.314, reg_nb: 1.765 | h_bce: 0.0976 | curv: 0.0822 | h_bg: 0.0156 | sc_aln: 1.1562]
  Solver / W    : Str: 1.00 | E_red: 28.9% | W_pred: 1.01 (std: 0.71) | W_solv: 0.59
  Val Metrics   : MAE: 88.12 | RMSE: 133.79 | NAE: 0.230 | Bias: -16.35
  GAME Hierarchy: G0: 88.12 | G1: 109.13 | G2: 130.14 | G3: 165.70 | Sparse(<=100): 40.52 | Mod(101-500): 62.79 | Dense(>500): 166.40
  Uncertainty   : Coverage: 50%=86.6%, 80%=95.8%, 95%=98.8% | Median Disp: 201.3
  Checkpoint    : Current Val MAE: 88.12 | Best Val MAE: 85.43
============================================================================================

[0371/1000] Loss: 9.0940 [cnt: 4.84, alloc(dm16): 3.288, cell: 0.313, reg_nb: 1.768 | h_bce: 0.0979 | curv: 0.0827 | h_bg: 0.0169 | sc_aln: 1.1623] | SolvStr: 1.00 | Disp: 201.3 | W_pred: 1.01 | W_solv: 0.59
[0372/1000] Loss: 9.0428 [cnt: 4.79, alloc(dm16): 3.291, cell: 0.314, reg_nb: 1.734 | h_bce: 0.0978 | curv: 0.0851 | h_bg: 0.0157 | sc_aln: 1.1793] | SolvStr: 1.00 | Disp: 201.3 | W_pred: 1.01 | W_solv: 0.59
[0373/1000] Loss: 9.1508 [cnt: 4.90, alloc(dm16): 3.279, cell: 0.314, reg_nb: 1.767 | h_bce: 0.0974 | curv: 0.0862 | h_bg: 0.0162 | sc_aln: 1.1607] | SolvStr: 1.00 | Disp: 202.1 | W_pred: 1.01 | W_solv: 0.59
[0374/1000] Loss: 9.1943 [cnt: 4.95, alloc(dm16): 3.274, cell: 0.314, reg_nb: 1.768 | h_bce: 0.0967 | curv: 0.0840 | h_bg: 0.0176 | sc_aln: 1.1552] | SolvStr: 1.00 | Disp: 203.7 | W_pred: 1.01 | W_solv: 0.59

============================================================================================
  EPOCH [0375/1000] PERIODIC EVALUATION (182 test samples)
--------------------------------------------------------------------------------------------
  Train Loss    : 9.1252 [cnt: 4.88, alloc(dm16): 3.279, cell: 0.315, reg_nb: 1.755 | h_bce: 0.0969 | curv: 0.0861 | h_bg: 0.0170 | sc_aln: 1.1706]
  Solver / W    : Str: 1.00 | E_red: 32.8% | W_pred: 1.01 (std: 0.72) | W_solv: 0.59
  Val Metrics   : MAE: 89.76 | RMSE: 135.28 | NAE: 0.234 | Bias: -3.44
  GAME Hierarchy: G0: 89.76 | G1: 109.95 | G2: 130.44 | G3: 166.34 | Sparse(<=100): 35.90 | Mod(101-500): 64.38 | Dense(>500): 169.13
  Uncertainty   : Coverage: 50%=86.4%, 80%=95.9%, 95%=98.8% | Median Disp: 214.3
  Checkpoint    : Current Val MAE: 89.76 | Best Val MAE: 85.43
============================================================================================

[0376/1000] Loss: 9.2190 [cnt: 5.01, alloc(dm16): 3.241, cell: 0.313, reg_nb: 1.773 | h_bce: 0.0974 | curv: 0.0852 | h_bg: 0.0169 | sc_aln: 1.1706] | SolvStr: 1.00 | Disp: 210.9 | W_pred: 1.01 | W_solv: 0.59
[0377/1000] Loss: 9.0730 [cnt: 4.86, alloc(dm16): 3.247, cell: 0.312, reg_nb: 1.765 | h_bce: 0.0979 | curv: 0.0865 | h_bg: 0.0202 | sc_aln: 1.1434] | SolvStr: 1.00 | Disp: 203.7 | W_pred: 1.01 | W_solv: 0.58
[0378/1000] Loss: 9.4307 [cnt: 5.14, alloc(dm16): 3.318, cell: 0.315, reg_nb: 1.764 | h_bce: 0.0996 | curv: 0.0850 | h_bg: 0.0168 | sc_aln: 1.1623] | SolvStr: 1.00 | Disp: 216.8 | W_pred: 1.01 | W_solv: 0.59
[0379/1000] Loss: 9.2162 [cnt: 4.95, alloc(dm16): 3.302, cell: 0.314, reg_nb: 1.755 | h_bce: 0.0972 | curv: 0.0827 | h_bg: 0.0153 | sc_aln: 1.1693] | SolvStr: 1.00 | Disp: 217.6 | W_pred: 1.01 | W_solv: 0.59

============================================================================================
  EPOCH [0380/1000] PERIODIC EVALUATION (182 test samples)
--------------------------------------------------------------------------------------------
  Train Loss    : 9.1050 [cnt: 4.87, alloc(dm16): 3.272, cell: 0.314, reg_nb: 1.739 | h_bce: 0.0965 | curv: 0.0808 | h_bg: 0.0154 | sc_aln: 1.1833]
  Solver / W    : Str: 1.00 | E_red: 24.7% | W_pred: 1.01 (std: 0.72) | W_solv: 0.59
  Val Metrics   : MAE: 90.73 | RMSE: 137.91 | NAE: 0.240 | Bias: +3.60
  GAME Hierarchy: G0: 90.73 | G1: 112.29 | G2: 133.47 | G3: 169.31 | Sparse(<=100): 29.01 | Mod(101-500): 69.55 | Dense(>500): 159.54
  Uncertainty   : Coverage: 50%=86.3%, 80%=95.7%, 95%=98.7% | Median Disp: 225.4
  Checkpoint    : Current Val MAE: 90.73 | Best Val MAE: 85.43
============================================================================================

[0381/1000] Loss: 9.1583 [cnt: 4.91, alloc(dm16): 3.288, cell: 0.315, reg_nb: 1.734 | h_bce: 0.0975 | curv: 0.0828 | h_bg: 0.0148 | sc_aln: 1.1737] | SolvStr: 1.00 | Disp: 229.9 | W_pred: 1.01 | W_solv: 0.59
[0382/1000] Loss: 9.1549 [cnt: 4.90, alloc(dm16): 3.290, cell: 0.315, reg_nb: 1.755 | h_bce: 0.0968 | curv: 0.0873 | h_bg: 0.0177 | sc_aln: 1.1675] | SolvStr: 1.00 | Disp: 213.4 | W_pred: 1.01 | W_solv: 0.59
[0383/1000] Loss: 9.1614 [cnt: 4.91, alloc(dm16): 3.295, cell: 0.315, reg_nb: 1.734 | h_bce: 0.0973 | curv: 0.0838 | h_bg: 0.0163 | sc_aln: 1.1792] | SolvStr: 1.00 | Disp: 223.7 | W_pred: 1.01 | W_solv: 0.59
[0384/1000] Loss: 9.2164 [cnt: 4.91, alloc(dm16): 3.339, cell: 0.314, reg_nb: 1.766 | h_bce: 0.0972 | curv: 0.0841 | h_bg: 0.0172 | sc_aln: 1.1826] | SolvStr: 1.00 | Disp: 221.1 | W_pred: 1.01 | W_solv: 0.59

============================================================================================
  EPOCH [0385/1000] PERIODIC EVALUATION (182 test samples)
--------------------------------------------------------------------------------------------
  Train Loss    : 9.2255 [cnt: 5.02, alloc(dm16): 3.240, cell: 0.313, reg_nb: 1.739 | h_bce: 0.0981 | curv: 0.0846 | h_bg: 0.0173 | sc_aln: 1.1832]
  Solver / W    : Str: 1.00 | E_red: 29.5% | W_pred: 1.01 (std: 0.73) | W_solv: 0.59
  Val Metrics   : MAE: 86.74 | RMSE: 137.17 | NAE: 0.221 | Bias: -19.60
  GAME Hierarchy: G0: 86.74 | G1: 107.57 | G2: 130.09 | G3: 165.49 | Sparse(<=100): 46.16 | Mod(101-500): 56.71 | Dense(>500): 177.12
  Uncertainty   : Coverage: 50%=86.8%, 80%=95.9%, 95%=98.8% | Median Disp: 221.9
  Checkpoint    : Current Val MAE: 86.74 | Best Val MAE: 85.43
============================================================================================

[0386/1000] Loss: 9.1969 [cnt: 4.94, alloc(dm16): 3.300, cell: 0.314, reg_nb: 1.740 | h_bce: 0.0976 | curv: 0.0851 | h_bg: 0.0164 | sc_aln: 1.1519] | SolvStr: 1.00 | Disp: 221.9 | W_pred: 1.01 | W_solv: 0.59
[0387/1000] Loss: 9.0924 [cnt: 4.85, alloc(dm16): 3.280, cell: 0.314, reg_nb: 1.770 | h_bce: 0.0981 | curv: 0.0863 | h_bg: 0.0173 | sc_aln: 1.1498] | SolvStr: 1.00 | Disp: 229.9 | W_pred: 1.01 | W_solv: 0.59
[0388/1000] Loss: 9.1504 [cnt: 4.92, alloc(dm16): 3.265, cell: 0.313, reg_nb: 1.752 | h_bce: 0.0965 | curv: 0.0876 | h_bg: 0.0185 | sc_aln: 1.1435] | SolvStr: 1.00 | Disp: 231.7 | W_pred: 1.01 | W_solv: 0.59
[0389/1000] Loss: 9.1737 [cnt: 4.88, alloc(dm16): 3.339, cell: 0.313, reg_nb: 1.744 | h_bce: 0.0967 | curv: 0.0851 | h_bg: 0.0175 | sc_aln: 1.1413] | SolvStr: 1.00 | Disp: 226.3 | W_pred: 1.01 | W_solv: 0.59

============================================================================================
  EPOCH [0390/1000] PERIODIC EVALUATION (182 test samples)
--------------------------------------------------------------------------------------------
  Train Loss    : 9.0760 [cnt: 4.86, alloc(dm16): 3.258, cell: 0.313, reg_nb: 1.758 | h_bce: 0.0972 | curv: 0.0840 | h_bg: 0.0175 | sc_aln: 1.1352]
  Solver / W    : Str: 1.00 | E_red: 28.7% | W_pred: 1.01 (std: 0.71) | W_solv: 0.58
  Val Metrics   : MAE: 86.20 | RMSE: 132.92 | NAE: 0.225 | Bias: -5.16
  GAME Hierarchy: G0: 86.20 | G1: 107.65 | G2: 129.01 | G3: 164.70 | Sparse(<=100): 34.48 | Mod(101-500): 62.35 | Dense(>500): 160.96
  Uncertainty   : Coverage: 50%=86.6%, 80%=96.0%, 95%=98.8% | Median Disp: 215.9
  Checkpoint    : Current Val MAE: 86.20 | Best Val MAE: 85.43
============================================================================================

[0391/1000] Loss: 9.1429 [cnt: 4.88, alloc(dm16): 3.303, cell: 0.315, reg_nb: 1.745 | h_bce: 0.0977 | curv: 0.0873 | h_bg: 0.0180 | sc_aln: 1.1455] | SolvStr: 1.00 | Disp: 229.9 | W_pred: 1.01 | W_solv: 0.59
[0392/1000] Loss: 9.1173 [cnt: 4.91, alloc(dm16): 3.242, cell: 0.314, reg_nb: 1.737 | h_bce: 0.0960 | curv: 0.0878 | h_bg: 0.0203 | sc_aln: 1.1342] | SolvStr: 1.00 | Disp: 232.6 | W_pred: 1.01 | W_solv: 0.58
[0393/1000] Loss: 9.1567 [cnt: 4.93, alloc(dm16): 3.268, cell: 0.312, reg_nb: 1.740 | h_bce: 0.0969 | curv: 0.0862 | h_bg: 0.0182 | sc_aln: 1.1588] | SolvStr: 1.00 | Disp: 234.4 | W_pred: 1.01 | W_solv: 0.59
[0394/1000] Loss: 9.1077 [cnt: 4.90, alloc(dm16): 3.244, cell: 0.314, reg_nb: 1.755 | h_bce: 0.0967 | curv: 0.0886 | h_bg: 0.0195 | sc_aln: 1.1480] | SolvStr: 1.00 | Disp: 233.5 | W_pred: 1.01 | W_solv: 0.59

============================================================================================
  EPOCH [0395/1000] PERIODIC EVALUATION (182 test samples)
--------------------------------------------------------------------------------------------
  Train Loss    : 9.2688 [cnt: 5.02, alloc(dm16): 3.278, cell: 0.313, reg_nb: 1.770 | h_bce: 0.0972 | curv: 0.0868 | h_bg: 0.0181 | sc_aln: 1.1499]
  Solver / W    : Str: 1.00 | E_red: 29.1% | W_pred: 1.01 (std: 0.71) | W_solv: 0.59
  Val Metrics   : MAE: 90.58 | RMSE: 136.23 | NAE: 0.236 | Bias: +19.42
  GAME Hierarchy: G0: 90.58 | G1: 110.79 | G2: 132.64 | G3: 168.93 | Sparse(<=100): 27.87 | Mod(101-500): 68.75 | Dense(>500): 161.36
  Uncertainty   : Coverage: 50%=86.6%, 80%=96.1%, 95%=98.9% | Median Disp: 225.4
  Checkpoint    : Current Val MAE: 90.58 | Best Val MAE: 85.43
============================================================================================

[0396/1000] Loss: 9.1543 [cnt: 4.91, alloc(dm16): 3.281, cell: 0.314, reg_nb: 1.760 | h_bce: 0.0948 | curv: 0.0817 | h_bg: 0.0161 | sc_aln: 1.1345] | SolvStr: 1.00 | Disp: 225.4 | W_pred: 1.01 | W_solv: 0.59
[0397/1000] Loss: 9.3059 [cnt: 5.04, alloc(dm16): 3.304, cell: 0.316, reg_nb: 1.743 | h_bce: 0.0965 | curv: 0.0854 | h_bg: 0.0197 | sc_aln: 1.1576] | SolvStr: 1.00 | Disp: 238.1 | W_pred: 1.01 | W_solv: 0.59
[0398/1000] Loss: 9.0627 [cnt: 4.84, alloc(dm16): 3.267, cell: 0.314, reg_nb: 1.742 | h_bce: 0.0968 | curv: 0.0816 | h_bg: 0.0160 | sc_aln: 1.1355] | SolvStr: 1.00 | Disp: 222.8 | W_pred: 1.01 | W_solv: 0.58
[0399/1000] Loss: 9.0559 [cnt: 4.82, alloc(dm16): 3.284, cell: 0.314, reg_nb: 1.738 | h_bce: 0.0987 | curv: 0.0839 | h_bg: 0.0147 | sc_aln: 1.1506] | SolvStr: 1.00 | Disp: 239.0 | W_pred: 1.01 | W_solv: 0.59

============================================================================================
  EPOCH [0400/1000] PERIODIC EVALUATION (182 test samples)
--------------------------------------------------------------------------------------------
  Train Loss    : 9.0525 [cnt: 4.82, alloc(dm16): 3.277, cell: 0.314, reg_nb: 1.722 | h_bce: 0.0971 | curv: 0.0826 | h_bg: 0.0138 | sc_aln: 1.1533]
  Solver / W    : Str: 1.00 | E_red: 25.8% | W_pred: 1.01 (std: 0.72) | W_solv: 0.59
  Val Metrics   : MAE: 85.30 | RMSE: 134.76 | NAE: 0.215 | Bias: -31.19
  GAME Hierarchy: G0: 85.30 | G1: 107.17 | G2: 128.08 | G3: 162.65 | Sparse(<=100): 39.40 | Mod(101-500): 56.04 | Dense(>500): 174.32
  Uncertainty   : Coverage: 50%=86.8%, 80%=95.9%, 95%=98.8% | Median Disp: 246.6
  Checkpoint    : Current Val MAE: 85.30 | Best Val MAE: 85.30 >>> [NEW BEST CHECKPOINT SAVED] <<<
============================================================================================

[0401/1000] Loss: 9.0682 [cnt: 4.82, alloc(dm16): 3.283, cell: 0.315, reg_nb: 1.751 | h_bce: 0.0975 | curv: 0.0851 | h_bg: 0.0156 | sc_aln: 1.1462] | SolvStr: 1.00 | Disp: 234.4 | W_pred: 1.01 | W_solv: 0.59
[0402/1000] Loss: 9.2437 [cnt: 5.01, alloc(dm16): 3.273, cell: 0.313, reg_nb: 1.772 | h_bce: 0.0971 | curv: 0.0818 | h_bg: 0.0169 | sc_aln: 1.1646] | SolvStr: 1.00 | Disp: 229.9 | W_pred: 1.01 | W_solv: 0.59
[0403/1000] Loss: 9.1152 [cnt: 4.87, alloc(dm16): 3.287, cell: 0.314, reg_nb: 1.750 | h_bce: 0.0968 | curv: 0.0840 | h_bg: 0.0172 | sc_aln: 1.1471] | SolvStr: 1.00 | Disp: 237.2 | W_pred: 1.01 | W_solv: 0.59
[0404/1000] Loss: 9.0858 [cnt: 4.89, alloc(dm16): 3.240, cell: 0.313, reg_nb: 1.746 | h_bce: 0.0963 | curv: 0.0825 | h_bg: 0.0161 | sc_aln: 1.1538] | SolvStr: 1.00 | Disp: 237.2 | W_pred: 1.01 | W_solv: 0.58

============================================================================================
  EPOCH [0405/1000] PERIODIC EVALUATION (182 test samples)
--------------------------------------------------------------------------------------------
  Train Loss    : 9.0581 [cnt: 4.81, alloc(dm16): 3.294, cell: 0.313, reg_nb: 1.736 | h_bce: 0.0977 | curv: 0.0835 | h_bg: 0.0166 | sc_aln: 1.1559]
  Solver / W    : Str: 1.00 | E_red: 31.1% | W_pred: 1.01 (std: 0.71) | W_solv: 0.59
  Val Metrics   : MAE: 93.12 | RMSE: 134.18 | NAE: 0.264 | Bias: +33.43
  GAME Hierarchy: G0: 93.12 | G1: 113.74 | G2: 135.64 | G3: 172.78 | Sparse(<=100): 51.43 | Mod(101-500): 71.32 | Dense(>500): 160.61
  Uncertainty   : Coverage: 50%=86.0%, 80%=96.1%, 95%=99.0% | Median Disp: 245.6
  Checkpoint    : Current Val MAE: 93.12 | Best Val MAE: 85.30
============================================================================================

[0406/1000] Loss: 8.9993 [cnt: 4.76, alloc(dm16): 3.285, cell: 0.314, reg_nb: 1.734 | h_bce: 0.0981 | curv: 0.0853 | h_bg: 0.0167 | sc_aln: 1.1350] | SolvStr: 1.00 | Disp: 254.4 | W_pred: 1.01 | W_solv: 0.58
[0407/1000] Loss: 9.3029 [cnt: 5.08, alloc(dm16): 3.257, cell: 0.316, reg_nb: 1.753 | h_bce: 0.0958 | curv: 0.0846 | h_bg: 0.0175 | sc_aln: 1.1467] | SolvStr: 1.00 | Disp: 248.5 | W_pred: 1.01 | W_solv: 0.59
[0408/1000] Loss: 9.0306 [cnt: 4.79, alloc(dm16): 3.276, cell: 0.313, reg_nb: 1.752 | h_bce: 0.0965 | curv: 0.0841 | h_bg: 0.0177 | sc_aln: 1.1438] | SolvStr: 1.00 | Disp: 245.6 | W_pred: 1.01 | W_solv: 0.58
[0409/1000] Loss: 9.0420 [cnt: 4.86, alloc(dm16): 3.225, cell: 0.314, reg_nb: 1.741 | h_bce: 0.0968 | curv: 0.0864 | h_bg: 0.0149 | sc_aln: 1.1315] | SolvStr: 1.00 | Disp: 254.4 | W_pred: 1.01 | W_solv: 0.58

============================================================================================
  EPOCH [0410/1000] PERIODIC EVALUATION (182 test samples)
--------------------------------------------------------------------------------------------
  Train Loss    : 9.1312 [cnt: 4.84, alloc(dm16): 3.337, cell: 0.315, reg_nb: 1.726 | h_bce: 0.0972 | curv: 0.0834 | h_bg: 0.0160 | sc_aln: 1.1622]
  Solver / W    : Str: 1.00 | E_red: 22.8% | W_pred: 1.01 (std: 0.73) | W_solv: 0.59
  Val Metrics   : MAE: 86.68 | RMSE: 130.58 | NAE: 0.235 | Bias: +18.01
  GAME Hierarchy: G0: 86.68 | G1: 107.64 | G2: 128.87 | G3: 165.12 | Sparse(<=100): 44.86 | Mod(101-500): 63.58 | Dense(>500): 157.83
  Uncertainty   : Coverage: 50%=86.7%, 80%=96.2%, 95%=99.0% | Median Disp: 258.4
  Checkpoint    : Current Val MAE: 86.68 | Best Val MAE: 85.30
============================================================================================

[0411/1000] Loss: 9.1146 [cnt: 4.89, alloc(dm16): 3.267, cell: 0.312, reg_nb: 1.743 | h_bce: 0.0957 | curv: 0.0845 | h_bg: 0.0141 | sc_aln: 1.1440] | SolvStr: 1.00 | Disp: 243.7 | W_pred: 1.01 | W_solv: 0.59
[0412/1000] Loss: 9.0657 [cnt: 4.83, alloc(dm16): 3.274, cell: 0.314, reg_nb: 1.740 | h_bce: 0.0947 | curv: 0.0825 | h_bg: 0.0167 | sc_aln: 1.1335] | SolvStr: 1.00 | Disp: 240.9 | W_pred: 1.01 | W_solv: 0.58
[0413/1000] Loss: 9.1599 [cnt: 4.94, alloc(dm16): 3.271, cell: 0.312, reg_nb: 1.730 | h_bce: 0.0956 | curv: 0.0851 | h_bg: 0.0189 | sc_aln: 1.1304] | SolvStr: 1.00 | Disp: 248.5 | W_pred: 1.01 | W_solv: 0.58
[0414/1000] Loss: 9.0814 [cnt: 4.84, alloc(dm16): 3.293, cell: 0.314, reg_nb: 1.702 | h_bce: 0.0975 | curv: 0.0818 | h_bg: 0.0140 | sc_aln: 1.1645] | SolvStr: 1.00 | Disp: 271.9 | W_pred: 1.01 | W_solv: 0.59

============================================================================================
  EPOCH [0415/1000] PERIODIC EVALUATION (182 test samples)
--------------------------------------------------------------------------------------------
  Train Loss    : 9.2155 [cnt: 4.97, alloc(dm16): 3.291, cell: 0.313, reg_nb: 1.719 | h_bce: 0.0947 | curv: 0.0834 | h_bg: 0.0160 | sc_aln: 1.1259]
  Solver / W    : Str: 1.00 | E_red: 24.5% | W_pred: 1.01 (std: 0.72) | W_solv: 0.58
  Val Metrics   : MAE: 87.86 | RMSE: 129.05 | NAE: 0.242 | Bias: +24.41
  GAME Hierarchy: G0: 87.86 | G1: 108.65 | G2: 128.81 | G3: 165.21 | Sparse(<=100): 40.76 | Mod(101-500): 67.22 | Dense(>500): 152.89
  Uncertainty   : Coverage: 50%=86.6%, 80%=96.3%, 95%=99.0% | Median Disp: 259.5
  Checkpoint    : Current Val MAE: 87.86 | Best Val MAE: 85.30
============================================================================================

[0416/1000] Loss: 9.1512 [cnt: 4.91, alloc(dm16): 3.273, cell: 0.315, reg_nb: 1.759 | h_bce: 0.0952 | curv: 0.0830 | h_bg: 0.0161 | sc_aln: 1.1110] | SolvStr: 1.00 | Disp: 254.4 | W_pred: 1.01 | W_solv: 0.58
[0417/1000] Loss: 9.1487 [cnt: 4.92, alloc(dm16): 3.260, cell: 0.313, reg_nb: 1.758 | h_bce: 0.0962 | curv: 0.0865 | h_bg: 0.0182 | sc_aln: 1.1209] | SolvStr: 1.00 | Disp: 241.8 | W_pred: 1.01 | W_solv: 0.58
[0418/1000] Loss: 9.0696 [cnt: 4.84, alloc(dm16): 3.274, cell: 0.312, reg_nb: 1.736 | h_bce: 0.0971 | curv: 0.0838 | h_bg: 0.0177 | sc_aln: 1.1470] | SolvStr: 1.00 | Disp: 261.5 | W_pred: 1.01 | W_solv: 0.59
[0419/1000] Loss: 9.1250 [cnt: 4.92, alloc(dm16): 3.257, cell: 0.312, reg_nb: 1.733 | h_bce: 0.0974 | curv: 0.0823 | h_bg: 0.0162 | sc_aln: 1.1309] | SolvStr: 1.00 | Disp: 261.5 | W_pred: 1.01 | W_solv: 0.58

============================================================================================
  EPOCH [0420/1000] PERIODIC EVALUATION (182 test samples)
--------------------------------------------------------------------------------------------
  Train Loss    : 9.0818 [cnt: 4.87, alloc(dm16): 3.264, cell: 0.313, reg_nb: 1.705 | h_bce: 0.0950 | curv: 0.0823 | h_bg: 0.0146 | sc_aln: 1.1327]
  Solver / W    : Str: 1.00 | E_red: 29.0% | W_pred: 1.01 (std: 0.73) | W_solv: 0.58
  Val Metrics   : MAE: 103.62 | RMSE: 148.89 | NAE: 0.280 | Bias: +45.07
  GAME Hierarchy: G0: 103.62 | G1: 122.62 | G2: 142.52 | G3: 178.82 | Sparse(<=100): 43.87 | Mod(101-500): 79.37 | Dense(>500): 180.72
  Uncertainty   : Coverage: 50%=86.0%, 80%=95.9%, 95%=98.9% | Median Disp: 262.5
  Checkpoint    : Current Val MAE: 103.62 | Best Val MAE: 85.30
============================================================================================

[0421/1000] Loss: 9.1265 [cnt: 4.91, alloc(dm16): 3.258, cell: 0.312, reg_nb: 1.737 | h_bce: 0.0960 | curv: 0.0857 | h_bg: 0.0171 | sc_aln: 1.1222] | SolvStr: 1.00 | Disp: 253.4 | W_pred: 1.01 | W_solv: 0.58
[0422/1000] Loss: 9.0590 [cnt: 4.84, alloc(dm16): 3.257, cell: 0.314, reg_nb: 1.750 | h_bce: 0.0963 | curv: 0.0857 | h_bg: 0.0158 | sc_aln: 1.1243] | SolvStr: 1.00 | Disp: 258.4 | W_pred: 1.01 | W_solv: 0.58
[0423/1000] Loss: 9.1042 [cnt: 4.91, alloc(dm16): 3.234, cell: 0.313, reg_nb: 1.733 | h_bce: 0.0958 | curv: 0.0837 | h_bg: 0.0159 | sc_aln: 1.1306] | SolvStr: 1.00 | Disp: 262.5 | W_pred: 1.01 | W_solv: 0.58
[0424/1000] Loss: 9.0516 [cnt: 4.82, alloc(dm16): 3.272, cell: 0.313, reg_nb: 1.741 | h_bce: 0.0966 | curv: 0.0864 | h_bg: 0.0172 | sc_aln: 1.1246] | SolvStr: 1.00 | Disp: 271.9 | W_pred: 1.01 | W_solv: 0.58

============================================================================================
  EPOCH [0425/1000] PERIODIC EVALUATION (182 test samples)
--------------------------------------------------------------------------------------------
  Train Loss    : 9.1617 [cnt: 4.91, alloc(dm16): 3.305, cell: 0.313, reg_nb: 1.726 | h_bce: 0.0970 | curv: 0.0801 | h_bg: 0.0153 | sc_aln: 1.1583]
  Solver / W    : Str: 1.00 | E_red: 26.7% | W_pred: 1.01 (std: 0.71) | W_solv: 0.59
  Val Metrics   : MAE: 89.36 | RMSE: 131.12 | NAE: 0.241 | Bias: +15.66
  GAME Hierarchy: G0: 89.36 | G1: 110.84 | G2: 131.10 | G3: 167.19 | Sparse(<=100): 40.47 | Mod(101-500): 66.23 | Dense(>500): 161.67
  Uncertainty   : Coverage: 50%=86.6%, 80%=96.2%, 95%=98.9% | Median Disp: 288.3
  Checkpoint    : Current Val MAE: 89.36 | Best Val MAE: 85.30
============================================================================================

[0426/1000] Loss: 9.0938 [cnt: 4.87, alloc(dm16): 3.275, cell: 0.312, reg_nb: 1.727 | h_bce: 0.0967 | curv: 0.0864 | h_bg: 0.0166 | sc_aln: 1.1344] | SolvStr: 1.00 | Disp: 280.5 | W_pred: 1.01 | W_solv: 0.59
[0427/1000] Loss: 9.3056 [cnt: 5.09, alloc(dm16): 3.252, cell: 0.315, reg_nb: 1.741 | h_bce: 0.0975 | curv: 0.0879 | h_bg: 0.0174 | sc_aln: 1.1580] | SolvStr: 1.00 | Disp: 285.0 | W_pred: 1.01 | W_solv: 0.59
[0428/1000] Loss: 8.9881 [cnt: 4.77, alloc(dm16): 3.269, cell: 0.313, reg_nb: 1.729 | h_bce: 0.0952 | curv: 0.0845 | h_bg: 0.0159 | sc_aln: 1.1260] | SolvStr: 1.00 | Disp: 276.2 | W_pred: 1.01 | W_solv: 0.58
[0429/1000] Loss: 9.2147 [cnt: 4.95, alloc(dm16): 3.297, cell: 0.313, reg_nb: 1.762 | h_bce: 0.0957 | curv: 0.0867 | h_bg: 0.0202 | sc_aln: 1.1122] | SolvStr: 1.00 | Disp: 265.6 | W_pred: 1.01 | W_solv: 0.58

============================================================================================
  EPOCH [0430/1000] PERIODIC EVALUATION (182 test samples)
--------------------------------------------------------------------------------------------
  Train Loss    : 9.1135 [cnt: 4.87, alloc(dm16): 3.294, cell: 0.313, reg_nb: 1.723 | h_bce: 0.0952 | curv: 0.0832 | h_bg: 0.0137 | sc_aln: 1.1308]
  Solver / W    : Str: 1.00 | E_red: 29.2% | W_pred: 1.01 (std: 0.73) | W_solv: 0.59
  Val Metrics   : MAE: 96.59 | RMSE: 136.91 | NAE: 0.269 | Bias: +34.21
  GAME Hierarchy: G0: 96.59 | G1: 116.77 | G2: 137.39 | G3: 173.38 | Sparse(<=100): 41.98 | Mod(101-500): 77.08 | Dense(>500): 159.62
  Uncertainty   : Coverage: 50%=86.1%, 80%=95.9%, 95%=98.9% | Median Disp: 265.6
  Checkpoint    : Current Val MAE: 96.59 | Best Val MAE: 85.30
============================================================================================

[0431/1000] Loss: 9.1161 [cnt: 4.88, alloc(dm16): 3.284, cell: 0.313, reg_nb: 1.736 | h_bce: 0.0983 | curv: 0.0845 | h_bg: 0.0165 | sc_aln: 1.1495] | SolvStr: 1.00 | Disp: 273.0 | W_pred: 1.01 | W_solv: 0.59
[0432/1000] Loss: 9.0750 [cnt: 4.83, alloc(dm16): 3.292, cell: 0.313, reg_nb: 1.730 | h_bce: 0.0955 | curv: 0.0843 | h_bg: 0.0182 | sc_aln: 1.1358] | SolvStr: 1.00 | Disp: 275.1 | W_pred: 1.01 | W_solv: 0.59
[0433/1000] Loss: 9.1336 [cnt: 4.90, alloc(dm16): 3.274, cell: 0.313, reg_nb: 1.742 | h_bce: 0.0956 | curv: 0.0830 | h_bg: 0.0190 | sc_aln: 1.1114] | SolvStr: 1.00 | Disp: 259.5 | W_pred: 1.01 | W_solv: 0.58
[0434/1000] Loss: 9.0853 [cnt: 4.91, alloc(dm16): 3.218, cell: 0.313, reg_nb: 1.740 | h_bce: 0.0960 | curv: 0.0838 | h_bg: 0.0179 | sc_aln: 1.1102] | SolvStr: 1.00 | Disp: 257.4 | W_pred: 1.01 | W_solv: 0.58

============================================================================================
  EPOCH [0435/1000] PERIODIC EVALUATION (182 test samples)
--------------------------------------------------------------------------------------------
  Train Loss    : 9.0072 [cnt: 4.80, alloc(dm16): 3.259, cell: 0.313, reg_nb: 1.719 | h_bce: 0.0957 | curv: 0.0850 | h_bg: 0.0171 | sc_aln: 1.1318]
  Solver / W    : Str: 1.00 | E_red: 29.6% | W_pred: 1.01 (std: 0.72) | W_solv: 0.58
  Val Metrics   : MAE: 83.12 | RMSE: 126.15 | NAE: 0.221 | Bias: -0.67
  GAME Hierarchy: G0: 83.12 | G1: 104.61 | G2: 125.94 | G3: 161.94 | Sparse(<=100): 44.66 | Mod(101-500): 59.05 | Dense(>500): 156.49
  Uncertainty   : Coverage: 50%=87.0%, 80%=96.2%, 95%=98.9% | Median Disp: 271.9
  Checkpoint    : Current Val MAE: 83.12 | Best Val MAE: 83.12 >>> [NEW BEST CHECKPOINT SAVED] <<<
============================================================================================

[0436/1000] Loss: 9.1362 [cnt: 4.88, alloc(dm16): 3.304, cell: 0.314, reg_nb: 1.731 | h_bce: 0.0948 | curv: 0.0843 | h_bg: 0.0158 | sc_aln: 1.1258] | SolvStr: 1.00 | Disp: 274.0 | W_pred: 1.01 | W_solv: 0.58
[0437/1000] Loss: 9.1815 [cnt: 4.91, alloc(dm16): 3.320, cell: 0.313, reg_nb: 1.720 | h_bce: 0.0958 | curv: 0.0820 | h_bg: 0.0136 | sc_aln: 1.1200] | SolvStr: 1.00 | Disp: 283.8 | W_pred: 1.01 | W_solv: 0.58
[0438/1000] Loss: 9.1320 [cnt: 4.91, alloc(dm16): 3.266, cell: 0.314, reg_nb: 1.737 | h_bce: 0.0973 | curv: 0.0855 | h_bg: 0.0164 | sc_aln: 1.1317] | SolvStr: 1.00 | Disp: 277.3 | W_pred: 1.01 | W_solv: 0.58
[0439/1000] Loss: 9.0527 [cnt: 4.83, alloc(dm16): 3.278, cell: 0.314, reg_nb: 1.727 | h_bce: 0.0973 | curv: 0.0839 | h_bg: 0.0166 | sc_aln: 1.1298] | SolvStr: 1.00 | Disp: 275.1 | W_pred: 1.01 | W_solv: 0.58

============================================================================================
  EPOCH [0440/1000] PERIODIC EVALUATION (182 test samples)
--------------------------------------------------------------------------------------------
  Train Loss    : 9.0018 [cnt: 4.79, alloc(dm16): 3.256, cell: 0.313, reg_nb: 1.727 | h_bce: 0.0968 | curv: 0.0859 | h_bg: 0.0171 | sc_aln: 1.1218]
  Solver / W    : Str: 1.00 | E_red: 32.3% | W_pred: 1.01 (std: 0.71) | W_solv: 0.58
  Val Metrics   : MAE: 88.57 | RMSE: 130.67 | NAE: 0.231 | Bias: +6.93
  GAME Hierarchy: G0: 88.57 | G1: 109.34 | G2: 130.14 | G3: 166.16 | Sparse(<=100): 36.06 | Mod(101-500): 64.26 | Dense(>500): 164.75
  Uncertainty   : Coverage: 50%=86.8%, 80%=96.1%, 95%=98.9% | Median Disp: 289.4
  Checkpoint    : Current Val MAE: 88.57 | Best Val MAE: 83.12
============================================================================================

[0441/1000] Loss: 9.0898 [cnt: 4.89, alloc(dm16): 3.233, cell: 0.313, reg_nb: 1.750 | h_bce: 0.0941 | curv: 0.0824 | h_bg: 0.0157 | sc_aln: 1.1340] | SolvStr: 1.00 | Disp: 285.0 | W_pred: 1.01 | W_solv: 0.58
[0442/1000] Loss: 9.0580 [cnt: 4.83, alloc(dm16): 3.273, cell: 0.313, reg_nb: 1.728 | h_bce: 0.0960 | curv: 0.0847 | h_bg: 0.0160 | sc_aln: 1.1265] | SolvStr: 1.00 | Disp: 285.0 | W_pred: 1.01 | W_solv: 0.58
[0443/1000] Loss: 9.1082 [cnt: 4.86, alloc(dm16): 3.292, cell: 0.312, reg_nb: 1.740 | h_bce: 0.0938 | curv: 0.0853 | h_bg: 0.0180 | sc_aln: 1.1169] | SolvStr: 1.00 | Disp: 277.3 | W_pred: 1.01 | W_solv: 0.58
[0444/1000] Loss: 9.0596 [cnt: 4.88, alloc(dm16): 3.222, cell: 0.311, reg_nb: 1.723 | h_bce: 0.0950 | curv: 0.0874 | h_bg: 0.0172 | sc_aln: 1.1299] | SolvStr: 1.00 | Disp: 283.8 | W_pred: 1.01 | W_solv: 0.58

============================================================================================
  EPOCH [0445/1000] PERIODIC EVALUATION (182 test samples)
--------------------------------------------------------------------------------------------
  Train Loss    : 9.0540 [cnt: 4.82, alloc(dm16): 3.276, cell: 0.314, reg_nb: 1.742 | h_bce: 0.0948 | curv: 0.0863 | h_bg: 0.0159 | sc_aln: 1.1405]
  Solver / W    : Str: 1.00 | E_red: 26.2% | W_pred: 1.01 (std: 0.73) | W_solv: 0.59
  Val Metrics   : MAE: 87.56 | RMSE: 139.66 | NAE: 0.213 | Bias: -28.41
  GAME Hierarchy: G0: 87.56 | G1: 106.87 | G2: 126.50 | G3: 160.78 | Sparse(<=100): 34.08 | Mod(101-500): 56.50 | Dense(>500): 182.82
  Uncertainty   : Coverage: 50%=87.1%, 80%=96.0%, 95%=98.8% | Median Disp: 289.4
  Checkpoint    : Current Val MAE: 87.56 | Best Val MAE: 83.12
============================================================================================

[0446/1000] Loss: 9.3160 [cnt: 5.10, alloc(dm16): 3.264, cell: 0.315, reg_nb: 1.712 | h_bce: 0.0957 | curv: 0.0815 | h_bg: 0.0125 | sc_aln: 1.1415] | SolvStr: 1.00 | Disp: 305.7 | W_pred: 1.01 | W_solv: 0.59
[0447/1000] Loss: 8.9992 [cnt: 4.79, alloc(dm16): 3.254, cell: 0.313, reg_nb: 1.737 | h_bce: 0.0969 | curv: 0.0852 | h_bg: 0.0160 | sc_aln: 1.1326] | SolvStr: 1.00 | Disp: 299.8 | W_pred: 1.01 | W_solv: 0.58
[0448/1000] Loss: 9.1665 [cnt: 4.90, alloc(dm16): 3.319, cell: 0.315, reg_nb: 1.719 | h_bce: 0.0966 | curv: 0.0822 | h_bg: 0.0148 | sc_aln: 1.1379] | SolvStr: 1.00 | Disp: 322.9 | W_pred: 1.01 | W_solv: 0.58
[0449/1000] Loss: 8.9696 [cnt: 4.76, alloc(dm16): 3.248, cell: 0.313, reg_nb: 1.741 | h_bce: 0.0954 | curv: 0.0859 | h_bg: 0.0182 | sc_aln: 1.1105] | SolvStr: 1.00 | Disp: 303.3 | W_pred: 1.01 | W_solv: 0.58

============================================================================================
  EPOCH [0450/1000] PERIODIC EVALUATION (182 test samples)
--------------------------------------------------------------------------------------------
  Train Loss    : 9.0657 [cnt: 4.87, alloc(dm16): 3.232, cell: 0.313, reg_nb: 1.759 | h_bce: 0.0955 | curv: 0.0854 | h_bg: 0.0189 | sc_aln: 1.1222]
  Solver / W    : Str: 1.00 | E_red: 28.3% | W_pred: 1.01 (std: 0.72) | W_solv: 0.58
  Val Metrics   : MAE: 86.50 | RMSE: 133.88 | NAE: 0.220 | Bias: -15.83
  GAME Hierarchy: G0: 86.50 | G1: 106.43 | G2: 125.76 | G3: 160.04 | Sparse(<=100): 33.61 | Mod(101-500): 60.21 | Dense(>500): 168.27
  Uncertainty   : Coverage: 50%=87.1%, 80%=96.1%, 95%=98.9% | Median Disp: 298.6
  Checkpoint    : Current Val MAE: 86.50 | Best Val MAE: 83.12
============================================================================================

[0451/1000] Loss: 9.0283 [cnt: 4.85, alloc(dm16): 3.218, cell: 0.313, reg_nb: 1.759 | h_bce: 0.0942 | curv: 0.0850 | h_bg: 0.0187 | sc_aln: 1.1412] | SolvStr: 1.00 | Disp: 283.8 | W_pred: 1.01 | W_solv: 0.59
[0452/1000] Loss: 8.9796 [cnt: 4.81, alloc(dm16): 3.215, cell: 0.310, reg_nb: 1.731 | h_bce: 0.0941 | curv: 0.0875 | h_bg: 0.0174 | sc_aln: 1.1312] | SolvStr: 1.00 | Disp: 292.9 | W_pred: 1.01 | W_solv: 0.59
[0453/1000] Loss: 8.9925 [cnt: 4.79, alloc(dm16): 3.259, cell: 0.313, reg_nb: 1.709 | h_bce: 0.0947 | curv: 0.0850 | h_bg: 0.0168 | sc_aln: 1.1442] | SolvStr: 1.00 | Disp: 308.1 | W_pred: 1.01 | W_solv: 0.59
[0454/1000] Loss: 9.0751 [cnt: 4.88, alloc(dm16): 3.245, cell: 0.312, reg_nb: 1.737 | h_bce: 0.0964 | curv: 0.0865 | h_bg: 0.0179 | sc_aln: 1.1334] | SolvStr: 1.00 | Disp: 308.1 | W_pred: 1.01 | W_solv: 0.59

============================================================================================
  EPOCH [0455/1000] PERIODIC EVALUATION (182 test samples)
--------------------------------------------------------------------------------------------
  Train Loss    : 8.9562 [cnt: 4.74, alloc(dm16): 3.266, cell: 0.313, reg_nb: 1.713 | h_bce: 0.0947 | curv: 0.0867 | h_bg: 0.0175 | sc_aln: 1.1342]
  Solver / W    : Str: 1.00 | E_red: 29.6% | W_pred: 1.01 (std: 0.73) | W_solv: 0.59
  Val Metrics   : MAE: 85.47 | RMSE: 129.36 | NAE: 0.224 | Bias: -4.26
  GAME Hierarchy: G0: 85.47 | G1: 106.36 | G2: 125.84 | G3: 160.73 | Sparse(<=100): 37.41 | Mod(101-500): 61.16 | Dense(>500): 160.95
  Uncertainty   : Coverage: 50%=87.0%, 80%=96.2%, 95%=98.9% | Median Disp: 324.2
  Checkpoint    : Current Val MAE: 85.47 | Best Val MAE: 83.12
============================================================================================

[0456/1000] Loss: 9.0343 [cnt: 4.82, alloc(dm16): 3.263, cell: 0.311, reg_nb: 1.737 | h_bce: 0.0943 | curv: 0.0859 | h_bg: 0.0175 | sc_aln: 1.1255] | SolvStr: 1.00 | Disp: 310.5 | W_pred: 1.01 | W_solv: 0.58
[0457/1000] Loss: 8.9242 [cnt: 4.78, alloc(dm16): 3.198, cell: 0.311, reg_nb: 1.713 | h_bce: 0.0945 | curv: 0.0834 | h_bg: 0.0154 | sc_aln: 1.1311] | SolvStr: 1.00 | Disp: 306.9 | W_pred: 1.01 | W_solv: 0.58
[0458/1000] Loss: 9.1207 [cnt: 4.93, alloc(dm16): 3.252, cell: 0.311, reg_nb: 1.698 | h_bce: 0.0948 | curv: 0.0827 | h_bg: 0.0161 | sc_aln: 1.1525] | SolvStr: 1.00 | Disp: 347.8 | W_pred: 1.01 | W_solv: 0.59
[0459/1000] Loss: 9.2964 [cnt: 5.10, alloc(dm16): 3.239, cell: 0.312, reg_nb: 1.729 | h_bce: 0.0947 | curv: 0.0848 | h_bg: 0.0194 | sc_aln: 1.1437] | SolvStr: 1.00 | Disp: 325.4 | W_pred: 1.01 | W_solv: 0.59

============================================================================================
  EPOCH [0460/1000] PERIODIC EVALUATION (182 test samples)
--------------------------------------------------------------------------------------------
  Train Loss    : 9.0364 [cnt: 4.84, alloc(dm16): 3.254, cell: 0.311, reg_nb: 1.708 | h_bce: 0.0939 | curv: 0.0808 | h_bg: 0.0157 | sc_aln: 1.1255]
  Solver / W    : Str: 1.00 | E_red: 25.3% | W_pred: 1.01 (std: 0.74) | W_solv: 0.58
  Val Metrics   : MAE: 88.56 | RMSE: 136.22 | NAE: 0.232 | Bias: +16.60
  GAME Hierarchy: G0: 88.56 | G1: 108.52 | G2: 129.00 | G3: 165.17 | Sparse(<=100): 37.19 | Mod(101-500): 62.31 | Dense(>500): 169.98
  Uncertainty   : Coverage: 50%=86.7%, 80%=96.2%, 95%=99.0% | Median Disp: 316.7
  Checkpoint    : Current Val MAE: 88.56 | Best Val MAE: 83.12
============================================================================================

[0461/1000] Loss: 9.1024 [cnt: 4.88, alloc(dm16): 3.267, cell: 0.313, reg_nb: 1.741 | h_bce: 0.0946 | curv: 0.0830 | h_bg: 0.0155 | sc_aln: 1.1156] | SolvStr: 1.00 | Disp: 308.1 | W_pred: 1.01 | W_solv: 0.58
[0462/1000] Loss: 8.9983 [cnt: 4.77, alloc(dm16): 3.278, cell: 0.314, reg_nb: 1.715 | h_bce: 0.0937 | curv: 0.0841 | h_bg: 0.0162 | sc_aln: 1.1149] | SolvStr: 1.00 | Disp: 313.0 | W_pred: 1.01 | W_solv: 0.58
[0463/1000] Loss: 9.0679 [cnt: 4.86, alloc(dm16): 3.254, cell: 0.313, reg_nb: 1.740 | h_bce: 0.0940 | curv: 0.0850 | h_bg: 0.0172 | sc_aln: 1.1200] | SolvStr: 1.00 | Disp: 303.3 | W_pred: 1.01 | W_solv: 0.58
[0464/1000] Loss: 9.0193 [cnt: 4.79, alloc(dm16): 3.289, cell: 0.314, reg_nb: 1.705 | h_bce: 0.0947 | curv: 0.0814 | h_bg: 0.0138 | sc_aln: 1.1357] | SolvStr: 1.00 | Disp: 328.0 | W_pred: 1.01 | W_solv: 0.58

============================================================================================
  EPOCH [0465/1000] PERIODIC EVALUATION (182 test samples)
--------------------------------------------------------------------------------------------
  Train Loss    : 9.1009 [cnt: 4.86, alloc(dm16): 3.290, cell: 0.314, reg_nb: 1.721 | h_bce: 0.0934 | curv: 0.0858 | h_bg: 0.0145 | sc_aln: 1.1103]
  Solver / W    : Str: 1.00 | E_red: 32.7% | W_pred: 1.01 (std: 0.72) | W_solv: 0.58
  Val Metrics   : MAE: 84.27 | RMSE: 129.62 | NAE: 0.220 | Bias: +4.19
  GAME Hierarchy: G0: 84.27 | G1: 104.79 | G2: 124.93 | G3: 160.02 | Sparse(<=100): 37.54 | Mod(101-500): 59.83 | Dense(>500): 159.90
  Uncertainty   : Coverage: 50%=87.1%, 80%=96.3%, 95%=99.0% | Median Disp: 315.4
  Checkpoint    : Current Val MAE: 84.27 | Best Val MAE: 83.12
============================================================================================

[0466/1000] Loss: 9.1381 [cnt: 4.94, alloc(dm16): 3.249, cell: 0.312, reg_nb: 1.712 | h_bce: 0.0950 | curv: 0.0845 | h_bg: 0.0158 | sc_aln: 1.1133] | SolvStr: 1.00 | Disp: 315.4 | W_pred: 1.01 | W_solv: 0.58
[0467/1000] Loss: 8.9755 [cnt: 4.77, alloc(dm16): 3.253, cell: 0.313, reg_nb: 1.727 | h_bce: 0.0935 | curv: 0.0866 | h_bg: 0.0174 | sc_aln: 1.1091] | SolvStr: 1.00 | Disp: 302.2 | W_pred: 1.01 | W_solv: 0.58
[0468/1000] Loss: 8.9943 [cnt: 4.80, alloc(dm16): 3.238, cell: 0.313, reg_nb: 1.735 | h_bce: 0.0949 | curv: 0.0854 | h_bg: 0.0188 | sc_aln: 1.1109] | SolvStr: 1.00 | Disp: 322.9 | W_pred: 1.01 | W_solv: 0.58
[0469/1000] Loss: 8.9944 [cnt: 4.82, alloc(dm16): 3.220, cell: 0.312, reg_nb: 1.719 | h_bce: 0.0929 | curv: 0.0830 | h_bg: 0.0143 | sc_aln: 1.1148] | SolvStr: 1.00 | Disp: 321.6 | W_pred: 1.01 | W_solv: 0.58

============================================================================================
  EPOCH [0470/1000] PERIODIC EVALUATION (182 test samples)
--------------------------------------------------------------------------------------------
  Train Loss    : 9.0264 [cnt: 4.83, alloc(dm16): 3.248, cell: 0.312, reg_nb: 1.727 | h_bce: 0.0941 | curv: 0.0843 | h_bg: 0.0159 | sc_aln: 1.1107]
  Solver / W    : Str: 1.00 | E_red: 30.5% | W_pred: 1.01 (std: 0.72) | W_solv: 0.58
  Val Metrics   : MAE: 85.22 | RMSE: 135.86 | NAE: 0.209 | Bias: -27.25
  GAME Hierarchy: G0: 85.22 | G1: 104.05 | G2: 123.67 | G3: 157.39 | Sparse(<=100): 33.01 | Mod(101-500): 55.65 | Dense(>500): 176.09
  Uncertainty   : Coverage: 50%=87.2%, 80%=96.1%, 95%=98.8% | Median Disp: 315.4
  Checkpoint    : Current Val MAE: 85.22 | Best Val MAE: 83.12
============================================================================================

[0471/1000] Loss: 8.9800 [cnt: 4.77, alloc(dm16): 3.253, cell: 0.315, reg_nb: 1.725 | h_bce: 0.0948 | curv: 0.0839 | h_bg: 0.0144 | sc_aln: 1.1352] | SolvStr: 1.00 | Disp: 334.5 | W_pred: 1.01 | W_solv: 0.58
[0472/1000] Loss: 9.0489 [cnt: 4.87, alloc(dm16): 3.215, cell: 0.313, reg_nb: 1.744 | h_bce: 0.0947 | curv: 0.0850 | h_bg: 0.0168 | sc_aln: 1.1137] | SolvStr: 1.00 | Disp: 310.5 | W_pred: 1.01 | W_solv: 0.58
[0473/1000] Loss: 9.2075 [cnt: 5.01, alloc(dm16): 3.243, cell: 0.314, reg_nb: 1.742 | h_bce: 0.0941 | curv: 0.0848 | h_bg: 0.0153 | sc_aln: 1.1136] | SolvStr: 1.00 | Disp: 314.2 | W_pred: 1.01 | W_solv: 0.58
[0474/1000] Loss: 8.9073 [cnt: 4.71, alloc(dm16): 3.255, cell: 0.313, reg_nb: 1.698 | h_bce: 0.0933 | curv: 0.0857 | h_bg: 0.0179 | sc_aln: 1.1334] | SolvStr: 1.00 | Disp: 343.7 | W_pred: 1.01 | W_solv: 0.59

============================================================================================
  EPOCH [0475/1000] PERIODIC EVALUATION (182 test samples)
--------------------------------------------------------------------------------------------
  Train Loss    : 9.0599 [cnt: 4.80, alloc(dm16): 3.307, cell: 0.313, reg_nb: 1.722 | h_bce: 0.0958 | curv: 0.0861 | h_bg: 0.0184 | sc_aln: 1.1490]
  Solver / W    : Str: 1.00 | E_red: 26.3% | W_pred: 1.01 (std: 0.72) | W_solv: 0.59
  Val Metrics   : MAE: 82.70 | RMSE: 128.24 | NAE: 0.220 | Bias: -9.13
  GAME Hierarchy: G0: 82.70 | G1: 102.55 | G2: 121.38 | G3: 156.25 | Sparse(<=100): 42.51 | Mod(101-500): 59.10 | Dense(>500): 155.02
  Uncertainty   : Coverage: 50%=87.1%, 80%=96.2%, 95%=98.9% | Median Disp: 328.0
  Checkpoint    : Current Val MAE: 82.70 | Best Val MAE: 82.70 >>> [NEW BEST CHECKPOINT SAVED] <<<
============================================================================================

[0476/1000] Loss: 8.9691 [cnt: 4.80, alloc(dm16): 3.224, cell: 0.313, reg_nb: 1.717 | h_bce: 0.0945 | curv: 0.0799 | h_bg: 0.0138 | sc_aln: 1.1643] | SolvStr: 1.00 | Disp: 357.4 | W_pred: 1.01 | W_solv: 0.59
[0477/1000] Loss: 8.9754 [cnt: 4.79, alloc(dm16): 3.247, cell: 0.312, reg_nb: 1.703 | h_bce: 0.0940 | curv: 0.0842 | h_bg: 0.0149 | sc_aln: 1.1428] | SolvStr: 1.00 | Disp: 351.9 | W_pred: 1.01 | W_solv: 0.59
[0478/1000] Loss: 9.1509 [cnt: 4.94, alloc(dm16): 3.257, cell: 0.312, reg_nb: 1.738 | h_bce: 0.0941 | curv: 0.0814 | h_bg: 0.0148 | sc_aln: 1.1506] | SolvStr: 1.00 | Disp: 334.5 | W_pred: 1.01 | W_solv: 0.59
[0479/1000] Loss: 8.9772 [cnt: 4.76, alloc(dm16): 3.273, cell: 0.313, reg_nb: 1.704 | h_bce: 0.0944 | curv: 0.0813 | h_bg: 0.0144 | sc_aln: 1.1396] | SolvStr: 1.00 | Disp: 341.1 | W_pred: 1.01 | W_solv: 0.59

============================================================================================
  EPOCH [0480/1000] PERIODIC EVALUATION (182 test samples)
--------------------------------------------------------------------------------------------
  Train Loss    : 9.0946 [cnt: 4.87, alloc(dm16): 3.266, cell: 0.313, reg_nb: 1.716 | h_bce: 0.0950 | curv: 0.0860 | h_bg: 0.0167 | sc_aln: 1.1684]
  Solver / W    : Str: 1.00 | E_red: 24.0% | W_pred: 1.01 (std: 0.74) | W_solv: 0.59
  Val Metrics   : MAE: 84.07 | RMSE: 136.98 | NAE: 0.209 | Bias: -33.45
  GAME Hierarchy: G0: 84.07 | G1: 103.18 | G2: 122.48 | G3: 156.01 | Sparse(<=100): 42.69 | Mod(101-500): 53.43 | Dense(>500): 176.28
  Uncertainty   : Coverage: 50%=87.3%, 80%=96.1%, 95%=98.8% | Median Disp: 339.7
  Checkpoint    : Current Val MAE: 84.07 | Best Val MAE: 82.70
============================================================================================

[0481/1000] Loss: 9.0045 [cnt: 4.82, alloc(dm16): 3.229, cell: 0.313, reg_nb: 1.729 | h_bce: 0.0925 | curv: 0.0817 | h_bg: 0.0170 | sc_aln: 1.1331] | SolvStr: 1.00 | Disp: 325.4 | W_pred: 1.01 | W_solv: 0.58
[0482/1000] Loss: 9.0462 [cnt: 4.83, alloc(dm16): 3.264, cell: 0.314, reg_nb: 1.715 | h_bce: 0.0932 | curv: 0.0814 | h_bg: 0.0143 | sc_aln: 1.1347] | SolvStr: 1.00 | Disp: 342.4 | W_pred: 1.01 | W_solv: 0.58
[0483/1000] Loss: 8.9494 [cnt: 4.77, alloc(dm16): 3.229, cell: 0.313, reg_nb: 1.715 | h_bce: 0.0944 | curv: 0.0836 | h_bg: 0.0174 | sc_aln: 1.1369] | SolvStr: 1.00 | Disp: 346.4 | W_pred: 1.01 | W_solv: 0.58
[0484/1000] Loss: 8.9995 [cnt: 4.76, alloc(dm16): 3.296, cell: 0.312, reg_nb: 1.717 | h_bce: 0.0941 | curv: 0.0850 | h_bg: 0.0169 | sc_aln: 1.1295] | SolvStr: 1.00 | Disp: 341.1 | W_pred: 1.01 | W_solv: 0.59

============================================================================================
  EPOCH [0485/1000] PERIODIC EVALUATION (182 test samples)
--------------------------------------------------------------------------------------------
  Train Loss    : 8.9614 [cnt: 4.77, alloc(dm16): 3.244, cell: 0.312, reg_nb: 1.712 | h_bce: 0.0945 | curv: 0.0826 | h_bg: 0.0148 | sc_aln: 1.1253]
  Solver / W    : Str: 1.00 | E_red: 24.1% | W_pred: 1.01 (std: 0.73) | W_solv: 0.58
  Val Metrics   : MAE: 85.28 | RMSE: 129.95 | NAE: 0.229 | Bias: +9.00
  GAME Hierarchy: G0: 85.28 | G1: 106.25 | G2: 126.56 | G3: 162.15 | Sparse(<=100): 44.65 | Mod(101-500): 62.64 | Dense(>500): 154.94
  Uncertainty   : Coverage: 50%=87.0%, 80%=96.2%, 95%=99.0% | Median Disp: 349.1
  Checkpoint    : Current Val MAE: 85.28 | Best Val MAE: 82.70
============================================================================================

[0486/1000] Loss: 9.0138 [cnt: 4.79, alloc(dm16): 3.276, cell: 0.313, reg_nb: 1.699 | h_bce: 0.0934 | curv: 0.0844 | h_bg: 0.0154 | sc_aln: 1.1389] | SolvStr: 1.00 | Disp: 350.5 | W_pred: 1.01 | W_solv: 0.59
[0487/1000] Loss: 9.1679 [cnt: 4.93, alloc(dm16): 3.288, cell: 0.313, reg_nb: 1.695 | h_bce: 0.0943 | curv: 0.0844 | h_bg: 0.0144 | sc_aln: 1.1587] | SolvStr: 1.00 | Disp: 367.3 | W_pred: 1.01 | W_solv: 0.59
[0488/1000] Loss: 9.0676 [cnt: 4.86, alloc(dm16): 3.252, cell: 0.313, reg_nb: 1.722 | h_bce: 0.0928 | curv: 0.0836 | h_bg: 0.0152 | sc_aln: 1.1126] | SolvStr: 1.00 | Disp: 330.6 | W_pred: 1.01 | W_solv: 0.58
[0489/1000] Loss: 8.9097 [cnt: 4.75, alloc(dm16): 3.205, cell: 0.311, reg_nb: 1.714 | h_bce: 0.0940 | curv: 0.0873 | h_bg: 0.0193 | sc_aln: 1.1148] | SolvStr: 1.00 | Disp: 329.3 | W_pred: 1.01 | W_solv: 0.58

============================================================================================
  EPOCH [0490/1000] PERIODIC EVALUATION (182 test samples)
--------------------------------------------------------------------------------------------
  Train Loss    : 9.0365 [cnt: 4.86, alloc(dm16): 3.220, cell: 0.313, reg_nb: 1.741 | h_bce: 0.0947 | curv: 0.0838 | h_bg: 0.0156 | sc_aln: 1.1402]
  Solver / W    : Str: 1.00 | E_red: 22.6% | W_pred: 1.01 (std: 0.73) | W_solv: 0.58
  Val Metrics   : MAE: 84.53 | RMSE: 129.99 | NAE: 0.229 | Bias: +2.66
  GAME Hierarchy: G0: 84.53 | G1: 105.72 | G2: 125.16 | G3: 160.97 | Sparse(<=100): 49.45 | Mod(101-500): 61.61 | Dense(>500): 154.15
  Uncertainty   : Coverage: 50%=87.1%, 80%=96.2%, 95%=98.9% | Median Disp: 351.9
  Checkpoint    : Current Val MAE: 84.53 | Best Val MAE: 82.70
============================================================================================

[0491/1000] Loss: 8.9941 [cnt: 4.79, alloc(dm16): 3.260, cell: 0.313, reg_nb: 1.709 | h_bce: 0.0950 | curv: 0.0829 | h_bg: 0.0146 | sc_aln: 1.1388] | SolvStr: 1.00 | Disp: 349.1 | W_pred: 1.01 | W_solv: 0.59
[0492/1000] Loss: 8.8893 [cnt: 4.69, alloc(dm16): 3.244, cell: 0.313, reg_nb: 1.719 | h_bce: 0.0951 | curv: 0.0855 | h_bg: 0.0164 | sc_aln: 1.1361] | SolvStr: 1.00 | Disp: 353.3 | W_pred: 1.01 | W_solv: 0.58
[0493/1000] Loss: 8.9374 [cnt: 4.71, alloc(dm16): 3.278, cell: 0.312, reg_nb: 1.720 | h_bce: 0.0938 | curv: 0.0863 | h_bg: 0.0177 | sc_aln: 1.1180] | SolvStr: 1.00 | Disp: 356.0 | W_pred: 1.01 | W_solv: 0.58
[0494/1000] Loss: 8.9879 [cnt: 4.81, alloc(dm16): 3.223, cell: 0.314, reg_nb: 1.723 | h_bce: 0.0939 | curv: 0.0886 | h_bg: 0.0177 | sc_aln: 1.1244] | SolvStr: 1.00 | Disp: 351.9 | W_pred: 1.01 | W_solv: 0.58

============================================================================================
  EPOCH [0495/1000] PERIODIC EVALUATION (182 test samples)
--------------------------------------------------------------------------------------------
  Train Loss    : 8.9815 [cnt: 4.80, alloc(dm16): 3.232, cell: 0.313, reg_nb: 1.713 | h_bce: 0.0954 | curv: 0.0836 | h_bg: 0.0168 | sc_aln: 1.1324]
  Solver / W    : Str: 1.00 | E_red: 22.7% | W_pred: 1.01 (std: 0.72) | W_solv: 0.58
  Val Metrics   : MAE: 89.79 | RMSE: 133.89 | NAE: 0.243 | Bias: +19.45
  GAME Hierarchy: G0: 89.79 | G1: 110.11 | G2: 129.79 | G3: 164.84 | Sparse(<=100): 46.35 | Mod(101-500): 67.63 | Dense(>500): 158.55
  Uncertainty   : Coverage: 50%=86.8%, 80%=96.2%, 95%=98.9% | Median Disp: 361.6
  Checkpoint    : Current Val MAE: 89.79 | Best Val MAE: 82.70
============================================================================================

[0496/1000] Loss: 9.0093 [cnt: 4.84, alloc(dm16): 3.222, cell: 0.315, reg_nb: 1.714 | h_bce: 0.0930 | curv: 0.0847 | h_bg: 0.0142 | sc_aln: 1.1287] | SolvStr: 1.00 | Disp: 353.3 | W_pred: 1.01 | W_solv: 0.58
[0497/1000] Loss: 8.9292 [cnt: 4.75, alloc(dm16): 3.234, cell: 0.313, reg_nb: 1.699 | h_bce: 0.0929 | curv: 0.0871 | h_bg: 0.0185 | sc_aln: 1.1435] | SolvStr: 1.00 | Disp: 361.6 | W_pred: 1.01 | W_solv: 0.59
[0498/1000] Loss: 9.0186 [cnt: 4.84, alloc(dm16): 3.225, cell: 0.312, reg_nb: 1.723 | h_bce: 0.0932 | curv: 0.0845 | h_bg: 0.0157 | sc_aln: 1.1423] | SolvStr: 1.00 | Disp: 339.7 | W_pred: 1.01 | W_solv: 0.59
[0499/1000] Loss: 8.9107 [cnt: 4.70, alloc(dm16): 3.270, cell: 0.312, reg_nb: 1.699 | h_bce: 0.0936 | curv: 0.0795 | h_bg: 0.0136 | sc_aln: 1.1432] | SolvStr: 1.00 | Disp: 363.0 | W_pred: 1.01 | W_solv: 0.59

============================================================================================
  EPOCH [0500/1000] PERIODIC EVALUATION (182 test samples)
--------------------------------------------------------------------------------------------
  Train Loss    : 9.0877 [cnt: 4.87, alloc(dm16): 3.270, cell: 0.312, reg_nb: 1.722 | h_bce: 0.0945 | curv: 0.0819 | h_bg: 0.0152 | sc_aln: 1.1437]
  Solver / W    : Str: 1.00 | E_red: 26.5% | W_pred: 1.01 (std: 0.73) | W_solv: 0.58
  Val Metrics   : MAE: 100.56 | RMSE: 143.49 | NAE: 0.280 | Bias: +51.28
  GAME Hierarchy: G0: 100.56 | G1: 119.29 | G2: 138.45 | G3: 174.65 | Sparse(<=100): 46.97 | Mod(101-500): 80.18 | Dense(>500): 165.88
  Uncertainty   : Coverage: 50%=86.3%, 80%=96.0%, 95%=99.0% | Median Disp: 356.0
  Checkpoint    : Current Val MAE: 100.56 | Best Val MAE: 82.70
============================================================================================

[0501/1000] Loss: 8.9429 [cnt: 4.73, alloc(dm16): 3.268, cell: 0.313, reg_nb: 1.712 | h_bce: 0.0942 | curv: 0.0849 | h_bg: 0.0154 | sc_aln: 1.1462] | SolvStr: 1.00 | Disp: 358.8 | W_pred: 1.01 | W_solv: 0.59
[0502/1000] Loss: 8.8986 [cnt: 4.74, alloc(dm16): 3.207, cell: 0.313, reg_nb: 1.721 | h_bce: 0.0936 | curv: 0.0867 | h_bg: 0.0179 | sc_aln: 1.1412] | SolvStr: 1.00 | Disp: 358.8 | W_pred: 1.01 | W_solv: 0.59
[0503/1000] Loss: 8.8895 [cnt: 4.73, alloc(dm16): 3.209, cell: 0.312, reg_nb: 1.713 | h_bce: 0.0937 | curv: 0.0851 | h_bg: 0.0158 | sc_aln: 1.1439] | SolvStr: 1.00 | Disp: 345.1 | W_pred: 1.01 | W_solv: 0.59
[0504/1000] Loss: 8.9257 [cnt: 4.73, alloc(dm16): 3.249, cell: 0.313, reg_nb: 1.708 | h_bce: 0.0945 | curv: 0.0849 | h_bg: 0.0163 | sc_aln: 1.1448] | SolvStr: 1.00 | Disp: 356.0 | W_pred: 1.01 | W_solv: 0.59

============================================================================================
  EPOCH [0505/1000] PERIODIC EVALUATION (182 test samples)
--------------------------------------------------------------------------------------------
  Train Loss    : 9.0929 [cnt: 4.89, alloc(dm16): 3.245, cell: 0.314, reg_nb: 1.742 | h_bce: 0.0941 | curv: 0.0849 | h_bg: 0.0174 | sc_aln: 1.1368]
  Solver / W    : Str: 1.00 | E_red: 35.5% | W_pred: 1.01 (std: 0.73) | W_solv: 0.59
  Val Metrics   : MAE: 90.79 | RMSE: 134.95 | NAE: 0.247 | Bias: +28.45
  GAME Hierarchy: G0: 90.79 | G1: 111.11 | G2: 131.19 | G3: 166.34 | Sparse(<=100): 38.15 | Mod(101-500): 70.51 | Dense(>500): 155.68
  Uncertainty   : Coverage: 50%=86.7%, 80%=96.1%, 95%=99.0% | Median Disp: 342.4
  Checkpoint    : Current Val MAE: 90.79 | Best Val MAE: 82.70
============================================================================================

[0506/1000] Loss: 8.9809 [cnt: 4.79, alloc(dm16): 3.236, cell: 0.313, reg_nb: 1.739 | h_bce: 0.0936 | curv: 0.0840 | h_bg: 0.0172 | sc_aln: 1.1255] | SolvStr: 1.00 | Disp: 326.7 | W_pred: 1.01 | W_solv: 0.58
[0507/1000] Loss: 8.9710 [cnt: 4.74, alloc(dm16): 3.284, cell: 0.313, reg_nb: 1.686 | h_bce: 0.0925 | curv: 0.0856 | h_bg: 0.0155 | sc_aln: 1.1313] | SolvStr: 1.00 | Disp: 373.1 | W_pred: 1.01 | W_solv: 0.59
[0508/1000] Loss: 9.0451 [cnt: 4.83, alloc(dm16): 3.253, cell: 0.313, reg_nb: 1.727 | h_bce: 0.0929 | curv: 0.0860 | h_bg: 0.0160 | sc_aln: 1.1319] | SolvStr: 1.00 | Disp: 361.6 | W_pred: 1.01 | W_solv: 0.59
[0509/1000] Loss: 9.0511 [cnt: 4.86, alloc(dm16): 3.239, cell: 0.313, reg_nb: 1.726 | h_bce: 0.0939 | curv: 0.0846 | h_bg: 0.0162 | sc_aln: 1.1305] | SolvStr: 1.00 | Disp: 361.6 | W_pred: 1.01 | W_solv: 0.58

============================================================================================
  EPOCH [0510/1000] PERIODIC EVALUATION (182 test samples)
--------------------------------------------------------------------------------------------
  Train Loss    : 8.9915 [cnt: 4.81, alloc(dm16): 3.230, cell: 0.313, reg_nb: 1.719 | h_bce: 0.0944 | curv: 0.0866 | h_bg: 0.0173 | sc_aln: 1.1099]
  Solver / W    : Str: 1.00 | E_red: 28.1% | W_pred: 1.01 (std: 0.73) | W_solv: 0.58
  Val Metrics   : MAE: 104.31 | RMSE: 148.20 | NAE: 0.292 | Bias: +59.23
  GAME Hierarchy: G0: 104.31 | G1: 121.93 | G2: 141.59 | G3: 176.98 | Sparse(<=100): 53.91 | Mod(101-500): 82.66 | Dense(>500): 172.71
  Uncertainty   : Coverage: 50%=86.1%, 80%=96.0%, 95%=99.0% | Median Disp: 353.3
  Checkpoint    : Current Val MAE: 104.31 | Best Val MAE: 82.70
============================================================================================

[0511/1000] Loss: 8.9139 [cnt: 4.73, alloc(dm16): 3.233, cell: 0.312, reg_nb: 1.698 | h_bce: 0.0931 | curv: 0.0847 | h_bg: 0.0159 | sc_aln: 1.1564] | SolvStr: 1.00 | Disp: 358.8 | W_pred: 1.01 | W_solv: 0.59
[0512/1000] Loss: 8.9443 [cnt: 4.79, alloc(dm16): 3.203, cell: 0.312, reg_nb: 1.720 | h_bce: 0.0925 | curv: 0.0836 | h_bg: 0.0163 | sc_aln: 1.1164] | SolvStr: 1.00 | Disp: 363.0 | W_pred: 1.01 | W_solv: 0.58
[0513/1000] Loss: 9.1354 [cnt: 4.91, alloc(dm16): 3.281, cell: 0.312, reg_nb: 1.721 | h_bce: 0.0933 | curv: 0.0834 | h_bg: 0.0142 | sc_aln: 1.1319] | SolvStr: 1.00 | Disp: 373.1 | W_pred: 1.01 | W_solv: 0.58
[0514/1000] Loss: 9.0180 [cnt: 4.84, alloc(dm16): 3.237, cell: 0.312, reg_nb: 1.711 | h_bce: 0.0929 | curv: 0.0841 | h_bg: 0.0161 | sc_aln: 1.1006] | SolvStr: 1.00 | Disp: 365.9 | W_pred: 1.01 | W_solv: 0.58

============================================================================================
  EPOCH [0515/1000] PERIODIC EVALUATION (182 test samples)
--------------------------------------------------------------------------------------------
  Train Loss    : 8.9677 [cnt: 4.80, alloc(dm16): 3.212, cell: 0.311, reg_nb: 1.732 | h_bce: 0.0943 | curv: 0.0853 | h_bg: 0.0177 | sc_aln: 1.1079]
  Solver / W    : Str: 1.00 | E_red: 27.8% | W_pred: 1.01 (std: 0.74) | W_solv: 0.58
  Val Metrics   : MAE: 88.68 | RMSE: 134.01 | NAE: 0.237 | Bias: +10.17
  GAME Hierarchy: G0: 88.68 | G1: 108.03 | G2: 128.31 | G3: 163.52 | Sparse(<=100): 50.19 | Mod(101-500): 63.73 | Dense(>500): 164.50
  Uncertainty   : Coverage: 50%=87.2%, 80%=96.3%, 95%=99.0% | Median Disp: 358.8
  Checkpoint    : Current Val MAE: 88.68 | Best Val MAE: 82.70
============================================================================================

[0516/1000] Loss: 9.0183 [cnt: 4.86, alloc(dm16): 3.213, cell: 0.315, reg_nb: 1.699 | h_bce: 0.0941 | curv: 0.0845 | h_bg: 0.0153 | sc_aln: 1.1190] | SolvStr: 1.00 | Disp: 389.5 | W_pred: 1.01 | W_solv: 0.58
[0517/1000] Loss: 9.0509 [cnt: 4.81, alloc(dm16): 3.286, cell: 0.312, reg_nb: 1.713 | h_bce: 0.0943 | curv: 0.0858 | h_bg: 0.0172 | sc_aln: 1.1176] | SolvStr: 1.00 | Disp: 374.6 | W_pred: 1.01 | W_solv: 0.58
[0518/1000] Loss: 8.8897 [cnt: 4.74, alloc(dm16): 3.206, cell: 0.312, reg_nb: 1.685 | h_bce: 0.0932 | curv: 0.0853 | h_bg: 0.0189 | sc_aln: 1.1134] | SolvStr: 1.00 | Disp: 394.1 | W_pred: 1.01 | W_solv: 0.58
[0519/1000] Loss: 8.8993 [cnt: 4.72, alloc(dm16): 3.236, cell: 0.313, reg_nb: 1.702 | h_bce: 0.0936 | curv: 0.0850 | h_bg: 0.0160 | sc_aln: 1.1164] | SolvStr: 1.00 | Disp: 388.0 | W_pred: 1.01 | W_solv: 0.58

============================================================================================
  EPOCH [0520/1000] PERIODIC EVALUATION (182 test samples)
--------------------------------------------------------------------------------------------
  Train Loss    : 8.9576 [cnt: 4.76, alloc(dm16): 3.244, cell: 0.312, reg_nb: 1.722 | h_bce: 0.0929 | curv: 0.0849 | h_bg: 0.0163 | sc_aln: 1.1053]
  Solver / W    : Str: 1.00 | E_red: 30.4% | W_pred: 1.01 (std: 0.74) | W_solv: 0.58
  Val Metrics   : MAE: 92.40 | RMSE: 135.20 | NAE: 0.250 | Bias: +16.06
  GAME Hierarchy: G0: 92.40 | G1: 111.76 | G2: 131.26 | G3: 166.13 | Sparse(<=100): 44.63 | Mod(101-500): 69.69 | Dense(>500): 163.36
  Uncertainty   : Coverage: 50%=87.0%, 80%=96.1%, 95%=98.9% | Median Disp: 363.0
  Checkpoint    : Current Val MAE: 92.40 | Best Val MAE: 82.70
============================================================================================

[0521/1000] Loss: 8.9131 [cnt: 4.76, alloc(dm16): 3.208, cell: 0.312, reg_nb: 1.708 | h_bce: 0.0920 | curv: 0.0867 | h_bg: 0.0176 | sc_aln: 1.1055] | SolvStr: 1.00 | Disp: 357.4 | W_pred: 1.01 | W_solv: 0.58
[0522/1000] Loss: 8.9496 [cnt: 4.80, alloc(dm16): 3.208, cell: 0.312, reg_nb: 1.708 | h_bce: 0.0940 | curv: 0.0857 | h_bg: 0.0171 | sc_aln: 1.1169] | SolvStr: 1.00 | Disp: 377.5 | W_pred: 1.01 | W_solv: 0.58
[0523/1000] Loss: 8.9277 [cnt: 4.77, alloc(dm16): 3.216, cell: 0.313, reg_nb: 1.701 | h_bce: 0.0926 | curv: 0.0858 | h_bg: 0.0164 | sc_aln: 1.1147] | SolvStr: 1.00 | Disp: 377.5 | W_pred: 1.01 | W_solv: 0.58
[0524/1000] Loss: 8.8958 [cnt: 4.74, alloc(dm16): 3.212, cell: 0.312, reg_nb: 1.718 | h_bce: 0.0930 | curv: 0.0826 | h_bg: 0.0157 | sc_aln: 1.1220] | SolvStr: 1.00 | Disp: 379.0 | W_pred: 1.01 | W_solv: 0.58

============================================================================================
  EPOCH [0525/1000] PERIODIC EVALUATION (182 test samples)
--------------------------------------------------------------------------------------------
  Train Loss    : 8.9957 [cnt: 4.77, alloc(dm16): 3.283, cell: 0.312, reg_nb: 1.691 | h_bce: 0.0930 | curv: 0.0825 | h_bg: 0.0146 | sc_aln: 1.1250]
  Solver / W    : Str: 1.00 | E_red: 30.3% | W_pred: 1.01 (std: 0.74) | W_solv: 0.58
  Val Metrics   : MAE: 95.85 | RMSE: 137.35 | NAE: 0.270 | Bias: +36.36
  GAME Hierarchy: G0: 95.85 | G1: 113.43 | G2: 133.29 | G3: 168.08 | Sparse(<=100): 54.99 | Mod(101-500): 75.99 | Dense(>500): 157.77
  Uncertainty   : Coverage: 50%=86.7%, 80%=96.1%, 95%=99.0% | Median Disp: 389.5
  Checkpoint    : Current Val MAE: 95.85 | Best Val MAE: 82.70
============================================================================================

[0526/1000] Loss: 9.0317 [cnt: 4.86, alloc(dm16): 3.216, cell: 0.312, reg_nb: 1.721 | h_bce: 0.0934 | curv: 0.0831 | h_bg: 0.0147 | sc_aln: 1.1259] | SolvStr: 1.00 | Disp: 383.5 | W_pred: 1.01 | W_solv: 0.58
[0527/1000] Loss: 8.9638 [cnt: 4.76, alloc(dm16): 3.268, cell: 0.313, reg_nb: 1.690 | h_bce: 0.0922 | curv: 0.0810 | h_bg: 0.0152 | sc_aln: 1.1170] | SolvStr: 1.00 | Disp: 373.1 | W_pred: 1.01 | W_solv: 0.58
[0528/1000] Loss: 8.9362 [cnt: 4.77, alloc(dm16): 3.234, cell: 0.312, reg_nb: 1.690 | h_bce: 0.0923 | curv: 0.0818 | h_bg: 0.0142 | sc_aln: 1.1182] | SolvStr: 1.00 | Disp: 385.0 | W_pred: 1.01 | W_solv: 0.58
[0529/1000] Loss: 8.9417 [cnt: 4.81, alloc(dm16): 3.187, cell: 0.313, reg_nb: 1.701 | h_bce: 0.0936 | curv: 0.0848 | h_bg: 0.0161 | sc_aln: 1.1269] | SolvStr: 1.00 | Disp: 406.6 | W_pred: 1.01 | W_solv: 0.58

============================================================================================
  EPOCH [0530/1000] PERIODIC EVALUATION (182 test samples)
--------------------------------------------------------------------------------------------
  Train Loss    : 9.0344 [cnt: 4.83, alloc(dm16): 3.254, cell: 0.313, reg_nb: 1.694 | h_bce: 0.0932 | curv: 0.0852 | h_bg: 0.0169 | sc_aln: 1.1511]
  Solver / W    : Str: 1.00 | E_red: 26.9% | W_pred: 1.01 (std: 0.74) | W_solv: 0.59
  Val Metrics   : MAE: 90.10 | RMSE: 134.84 | NAE: 0.238 | Bias: +16.33
  GAME Hierarchy: G0: 90.10 | G1: 108.52 | G2: 127.70 | G3: 162.22 | Sparse(<=100): 36.32 | Mod(101-500): 67.65 | Dense(>500): 161.26
  Uncertainty   : Coverage: 50%=87.2%, 80%=96.3%, 95%=99.0% | Median Disp: 426.1
  Checkpoint    : Current Val MAE: 90.10 | Best Val MAE: 82.70
============================================================================================

[0531/1000] Loss: 9.0278 [cnt: 4.87, alloc(dm16): 3.202, cell: 0.312, reg_nb: 1.734 | h_bce: 0.0925 | curv: 0.0880 | h_bg: 0.0190 | sc_aln: 1.1046] | SolvStr: 1.00 | Disp: 360.2 | W_pred: 1.01 | W_solv: 0.58
[0532/1000] Loss: 8.9463 [cnt: 4.76, alloc(dm16): 3.243, cell: 0.312, reg_nb: 1.707 | h_bce: 0.0922 | curv: 0.0838 | h_bg: 0.0180 | sc_aln: 1.1385] | SolvStr: 1.00 | Disp: 398.7 | W_pred: 1.01 | W_solv: 0.59
[0533/1000] Loss: 9.1559 [cnt: 4.94, alloc(dm16): 3.266, cell: 0.314, reg_nb: 1.717 | h_bce: 0.0927 | curv: 0.0871 | h_bg: 0.0166 | sc_aln: 1.1275] | SolvStr: 1.00 | Disp: 397.2 | W_pred: 1.01 | W_solv: 0.58
[0534/1000] Loss: 8.9854 [cnt: 4.79, alloc(dm16): 3.251, cell: 0.312, reg_nb: 1.700 | h_bce: 0.0923 | curv: 0.0849 | h_bg: 0.0170 | sc_aln: 1.1083] | SolvStr: 1.00 | Disp: 391.0 | W_pred: 1.01 | W_solv: 0.58

============================================================================================
  EPOCH [0535/1000] PERIODIC EVALUATION (182 test samples)
--------------------------------------------------------------------------------------------
  Train Loss    : 8.9456 [cnt: 4.79, alloc(dm16): 3.212, cell: 0.314, reg_nb: 1.697 | h_bce: 0.0907 | curv: 0.0852 | h_bg: 0.0187 | sc_aln: 1.1016]
  Solver / W    : Str: 1.00 | E_red: 29.8% | W_pred: 1.01 (std: 0.74) | W_solv: 0.58
  Val Metrics   : MAE: 85.72 | RMSE: 129.19 | NAE: 0.228 | Bias: +5.44
  GAME Hierarchy: G0: 85.72 | G1: 104.92 | G2: 123.62 | G3: 158.03 | Sparse(<=100): 41.57 | Mod(101-500): 62.80 | Dense(>500): 156.71
  Uncertainty   : Coverage: 50%=87.4%, 80%=96.4%, 95%=99.0% | Median Disp: 394.1
  Checkpoint    : Current Val MAE: 85.72 | Best Val MAE: 82.70
============================================================================================

[0536/1000] Loss: 9.0140 [cnt: 4.87, alloc(dm16): 3.199, cell: 0.311, reg_nb: 1.711 | h_bce: 0.0932 | curv: 0.0853 | h_bg: 0.0169 | sc_aln: 1.1195] | SolvStr: 1.00 | Disp: 374.6 | W_pred: 1.01 | W_solv: 0.58
[0537/1000] Loss: 8.8679 [cnt: 4.68, alloc(dm16): 3.233, cell: 0.313, reg_nb: 1.720 | h_bce: 0.0920 | curv: 0.0859 | h_bg: 0.0165 | sc_aln: 1.0892] | SolvStr: 1.00 | Disp: 368.8 | W_pred: 1.01 | W_solv: 0.58
[0538/1000] Loss: 8.9424 [cnt: 4.70, alloc(dm16): 3.301, cell: 0.314, reg_nb: 1.690 | h_bce: 0.0929 | curv: 0.0825 | h_bg: 0.0152 | sc_aln: 1.1027] | SolvStr: 1.00 | Disp: 413.0 | W_pred: 1.01 | W_solv: 0.58
[0539/1000] Loss: 8.9546 [cnt: 4.78, alloc(dm16): 3.221, cell: 0.313, reg_nb: 1.722 | h_bce: 0.0926 | curv: 0.0846 | h_bg: 0.0166 | sc_aln: 1.0897] | SolvStr: 1.00 | Disp: 398.7 | W_pred: 1.01 | W_solv: 0.58

============================================================================================
  EPOCH [0540/1000] PERIODIC EVALUATION (182 test samples)
--------------------------------------------------------------------------------------------
  Train Loss    : 8.9456 [cnt: 4.75, alloc(dm16): 3.257, cell: 0.313, reg_nb: 1.701 | h_bce: 0.0929 | curv: 0.0828 | h_bg: 0.0152 | sc_aln: 1.1019]
  Solver / W    : Str: 1.00 | E_red: 32.8% | W_pred: 1.01 (std: 0.74) | W_solv: 0.58
  Val Metrics   : MAE: 84.54 | RMSE: 130.01 | NAE: 0.219 | Bias: -8.64
  GAME Hierarchy: G0: 84.54 | G1: 104.31 | G2: 122.57 | G3: 155.68 | Sparse(<=100): 35.07 | Mod(101-500): 60.58 | Dense(>500): 159.26
  Uncertainty   : Coverage: 50%=87.3%, 80%=96.2%, 95%=98.9% | Median Disp: 398.7
  Checkpoint    : Current Val MAE: 84.54 | Best Val MAE: 82.70
============================================================================================

[0541/1000] Loss: 8.8845 [cnt: 4.76, alloc(dm16): 3.174, cell: 0.312, reg_nb: 1.722 | h_bce: 0.0919 | curv: 0.0847 | h_bg: 0.0171 | sc_aln: 1.0896] | SolvStr: 1.00 | Disp: 382.0 | W_pred: 1.01 | W_solv: 0.58
[0542/1000] Loss: 8.8686 [cnt: 4.72, alloc(dm16): 3.203, cell: 0.313, reg_nb: 1.695 | h_bce: 0.0916 | curv: 0.0817 | h_bg: 0.0130 | sc_aln: 1.1004] | SolvStr: 1.00 | Disp: 388.0 | W_pred: 1.01 | W_solv: 0.58
[0543/1000] Loss: 8.9403 [cnt: 4.79, alloc(dm16): 3.207, cell: 0.311, reg_nb: 1.694 | h_bce: 0.0913 | curv: 0.0826 | h_bg: 0.0150 | sc_aln: 1.1032] | SolvStr: 1.00 | Disp: 383.5 | W_pred: 1.01 | W_solv: 0.58
[0544/1000] Loss: 9.0006 [cnt: 4.81, alloc(dm16): 3.235, cell: 0.314, reg_nb: 1.727 | h_bce: 0.0917 | curv: 0.0850 | h_bg: 0.0163 | sc_aln: 1.1002] | SolvStr: 1.00 | Disp: 392.5 | W_pred: 1.01 | W_solv: 0.58

============================================================================================
  EPOCH [0545/1000] PERIODIC EVALUATION (182 test samples)
--------------------------------------------------------------------------------------------
  Train Loss    : 8.8743 [cnt: 4.70, alloc(dm16): 3.231, cell: 0.313, reg_nb: 1.711 | h_bce: 0.0922 | curv: 0.0832 | h_bg: 0.0170 | sc_aln: 1.1055]
  Solver / W    : Str: 1.00 | E_red: 31.1% | W_pred: 1.01 (std: 0.74) | W_solv: 0.58
  Val Metrics   : MAE: 89.09 | RMSE: 131.41 | NAE: 0.241 | Bias: +20.15
  GAME Hierarchy: G0: 89.09 | G1: 107.90 | G2: 127.17 | G3: 160.97 | Sparse(<=100): 35.52 | Mod(101-500): 69.64 | Dense(>500): 151.78
  Uncertainty   : Coverage: 50%=86.9%, 80%=96.2%, 95%=99.0% | Median Disp: 383.5
  Checkpoint    : Current Val MAE: 89.09 | Best Val MAE: 82.70
============================================================================================

[0546/1000] Loss: 8.9043 [cnt: 4.75, alloc(dm16): 3.210, cell: 0.314, reg_nb: 1.705 | h_bce: 0.0917 | curv: 0.0828 | h_bg: 0.0155 | sc_aln: 1.1000] | SolvStr: 1.00 | Disp: 379.0 | W_pred: 1.01 | W_solv: 0.58
[0547/1000] Loss: 8.9678 [cnt: 4.81, alloc(dm16): 3.210, cell: 0.311, reg_nb: 1.712 | h_bce: 0.0912 | curv: 0.0847 | h_bg: 0.0189 | sc_aln: 1.1045] | SolvStr: 1.00 | Disp: 360.2 | W_pred: 1.01 | W_solv: 0.58
[0548/1000] Loss: 8.9036 [cnt: 4.75, alloc(dm16): 3.211, cell: 0.312, reg_nb: 1.716 | h_bce: 0.0921 | curv: 0.0839 | h_bg: 0.0153 | sc_aln: 1.1002] | SolvStr: 1.00 | Disp: 379.0 | W_pred: 1.01 | W_solv: 0.58
[0549/1000] Loss: 8.9983 [cnt: 4.83, alloc(dm16): 3.215, cell: 0.313, reg_nb: 1.714 | h_bce: 0.0930 | curv: 0.0867 | h_bg: 0.0176 | sc_aln: 1.1178] | SolvStr: 1.00 | Disp: 395.6 | W_pred: 1.01 | W_solv: 0.58

============================================================================================
  EPOCH [0550/1000] PERIODIC EVALUATION (182 test samples)
--------------------------------------------------------------------------------------------
  Train Loss    : 8.8700 [cnt: 4.73, alloc(dm16): 3.190, cell: 0.312, reg_nb: 1.707 | h_bce: 0.0928 | curv: 0.0855 | h_bg: 0.0175 | sc_aln: 1.1136]
  Solver / W    : Str: 1.00 | E_red: 24.5% | W_pred: 1.01 (std: 0.73) | W_solv: 0.58
  Val Metrics   : MAE: 95.86 | RMSE: 135.84 | NAE: 0.263 | Bias: +37.20
  GAME Hierarchy: G0: 95.86 | G1: 111.90 | G2: 131.04 | G3: 165.21 | Sparse(<=100): 42.10 | Mod(101-500): 75.41 | Dense(>500): 161.39
  Uncertainty   : Coverage: 50%=86.8%, 80%=96.3%, 95%=99.0% | Median Disp: 395.6
  Checkpoint    : Current Val MAE: 95.86 | Best Val MAE: 82.70
============================================================================================

[0551/1000] Loss: 8.9174 [cnt: 4.74, alloc(dm16): 3.230, cell: 0.311, reg_nb: 1.705 | h_bce: 0.0916 | curv: 0.0857 | h_bg: 0.0169 | sc_aln: 1.1021] | SolvStr: 1.00 | Disp: 373.1 | W_pred: 1.01 | W_solv: 0.58
[0552/1000] Loss: 8.9298 [cnt: 4.78, alloc(dm16): 3.199, cell: 0.313, reg_nb: 1.725 | h_bce: 0.0924 | curv: 0.0866 | h_bg: 0.0174 | sc_aln: 1.0966] | SolvStr: 1.00 | Disp: 364.5 | W_pred: 1.01 | W_solv: 0.58
[0553/1000] Loss: 9.0273 [cnt: 4.88, alloc(dm16): 3.197, cell: 0.313, reg_nb: 1.716 | h_bce: 0.0918 | curv: 0.0862 | h_bg: 0.0182 | sc_aln: 1.1091] | SolvStr: 1.00 | Disp: 394.1 | W_pred: 1.01 | W_solv: 0.58
[0554/1000] Loss: 8.9968 [cnt: 4.81, alloc(dm16): 3.238, cell: 0.312, reg_nb: 1.711 | h_bce: 0.0923 | curv: 0.0854 | h_bg: 0.0172 | sc_aln: 1.1055] | SolvStr: 1.00 | Disp: 374.6 | W_pred: 1.01 | W_solv: 0.58

============================================================================================
  EPOCH [0555/1000] PERIODIC EVALUATION (182 test samples)
--------------------------------------------------------------------------------------------
  Train Loss    : 9.0188 [cnt: 4.86, alloc(dm16): 3.206, cell: 0.312, reg_nb: 1.718 | h_bce: 0.0916 | curv: 0.0845 | h_bg: 0.0163 | sc_aln: 1.1087]
  Solver / W    : Str: 1.00 | E_red: 24.9% | W_pred: 1.01 (std: 0.74) | W_solv: 0.58
  Val Metrics   : MAE: 87.84 | RMSE: 128.19 | NAE: 0.239 | Bias: +13.69
  GAME Hierarchy: G0: 87.84 | G1: 105.83 | G2: 124.36 | G3: 159.13 | Sparse(<=100): 41.18 | Mod(101-500): 66.99 | Dense(>500): 153.43
  Uncertainty   : Coverage: 50%=87.1%, 80%=96.3%, 95%=99.0% | Median Disp: 373.1
  Checkpoint    : Current Val MAE: 87.84 | Best Val MAE: 82.70
============================================================================================

[0556/1000] Loss: 9.0505 [cnt: 4.85, alloc(dm16): 3.260, cell: 0.312, reg_nb: 1.707 | h_bce: 0.0932 | curv: 0.0850 | h_bg: 0.0187 | sc_aln: 1.0959] | SolvStr: 1.00 | Disp: 398.7 | W_pred: 1.01 | W_solv: 0.58
[0557/1000] Loss: 9.0217 [cnt: 4.81, alloc(dm16): 3.266, cell: 0.312, reg_nb: 1.706 | h_bce: 0.0922 | curv: 0.0864 | h_bg: 0.0167 | sc_aln: 1.1159] | SolvStr: 1.00 | Disp: 408.2 | W_pred: 1.01 | W_solv: 0.58
[0558/1000] Loss: 8.9598 [cnt: 4.77, alloc(dm16): 3.245, cell: 0.313, reg_nb: 1.699 | h_bce: 0.0925 | curv: 0.0818 | h_bg: 0.0155 | sc_aln: 1.1056] | SolvStr: 1.00 | Disp: 383.5 | W_pred: 1.01 | W_solv: 0.58
[0559/1000] Loss: 8.9846 [cnt: 4.80, alloc(dm16): 3.240, cell: 0.313, reg_nb: 1.706 | h_bce: 0.0919 | curv: 0.0831 | h_bg: 0.0163 | sc_aln: 1.0853] | SolvStr: 1.00 | Disp: 368.8 | W_pred: 1.01 | W_solv: 0.58

============================================================================================
  EPOCH [0560/1000] PERIODIC EVALUATION (182 test samples)
--------------------------------------------------------------------------------------------
  Train Loss    : 8.9589 [cnt: 4.79, alloc(dm16): 3.228, cell: 0.313, reg_nb: 1.687 | h_bce: 0.0925 | curv: 0.0864 | h_bg: 0.0168 | sc_aln: 1.0960]
  Solver / W    : Str: 1.00 | E_red: 28.8% | W_pred: 1.01 (std: 0.75) | W_solv: 0.58
  Val Metrics   : MAE: 100.88 | RMSE: 141.72 | NAE: 0.277 | Bias: +43.65
  GAME Hierarchy: G0: 100.88 | G1: 117.26 | G2: 136.12 | G3: 170.65 | Sparse(<=100): 47.88 | Mod(101-500): 79.36 | Dense(>500): 169.27
  Uncertainty   : Coverage: 50%=86.6%, 80%=96.1%, 95%=99.0% | Median Disp: 397.2
  Checkpoint    : Current Val MAE: 100.88 | Best Val MAE: 82.70
============================================================================================

[0561/1000] Loss: 9.0412 [cnt: 4.87, alloc(dm16): 3.235, cell: 0.310, reg_nb: 1.697 | h_bce: 0.0936 | curv: 0.0838 | h_bg: 0.0148 | sc_aln: 1.0870] | SolvStr: 1.00 | Disp: 395.6 | W_pred: 1.01 | W_solv: 0.58
[0562/1000] Loss: 8.9496 [cnt: 4.78, alloc(dm16): 3.232, cell: 0.313, reg_nb: 1.703 | h_bce: 0.0919 | curv: 0.0824 | h_bg: 0.0153 | sc_aln: 1.0891] | SolvStr: 1.00 | Disp: 385.0 | W_pred: 1.01 | W_solv: 0.58
[0563/1000] Loss: 8.8572 [cnt: 4.68, alloc(dm16): 3.233, cell: 0.312, reg_nb: 1.692 | h_bce: 0.0918 | curv: 0.0856 | h_bg: 0.0167 | sc_aln: 1.0860] | SolvStr: 1.00 | Disp: 391.0 | W_pred: 1.01 | W_solv: 0.58
[0564/1000] Loss: 8.9238 [cnt: 4.77, alloc(dm16): 3.214, cell: 0.312, reg_nb: 1.692 | h_bce: 0.0917 | curv: 0.0858 | h_bg: 0.0167 | sc_aln: 1.1051] | SolvStr: 1.00 | Disp: 397.2 | W_pred: 1.01 | W_solv: 0.58

============================================================================================
  EPOCH [0565/1000] PERIODIC EVALUATION (182 test samples)
--------------------------------------------------------------------------------------------
  Train Loss    : 8.9556 [cnt: 4.76, alloc(dm16): 3.251, cell: 0.311, reg_nb: 1.691 | h_bce: 0.0916 | curv: 0.0824 | h_bg: 0.0169 | sc_aln: 1.1300]
  Solver / W    : Str: 1.00 | E_red: 28.7% | W_pred: 1.01 (std: 0.74) | W_solv: 0.59
  Val Metrics   : MAE: 84.06 | RMSE: 125.80 | NAE: 0.228 | Bias: -3.31
  GAME Hierarchy: G0: 84.06 | G1: 104.76 | G2: 123.05 | G3: 157.47 | Sparse(<=100): 45.44 | Mod(101-500): 62.40 | Dense(>500): 150.69
  Uncertainty   : Coverage: 50%=87.4%, 80%=96.3%, 95%=99.0% | Median Disp: 408.2
  Checkpoint    : Current Val MAE: 84.06 | Best Val MAE: 82.70
============================================================================================

[0566/1000] Loss: 8.9849 [cnt: 4.85, alloc(dm16): 3.200, cell: 0.310, reg_nb: 1.699 | h_bce: 0.0919 | curv: 0.0844 | h_bg: 0.0160 | sc_aln: 1.0820] | SolvStr: 1.00 | Disp: 380.5 | W_pred: 1.01 | W_solv: 0.58
[0567/1000] Loss: 8.9451 [cnt: 4.78, alloc(dm16): 3.227, cell: 0.312, reg_nb: 1.703 | h_bce: 0.0927 | curv: 0.0810 | h_bg: 0.0148 | sc_aln: 1.1020] | SolvStr: 1.00 | Disp: 400.3 | W_pred: 1.01 | W_solv: 0.58
[0568/1000] Loss: 8.8398 [cnt: 4.69, alloc(dm16): 3.204, cell: 0.312, reg_nb: 1.709 | h_bce: 0.0924 | curv: 0.0866 | h_bg: 0.0180 | sc_aln: 1.0975] | SolvStr: 1.00 | Disp: 383.5 | W_pred: 1.01 | W_solv: 0.58
[0569/1000] Loss: 8.9655 [cnt: 4.79, alloc(dm16): 3.236, cell: 0.313, reg_nb: 1.702 | h_bce: 0.0923 | curv: 0.0817 | h_bg: 0.0164 | sc_aln: 1.0904] | SolvStr: 1.00 | Disp: 391.0 | W_pred: 1.01 | W_solv: 0.58

============================================================================================
  EPOCH [0570/1000] PERIODIC EVALUATION (182 test samples)
--------------------------------------------------------------------------------------------
  Train Loss    : 8.8707 [cnt: 4.72, alloc(dm16): 3.204, cell: 0.312, reg_nb: 1.701 | h_bce: 0.0915 | curv: 0.0846 | h_bg: 0.0185 | sc_aln: 1.1031]
  Solver / W    : Str: 1.00 | E_red: 29.3% | W_pred: 1.01 (std: 0.74) | W_solv: 0.58
  Val Metrics   : MAE: 86.11 | RMSE: 129.22 | NAE: 0.231 | Bias: +4.55
  GAME Hierarchy: G0: 86.11 | G1: 105.34 | G2: 123.77 | G3: 158.55 | Sparse(<=100): 46.92 | Mod(101-500): 62.40 | Dense(>500): 158.55
  Uncertainty   : Coverage: 50%=87.4%, 80%=96.4%, 95%=99.0% | Median Disp: 388.0
  Checkpoint    : Current Val MAE: 86.11 | Best Val MAE: 82.70
============================================================================================

[0571/1000] Loss: 9.0587 [cnt: 4.90, alloc(dm16): 3.207, cell: 0.313, reg_nb: 1.706 | h_bce: 0.0918 | curv: 0.0826 | h_bg: 0.0142 | sc_aln: 1.1266] | SolvStr: 1.00 | Disp: 409.8 | W_pred: 1.01 | W_solv: 0.58
[0572/1000] Loss: 8.8651 [cnt: 4.69, alloc(dm16): 3.235, cell: 0.313, reg_nb: 1.679 | h_bce: 0.0910 | curv: 0.0827 | h_bg: 0.0156 | sc_aln: 1.1069] | SolvStr: 1.00 | Disp: 424.4 | W_pred: 1.01 | W_solv: 0.58
[0573/1000] Loss: 8.9441 [cnt: 4.79, alloc(dm16): 3.217, cell: 0.310, reg_nb: 1.701 | h_bce: 0.0922 | curv: 0.0874 | h_bg: 0.0180 | sc_aln: 1.0943] | SolvStr: 1.00 | Disp: 385.0 | W_pred: 1.01 | W_solv: 0.58
[0574/1000] Loss: 8.8972 [cnt: 4.77, alloc(dm16): 3.181, cell: 0.313, reg_nb: 1.691 | h_bce: 0.0913 | curv: 0.0852 | h_bg: 0.0173 | sc_aln: 1.0967] | SolvStr: 1.00 | Disp: 382.0 | W_pred: 1.01 | W_solv: 0.58

============================================================================================
  EPOCH [0575/1000] PERIODIC EVALUATION (182 test samples)
--------------------------------------------------------------------------------------------
  Train Loss    : 9.0304 [cnt: 4.86, alloc(dm16): 3.224, cell: 0.312, reg_nb: 1.703 | h_bce: 0.0917 | curv: 0.0861 | h_bg: 0.0164 | sc_aln: 1.0954]
  Solver / W    : Str: 1.00 | E_red: 28.1% | W_pred: 1.01 (std: 0.74) | W_solv: 0.58
  Val Metrics   : MAE: 87.04 | RMSE: 128.63 | NAE: 0.232 | Bias: +11.24
  GAME Hierarchy: G0: 87.04 | G1: 106.17 | G2: 124.05 | G3: 158.48 | Sparse(<=100): 36.37 | Mod(101-500): 65.16 | Dense(>500): 156.09
  Uncertainty   : Coverage: 50%=87.3%, 80%=96.3%, 95%=99.0% | Median Disp: 383.5
  Checkpoint    : Current Val MAE: 87.04 | Best Val MAE: 82.70
============================================================================================

[0576/1000] Loss: 8.8990 [cnt: 4.76, alloc(dm16): 3.201, cell: 0.309, reg_nb: 1.712 | h_bce: 0.0901 | curv: 0.0839 | h_bg: 0.0161 | sc_aln: 1.0963] | SolvStr: 1.00 | Disp: 376.0 | W_pred: 1.01 | W_solv: 0.58
[0577/1000] Loss: 8.8745 [cnt: 4.70, alloc(dm16): 3.227, cell: 0.313, reg_nb: 1.709 | h_bce: 0.0920 | curv: 0.0848 | h_bg: 0.0166 | sc_aln: 1.0931] | SolvStr: 1.00 | Disp: 385.0 | W_pred: 1.01 | W_solv: 0.58
[0578/1000] Loss: 8.9619 [cnt: 4.78, alloc(dm16): 3.243, cell: 0.312, reg_nb: 1.702 | h_bce: 0.0927 | curv: 0.0836 | h_bg: 0.0160 | sc_aln: 1.1134] | SolvStr: 1.00 | Disp: 426.1 | W_pred: 1.01 | W_solv: 0.58
[0579/1000] Loss: 8.8762 [cnt: 4.72, alloc(dm16): 3.220, cell: 0.312, reg_nb: 1.662 | h_bce: 0.0919 | curv: 0.0840 | h_bg: 0.0135 | sc_aln: 1.1105] | SolvStr: 1.00 | Disp: 441.4 | W_pred: 1.01 | W_solv: 0.58

============================================================================================
  EPOCH [0580/1000] PERIODIC EVALUATION (182 test samples)
--------------------------------------------------------------------------------------------
  Train Loss    : 8.8474 [cnt: 4.68, alloc(dm16): 3.227, cell: 0.313, reg_nb: 1.696 | h_bce: 0.0923 | curv: 0.0831 | h_bg: 0.0161 | sc_aln: 1.0980]
  Solver / W    : Str: 1.00 | E_red: 31.3% | W_pred: 1.01 (std: 0.73) | W_solv: 0.58
  Val Metrics   : MAE: 86.78 | RMSE: 126.51 | NAE: 0.239 | Bias: +13.46
  GAME Hierarchy: G0: 86.78 | G1: 105.92 | G2: 124.46 | G3: 159.02 | Sparse(<=100): 45.15 | Mod(101-500): 66.27 | Dense(>500): 150.62
  Uncertainty   : Coverage: 50%=87.2%, 80%=96.4%, 95%=99.0% | Median Disp: 421.1
  Checkpoint    : Current Val MAE: 86.78 | Best Val MAE: 82.70
============================================================================================

[0581/1000] Loss: 8.8688 [cnt: 4.73, alloc(dm16): 3.186, cell: 0.312, reg_nb: 1.718 | h_bce: 0.0918 | curv: 0.0852 | h_bg: 0.0167 | sc_aln: 1.1001] | SolvStr: 1.00 | Disp: 392.5 | W_pred: 1.01 | W_solv: 0.58
[0582/1000] Loss: 8.9275 [cnt: 4.79, alloc(dm16): 3.198, cell: 0.312, reg_nb: 1.695 | h_bce: 0.0920 | curv: 0.0851 | h_bg: 0.0143 | sc_aln: 1.1006] | SolvStr: 1.00 | Disp: 398.7 | W_pred: 1.01 | W_solv: 0.58
[0583/1000] Loss: 8.8918 [cnt: 4.73, alloc(dm16): 3.221, cell: 0.312, reg_nb: 1.696 | h_bce: 0.0913 | curv: 0.0847 | h_bg: 0.0148 | sc_aln: 1.0973] | SolvStr: 1.00 | Disp: 401.9 | W_pred: 1.01 | W_solv: 0.58
[0584/1000] Loss: 8.8912 [cnt: 4.72, alloc(dm16): 3.226, cell: 0.313, reg_nb: 1.699 | h_bce: 0.0918 | curv: 0.0870 | h_bg: 0.0157 | sc_aln: 1.0865] | SolvStr: 1.00 | Disp: 401.9 | W_pred: 1.01 | W_solv: 0.58

============================================================================================
  EPOCH [0585/1000] PERIODIC EVALUATION (182 test samples)
--------------------------------------------------------------------------------------------
  Train Loss    : 8.9606 [cnt: 4.80, alloc(dm16): 3.221, cell: 0.312, reg_nb: 1.690 | h_bce: 0.0927 | curv: 0.0872 | h_bg: 0.0180 | sc_aln: 1.1035]
  Solver / W    : Str: 1.00 | E_red: 27.5% | W_pred: 1.01 (std: 0.74) | W_solv: 0.58
  Val Metrics   : MAE: 84.42 | RMSE: 125.32 | NAE: 0.235 | Bias: +10.18
  GAME Hierarchy: G0: 84.42 | G1: 103.85 | G2: 122.93 | G3: 157.31 | Sparse(<=100): 49.66 | Mod(101-500): 64.50 | Dense(>500): 145.59
  Uncertainty   : Coverage: 50%=87.4%, 80%=96.4%, 95%=99.0% | Median Disp: 434.5
  Checkpoint    : Current Val MAE: 84.42 | Best Val MAE: 82.70
============================================================================================

[0586/1000] Loss: 9.0459 [cnt: 4.87, alloc(dm16): 3.227, cell: 0.312, reg_nb: 1.712 | h_bce: 0.0914 | curv: 0.0836 | h_bg: 0.0158 | sc_aln: 1.0846] | SolvStr: 1.00 | Disp: 403.4 | W_pred: 1.01 | W_solv: 0.58
[0587/1000] Loss: 9.0521 [cnt: 4.88, alloc(dm16): 3.229, cell: 0.312, reg_nb: 1.708 | h_bce: 0.0915 | curv: 0.0856 | h_bg: 0.0168 | sc_aln: 1.0977] | SolvStr: 1.00 | Disp: 416.2 | W_pred: 1.01 | W_solv: 0.58
[0588/1000] Loss: 8.9459 [cnt: 4.75, alloc(dm16): 3.255, cell: 0.312, reg_nb: 1.705 | h_bce: 0.0910 | curv: 0.0876 | h_bg: 0.0172 | sc_aln: 1.0829] | SolvStr: 1.00 | Disp: 408.2 | W_pred: 1.01 | W_solv: 0.58
[0589/1000] Loss: 8.9336 [cnt: 4.77, alloc(dm16): 3.218, cell: 0.311, reg_nb: 1.710 | h_bce: 0.0920 | curv: 0.0821 | h_bg: 0.0161 | sc_aln: 1.0851] | SolvStr: 1.00 | Disp: 405.0 | W_pred: 1.01 | W_solv: 0.57

============================================================================================
  EPOCH [0590/1000] PERIODIC EVALUATION (182 test samples)
--------------------------------------------------------------------------------------------
  Train Loss    : 8.9020 [cnt: 4.72, alloc(dm16): 3.245, cell: 0.313, reg_nb: 1.678 | h_bce: 0.0913 | curv: 0.0832 | h_bg: 0.0138 | sc_aln: 1.1080]
  Solver / W    : Str: 1.00 | E_red: 28.0% | W_pred: 1.01 (std: 0.74) | W_solv: 0.58
  Val Metrics   : MAE: 89.31 | RMSE: 129.17 | NAE: 0.251 | Bias: +24.23
  GAME Hierarchy: G0: 89.31 | G1: 108.04 | G2: 126.57 | G3: 161.49 | Sparse(<=100): 49.23 | Mod(101-500): 70.26 | Dense(>500): 148.85
  Uncertainty   : Coverage: 50%=87.2%, 80%=96.4%, 95%=99.0% | Median Disp: 437.9
  Checkpoint    : Current Val MAE: 89.31 | Best Val MAE: 82.70
============================================================================================

[0591/1000] Loss: 8.9297 [cnt: 4.74, alloc(dm16): 3.241, cell: 0.312, reg_nb: 1.704 | h_bce: 0.0924 | curv: 0.0841 | h_bg: 0.0152 | sc_aln: 1.0997] | SolvStr: 1.00 | Disp: 421.1 | W_pred: 1.01 | W_solv: 0.58
[0592/1000] Loss: 8.9288 [cnt: 4.80, alloc(dm16): 3.180, cell: 0.314, reg_nb: 1.719 | h_bce: 0.0913 | curv: 0.0855 | h_bg: 0.0172 | sc_aln: 1.0761] | SolvStr: 1.00 | Disp: 380.5 | W_pred: 1.01 | W_solv: 0.57
[0593/1000] Loss: 8.9111 [cnt: 4.72, alloc(dm16): 3.249, cell: 0.312, reg_nb: 1.697 | h_bce: 0.0911 | curv: 0.0833 | h_bg: 0.0145 | sc_aln: 1.0803] | SolvStr: 1.00 | Disp: 379.0 | W_pred: 1.01 | W_solv: 0.57
[0594/1000] Loss: 8.9246 [cnt: 4.79, alloc(dm16): 3.187, cell: 0.313, reg_nb: 1.721 | h_bce: 0.0917 | curv: 0.0869 | h_bg: 0.0176 | sc_aln: 1.0817] | SolvStr: 1.00 | Disp: 389.5 | W_pred: 1.01 | W_solv: 0.57

============================================================================================
  EPOCH [0595/1000] PERIODIC EVALUATION (182 test samples)
--------------------------------------------------------------------------------------------
  Train Loss    : 8.9345 [cnt: 4.79, alloc(dm16): 3.192, cell: 0.312, reg_nb: 1.725 | h_bce: 0.0916 | curv: 0.0843 | h_bg: 0.0174 | sc_aln: 1.0867]
  Solver / W    : Str: 1.00 | E_red: 18.0% | W_pred: 1.01 (std: 0.73) | W_solv: 0.58
  Val Metrics   : MAE: 89.75 | RMSE: 129.32 | NAE: 0.249 | Bias: +25.08
  GAME Hierarchy: G0: 89.75 | G1: 108.74 | G2: 127.38 | G3: 161.87 | Sparse(<=100): 46.30 | Mod(101-500): 70.25 | Dense(>500): 151.05
  Uncertainty   : Coverage: 50%=87.2%, 80%=96.3%, 95%=99.0% | Median Disp: 371.7
  Checkpoint    : Current Val MAE: 89.75 | Best Val MAE: 82.70
============================================================================================

[0596/1000] Loss: 8.8586 [cnt: 4.69, alloc(dm16): 3.231, cell: 0.313, reg_nb: 1.700 | h_bce: 0.0908 | curv: 0.0845 | h_bg: 0.0168 | sc_aln: 1.0798] | SolvStr: 1.00 | Disp: 394.1 | W_pred: 1.01 | W_solv: 0.58
[0597/1000] Loss: 8.9282 [cnt: 4.79, alloc(dm16): 3.192, cell: 0.312, reg_nb: 1.704 | h_bce: 0.0909 | curv: 0.0851 | h_bg: 0.0163 | sc_aln: 1.0895] | SolvStr: 1.00 | Disp: 392.5 | W_pred: 1.01 | W_solv: 0.58
[0598/1000] Loss: 8.8329 [cnt: 4.68, alloc(dm16): 3.210, cell: 0.313, reg_nb: 1.681 | h_bce: 0.0900 | curv: 0.0847 | h_bg: 0.0170 | sc_aln: 1.0998] | SolvStr: 1.00 | Disp: 397.2 | W_pred: 1.01 | W_solv: 0.58
[0599/1000] Loss: 8.9271 [cnt: 4.76, alloc(dm16): 3.216, cell: 0.312, reg_nb: 1.711 | h_bce: 0.0922 | curv: 0.0878 | h_bg: 0.0169 | sc_aln: 1.1104] | SolvStr: 1.00 | Disp: 422.8 | W_pred: 1.01 | W_solv: 0.58

============================================================================================
  EPOCH [0600/1000] PERIODIC EVALUATION (182 test samples)
--------------------------------------------------------------------------------------------
  Train Loss    : 8.9497 [cnt: 4.79, alloc(dm16): 3.222, cell: 0.312, reg_nb: 1.684 | h_bce: 0.0913 | curv: 0.0826 | h_bg: 0.0163 | sc_aln: 1.1128]
  Solver / W    : Str: 1.00 | E_red: 27.8% | W_pred: 1.01 (std: 0.75) | W_solv: 0.58
  Val Metrics   : MAE: 84.48 | RMSE: 126.74 | NAE: 0.234 | Bias: +9.79
  GAME Hierarchy: G0: 84.48 | G1: 105.22 | G2: 123.86 | G3: 158.48 | Sparse(<=100): 45.73 | Mod(101-500): 65.18 | Dense(>500): 144.49
  Uncertainty   : Coverage: 50%=87.3%, 80%=96.3%, 95%=99.0% | Median Disp: 405.0
  Checkpoint    : Current Val MAE: 84.48 | Best Val MAE: 82.70
============================================================================================

[0601/1000] Loss: 8.9183 [cnt: 4.76, alloc(dm16): 3.207, cell: 0.314, reg_nb: 1.705 | h_bce: 0.0898 | curv: 0.0871 | h_bg: 0.0181 | sc_aln: 1.0781] | SolvStr: 1.00 | Disp: 391.0 | W_pred: 1.01 | W_solv: 0.58
[0602/1000] Loss: 8.8311 [cnt: 4.64, alloc(dm16): 3.254, cell: 0.312, reg_nb: 1.692 | h_bce: 0.0921 | curv: 0.0849 | h_bg: 0.0145 | sc_aln: 1.0886] | SolvStr: 1.00 | Disp: 416.2 | W_pred: 1.01 | W_solv: 0.58
[0603/1000] Loss: 9.0036 [cnt: 4.85, alloc(dm16): 3.217, cell: 0.312, reg_nb: 1.693 | h_bce: 0.0923 | curv: 0.0833 | h_bg: 0.0144 | sc_aln: 1.0995] | SolvStr: 1.00 | Disp: 441.4 | W_pred: 1.01 | W_solv: 0.58
[0604/1000] Loss: 8.9033 [cnt: 4.75, alloc(dm16): 3.205, cell: 0.313, reg_nb: 1.708 | h_bce: 0.0910 | curv: 0.0860 | h_bg: 0.0163 | sc_aln: 1.0959] | SolvStr: 1.00 | Disp: 411.4 | W_pred: 1.01 | W_solv: 0.58

============================================================================================
  EPOCH [0605/1000] PERIODIC EVALUATION (182 test samples)
--------------------------------------------------------------------------------------------
  Train Loss    : 9.1786 [cnt: 4.97, alloc(dm16): 3.263, cell: 0.312, reg_nb: 1.705 | h_bce: 0.0922 | curv: 0.0851 | h_bg: 0.0171 | sc_aln: 1.0834]
  Solver / W    : Str: 1.00 | E_red: 30.9% | W_pred: 1.01 (std: 0.74) | W_solv: 0.58
  Val Metrics   : MAE: 90.06 | RMSE: 130.13 | NAE: 0.253 | Bias: +31.52
  GAME Hierarchy: G0: 90.06 | G1: 108.67 | G2: 127.82 | G3: 162.81 | Sparse(<=100): 49.48 | Mod(101-500): 70.88 | Dense(>500): 150.02
  Uncertainty   : Coverage: 50%=87.0%, 80%=96.3%, 95%=99.0% | Median Disp: 401.9
  Checkpoint    : Current Val MAE: 90.06 | Best Val MAE: 82.70
============================================================================================

[0606/1000] Loss: 8.9156 [cnt: 4.68, alloc(dm16): 3.293, cell: 0.314, reg_nb: 1.670 | h_bce: 0.0919 | curv: 0.0872 | h_bg: 0.0168 | sc_aln: 1.1162] | SolvStr: 1.00 | Disp: 455.4 | W_pred: 1.01 | W_solv: 0.58
[0607/1000] Loss: 8.9447 [cnt: 4.79, alloc(dm16): 3.216, cell: 0.310, reg_nb: 1.689 | h_bce: 0.0899 | curv: 0.0816 | h_bg: 0.0157 | sc_aln: 1.0954] | SolvStr: 1.00 | Disp: 422.8 | W_pred: 1.01 | W_solv: 0.58
[0608/1000] Loss: 8.9386 [cnt: 4.78, alloc(dm16): 3.218, cell: 0.313, reg_nb: 1.685 | h_bce: 0.0907 | curv: 0.0837 | h_bg: 0.0149 | sc_aln: 1.0836] | SolvStr: 1.00 | Disp: 405.0 | W_pred: 1.01 | W_solv: 0.58
[0609/1000] Loss: 8.9224 [cnt: 4.76, alloc(dm16): 3.220, cell: 0.311, reg_nb: 1.696 | h_bce: 0.0913 | curv: 0.0839 | h_bg: 0.0178 | sc_aln: 1.1065] | SolvStr: 1.00 | Disp: 427.8 | W_pred: 1.01 | W_solv: 0.58

============================================================================================
  EPOCH [0610/1000] PERIODIC EVALUATION (182 test samples)
--------------------------------------------------------------------------------------------
  Train Loss    : 8.9278 [cnt: 4.75, alloc(dm16): 3.241, cell: 0.312, reg_nb: 1.684 | h_bce: 0.0912 | curv: 0.0798 | h_bg: 0.0131 | sc_aln: 1.0956]
  Solver / W    : Str: 1.00 | E_red: 29.0% | W_pred: 1.01 (std: 0.75) | W_solv: 0.58
  Val Metrics   : MAE: 89.37 | RMSE: 129.63 | NAE: 0.251 | Bias: +27.07
  GAME Hierarchy: G0: 89.37 | G1: 109.42 | G2: 128.33 | G3: 163.57 | Sparse(<=100): 49.48 | Mod(101-500): 69.74 | Dense(>500): 150.51
  Uncertainty   : Coverage: 50%=86.9%, 80%=96.2%, 95%=99.0% | Median Disp: 434.5
  Checkpoint    : Current Val MAE: 89.37 | Best Val MAE: 82.70
============================================================================================

[0611/1000] Loss: 8.8687 [cnt: 4.71, alloc(dm16): 3.220, cell: 0.312, reg_nb: 1.681 | h_bce: 0.0908 | curv: 0.0851 | h_bg: 0.0152 | sc_aln: 1.0888] | SolvStr: 1.00 | Disp: 443.1 | W_pred: 1.01 | W_solv: 0.58
[0612/1000] Loss: 8.8438 [cnt: 4.71, alloc(dm16): 3.195, cell: 0.311, reg_nb: 1.684 | h_bce: 0.0906 | curv: 0.0857 | h_bg: 0.0168 | sc_aln: 1.1058] | SolvStr: 1.00 | Disp: 427.8 | W_pred: 1.01 | W_solv: 0.58
[0613/1000] Loss: 8.9507 [cnt: 4.80, alloc(dm16): 3.210, cell: 0.312, reg_nb: 1.680 | h_bce: 0.0913 | curv: 0.0830 | h_bg: 0.0167 | sc_aln: 1.1070] | SolvStr: 1.00 | Disp: 436.2 | W_pred: 1.01 | W_solv: 0.58
[0614/1000] Loss: 8.8342 [cnt: 4.68, alloc(dm16): 3.217, cell: 0.312, reg_nb: 1.696 | h_bce: 0.0915 | curv: 0.0835 | h_bg: 0.0147 | sc_aln: 1.0904] | SolvStr: 1.00 | Disp: 419.5 | W_pred: 1.01 | W_solv: 0.58

============================================================================================
  EPOCH [0615/1000] PERIODIC EVALUATION (182 test samples)
--------------------------------------------------------------------------------------------
  Train Loss    : 8.8748 [cnt: 4.73, alloc(dm16): 3.208, cell: 0.313, reg_nb: 1.686 | h_bce: 0.0895 | curv: 0.0840 | h_bg: 0.0142 | sc_aln: 1.0909]
  Solver / W    : Str: 1.00 | E_red: 31.4% | W_pred: 1.01 (std: 0.75) | W_solv: 0.58
  Val Metrics   : MAE: 85.26 | RMSE: 126.71 | NAE: 0.234 | Bias: +15.18
  GAME Hierarchy: G0: 85.26 | G1: 105.00 | G2: 124.14 | G3: 159.01 | Sparse(<=100): 45.00 | Mod(101-500): 65.00 | Dense(>500): 148.20
  Uncertainty   : Coverage: 50%=87.4%, 80%=96.5%, 95%=99.1% | Median Disp: 436.2
  Checkpoint    : Current Val MAE: 85.26 | Best Val MAE: 82.70
============================================================================================

[0616/1000] Loss: 8.9533 [cnt: 4.77, alloc(dm16): 3.244, cell: 0.314, reg_nb: 1.686 | h_bce: 0.0915 | curv: 0.0834 | h_bg: 0.0156 | sc_aln: 1.1183] | SolvStr: 1.00 | Disp: 450.1 | W_pred: 1.01 | W_solv: 0.58
[0617/1000] Loss: 8.9162 [cnt: 4.71, alloc(dm16): 3.261, cell: 0.313, reg_nb: 1.687 | h_bce: 0.0902 | curv: 0.0869 | h_bg: 0.0151 | sc_aln: 1.1033] | SolvStr: 1.00 | Disp: 453.6 | W_pred: 1.01 | W_solv: 0.58
[0618/1000] Loss: 8.9458 [cnt: 4.79, alloc(dm16): 3.215, cell: 0.313, reg_nb: 1.690 | h_bce: 0.0912 | curv: 0.0845 | h_bg: 0.0149 | sc_aln: 1.1057] | SolvStr: 1.00 | Disp: 443.1 | W_pred: 1.01 | W_solv: 0.58
[0619/1000] Loss: 8.8525 [cnt: 4.73, alloc(dm16): 3.179, cell: 0.312, reg_nb: 1.689 | h_bce: 0.0897 | curv: 0.0856 | h_bg: 0.0182 | sc_aln: 1.0859] | SolvStr: 1.00 | Disp: 421.1 | W_pred: 1.01 | W_solv: 0.58

============================================================================================
  EPOCH [0620/1000] PERIODIC EVALUATION (182 test samples)
--------------------------------------------------------------------------------------------
  Train Loss    : 8.8937 [cnt: 4.75, alloc(dm16): 3.209, cell: 0.314, reg_nb: 1.689 | h_bce: 0.0912 | curv: 0.0819 | h_bg: 0.0143 | sc_aln: 1.1050]
  Solver / W    : Str: 1.00 | E_red: 24.3% | W_pred: 1.01 (std: 0.74) | W_solv: 0.58
  Val Metrics   : MAE: 85.42 | RMSE: 126.33 | NAE: 0.232 | Bias: +4.45
  GAME Hierarchy: G0: 85.42 | G1: 105.57 | G2: 123.76 | G3: 158.37 | Sparse(<=100): 41.86 | Mod(101-500): 64.82 | Dense(>500): 149.83
  Uncertainty   : Coverage: 50%=87.4%, 80%=96.3%, 95%=98.9% | Median Disp: 453.6
  Checkpoint    : Current Val MAE: 85.42 | Best Val MAE: 82.70
============================================================================================

[0621/1000] Loss: 8.8889 [cnt: 4.75, alloc(dm16): 3.200, cell: 0.312, reg_nb: 1.704 | h_bce: 0.0912 | curv: 0.0830 | h_bg: 0.0150 | sc_aln: 1.0961] | SolvStr: 1.00 | Disp: 411.4 | W_pred: 1.01 | W_solv: 0.58
[0622/1000] Loss: 8.8536 [cnt: 4.74, alloc(dm16): 3.159, cell: 0.311, reg_nb: 1.720 | h_bce: 0.0902 | curv: 0.0873 | h_bg: 0.0172 | sc_aln: 1.0769] | SolvStr: 1.00 | Disp: 380.5 | W_pred: 1.01 | W_solv: 0.58
[0623/1000] Loss: 8.8787 [cnt: 4.76, alloc(dm16): 3.174, cell: 0.310, reg_nb: 1.693 | h_bce: 0.0899 | curv: 0.0838 | h_bg: 0.0172 | sc_aln: 1.0920] | SolvStr: 1.00 | Disp: 413.0 | W_pred: 1.01 | W_solv: 0.58
[0624/1000] Loss: 8.9950 [cnt: 4.79, alloc(dm16): 3.260, cell: 0.314, reg_nb: 1.704 | h_bce: 0.0915 | curv: 0.0817 | h_bg: 0.0140 | sc_aln: 1.1076] | SolvStr: 1.00 | Disp: 446.6 | W_pred: 1.01 | W_solv: 0.58

============================================================================================
  EPOCH [0625/1000] PERIODIC EVALUATION (182 test samples)
--------------------------------------------------------------------------------------------
  Train Loss    : 8.7940 [cnt: 4.65, alloc(dm16): 3.206, cell: 0.312, reg_nb: 1.680 | h_bce: 0.0904 | curv: 0.0828 | h_bg: 0.0153 | sc_aln: 1.1009]
  Solver / W    : Str: 1.00 | E_red: 25.1% | W_pred: 1.01 (std: 0.75) | W_solv: 0.58
  Val Metrics   : MAE: 90.81 | RMSE: 130.75 | NAE: 0.255 | Bias: +30.18
  GAME Hierarchy: G0: 90.81 | G1: 109.51 | G2: 128.41 | G3: 164.07 | Sparse(<=100): 47.78 | Mod(101-500): 71.30 | Dense(>500): 152.08
  Uncertainty   : Coverage: 50%=87.1%, 80%=96.4%, 95%=99.0% | Median Disp: 432.8
  Checkpoint    : Current Val MAE: 90.81 | Best Val MAE: 82.70
============================================================================================

[0626/1000] Loss: 8.8972 [cnt: 4.73, alloc(dm16): 3.234, cell: 0.312, reg_nb: 1.688 | h_bce: 0.0910 | curv: 0.0811 | h_bg: 0.0132 | sc_aln: 1.1018] | SolvStr: 1.00 | Disp: 446.6 | W_pred: 1.01 | W_solv: 0.58
[0627/1000] Loss: 8.8654 [cnt: 4.70, alloc(dm16): 3.224, cell: 0.312, reg_nb: 1.693 | h_bce: 0.0901 | curv: 0.0842 | h_bg: 0.0168 | sc_aln: 1.0849] | SolvStr: 1.00 | Disp: 424.4 | W_pred: 1.01 | W_solv: 0.58
[0628/1000] Loss: 8.8737 [cnt: 4.67, alloc(dm16): 3.275, cell: 0.313, reg_nb: 1.667 | h_bce: 0.0909 | curv: 0.0823 | h_bg: 0.0148 | sc_aln: 1.1027] | SolvStr: 1.00 | Disp: 453.6 | W_pred: 1.01 | W_solv: 0.58
[0629/1000] Loss: 8.9400 [cnt: 4.73, alloc(dm16): 3.270, cell: 0.310, reg_nb: 1.677 | h_bce: 0.0899 | curv: 0.0865 | h_bg: 0.0154 | sc_aln: 1.0952] | SolvStr: 1.00 | Disp: 457.1 | W_pred: 1.01 | W_solv: 0.58

============================================================================================
  EPOCH [0630/1000] PERIODIC EVALUATION (182 test samples)
--------------------------------------------------------------------------------------------
  Train Loss    : 8.8998 [cnt: 4.78, alloc(dm16): 3.176, cell: 0.311, reg_nb: 1.693 | h_bce: 0.0897 | curv: 0.0830 | h_bg: 0.0140 | sc_aln: 1.0898]
  Solver / W    : Str: 1.00 | E_red: 33.5% | W_pred: 1.01 (std: 0.75) | W_solv: 0.58
  Val Metrics   : MAE: 84.64 | RMSE: 125.67 | NAE: 0.232 | Bias: +11.22
  GAME Hierarchy: G0: 84.64 | G1: 104.75 | G2: 122.98 | G3: 157.85 | Sparse(<=100): 41.83 | Mod(101-500): 65.10 | Dense(>500): 145.96
  Uncertainty   : Coverage: 50%=87.5%, 80%=96.4%, 95%=99.0% | Median Disp: 431.1
  Checkpoint    : Current Val MAE: 84.64 | Best Val MAE: 82.70
============================================================================================

[0631/1000] Loss: 8.8745 [cnt: 4.71, alloc(dm16): 3.229, cell: 0.312, reg_nb: 1.680 | h_bce: 0.0904 | curv: 0.0831 | h_bg: 0.0153 | sc_aln: 1.1092] | SolvStr: 1.00 | Disp: 490.4 | W_pred: 1.01 | W_solv: 0.58
[0632/1000] Loss: 8.8013 [cnt: 4.67, alloc(dm16): 3.192, cell: 0.311, reg_nb: 1.682 | h_bce: 0.0915 | curv: 0.0864 | h_bg: 0.0168 | sc_aln: 1.0946] | SolvStr: 1.00 | Disp: 477.2 | W_pred: 1.01 | W_solv: 0.58
[0633/1000] Loss: 8.9157 [cnt: 4.74, alloc(dm16): 3.225, cell: 0.313, reg_nb: 1.709 | h_bce: 0.0910 | curv: 0.0852 | h_bg: 0.0164 | sc_aln: 1.0955] | SolvStr: 1.00 | Disp: 460.7 | W_pred: 1.01 | W_solv: 0.58
[0634/1000] Loss: 8.8850 [cnt: 4.74, alloc(dm16): 3.212, cell: 0.312, reg_nb: 1.685 | h_bce: 0.0912 | curv: 0.0822 | h_bg: 0.0147 | sc_aln: 1.0883] | SolvStr: 1.00 | Disp: 492.4 | W_pred: 1.01 | W_solv: 0.58

============================================================================================
  EPOCH [0635/1000] PERIODIC EVALUATION (182 test samples)
--------------------------------------------------------------------------------------------
  Train Loss    : 8.9225 [cnt: 4.76, alloc(dm16): 3.221, cell: 0.311, reg_nb: 1.707 | h_bce: 0.0917 | curv: 0.0834 | h_bg: 0.0152 | sc_aln: 1.1002]
  Solver / W    : Str: 1.00 | E_red: 27.0% | W_pred: 1.01 (std: 0.75) | W_solv: 0.58
  Val Metrics   : MAE: 86.89 | RMSE: 124.93 | NAE: 0.241 | Bias: +17.29
  GAME Hierarchy: G0: 86.89 | G1: 107.01 | G2: 125.01 | G3: 160.25 | Sparse(<=100): 41.21 | Mod(101-500): 69.43 | Dense(>500): 142.80
  Uncertainty   : Coverage: 50%=87.1%, 80%=96.2%, 95%=99.0% | Median Disp: 453.6
  Checkpoint    : Current Val MAE: 86.89 | Best Val MAE: 82.70
============================================================================================

[0636/1000] Loss: 8.8849 [cnt: 4.69, alloc(dm16): 3.258, cell: 0.312, reg_nb: 1.686 | h_bce: 0.0911 | curv: 0.0845 | h_bg: 0.0164 | sc_aln: 1.0954] | SolvStr: 1.00 | Disp: 443.1 | W_pred: 1.01 | W_solv: 0.58
[0637/1000] Loss: 8.8783 [cnt: 4.71, alloc(dm16): 3.223, cell: 0.312, reg_nb: 1.708 | h_bce: 0.0905 | curv: 0.0848 | h_bg: 0.0177 | sc_aln: 1.0736] | SolvStr: 1.00 | Disp: 422.8 | W_pred: 1.01 | W_solv: 0.58
[0638/1000] Loss: 8.9083 [cnt: 4.75, alloc(dm16): 3.218, cell: 0.311, reg_nb: 1.689 | h_bce: 0.0914 | curv: 0.0842 | h_bg: 0.0155 | sc_aln: 1.1086] | SolvStr: 1.00 | Disp: 471.7 | W_pred: 1.01 | W_solv: 0.58
[0639/1000] Loss: 8.9390 [cnt: 4.81, alloc(dm16): 3.183, cell: 0.312, reg_nb: 1.725 | h_bce: 0.0914 | curv: 0.0867 | h_bg: 0.0169 | sc_aln: 1.0888] | SolvStr: 1.00 | Disp: 424.4 | W_pred: 1.01 | W_solv: 0.58

============================================================================================
  EPOCH [0640/1000] PERIODIC EVALUATION (182 test samples)
--------------------------------------------------------------------------------------------
  Train Loss    : 9.0259 [cnt: 4.84, alloc(dm16): 3.242, cell: 0.311, reg_nb: 1.699 | h_bce: 0.0923 | curv: 0.0841 | h_bg: 0.0161 | sc_aln: 1.0838]
  Solver / W    : Str: 1.00 | E_red: 23.1% | W_pred: 1.01 (std: 0.74) | W_solv: 0.58
  Val Metrics   : MAE: 94.50 | RMSE: 133.98 | NAE: 0.273 | Bias: +42.07
  GAME Hierarchy: G0: 94.50 | G1: 112.35 | G2: 130.81 | G3: 165.93 | Sparse(<=100): 55.64 | Mod(101-500): 76.55 | Dense(>500): 150.76
  Uncertainty   : Coverage: 50%=86.7%, 80%=96.2%, 95%=99.0% | Median Disp: 453.6
  Checkpoint    : Current Val MAE: 94.50 | Best Val MAE: 82.70
============================================================================================

[0641/1000] Loss: 8.9191 [cnt: 4.73, alloc(dm16): 3.263, cell: 0.312, reg_nb: 1.661 | h_bce: 0.0909 | curv: 0.0826 | h_bg: 0.0138 | sc_aln: 1.0872] | SolvStr: 1.00 | Disp: 482.8 | W_pred: 1.01 | W_solv: 0.58
[0642/1000] Loss: 8.9699 [cnt: 4.78, alloc(dm16): 3.240, cell: 0.314, reg_nb: 1.697 | h_bce: 0.0905 | curv: 0.0855 | h_bg: 0.0151 | sc_aln: 1.0724] | SolvStr: 1.00 | Disp: 453.6 | W_pred: 1.01 | W_solv: 0.58
[0643/1000] Loss: 8.9562 [cnt: 4.79, alloc(dm16): 3.225, cell: 0.311, reg_nb: 1.691 | h_bce: 0.0908 | curv: 0.0859 | h_bg: 0.0170 | sc_aln: 1.0922] | SolvStr: 1.00 | Disp: 473.5 | W_pred: 1.01 | W_solv: 0.58
[0644/1000] Loss: 8.8347 [cnt: 4.69, alloc(dm16): 3.214, cell: 0.313, reg_nb: 1.677 | h_bce: 0.0906 | curv: 0.0811 | h_bg: 0.0162 | sc_aln: 1.1004] | SolvStr: 1.00 | Disp: 486.6 | W_pred: 1.01 | W_solv: 0.58

============================================================================================
  EPOCH [0645/1000] PERIODIC EVALUATION (182 test samples)
--------------------------------------------------------------------------------------------
  Train Loss    : 8.9291 [cnt: 4.78, alloc(dm16): 3.214, cell: 0.310, reg_nb: 1.694 | h_bce: 0.0901 | curv: 0.0838 | h_bg: 0.0153 | sc_aln: 1.0870]
  Solver / W    : Str: 1.00 | E_red: 25.4% | W_pred: 1.01 (std: 0.75) | W_solv: 0.58
  Val Metrics   : MAE: 91.23 | RMSE: 129.49 | NAE: 0.262 | Bias: +32.58
  GAME Hierarchy: G0: 91.23 | G1: 109.35 | G2: 128.35 | G3: 162.63 | Sparse(<=100): 53.38 | Mod(101-500): 73.22 | Dense(>500): 147.50
  Uncertainty   : Coverage: 50%=86.9%, 80%=96.3%, 95%=99.0% | Median Disp: 466.2
  Checkpoint    : Current Val MAE: 91.23 | Best Val MAE: 82.70
============================================================================================

[0646/1000] Loss: 8.8525 [cnt: 4.69, alloc(dm16): 3.216, cell: 0.311, reg_nb: 1.711 | h_bce: 0.0905 | curv: 0.0830 | h_bg: 0.0162 | sc_aln: 1.0771] | SolvStr: 1.00 | Disp: 436.2 | W_pred: 1.01 | W_solv: 0.57
[0647/1000] Loss: 8.8795 [cnt: 4.72, alloc(dm16): 3.205, cell: 0.312, reg_nb: 1.722 | h_bce: 0.0906 | curv: 0.0872 | h_bg: 0.0183 | sc_aln: 1.0744] | SolvStr: 1.00 | Disp: 439.6 | W_pred: 1.01 | W_solv: 0.57
[0648/1000] Loss: 8.9461 [cnt: 4.77, alloc(dm16): 3.228, cell: 0.312, reg_nb: 1.720 | h_bce: 0.0915 | curv: 0.0853 | h_bg: 0.0167 | sc_aln: 1.0789] | SolvStr: 1.00 | Disp: 457.1 | W_pred: 1.01 | W_solv: 0.57
[0649/1000] Loss: 8.8823 [cnt: 4.73, alloc(dm16): 3.209, cell: 0.312, reg_nb: 1.702 | h_bce: 0.0896 | curv: 0.0832 | h_bg: 0.0146 | sc_aln: 1.0766] | SolvStr: 1.00 | Disp: 436.2 | W_pred: 1.01 | W_solv: 0.58

============================================================================================
  EPOCH [0650/1000] PERIODIC EVALUATION (182 test samples)
--------------------------------------------------------------------------------------------
  Train Loss    : 8.8989 [cnt: 4.75, alloc(dm16): 3.210, cell: 0.312, reg_nb: 1.694 | h_bce: 0.0903 | curv: 0.0860 | h_bg: 0.0163 | sc_aln: 1.0837]
  Solver / W    : Str: 1.00 | E_red: 29.2% | W_pred: 1.01 (std: 0.74) | W_solv: 0.58
  Val Metrics   : MAE: 92.53 | RMSE: 131.54 | NAE: 0.263 | Bias: +28.94
  GAME Hierarchy: G0: 92.53 | G1: 110.89 | G2: 129.43 | G3: 163.83 | Sparse(<=100): 49.99 | Mod(101-500): 73.63 | Dense(>500): 152.01
  Uncertainty   : Coverage: 50%=86.8%, 80%=96.2%, 95%=99.0% | Median Disp: 450.1
  Checkpoint    : Current Val MAE: 92.53 | Best Val MAE: 82.70
============================================================================================

[0651/1000] Loss: 8.9104 [cnt: 4.75, alloc(dm16): 3.222, cell: 0.312, reg_nb: 1.694 | h_bce: 0.0907 | curv: 0.0813 | h_bg: 0.0134 | sc_aln: 1.0906] | SolvStr: 1.00 | Disp: 466.2 | W_pred: 1.01 | W_solv: 0.58
[0652/1000] Loss: 8.8812 [cnt: 4.73, alloc(dm16): 3.205, cell: 0.311, reg_nb: 1.709 | h_bce: 0.0893 | curv: 0.0877 | h_bg: 0.0193 | sc_aln: 1.0643] | SolvStr: 1.00 | Disp: 431.1 | W_pred: 1.01 | W_solv: 0.58
[0653/1000] Loss: 8.9462 [cnt: 4.73, alloc(dm16): 3.280, cell: 0.312, reg_nb: 1.674 | h_bce: 0.0891 | curv: 0.0842 | h_bg: 0.0179 | sc_aln: 1.0811] | SolvStr: 1.00 | Disp: 457.1 | W_pred: 1.01 | W_solv: 0.58
[0654/1000] Loss: 8.9199 [cnt: 4.77, alloc(dm16): 3.206, cell: 0.313, reg_nb: 1.708 | h_bce: 0.0910 | curv: 0.0851 | h_bg: 0.0155 | sc_aln: 1.0867] | SolvStr: 1.00 | Disp: 434.5 | W_pred: 1.01 | W_solv: 0.58

============================================================================================
  EPOCH [0655/1000] PERIODIC EVALUATION (182 test samples)
--------------------------------------------------------------------------------------------
  Train Loss    : 8.7936 [cnt: 4.67, alloc(dm16): 3.175, cell: 0.311, reg_nb: 1.720 | h_bce: 0.0903 | curv: 0.0852 | h_bg: 0.0176 | sc_aln: 1.0597]
  Solver / W    : Str: 1.00 | E_red: 31.2% | W_pred: 1.01 (std: 0.75) | W_solv: 0.57
  Val Metrics   : MAE: 87.19 | RMSE: 126.18 | NAE: 0.243 | Bias: +19.64
  GAME Hierarchy: G0: 87.19 | G1: 107.42 | G2: 125.81 | G3: 160.69 | Sparse(<=100): 44.26 | Mod(101-500): 68.31 | Dense(>500): 146.66
  Uncertainty   : Coverage: 50%=87.2%, 80%=96.2%, 95%=99.0% | Median Disp: 416.2
  Checkpoint    : Current Val MAE: 87.19 | Best Val MAE: 82.70
============================================================================================

[0656/1000] Loss: 8.8854 [cnt: 4.73, alloc(dm16): 3.216, cell: 0.311, reg_nb: 1.684 | h_bce: 0.0896 | curv: 0.0829 | h_bg: 0.0155 | sc_aln: 1.0849] | SolvStr: 1.00 | Disp: 451.8 | W_pred: 1.01 | W_solv: 0.58
[0657/1000] Loss: 8.8543 [cnt: 4.74, alloc(dm16): 3.176, cell: 0.311, reg_nb: 1.698 | h_bce: 0.0903 | curv: 0.0845 | h_bg: 0.0163 | sc_aln: 1.0706] | SolvStr: 1.00 | Disp: 443.1 | W_pred: 1.01 | W_solv: 0.57
[0658/1000] Loss: 8.8235 [cnt: 4.68, alloc(dm16): 3.211, cell: 0.311, reg_nb: 1.685 | h_bce: 0.0899 | curv: 0.0822 | h_bg: 0.0166 | sc_aln: 1.0834] | SolvStr: 1.00 | Disp: 455.4 | W_pred: 1.01 | W_solv: 0.58
[0659/1000] Loss: 8.8711 [cnt: 4.73, alloc(dm16): 3.207, cell: 0.310, reg_nb: 1.677 | h_bce: 0.0904 | curv: 0.0857 | h_bg: 0.0161 | sc_aln: 1.0963] | SolvStr: 1.00 | Disp: 482.8 | W_pred: 1.01 | W_solv: 0.58

============================================================================================
  EPOCH [0660/1000] PERIODIC EVALUATION (182 test samples)
--------------------------------------------------------------------------------------------
  Train Loss    : 8.9154 [cnt: 4.79, alloc(dm16): 3.179, cell: 0.312, reg_nb: 1.709 | h_bce: 0.0900 | curv: 0.0847 | h_bg: 0.0155 | sc_aln: 1.0794]
  Solver / W    : Str: 1.00 | E_red: 29.9% | W_pred: 1.01 (std: 0.74) | W_solv: 0.58
  Val Metrics   : MAE: 82.10 | RMSE: 124.87 | NAE: 0.222 | Bias: -2.12
  GAME Hierarchy: G0: 82.10 | G1: 101.53 | G2: 119.77 | G3: 154.09 | Sparse(<=100): 40.76 | Mod(101-500): 60.33 | Dense(>500): 149.44
  Uncertainty   : Coverage: 50%=87.7%, 80%=96.4%, 95%=99.0% | Median Disp: 446.6
  Checkpoint    : Current Val MAE: 82.10 | Best Val MAE: 82.10 >>> [NEW BEST CHECKPOINT SAVED] <<<
============================================================================================

[0661/1000] Loss: 8.8746 [cnt: 4.71, alloc(dm16): 3.225, cell: 0.310, reg_nb: 1.698 | h_bce: 0.0904 | curv: 0.0861 | h_bg: 0.0171 | sc_aln: 1.0815] | SolvStr: 1.00 | Disp: 426.1 | W_pred: 1.01 | W_solv: 0.58
[0662/1000] Loss: 8.8413 [cnt: 4.72, alloc(dm16): 3.185, cell: 0.310, reg_nb: 1.681 | h_bce: 0.0897 | curv: 0.0854 | h_bg: 0.0179 | sc_aln: 1.0760] | SolvStr: 1.00 | Disp: 460.7 | W_pred: 1.01 | W_solv: 0.58
[0663/1000] Loss: 8.9004 [cnt: 4.73, alloc(dm16): 3.226, cell: 0.312, reg_nb: 1.712 | h_bce: 0.0912 | curv: 0.0832 | h_bg: 0.0175 | sc_aln: 1.0869] | SolvStr: 1.00 | Disp: 441.4 | W_pred: 1.01 | W_solv: 0.58
[0664/1000] Loss: 8.9349 [cnt: 4.78, alloc(dm16): 3.218, cell: 0.312, reg_nb: 1.689 | h_bce: 0.0895 | curv: 0.0809 | h_bg: 0.0142 | sc_aln: 1.1020] | SolvStr: 1.00 | Disp: 439.6 | W_pred: 1.01 | W_solv: 0.58

============================================================================================
  EPOCH [0665/1000] PERIODIC EVALUATION (182 test samples)
--------------------------------------------------------------------------------------------
  Train Loss    : 8.8276 [cnt: 4.69, alloc(dm16): 3.195, cell: 0.312, reg_nb: 1.707 | h_bce: 0.0901 | curv: 0.0849 | h_bg: 0.0146 | sc_aln: 1.0717]
  Solver / W    : Str: 1.00 | E_red: 29.3% | W_pred: 1.01 (std: 0.75) | W_solv: 0.58
  Val Metrics   : MAE: 90.14 | RMSE: 128.64 | NAE: 0.252 | Bias: +26.70
  GAME Hierarchy: G0: 90.14 | G1: 107.82 | G2: 126.84 | G3: 161.59 | Sparse(<=100): 47.32 | Mod(101-500): 70.03 | Dense(>500): 153.05
  Uncertainty   : Coverage: 50%=87.3%, 80%=96.3%, 95%=99.0% | Median Disp: 432.8
  Checkpoint    : Current Val MAE: 90.14 | Best Val MAE: 82.10
============================================================================================

[0666/1000] Loss: 8.8448 [cnt: 4.68, alloc(dm16): 3.236, cell: 0.313, reg_nb: 1.663 | h_bce: 0.0905 | curv: 0.0809 | h_bg: 0.0127 | sc_aln: 1.0891] | SolvStr: 1.00 | Disp: 484.7 | W_pred: 1.01 | W_solv: 0.58
[0667/1000] Loss: 8.8983 [cnt: 4.72, alloc(dm16): 3.246, cell: 0.311, reg_nb: 1.674 | h_bce: 0.0899 | curv: 0.0845 | h_bg: 0.0156 | sc_aln: 1.0868] | SolvStr: 1.00 | Disp: 482.8 | W_pred: 1.01 | W_solv: 0.58
[0668/1000] Loss: 8.8646 [cnt: 4.69, alloc(dm16): 3.233, cell: 0.312, reg_nb: 1.707 | h_bce: 0.0908 | curv: 0.0877 | h_bg: 0.0186 | sc_aln: 1.0834] | SolvStr: 1.00 | Disp: 422.8 | W_pred: 1.01 | W_solv: 0.58
[0669/1000] Loss: 8.9313 [cnt: 4.75, alloc(dm16): 3.247, cell: 0.312, reg_nb: 1.672 | h_bce: 0.0904 | curv: 0.0858 | h_bg: 0.0162 | sc_aln: 1.0828] | SolvStr: 1.00 | Disp: 471.7 | W_pred: 1.01 | W_solv: 0.58

============================================================================================
  EPOCH [0670/1000] PERIODIC EVALUATION (182 test samples)
--------------------------------------------------------------------------------------------
  Train Loss    : 8.8433 [cnt: 4.64, alloc(dm16): 3.265, cell: 0.312, reg_nb: 1.677 | h_bce: 0.0898 | curv: 0.0858 | h_bg: 0.0169 | sc_aln: 1.0749]
  Solver / W    : Str: 1.00 | E_red: 24.2% | W_pred: 1.01 (std: 0.74) | W_solv: 0.57
  Val Metrics   : MAE: 81.74 | RMSE: 123.29 | NAE: 0.221 | Bias: -0.06
  GAME Hierarchy: G0: 81.74 | G1: 102.21 | G2: 120.47 | G3: 154.57 | Sparse(<=100): 40.08 | Mod(101-500): 60.85 | Dense(>500): 146.67
  Uncertainty   : Coverage: 50%=87.6%, 80%=96.4%, 95%=99.0% | Median Disp: 468.0
  Checkpoint    : Current Val MAE: 81.74 | Best Val MAE: 81.74 >>> [NEW BEST CHECKPOINT SAVED] <<<
============================================================================================

[0671/1000] Loss: 8.7951 [cnt: 4.68, alloc(dm16): 3.181, cell: 0.311, reg_nb: 1.678 | h_bce: 0.0888 | curv: 0.0801 | h_bg: 0.0148 | sc_aln: 1.0712] | SolvStr: 1.00 | Disp: 458.9 | W_pred: 1.01 | W_solv: 0.58
[0672/1000] Loss: 9.0122 [cnt: 4.86, alloc(dm16): 3.216, cell: 0.312, reg_nb: 1.704 | h_bce: 0.0911 | curv: 0.0826 | h_bg: 0.0144 | sc_aln: 1.0784] | SolvStr: 1.00 | Disp: 468.0 | W_pred: 1.01 | W_solv: 0.57
[0673/1000] Loss: 8.9336 [cnt: 4.77, alloc(dm16): 3.223, cell: 0.311, reg_nb: 1.693 | h_bce: 0.0895 | curv: 0.0847 | h_bg: 0.0157 | sc_aln: 1.0701] | SolvStr: 1.00 | Disp: 451.8 | W_pred: 1.01 | W_solv: 0.58
[0674/1000] Loss: 8.8558 [cnt: 4.69, alloc(dm16): 3.234, cell: 0.311, reg_nb: 1.677 | h_bce: 0.0892 | curv: 0.0821 | h_bg: 0.0149 | sc_aln: 1.0806] | SolvStr: 1.00 | Disp: 486.6 | W_pred: 1.01 | W_solv: 0.58

============================================================================================
  EPOCH [0675/1000] PERIODIC EVALUATION (182 test samples)
--------------------------------------------------------------------------------------------
  Train Loss    : 8.9431 [cnt: 4.79, alloc(dm16): 3.212, cell: 0.312, reg_nb: 1.685 | h_bce: 0.0893 | curv: 0.0857 | h_bg: 0.0161 | sc_aln: 1.0711]
  Solver / W    : Str: 1.00 | E_red: 27.4% | W_pred: 1.01 (std: 0.75) | W_solv: 0.58
  Val Metrics   : MAE: 84.35 | RMSE: 128.28 | NAE: 0.225 | Bias: -4.71
  GAME Hierarchy: G0: 84.35 | G1: 105.08 | G2: 123.12 | G3: 156.91 | Sparse(<=100): 38.77 | Mod(101-500): 62.26 | Dense(>500): 153.22
  Uncertainty   : Coverage: 50%=87.4%, 80%=96.2%, 95%=98.9% | Median Disp: 453.6
  Checkpoint    : Current Val MAE: 84.35 | Best Val MAE: 81.74
============================================================================================

[0676/1000] Loss: 8.8585 [cnt: 4.72, alloc(dm16): 3.201, cell: 0.312, reg_nb: 1.682 | h_bce: 0.0904 | curv: 0.0850 | h_bg: 0.0166 | sc_aln: 1.0780] | SolvStr: 1.00 | Disp: 460.7 | W_pred: 1.01 | W_solv: 0.58
[0677/1000] Loss: 8.8782 [cnt: 4.72, alloc(dm16): 3.216, cell: 0.313, reg_nb: 1.696 | h_bce: 0.0902 | curv: 0.0836 | h_bg: 0.0148 | sc_aln: 1.0856] | SolvStr: 1.00 | Disp: 462.5 | W_pred: 1.01 | W_solv: 0.57
[0678/1000] Loss: 8.8322 [cnt: 4.72, alloc(dm16): 3.175, cell: 0.312, reg_nb: 1.682 | h_bce: 0.0899 | curv: 0.0853 | h_bg: 0.0163 | sc_aln: 1.0785] | SolvStr: 1.00 | Disp: 475.4 | W_pred: 1.01 | W_solv: 0.58
[0679/1000] Loss: 8.9506 [cnt: 4.81, alloc(dm16): 3.197, cell: 0.312, reg_nb: 1.710 | h_bce: 0.0897 | curv: 0.0840 | h_bg: 0.0155 | sc_aln: 1.0607] | SolvStr: 1.00 | Disp: 416.2 | W_pred: 1.01 | W_solv: 0.57

============================================================================================
  EPOCH [0680/1000] PERIODIC EVALUATION (182 test samples)
--------------------------------------------------------------------------------------------
  Train Loss    : 8.9283 [cnt: 4.80, alloc(dm16): 3.198, cell: 0.312, reg_nb: 1.672 | h_bce: 0.0904 | curv: 0.0825 | h_bg: 0.0157 | sc_aln: 1.0846]
  Solver / W    : Str: 1.00 | E_red: 38.6% | W_pred: 1.01 (std: 0.76) | W_solv: 0.58
  Val Metrics   : MAE: 92.93 | RMSE: 132.21 | NAE: 0.253 | Bias: +29.30
  GAME Hierarchy: G0: 92.93 | G1: 110.75 | G2: 129.05 | G3: 163.09 | Sparse(<=100): 42.53 | Mod(101-500): 71.68 | Dense(>500): 160.20
  Uncertainty   : Coverage: 50%=87.1%, 80%=96.3%, 95%=99.0% | Median Disp: 481.0
  Checkpoint    : Current Val MAE: 92.93 | Best Val MAE: 81.74
============================================================================================

[0681/1000] Loss: 8.8361 [cnt: 4.71, alloc(dm16): 3.179, cell: 0.311, reg_nb: 1.694 | h_bce: 0.0898 | curv: 0.0868 | h_bg: 0.0174 | sc_aln: 1.0905] | SolvStr: 1.00 | Disp: 446.6 | W_pred: 1.01 | W_solv: 0.58
[0682/1000] Loss: 8.8432 [cnt: 4.68, alloc(dm16): 3.224, cell: 0.312, reg_nb: 1.670 | h_bce: 0.0902 | curv: 0.0870 | h_bg: 0.0181 | sc_aln: 1.0925] | SolvStr: 1.00 | Disp: 469.8 | W_pred: 1.01 | W_solv: 0.58
[0683/1000] Loss: 8.7963 [cnt: 4.70, alloc(dm16): 3.154, cell: 0.310, reg_nb: 1.702 | h_bce: 0.0884 | curv: 0.0831 | h_bg: 0.0150 | sc_aln: 1.0456] | SolvStr: 1.00 | Disp: 432.8 | W_pred: 1.01 | W_solv: 0.57
[0684/1000] Loss: 8.9082 [cnt: 4.74, alloc(dm16): 3.237, cell: 0.312, reg_nb: 1.666 | h_bce: 0.0899 | curv: 0.0828 | h_bg: 0.0159 | sc_aln: 1.0716] | SolvStr: 1.00 | Disp: 482.8 | W_pred: 1.01 | W_solv: 0.57

============================================================================================
  EPOCH [0685/1000] PERIODIC EVALUATION (182 test samples)
--------------------------------------------------------------------------------------------
  Train Loss    : 8.8723 [cnt: 4.73, alloc(dm16): 3.212, cell: 0.312, reg_nb: 1.673 | h_bce: 0.0906 | curv: 0.0850 | h_bg: 0.0153 | sc_aln: 1.0678]
  Solver / W    : Str: 1.00 | E_red: 33.0% | W_pred: 1.01 (std: 0.74) | W_solv: 0.58
  Val Metrics   : MAE: 87.23 | RMSE: 128.34 | NAE: 0.240 | Bias: +16.42
  GAME Hierarchy: G0: 87.23 | G1: 107.23 | G2: 125.57 | G3: 159.27 | Sparse(<=100): 49.02 | Mod(101-500): 66.28 | Dense(>500): 151.80
  Uncertainty   : Coverage: 50%=87.4%, 80%=96.3%, 95%=99.0% | Median Disp: 500.1
  Checkpoint    : Current Val MAE: 87.23 | Best Val MAE: 81.74
============================================================================================

[0686/1000] Loss: 8.8949 [cnt: 4.75, alloc(dm16): 3.206, cell: 0.312, reg_nb: 1.689 | h_bce: 0.0895 | curv: 0.0836 | h_bg: 0.0164 | sc_aln: 1.0744] | SolvStr: 1.00 | Disp: 482.8 | W_pred: 1.01 | W_solv: 0.58
[0687/1000] Loss: 8.8724 [cnt: 4.73, alloc(dm16): 3.202, cell: 0.311, reg_nb: 1.689 | h_bce: 0.0904 | curv: 0.0853 | h_bg: 0.0160 | sc_aln: 1.0694] | SolvStr: 1.00 | Disp: 473.5 | W_pred: 1.01 | W_solv: 0.57
[0688/1000] Loss: 8.8813 [cnt: 4.75, alloc(dm16): 3.196, cell: 0.312, reg_nb: 1.681 | h_bce: 0.0905 | curv: 0.0846 | h_bg: 0.0146 | sc_aln: 1.0768] | SolvStr: 1.00 | Disp: 500.1 | W_pred: 1.01 | W_solv: 0.58
[0689/1000] Loss: 8.8937 [cnt: 4.69, alloc(dm16): 3.263, cell: 0.311, reg_nb: 1.688 | h_bce: 0.0901 | curv: 0.0852 | h_bg: 0.0175 | sc_aln: 1.0648] | SolvStr: 1.00 | Disp: 482.8 | W_pred: 1.01 | W_solv: 0.58

============================================================================================
  EPOCH [0690/1000] PERIODIC EVALUATION (182 test samples)
--------------------------------------------------------------------------------------------
  Train Loss    : 8.8435 [cnt: 4.67, alloc(dm16): 3.242, cell: 0.312, reg_nb: 1.678 | h_bce: 0.0896 | curv: 0.0834 | h_bg: 0.0165 | sc_aln: 1.0745]
  Solver / W    : Str: 1.00 | E_red: 28.9% | W_pred: 1.01 (std: 0.74) | W_solv: 0.58
  Val Metrics   : MAE: 98.95 | RMSE: 139.34 | NAE: 0.272 | Bias: +46.83
  GAME Hierarchy: G0: 98.95 | G1: 114.92 | G2: 134.58 | G3: 168.35 | Sparse(<=100): 49.75 | Mod(101-500): 76.91 | Dense(>500): 168.24
  Uncertainty   : Coverage: 50%=86.8%, 80%=96.2%, 95%=99.0% | Median Disp: 482.8
  Checkpoint    : Current Val MAE: 98.95 | Best Val MAE: 81.74
============================================================================================

[0691/1000] Loss: 8.8412 [cnt: 4.69, alloc(dm16): 3.220, cell: 0.311, reg_nb: 1.693 | h_bce: 0.0891 | curv: 0.0823 | h_bg: 0.0166 | sc_aln: 1.0662] | SolvStr: 1.00 | Disp: 462.5 | W_pred: 1.01 | W_solv: 0.57
[0692/1000] Loss: 8.8598 [cnt: 4.72, alloc(dm16): 3.208, cell: 0.312, reg_nb: 1.676 | h_bce: 0.0894 | curv: 0.0825 | h_bg: 0.0146 | sc_aln: 1.0772] | SolvStr: 1.00 | Disp: 484.7 | W_pred: 1.01 | W_solv: 0.58
[0693/1000] Loss: 8.8361 [cnt: 4.65, alloc(dm16): 3.247, cell: 0.313, reg_nb: 1.695 | h_bce: 0.0899 | curv: 0.0818 | h_bg: 0.0169 | sc_aln: 1.0602] | SolvStr: 1.00 | Disp: 434.5 | W_pred: 1.01 | W_solv: 0.57
[0694/1000] Loss: 8.9226 [cnt: 4.76, alloc(dm16): 3.227, cell: 0.312, reg_nb: 1.689 | h_bce: 0.0910 | curv: 0.0825 | h_bg: 0.0144 | sc_aln: 1.0671] | SolvStr: 1.00 | Disp: 486.6 | W_pred: 1.01 | W_solv: 0.57

============================================================================================
  EPOCH [0695/1000] PERIODIC EVALUATION (182 test samples)
--------------------------------------------------------------------------------------------
  Train Loss    : 8.8355 [cnt: 4.68, alloc(dm16): 3.222, cell: 0.312, reg_nb: 1.691 | h_bce: 0.0893 | curv: 0.0804 | h_bg: 0.0138 | sc_aln: 1.0668]
  Solver / W    : Str: 1.00 | E_red: 29.2% | W_pred: 1.01 (std: 0.74) | W_solv: 0.57
  Val Metrics   : MAE: 94.61 | RMSE: 136.56 | NAE: 0.256 | Bias: +29.17
  GAME Hierarchy: G0: 94.61 | G1: 112.11 | G2: 130.73 | G3: 164.95 | Sparse(<=100): 43.20 | Mod(101-500): 71.95 | Dense(>500): 166.00
  Uncertainty   : Coverage: 50%=87.1%, 80%=96.2%, 95%=99.0% | Median Disp: 475.4
  Checkpoint    : Current Val MAE: 94.61 | Best Val MAE: 81.74
============================================================================================

[0696/1000] Loss: 8.8732 [cnt: 4.75, alloc(dm16): 3.185, cell: 0.310, reg_nb: 1.702 | h_bce: 0.0887 | curv: 0.0869 | h_bg: 0.0183 | sc_aln: 1.0484] | SolvStr: 1.00 | Disp: 450.1 | W_pred: 1.01 | W_solv: 0.57
[0697/1000] Loss: 8.8038 [cnt: 4.65, alloc(dm16): 3.227, cell: 0.312, reg_nb: 1.664 | h_bce: 0.0905 | curv: 0.0819 | h_bg: 0.0135 | sc_aln: 1.0743] | SolvStr: 1.00 | Disp: 500.1 | W_pred: 1.01 | W_solv: 0.58
[0698/1000] Loss: 8.8798 [cnt: 4.73, alloc(dm16): 3.218, cell: 0.311, reg_nb: 1.672 | h_bce: 0.0892 | curv: 0.0857 | h_bg: 0.0186 | sc_aln: 1.0606] | SolvStr: 1.00 | Disp: 494.3 | W_pred: 1.01 | W_solv: 0.58
[0699/1000] Loss: 8.8367 [cnt: 4.68, alloc(dm16): 3.222, cell: 0.312, reg_nb: 1.674 | h_bce: 0.0896 | curv: 0.0847 | h_bg: 0.0142 | sc_aln: 1.0811] | SolvStr: 1.00 | Disp: 500.1 | W_pred: 1.01 | W_solv: 0.58

============================================================================================
  EPOCH [0700/1000] PERIODIC EVALUATION (182 test samples)
--------------------------------------------------------------------------------------------
  Train Loss    : 8.8374 [cnt: 4.70, alloc(dm16): 3.192, cell: 0.312, reg_nb: 1.709 | h_bce: 0.0895 | curv: 0.0862 | h_bg: 0.0161 | sc_aln: 1.0479]
  Solver / W    : Str: 1.00 | E_red: 28.7% | W_pred: 1.01 (std: 0.74) | W_solv: 0.57
  Val Metrics   : MAE: 89.23 | RMSE: 128.92 | NAE: 0.244 | Bias: +25.39
  GAME Hierarchy: G0: 89.23 | G1: 108.69 | G2: 127.17 | G3: 161.53 | Sparse(<=100): 42.01 | Mod(101-500): 68.84 | Dense(>500): 153.60
  Uncertainty   : Coverage: 50%=87.3%, 80%=96.3%, 95%=99.0% | Median Disp: 450.1
  Checkpoint    : Current Val MAE: 89.23 | Best Val MAE: 81.74
============================================================================================

[0701/1000] Loss: 8.8913 [cnt: 4.74, alloc(dm16): 3.202, cell: 0.312, reg_nb: 1.709 | h_bce: 0.0902 | curv: 0.0855 | h_bg: 0.0147 | sc_aln: 1.0692] | SolvStr: 1.00 | Disp: 458.9 | W_pred: 1.01 | W_solv: 0.57
[0702/1000] Loss: 9.0306 [cnt: 4.89, alloc(dm16): 3.199, cell: 0.312, reg_nb: 1.676 | h_bce: 0.0888 | curv: 0.0816 | h_bg: 0.0148 | sc_aln: 1.0686] | SolvStr: 1.00 | Disp: 479.1 | W_pred: 1.01 | W_solv: 0.58
[0703/1000] Loss: 8.7626 [cnt: 4.63, alloc(dm16): 3.203, cell: 0.310, reg_nb: 1.662 | h_bce: 0.0893 | curv: 0.0848 | h_bg: 0.0147 | sc_aln: 1.0685] | SolvStr: 1.00 | Disp: 488.5 | W_pred: 1.01 | W_solv: 0.58
[0704/1000] Loss: 8.9121 [cnt: 4.76, alloc(dm16): 3.221, cell: 0.312, reg_nb: 1.668 | h_bce: 0.0900 | curv: 0.0834 | h_bg: 0.0144 | sc_aln: 1.0735] | SolvStr: 1.00 | Disp: 492.4 | W_pred: 1.01 | W_solv: 0.58

============================================================================================
  EPOCH [0705/1000] PERIODIC EVALUATION (182 test samples)
--------------------------------------------------------------------------------------------
  Train Loss    : 8.8941 [cnt: 4.74, alloc(dm16): 3.215, cell: 0.312, reg_nb: 1.703 | h_bce: 0.0899 | curv: 0.0804 | h_bg: 0.0137 | sc_aln: 1.0644]
  Solver / W    : Str: 1.00 | E_red: 27.0% | W_pred: 1.01 (std: 0.74) | W_solv: 0.57
  Val Metrics   : MAE: 88.06 | RMSE: 129.43 | NAE: 0.239 | Bias: +22.43
  GAME Hierarchy: G0: 88.06 | G1: 106.08 | G2: 125.00 | G3: 159.16 | Sparse(<=100): 42.89 | Mod(101-500): 66.88 | Dense(>500): 154.35
  Uncertainty   : Coverage: 50%=87.4%, 80%=96.4%, 95%=99.1% | Median Disp: 462.5
  Checkpoint    : Current Val MAE: 88.06 | Best Val MAE: 81.74
============================================================================================

[0706/1000] Loss: 8.8502 [cnt: 4.71, alloc(dm16): 3.201, cell: 0.312, reg_nb: 1.678 | h_bce: 0.0891 | curv: 0.0849 | h_bg: 0.0155 | sc_aln: 1.0835] | SolvStr: 1.00 | Disp: 496.2 | W_pred: 1.01 | W_solv: 0.58
[0707/1000] Loss: 8.7696 [cnt: 4.63, alloc(dm16): 3.201, cell: 0.312, reg_nb: 1.672 | h_bce: 0.0895 | curv: 0.0863 | h_bg: 0.0160 | sc_aln: 1.0860] | SolvStr: 1.00 | Disp: 498.2 | W_pred: 1.01 | W_solv: 0.58
[0708/1000] Loss: 8.8192 [cnt: 4.68, alloc(dm16): 3.194, cell: 0.312, reg_nb: 1.691 | h_bce: 0.0897 | curv: 0.0862 | h_bg: 0.0180 | sc_aln: 1.0641] | SolvStr: 1.00 | Disp: 450.1 | W_pred: 1.01 | W_solv: 0.57
[0709/1000] Loss: 8.8556 [cnt: 4.68, alloc(dm16): 3.238, cell: 0.312, reg_nb: 1.684 | h_bce: 0.0902 | curv: 0.0832 | h_bg: 0.0159 | sc_aln: 1.0793] | SolvStr: 1.00 | Disp: 498.2 | W_pred: 1.01 | W_solv: 0.58

============================================================================================
  EPOCH [0710/1000] PERIODIC EVALUATION (182 test samples)
--------------------------------------------------------------------------------------------
  Train Loss    : 8.8435 [cnt: 4.68, alloc(dm16): 3.223, cell: 0.312, reg_nb: 1.694 | h_bce: 0.0901 | curv: 0.0851 | h_bg: 0.0170 | sc_aln: 1.0514]
  Solver / W    : Str: 1.00 | E_red: 29.5% | W_pred: 1.01 (std: 0.74) | W_solv: 0.57
  Val Metrics   : MAE: 83.67 | RMSE: 125.37 | NAE: 0.224 | Bias: +11.04
  GAME Hierarchy: G0: 83.67 | G1: 103.29 | G2: 121.38 | G3: 155.54 | Sparse(<=100): 35.80 | Mod(101-500): 63.25 | Dense(>500): 148.22
  Uncertainty   : Coverage: 50%=87.7%, 80%=96.5%, 95%=99.0% | Median Disp: 466.2
  Checkpoint    : Current Val MAE: 83.67 | Best Val MAE: 81.74
============================================================================================

[0711/1000] Loss: 8.8617 [cnt: 4.72, alloc(dm16): 3.206, cell: 0.311, reg_nb: 1.677 | h_bce: 0.0902 | curv: 0.0836 | h_bg: 0.0170 | sc_aln: 1.0892] | SolvStr: 1.00 | Disp: 500.1 | W_pred: 1.01 | W_solv: 0.58
[0712/1000] Loss: 8.7954 [cnt: 4.69, alloc(dm16): 3.176, cell: 0.311, reg_nb: 1.670 | h_bce: 0.0896 | curv: 0.0851 | h_bg: 0.0168 | sc_aln: 1.0711] | SolvStr: 1.00 | Disp: 496.2 | W_pred: 1.01 | W_solv: 0.58
[0713/1000] Loss: 8.8383 [cnt: 4.69, alloc(dm16): 3.211, cell: 0.312, reg_nb: 1.697 | h_bce: 0.0896 | curv: 0.0840 | h_bg: 0.0177 | sc_aln: 1.0550] | SolvStr: 1.00 | Disp: 451.8 | W_pred: 1.01 | W_solv: 0.57
[0714/1000] Loss: 8.7723 [cnt: 4.64, alloc(dm16): 3.197, cell: 0.310, reg_nb: 1.688 | h_bce: 0.0894 | curv: 0.0828 | h_bg: 0.0154 | sc_aln: 1.0632] | SolvStr: 1.00 | Disp: 460.7 | W_pred: 1.01 | W_solv: 0.58

============================================================================================
  EPOCH [0715/1000] PERIODIC EVALUATION (182 test samples)
--------------------------------------------------------------------------------------------
  Train Loss    : 8.8614 [cnt: 4.69, alloc(dm16): 3.241, cell: 0.312, reg_nb: 1.689 | h_bce: 0.0903 | curv: 0.0810 | h_bg: 0.0141 | sc_aln: 1.0664]
  Solver / W    : Str: 1.00 | E_red: 26.8% | W_pred: 1.01 (std: 0.73) | W_solv: 0.57
  Val Metrics   : MAE: 85.10 | RMSE: 128.05 | NAE: 0.227 | Bias: +2.81
  GAME Hierarchy: G0: 85.10 | G1: 106.09 | G2: 123.24 | G3: 156.79 | Sparse(<=100): 39.49 | Mod(101-500): 62.90 | Dense(>500): 154.31
  Uncertainty   : Coverage: 50%=87.4%, 80%=96.3%, 95%=99.0% | Median Disp: 490.4
  Checkpoint    : Current Val MAE: 85.10 | Best Val MAE: 81.74
============================================================================================

[0716/1000] Loss: 8.8315 [cnt: 4.68, alloc(dm16): 3.222, cell: 0.312, reg_nb: 1.668 | h_bce: 0.0904 | curv: 0.0812 | h_bg: 0.0143 | sc_aln: 1.0855] | SolvStr: 1.00 | Disp: 500.1 | W_pred: 1.01 | W_solv: 0.58
[0717/1000] Loss: 8.8478 [cnt: 4.69, alloc(dm16): 3.227, cell: 0.312, reg_nb: 1.676 | h_bce: 0.0897 | curv: 0.0847 | h_bg: 0.0143 | sc_aln: 1.0580] | SolvStr: 1.00 | Disp: 500.1 | W_pred: 1.01 | W_solv: 0.57
[0718/1000] Loss: 8.8830 [cnt: 4.72, alloc(dm16): 3.230, cell: 0.313, reg_nb: 1.684 | h_bce: 0.0909 | curv: 0.0855 | h_bg: 0.0145 | sc_aln: 1.0607] | SolvStr: 1.00 | Disp: 500.1 | W_pred: 1.01 | W_solv: 0.57
[0719/1000] Loss: 8.7812 [cnt: 4.66, alloc(dm16): 3.191, cell: 0.310, reg_nb: 1.697 | h_bce: 0.0896 | curv: 0.0839 | h_bg: 0.0172 | sc_aln: 1.0490] | SolvStr: 1.00 | Disp: 468.0 | W_pred: 1.01 | W_solv: 0.57

============================================================================================
  EPOCH [0720/1000] PERIODIC EVALUATION (182 test samples)
--------------------------------------------------------------------------------------------
  Train Loss    : 8.8898 [cnt: 4.77, alloc(dm16): 3.183, cell: 0.311, reg_nb: 1.680 | h_bce: 0.0911 | curv: 0.0844 | h_bg: 0.0163 | sc_aln: 1.0751]
  Solver / W    : Str: 1.00 | E_red: 24.8% | W_pred: 1.01 (std: 0.75) | W_solv: 0.58
  Val Metrics   : MAE: 82.71 | RMSE: 126.07 | NAE: 0.220 | Bias: -5.39
  GAME Hierarchy: G0: 82.71 | G1: 103.26 | G2: 121.06 | G3: 153.92 | Sparse(<=100): 41.18 | Mod(101-500): 60.77 | Dense(>500): 150.57
  Uncertainty   : Coverage: 50%=87.7%, 80%=96.4%, 95%=99.0% | Median Disp: 500.1
  Checkpoint    : Current Val MAE: 82.71 | Best Val MAE: 81.74
============================================================================================

[0721/1000] Loss: 8.8432 [cnt: 4.73, alloc(dm16): 3.173, cell: 0.311, reg_nb: 1.696 | h_bce: 0.0893 | curv: 0.0884 | h_bg: 0.0178 | sc_aln: 1.0456] | SolvStr: 1.00 | Disp: 458.9 | W_pred: 1.01 | W_solv: 0.57
[0722/1000] Loss: 8.8421 [cnt: 4.68, alloc(dm16): 3.224, cell: 0.313, reg_nb: 1.687 | h_bce: 0.0900 | curv: 0.0838 | h_bg: 0.0156 | sc_aln: 1.0753] | SolvStr: 1.00 | Disp: 500.1 | W_pred: 1.01 | W_solv: 0.57
[0723/1000] Loss: 8.8442 [cnt: 4.72, alloc(dm16): 3.192, cell: 0.311, reg_nb: 1.689 | h_bce: 0.0896 | curv: 0.0833 | h_bg: 0.0146 | sc_aln: 1.0773] | SolvStr: 1.00 | Disp: 500.1 | W_pred: 1.01 | W_solv: 0.57
[0724/1000] Loss: 8.8709 [cnt: 4.70, alloc(dm16): 3.233, cell: 0.311, reg_nb: 1.700 | h_bce: 0.0900 | curv: 0.0834 | h_bg: 0.0170 | sc_aln: 1.0434] | SolvStr: 1.00 | Disp: 458.9 | W_pred: 1.01 | W_solv: 0.57

============================================================================================
  EPOCH [0725/1000] PERIODIC EVALUATION (182 test samples)
--------------------------------------------------------------------------------------------
  Train Loss    : 8.8956 [cnt: 4.78, alloc(dm16): 3.176, cell: 0.312, reg_nb: 1.692 | h_bce: 0.0888 | curv: 0.0853 | h_bg: 0.0156 | sc_aln: 1.0510]
  Solver / W    : Str: 1.00 | E_red: 27.6% | W_pred: 1.01 (std: 0.75) | W_solv: 0.57
  Val Metrics   : MAE: 88.34 | RMSE: 129.86 | NAE: 0.240 | Bias: +16.95
  GAME Hierarchy: G0: 88.34 | G1: 108.57 | G2: 126.39 | G3: 159.88 | Sparse(<=100): 40.61 | Mod(101-500): 68.64 | Dense(>500): 150.83
  Uncertainty   : Coverage: 50%=87.4%, 80%=96.3%, 95%=99.0% | Median Disp: 490.4
  Checkpoint    : Current Val MAE: 88.34 | Best Val MAE: 81.74
============================================================================================

[0726/1000] Loss: 8.8389 [cnt: 4.70, alloc(dm16): 3.209, cell: 0.310, reg_nb: 1.672 | h_bce: 0.0891 | curv: 0.0836 | h_bg: 0.0158 | sc_aln: 1.0583] | SolvStr: 1.00 | Disp: 492.4 | W_pred: 1.01 | W_solv: 0.57
[0727/1000] Loss: 8.8983 [cnt: 4.76, alloc(dm16): 3.196, cell: 0.313, reg_nb: 1.705 | h_bce: 0.0900 | curv: 0.0809 | h_bg: 0.0137 | sc_aln: 1.0618] | SolvStr: 1.00 | Disp: 486.6 | W_pred: 1.01 | W_solv: 0.57
[0728/1000] Loss: 8.7836 [cnt: 4.68, alloc(dm16): 3.169, cell: 0.313, reg_nb: 1.684 | h_bce: 0.0901 | curv: 0.0874 | h_bg: 0.0163 | sc_aln: 1.0572] | SolvStr: 1.00 | Disp: 500.1 | W_pred: 1.01 | W_solv: 0.57
[0729/1000] Loss: 8.8042 [cnt: 4.67, alloc(dm16): 3.188, cell: 0.312, reg_nb: 1.698 | h_bce: 0.0900 | curv: 0.0844 | h_bg: 0.0176 | sc_aln: 1.0661] | SolvStr: 1.00 | Disp: 468.0 | W_pred: 1.01 | W_solv: 0.57

============================================================================================
  EPOCH [0730/1000] PERIODIC EVALUATION (182 test samples)
--------------------------------------------------------------------------------------------
  Train Loss    : 8.9439 [cnt: 4.79, alloc(dm16): 3.218, cell: 0.313, reg_nb: 1.686 | h_bce: 0.0908 | curv: 0.0834 | h_bg: 0.0156 | sc_aln: 1.0707]
  Solver / W    : Str: 1.00 | E_red: 24.8% | W_pred: 1.01 (std: 0.74) | W_solv: 0.57
  Val Metrics   : MAE: 84.37 | RMSE: 126.69 | NAE: 0.231 | Bias: +7.53
  GAME Hierarchy: G0: 84.37 | G1: 104.64 | G2: 122.44 | G3: 156.47 | Sparse(<=100): 45.93 | Mod(101-500): 63.46 | Dense(>500): 148.85
  Uncertainty   : Coverage: 50%=87.6%, 80%=96.4%, 95%=99.0% | Median Disp: 490.4
  Checkpoint    : Current Val MAE: 84.37 | Best Val MAE: 81.74
============================================================================================

[0731/1000] Loss: 8.8337 [cnt: 4.70, alloc(dm16): 3.209, cell: 0.311, reg_nb: 1.679 | h_bce: 0.0901 | curv: 0.0802 | h_bg: 0.0142 | sc_aln: 1.0477] | SolvStr: 1.00 | Disp: 500.1 | W_pred: 1.01 | W_solv: 0.57
[0732/1000] Loss: 8.7802 [cnt: 4.65, alloc(dm16): 3.204, cell: 0.311, reg_nb: 1.673 | h_bce: 0.0894 | curv: 0.0824 | h_bg: 0.0159 | sc_aln: 1.0582] | SolvStr: 1.00 | Disp: 500.1 | W_pred: 1.01 | W_solv: 0.57
[0733/1000] Loss: 8.8196 [cnt: 4.69, alloc(dm16): 3.194, cell: 0.311, reg_nb: 1.684 | h_bce: 0.0907 | curv: 0.0833 | h_bg: 0.0149 | sc_aln: 1.0573] | SolvStr: 1.00 | Disp: 500.1 | W_pred: 1.01 | W_solv: 0.57
[0734/1000] Loss: 8.7638 [cnt: 4.65, alloc(dm16): 3.181, cell: 0.314, reg_nb: 1.674 | h_bce: 0.0901 | curv: 0.0841 | h_bg: 0.0152 | sc_aln: 1.0572] | SolvStr: 1.00 | Disp: 500.1 | W_pred: 1.01 | W_solv: 0.57

============================================================================================
  EPOCH [0735/1000] PERIODIC EVALUATION (182 test samples)
--------------------------------------------------------------------------------------------
  Train Loss    : 8.8161 [cnt: 4.69, alloc(dm16): 3.192, cell: 0.312, reg_nb: 1.693 | h_bce: 0.0904 | curv: 0.0834 | h_bg: 0.0139 | sc_aln: 1.0550]
  Solver / W    : Str: 1.00 | E_red: 31.4% | W_pred: 1.01 (std: 0.75) | W_solv: 0.57
  Val Metrics   : MAE: 84.31 | RMSE: 126.97 | NAE: 0.228 | Bias: -0.82
  GAME Hierarchy: G0: 84.31 | G1: 104.10 | G2: 121.96 | G3: 155.84 | Sparse(<=100): 42.49 | Mod(101-500): 62.80 | Dense(>500): 150.99
  Uncertainty   : Coverage: 50%=87.6%, 80%=96.3%, 95%=99.0% | Median Disp: 468.0
  Checkpoint    : Current Val MAE: 84.31 | Best Val MAE: 81.74
============================================================================================

[0736/1000] Loss: 8.8134 [cnt: 4.71, alloc(dm16): 3.160, cell: 0.311, reg_nb: 1.694 | h_bce: 0.0895 | curv: 0.0876 | h_bg: 0.0166 | sc_aln: 1.0556] | SolvStr: 1.00 | Disp: 460.7 | W_pred: 1.01 | W_solv: 0.57
[0737/1000] Loss: 8.8111 [cnt: 4.68, alloc(dm16): 3.198, cell: 0.312, reg_nb: 1.673 | h_bce: 0.0892 | curv: 0.0837 | h_bg: 0.0154 | sc_aln: 1.0593] | SolvStr: 1.00 | Disp: 500.1 | W_pred: 1.01 | W_solv: 0.57
[0738/1000] Loss: 8.8381 [cnt: 4.74, alloc(dm16): 3.180, cell: 0.311, reg_nb: 1.657 | h_bce: 0.0891 | curv: 0.0810 | h_bg: 0.0124 | sc_aln: 1.0602] | SolvStr: 1.00 | Disp: 500.1 | W_pred: 1.01 | W_solv: 0.57
[0739/1000] Loss: 8.7678 [cnt: 4.67, alloc(dm16): 3.162, cell: 0.312, reg_nb: 1.684 | h_bce: 0.0899 | curv: 0.0837 | h_bg: 0.0158 | sc_aln: 1.0518] | SolvStr: 1.00 | Disp: 482.8 | W_pred: 1.01 | W_solv: 0.57

============================================================================================
  EPOCH [0740/1000] PERIODIC EVALUATION (182 test samples)
--------------------------------------------------------------------------------------------
  Train Loss    : 8.8760 [cnt: 4.72, alloc(dm16): 3.220, cell: 0.311, reg_nb: 1.701 | h_bce: 0.0894 | curv: 0.0856 | h_bg: 0.0162 | sc_aln: 1.0306]
  Solver / W    : Str: 1.00 | E_red: 29.7% | W_pred: 1.01 (std: 0.74) | W_solv: 0.57
  Val Metrics   : MAE: 84.64 | RMSE: 127.52 | NAE: 0.231 | Bias: +3.29
  GAME Hierarchy: G0: 84.64 | G1: 103.95 | G2: 121.70 | G3: 156.03 | Sparse(<=100): 42.61 | Mod(101-500): 64.20 | Dense(>500): 148.34
  Uncertainty   : Coverage: 50%=87.6%, 80%=96.4%, 95%=99.0% | Median Disp: 444.8
  Checkpoint    : Current Val MAE: 84.64 | Best Val MAE: 81.74
============================================================================================

[0741/1000] Loss: 8.8270 [cnt: 4.68, alloc(dm16): 3.211, cell: 0.312, reg_nb: 1.691 | h_bce: 0.0895 | curv: 0.0838 | h_bg: 0.0159 | sc_aln: 1.0480] | SolvStr: 1.00 | Disp: 473.5 | W_pred: 1.01 | W_solv: 0.57
[0742/1000] Loss: 8.8850 [cnt: 4.70, alloc(dm16): 3.248, cell: 0.313, reg_nb: 1.680 | h_bce: 0.0896 | curv: 0.0834 | h_bg: 0.0152 | sc_aln: 1.0591] | SolvStr: 1.00 | Disp: 500.1 | W_pred: 1.01 | W_solv: 0.57
[0743/1000] Loss: 8.8016 [cnt: 4.68, alloc(dm16): 3.182, cell: 0.311, reg_nb: 1.687 | h_bce: 0.0884 | curv: 0.0846 | h_bg: 0.0175 | sc_aln: 1.0473] | SolvStr: 1.00 | Disp: 484.7 | W_pred: 1.01 | W_solv: 0.57
[0744/1000] Loss: 8.8253 [cnt: 4.71, alloc(dm16): 3.168, cell: 0.311, reg_nb: 1.713 | h_bce: 0.0901 | curv: 0.0855 | h_bg: 0.0177 | sc_aln: 1.0442] | SolvStr: 1.00 | Disp: 451.8 | W_pred: 1.01 | W_solv: 0.57

============================================================================================
  EPOCH [0745/1000] PERIODIC EVALUATION (182 test samples)
--------------------------------------------------------------------------------------------
  Train Loss    : 8.9759 [cnt: 4.81, alloc(dm16): 3.232, cell: 0.312, reg_nb: 1.680 | h_bce: 0.0900 | curv: 0.0795 | h_bg: 0.0137 | sc_aln: 1.0713]
  Solver / W    : Str: 1.00 | E_red: 42.3% | W_pred: 1.01 (std: 0.76) | W_solv: 0.57
  Val Metrics   : MAE: 82.24 | RMSE: 124.82 | NAE: 0.223 | Bias: +0.42
  GAME Hierarchy: G0: 82.24 | G1: 101.71 | G2: 120.00 | G3: 153.92 | Sparse(<=100): 41.13 | Mod(101-500): 61.48 | Dense(>500): 146.73
  Uncertainty   : Coverage: 50%=87.7%, 80%=96.5%, 95%=99.0% | Median Disp: 500.1
  Checkpoint    : Current Val MAE: 82.24 | Best Val MAE: 81.74
============================================================================================

[0746/1000] Loss: 8.9074 [cnt: 4.80, alloc(dm16): 3.167, cell: 0.313, reg_nb: 1.687 | h_bce: 0.0890 | curv: 0.0848 | h_bg: 0.0154 | sc_aln: 1.0542] | SolvStr: 1.00 | Disp: 500.1 | W_pred: 1.01 | W_solv: 0.57
[0747/1000] Loss: 8.9095 [cnt: 4.75, alloc(dm16): 3.213, cell: 0.312, reg_nb: 1.714 | h_bce: 0.0909 | curv: 0.0841 | h_bg: 0.0160 | sc_aln: 1.0724] | SolvStr: 1.00 | Disp: 500.1 | W_pred: 1.01 | W_solv: 0.57
[0748/1000] Loss: 8.8178 [cnt: 4.67, alloc(dm16): 3.212, cell: 0.311, reg_nb: 1.673 | h_bce: 0.0897 | curv: 0.0858 | h_bg: 0.0157 | sc_aln: 1.0716] | SolvStr: 1.00 | Disp: 500.1 | W_pred: 1.01 | W_solv: 0.57
[0749/1000] Loss: 8.7581 [cnt: 4.61, alloc(dm16): 3.218, cell: 0.313, reg_nb: 1.663 | h_bce: 0.0893 | curv: 0.0836 | h_bg: 0.0148 | sc_aln: 1.0507] | SolvStr: 1.00 | Disp: 500.1 | W_pred: 1.01 | W_solv: 0.57

============================================================================================
  EPOCH [0750/1000] PERIODIC EVALUATION (182 test samples)
--------------------------------------------------------------------------------------------
  Train Loss    : 8.8733 [cnt: 4.75, alloc(dm16): 3.185, cell: 0.312, reg_nb: 1.682 | h_bce: 0.0882 | curv: 0.0838 | h_bg: 0.0158 | sc_aln: 1.0361]
  Solver / W    : Str: 1.00 | E_red: 29.0% | W_pred: 1.01 (std: 0.75) | W_solv: 0.57
  Val Metrics   : MAE: 85.60 | RMSE: 127.35 | NAE: 0.232 | Bias: +7.55
  GAME Hierarchy: G0: 85.60 | G1: 104.93 | G2: 122.89 | G3: 156.93 | Sparse(<=100): 39.86 | Mod(101-500): 65.42 | Dense(>500): 149.15
  Uncertainty   : Coverage: 50%=87.6%, 80%=96.3%, 95%=99.0% | Median Disp: 488.5
  Checkpoint    : Current Val MAE: 85.60 | Best Val MAE: 81.74
============================================================================================

[0751/1000] Loss: 8.7903 [cnt: 4.68, alloc(dm16): 3.168, cell: 0.311, reg_nb: 1.694 | h_bce: 0.0896 | curv: 0.0863 | h_bg: 0.0191 | sc_aln: 1.0599] | SolvStr: 1.00 | Disp: 500.1 | W_pred: 1.01 | W_solv: 0.57
[0752/1000] Loss: 8.8625 [cnt: 4.74, alloc(dm16): 3.184, cell: 0.311, reg_nb: 1.698 | h_bce: 0.0902 | curv: 0.0841 | h_bg: 0.0169 | sc_aln: 1.0477] | SolvStr: 1.00 | Disp: 486.6 | W_pred: 1.01 | W_solv: 0.57
[0753/1000] Loss: 8.8387 [cnt: 4.70, alloc(dm16): 3.210, cell: 0.313, reg_nb: 1.680 | h_bce: 0.0893 | curv: 0.0831 | h_bg: 0.0160 | sc_aln: 1.0612] | SolvStr: 1.00 | Disp: 500.1 | W_pred: 1.01 | W_solv: 0.57
[0754/1000] Loss: 8.8299 [cnt: 4.69, alloc(dm16): 3.213, cell: 0.312, reg_nb: 1.670 | h_bce: 0.0893 | curv: 0.0836 | h_bg: 0.0149 | sc_aln: 1.0698] | SolvStr: 1.00 | Disp: 500.1 | W_pred: 1.01 | W_solv: 0.57

============================================================================================
  EPOCH [0755/1000] PERIODIC EVALUATION (182 test samples)
--------------------------------------------------------------------------------------------
  Train Loss    : 8.7542 [cnt: 4.62, alloc(dm16): 3.212, cell: 0.311, reg_nb: 1.658 | h_bce: 0.0900 | curv: 0.0869 | h_bg: 0.0167 | sc_aln: 1.0642]
  Solver / W    : Str: 1.00 | E_red: 47.0% | W_pred: 1.01 (std: 0.75) | W_solv: 0.58
  Val Metrics   : MAE: 85.11 | RMSE: 126.95 | NAE: 0.236 | Bias: +13.52
  GAME Hierarchy: G0: 85.11 | G1: 104.33 | G2: 122.86 | G3: 157.17 | Sparse(<=100): 48.84 | Mod(101-500): 64.36 | Dense(>500): 148.82
  Uncertainty   : Coverage: 50%=87.6%, 80%=96.4%, 95%=99.0% | Median Disp: 500.1
  Checkpoint    : Current Val MAE: 85.11 | Best Val MAE: 81.74
============================================================================================

[0756/1000] Loss: 8.8125 [cnt: 4.67, alloc(dm16): 3.212, cell: 0.312, reg_nb: 1.672 | h_bce: 0.0897 | curv: 0.0832 | h_bg: 0.0142 | sc_aln: 1.0705] | SolvStr: 1.00 | Disp: 500.1 | W_pred: 1.01 | W_solv: 0.57
[0757/1000] Loss: 8.8654 [cnt: 4.75, alloc(dm16): 3.182, cell: 0.312, reg_nb: 1.666 | h_bce: 0.0896 | curv: 0.0832 | h_bg: 0.0141 | sc_aln: 1.0803] | SolvStr: 1.00 | Disp: 500.1 | W_pred: 1.01 | W_solv: 0.58
[0758/1000] Loss: 8.8959 [cnt: 4.75, alloc(dm16): 3.209, cell: 0.311, reg_nb: 1.679 | h_bce: 0.0892 | curv: 0.0857 | h_bg: 0.0152 | sc_aln: 1.0543] | SolvStr: 1.00 | Disp: 492.4 | W_pred: 1.01 | W_solv: 0.57
[0759/1000] Loss: 8.8407 [cnt: 4.69, alloc(dm16): 3.226, cell: 0.312, reg_nb: 1.657 | h_bce: 0.0899 | curv: 0.0827 | h_bg: 0.0145 | sc_aln: 1.0644] | SolvStr: 1.00 | Disp: 500.1 | W_pred: 1.01 | W_solv: 0.57

============================================================================================
  EPOCH [0760/1000] PERIODIC EVALUATION (182 test samples)
--------------------------------------------------------------------------------------------
  Train Loss    : 8.8376 [cnt: 4.68, alloc(dm16): 3.218, cell: 0.312, reg_nb: 1.683 | h_bce: 0.0897 | curv: 0.0881 | h_bg: 0.0169 | sc_aln: 1.0739]
  Solver / W    : Str: 1.00 | E_red: 23.8% | W_pred: 1.01 (std: 0.75) | W_solv: 0.57
  Val Metrics   : MAE: 85.04 | RMSE: 127.04 | NAE: 0.234 | Bias: +13.09
  GAME Hierarchy: G0: 85.04 | G1: 104.30 | G2: 122.35 | G3: 156.20 | Sparse(<=100): 48.17 | Mod(101-500): 64.62 | Dense(>500): 147.95
  Uncertainty   : Coverage: 50%=87.6%, 80%=96.4%, 95%=99.0% | Median Disp: 500.1
  Checkpoint    : Current Val MAE: 85.04 | Best Val MAE: 81.74
============================================================================================

[0761/1000] Loss: 8.8183 [cnt: 4.70, alloc(dm16): 3.181, cell: 0.311, reg_nb: 1.677 | h_bce: 0.0881 | curv: 0.0841 | h_bg: 0.0153 | sc_aln: 1.0596] | SolvStr: 1.00 | Disp: 488.5 | W_pred: 1.01 | W_solv: 0.57
[0762/1000] Loss: 8.7922 [cnt: 4.66, alloc(dm16): 3.201, cell: 0.312, reg_nb: 1.673 | h_bce: 0.0898 | curv: 0.0864 | h_bg: 0.0163 | sc_aln: 1.0549] | SolvStr: 1.00 | Disp: 500.1 | W_pred: 1.01 | W_solv: 0.57
[0763/1000] Loss: 8.8485 [cnt: 4.73, alloc(dm16): 3.174, cell: 0.312, reg_nb: 1.713 | h_bce: 0.0901 | curv: 0.0850 | h_bg: 0.0174 | sc_aln: 1.0532] | SolvStr: 1.00 | Disp: 469.8 | W_pred: 1.01 | W_solv: 0.57
[0764/1000] Loss: 8.8104 [cnt: 4.65, alloc(dm16): 3.218, cell: 0.312, reg_nb: 1.681 | h_bce: 0.0899 | curv: 0.0845 | h_bg: 0.0166 | sc_aln: 1.0696] | SolvStr: 1.00 | Disp: 500.1 | W_pred: 1.01 | W_solv: 0.57

============================================================================================
  EPOCH [0765/1000] PERIODIC EVALUATION (182 test samples)
--------------------------------------------------------------------------------------------
  Train Loss    : 8.7756 [cnt: 4.65, alloc(dm16): 3.185, cell: 0.312, reg_nb: 1.690 | h_bce: 0.0886 | curv: 0.0875 | h_bg: 0.0164 | sc_aln: 1.0501]
  Solver / W    : Str: 1.00 | E_red: 27.4% | W_pred: 1.01 (std: 0.75) | W_solv: 0.57
  Val Metrics   : MAE: 87.35 | RMSE: 128.77 | NAE: 0.239 | Bias: +13.17
  GAME Hierarchy: G0: 87.35 | G1: 106.23 | G2: 124.16 | G3: 158.44 | Sparse(<=100): 41.94 | Mod(101-500): 67.79 | Dense(>500): 149.13
  Uncertainty   : Coverage: 50%=87.6%, 80%=96.3%, 95%=99.0% | Median Disp: 482.8
  Checkpoint    : Current Val MAE: 87.35 | Best Val MAE: 81.74
============================================================================================

[0766/1000] Loss: 8.7816 [cnt: 4.66, alloc(dm16): 3.185, cell: 0.312, reg_nb: 1.678 | h_bce: 0.0899 | curv: 0.0853 | h_bg: 0.0165 | sc_aln: 1.0574] | SolvStr: 1.00 | Disp: 500.1 | W_pred: 1.01 | W_solv: 0.57
[0767/1000] Loss: 8.7737 [cnt: 4.63, alloc(dm16): 3.215, cell: 0.311, reg_nb: 1.660 | h_bce: 0.0895 | curv: 0.0844 | h_bg: 0.0152 | sc_aln: 1.0487] | SolvStr: 1.00 | Disp: 500.1 | W_pred: 1.01 | W_solv: 0.57
[0768/1000] Loss: 8.8053 [cnt: 4.65, alloc(dm16): 3.219, cell: 0.312, reg_nb: 1.678 | h_bce: 0.0896 | curv: 0.0835 | h_bg: 0.0157 | sc_aln: 1.0483] | SolvStr: 1.00 | Disp: 486.6 | W_pred: 1.01 | W_solv: 0.57
[0769/1000] Loss: 8.8012 [cnt: 4.70, alloc(dm16): 3.168, cell: 0.310, reg_nb: 1.680 | h_bce: 0.0891 | curv: 0.0850 | h_bg: 0.0166 | sc_aln: 1.0678] | SolvStr: 1.00 | Disp: 500.1 | W_pred: 1.01 | W_solv: 0.57

============================================================================================
  EPOCH [0770/1000] PERIODIC EVALUATION (182 test samples)
--------------------------------------------------------------------------------------------
  Train Loss    : 8.8238 [cnt: 4.75, alloc(dm16): 3.143, cell: 0.309, reg_nb: 1.688 | h_bce: 0.0883 | curv: 0.0874 | h_bg: 0.0179 | sc_aln: 1.0452]
  Solver / W    : Str: 1.00 | E_red: 28.1% | W_pred: 1.01 (std: 0.75) | W_solv: 0.57
  Val Metrics   : MAE: 86.76 | RMSE: 129.44 | NAE: 0.240 | Bias: +14.22
  GAME Hierarchy: G0: 86.76 | G1: 105.66 | G2: 124.53 | G3: 158.55 | Sparse(<=100): 50.05 | Mod(101-500): 65.95 | Dense(>500): 150.69
  Uncertainty   : Coverage: 50%=87.5%, 80%=96.4%, 95%=99.0% | Median Disp: 490.4
  Checkpoint    : Current Val MAE: 86.76 | Best Val MAE: 81.74
============================================================================================

[0771/1000] Loss: 8.8111 [cnt: 4.67, alloc(dm16): 3.208, cell: 0.312, reg_nb: 1.666 | h_bce: 0.0897 | curv: 0.0846 | h_bg: 0.0143 | sc_aln: 1.0695] | SolvStr: 1.00 | Disp: 500.1 | W_pred: 1.01 | W_solv: 0.58
[0772/1000] Loss: 8.7925 [cnt: 4.65, alloc(dm16): 3.199, cell: 0.311, reg_nb: 1.693 | h_bce: 0.0899 | curv: 0.0864 | h_bg: 0.0169 | sc_aln: 1.0545] | SolvStr: 1.00 | Disp: 473.5 | W_pred: 1.01 | W_solv: 0.57
[0773/1000] Loss: 8.8247 [cnt: 4.72, alloc(dm16): 3.173, cell: 0.310, reg_nb: 1.685 | h_bce: 0.0895 | curv: 0.0833 | h_bg: 0.0161 | sc_aln: 1.0519] | SolvStr: 1.00 | Disp: 479.1 | W_pred: 1.01 | W_solv: 0.57
[0774/1000] Loss: 8.8181 [cnt: 4.64, alloc(dm16): 3.252, cell: 0.311, reg_nb: 1.655 | h_bce: 0.0898 | curv: 0.0833 | h_bg: 0.0151 | sc_aln: 1.0699] | SolvStr: 1.00 | Disp: 500.1 | W_pred: 1.01 | W_solv: 0.58

============================================================================================
  EPOCH [0775/1000] PERIODIC EVALUATION (182 test samples)
--------------------------------------------------------------------------------------------
  Train Loss    : 8.8439 [cnt: 4.67, alloc(dm16): 3.239, cell: 0.311, reg_nb: 1.690 | h_bce: 0.0879 | curv: 0.0810 | h_bg: 0.0159 | sc_aln: 1.0556]
  Solver / W    : Str: 1.00 | E_red: 26.5% | W_pred: 1.01 (std: 0.75) | W_solv: 0.57
  Val Metrics   : MAE: 89.05 | RMSE: 130.94 | NAE: 0.248 | Bias: +24.40
  GAME Hierarchy: G0: 89.05 | G1: 108.41 | G2: 127.01 | G3: 161.57 | Sparse(<=100): 51.04 | Mod(101-500): 68.65 | Dense(>500): 152.07
  Uncertainty   : Coverage: 50%=87.3%, 80%=96.3%, 95%=99.0% | Median Disp: 460.7
  Checkpoint    : Current Val MAE: 89.05 | Best Val MAE: 81.74
============================================================================================

[0776/1000] Loss: 8.7941 [cnt: 4.69, alloc(dm16): 3.169, cell: 0.311, reg_nb: 1.682 | h_bce: 0.0885 | curv: 0.0846 | h_bg: 0.0156 | sc_aln: 1.0563] | SolvStr: 1.00 | Disp: 464.3 | W_pred: 1.01 | W_solv: 0.57
[0777/1000] Loss: 8.8635 [cnt: 4.72, alloc(dm16): 3.204, cell: 0.312, reg_nb: 1.688 | h_bce: 0.0889 | curv: 0.0848 | h_bg: 0.0160 | sc_aln: 1.0650] | SolvStr: 1.00 | Disp: 498.2 | W_pred: 1.01 | W_solv: 0.57
[0778/1000] Loss: 8.8159 [cnt: 4.68, alloc(dm16): 3.202, cell: 0.312, reg_nb: 1.679 | h_bce: 0.0891 | curv: 0.0839 | h_bg: 0.0163 | sc_aln: 1.0646] | SolvStr: 1.00 | Disp: 500.1 | W_pred: 1.01 | W_solv: 0.57
[0779/1000] Loss: 8.8493 [cnt: 4.72, alloc(dm16): 3.186, cell: 0.312, reg_nb: 1.697 | h_bce: 0.0899 | curv: 0.0823 | h_bg: 0.0151 | sc_aln: 1.0535] | SolvStr: 1.00 | Disp: 481.0 | W_pred: 1.01 | W_solv: 0.57

============================================================================================
  EPOCH [0780/1000] PERIODIC EVALUATION (182 test samples)
--------------------------------------------------------------------------------------------
  Train Loss    : 8.7930 [cnt: 4.65, alloc(dm16): 3.209, cell: 0.311, reg_nb: 1.666 | h_bce: 0.0890 | curv: 0.0871 | h_bg: 0.0178 | sc_aln: 1.0557]
  Solver / W    : Str: 1.00 | E_red: 37.0% | W_pred: 1.01 (std: 0.74) | W_solv: 0.58
  Val Metrics   : MAE: 86.68 | RMSE: 128.09 | NAE: 0.239 | Bias: +16.85
  GAME Hierarchy: G0: 86.68 | G1: 106.26 | G2: 124.29 | G3: 158.12 | Sparse(<=100): 47.63 | Mod(101-500): 65.94 | Dense(>500): 150.81
  Uncertainty   : Coverage: 50%=87.4%, 80%=96.4%, 95%=99.0% | Median Disp: 500.1
  Checkpoint    : Current Val MAE: 86.68 | Best Val MAE: 81.74
============================================================================================

[0781/1000] Loss: 8.9309 [cnt: 4.76, alloc(dm16): 3.231, cell: 0.312, reg_nb: 1.690 | h_bce: 0.0900 | curv: 0.0858 | h_bg: 0.0174 | sc_aln: 1.0612] | SolvStr: 1.00 | Disp: 500.1 | W_pred: 1.01 | W_solv: 0.57
[0782/1000] Loss: 8.8315 [cnt: 4.67, alloc(dm16): 3.235, cell: 0.313, reg_nb: 1.667 | h_bce: 0.0884 | curv: 0.0828 | h_bg: 0.0147 | sc_aln: 1.0584] | SolvStr: 1.00 | Disp: 500.1 | W_pred: 1.01 | W_solv: 0.58
[0783/1000] Loss: 8.8317 [cnt: 4.69, alloc(dm16): 3.216, cell: 0.312, reg_nb: 1.664 | h_bce: 0.0890 | curv: 0.0848 | h_bg: 0.0155 | sc_aln: 1.0660] | SolvStr: 1.00 | Disp: 500.1 | W_pred: 1.01 | W_solv: 0.58
[0784/1000] Loss: 8.7850 [cnt: 4.62, alloc(dm16): 3.234, cell: 0.312, reg_nb: 1.675 | h_bce: 0.0889 | curv: 0.0818 | h_bg: 0.0166 | sc_aln: 1.0519] | SolvStr: 1.00 | Disp: 477.2 | W_pred: 1.01 | W_solv: 0.57

============================================================================================
  EPOCH [0785/1000] PERIODIC EVALUATION (182 test samples)
--------------------------------------------------------------------------------------------
  Train Loss    : 8.8632 [cnt: 4.73, alloc(dm16): 3.200, cell: 0.312, reg_nb: 1.676 | h_bce: 0.0900 | curv: 0.0833 | h_bg: 0.0146 | sc_aln: 1.0583]
  Solver / W    : Str: 1.00 | E_red: 25.0% | W_pred: 1.01 (std: 0.75) | W_solv: 0.57
  Val Metrics   : MAE: 85.68 | RMSE: 129.69 | NAE: 0.228 | Bias: -8.32
  GAME Hierarchy: G0: 85.68 | G1: 103.83 | G2: 121.46 | G3: 154.87 | Sparse(<=100): 42.09 | Mod(101-500): 62.72 | Dense(>500): 156.72
  Uncertainty   : Coverage: 50%=87.7%, 80%=96.3%, 95%=98.9% | Median Disp: 500.1
  Checkpoint    : Current Val MAE: 85.68 | Best Val MAE: 81.74
============================================================================================

[0786/1000] Loss: 8.9095 [cnt: 4.78, alloc(dm16): 3.186, cell: 0.312, reg_nb: 1.712 | h_bce: 0.0907 | curv: 0.0841 | h_bg: 0.0159 | sc_aln: 1.0586] | SolvStr: 1.00 | Disp: 500.1 | W_pred: 1.01 | W_solv: 0.57
[0787/1000] Loss: 8.7664 [cnt: 4.65, alloc(dm16): 3.187, cell: 0.310, reg_nb: 1.666 | h_bce: 0.0890 | curv: 0.0850 | h_bg: 0.0179 | sc_aln: 1.0718] | SolvStr: 1.00 | Disp: 500.1 | W_pred: 1.01 | W_solv: 0.58
[0788/1000] Loss: 8.7910 [cnt: 4.65, alloc(dm16): 3.202, cell: 0.311, reg_nb: 1.685 | h_bce: 0.0890 | curv: 0.0866 | h_bg: 0.0172 | sc_aln: 1.0659] | SolvStr: 1.00 | Disp: 500.1 | W_pred: 1.01 | W_solv: 0.57
[0789/1000] Loss: 8.8416 [cnt: 4.70, alloc(dm16): 3.217, cell: 0.311, reg_nb: 1.654 | h_bce: 0.0899 | curv: 0.0844 | h_bg: 0.0168 | sc_aln: 1.0718] | SolvStr: 1.00 | Disp: 500.1 | W_pred: 1.01 | W_solv: 0.58

============================================================================================
  EPOCH [0790/1000] PERIODIC EVALUATION (182 test samples)
--------------------------------------------------------------------------------------------
  Train Loss    : 8.8329 [cnt: 4.70, alloc(dm16): 3.191, cell: 0.313, reg_nb: 1.678 | h_bce: 0.0901 | curv: 0.0860 | h_bg: 0.0160 | sc_aln: 1.0644]
  Solver / W    : Str: 1.00 | E_red: 25.1% | W_pred: 1.01 (std: 0.75) | W_solv: 0.57
  Val Metrics   : MAE: 82.99 | RMSE: 127.05 | NAE: 0.223 | Bias: -1.90
  GAME Hierarchy: G0: 82.99 | G1: 102.37 | G2: 120.40 | G3: 153.72 | Sparse(<=100): 45.58 | Mod(101-500): 60.69 | Dense(>500): 151.22
  Uncertainty   : Coverage: 50%=87.8%, 80%=96.4%, 95%=99.0% | Median Disp: 500.1
  Checkpoint    : Current Val MAE: 82.99 | Best Val MAE: 81.74
============================================================================================

[0791/1000] Loss: 8.8406 [cnt: 4.69, alloc(dm16): 3.209, cell: 0.312, reg_nb: 1.665 | h_bce: 0.0885 | curv: 0.0880 | h_bg: 0.0174 | sc_aln: 1.0472] | SolvStr: 1.00 | Disp: 500.1 | W_pred: 1.01 | W_solv: 0.58
[0792/1000] Loss: 8.7641 [cnt: 4.67, alloc(dm16): 3.159, cell: 0.309, reg_nb: 1.681 | h_bce: 0.0892 | curv: 0.0853 | h_bg: 0.0159 | sc_aln: 1.0443] | SolvStr: 1.00 | Disp: 492.4 | W_pred: 1.01 | W_solv: 0.57
[0793/1000] Loss: 8.9014 [cnt: 4.72, alloc(dm16): 3.238, cell: 0.313, reg_nb: 1.688 | h_bce: 0.0886 | curv: 0.0850 | h_bg: 0.0173 | sc_aln: 1.0398] | SolvStr: 1.00 | Disp: 496.2 | W_pred: 1.01 | W_solv: 0.57
[0794/1000] Loss: 8.8607 [cnt: 4.73, alloc(dm16): 3.186, cell: 0.312, reg_nb: 1.696 | h_bce: 0.0880 | curv: 0.0889 | h_bg: 0.0177 | sc_aln: 1.0487] | SolvStr: 1.00 | Disp: 500.1 | W_pred: 1.01 | W_solv: 0.57

============================================================================================
  EPOCH [0795/1000] PERIODIC EVALUATION (182 test samples)
--------------------------------------------------------------------------------------------
  Train Loss    : 8.7775 [cnt: 4.66, alloc(dm16): 3.190, cell: 0.312, reg_nb: 1.676 | h_bce: 0.0886 | curv: 0.0822 | h_bg: 0.0161 | sc_aln: 1.0666]
  Solver / W    : Str: 1.00 | E_red: 27.9% | W_pred: 1.01 (std: 0.75) | W_solv: 0.57
  Val Metrics   : MAE: 85.95 | RMSE: 127.40 | NAE: 0.237 | Bias: +12.86
  GAME Hierarchy: G0: 85.95 | G1: 105.87 | G2: 123.82 | G3: 157.61 | Sparse(<=100): 45.59 | Mod(101-500): 66.23 | Dense(>500): 147.39
  Uncertainty   : Coverage: 50%=87.4%, 80%=96.3%, 95%=98.9% | Median Disp: 500.1
  Checkpoint    : Current Val MAE: 85.95 | Best Val MAE: 81.74
============================================================================================

[0796/1000] Loss: 8.7694 [cnt: 4.66, alloc(dm16): 3.173, cell: 0.312, reg_nb: 1.686 | h_bce: 0.0886 | curv: 0.0837 | h_bg: 0.0160 | sc_aln: 1.0595] | SolvStr: 1.00 | Disp: 500.1 | W_pred: 1.01 | W_solv: 0.57
[0797/1000] Loss: 8.6980 [cnt: 4.61, alloc(dm16): 3.156, cell: 0.310, reg_nb: 1.661 | h_bce: 0.0874 | curv: 0.0870 | h_bg: 0.0185 | sc_aln: 1.0543] | SolvStr: 1.00 | Disp: 500.1 | W_pred: 1.01 | W_solv: 0.57
[0798/1000] Loss: 8.8230 [cnt: 4.69, alloc(dm16): 3.202, cell: 0.312, reg_nb: 1.663 | h_bce: 0.0881 | curv: 0.0847 | h_bg: 0.0150 | sc_aln: 1.0484] | SolvStr: 1.00 | Disp: 500.1 | W_pred: 1.01 | W_solv: 0.57
[0799/1000] Loss: 8.9016 [cnt: 4.78, alloc(dm16): 3.182, cell: 0.311, reg_nb: 1.686 | h_bce: 0.0889 | curv: 0.0862 | h_bg: 0.0164 | sc_aln: 1.0634] | SolvStr: 1.00 | Disp: 500.1 | W_pred: 1.01 | W_solv: 0.57

============================================================================================
  EPOCH [0800/1000] PERIODIC EVALUATION (182 test samples)
--------------------------------------------------------------------------------------------
  Train Loss    : 8.8027 [cnt: 4.66, alloc(dm16): 3.222, cell: 0.311, reg_nb: 1.662 | h_bce: 0.0898 | curv: 0.0837 | h_bg: 0.0146 | sc_aln: 1.0615]
  Solver / W    : Str: 1.00 | E_red: 23.8% | W_pred: 1.01 (std: 0.74) | W_solv: 0.57
  Val Metrics   : MAE: 83.87 | RMSE: 126.35 | NAE: 0.233 | Bias: +13.08
  GAME Hierarchy: G0: 83.87 | G1: 103.24 | G2: 122.67 | G3: 156.31 | Sparse(<=100): 50.99 | Mod(101-500): 63.55 | Dense(>500): 145.83
  Uncertainty   : Coverage: 50%=87.6%, 80%=96.4%, 95%=99.0% | Median Disp: 500.1
  Checkpoint    : Current Val MAE: 83.87 | Best Val MAE: 81.74
============================================================================================

[0801/1000] Loss: 8.8151 [cnt: 4.68, alloc(dm16): 3.196, cell: 0.312, reg_nb: 1.694 | h_bce: 0.0894 | curv: 0.0838 | h_bg: 0.0170 | sc_aln: 1.0534] | SolvStr: 1.00 | Disp: 496.2 | W_pred: 1.01 | W_solv: 0.57
[0802/1000] Loss: 8.7401 [cnt: 4.63, alloc(dm16): 3.175, cell: 0.312, reg_nb: 1.660 | h_bce: 0.0895 | curv: 0.0838 | h_bg: 0.0139 | sc_aln: 1.0813] | SolvStr: 1.00 | Disp: 500.1 | W_pred: 1.01 | W_solv: 0.57
[0803/1000] Loss: 8.7939 [cnt: 4.65, alloc(dm16): 3.209, cell: 0.310, reg_nb: 1.672 | h_bce: 0.0890 | curv: 0.0846 | h_bg: 0.0160 | sc_aln: 1.0567] | SolvStr: 1.00 | Disp: 500.1 | W_pred: 1.01 | W_solv: 0.57
[0804/1000] Loss: 8.7881 [cnt: 4.64, alloc(dm16): 3.230, cell: 0.312, reg_nb: 1.646 | h_bce: 0.0887 | curv: 0.0826 | h_bg: 0.0146 | sc_aln: 1.0786] | SolvStr: 1.00 | Disp: 500.1 | W_pred: 1.01 | W_solv: 0.58

============================================================================================
  EPOCH [0805/1000] PERIODIC EVALUATION (182 test samples)
--------------------------------------------------------------------------------------------
  Train Loss    : 8.8445 [cnt: 4.69, alloc(dm16): 3.214, cell: 0.312, reg_nb: 1.696 | h_bce: 0.0897 | curv: 0.0825 | h_bg: 0.0160 | sc_aln: 1.0479]
  Solver / W    : Str: 1.00 | E_red: 28.0% | W_pred: 1.01 (std: 0.75) | W_solv: 0.57
  Val Metrics   : MAE: 85.16 | RMSE: 126.04 | NAE: 0.236 | Bias: +14.52
  GAME Hierarchy: G0: 85.16 | G1: 105.04 | G2: 123.22 | G3: 157.16 | Sparse(<=100): 47.21 | Mod(101-500): 66.10 | Dense(>500): 144.40
  Uncertainty   : Coverage: 50%=87.5%, 80%=96.3%, 95%=99.0% | Median Disp: 500.1
  Checkpoint    : Current Val MAE: 85.16 | Best Val MAE: 81.74
============================================================================================

[0806/1000] Loss: 8.8073 [cnt: 4.68, alloc(dm16): 3.185, cell: 0.312, reg_nb: 1.688 | h_bce: 0.0886 | curv: 0.0878 | h_bg: 0.0176 | sc_aln: 1.0452] | SolvStr: 1.00 | Disp: 488.5 | W_pred: 1.01 | W_solv: 0.57
[0807/1000] Loss: 8.7733 [cnt: 4.68, alloc(dm16): 3.156, cell: 0.311, reg_nb: 1.678 | h_bce: 0.0884 | curv: 0.0843 | h_bg: 0.0192 | sc_aln: 1.0535] | SolvStr: 1.00 | Disp: 488.5 | W_pred: 1.01 | W_solv: 0.57
[0808/1000] Loss: 8.8113 [cnt: 4.69, alloc(dm16): 3.183, cell: 0.311, reg_nb: 1.683 | h_bce: 0.0886 | curv: 0.0847 | h_bg: 0.0154 | sc_aln: 1.0578] | SolvStr: 1.00 | Disp: 500.1 | W_pred: 1.01 | W_solv: 0.57
[0809/1000] Loss: 8.9531 [cnt: 4.83, alloc(dm16): 3.190, cell: 0.313, reg_nb: 1.670 | h_bce: 0.0887 | curv: 0.0854 | h_bg: 0.0148 | sc_aln: 1.0654] | SolvStr: 1.00 | Disp: 500.1 | W_pred: 1.01 | W_solv: 0.58

============================================================================================
  EPOCH [0810/1000] PERIODIC EVALUATION (182 test samples)
--------------------------------------------------------------------------------------------
  Train Loss    : 8.7853 [cnt: 4.63, alloc(dm16): 3.226, cell: 0.310, reg_nb: 1.674 | h_bce: 0.0903 | curv: 0.0839 | h_bg: 0.0159 | sc_aln: 1.0652]
  Solver / W    : Str: 1.00 | E_red: 28.1% | W_pred: 1.01 (std: 0.75) | W_solv: 0.58
  Val Metrics   : MAE: 84.04 | RMSE: 125.81 | NAE: 0.230 | Bias: +7.70
  GAME Hierarchy: G0: 84.04 | G1: 104.66 | G2: 122.36 | G3: 156.12 | Sparse(<=100): 46.98 | Mod(101-500): 63.18 | Dense(>500): 148.20
  Uncertainty   : Coverage: 50%=87.6%, 80%=96.3%, 95%=99.0% | Median Disp: 500.1
  Checkpoint    : Current Val MAE: 84.04 | Best Val MAE: 81.74
============================================================================================

[0811/1000] Loss: 8.8178 [cnt: 4.65, alloc(dm16): 3.237, cell: 0.311, reg_nb: 1.671 | h_bce: 0.0893 | curv: 0.0843 | h_bg: 0.0153 | sc_aln: 1.0591] | SolvStr: 1.00 | Disp: 500.1 | W_pred: 1.01 | W_solv: 0.57
[0812/1000] Loss: 8.8000 [cnt: 4.68, alloc(dm16): 3.198, cell: 0.310, reg_nb: 1.669 | h_bce: 0.0901 | curv: 0.0822 | h_bg: 0.0156 | sc_aln: 1.0535] | SolvStr: 1.00 | Disp: 500.1 | W_pred: 1.01 | W_solv: 0.57
[0813/1000] Loss: 8.8362 [cnt: 4.70, alloc(dm16): 3.205, cell: 0.310, reg_nb: 1.686 | h_bce: 0.0890 | curv: 0.0838 | h_bg: 0.0163 | sc_aln: 1.0402] | SolvStr: 1.00 | Disp: 477.2 | W_pred: 1.01 | W_solv: 0.57
[0814/1000] Loss: 8.8159 [cnt: 4.67, alloc(dm16): 3.214, cell: 0.313, reg_nb: 1.672 | h_bce: 0.0891 | curv: 0.0822 | h_bg: 0.0164 | sc_aln: 1.0531] | SolvStr: 1.00 | Disp: 500.1 | W_pred: 1.01 | W_solv: 0.57

============================================================================================
  EPOCH [0815/1000] PERIODIC EVALUATION (182 test samples)
--------------------------------------------------------------------------------------------
  Train Loss    : 8.8496 [cnt: 4.70, alloc(dm16): 3.218, cell: 0.312, reg_nb: 1.671 | h_bce: 0.0898 | curv: 0.0839 | h_bg: 0.0150 | sc_aln: 1.0558]
  Solver / W    : Str: 1.00 | E_red: 27.9% | W_pred: 1.01 (std: 0.75) | W_solv: 0.57
  Val Metrics   : MAE: 83.87 | RMSE: 127.02 | NAE: 0.233 | Bias: +9.27
  GAME Hierarchy: G0: 83.87 | G1: 103.74 | G2: 122.09 | G3: 155.88 | Sparse(<=100): 55.25 | Mod(101-500): 62.99 | Dense(>500): 146.77
  Uncertainty   : Coverage: 50%=87.5%, 80%=96.3%, 95%=99.0% | Median Disp: 500.1
  Checkpoint    : Current Val MAE: 83.87 | Best Val MAE: 81.74
============================================================================================

[0816/1000] Loss: 8.8213 [cnt: 4.68, alloc(dm16): 3.208, cell: 0.311, reg_nb: 1.673 | h_bce: 0.0884 | curv: 0.0846 | h_bg: 0.0177 | sc_aln: 1.0377] | SolvStr: 1.00 | Disp: 500.1 | W_pred: 1.01 | W_solv: 0.57
[0817/1000] Loss: 8.8094 [cnt: 4.71, alloc(dm16): 3.166, cell: 0.312, reg_nb: 1.678 | h_bce: 0.0887 | curv: 0.0869 | h_bg: 0.0165 | sc_aln: 1.0415] | SolvStr: 1.00 | Disp: 500.1 | W_pred: 1.01 | W_solv: 0.57
[0818/1000] Loss: 8.8700 [cnt: 4.71, alloc(dm16): 3.225, cell: 0.311, reg_nb: 1.679 | h_bce: 0.0888 | curv: 0.0846 | h_bg: 0.0168 | sc_aln: 1.0631] | SolvStr: 1.00 | Disp: 500.1 | W_pred: 1.01 | W_solv: 0.57
[0819/1000] Loss: 8.8276 [cnt: 4.74, alloc(dm16): 3.156, cell: 0.312, reg_nb: 1.682 | h_bce: 0.0881 | curv: 0.0828 | h_bg: 0.0141 | sc_aln: 1.0449] | SolvStr: 1.00 | Disp: 500.1 | W_pred: 1.01 | W_solv: 0.57

============================================================================================
  EPOCH [0820/1000] PERIODIC EVALUATION (182 test samples)
--------------------------------------------------------------------------------------------
  Train Loss    : 8.8750 [cnt: 4.73, alloc(dm16): 3.220, cell: 0.312, reg_nb: 1.657 | h_bce: 0.0896 | curv: 0.0835 | h_bg: 0.0150 | sc_aln: 1.0453]
  Solver / W    : Str: 1.00 | E_red: 32.5% | W_pred: 1.01 (std: 0.74) | W_solv: 0.57
  Val Metrics   : MAE: 82.39 | RMSE: 127.53 | NAE: 0.224 | Bias: -1.21
  GAME Hierarchy: G0: 82.39 | G1: 101.86 | G2: 120.09 | G3: 153.41 | Sparse(<=100): 49.58 | Mod(101-500): 60.01 | Dense(>500): 150.15
  Uncertainty   : Coverage: 50%=87.7%, 80%=96.4%, 95%=99.0% | Median Disp: 500.1
  Checkpoint    : Current Val MAE: 82.39 | Best Val MAE: 81.74
============================================================================================

[0821/1000] Loss: 8.8248 [cnt: 4.70, alloc(dm16): 3.180, cell: 0.312, reg_nb: 1.696 | h_bce: 0.0896 | curv: 0.0854 | h_bg: 0.0169 | sc_aln: 1.0364] | SolvStr: 1.00 | Disp: 494.3 | W_pred: 1.01 | W_solv: 0.57
[0822/1000] Loss: 8.8956 [cnt: 4.73, alloc(dm16): 3.229, cell: 0.312, reg_nb: 1.687 | h_bce: 0.0893 | curv: 0.0815 | h_bg: 0.0147 | sc_aln: 1.0357] | SolvStr: 1.00 | Disp: 500.1 | W_pred: 1.01 | W_solv: 0.57
[0823/1000] Loss: 8.7741 [cnt: 4.68, alloc(dm16): 3.162, cell: 0.311, reg_nb: 1.690 | h_bce: 0.0890 | curv: 0.0852 | h_bg: 0.0163 | sc_aln: 1.0385] | SolvStr: 1.00 | Disp: 473.5 | W_pred: 1.01 | W_solv: 0.57
[0824/1000] Loss: 8.7960 [cnt: 4.68, alloc(dm16): 3.177, cell: 0.311, reg_nb: 1.687 | h_bce: 0.0889 | curv: 0.0859 | h_bg: 0.0166 | sc_aln: 1.0335] | SolvStr: 1.00 | Disp: 498.2 | W_pred: 1.01 | W_solv: 0.57

============================================================================================
  EPOCH [0825/1000] PERIODIC EVALUATION (182 test samples)
--------------------------------------------------------------------------------------------
  Train Loss    : 8.8255 [cnt: 4.71, alloc(dm16): 3.178, cell: 0.312, reg_nb: 1.686 | h_bce: 0.0883 | curv: 0.0839 | h_bg: 0.0151 | sc_aln: 1.0394]
  Solver / W    : Str: 1.00 | E_red: 25.5% | W_pred: 1.01 (std: 0.75) | W_solv: 0.56
  Val Metrics   : MAE: 84.63 | RMSE: 127.93 | NAE: 0.236 | Bias: +12.00
  GAME Hierarchy: G0: 84.63 | G1: 104.80 | G2: 122.88 | G3: 156.68 | Sparse(<=100): 53.06 | Mod(101-500): 64.43 | Dense(>500): 146.07
  Uncertainty   : Coverage: 50%=87.5%, 80%=96.3%, 95%=99.0% | Median Disp: 486.6
  Checkpoint    : Current Val MAE: 84.63 | Best Val MAE: 81.74
============================================================================================

[0826/1000] Loss: 8.8353 [cnt: 4.64, alloc(dm16): 3.260, cell: 0.312, reg_nb: 1.688 | h_bce: 0.0885 | curv: 0.0859 | h_bg: 0.0169 | sc_aln: 1.0246] | SolvStr: 1.00 | Disp: 471.7 | W_pred: 1.01 | W_solv: 0.57
[0827/1000] Loss: 8.7384 [cnt: 4.61, alloc(dm16): 3.200, cell: 0.311, reg_nb: 1.660 | h_bce: 0.0886 | curv: 0.0817 | h_bg: 0.0146 | sc_aln: 1.0443] | SolvStr: 1.00 | Disp: 500.1 | W_pred: 1.01 | W_solv: 0.57
[0828/1000] Loss: 8.8125 [cnt: 4.67, alloc(dm16): 3.212, cell: 0.311, reg_nb: 1.684 | h_bce: 0.0892 | curv: 0.0848 | h_bg: 0.0166 | sc_aln: 1.0445] | SolvStr: 1.00 | Disp: 490.4 | W_pred: 1.01 | W_solv: 0.57
[0829/1000] Loss: 8.7714 [cnt: 4.63, alloc(dm16): 3.204, cell: 0.312, reg_nb: 1.686 | h_bce: 0.0884 | curv: 0.0868 | h_bg: 0.0174 | sc_aln: 1.0355] | SolvStr: 1.00 | Disp: 482.8 | W_pred: 1.01 | W_solv: 0.57

============================================================================================
  EPOCH [0830/1000] PERIODIC EVALUATION (182 test samples)
--------------------------------------------------------------------------------------------
  Train Loss    : 8.8095 [cnt: 4.67, alloc(dm16): 3.213, cell: 0.311, reg_nb: 1.662 | h_bce: 0.0892 | curv: 0.0839 | h_bg: 0.0152 | sc_aln: 1.0449]
  Solver / W    : Str: 1.00 | E_red: 26.9% | W_pred: 1.01 (std: 0.74) | W_solv: 0.57
  Val Metrics   : MAE: 84.74 | RMSE: 126.56 | NAE: 0.235 | Bias: +10.21
  GAME Hierarchy: G0: 84.74 | G1: 104.44 | G2: 122.50 | G3: 156.84 | Sparse(<=100): 48.52 | Mod(101-500): 65.01 | Dense(>500): 145.59
  Uncertainty   : Coverage: 50%=87.5%, 80%=96.3%, 95%=99.0% | Median Disp: 500.1
  Checkpoint    : Current Val MAE: 84.74 | Best Val MAE: 81.74
============================================================================================

[0831/1000] Loss: 8.8528 [cnt: 4.72, alloc(dm16): 3.202, cell: 0.312, reg_nb: 1.677 | h_bce: 0.0880 | curv: 0.0853 | h_bg: 0.0150 | sc_aln: 1.0514] | SolvStr: 1.00 | Disp: 500.1 | W_pred: 1.01 | W_solv: 0.57
[0832/1000] Loss: 8.8876 [cnt: 4.72, alloc(dm16): 3.244, cell: 0.311, reg_nb: 1.667 | h_bce: 0.0885 | curv: 0.0842 | h_bg: 0.0151 | sc_aln: 1.0474] | SolvStr: 1.00 | Disp: 500.1 | W_pred: 1.01 | W_solv: 0.57
[0833/1000] Loss: 8.8006 [cnt: 4.66, alloc(dm16): 3.206, cell: 0.310, reg_nb: 1.678 | h_bce: 0.0883 | curv: 0.0858 | h_bg: 0.0165 | sc_aln: 1.0480] | SolvStr: 1.00 | Disp: 500.1 | W_pred: 1.01 | W_solv: 0.57
[0834/1000] Loss: 8.8013 [cnt: 4.66, alloc(dm16): 3.211, cell: 0.312, reg_nb: 1.668 | h_bce: 0.0883 | curv: 0.0840 | h_bg: 0.0154 | sc_aln: 1.0462] | SolvStr: 1.00 | Disp: 500.1 | W_pred: 1.01 | W_solv: 0.57

============================================================================================
  EPOCH [0835/1000] PERIODIC EVALUATION (182 test samples)
--------------------------------------------------------------------------------------------
  Train Loss    : 8.8610 [cnt: 4.67, alloc(dm16): 3.257, cell: 0.311, reg_nb: 1.682 | h_bce: 0.0896 | curv: 0.0844 | h_bg: 0.0158 | sc_aln: 1.0524]
  Solver / W    : Str: 1.00 | E_red: 26.7% | W_pred: 1.01 (std: 0.74) | W_solv: 0.57
  Val Metrics   : MAE: 87.08 | RMSE: 127.75 | NAE: 0.242 | Bias: +14.34
  GAME Hierarchy: G0: 87.08 | G1: 106.53 | G2: 124.22 | G3: 158.38 | Sparse(<=100): 47.99 | Mod(101-500): 68.43 | Dense(>500): 145.32
  Uncertainty   : Coverage: 50%=87.2%, 80%=96.2%, 95%=98.9% | Median Disp: 500.1
  Checkpoint    : Current Val MAE: 87.08 | Best Val MAE: 81.74
============================================================================================

[0836/1000] Loss: 8.8471 [cnt: 4.70, alloc(dm16): 3.218, cell: 0.313, reg_nb: 1.673 | h_bce: 0.0889 | curv: 0.0819 | h_bg: 0.0130 | sc_aln: 1.0494] | SolvStr: 1.00 | Disp: 500.1 | W_pred: 1.01 | W_solv: 0.57
[0837/1000] Loss: 8.8043 [cnt: 4.71, alloc(dm16): 3.159, cell: 0.310, reg_nb: 1.702 | h_bce: 0.0880 | curv: 0.0865 | h_bg: 0.0192 | sc_aln: 1.0209] | SolvStr: 1.00 | Disp: 460.7 | W_pred: 1.01 | W_solv: 0.56
[0838/1000] Loss: 8.7506 [cnt: 4.67, alloc(dm16): 3.150, cell: 0.311, reg_nb: 1.686 | h_bce: 0.0875 | curv: 0.0838 | h_bg: 0.0163 | sc_aln: 1.0326] | SolvStr: 1.00 | Disp: 488.5 | W_pred: 1.01 | W_solv: 0.57
[0839/1000] Loss: 8.7631 [cnt: 4.65, alloc(dm16): 3.186, cell: 0.311, reg_nb: 1.665 | h_bce: 0.0878 | curv: 0.0856 | h_bg: 0.0163 | sc_aln: 1.0347] | SolvStr: 1.00 | Disp: 500.1 | W_pred: 1.01 | W_solv: 0.57

============================================================================================
  EPOCH [0840/1000] PERIODIC EVALUATION (182 test samples)
--------------------------------------------------------------------------------------------
  Train Loss    : 8.7319 [cnt: 4.63, alloc(dm16): 3.164, cell: 0.312, reg_nb: 1.683 | h_bce: 0.0899 | curv: 0.0827 | h_bg: 0.0150 | sc_aln: 1.0442]
  Solver / W    : Str: 1.00 | E_red: 28.9% | W_pred: 1.01 (std: 0.76) | W_solv: 0.57
  Val Metrics   : MAE: 83.57 | RMSE: 126.46 | NAE: 0.230 | Bias: +5.74
  GAME Hierarchy: G0: 83.57 | G1: 103.34 | G2: 121.47 | G3: 155.34 | Sparse(<=100): 48.42 | Mod(101-500): 63.20 | Dense(>500): 146.04
  Uncertainty   : Coverage: 50%=87.6%, 80%=96.3%, 95%=99.0% | Median Disp: 500.1
  Checkpoint    : Current Val MAE: 83.57 | Best Val MAE: 81.74
============================================================================================

[0841/1000] Loss: 8.7542 [cnt: 4.63, alloc(dm16): 3.199, cell: 0.311, reg_nb: 1.648 | h_bce: 0.0892 | curv: 0.0845 | h_bg: 0.0149 | sc_aln: 1.0630] | SolvStr: 1.00 | Disp: 500.1 | W_pred: 1.01 | W_solv: 0.57
[0842/1000] Loss: 8.8794 [cnt: 4.73, alloc(dm16): 3.214, cell: 0.311, reg_nb: 1.689 | h_bce: 0.0890 | curv: 0.0850 | h_bg: 0.0160 | sc_aln: 1.0425] | SolvStr: 1.00 | Disp: 500.1 | W_pred: 1.01 | W_solv: 0.56
[0843/1000] Loss: 8.8107 [cnt: 4.71, alloc(dm16): 3.170, cell: 0.311, reg_nb: 1.685 | h_bce: 0.0888 | curv: 0.0841 | h_bg: 0.0163 | sc_aln: 1.0390] | SolvStr: 1.00 | Disp: 500.1 | W_pred: 1.01 | W_solv: 0.57
[0844/1000] Loss: 8.9030 [cnt: 4.73, alloc(dm16): 3.243, cell: 0.312, reg_nb: 1.686 | h_bce: 0.0906 | curv: 0.0827 | h_bg: 0.0151 | sc_aln: 1.0306] | SolvStr: 1.00 | Disp: 498.2 | W_pred: 1.01 | W_solv: 0.57

============================================================================================
  EPOCH [0845/1000] PERIODIC EVALUATION (182 test samples)
--------------------------------------------------------------------------------------------
  Train Loss    : 8.8819 [cnt: 4.76, alloc(dm16): 3.196, cell: 0.311, reg_nb: 1.668 | h_bce: 0.0876 | curv: 0.0852 | h_bg: 0.0150 | sc_aln: 1.0444]
  Solver / W    : Str: 1.00 | E_red: 32.2% | W_pred: 1.01 (std: 0.76) | W_solv: 0.57
  Val Metrics   : MAE: 84.55 | RMSE: 126.14 | NAE: 0.239 | Bias: +13.31
  GAME Hierarchy: G0: 84.55 | G1: 103.76 | G2: 122.03 | G3: 156.24 | Sparse(<=100): 55.30 | Mod(101-500): 64.99 | Dense(>500): 143.88
  Uncertainty   : Coverage: 50%=87.5%, 80%=96.4%, 95%=99.0% | Median Disp: 500.1
  Checkpoint    : Current Val MAE: 84.55 | Best Val MAE: 81.74
============================================================================================

[0846/1000] Loss: 8.8487 [cnt: 4.72, alloc(dm16): 3.194, cell: 0.312, reg_nb: 1.704 | h_bce: 0.0887 | curv: 0.0833 | h_bg: 0.0158 | sc_aln: 1.0234] | SolvStr: 1.00 | Disp: 492.4 | W_pred: 1.01 | W_solv: 0.56
[0847/1000] Loss: 8.7686 [cnt: 4.64, alloc(dm16): 3.192, cell: 0.312, reg_nb: 1.678 | h_bce: 0.0892 | curv: 0.0863 | h_bg: 0.0160 | sc_aln: 1.0413] | SolvStr: 1.00 | Disp: 500.1 | W_pred: 1.01 | W_solv: 0.57
[0848/1000] Loss: 8.8407 [cnt: 4.70, alloc(dm16): 3.206, cell: 0.312, reg_nb: 1.662 | h_bce: 0.0892 | curv: 0.0841 | h_bg: 0.0146 | sc_aln: 1.0552] | SolvStr: 1.00 | Disp: 500.1 | W_pred: 1.01 | W_solv: 0.57
[0849/1000] Loss: 8.7334 [cnt: 4.61, alloc(dm16): 3.198, cell: 0.312, reg_nb: 1.663 | h_bce: 0.0898 | curv: 0.0837 | h_bg: 0.0162 | sc_aln: 1.0446] | SolvStr: 1.00 | Disp: 500.1 | W_pred: 1.01 | W_solv: 0.57

============================================================================================
  EPOCH [0850/1000] PERIODIC EVALUATION (182 test samples)
--------------------------------------------------------------------------------------------
  Train Loss    : 8.7289 [cnt: 4.63, alloc(dm16): 3.164, cell: 0.311, reg_nb: 1.682 | h_bce: 0.0887 | curv: 0.0854 | h_bg: 0.0174 | sc_aln: 1.0139]
  Solver / W    : Str: 1.00 | E_red: 32.4% | W_pred: 1.01 (std: 0.75) | W_solv: 0.56
  Val Metrics   : MAE: 84.64 | RMSE: 125.70 | NAE: 0.241 | Bias: +13.23
  GAME Hierarchy: G0: 84.64 | G1: 103.74 | G2: 122.78 | G3: 157.14 | Sparse(<=100): 58.44 | Mod(101-500): 64.65 | Dense(>500): 144.68
  Uncertainty   : Coverage: 50%=87.5%, 80%=96.4%, 95%=99.0% | Median Disp: 494.3
  Checkpoint    : Current Val MAE: 84.64 | Best Val MAE: 81.74
============================================================================================

[0851/1000] Loss: 8.7654 [cnt: 4.63, alloc(dm16): 3.214, cell: 0.311, reg_nb: 1.655 | h_bce: 0.0875 | curv: 0.0831 | h_bg: 0.0139 | sc_aln: 1.0316] | SolvStr: 1.00 | Disp: 500.1 | W_pred: 1.01 | W_solv: 0.57
[0852/1000] Loss: 8.8743 [cnt: 4.71, alloc(dm16): 3.238, cell: 0.310, reg_nb: 1.658 | h_bce: 0.0901 | curv: 0.0842 | h_bg: 0.0144 | sc_aln: 1.0543] | SolvStr: 1.00 | Disp: 500.1 | W_pred: 1.01 | W_solv: 0.57
[0853/1000] Loss: 8.8322 [cnt: 4.70, alloc(dm16): 3.200, cell: 0.312, reg_nb: 1.665 | h_bce: 0.0895 | curv: 0.0821 | h_bg: 0.0135 | sc_aln: 1.0572] | SolvStr: 1.00 | Disp: 500.1 | W_pred: 1.01 | W_solv: 0.57
[0854/1000] Loss: 8.8626 [cnt: 4.72, alloc(dm16): 3.212, cell: 0.312, reg_nb: 1.693 | h_bce: 0.0908 | curv: 0.0836 | h_bg: 0.0159 | sc_aln: 1.0383] | SolvStr: 1.00 | Disp: 500.1 | W_pred: 1.01 | W_solv: 0.56

============================================================================================
  EPOCH [0855/1000] PERIODIC EVALUATION (182 test samples)
--------------------------------------------------------------------------------------------
  Train Loss    : 8.8524 [cnt: 4.72, alloc(dm16): 3.207, cell: 0.313, reg_nb: 1.666 | h_bce: 0.0873 | curv: 0.0838 | h_bg: 0.0154 | sc_aln: 1.0398]
  Solver / W    : Str: 1.00 | E_red: 25.4% | W_pred: 1.01 (std: 0.76) | W_solv: 0.57
  Val Metrics   : MAE: 83.12 | RMSE: 123.64 | NAE: 0.235 | Bias: +12.19
  GAME Hierarchy: G0: 83.12 | G1: 102.76 | G2: 121.38 | G3: 155.64 | Sparse(<=100): 53.19 | Mod(101-500): 63.34 | Dense(>500): 143.15
  Uncertainty   : Coverage: 50%=87.5%, 80%=96.4%, 95%=99.0% | Median Disp: 500.1
  Checkpoint    : Current Val MAE: 83.12 | Best Val MAE: 81.74
============================================================================================

[0856/1000] Loss: 8.9243 [cnt: 4.77, alloc(dm16): 3.216, cell: 0.313, reg_nb: 1.677 | h_bce: 0.0891 | curv: 0.0830 | h_bg: 0.0146 | sc_aln: 1.0275] | SolvStr: 1.00 | Disp: 500.1 | W_pred: 1.01 | W_solv: 0.57
[0857/1000] Loss: 8.7422 [cnt: 4.62, alloc(dm16): 3.198, cell: 0.313, reg_nb: 1.659 | h_bce: 0.0885 | curv: 0.0847 | h_bg: 0.0144 | sc_aln: 1.0379] | SolvStr: 1.00 | Disp: 500.1 | W_pred: 1.01 | W_solv: 0.57
[0858/1000] Loss: 8.8565 [cnt: 4.69, alloc(dm16): 3.241, cell: 0.314, reg_nb: 1.649 | h_bce: 0.0878 | curv: 0.0820 | h_bg: 0.0144 | sc_aln: 1.0469] | SolvStr: 1.00 | Disp: 500.1 | W_pred: 1.01 | W_solv: 0.57
[0859/1000] Loss: 8.7444 [cnt: 4.64, alloc(dm16): 3.176, cell: 0.311, reg_nb: 1.666 | h_bce: 0.0878 | curv: 0.0843 | h_bg: 0.0160 | sc_aln: 1.0285] | SolvStr: 1.00 | Disp: 500.1 | W_pred: 1.01 | W_solv: 0.57

============================================================================================
  EPOCH [0860/1000] PERIODIC EVALUATION (182 test samples)
--------------------------------------------------------------------------------------------
  Train Loss    : 8.8318 [cnt: 4.74, alloc(dm16): 3.162, cell: 0.310, reg_nb: 1.673 | h_bce: 0.0879 | curv: 0.0829 | h_bg: 0.0145 | sc_aln: 1.0650]
  Solver / W    : Str: 1.00 | E_red: 35.1% | W_pred: 1.01 (std: 0.75) | W_solv: 0.57
  Val Metrics   : MAE: 83.19 | RMSE: 125.06 | NAE: 0.232 | Bias: +7.27
  GAME Hierarchy: G0: 83.19 | G1: 102.81 | G2: 120.73 | G3: 154.48 | Sparse(<=100): 51.98 | Mod(101-500): 62.41 | Dense(>500): 146.22
  Uncertainty   : Coverage: 50%=87.5%, 80%=96.4%, 95%=99.0% | Median Disp: 500.1
  Checkpoint    : Current Val MAE: 83.19 | Best Val MAE: 81.74
============================================================================================

[0861/1000] Loss: 8.8711 [cnt: 4.75, alloc(dm16): 3.185, cell: 0.310, reg_nb: 1.689 | h_bce: 0.0883 | curv: 0.0859 | h_bg: 0.0163 | sc_aln: 1.0134] | SolvStr: 1.00 | Disp: 484.7 | W_pred: 1.01 | W_solv: 0.56
[0862/1000] Loss: 8.8249 [cnt: 4.66, alloc(dm16): 3.225, cell: 0.312, reg_nb: 1.683 | h_bce: 0.0878 | curv: 0.0832 | h_bg: 0.0159 | sc_aln: 1.0244] | SolvStr: 1.00 | Disp: 490.4 | W_pred: 1.01 | W_solv: 0.57
[0863/1000] Loss: 8.7972 [cnt: 4.68, alloc(dm16): 3.180, cell: 0.311, reg_nb: 1.685 | h_bce: 0.0890 | curv: 0.0839 | h_bg: 0.0165 | sc_aln: 1.0296] | SolvStr: 1.00 | Disp: 500.1 | W_pred: 1.01 | W_solv: 0.56
[0864/1000] Loss: 8.7676 [cnt: 4.66, alloc(dm16): 3.174, cell: 0.312, reg_nb: 1.674 | h_bce: 0.0882 | curv: 0.0878 | h_bg: 0.0175 | sc_aln: 1.0332] | SolvStr: 1.00 | Disp: 500.1 | W_pred: 1.01 | W_solv: 0.57

============================================================================================
  EPOCH [0865/1000] PERIODIC EVALUATION (182 test samples)
--------------------------------------------------------------------------------------------
  Train Loss    : 8.7069 [cnt: 4.62, alloc(dm16): 3.157, cell: 0.311, reg_nb: 1.667 | h_bce: 0.0887 | curv: 0.0872 | h_bg: 0.0179 | sc_aln: 1.0444]
  Solver / W    : Str: 1.00 | E_red: 25.7% | W_pred: 1.01 (std: 0.75) | W_solv: 0.57
  Val Metrics   : MAE: 84.06 | RMSE: 126.47 | NAE: 0.236 | Bias: +15.85
  GAME Hierarchy: G0: 84.06 | G1: 103.82 | G2: 121.76 | G3: 155.79 | Sparse(<=100): 50.63 | Mod(101-500): 65.24 | Dense(>500): 141.94
  Uncertainty   : Coverage: 50%=87.6%, 80%=96.4%, 95%=99.0% | Median Disp: 500.1
  Checkpoint    : Current Val MAE: 84.06 | Best Val MAE: 81.74
============================================================================================

[0866/1000] Loss: 8.8065 [cnt: 4.67, alloc(dm16): 3.203, cell: 0.312, reg_nb: 1.675 | h_bce: 0.0878 | curv: 0.0838 | h_bg: 0.0154 | sc_aln: 1.0375] | SolvStr: 1.00 | Disp: 500.1 | W_pred: 1.01 | W_solv: 0.57
[0867/1000] Loss: 8.7543 [cnt: 4.64, alloc(dm16): 3.178, cell: 0.311, reg_nb: 1.691 | h_bce: 0.0886 | curv: 0.0842 | h_bg: 0.0174 | sc_aln: 1.0222] | SolvStr: 1.00 | Disp: 500.1 | W_pred: 1.01 | W_solv: 0.57
[0868/1000] Loss: 8.9228 [cnt: 4.77, alloc(dm16): 3.216, cell: 0.312, reg_nb: 1.677 | h_bce: 0.0876 | curv: 0.0819 | h_bg: 0.0148 | sc_aln: 1.0442] | SolvStr: 1.00 | Disp: 500.1 | W_pred: 1.01 | W_solv: 0.57
[0869/1000] Loss: 8.7550 [cnt: 4.64, alloc(dm16): 3.175, cell: 0.313, reg_nb: 1.697 | h_bce: 0.0892 | curv: 0.0847 | h_bg: 0.0164 | sc_aln: 1.0412] | SolvStr: 1.00 | Disp: 488.5 | W_pred: 1.01 | W_solv: 0.56

============================================================================================
  EPOCH [0870/1000] PERIODIC EVALUATION (182 test samples)
--------------------------------------------------------------------------------------------
  Train Loss    : 8.8032 [cnt: 4.66, alloc(dm16): 3.216, cell: 0.312, reg_nb: 1.680 | h_bce: 0.0888 | curv: 0.0854 | h_bg: 0.0167 | sc_aln: 1.0407]
  Solver / W    : Str: 1.00 | E_red: 23.8% | W_pred: 1.01 (std: 0.75) | W_solv: 0.57
  Val Metrics   : MAE: 82.24 | RMSE: 124.23 | NAE: 0.231 | Bias: +7.95
  GAME Hierarchy: G0: 82.24 | G1: 102.23 | G2: 120.23 | G3: 154.35 | Sparse(<=100): 49.67 | Mod(101-500): 62.77 | Dense(>500): 141.79
  Uncertainty   : Coverage: 50%=87.6%, 80%=96.3%, 95%=99.0% | Median Disp: 500.1
  Checkpoint    : Current Val MAE: 82.24 | Best Val MAE: 81.74
============================================================================================

[0871/1000] Loss: 8.8253 [cnt: 4.68, alloc(dm16): 3.212, cell: 0.312, reg_nb: 1.676 | h_bce: 0.0893 | curv: 0.0858 | h_bg: 0.0156 | sc_aln: 1.0386] | SolvStr: 1.00 | Disp: 500.1 | W_pred: 1.01 | W_solv: 0.57
[0872/1000] Loss: 8.8320 [cnt: 4.66, alloc(dm16): 3.247, cell: 0.311, reg_nb: 1.655 | h_bce: 0.0878 | curv: 0.0847 | h_bg: 0.0154 | sc_aln: 1.0496] | SolvStr: 1.00 | Disp: 500.1 | W_pred: 1.01 | W_solv: 0.57
[0873/1000] Loss: 8.8121 [cnt: 4.68, alloc(dm16): 3.203, cell: 0.313, reg_nb: 1.677 | h_bce: 0.0885 | curv: 0.0843 | h_bg: 0.0157 | sc_aln: 1.0361] | SolvStr: 1.00 | Disp: 500.1 | W_pred: 1.01 | W_solv: 0.57
[0874/1000] Loss: 8.7485 [cnt: 4.59, alloc(dm16): 3.224, cell: 0.312, reg_nb: 1.676 | h_bce: 0.0889 | curv: 0.0870 | h_bg: 0.0165 | sc_aln: 1.0480] | SolvStr: 1.00 | Disp: 500.1 | W_pred: 1.01 | W_solv: 0.57

============================================================================================
  EPOCH [0875/1000] PERIODIC EVALUATION (182 test samples)
--------------------------------------------------------------------------------------------
  Train Loss    : 8.8874 [cnt: 4.73, alloc(dm16): 3.223, cell: 0.312, reg_nb: 1.677 | h_bce: 0.0887 | curv: 0.0848 | h_bg: 0.0151 | sc_aln: 1.0399]
  Solver / W    : Str: 1.00 | E_red: 32.2% | W_pred: 1.01 (std: 0.75) | W_solv: 0.57
  Val Metrics   : MAE: 85.81 | RMSE: 128.14 | NAE: 0.243 | Bias: +20.67
  GAME Hierarchy: G0: 85.81 | G1: 105.27 | G2: 124.32 | G3: 158.50 | Sparse(<=100): 55.06 | Mod(101-500): 66.45 | Dense(>500): 144.77
  Uncertainty   : Coverage: 50%=87.4%, 80%=96.3%, 95%=99.0% | Median Disp: 500.1
  Checkpoint    : Current Val MAE: 85.81 | Best Val MAE: 81.74
============================================================================================

[0876/1000] Loss: 8.8175 [cnt: 4.73, alloc(dm16): 3.157, cell: 0.310, reg_nb: 1.681 | h_bce: 0.0875 | curv: 0.0834 | h_bg: 0.0157 | sc_aln: 1.0149] | SolvStr: 1.00 | Disp: 492.4 | W_pred: 1.01 | W_solv: 0.56
[0877/1000] Loss: 8.7569 [cnt: 4.66, alloc(dm16): 3.158, cell: 0.312, reg_nb: 1.668 | h_bce: 0.0887 | curv: 0.0870 | h_bg: 0.0171 | sc_aln: 1.0608] | SolvStr: 1.00 | Disp: 500.1 | W_pred: 1.01 | W_solv: 0.57
[0878/1000] Loss: 8.8178 [cnt: 4.69, alloc(dm16): 3.192, cell: 0.311, reg_nb: 1.682 | h_bce: 0.0885 | curv: 0.0885 | h_bg: 0.0186 | sc_aln: 1.0395] | SolvStr: 1.00 | Disp: 500.1 | W_pred: 1.01 | W_solv: 0.57
[0879/1000] Loss: 8.8689 [cnt: 4.75, alloc(dm16): 3.187, cell: 0.311, reg_nb: 1.674 | h_bce: 0.0885 | curv: 0.0841 | h_bg: 0.0145 | sc_aln: 1.0447] | SolvStr: 1.00 | Disp: 500.1 | W_pred: 1.01 | W_solv: 0.57

============================================================================================
  EPOCH [0880/1000] PERIODIC EVALUATION (182 test samples)
--------------------------------------------------------------------------------------------
  Train Loss    : 8.8206 [cnt: 4.68, alloc(dm16): 3.206, cell: 0.312, reg_nb: 1.687 | h_bce: 0.0889 | curv: 0.0846 | h_bg: 0.0166 | sc_aln: 1.0346]
  Solver / W    : Str: 1.00 | E_red: 27.5% | W_pred: 1.01 (std: 0.75) | W_solv: 0.57
  Val Metrics   : MAE: 83.81 | RMSE: 126.14 | NAE: 0.229 | Bias: +9.19
  GAME Hierarchy: G0: 83.81 | G1: 103.81 | G2: 121.94 | G3: 155.82 | Sparse(<=100): 43.79 | Mod(101-500): 63.71 | Dense(>500): 146.26
  Uncertainty   : Coverage: 50%=87.6%, 80%=96.3%, 95%=99.0% | Median Disp: 500.1
  Checkpoint    : Current Val MAE: 83.81 | Best Val MAE: 81.74
============================================================================================

[0881/1000] Loss: 8.7856 [cnt: 4.64, alloc(dm16): 3.216, cell: 0.310, reg_nb: 1.675 | h_bce: 0.0874 | curv: 0.0843 | h_bg: 0.0175 | sc_aln: 1.0336] | SolvStr: 1.00 | Disp: 500.1 | W_pred: 1.01 | W_solv: 0.57
[0882/1000] Loss: 8.7381 [cnt: 4.60, alloc(dm16): 3.211, cell: 0.311, reg_nb: 1.675 | h_bce: 0.0890 | curv: 0.0847 | h_bg: 0.0165 | sc_aln: 1.0351] | SolvStr: 1.00 | Disp: 500.1 | W_pred: 1.01 | W_solv: 0.57
[0883/1000] Loss: 8.7521 [cnt: 4.65, alloc(dm16): 3.167, cell: 0.311, reg_nb: 1.677 | h_bce: 0.0882 | curv: 0.0853 | h_bg: 0.0164 | sc_aln: 1.0406] | SolvStr: 1.00 | Disp: 500.1 | W_pred: 1.01 | W_solv: 0.57
[0884/1000] Loss: 8.8235 [cnt: 4.67, alloc(dm16): 3.225, cell: 0.312, reg_nb: 1.664 | h_bce: 0.0880 | curv: 0.0831 | h_bg: 0.0160 | sc_aln: 1.0393] | SolvStr: 1.00 | Disp: 500.1 | W_pred: 1.01 | W_solv: 0.57

============================================================================================
  EPOCH [0885/1000] PERIODIC EVALUATION (182 test samples)
--------------------------------------------------------------------------------------------
  Train Loss    : 8.8037 [cnt: 4.70, alloc(dm16): 3.180, cell: 0.310, reg_nb: 1.662 | h_bce: 0.0874 | curv: 0.0844 | h_bg: 0.0150 | sc_aln: 1.0463]
  Solver / W    : Str: 1.00 | E_red: 30.2% | W_pred: 1.01 (std: 0.75) | W_solv: 0.57
  Val Metrics   : MAE: 82.49 | RMSE: 126.20 | NAE: 0.227 | Bias: +4.57
  GAME Hierarchy: G0: 82.49 | G1: 101.37 | G2: 120.49 | G3: 153.76 | Sparse(<=100): 48.71 | Mod(101-500): 61.83 | Dense(>500): 145.58
  Uncertainty   : Coverage: 50%=87.8%, 80%=96.5%, 95%=99.0% | Median Disp: 500.1
  Checkpoint    : Current Val MAE: 82.49 | Best Val MAE: 81.74
============================================================================================

[0886/1000] Loss: 8.7984 [cnt: 4.68, alloc(dm16): 3.188, cell: 0.310, reg_nb: 1.667 | h_bce: 0.0876 | curv: 0.0841 | h_bg: 0.0158 | sc_aln: 1.0461] | SolvStr: 1.00 | Disp: 500.1 | W_pred: 1.01 | W_solv: 0.57
[0887/1000] Loss: 8.7962 [cnt: 4.67, alloc(dm16): 3.196, cell: 0.311, reg_nb: 1.677 | h_bce: 0.0882 | curv: 0.0817 | h_bg: 0.0161 | sc_aln: 1.0416] | SolvStr: 1.00 | Disp: 500.1 | W_pred: 1.01 | W_solv: 0.57
[0888/1000] Loss: 8.9720 [cnt: 4.77, alloc(dm16): 3.267, cell: 0.313, reg_nb: 1.674 | h_bce: 0.0896 | curv: 0.0828 | h_bg: 0.0152 | sc_aln: 1.0507] | SolvStr: 1.00 | Disp: 500.1 | W_pred: 1.01 | W_solv: 0.57
[0889/1000] Loss: 8.7867 [cnt: 4.65, alloc(dm16): 3.213, cell: 0.310, reg_nb: 1.671 | h_bce: 0.0893 | curv: 0.0863 | h_bg: 0.0185 | sc_aln: 1.0350] | SolvStr: 1.00 | Disp: 500.1 | W_pred: 1.01 | W_solv: 0.57

============================================================================================
  EPOCH [0890/1000] PERIODIC EVALUATION (182 test samples)
--------------------------------------------------------------------------------------------
  Train Loss    : 8.8012 [cnt: 4.64, alloc(dm16): 3.238, cell: 0.312, reg_nb: 1.656 | h_bce: 0.0894 | curv: 0.0817 | h_bg: 0.0136 | sc_aln: 1.0518]
  Solver / W    : Str: 1.00 | E_red: 26.4% | W_pred: 1.01 (std: 0.75) | W_solv: 0.57
  Val Metrics   : MAE: 85.62 | RMSE: 125.88 | NAE: 0.238 | Bias: +19.16
  GAME Hierarchy: G0: 85.62 | G1: 103.87 | G2: 121.75 | G3: 155.97 | Sparse(<=100): 44.51 | Mod(101-500): 66.80 | Dense(>500): 144.65
  Uncertainty   : Coverage: 50%=87.6%, 80%=96.4%, 95%=99.0% | Median Disp: 500.1
  Checkpoint    : Current Val MAE: 85.62 | Best Val MAE: 81.74
============================================================================================

[0891/1000] Loss: 8.8976 [cnt: 4.80, alloc(dm16): 3.167, cell: 0.311, reg_nb: 1.668 | h_bce: 0.0888 | curv: 0.0836 | h_bg: 0.0140 | sc_aln: 1.0417] | SolvStr: 1.00 | Disp: 500.1 | W_pred: 1.01 | W_solv: 0.57
[0892/1000] Loss: 8.8071 [cnt: 4.64, alloc(dm16): 3.249, cell: 0.312, reg_nb: 1.642 | h_bce: 0.0894 | curv: 0.0825 | h_bg: 0.0136 | sc_aln: 1.0542] | SolvStr: 1.00 | Disp: 500.1 | W_pred: 1.01 | W_solv: 0.57
[0893/1000] Loss: 8.8008 [cnt: 4.69, alloc(dm16): 3.170, cell: 0.311, reg_nb: 1.686 | h_bce: 0.0887 | curv: 0.0846 | h_bg: 0.0162 | sc_aln: 1.0264] | SolvStr: 1.00 | Disp: 500.1 | W_pred: 1.01 | W_solv: 0.56
[0894/1000] Loss: 8.7525 [cnt: 4.62, alloc(dm16): 3.206, cell: 0.311, reg_nb: 1.657 | h_bce: 0.0884 | curv: 0.0830 | h_bg: 0.0151 | sc_aln: 1.0410] | SolvStr: 1.00 | Disp: 500.1 | W_pred: 1.01 | W_solv: 0.57

============================================================================================
  EPOCH [0895/1000] PERIODIC EVALUATION (182 test samples)
--------------------------------------------------------------------------------------------
  Train Loss    : 8.7765 [cnt: 4.66, alloc(dm16): 3.177, cell: 0.311, reg_nb: 1.693 | h_bce: 0.0891 | curv: 0.0861 | h_bg: 0.0153 | sc_aln: 1.0427]
  Solver / W    : Str: 1.00 | E_red: 25.7% | W_pred: 1.01 (std: 0.75) | W_solv: 0.57
  Val Metrics   : MAE: 86.41 | RMSE: 126.81 | NAE: 0.242 | Bias: +22.50
  GAME Hierarchy: G0: 86.41 | G1: 104.77 | G2: 123.16 | G3: 157.12 | Sparse(<=100): 48.63 | Mod(101-500): 67.74 | Dense(>500): 144.51
  Uncertainty   : Coverage: 50%=87.5%, 80%=96.4%, 95%=99.0% | Median Disp: 500.1
  Checkpoint    : Current Val MAE: 86.41 | Best Val MAE: 81.74
============================================================================================

[0896/1000] Loss: 8.8030 [cnt: 4.66, alloc(dm16): 3.216, cell: 0.311, reg_nb: 1.686 | h_bce: 0.0889 | curv: 0.0807 | h_bg: 0.0158 | sc_aln: 1.0333] | SolvStr: 1.00 | Disp: 500.1 | W_pred: 1.01 | W_solv: 0.57
[0897/1000] Loss: 8.8817 [cnt: 4.73, alloc(dm16): 3.218, cell: 0.312, reg_nb: 1.674 | h_bce: 0.0904 | curv: 0.0833 | h_bg: 0.0143 | sc_aln: 1.0367] | SolvStr: 1.00 | Disp: 500.1 | W_pred: 1.01 | W_solv: 0.57
[0898/1000] Loss: 8.8526 [cnt: 4.74, alloc(dm16): 3.176, cell: 0.312, reg_nb: 1.682 | h_bce: 0.0887 | curv: 0.0859 | h_bg: 0.0163 | sc_aln: 1.0365] | SolvStr: 1.00 | Disp: 500.1 | W_pred: 1.01 | W_solv: 0.57
[0899/1000] Loss: 8.7990 [cnt: 4.64, alloc(dm16): 3.231, cell: 0.312, reg_nb: 1.656 | h_bce: 0.0898 | curv: 0.0833 | h_bg: 0.0161 | sc_aln: 1.0430] | SolvStr: 1.00 | Disp: 500.1 | W_pred: 1.01 | W_solv: 0.57

============================================================================================
  EPOCH [0900/1000] PERIODIC EVALUATION (182 test samples)
--------------------------------------------------------------------------------------------
  Train Loss    : 8.7772 [cnt: 4.65, alloc(dm16): 3.190, cell: 0.311, reg_nb: 1.675 | h_bce: 0.0875 | curv: 0.0859 | h_bg: 0.0162 | sc_aln: 1.0262]
  Solver / W    : Str: 1.00 | E_red: 31.1% | W_pred: 1.01 (std: 0.75) | W_solv: 0.56
  Val Metrics   : MAE: 82.25 | RMSE: 125.61 | NAE: 0.229 | Bias: +8.27
  GAME Hierarchy: G0: 82.25 | G1: 102.16 | G2: 120.46 | G3: 154.21 | Sparse(<=100): 51.51 | Mod(101-500): 62.17 | Dense(>500): 143.25
  Uncertainty   : Coverage: 50%=87.7%, 80%=96.4%, 95%=99.0% | Median Disp: 500.1
  Checkpoint    : Current Val MAE: 82.25 | Best Val MAE: 81.74
============================================================================================

[0901/1000] Loss: 8.8273 [cnt: 4.69, alloc(dm16): 3.206, cell: 0.312, reg_nb: 1.687 | h_bce: 0.0899 | curv: 0.0835 | h_bg: 0.0168 | sc_aln: 1.0355] | SolvStr: 1.00 | Disp: 500.1 | W_pred: 1.01 | W_solv: 0.57
[0902/1000] Loss: 8.7527 [cnt: 4.64, alloc(dm16): 3.189, cell: 0.312, reg_nb: 1.667 | h_bce: 0.0887 | curv: 0.0828 | h_bg: 0.0164 | sc_aln: 1.0338] | SolvStr: 1.00 | Disp: 500.1 | W_pred: 1.01 | W_solv: 0.57
[0903/1000] Loss: 8.8283 [cnt: 4.68, alloc(dm16): 3.212, cell: 0.311, reg_nb: 1.689 | h_bce: 0.0882 | curv: 0.0831 | h_bg: 0.0154 | sc_aln: 1.0208] | SolvStr: 1.00 | Disp: 500.1 | W_pred: 1.01 | W_solv: 0.56
[0904/1000] Loss: 8.7797 [cnt: 4.65, alloc(dm16): 3.199, cell: 0.310, reg_nb: 1.686 | h_bce: 0.0894 | curv: 0.0837 | h_bg: 0.0156 | sc_aln: 1.0357] | SolvStr: 1.00 | Disp: 500.1 | W_pred: 1.01 | W_solv: 0.57

============================================================================================
  EPOCH [0905/1000] PERIODIC EVALUATION (182 test samples)
--------------------------------------------------------------------------------------------
  Train Loss    : 8.7747 [cnt: 4.64, alloc(dm16): 3.210, cell: 0.311, reg_nb: 1.665 | h_bce: 0.0893 | curv: 0.0843 | h_bg: 0.0153 | sc_aln: 1.0385]
  Solver / W    : Str: 1.00 | E_red: 26.5% | W_pred: 1.01 (std: 0.75) | W_solv: 0.57
  Val Metrics   : MAE: 84.91 | RMSE: 127.67 | NAE: 0.235 | Bias: +8.40
  GAME Hierarchy: G0: 84.91 | G1: 104.18 | G2: 121.96 | G3: 155.93 | Sparse(<=100): 52.69 | Mod(101-500): 63.33 | Dense(>500): 150.32
  Uncertainty   : Coverage: 50%=87.5%, 80%=96.3%, 95%=99.0% | Median Disp: 500.1
  Checkpoint    : Current Val MAE: 84.91 | Best Val MAE: 81.74
============================================================================================

[0906/1000] Loss: 8.7933 [cnt: 4.65, alloc(dm16): 3.211, cell: 0.311, reg_nb: 1.682 | h_bce: 0.0890 | curv: 0.0840 | h_bg: 0.0157 | sc_aln: 1.0354] | SolvStr: 1.00 | Disp: 500.1 | W_pred: 1.01 | W_solv: 0.57
[0907/1000] Loss: 8.7571 [cnt: 4.65, alloc(dm16): 3.171, cell: 0.312, reg_nb: 1.674 | h_bce: 0.0898 | curv: 0.0847 | h_bg: 0.0140 | sc_aln: 1.0450] | SolvStr: 1.00 | Disp: 500.1 | W_pred: 1.01 | W_solv: 0.57
[0908/1000] Loss: 8.7873 [cnt: 4.66, alloc(dm16): 3.188, cell: 0.311, reg_nb: 1.693 | h_bce: 0.0882 | curv: 0.0855 | h_bg: 0.0167 | sc_aln: 1.0255] | SolvStr: 1.00 | Disp: 496.2 | W_pred: 1.01 | W_solv: 0.56
[0909/1000] Loss: 8.8714 [cnt: 4.71, alloc(dm16): 3.228, cell: 0.311, reg_nb: 1.674 | h_bce: 0.0880 | curv: 0.0843 | h_bg: 0.0159 | sc_aln: 1.0256] | SolvStr: 1.00 | Disp: 500.1 | W_pred: 1.01 | W_solv: 0.57

============================================================================================
  EPOCH [0910/1000] PERIODIC EVALUATION (182 test samples)
--------------------------------------------------------------------------------------------
  Train Loss    : 8.8256 [cnt: 4.69, alloc(dm16): 3.203, cell: 0.312, reg_nb: 1.683 | h_bce: 0.0881 | curv: 0.0855 | h_bg: 0.0168 | sc_aln: 1.0202]
  Solver / W    : Str: 1.00 | E_red: 23.4% | W_pred: 1.01 (std: 0.74) | W_solv: 0.57
  Val Metrics   : MAE: 81.49 | RMSE: 124.25 | NAE: 0.223 | Bias: +6.82
  GAME Hierarchy: G0: 81.49 | G1: 101.32 | G2: 119.59 | G3: 153.33 | Sparse(<=100): 46.85 | Mod(101-500): 60.59 | Dense(>500): 145.36
  Uncertainty   : Coverage: 50%=87.8%, 80%=96.4%, 95%=99.0% | Median Disp: 500.1
  Checkpoint    : Current Val MAE: 81.49 | Best Val MAE: 81.49 >>> [NEW BEST CHECKPOINT SAVED] <<<
============================================================================================

[0911/1000] Loss: 8.8061 [cnt: 4.67, alloc(dm16): 3.199, cell: 0.311, reg_nb: 1.679 | h_bce: 0.0884 | curv: 0.0881 | h_bg: 0.0167 | sc_aln: 1.0319] | SolvStr: 1.00 | Disp: 500.1 | W_pred: 1.01 | W_solv: 0.57
[0912/1000] Loss: 8.7703 [cnt: 4.64, alloc(dm16): 3.196, cell: 0.313, reg_nb: 1.669 | h_bce: 0.0889 | curv: 0.0851 | h_bg: 0.0159 | sc_aln: 1.0467] | SolvStr: 1.00 | Disp: 500.1 | W_pred: 1.01 | W_solv: 0.57
[0913/1000] Loss: 8.8431 [cnt: 4.69, alloc(dm16): 3.222, cell: 0.311, reg_nb: 1.689 | h_bce: 0.0888 | curv: 0.0851 | h_bg: 0.0149 | sc_aln: 1.0337] | SolvStr: 1.00 | Disp: 500.1 | W_pred: 1.01 | W_solv: 0.57
[0914/1000] Loss: 8.8182 [cnt: 4.68, alloc(dm16): 3.206, cell: 0.310, reg_nb: 1.697 | h_bce: 0.0891 | curv: 0.0863 | h_bg: 0.0168 | sc_aln: 1.0257] | SolvStr: 1.00 | Disp: 500.1 | W_pred: 1.01 | W_solv: 0.56

============================================================================================
  EPOCH [0915/1000] PERIODIC EVALUATION (182 test samples)
--------------------------------------------------------------------------------------------
  Train Loss    : 8.7711 [cnt: 4.62, alloc(dm16): 3.226, cell: 0.312, reg_nb: 1.665 | h_bce: 0.0889 | curv: 0.0858 | h_bg: 0.0143 | sc_aln: 1.0515]
  Solver / W    : Str: 1.00 | E_red: 24.2% | W_pred: 1.01 (std: 0.75) | W_solv: 0.57
  Val Metrics   : MAE: 83.30 | RMSE: 125.76 | NAE: 0.230 | Bias: +7.24
  GAME Hierarchy: G0: 83.30 | G1: 103.26 | G2: 121.31 | G3: 155.22 | Sparse(<=100): 49.30 | Mod(101-500): 62.23 | Dense(>500): 147.55
  Uncertainty   : Coverage: 50%=87.6%, 80%=96.4%, 95%=99.0% | Median Disp: 500.1
  Checkpoint    : Current Val MAE: 83.30 | Best Val MAE: 81.49
============================================================================================

[0916/1000] Loss: 8.7500 [cnt: 4.64, alloc(dm16): 3.182, cell: 0.311, reg_nb: 1.666 | h_bce: 0.0894 | curv: 0.0865 | h_bg: 0.0162 | sc_aln: 1.0376] | SolvStr: 1.00 | Disp: 500.1 | W_pred: 1.01 | W_solv: 0.57
[0917/1000] Loss: 8.8323 [cnt: 4.70, alloc(dm16): 3.209, cell: 0.311, reg_nb: 1.644 | h_bce: 0.0890 | curv: 0.0809 | h_bg: 0.0134 | sc_aln: 1.0592] | SolvStr: 1.00 | Disp: 500.1 | W_pred: 1.01 | W_solv: 0.57
[0918/1000] Loss: 8.8315 [cnt: 4.71, alloc(dm16): 3.184, cell: 0.310, reg_nb: 1.673 | h_bce: 0.0879 | curv: 0.0862 | h_bg: 0.0180 | sc_aln: 1.0367] | SolvStr: 1.00 | Disp: 500.1 | W_pred: 1.01 | W_solv: 0.57
[0919/1000] Loss: 8.7153 [cnt: 4.60, alloc(dm16): 3.188, cell: 0.311, reg_nb: 1.649 | h_bce: 0.0876 | curv: 0.0837 | h_bg: 0.0166 | sc_aln: 1.0433] | SolvStr: 1.00 | Disp: 500.1 | W_pred: 1.01 | W_solv: 0.57

============================================================================================
  EPOCH [0920/1000] PERIODIC EVALUATION (182 test samples)
--------------------------------------------------------------------------------------------
  Train Loss    : 8.8047 [cnt: 4.65, alloc(dm16): 3.226, cell: 0.312, reg_nb: 1.671 | h_bce: 0.0890 | curv: 0.0839 | h_bg: 0.0148 | sc_aln: 1.0387]
  Solver / W    : Str: 1.00 | E_red: 28.7% | W_pred: 1.01 (std: 0.75) | W_solv: 0.57
  Val Metrics   : MAE: 81.73 | RMSE: 125.27 | NAE: 0.225 | Bias: -0.03
  GAME Hierarchy: G0: 81.73 | G1: 101.01 | G2: 119.22 | G3: 152.77 | Sparse(<=100): 52.29 | Mod(101-500): 59.83 | Dense(>500): 147.62
  Uncertainty   : Coverage: 50%=87.7%, 80%=96.4%, 95%=99.0% | Median Disp: 500.1
  Checkpoint    : Current Val MAE: 81.73 | Best Val MAE: 81.49
============================================================================================

[0921/1000] Loss: 8.7827 [cnt: 4.62, alloc(dm16): 3.245, cell: 0.312, reg_nb: 1.655 | h_bce: 0.0878 | curv: 0.0799 | h_bg: 0.0124 | sc_aln: 1.0263] | SolvStr: 1.00 | Disp: 500.1 | W_pred: 1.01 | W_solv: 0.57
[0922/1000] Loss: 8.7990 [cnt: 4.66, alloc(dm16): 3.203, cell: 0.312, reg_nb: 1.673 | h_bce: 0.0880 | curv: 0.0856 | h_bg: 0.0169 | sc_aln: 1.0465] | SolvStr: 1.00 | Disp: 500.1 | W_pred: 1.01 | W_solv: 0.57
[0923/1000] Loss: 8.7616 [cnt: 4.65, alloc(dm16): 3.180, cell: 0.311, reg_nb: 1.677 | h_bce: 0.0884 | curv: 0.0833 | h_bg: 0.0160 | sc_aln: 1.0262] | SolvStr: 1.00 | Disp: 500.1 | W_pred: 1.01 | W_solv: 0.57
[0924/1000] Loss: 8.7707 [cnt: 4.62, alloc(dm16): 3.221, cell: 0.312, reg_nb: 1.670 | h_bce: 0.0890 | curv: 0.0841 | h_bg: 0.0151 | sc_aln: 1.0479] | SolvStr: 1.00 | Disp: 500.1 | W_pred: 1.01 | W_solv: 0.57

============================================================================================
  EPOCH [0925/1000] PERIODIC EVALUATION (182 test samples)
--------------------------------------------------------------------------------------------
  Train Loss    : 8.8709 [cnt: 4.75, alloc(dm16): 3.185, cell: 0.311, reg_nb: 1.677 | h_bce: 0.0874 | curv: 0.0826 | h_bg: 0.0139 | sc_aln: 1.0425]
  Solver / W    : Str: 1.00 | E_red: 22.3% | W_pred: 1.01 (std: 0.76) | W_solv: 0.57
  Val Metrics   : MAE: 82.87 | RMSE: 125.73 | NAE: 0.231 | Bias: +5.60
  GAME Hierarchy: G0: 82.87 | G1: 102.29 | G2: 120.96 | G3: 154.84 | Sparse(<=100): 55.79 | Mod(101-500): 61.58 | Dense(>500): 146.71
  Uncertainty   : Coverage: 50%=87.6%, 80%=96.3%, 95%=99.0% | Median Disp: 500.1
  Checkpoint    : Current Val MAE: 82.87 | Best Val MAE: 81.49
============================================================================================

[0926/1000] Loss: 8.7702 [cnt: 4.66, alloc(dm16): 3.180, cell: 0.310, reg_nb: 1.684 | h_bce: 0.0891 | curv: 0.0869 | h_bg: 0.0175 | sc_aln: 1.0231] | SolvStr: 1.00 | Disp: 500.1 | W_pred: 1.01 | W_solv: 0.57
[0927/1000] Loss: 8.7752 [cnt: 4.66, alloc(dm16): 3.193, cell: 0.313, reg_nb: 1.659 | h_bce: 0.0886 | curv: 0.0820 | h_bg: 0.0127 | sc_aln: 1.0466] | SolvStr: 1.00 | Disp: 500.1 | W_pred: 1.01 | W_solv: 0.57
[0928/1000] Loss: 8.7969 [cnt: 4.66, alloc(dm16): 3.211, cell: 0.311, reg_nb: 1.662 | h_bce: 0.0891 | curv: 0.0843 | h_bg: 0.0155 | sc_aln: 1.0237] | SolvStr: 1.00 | Disp: 500.1 | W_pred: 1.01 | W_solv: 0.57
[0929/1000] Loss: 8.8116 [cnt: 4.71, alloc(dm16): 3.170, cell: 0.311, reg_nb: 1.680 | h_bce: 0.0883 | curv: 0.0855 | h_bg: 0.0166 | sc_aln: 1.0180] | SolvStr: 1.00 | Disp: 500.1 | W_pred: 1.01 | W_solv: 0.57

============================================================================================
  EPOCH [0930/1000] PERIODIC EVALUATION (182 test samples)
--------------------------------------------------------------------------------------------
  Train Loss    : 8.8503 [cnt: 4.70, alloc(dm16): 3.224, cell: 0.310, reg_nb: 1.683 | h_bce: 0.0885 | curv: 0.0798 | h_bg: 0.0155 | sc_aln: 1.0314]
  Solver / W    : Str: 1.00 | E_red: 26.7% | W_pred: 1.01 (std: 0.76) | W_solv: 0.56
  Val Metrics   : MAE: 83.68 | RMSE: 125.09 | NAE: 0.227 | Bias: +6.96
  GAME Hierarchy: G0: 83.68 | G1: 102.21 | G2: 120.10 | G3: 153.90 | Sparse(<=100): 42.34 | Mod(101-500): 63.07 | Dense(>500): 147.76
  Uncertainty   : Coverage: 50%=87.7%, 80%=96.3%, 95%=99.0% | Median Disp: 500.1
  Checkpoint    : Current Val MAE: 83.68 | Best Val MAE: 81.49
============================================================================================

[0931/1000] Loss: 8.7586 [cnt: 4.64, alloc(dm16): 3.190, cell: 0.311, reg_nb: 1.672 | h_bce: 0.0888 | curv: 0.0846 | h_bg: 0.0174 | sc_aln: 1.0446] | SolvStr: 1.00 | Disp: 500.1 | W_pred: 1.01 | W_solv: 0.57
[0932/1000] Loss: 8.7822 [cnt: 4.62, alloc(dm16): 3.233, cell: 0.313, reg_nb: 1.653 | h_bce: 0.0881 | curv: 0.0823 | h_bg: 0.0145 | sc_aln: 1.0338] | SolvStr: 1.00 | Disp: 500.1 | W_pred: 1.01 | W_solv: 0.57
[0933/1000] Loss: 8.8191 [cnt: 4.68, alloc(dm16): 3.205, cell: 0.311, reg_nb: 1.689 | h_bce: 0.0876 | curv: 0.0843 | h_bg: 0.0161 | sc_aln: 1.0241] | SolvStr: 1.00 | Disp: 492.4 | W_pred: 1.01 | W_solv: 0.57
[0934/1000] Loss: 8.8510 [cnt: 4.68, alloc(dm16): 3.235, cell: 0.311, reg_nb: 1.672 | h_bce: 0.0879 | curv: 0.0835 | h_bg: 0.0161 | sc_aln: 1.0399] | SolvStr: 1.00 | Disp: 500.1 | W_pred: 1.01 | W_solv: 0.57

============================================================================================
  EPOCH [0935/1000] PERIODIC EVALUATION (182 test samples)
--------------------------------------------------------------------------------------------
  Train Loss    : 8.7245 [cnt: 4.60, alloc(dm16): 3.195, cell: 0.312, reg_nb: 1.663 | h_bce: 0.0882 | curv: 0.0842 | h_bg: 0.0167 | sc_aln: 1.0451]
  Solver / W    : Str: 1.00 | E_red: 25.8% | W_pred: 1.01 (std: 0.75) | W_solv: 0.57
  Val Metrics   : MAE: 83.73 | RMSE: 124.84 | NAE: 0.233 | Bias: +11.04
  GAME Hierarchy: G0: 83.73 | G1: 102.50 | G2: 120.95 | G3: 154.86 | Sparse(<=100): 50.79 | Mod(101-500): 63.67 | Dense(>500): 145.00
  Uncertainty   : Coverage: 50%=87.6%, 80%=96.4%, 95%=99.0% | Median Disp: 500.1
  Checkpoint    : Current Val MAE: 83.73 | Best Val MAE: 81.49
============================================================================================

[0936/1000] Loss: 8.8584 [cnt: 4.74, alloc(dm16): 3.183, cell: 0.310, reg_nb: 1.676 | h_bce: 0.0878 | curv: 0.0867 | h_bg: 0.0174 | sc_aln: 1.0353] | SolvStr: 1.00 | Disp: 500.1 | W_pred: 1.01 | W_solv: 0.57
[0937/1000] Loss: 8.8062 [cnt: 4.66, alloc(dm16): 3.213, cell: 0.312, reg_nb: 1.663 | h_bce: 0.0888 | curv: 0.0851 | h_bg: 0.0156 | sc_aln: 1.0442] | SolvStr: 1.00 | Disp: 500.1 | W_pred: 1.01 | W_solv: 0.57
[0938/1000] Loss: 8.7072 [cnt: 4.60, alloc(dm16): 3.188, cell: 0.310, reg_nb: 1.649 | h_bce: 0.0880 | curv: 0.0841 | h_bg: 0.0156 | sc_aln: 1.0491] | SolvStr: 1.00 | Disp: 500.1 | W_pred: 1.01 | W_solv: 0.57
[0939/1000] Loss: 8.9072 [cnt: 4.72, alloc(dm16): 3.251, cell: 0.311, reg_nb: 1.678 | h_bce: 0.0882 | curv: 0.0852 | h_bg: 0.0163 | sc_aln: 1.0359] | SolvStr: 1.00 | Disp: 500.1 | W_pred: 1.01 | W_solv: 0.57

============================================================================================
  EPOCH [0940/1000] PERIODIC EVALUATION (182 test samples)
--------------------------------------------------------------------------------------------
  Train Loss    : 8.7718 [cnt: 4.69, alloc(dm16): 3.145, cell: 0.311, reg_nb: 1.670 | h_bce: 0.0862 | curv: 0.0837 | h_bg: 0.0150 | sc_aln: 1.0260]
  Solver / W    : Str: 1.00 | E_red: 24.8% | W_pred: 1.01 (std: 0.76) | W_solv: 0.56
  Val Metrics   : MAE: 83.05 | RMSE: 124.66 | NAE: 0.230 | Bias: +11.83
  GAME Hierarchy: G0: 83.05 | G1: 101.79 | G2: 120.65 | G3: 154.64 | Sparse(<=100): 49.28 | Mod(101-500): 63.00 | Dense(>500): 144.41
  Uncertainty   : Coverage: 50%=87.7%, 80%=96.4%, 95%=99.0% | Median Disp: 500.1
  Checkpoint    : Current Val MAE: 83.05 | Best Val MAE: 81.49
============================================================================================

[0941/1000] Loss: 8.8488 [cnt: 4.72, alloc(dm16): 3.193, cell: 0.311, reg_nb: 1.682 | h_bce: 0.0885 | curv: 0.0834 | h_bg: 0.0165 | sc_aln: 1.0434] | SolvStr: 1.00 | Disp: 500.1 | W_pred: 1.01 | W_solv: 0.57
[0942/1000] Loss: 8.8153 [cnt: 4.65, alloc(dm16): 3.240, cell: 0.312, reg_nb: 1.642 | h_bce: 0.0883 | curv: 0.0811 | h_bg: 0.0151 | sc_aln: 1.0504] | SolvStr: 1.00 | Disp: 500.1 | W_pred: 1.01 | W_solv: 0.57
[0943/1000] Loss: 8.8259 [cnt: 4.70, alloc(dm16): 3.189, cell: 0.311, reg_nb: 1.681 | h_bce: 0.0885 | curv: 0.0862 | h_bg: 0.0165 | sc_aln: 1.0248] | SolvStr: 1.00 | Disp: 500.1 | W_pred: 1.01 | W_solv: 0.56
[0944/1000] Loss: 8.7990 [cnt: 4.70, alloc(dm16): 3.170, cell: 0.309, reg_nb: 1.687 | h_bce: 0.0881 | curv: 0.0834 | h_bg: 0.0153 | sc_aln: 1.0355] | SolvStr: 1.00 | Disp: 500.1 | W_pred: 1.01 | W_solv: 0.57

============================================================================================
  EPOCH [0945/1000] PERIODIC EVALUATION (182 test samples)
--------------------------------------------------------------------------------------------
  Train Loss    : 8.9209 [cnt: 4.77, alloc(dm16): 3.219, cell: 0.312, reg_nb: 1.677 | h_bce: 0.0888 | curv: 0.0831 | h_bg: 0.0157 | sc_aln: 1.0250]
  Solver / W    : Str: 1.00 | E_red: 30.0% | W_pred: 1.01 (std: 0.75) | W_solv: 0.56
  Val Metrics   : MAE: 86.75 | RMSE: 127.36 | NAE: 0.243 | Bias: +23.86
  GAME Hierarchy: G0: 86.75 | G1: 105.00 | G2: 123.55 | G3: 157.62 | Sparse(<=100): 49.89 | Mod(101-500): 67.63 | Dense(>500): 146.00
  Uncertainty   : Coverage: 50%=87.5%, 80%=96.4%, 95%=99.0% | Median Disp: 500.1
  Checkpoint    : Current Val MAE: 86.75 | Best Val MAE: 81.49
============================================================================================

[0946/1000] Loss: 8.8201 [cnt: 4.69, alloc(dm16): 3.200, cell: 0.312, reg_nb: 1.663 | h_bce: 0.0875 | curv: 0.0831 | h_bg: 0.0156 | sc_aln: 1.0424] | SolvStr: 1.00 | Disp: 500.1 | W_pred: 1.01 | W_solv: 0.57
[0947/1000] Loss: 8.8245 [cnt: 4.70, alloc(dm16): 3.204, cell: 0.311, reg_nb: 1.662 | h_bce: 0.0881 | curv: 0.0819 | h_bg: 0.0156 | sc_aln: 1.0401] | SolvStr: 1.00 | Disp: 500.1 | W_pred: 1.01 | W_solv: 0.57
[0948/1000] Loss: 8.8273 [cnt: 4.72, alloc(dm16): 3.172, cell: 0.312, reg_nb: 1.679 | h_bce: 0.0875 | curv: 0.0823 | h_bg: 0.0154 | sc_aln: 1.0507] | SolvStr: 1.00 | Disp: 500.1 | W_pred: 1.01 | W_solv: 0.57
[0949/1000] Loss: 8.8311 [cnt: 4.70, alloc(dm16): 3.195, cell: 0.311, reg_nb: 1.676 | h_bce: 0.0884 | curv: 0.0859 | h_bg: 0.0160 | sc_aln: 1.0273] | SolvStr: 1.00 | Disp: 500.1 | W_pred: 1.01 | W_solv: 0.57

============================================================================================
  EPOCH [0950/1000] PERIODIC EVALUATION (182 test samples)
--------------------------------------------------------------------------------------------
  Train Loss    : 8.8099 [cnt: 4.65, alloc(dm16): 3.231, cell: 0.310, reg_nb: 1.665 | h_bce: 0.0878 | curv: 0.0823 | h_bg: 0.0157 | sc_aln: 1.0351]
  Solver / W    : Str: 1.00 | E_red: 27.7% | W_pred: 1.01 (std: 0.76) | W_solv: 0.57
  Val Metrics   : MAE: 83.42 | RMSE: 125.13 | NAE: 0.230 | Bias: +9.76
  GAME Hierarchy: G0: 83.42 | G1: 102.27 | G2: 120.48 | G3: 154.23 | Sparse(<=100): 43.87 | Mod(101-500): 64.29 | Dense(>500): 143.08
  Uncertainty   : Coverage: 50%=87.8%, 80%=96.4%, 95%=99.0% | Median Disp: 500.1
  Checkpoint    : Current Val MAE: 83.42 | Best Val MAE: 81.49
============================================================================================

[0951/1000] Loss: 8.8223 [cnt: 4.71, alloc(dm16): 3.168, cell: 0.312, reg_nb: 1.701 | h_bce: 0.0876 | curv: 0.0843 | h_bg: 0.0169 | sc_aln: 1.0135] | SolvStr: 1.00 | Disp: 471.7 | W_pred: 1.01 | W_solv: 0.56
[0952/1000] Loss: 8.8465 [cnt: 4.68, alloc(dm16): 3.237, cell: 0.313, reg_nb: 1.668 | h_bce: 0.0885 | curv: 0.0831 | h_bg: 0.0151 | sc_aln: 1.0495] | SolvStr: 1.00 | Disp: 500.1 | W_pred: 1.01 | W_solv: 0.57
[0953/1000] Loss: 8.8544 [cnt: 4.73, alloc(dm16): 3.198, cell: 0.308, reg_nb: 1.686 | h_bce: 0.0878 | curv: 0.0850 | h_bg: 0.0169 | sc_aln: 1.0169] | SolvStr: 1.00 | Disp: 500.1 | W_pred: 1.01 | W_solv: 0.57
[0954/1000] Loss: 8.7853 [cnt: 4.64, alloc(dm16): 3.211, cell: 0.312, reg_nb: 1.674 | h_bce: 0.0888 | curv: 0.0842 | h_bg: 0.0143 | sc_aln: 1.0349] | SolvStr: 1.00 | Disp: 500.1 | W_pred: 1.01 | W_solv: 0.57

============================================================================================
  EPOCH [0955/1000] PERIODIC EVALUATION (182 test samples)
--------------------------------------------------------------------------------------------
  Train Loss    : 8.8155 [cnt: 4.68, alloc(dm16): 3.203, cell: 0.311, reg_nb: 1.667 | h_bce: 0.0887 | curv: 0.0866 | h_bg: 0.0169 | sc_aln: 1.0360]
  Solver / W    : Str: 1.00 | E_red: 25.5% | W_pred: 1.01 (std: 0.75) | W_solv: 0.57
  Val Metrics   : MAE: 83.79 | RMSE: 127.47 | NAE: 0.232 | Bias: +12.04
  GAME Hierarchy: G0: 83.79 | G1: 102.69 | G2: 121.41 | G3: 154.77 | Sparse(<=100): 48.60 | Mod(101-500): 64.27 | Dense(>500): 143.89
  Uncertainty   : Coverage: 50%=87.6%, 80%=96.5%, 95%=99.0% | Median Disp: 500.1
  Checkpoint    : Current Val MAE: 83.79 | Best Val MAE: 81.49
============================================================================================

[0956/1000] Loss: 8.7409 [cnt: 4.61, alloc(dm16): 3.203, cell: 0.312, reg_nb: 1.678 | h_bce: 0.0884 | curv: 0.0845 | h_bg: 0.0164 | sc_aln: 1.0321] | SolvStr: 1.00 | Disp: 500.1 | W_pred: 1.01 | W_solv: 0.57
[0957/1000] Loss: 8.8079 [cnt: 4.70, alloc(dm16): 3.181, cell: 0.311, reg_nb: 1.655 | h_bce: 0.0879 | curv: 0.0808 | h_bg: 0.0137 | sc_aln: 1.0435] | SolvStr: 1.00 | Disp: 500.1 | W_pred: 1.01 | W_solv: 0.57
[0958/1000] Loss: 8.7840 [cnt: 4.66, alloc(dm16): 3.199, cell: 0.311, reg_nb: 1.669 | h_bce: 0.0886 | curv: 0.0840 | h_bg: 0.0152 | sc_aln: 1.0348] | SolvStr: 1.00 | Disp: 500.1 | W_pred: 1.01 | W_solv: 0.57
[0959/1000] Loss: 8.8068 [cnt: 4.68, alloc(dm16): 3.201, cell: 0.312, reg_nb: 1.664 | h_bce: 0.0877 | curv: 0.0823 | h_bg: 0.0148 | sc_aln: 1.0258] | SolvStr: 1.00 | Disp: 500.1 | W_pred: 1.01 | W_solv: 0.57

============================================================================================
  EPOCH [0960/1000] PERIODIC EVALUATION (182 test samples)
--------------------------------------------------------------------------------------------
  Train Loss    : 8.7317 [cnt: 4.61, alloc(dm16): 3.192, cell: 0.312, reg_nb: 1.670 | h_bce: 0.0882 | curv: 0.0848 | h_bg: 0.0162 | sc_aln: 1.0420]
  Solver / W    : Str: 1.00 | E_red: 27.7% | W_pred: 1.01 (std: 0.76) | W_solv: 0.57
  Val Metrics   : MAE: 84.81 | RMSE: 125.58 | NAE: 0.237 | Bias: +14.44
  GAME Hierarchy: G0: 84.81 | G1: 103.55 | G2: 121.85 | G3: 155.43 | Sparse(<=100): 50.96 | Mod(101-500): 65.02 | Dense(>500): 145.46
  Uncertainty   : Coverage: 50%=87.5%, 80%=96.4%, 95%=99.0% | Median Disp: 500.1
  Checkpoint    : Current Val MAE: 84.81 | Best Val MAE: 81.49
============================================================================================

[0961/1000] Loss: 8.8358 [cnt: 4.72, alloc(dm16): 3.189, cell: 0.311, reg_nb: 1.673 | h_bce: 0.0882 | curv: 0.0841 | h_bg: 0.0162 | sc_aln: 1.0302] | SolvStr: 1.00 | Disp: 500.1 | W_pred: 1.01 | W_solv: 0.57
[0962/1000] Loss: 8.9021 [cnt: 4.72, alloc(dm16): 3.262, cell: 0.311, reg_nb: 1.635 | h_bce: 0.0871 | curv: 0.0848 | h_bg: 0.0141 | sc_aln: 1.0387] | SolvStr: 1.00 | Disp: 500.1 | W_pred: 1.01 | W_solv: 0.57
[0963/1000] Loss: 8.7288 [cnt: 4.61, alloc(dm16): 3.200, cell: 0.312, reg_nb: 1.646 | h_bce: 0.0880 | curv: 0.0836 | h_bg: 0.0157 | sc_aln: 1.0436] | SolvStr: 1.00 | Disp: 500.1 | W_pred: 1.01 | W_solv: 0.57
[0964/1000] Loss: 8.7842 [cnt: 4.66, alloc(dm16): 3.187, cell: 0.311, reg_nb: 1.688 | h_bce: 0.0878 | curv: 0.0844 | h_bg: 0.0164 | sc_aln: 1.0271] | SolvStr: 1.00 | Disp: 500.1 | W_pred: 1.01 | W_solv: 0.56

============================================================================================
  EPOCH [0965/1000] PERIODIC EVALUATION (182 test samples)
--------------------------------------------------------------------------------------------
  Train Loss    : 8.7636 [cnt: 4.66, alloc(dm16): 3.176, cell: 0.311, reg_nb: 1.677 | h_bce: 0.0880 | curv: 0.0848 | h_bg: 0.0160 | sc_aln: 1.0202]
  Solver / W    : Str: 1.00 | E_red: 24.9% | W_pred: 1.01 (std: 0.76) | W_solv: 0.56
  Val Metrics   : MAE: 85.41 | RMSE: 127.87 | NAE: 0.233 | Bias: +12.74
  GAME Hierarchy: G0: 85.41 | G1: 104.07 | G2: 122.34 | G3: 155.90 | Sparse(<=100): 44.84 | Mod(101-500): 65.07 | Dense(>500): 148.65
  Uncertainty   : Coverage: 50%=87.7%, 80%=96.4%, 95%=99.0% | Median Disp: 500.1
  Checkpoint    : Current Val MAE: 85.41 | Best Val MAE: 81.49
============================================================================================

[0966/1000] Loss: 8.7727 [cnt: 4.66, alloc(dm16): 3.180, cell: 0.312, reg_nb: 1.677 | h_bce: 0.0881 | curv: 0.0863 | h_bg: 0.0161 | sc_aln: 1.0304] | SolvStr: 1.00 | Disp: 500.1 | W_pred: 1.01 | W_solv: 0.57
[0967/1000] Loss: 8.8394 [cnt: 4.74, alloc(dm16): 3.162, cell: 0.311, reg_nb: 1.685 | h_bce: 0.0876 | curv: 0.0851 | h_bg: 0.0158 | sc_aln: 1.0404] | SolvStr: 1.00 | Disp: 500.1 | W_pred: 1.01 | W_solv: 0.57
[0968/1000] Loss: 8.7841 [cnt: 4.68, alloc(dm16): 3.162, cell: 0.309, reg_nb: 1.703 | h_bce: 0.0874 | curv: 0.0871 | h_bg: 0.0191 | sc_aln: 1.0155] | SolvStr: 1.00 | Disp: 468.0 | W_pred: 1.01 | W_solv: 0.56
[0969/1000] Loss: 8.7763 [cnt: 4.67, alloc(dm16): 3.173, cell: 0.310, reg_nb: 1.684 | h_bce: 0.0889 | curv: 0.0839 | h_bg: 0.0156 | sc_aln: 1.0322] | SolvStr: 1.00 | Disp: 500.1 | W_pred: 1.01 | W_solv: 0.57

============================================================================================
  EPOCH [0970/1000] PERIODIC EVALUATION (182 test samples)
--------------------------------------------------------------------------------------------
  Train Loss    : 8.7826 [cnt: 4.66, alloc(dm16): 3.198, cell: 0.311, reg_nb: 1.661 | h_bce: 0.0876 | curv: 0.0852 | h_bg: 0.0151 | sc_aln: 1.0287]
  Solver / W    : Str: 1.00 | E_red: 27.5% | W_pred: 1.01 (std: 0.76) | W_solv: 0.57
  Val Metrics   : MAE: 85.44 | RMSE: 126.96 | NAE: 0.238 | Bias: +15.93
  GAME Hierarchy: G0: 85.44 | G1: 104.29 | G2: 122.61 | G3: 156.16 | Sparse(<=100): 50.02 | Mod(101-500): 66.06 | Dense(>500): 145.19
  Uncertainty   : Coverage: 50%=87.6%, 80%=96.4%, 95%=99.0% | Median Disp: 500.1
  Checkpoint    : Current Val MAE: 85.44 | Best Val MAE: 81.49
============================================================================================

[0971/1000] Loss: 8.7737 [cnt: 4.66, alloc(dm16): 3.191, cell: 0.310, reg_nb: 1.659 | h_bce: 0.0882 | curv: 0.0847 | h_bg: 0.0159 | sc_aln: 1.0200] | SolvStr: 1.00 | Disp: 500.1 | W_pred: 1.01 | W_solv: 0.57
[0972/1000] Loss: 8.7989 [cnt: 4.69, alloc(dm16): 3.185, cell: 0.311, reg_nb: 1.662 | h_bce: 0.0876 | curv: 0.0838 | h_bg: 0.0174 | sc_aln: 1.0320] | SolvStr: 1.00 | Disp: 500.1 | W_pred: 1.01 | W_solv: 0.57
[0973/1000] Loss: 8.8458 [cnt: 4.72, alloc(dm16): 3.191, cell: 0.312, reg_nb: 1.686 | h_bce: 0.0886 | curv: 0.0849 | h_bg: 0.0150 | sc_aln: 1.0450] | SolvStr: 1.00 | Disp: 500.1 | W_pred: 1.01 | W_solv: 0.57
[0974/1000] Loss: 8.7750 [cnt: 4.63, alloc(dm16): 3.213, cell: 0.312, reg_nb: 1.670 | h_bce: 0.0887 | curv: 0.0867 | h_bg: 0.0159 | sc_aln: 1.0405] | SolvStr: 1.00 | Disp: 500.1 | W_pred: 1.01 | W_solv: 0.57

============================================================================================
  EPOCH [0975/1000] PERIODIC EVALUATION (182 test samples)
--------------------------------------------------------------------------------------------
  Train Loss    : 8.8265 [cnt: 4.69, alloc(dm16): 3.203, cell: 0.311, reg_nb: 1.678 | h_bce: 0.0893 | curv: 0.0856 | h_bg: 0.0170 | sc_aln: 1.0284]
  Solver / W    : Str: 1.00 | E_red: 26.6% | W_pred: 1.01 (std: 0.75) | W_solv: 0.57
  Val Metrics   : MAE: 86.44 | RMSE: 127.32 | NAE: 0.242 | Bias: +22.31
  GAME Hierarchy: G0: 86.44 | G1: 104.87 | G2: 123.32 | G3: 156.94 | Sparse(<=100): 49.69 | Mod(101-500): 67.31 | Dense(>500): 145.65
  Uncertainty   : Coverage: 50%=87.6%, 80%=96.4%, 95%=99.0% | Median Disp: 500.1
  Checkpoint    : Current Val MAE: 86.44 | Best Val MAE: 81.49
============================================================================================

[0976/1000] Loss: 8.7954 [cnt: 4.69, alloc(dm16): 3.178, cell: 0.310, reg_nb: 1.667 | h_bce: 0.0891 | curv: 0.0839 | h_bg: 0.0144 | sc_aln: 1.0398] | SolvStr: 1.00 | Disp: 500.1 | W_pred: 1.01 | W_solv: 0.57
[0977/1000] Loss: 8.8511 [cnt: 4.73, alloc(dm16): 3.196, cell: 0.311, reg_nb: 1.677 | h_bce: 0.0878 | curv: 0.0825 | h_bg: 0.0145 | sc_aln: 1.0187] | SolvStr: 1.00 | Disp: 500.1 | W_pred: 1.01 | W_solv: 0.56
[0978/1000] Loss: 8.8054 [cnt: 4.66, alloc(dm16): 3.219, cell: 0.312, reg_nb: 1.672 | h_bce: 0.0882 | curv: 0.0824 | h_bg: 0.0160 | sc_aln: 1.0368] | SolvStr: 1.00 | Disp: 500.1 | W_pred: 1.01 | W_solv: 0.57
[0979/1000] Loss: 8.7768 [cnt: 4.67, alloc(dm16): 3.175, cell: 0.311, reg_nb: 1.669 | h_bce: 0.0895 | curv: 0.0872 | h_bg: 0.0167 | sc_aln: 1.0351] | SolvStr: 1.00 | Disp: 500.1 | W_pred: 1.01 | W_solv: 0.57

============================================================================================
  EPOCH [0980/1000] PERIODIC EVALUATION (182 test samples)
--------------------------------------------------------------------------------------------
  Train Loss    : 8.8103 [cnt: 4.69, alloc(dm16): 3.188, cell: 0.311, reg_nb: 1.682 | h_bce: 0.0891 | curv: 0.0855 | h_bg: 0.0161 | sc_aln: 1.0128]
  Solver / W    : Str: 1.00 | E_red: 31.4% | W_pred: 1.01 (std: 0.76) | W_solv: 0.56
  Val Metrics   : MAE: 86.02 | RMSE: 128.73 | NAE: 0.238 | Bias: +17.17
  GAME Hierarchy: G0: 86.02 | G1: 104.75 | G2: 123.15 | G3: 156.54 | Sparse(<=100): 49.75 | Mod(101-500): 66.10 | Dense(>500): 147.41
  Uncertainty   : Coverage: 50%=87.5%, 80%=96.3%, 95%=99.0% | Median Disp: 500.1
  Checkpoint    : Current Val MAE: 86.02 | Best Val MAE: 81.49
============================================================================================

[0981/1000] Loss: 8.8267 [cnt: 4.67, alloc(dm16): 3.234, cell: 0.312, reg_nb: 1.667 | h_bce: 0.0883 | curv: 0.0838 | h_bg: 0.0165 | sc_aln: 1.0204] | SolvStr: 1.00 | Disp: 500.1 | W_pred: 1.01 | W_solv: 0.57
[0982/1000] Loss: 8.9146 [cnt: 4.81, alloc(dm16): 3.164, cell: 0.310, reg_nb: 1.706 | h_bce: 0.0888 | curv: 0.0851 | h_bg: 0.0176 | sc_aln: 1.0308] | SolvStr: 1.00 | Disp: 500.1 | W_pred: 1.01 | W_solv: 0.57
[0983/1000] Loss: 8.7661 [cnt: 4.66, alloc(dm16): 3.173, cell: 0.311, reg_nb: 1.676 | h_bce: 0.0889 | curv: 0.0860 | h_bg: 0.0166 | sc_aln: 1.0363] | SolvStr: 1.00 | Disp: 500.1 | W_pred: 1.01 | W_solv: 0.57
[0984/1000] Loss: 8.7587 [cnt: 4.64, alloc(dm16): 3.190, cell: 0.311, reg_nb: 1.675 | h_bce: 0.0882 | curv: 0.0868 | h_bg: 0.0175 | sc_aln: 1.0287] | SolvStr: 1.00 | Disp: 500.1 | W_pred: 1.01 | W_solv: 0.57

============================================================================================
  EPOCH [0985/1000] PERIODIC EVALUATION (182 test samples)
--------------------------------------------------------------------------------------------
  Train Loss    : 8.9103 [cnt: 4.79, alloc(dm16): 3.195, cell: 0.312, reg_nb: 1.659 | h_bce: 0.0885 | curv: 0.0811 | h_bg: 0.0146 | sc_aln: 1.0348]
  Solver / W    : Str: 1.00 | E_red: 29.5% | W_pred: 1.01 (std: 0.76) | W_solv: 0.57
  Val Metrics   : MAE: 82.81 | RMSE: 125.74 | NAE: 0.225 | Bias: +4.64
  GAME Hierarchy: G0: 82.81 | G1: 101.58 | G2: 119.65 | G3: 152.70 | Sparse(<=100): 45.07 | Mod(101-500): 61.95 | Dense(>500): 147.06
  Uncertainty   : Coverage: 50%=87.9%, 80%=96.4%, 95%=99.0% | Median Disp: 500.1
  Checkpoint    : Current Val MAE: 82.81 | Best Val MAE: 81.49
============================================================================================

[0986/1000] Loss: 8.8766 [cnt: 4.72, alloc(dm16): 3.227, cell: 0.311, reg_nb: 1.681 | h_bce: 0.0869 | curv: 0.0852 | h_bg: 0.0165 | sc_aln: 1.0146] | SolvStr: 1.00 | Disp: 500.1 | W_pred: 1.01 | W_solv: 0.57
[0987/1000] Loss: 8.9278 [cnt: 4.81, alloc(dm16): 3.194, cell: 0.312, reg_nb: 1.666 | h_bce: 0.0895 | curv: 0.0838 | h_bg: 0.0145 | sc_aln: 1.0376] | SolvStr: 1.00 | Disp: 500.1 | W_pred: 1.01 | W_solv: 0.57
[0988/1000] Loss: 8.7933 [cnt: 4.70, alloc(dm16): 3.151, cell: 0.312, reg_nb: 1.699 | h_bce: 0.0885 | curv: 0.0866 | h_bg: 0.0168 | sc_aln: 1.0170] | SolvStr: 1.00 | Disp: 500.1 | W_pred: 1.01 | W_solv: 0.56
[0989/1000] Loss: 8.8263 [cnt: 4.70, alloc(dm16): 3.192, cell: 0.312, reg_nb: 1.673 | h_bce: 0.0883 | curv: 0.0873 | h_bg: 0.0161 | sc_aln: 1.0374] | SolvStr: 1.00 | Disp: 500.1 | W_pred: 1.01 | W_solv: 0.57

============================================================================================
  EPOCH [0990/1000] PERIODIC EVALUATION (182 test samples)
--------------------------------------------------------------------------------------------
  Train Loss    : 8.7768 [cnt: 4.66, alloc(dm16): 3.186, cell: 0.312, reg_nb: 1.677 | h_bce: 0.0893 | curv: 0.0873 | h_bg: 0.0176 | sc_aln: 1.0228]
  Solver / W    : Str: 1.00 | E_red: 33.1% | W_pred: 1.01 (std: 0.75) | W_solv: 0.56
  Val Metrics   : MAE: 85.44 | RMSE: 127.98 | NAE: 0.232 | Bias: +10.16
  GAME Hierarchy: G0: 85.44 | G1: 104.01 | G2: 121.79 | G3: 154.89 | Sparse(<=100): 42.42 | Mod(101-500): 65.17 | Dense(>500): 148.85
  Uncertainty   : Coverage: 50%=87.7%, 80%=96.3%, 95%=99.0% | Median Disp: 500.1
  Checkpoint    : Current Val MAE: 85.44 | Best Val MAE: 81.49
============================================================================================

[0991/1000] Loss: 8.7323 [cnt: 4.62, alloc(dm16): 3.192, cell: 0.312, reg_nb: 1.652 | h_bce: 0.0882 | curv: 0.0823 | h_bg: 0.0150 | sc_aln: 1.0379] | SolvStr: 1.00 | Disp: 500.1 | W_pred: 1.01 | W_solv: 0.57
[0992/1000] Loss: 8.7863 [cnt: 4.66, alloc(dm16): 3.196, cell: 0.312, reg_nb: 1.673 | h_bce: 0.0883 | curv: 0.0838 | h_bg: 0.0161 | sc_aln: 1.0226] | SolvStr: 1.00 | Disp: 500.1 | W_pred: 1.01 | W_solv: 0.57
[0993/1000] Loss: 8.7046 [cnt: 4.61, alloc(dm16): 3.167, cell: 0.311, reg_nb: 1.653 | h_bce: 0.0880 | curv: 0.0846 | h_bg: 0.0172 | sc_aln: 1.0323] | SolvStr: 1.00 | Disp: 500.1 | W_pred: 1.01 | W_solv: 0.57
[0994/1000] Loss: 8.7516 [cnt: 4.59, alloc(dm16): 3.230, cell: 0.312, reg_nb: 1.660 | h_bce: 0.0889 | curv: 0.0826 | h_bg: 0.0144 | sc_aln: 1.0377] | SolvStr: 1.00 | Disp: 500.1 | W_pred: 1.01 | W_solv: 0.57

============================================================================================
  EPOCH [0995/1000] PERIODIC EVALUATION (182 test samples)
--------------------------------------------------------------------------------------------
  Train Loss    : 8.7947 [cnt: 4.69, alloc(dm16): 3.174, cell: 0.311, reg_nb: 1.686 | h_bce: 0.0876 | curv: 0.0833 | h_bg: 0.0172 | sc_aln: 1.0158]
  Solver / W    : Str: 1.00 | E_red: 29.8% | W_pred: 1.01 (std: 0.76) | W_solv: 0.56
  Val Metrics   : MAE: 87.03 | RMSE: 129.67 | NAE: 0.242 | Bias: +19.06
  GAME Hierarchy: G0: 87.03 | G1: 105.02 | G2: 123.98 | G3: 157.29 | Sparse(<=100): 49.15 | Mod(101-500): 67.48 | Dense(>500): 147.63
  Uncertainty   : Coverage: 50%=87.6%, 80%=96.4%, 95%=99.0% | Median Disp: 490.4
  Checkpoint    : Current Val MAE: 87.03 | Best Val MAE: 81.49
============================================================================================

[0996/1000] Loss: 8.7972 [cnt: 4.67, alloc(dm16): 3.198, cell: 0.311, reg_nb: 1.669 | h_bce: 0.0895 | curv: 0.0849 | h_bg: 0.0155 | sc_aln: 1.0335] | SolvStr: 1.00 | Disp: 500.1 | W_pred: 1.01 | W_solv: 0.56
[0997/1000] Loss: 8.7639 [cnt: 4.67, alloc(dm16): 3.160, cell: 0.311, reg_nb: 1.683 | h_bce: 0.0886 | curv: 0.0887 | h_bg: 0.0165 | sc_aln: 1.0217] | SolvStr: 1.00 | Disp: 500.1 | W_pred: 1.01 | W_solv: 0.56
[0998/1000] Loss: 8.7786 [cnt: 4.66, alloc(dm16): 3.187, cell: 0.313, reg_nb: 1.674 | h_bce: 0.0877 | curv: 0.0854 | h_bg: 0.0151 | sc_aln: 1.0365] | SolvStr: 1.00 | Disp: 500.1 | W_pred: 1.01 | W_solv: 0.57
[0999/1000] Loss: 8.7884 [cnt: 4.64, alloc(dm16): 3.222, cell: 0.312, reg_nb: 1.666 | h_bce: 0.0883 | curv: 0.0845 | h_bg: 0.0161 | sc_aln: 1.0269] | SolvStr: 1.00 | Disp: 500.1 | W_pred: 1.01 | W_solv: 0.56

============================================================================================
  EPOCH [1000/1000] PERIODIC EVALUATION (182 test samples)
--------------------------------------------------------------------------------------------
  Train Loss    : 8.9004 [cnt: 4.77, alloc(dm16): 3.203, cell: 0.310, reg_nb: 1.668 | h_bce: 0.0880 | curv: 0.0850 | h_bg: 0.0171 | sc_aln: 1.0573]
  Solver / W    : Str: 1.00 | E_red: 34.9% | W_pred: 1.01 (std: 0.76) | W_solv: 0.57
  Val Metrics   : MAE: 85.31 | RMSE: 127.53 | NAE: 0.237 | Bias: +13.04
  GAME Hierarchy: G0: 85.31 | G1: 103.78 | G2: 121.94 | G3: 154.96 | Sparse(<=100): 51.27 | Mod(101-500): 64.81 | Dense(>500): 147.97
  Uncertainty   : Coverage: 50%=87.6%, 80%=96.3%, 95%=99.0% | Median Disp: 500.1
  Checkpoint    : Current Val MAE: 85.31 | Best Val MAE: 81.49
============================================================================================

