epoch,lr_backbone,lr_main,solver_strength,train_total,train_count,train_flat_dm16,train_allocation,train_dm16,train_dm32,train_dm64,train_cell,train_region_nb,train_hurdle_bce,train_trunc_nb,train_curvature,train_hard_bg,train_fg_bce,train_scale_align,train_kd_total,train_kd_spatial,train_kd_count,region_mu_mean,region_dispersion_mean,region_dispersion_p10,region_dispersion_p50,region_dispersion_p90,region_weight_mean,region_weight_std,region_weight_min,region_weight_max,solver_weight_mean,solver_weight_std,weight_clip_low_fraction,weight_clip_high_fraction,solver_energy_before,solver_energy_after,solver_energy_reduction,weight_mean_32,weight_mean_64,weight_mean_128,scale_pi_32,scale_pi_64,scale_pi_128,val_mae,val_rmse,val_nae,val_bias,val_game0,val_game1,val_game2,val_game3,val_mae_sparse,val_mae_moderate,val_mae_dense,pearson_rate_var_error,spearman_rate_var_error,spearman_weight_error,spearman_pred_weight_error,spearman_rate_var_error_32,spearman_rate_var_error_64,spearman_rate_var_error_128,mean_std_residual,coverage_50,coverage_80,coverage_95,calib_gap_50,calib_gap_80,calib_gap_95,dispersion_sat_low_fraction,dispersion_sat_high_fraction,solver_help_fraction,solver_harm_fraction,energy_monotonic_fraction,mae_reg_y0,mae_reg_y1,mae_reg_y2
1,2.0000000000000003e-06,2.0000000000000003e-06,0.0,24.632578746692555,19.00368780703158,3.791250106450674,3.791250106450674,3.791250106450674,0.0,0.0,0.33203371070526744,4.49272075859276,0.1731175506437147,3.1142374438208504,0.07432945052514205,0.00022666932263008848,1.9144325771847286,0.0,0.0,0.0,0.0,0.6940922801559036,49.97816755964949,49.9067497253418,50.00431823730469,50.00431823730469,1.000001072883606,0.0005273299175314605,0.9896172881126404,1.0037014484405518,0.25000128149986267,0.00013183247938286513,0.0,0.0,0.0,0.0,0.0,0.2500012927764171,0.25000119612023636,0.250001059190647,0.25,0.25,0.25,,,,,,,,,,,,,,,,,,,,,,,,,,,,,,,,,
2,4.000000000000001e-06,4.000000000000001e-06,0.0,25.18437266994167,19.505180822836387,3.7807352349564836,3.7807352349564836,3.780735241400229,0.0,0.0,0.33355485184772593,4.648371715803404,0.17259335719250343,3.2420220375061035,0.08125419058912509,0.0002261641127768451,1.913601872083303,0.0,0.0,0.0,0.0,0.6968792161426028,49.79740843901763,49.71218490600586,49.80937194824219,49.9067497253418,1.0000030994415283,0.0004554548067972064,0.9902769327163696,1.0033748149871826,0.2500017583370209,0.00011386368714738637,0.0,0.0,0.0,0.0,0.0,0.2500019017103556,0.2500015642191913,0.2500011510140187,0.25,0.25,0.25,,,,,,,,,,,,,,,,,,,,,,,,,,,,,,,,,
3,6e-06,6e-06,0.0,24.93278217315674,19.3024899508502,3.783238514049633,3.783238514049633,3.783238514049633,0.0,0.0,0.3322524766664247,4.51208056630315,0.17160868846081398,3.1350127716322205,0.0770712640841265,0.00022930712903207923,1.9155695502822463,0.0,0.0,0.0,0.0,0.7021327421471879,49.53902744602512,49.3253173828125,49.61518478393555,49.71218490600586,1.000003695487976,0.0003419856075197458,0.9933081865310669,1.0030901432037354,0.2500019967556,8.549640187993646e-05,0.0,0.0,0.0,0.0,0.0,0.2500021103266123,0.25000169309409886,0.2500012106186635,0.25,0.25,0.25,,,,,,,,,,,,,,,,,,,,,,,,,,,,,,,,,
4,8.000000000000001e-06,8.000000000000001e-06,0.0,25.793761098707044,20.115878234038483,3.7817622068766,3.7817622068766,3.7817622133203455,0.0,0.0,0.33389934494688706,4.650795955915709,0.16997380232488787,3.2278852011706376,0.08113840242495408,0.00023407992950917497,1.9166630055453326,0.0,0.0,0.0,0.0,0.7130186589988502,49.021260441960514,48.65553665161133,49.037147521972656,49.3253173828125,0.9999959468841553,0.0002825866686180234,0.9952768087387085,1.0040628910064697,0.2500000298023224,7.064668898237869e-05,0.0,0.0,0.0,0.0,0.0,0.24999984776651538,0.25000033225562124,0.2500010245555156,0.25,0.25,0.25,,,,,,,,,,,,,,,,,,,,,,,,,,,,,,,,,
5,1e-05,1e-05,0.0,25.139424787985313,19.533720428879196,3.7980076429006218,3.7980076429006218,3.7980076429006218,0.0,0.0,0.3318324741479513,4.433166291262652,0.1674259961456866,3.01857839726113,0.07712369784712791,0.00023901920153671322,1.921835412850251,0.0,0.0,0.0,0.0,0.7276669112411706,48.19666424313107,47.52843475341797,48.27689743041992,48.75066375732422,0.999955952167511,0.0004127048887312412,0.9960994124412537,1.0082100629806519,0.24998997151851654,0.00010317623673472553,0.0,0.0,0.0,0.0,0.0,0.24998851120471954,0.24999333072353053,0.2499998815961786,0.25,0.25,0.25,251.94752720424108,368.7877674813172,0.7226073192310298,-83.73156344235598,251.94752772451778,328.69532002053535,396.82233609121437,436.34059459686665,218.72759083339147,159.3363529471464,516.7166801120924,0.10644118040064018,0.5506111130703554,0.571057037432167,0.5710570363040314,0.723067145593479,0.4250424032120451,0.33709213263143994,0.9094436696374847,0.8181168480334073,0.9250715839396624,0.9511890174121413,0.31811684803340734,0.12507158393966233,0.001189017412141391,0.0,0.0,0.47802197802197804,0.521978021978022,1.0,0.8494515001446337,0.8163325755478261,0.8037907931503359
6,1e-05,1e-05,0.05,24.213527627893395,18.597764221397608,3.7775187943432784,3.7775187943432784,3.7779109929059005,0.0,0.0,0.33512141656231237,4.515552643183115,0.1628197375181559,3.070772171020508,0.0801614821964019,0.0002469100640941965,1.9403921945675,0.0,0.0,0.0,0.0,0.7592550032847637,46.47679138183594,45.08699035644531,46.60914993286133,47.714454650878906,0.9997689723968506,0.0007091707084327936,0.9937106966972351,1.013413429260254,0.2562364637851715,0.004907142836600542,0.0,0.0,1.2489891438870817,1.0495626829765938,0.15967029168070782,0.2570998265936568,0.25641609808883153,0.2430664800308846,0.2571559781963761,0.256433656892261,0.24310309903041735,,,,,,,,,,,,,,,,,,,,,,,,,,,,,,,,,
7,9.999976323536296e-06,9.999976323536296e-06,0.1,25.18276593491838,19.565867475561195,3.7938721244399614,3.7938721244399614,3.7945601038030676,0.0,0.0,0.33369643382124,4.567543635497222,0.15820336261311094,2.9599266052246094,0.07710394283404222,0.00024212935012828156,1.9254975995501957,0.0,0.0,0.0,0.0,0.7951924945857074,44.134164861730625,42.02569580078125,44.38798141479492,45.88654327392578,0.9993343353271484,0.001576126436702907,0.9759553670883179,1.0164824724197388,0.2600637972354889,0.0057396721094846725,0.0,0.0,1.116584020691949,0.8137126001151832,0.2712482132684255,0.2616796920428405,0.2594188886719781,0.23874347193821058,0.26185325432468104,0.25949480726912216,0.23882628212103973,,,,,,,,,,,,,,,,,,,,,,,,,,,,,,,,,
8,9.999905294381213e-06,9.999905294381213e-06,0.15,24.50220925099141,18.973501205444336,3.7516401329556026,3.7516401329556026,3.752602429003329,0.0,0.0,0.33319368716832753,4.4517643645003036,0.1537005369727676,2.8464460791768254,0.07858593701510816,0.0002464937448117731,1.922577841861828,0.0,0.0,0.0,0.0,0.8438499988736333,41.083807971026445,37.819034576416016,41.45503616333008,43.870845794677734,0.9983500838279724,0.004603715613484383,0.9412400722503662,1.0250886678695679,0.2644517421722412,0.008311941288411617,0.0,0.0,1.0080237678579382,0.6447537621936282,0.3603784129378842,0.266654195012273,0.2641941840584214,0.2331057968171867,0.2671228695560146,0.2644319131567672,0.23325241095310933,,,,,,,,,,,,,,,,,,,,,,,,,,,,,,,,,
9,9.999786913242843e-06,9.999786913242843e-06,0.2,24.435273222021156,18.965581674833555,3.775613817008766,3.775613817008766,3.7765462076341785,0.0,0.0,0.3316335049835411,4.274923704765938,0.15350380781534556,2.616574213311479,0.07691155978151269,0.00026116484455210537,1.9223264520232741,0.0,0.0,0.0,0.0,0.9081390032897124,37.59256301055083,32.602046966552734,38.19016647338867,41.78017044067383,0.9959337115287781,0.012261011637747288,0.8373843431472778,1.0845963954925537,0.2682349681854248,0.010776806622743607,0.0,0.0,0.8875260385307105,0.501352529268007,0.4351123150167059,0.2708859757797138,0.26874461528417226,0.227554253629736,0.2721142776914545,0.2695023248324523,0.22784694948711912,,,,,,,,,,,,,,,,,,,,,,,,,,,,,,,,,
10,9.999621181301335e-06,9.999621181301335e-06,0.25,23.251102963009394,17.899279362446553,3.7795971406472697,3.7795971406472697,3.7791264572659053,0.0,0.0,0.33339959383010864,3.9956816595953866,0.15824626144525167,2.2810536880750916,0.07650578465010668,0.0002926619789512778,1.921166858157596,0.0,0.0,0.0,0.0,1.019737043896237,33.40106232101853,25.74001693725586,34.30037307739258,39.711490631103516,0.9894756078720093,0.030013667419552803,0.6703757047653198,1.169027328491211,0.2703990042209625,0.013511832803487778,0.0,0.0,0.687876955882923,0.35191553992194097,0.48840335918763184,0.2733387085231575,0.2717332799692412,0.22264078903842616,0.27662700575751226,0.2741284789265813,0.22344209294061404,252.17246728415017,368.39447295057647,0.7272325073112358,-80.90463713761214,252.17246847853045,329.29519226616486,397.6256170904252,437.3604044716103,220.69266619001115,160.6799993588943,513.5395753279976,0.10707773460761189,0.6193872666610569,0.07620490409483284,0.4998275424981591,0.6823894108484184,0.43716332138581815,0.3059525134301331,0.9086822796771811,0.8134359304926044,0.9178314464860421,0.9512980087286474,0.31343593049260443,0.11783144648604205,0.0012980087286474928,0.0,0.0,0.47802197802197804,0.521978021978022,1.0,0.8511525025734534,0.8183313339621157,0.8053014338999004
11,9.999408100208873e-06,9.999408100208873e-06,0.3,22.384960354985417,17.17472859975454,3.7840258624102616,3.7840258624102616,3.7808117737641207,0.0,0.0,0.33432159713796666,3.501964755960413,0.16758361982332692,2.0387735753446012,0.07933706035082405,0.00033642495101368104,1.888405055613131,0.0,0.0,0.0,0.0,1.0948991775512695,31.701194763183594,20.362030029296875,33.31005859375,40.17959976196289,0.9820825457572937,0.04868818819522858,0.49849414825439453,1.3088653087615967,0.2668758034706116,0.016437098383903503,0.0,0.0,0.6251513893539841,0.33617645743730906,0.4622479240033275,0.26945828424917684,0.2683792299515492,0.22372920569535848,0.27503510181968277,0.27268591764810923,0.22532474068371025,,,,,,,,,,,,,,,,,,,,,,,,,,,,,,,,,
12,9.999147672089674e-06,9.999147672089674e-06,0.35,21.092247524776973,16.01515394932515,3.717477663143261,3.717477663143261,3.7110802225164465,0.0,0.0,0.3337322360760457,3.243980800783312,0.16989416367298849,1.9731044930380743,0.07791169380416742,0.0004217095163373931,1.8664964147516199,0.0,0.0,0.0,0.0,1.092634552233928,32.36613696330303,18.181245803833008,34.30037307739258,42.68750762939453,0.9837231040000916,0.05440697818994522,0.5547701120376587,1.5701904296875,0.26840972900390625,0.022397149354219437,0.0,0.0,0.7671441145845361,0.42182955951304046,0.4501299671164243,0.2708580050919507,0.27106313125507253,0.2238864157650922,0.27583359061060725,0.2750568035486582,0.22572326780976476,,,,,,,,,,,,,,,,,,,,,,,,,,,,,,,,,
13,9.998839899539952e-06,9.998839899539952e-06,0.4,19.568637358175742,14.54949935706886,3.732613821287413,3.732613821287413,3.7224481621304073,0.0,0.0,0.3311017276467504,2.961443398449872,0.16696788290062467,1.9056615861686501,0.07689045661607304,0.0005154995187940831,1.846654447349342,0.0,0.0,0.0,0.0,1.0082301449131321,34.587092837771856,19.053781509399414,36.65546417236328,45.88654327392578,0.9856818914413452,0.062919981777668,0.6126964092254639,1.7056171894073486,0.266865611076355,0.027615506201982498,0.0,0.0,0.8879918246655851,0.43708684798833486,0.50778054949668,0.26885950645884954,0.27034357673413045,0.22615630199780334,0.27303986613814896,0.2738126959349658,0.22809638284348152,,,,,,,,,,,,,,,,,,,,,,,,,,,,,,,,,
14,9.998484785627906e-06,9.998484785627906e-06,0.45,19.4752698073516,14.503519277314883,3.6866005562447213,3.6866005562447213,3.6729544948887183,0.0,0.0,0.33383096472637075,2.876207577215659,0.1671537132682027,1.9838369021544586,0.08032598638453999,0.000589147287206976,1.7851782972748216,0.0,0.0,0.0,0.0,0.94273642591528,36.71733876821157,18.831798553466797,38.94340133666992,50.00431823730469,0.9882678389549255,0.08168774098157883,0.5925846695899963,2.0818967819213867,0.26596498489379883,0.03494037687778473,0.0,0.0,0.9970485165312484,0.43972754075720505,0.5589707687575467,0.26761649830921275,0.270074207235027,0.22810830538337296,0.27087634882411443,0.2727924335647274,0.22989344556589383,,,,,,,,,,,,,,,,,,,,,,,,,,,,,,,,,
15,9.998082333893678e-06,9.998082333893678e-06,0.5,16.634023279757113,11.729973612604914,3.6983684269157617,3.6983684269157617,3.6831764401616276,0.0,0.0,0.3331370748378135,2.6146142418320113,0.1622148442107278,1.8606760405205391,0.07580221071839333,0.0007186126014268076,1.796487328168508,0.0,0.0,0.0,0.0,0.9622874114964459,37.11159525690852,18.110363006591797,38.26483154296875,53.437652587890625,0.9927671551704407,0.10088036954402924,0.5808577537536621,2.465576171875,0.2707407474517822,0.042852044105529785,0.0,0.0,1.1814696998209566,0.5125160104519612,0.5662046935866156,0.272502237075084,0.2765682106082504,0.22589400007918076,0.2743869029186867,0.2780611869451162,0.22696773748140078,252.20430219042433,367.65145264618565,0.7318104490640049,-77.7682113647461,252.20430272857013,329.6696446594313,398.2594000024037,438.2433741255575,222.99109268188477,161.9259621376215,509.8216572637143,0.10904037731127045,0.6239342396531404,0.405276471276373,0.4720286807139308,0.6899280909897376,0.40755962543424723,0.27173813323467155,0.908074055571139,0.8134250313609538,0.9175418409878973,0.9514147851391896,0.3134250313609538,0.11754184098789722,0.0014147851391896893,0.0,0.0,0.489010989010989,0.510989010989011,1.0,0.8531444026873662,0.8211647290122378,0.8072541023676212
16,9.997632548349326e-06,9.997632548349326e-06,0.55,17.185764699368864,12.268582472930083,3.690591477059029,3.690591477059029,3.674673389744114,0.0,0.0,0.332475530134665,2.645271211057096,0.15679456374129733,1.9474965591688413,0.07584711234714533,0.0008318949431004758,1.761437844585728,0.0,0.0,0.0,0.0,0.945726934316996,38.70646523140572,17.518917083740234,38.79157638549805,59.03467559814453,0.9999001026153564,0.13038107752799988,0.5970228910446167,2.7054443359375,0.2757832705974579,0.05158604308962822,0.0,0.0,1.2078729803497728,0.4866072197218199,0.5971370933548746,0.277662745198688,0.28326965747652827,0.22383517107448062,0.2774716051849159,0.2829356451292296,0.2238395878592053,,,,,,,,,,,,,,,,,,,,,,,,,,,,,,,,,
17,9.997135433478779e-06,9.997135433478779e-06,0.6,16.952967978812552,12.027848398363268,3.6934383882058635,3.6934383882058635,3.6808051934113375,0.0,0.0,0.3322539434239671,2.6506476112314172,0.15291009964169683,1.9565932331858455,0.08086786680930369,0.0009410559589899069,1.764807430473534,0.0,0.0,0.0,0.0,0.9844771543064633,37.71313930202175,16.489673614501953,37.59808349609375,58.346900939941406,1.0044736862182617,0.1312350183725357,0.5939490795135498,2.65509033203125,0.2840302586555481,0.05426838621497154,0.0,0.0,1.1973212474101298,0.5348962988402393,0.5532558200255373,0.2867352390611494,0.2924309356792553,0.21712123824132457,0.285154271770168,0.29101012043050817,0.21627002350381902,,,,,,,,,,,,,,,,,,,,,,,,,,,,,,,,,
18,9.996590994237791e-06,9.996590994237791e-06,0.65,16.559405584593076,11.665479453834328,3.706200580339174,3.706200580339174,3.7053982244955526,0.0,0.0,0.33097963478114156,2.525902393701914,0.14904050931737228,1.894134582699956,0.07569836150552775,0.0010523684448688418,1.706350639059737,0.0,0.0,0.0,0.0,0.9536019144831477,39.14019765080632,16.013586044311523,39.095821380615234,62.10995101928711,1.0108460187911987,0.15228122472763062,0.557388424873352,2.81439208984375,0.2881009876728058,0.059445254504680634,0.0,0.0,1.0864634336651982,0.4667383794848983,0.5704058093236047,0.2911010634254765,0.2969212975050952,0.21561284886824117,0.287606077419745,0.2938908757390203,0.21379691966482112,,,,,,,,,,,,,,,,,,,,,,,,,,,,,,,,,
19,9.995999236053899e-06,9.995999236053899e-06,0.7,16.421945546124434,11.556332188683587,3.6846915966755636,3.6846915966755636,3.6883483126356795,0.0,0.0,0.3321706805680249,2.4923175090068095,0.14613968133926392,1.8955817673657391,0.0776064815754826,0.001192475132631591,1.6732068255140975,0.0,0.0,0.0,0.0,0.9623976913658349,38.654624835864915,15.072782516479492,38.79157638549805,61.386348724365234,1.0140451192855835,0.15734776854515076,0.5485981702804565,3.03411865234375,0.2940301299095154,0.06213271617889404,0.0,0.0,1.0004695154525138,0.4711997231116166,0.5290214086148419,0.2976179888119569,0.3034436340267594,0.21121799301456762,0.29303636824762497,0.29945405512242707,0.2088930699470881,,,,,,,,,,,,,,,,,,,,,,,,,,,,,,,,,
20,9.995360164826364e-06,9.995360164826364e-06,0.75,15.867131078565443,11.023676034566519,3.6606898694425016,3.6606898694425016,3.664487632545265,0.0,0.0,0.3333538045754304,2.491457565410717,0.14517769418858192,1.900392187608255,0.07958089449518435,0.0013202784088993998,1.6642401025101945,0.0,0.0,0.0,0.0,1.0190486344131264,36.92571000795107,13.940045356750488,36.942955017089844,59.49768829345703,1.0165549516677856,0.15781287848949432,0.4882902204990387,3.095916748046875,0.30216702818870544,0.0637163370847702,0.0,0.0,0.9750208129753938,0.5249812607024167,0.4615691750206101,0.3065926319844014,0.3125643561015258,0.20409743246194478,0.30111584872812835,0.30792752633223663,0.20138552301638835,251.5454986698025,365.88164899067954,0.735007315939399,-73.88734056661417,251.54549898237124,329.0674399530944,398.03668704207377,438.24558717001645,225.23693030221122,162.79488538401995,504.4365658967391,0.1169395581588826,0.6541963176572828,0.4773213536272308,0.3990109252982875,0.7440235109016871,0.42314707057542295,0.30059151635761516,0.9054189205283955,0.8197688449878786,0.9222305436227364,0.9551178948690521,0.3197688449878786,0.12223054362273633,0.00511789486905212,0.0,0.0,0.510989010989011,0.489010989010989,1.0,0.8539455519927727,0.8234858152630565,0.8085444946210463
21,9.994673786926107e-06,9.994673786926107e-06,0.8,15.733274047439163,10.898787395374194,3.648893188785862,3.648893188785862,3.6567742824554443,0.0,0.0,0.3307413482988203,2.5316793886390894,0.14528654596290072,1.878882124617293,0.07815914057396553,0.0014556792904496998,1.6856776733656187,0.0,0.0,0.0,0.0,1.0681952963004242,35.11452396495922,13.121062278747559,34.569393157958984,57.2183723449707,1.017246961593628,0.155461385846138,0.4387473464012146,2.98834228515625,0.3095178008079529,0.06519078463315964,0.0,0.0,0.9900497600838944,0.5593234872495806,0.4350551762143906,0.3146488102706703,0.32120200991630554,0.1970204280034916,0.3087770222006617,0.3162563153215357,0.19422755410542358,,,,,,,,,,,,,,,,,,,,,,,,,,,,,,,,,
22,9.99394010919566e-06,9.99394010919566e-06,0.85,14.670423920090133,9.87116017212739,3.645109711466609,3.645109711466609,3.6502975128792428,0.0,0.0,0.3288346504842913,2.4532994547405758,0.14434913807624095,1.8131514046643231,0.07610193690335429,0.001709472284199217,1.674089728174983,0.0,0.0,0.0,0.0,1.0755726308436007,34.17614421328983,12.32609748840332,34.09998321533203,55.89291000366211,1.0195069313049316,0.1587238907814026,0.40854862332344055,3.1448974609375,0.3162538409233093,0.0676906555891037,0.0,0.0,0.8852649347202198,0.4899933366356669,0.44650090902953815,0.32198723345189484,0.32914095150457845,0.19103495092005343,0.3151852319369445,0.3234508915527447,0.18799030216964516,,,,,,,,,,,,,,,,,,,,,,,,,,,,,,,,,
23,9.99315913894908e-06,9.99315913894908e-06,0.9,15.868788358327505,11.031389043137834,3.67225549672101,3.67225549672101,3.684483038412558,0.0,0.0,0.32947030985677567,2.4869813306911572,0.14295985167090958,1.840920944471617,0.07622604263392654,0.0017318135218669635,1.6431887536435514,0.0,0.0,0.0,0.0,1.0505904490883287,34.29747689736856,11.970219612121582,34.367431640625,55.89291000366211,1.0230792760849,0.1702198088169098,0.4633054733276367,3.2181396484375,0.32085466384887695,0.07026349753141403,0.0,0.0,0.7802713803342871,0.4124038259725313,0.47146103731775024,0.32695289479719625,0.3345397010042861,0.18779200758482958,0.31898289757805903,0.3278919579209508,0.18442947961188652,,,,,,,,,,,,,,,,,,,,,,,,,,,,,,,,,
24,9.992330883971888e-06,9.992330883971888e-06,0.95,15.224498155954722,10.414134489523398,3.6797668547243685,3.6797668547243685,3.6951766594036206,0.0,0.0,0.3270125598520846,2.3685368847202612,0.1397246903664357,1.808426940763319,0.07427127790209409,0.0018195506449587443,1.6063389359293758,0.0,0.0,0.0,0.0,1.0205747597926371,34.97258253355284,11.73869514465332,35.38918685913086,57.2183723449707,1.02800714969635,0.18991753458976746,0.3718087673187256,3.30419921875,0.32477426528930664,0.07549458742141724,0.0,0.0,0.737029618508107,0.41299039125442505,0.43965563814056907,0.33115995977375956,0.3390020848931493,0.18580783017583796,0.321496769383147,0.3309227558406624,0.18200063947084788,,,,,,,,,,,,,,,,,,,,,,,,,,,,,,,,,
25,9.991455352520992e-06,9.991455352520992e-06,1.0,15.108087952072555,10.322153967780036,3.6360997509311987,3.6360997509311987,3.6421499381194242,0.0,0.0,0.3302563992706505,2.428266960221368,0.13957225994483843,1.8276156509244763,0.07493047959901192,0.0018975314010891157,1.6364489890433647,0.0,0.0,0.0,0.0,1.1000316449113794,32.81177283622123,10.258687973022461,32.602046966552734,55.67499923706055,1.03375244140625,0.21511989831924438,0.3756518065929413,3.50286865234375,0.33531007170677185,0.08352736383676529,0.0,0.0,0.8246125901067579,0.5137409414793994,0.37699114997396743,0.3425569292661306,0.35151258272093694,0.17743996470361142,0.3308437474676081,0.3416920932563576,0.17306261731160655,247.92608481187088,361.6986937820435,0.7224477363644105,-74.5633000593919,247.92608468237802,324.38821446050116,393.1423319258259,433.2647767353241,223.7578522818429,159.00070823255436,500.98154582148015,0.1391453095383218,0.698012632439405,0.507075386085852,0.16453362550289627,0.8113858000730527,0.43468669426872714,0.2740175065501052,0.8967882950009742,0.8674338617336159,0.9258542453934301,0.9558590358212937,0.3674338617336159,0.12585424539343004,0.005859035821293768,0.0,0.0,0.5,0.5,1.0,0.8427520386137806,0.81685732960046,0.8029845792513627
26,9.990532553324594e-06,9.990532553324594e-06,1.0,14.86657258626577,10.110047275955612,3.631580855395343,3.631580855395343,3.6450975005691117,0.0,0.0,0.32995781060811635,2.3191405019244633,0.13779404638586817,1.8216292568155237,0.07751338828254391,0.0018923191473240385,1.5798377990722656,0.0,0.0,0.0,0.0,1.0233165283460874,33.992701607781484,10.584334373474121,33.70270538330078,57.667137145996094,1.0426900386810303,0.2524055242538452,0.33251702785491943,3.6209716796875,0.3398227095603943,0.09290116280317307,0.0,0.0,0.7013531343356983,0.3919660134895428,0.4411288774508696,0.3473542227938369,0.35649789024043727,0.1764341310874836,0.3326752604664983,0.343996720539557,0.17143382937521548,,,,,,,,,,,,,,,,,,,,,,,,,,,,,,,,,
27,9.989562495582118e-06,9.989562495582118e-06,1.0,15.143447927526525,10.400136058394974,3.597467261391717,3.597467261391717,3.602049363626016,0.0,0.0,0.33034393271884405,2.398727774620056,0.13763098136798754,1.8339047979664158,0.0783327919607227,0.0021244527054698884,1.6179639487653166,0.0,0.0,0.0,0.0,1.0984909486126255,32.1635609704095,9.322417259216309,31.35308074951172,56.33127975463867,1.0466893911361694,0.26834702491760254,0.25,3.559173583984375,0.3486216366291046,0.09988036006689072,6.49188773708374e-07,0.0,0.8470731554804621,0.5502486873317409,0.3504118460469469,0.3569048449799821,0.3669610402068576,0.16865262590550087,0.34057655125050934,0.3530392582352097,0.1632419224526431,,,,,,,,,,,,,,,,,,,,,,,,,,,,,,,,,
28,9.988545188964102e-06,9.988545188964102e-06,1.0,13.803024034242373,9.090465223467028,3.620467405061464,3.620467405061464,3.6338909187832393,0.0,0.0,0.3274874284460738,2.2102214613476314,0.13429096381406527,1.7859578970316294,0.0755287355466469,0.0021680576720501522,1.5518608576542623,0.0,0.0,0.0,0.0,1.0266682328404606,34.17431341635214,9.195829391479492,33.76859664916992,59.49768829345703,1.0531501770019531,0.2907675802707672,0.30727440118789673,3.6596527099609375,0.3521213233470917,0.10692702233791351,0.0,0.0,0.7577793678721866,0.4583334068994264,0.3951624624111793,0.36068048589938395,0.37074682358148936,0.16711994119592616,0.3420204616881706,0.3549466125062994,0.1613601305194803,,,,,,,,,,,,,,,,,,,,,,,,,,,,,,,,,
29,9.987480643612116e-06,9.987480643612116e-06,1.0,14.544034725910908,9.80085396122288,3.607926510475777,3.607926510475777,3.620300389624931,0.0,0.0,0.32982934890566645,2.3625636809581034,0.13751874622460958,1.8256044999973193,0.07730691356433404,0.0026554301368525704,1.5980467151951145,0.0,0.0,0.0,0.0,1.1097134979995522,32.146390244767474,8.356560707092285,30.507383346557617,58.11942672729492,1.051963448524475,0.28839418292045593,0.25,3.59075927734375,0.3595781922340393,0.10860971361398697,1.298377547416748e-06,0.0,0.9874024810017766,0.6413875608830839,0.35042946192280244,0.36883499735110514,0.38001550371582443,0.15804956450655655,0.3503553980105632,0.3643475199067915,0.15233006227660822,,,,,,,,,,,,,,,,,,,,,,,,,,,,,,,,,
30,9.986368870138651e-06,9.986368870138651e-06,1.0,14.476962166863519,9.765611996521821,3.6018328859999373,3.6018328859999373,3.617902961937157,0.0,0.0,0.32847025909939326,2.2586312455099984,0.1341824813469036,1.8180035707112905,0.07921355660702731,0.0024445659160060255,1.531269208804981,0.0,0.0,0.0,0.0,1.0371517684008624,33.691332791302656,8.3077392578125,32.6657829284668,60.671173095703125,1.0570541620254517,0.30655378103256226,0.27275973558425903,3.64935302734375,0.36291104555130005,0.11490470170974731,0.0,0.0,0.7712247097814405,0.4549770331060564,0.4100590562833579,0.3724073195779646,0.3838430296730351,0.15613914824820854,0.3520137748202762,0.3663898416467615,0.15038955574100082,240.94063291444883,352.73620132510706,0.704657751015422,-70.9389871450571,240.9406343230883,315.9139677155926,384.0900022985091,424.2893009594324,221.95611299787248,154.16999346710915,487.16463569972825,0.1888778665009169,0.727010116279246,0.5548101583953857,0.01723521483732179,0.8557875775826138,0.4213742160856839,0.2397422436417458,0.87827796560378,0.8962812681814384,0.927687375535809,0.9581805508628739,0.3962812681814384,0.127687375535809,0.008180550862873948,0.0,0.0,0.5054945054945055,0.4945054945054945,1.0,0.8261996427407632,0.8037906971934078,0.7914520721514147
31,9.98520987962702e-06,9.98520987962702e-06,1.0,13.266522381756756,8.572866388269373,3.6032235815718368,3.6032235815718368,3.6171669186772526,0.0,0.0,0.32873493513545476,2.184947809657535,0.13280730553575465,1.7993343101965416,0.0778093905867757,0.0025872559840413364,1.5327003485447652,0.0,0.0,0.0,0.0,1.0285497726620854,32.9719347051672,8.099455833435059,31.475791931152344,59.730560302734375,1.0644793510437012,0.3336207866668701,0.25,3.6578216552734375,0.37032824754714966,0.12475725263357162,6.49188773708374e-07,0.0,0.7108280723159378,0.40165296599671646,0.4349506137425085,0.38043446234754613,0.392401607455434,0.15070431377436663,0.35722683329839966,0.3721835178297919,0.1445943310454085,,,,,,,,,,,,,,,,,,,,,,,,,,,,,,,,,
32,9.98400368363124e-06,9.98400368363124e-06,1.0,13.966722771928117,9.256801527899665,3.597821486962808,3.597821486962808,3.616906050089243,0.0,0.0,0.3296826884553239,2.2527319386198714,0.13293067164517738,1.8375990422996316,0.08099191192839597,0.002667324177014667,1.5000623400146897,0.0,0.0,0.0,0.0,1.0185215602049957,33.320663916098106,7.743664264678955,31.909082412719727,60.90863800048828,1.0691636800765991,0.34721308946609497,0.25,3.6775054931640625,0.3762931525707245,0.13081729412078857,6.49188773708374e-07,0.0,0.7514519836451556,0.45124875532614217,0.3994975525419239,0.3869627657774332,0.3991847867901261,0.14546935099202232,0.3618034704311474,0.37730445813488317,0.1392542530555983,,,,,,,,,,,,,,,,,,,,,,,,,,,,,,,,,
33,9.982750294175925e-06,9.982750294175925e-06,1.0,13.319774756560454,8.656673753583753,3.565643258996912,3.565643258996912,3.577364560720083,0.0,0.0,0.32843354505461614,2.218358912983456,0.13315089489962603,1.7981417146888938,0.0783460301321906,0.003063287925780625,1.539861318227407,0.0,0.0,0.0,0.0,1.091223032087893,31.002032202643317,6.995818138122559,28.82745361328125,58.11942672729492,1.0702210664749146,0.35365739464759827,0.25,3.7324371337890625,0.38336849212646484,0.13440585136413574,9.088642831917236e-06,0.0,0.8136463874095196,0.5064450139934952,0.3775612823576708,0.39473848648973414,0.40769297931645365,0.13721033004490105,0.3691371244353217,0.38524903316755554,0.1310507268519015,,,,,,,,,,,,,,,,,,,,,,,,,,,,,,,,,
34,9.981449723756163e-06,9.981449723756163e-06,1.0,13.834690661043734,9.163466195802432,3.5959056841360555,3.5959056841360555,3.610617360553226,0.0,0.0,0.32720144052763245,2.1497584967999845,0.12979775123499535,1.7910820793461155,0.0766320838718801,0.002769318871779015,1.4367732228459538,0.0,0.0,0.0,0.0,0.9774037229048239,34.38885719711716,7.743664264678955,32.53843307495117,63.58284378051758,1.0776915550231934,0.37086164951324463,0.25,3.706573486328125,0.38451898097991943,0.1404336392879486,9.73783160562561e-06,0.0,0.6962230640488702,0.4300477875245584,0.38231321291824955,0.39594193245913534,0.40848745365400574,0.1387425044903884,0.3674457371234894,0.38357245036073634,0.13247138100701408,,,,,,,,,,,,,,,,,,,,,,,,,,,,,,,,,
35,9.980101985337389e-06,9.980101985337389e-06,1.0,13.771343927125674,9.094301571717134,3.591868883854634,3.591868883854634,3.609302404764536,0.0,0.0,0.32681496884371786,2.165470600128174,0.13158810903897156,1.8088575343827944,0.07912726186819978,0.003077668804876708,1.474321890521694,0.0,0.0,0.0,0.0,1.0452512953732465,32.43835495613717,6.954946994781494,30.03441047668457,61.626609802246094,1.0791186094284058,0.3816063702106476,0.25,3.7088623046875,0.39056631922721863,0.14460769295692444,1.4931341795292603e-05,0.0,0.7688028602986723,0.481757584455851,0.37336655554495085,0.4024879658544386,0.4161004029415749,0.1320112039511268,0.37362605977702784,0.39033882601841075,0.12566982531869733,228.324980704339,336.0255381683001,0.673810641406042,-61.00875395470923,228.32498061630278,301.6520207509289,367.88311408364297,408.9458901133438,214.20840890066964,147.40237027545308,457.4083013119905,0.25992405531265067,0.7439459945369113,0.5368440129030163,-0.11211615983674124,0.8779757625313764,0.40319740981006996,0.23162639581918215,0.8506041556537842,0.8944112885939549,0.9301703015270721,0.9626315486264758,0.3944112885939549,0.1301703015270721,0.012631548626475864,0.0,0.0,0.5274725274725275,0.4725274725274725,1.0,0.8060879317613748,0.7857666727933255,0.7735437297231549
36,9.978707092355254e-06,9.978707092355254e-06,1.0,12.666934296891496,8.021960683771082,3.581475760485675,3.581475760485675,3.596773147583008,0.0,0.0,0.3270503556406176,2.0899730920791626,0.1289177230886511,1.7845537243662655,0.07934007229837212,0.003393406532956539,1.4399298655020225,0.0,0.0,0.0,0.0,1.006934997197744,33.85895790924897,7.140768527984619,30.98780632019043,64.33234405517578,1.0830711126327515,0.3939637839794159,0.25,3.8211288452148438,0.39377716183662415,0.14987118542194366,1.2983775474167481e-05,0.0,0.773264337230373,0.4759590142482036,0.3844808413731299,0.4058712221480705,0.4201612190620319,0.12962353732940313,0.3754523670351183,0.3925814821913436,0.12329051160329096,,,,,,,,,,,,,,,,,,,,,,,,,,,,,,,,,
37,9.977265058715502e-06,9.977265058715502e-06,1.0,12.956218848357329,8.283251195340544,3.6231582615826583,3.6231582615826583,3.6396999423568315,0.0,0.0,0.32641924233049957,2.03892014477704,0.1281774607864586,1.7788362503051758,0.07820096712660145,0.003270430112811359,1.4127941163810525,0.0,0.0,0.0,0.0,0.987754949041315,34.19131619221455,7.085197925567627,31.35308074951172,65.60118103027344,1.0887619256973267,0.4089713394641876,0.25,3.726715087890625,0.39859330654144287,0.15616044402122498,7.1410765107921145e-06,0.0,0.7194999118109007,0.4484963288178315,0.3766554777067081,0.4111882778438362,0.4252289920239835,0.12619160055308729,0.3783954446380203,0.39555222762597575,0.11998316907399409,,,,,,,,,,,,,,,,,,,,,,,,,,,,,,,,,
38,9.97577589879382e-06,9.97577589879382e-06,1.0,12.38563212832889,7.784645093453897,3.5496482849121094,3.5496482849121094,3.5630263315664754,0.0,0.0,0.3270474366239599,2.0537721240842663,0.129072834712428,1.7692433305688806,0.07590083717494397,0.0036442049502118214,1.4361493555275169,0.0,0.0,0.0,0.0,1.0146810509063102,32.68510885496397,6.84712028503418,29.74253273010254,62.597084045410156,1.090219497680664,0.41255977749824524,0.25,3.7713470458984375,0.40274494886398315,0.15928247570991516,1.2983775474167481e-05,0.0,0.7954021563401094,0.49836172364853526,0.37344685367506264,0.41578437830950765,0.42986033816595337,0.1221344889821233,0.3820976163889911,0.3994360437264314,0.11584108121491768,,,,,,,,,,,,,,,,,,,,,,,,,,,,,,,,,
39,9.974239627435695e-06,9.974239627435695e-06,1.0,13.070705362268397,8.415794875170734,3.6033227057070345,3.6033227057070345,3.618809989980749,0.0,0.0,0.3259633215698036,2.0599697280574487,0.12763147921981038,1.7857083597698726,0.0740907856741467,0.003766853072856729,1.381937954876874,0.0,0.0,0.0,0.0,0.9577691152289107,34.13276259963577,7.224940776824951,31.291902542114258,65.0906753540039,1.0919044017791748,0.414109468460083,0.25,3.835205078125,0.40480923652648926,0.16106587648391724,1.947566321125122e-05,0.0,0.7887018081304189,0.4937033282743918,0.37403043433526206,0.41800037992967143,0.4324276197601009,0.1200960365098876,0.38350415793625087,0.4010924656648894,0.11406228409425632,,,,,,,,,,,,,,,,,,,,,,,,,,,,,,,,,
40,9.972656259956278e-06,9.972656259956278e-06,1.0,12.860090616587046,8.270088724187902,3.542830499442848,3.542830499442848,3.5577379175134607,0.0,0.0,0.3249235757299372,2.0366666316986084,0.12840670105573293,1.7758503894548159,0.07807879039161914,0.004172864388926206,1.3940006043459918,0.0,0.0,0.0,0.0,0.9835091249362843,33.16598428262247,7.112929344177246,30.093130111694336,63.831703186035156,1.0918327569961548,0.4162360727787018,0.25,3.8207855224609375,0.4077514410018921,0.16225707530975342,1.6878908116417723e-05,0.0,0.9058184672046352,0.5905859937538972,0.34800844193820485,0.4212304329549944,0.4360294905868736,0.11642305371729103,0.38686690539927093,0.4042768711979325,0.1103871039844848,207.70599180787474,317.791279869671,0.5865218694984433,-77.9830069908729,207.70599213399498,274.4091944074079,335.27833593112,374.44802183232514,191.5605136326381,122.80986842074135,448.2411714636761,0.3532815683829173,0.7608662954505258,0.45522571146366175,-0.14921385392133638,0.8982391658976523,0.3634802034513799,0.24446280183279417,0.8084946206851593,0.8918676388692099,0.9374218571186121,0.9705884337376911,0.39186763886920994,0.1374218571186121,0.020588433737691147,0.0,0.0,0.510989010989011,0.489010989010989,0.9945054945054945,0.7589131082807269,0.7441096029111317,0.733779720388926
41,9.971025812140218e-06,9.971025812140218e-06,1.0,13.05684587117788,8.449323216000119,3.558306906674359,3.558306906674359,3.5721642326664282,0.0,0.0,0.32561853447475947,2.0344162051742143,0.12606974288418488,1.802670279064694,0.0769657780592506,0.00403739048822506,1.345871258426357,0.0,0.0,0.0,0.0,0.9357104092030912,34.00579632939519,7.520090103149414,30.98780632019043,64.83690643310547,1.0942341089248657,0.4182240664958954,0.25,3.8143768310546875,0.410015732049942,0.16413187980651855,2.0774040758667967e-05,0.0,0.8957270754350198,0.5921805807062097,0.33888279483054523,0.4238207912122881,0.4381275354204951,0.1144277465504569,0.38824975329476435,0.40557371039648316,0.10877233783941011,,,,,,,,,,,,,,,,,,,,,,,,,,,,,,,,,
42,9.969348300241508e-06,9.969348300241508e-06,1.0,12.270454020113558,7.672982190106366,3.556693070643657,3.556693070643657,3.573737144470215,0.0,0.0,0.32433378857535283,2.0137122353991947,0.12649290042149053,1.779632255837724,0.07662592455744743,0.004663653464081722,1.365625168826129,0.0,0.0,0.0,0.0,0.9936212768425813,33.06066662556416,6.780579090118408,29.858943939208984,64.08153533935547,1.0949629545211792,0.41329509019851685,0.25,3.7835922241210938,0.41399911046028137,0.1653059870004654,2.2072418306084715e-05,0.0,1.0452055399482314,0.7108451007185755,0.31989922216276867,0.42830008509996775,0.44231357606681615,0.11034516748544332,0.3918425851577037,0.40925460490020543,0.10472639891746882,,,,,,,,,,,,,,,,,,,,,,,,,,,,,,,,,
43,9.967623740983328e-06,9.967623740983328e-06,1.0,12.435580820650667,7.839717478365512,3.554800793931291,3.554800793931291,3.572594114252039,0.0,0.0,0.3256642190185753,2.008895439070624,0.1251242795103305,1.7930732288876094,0.07806798876137347,0.004486125465985891,1.3123465228725124,0.0,0.0,0.0,0.0,0.9525346594887811,33.991095877982474,7.126835346221924,30.626787185668945,65.60118103027344,1.1009643077850342,0.42749130725860596,0.25,3.8202133178710938,0.41713517904281616,0.17064327001571655,1.8826474437542847e-05,0.0,0.8992057273516784,0.621433171066078,0.3089087934345016,0.4317397902140746,0.4454374595268353,0.10904614647498002,0.39293955709483175,0.41007680989600515,0.10342286023739222,,,,,,,,,,,,,,,,,,,,,,,,,,,,,,,,,
44,9.965852151557875e-06,9.965852151557875e-06,1.0,12.843071447836387,8.24048307779673,3.5600760691874735,3.5600760691874735,3.5773038413073563,0.0,0.0,0.3260283808450441,2.0133307850038684,0.12403178396257195,1.8045474516378868,0.07699788734316826,0.004457507490155262,1.2870372308267128,0.0,0.0,0.0,0.0,0.9393554797043672,34.35273526165936,7.161718845367432,30.98780632019043,66.37447357177734,1.1065170764923096,0.4454018175601959,0.25,3.8195266723632812,0.4201376438140869,0.17769277095794678,1.947566321125122e-05,0.0,0.8539387986466691,0.5965415046021745,0.3014235849833975,0.4349862272674973,0.44855353236198425,0.10806201539329581,0.39393114479812413,0.4108979323425809,0.10227004680279139,,,,,,,,,,,,,,,,,,,,,,,,,,,,,,,,,
45,9.964033549626186e-06,9.964033549626186e-06,1.0,13.570736292246226,8.959269111220902,3.5468662171750456,3.5468662171750456,3.5640596119133203,0.0,0.0,0.3266929790780351,2.0880241007418245,0.12438179834468945,1.840272329949044,0.07773447348862081,0.004776940794309249,1.2714664968284402,0.0,0.0,0.0,0.0,0.9205165183221972,34.2606699144518,7.331553936004639,31.35308074951172,65.60118103027344,1.105215072631836,0.44232499599456787,0.25,3.83154296875,0.42104196548461914,0.17749005556106567,1.2334586700459105e-05,0.0,1.012085189690461,0.7281044737712757,0.28058973573760004,0.4360092467552907,0.44971250682263764,0.1062898525112384,0.395346215447864,0.4123293266103074,0.10067597696104565,190.7113764836238,301.64984002709554,0.5124440935923635,-92.16493828742058,190.711375108921,251.2283932151803,305.74340818306456,343.30104054398805,172.7795284816197,103.77180809198424,437.24892558222234,0.4220409047793397,0.7698462990305468,0.3558166393732084,-0.1955794859072344,0.9046247750891053,0.36202641750064485,0.2704894643140121,0.7737074947397137,0.8934552790463156,0.9452790930261646,0.9757779774221893,0.3934552790463156,0.1452790930261646,0.025777977422189347,0.0,0.0,0.4725274725274725,0.5274725274725275,0.9587912087912088,0.7209399681497406,0.7084632111447198,0.6976347750687337
46,9.962167953317975e-06,9.962167953317975e-06,1.0,12.623491802731076,8.042405837290996,3.5471540786124565,3.5471540786124565,3.5651803145537504,0.0,0.0,0.32576327952178746,1.96517677887066,0.1229171223334364,1.818233596312033,0.07902604794582806,0.004556439640755589,1.2375991666639172,0.0,0.0,0.0,0.0,0.9005620173505835,34.45016840341929,7.5642828941345215,31.35308074951172,65.85794067382812,1.1069128513336182,0.4431641697883606,0.25,3.7879409790039062,0.42295676469802856,0.17815695703029633,1.2983775474167481e-05,0.0,0.8880117632247306,0.6424375458343609,0.27654387876416214,0.4381968346801964,0.4515255810441198,0.10450599402994723,0.3968759670450881,0.4135125891582386,0.09910300051843798,,,,,,,,,,,,,,,,,,,,,,,,,,,,,,,,,
47,9.960255381231442e-06,9.960255381231442e-06,1.0,13.564196921683646,8.980844214155868,3.533224666440809,3.533224666440809,3.549491779224293,0.0,0.0,0.32512723996832565,2.0489064777219617,0.12461108996255978,1.8162097479846027,0.07858650023872787,0.004942394119712549,1.2409074242050584,0.0,0.0,0.0,0.0,0.9382520285812584,33.574283857603334,7.2390666007995605,30.447856903076172,64.33234405517578,1.107481837272644,0.44523727893829346,0.25,3.7255706787109375,0.42524150013923645,0.1802796870470047,5.7128612086336916e-05,0.0,0.8873366133586781,0.6416681038366782,0.2768605575646365,0.4407533423320667,0.4539877087683291,0.1021419807865813,0.3989242830791989,0.41547504631248683,0.09683063968613341,,,,,,,,,,,,,,,,,,,,,,,,,,,,,,,,,
48,9.958295852433086e-06,9.958295852433086e-06,1.0,12.251968538438952,7.7113786388087915,3.5186044847643054,3.5186044847643054,3.5347972496135815,0.0,0.0,0.32437289727700724,1.9323621730546694,0.12290724044716037,1.790452399769345,0.08042510961358612,0.005380885700720387,1.2385122486062952,0.0,0.0,0.0,0.0,0.9378348524506027,33.59469918946962,7.030060768127441,30.626787185668945,64.58413696289062,1.1100679636001587,0.45059263706207275,0.25,3.7381591796875,0.4272753596305847,0.18318460881710052,3.051187236429358e-05,0.0,0.9868651999009622,0.7301589427767573,0.2601229196753183,0.44303161791853,0.4558916687965393,0.1010207437180184,0.39987504160082016,0.4164409234717086,0.09570721557011476,,,,,,,,,,,,,,,,,,,,,,,,,,,,,,,,,
49,9.956289386457527e-06,9.956289386457527e-06,1.0,12.855523960010425,8.268664321383914,3.5461626052856445,3.5461626052856445,3.5680343653704667,0.0,0.0,0.32465046644210815,2.0108640129501754,0.12452790080695539,1.8069639012620256,0.08035590056632017,0.005796803073403803,1.2261208779103048,0.0,0.0,0.0,0.0,0.9354119236404831,33.139904279966615,7.224940776824951,30.507383346557617,63.088043212890625,1.1067721843719482,0.4452421963214874,0.25,3.78485107421875,0.42773181200027466,0.18185025453567505,5.842698963375366e-05,0.0,1.1133787124543577,0.8242723096061397,0.259665825845462,0.44364652037620544,0.4564430850583154,0.09874450415372849,0.4017103733243169,0.41812497780129715,0.09373320820363792,,,,,,,,,,,,,,,,,,,,,,,,,,,,,,,,,
50,9.954236003307295e-06,9.954236003307295e-06,1.0,12.120995985495078,7.555211183187124,3.5379835077234216,3.5379835077234216,3.556925109914831,0.0,0.0,0.3234229530837085,1.9632988878198572,0.12307361916110322,1.7914070342038129,0.07970208976719831,0.005684847603677897,1.2427491368474186,0.0,0.0,0.0,0.0,0.9564783428166364,32.14841399321685,7.050686359405518,29.511075973510742,61.386348724365234,1.1072204113006592,0.45208626985549927,0.25,3.7489166259765625,0.4292062819004059,0.18506647646427155,3.116106113800195e-05,0.0,1.0614728379893947,0.7952925305108767,0.2507650671332369,0.44520624344413345,0.45847739077903127,0.0969886816031224,0.40308909802823456,0.41953349435651627,0.09217764175421483,169.2186136979323,275.7951123521615,0.46101934699708763,-72.51286519228758,169.2186143730339,230.31918253900653,281.7195742093471,319.6947455987528,162.4459718976702,93.56953640131988,382.3955585645593,0.48023946208490964,0.7683337142453205,0.26648844069665756,-0.2212607314156694,0.8853603931908572,0.39836931978985324,0.3249131381457234,0.7401232548753461,0.893782772002103,0.9537077548359707,0.9798371254526383,0.393782772002103,0.15370775483597066,0.02983712545263839,0.0,0.0,0.510989010989011,0.489010989010989,0.9349816849816849,0.6993397186090659,0.6845046031278569,0.6705710976333409
51,9.952135723452648e-06,9.952135723452648e-06,1.0,12.036443452577334,7.485882308032061,3.53486400681573,3.53486400681573,3.5545621755960823,0.0,0.0,0.3239183071497324,1.9166577248959928,0.12276149178678925,1.7923898761336867,0.07878811808454024,0.005832467209296049,1.1876688519039669,0.0,0.0,0.0,0.0,0.915693186424874,33.38969931731353,7.389056205749512,30.98780632019043,62.84208679199219,1.107162356376648,0.4408658742904663,0.25,3.7566986083984375,0.42967504262924194,0.18258413672447205,5.063672434925317e-05,0.0,1.1263998070278682,0.8432698008176442,0.2513583582345368,0.44581747216147344,0.45861758251447937,0.09642789814923261,0.40322895066158193,0.4198142628411989,0.0918675133505383,,,,,,,,,,,,,,,,,,,,,,,,,,,,,,,,,
52,9.949988567831349e-06,9.949988567831349e-06,1.0,12.822517833194217,8.253436655611605,3.5283338959152633,3.5283338959152633,3.550144575737618,0.0,0.0,0.32473621738923564,2.0063842309487834,0.12347456329577677,1.8178845998403188,0.07956711847234417,0.0070269223352944525,1.206806205414437,0.0,0.0,0.0,0.0,0.9583254424301354,32.30307321290712,7.064471244812012,30.03441047668457,61.14702606201172,1.1080341339111328,0.4449564814567566,0.25,3.705657958984375,0.43136483430862427,0.18449009954929352,5.5830234538920165e-05,0.0,1.308356939135371,1.0046873704807178,0.23209994120972344,0.4477040381044955,0.4603724487729975,0.09499609188453571,0.40472496441892675,0.42121476659903656,0.0902398057483338,,,,,,,,,,,,,,,,,,,,,,,,,,,,,,,,,
53,9.947794557848477e-06,9.947794557848477e-06,1.0,12.082980130169842,7.550953658851418,3.5062366691795557,3.5062366691795557,3.527897815446596,0.0,0.0,0.323159914564442,1.9553594331483584,0.12286487966775894,1.7982964096842586,0.08119970076792948,0.007077377874756584,1.1906115815446183,0.0,0.0,0.0,0.0,0.9466959447474093,32.054416089444544,7.288721084594727,29.91731834411621,60.199031829833984,1.1057193279266357,0.4427560269832611,0.25,3.7150421142578125,0.4313468337059021,0.1843796968460083,5.2584290670378293e-05,0.0,1.3472767053423702,1.039699673652649,0.22829536833085803,0.4476422603065903,0.46085545098459396,0.0937898306025041,0.4055570065975189,0.4220716631090319,0.0892531614045839,,,,,,,,,,,,,,,,,,,,,,,,,,,,,,,,,
54,9.945553715376199e-06,9.945553715376199e-06,1.0,12.555784483213682,7.9957247553644955,3.5363473634462097,3.5363473634462097,3.5566916852384,0.0,0.0,0.32284770301870397,1.9558041450139638,0.12287231091711973,1.8010622875110522,0.07825817590629733,0.006619476058797256,1.1701180451625102,0.0,0.0,0.0,0.0,0.9232979610159591,32.13067683658085,7.608734607696533,30.21091079711914,59.730560302734375,1.109884262084961,0.4526098072528839,0.25,3.8130035400390625,0.43352243304252625,0.18838909268379211,2.5967550948334962e-05,0.0,1.2209028859396238,0.9524232729061229,0.21990251323460117,0.450015015698768,0.46306762018719233,0.09296872325845666,0.4061892950857008,0.42276100049147736,0.08845457354107418,,,,,,,,,,,,,,,,,,,,,,,,,,,,,,,,,
55,9.943266062753553e-06,9.943266062753553e-06,1.0,11.552469537064836,7.0161651920627905,3.5353681783418396,3.5353681783418396,3.555930550033982,0.0,0.0,0.32263206146858836,1.886780484302624,0.122176561806653,1.7526392163457096,0.07811171772914964,0.00675232957016576,1.1889921104585803,0.0,0.0,0.0,0.0,0.9441857225186115,30.80045761933198,7.403501987457275,29.281417846679688,56.551753997802734,1.1080666780471802,0.45050662755966187,0.25,3.7271728515625,0.43413975834846497,0.18788409233093262,2.0774040758667967e-05,0.0,1.3127686123590212,1.0200446103070233,0.2229821762160951,0.45069562583356293,0.4640901990838953,0.09119905934140489,0.4076142552736643,0.42425203403911077,0.0868444972344347,155.37660345140395,256.19315552654643,0.4340537483174512,-50.35615147601117,155.3766050517011,214.5190555337843,262.7981263139054,302.60501352911655,150.11777114868164,90.74629856080048,337.4227155602497,0.5136588254134166,0.7579577580306552,0.19712356967318664,-0.23070007404364545,0.8552462276976109,0.4527498434177177,0.3925242854232074,0.7151762536111312,0.8951482774960439,0.9589139067210792,0.9826843938447932,0.39514827749604386,0.1589139067210792,0.03268439384479327,0.0,0.0,0.5384615384615384,0.46153846153846156,0.9203296703296703,0.6829382104205561,0.6656282457349064,0.6496967796113465
56,9.94093162278624e-06,9.94093162278624e-06,1.0,12.073031812100798,7.551604361147494,3.5054045303447827,3.5054045303447827,3.523828422701037,0.0,0.0,0.32326904503074855,1.9344302029223055,0.12124303949845804,1.7889990226642505,0.07922566903604043,0.006890348209118521,1.1386361766505886,0.0,0.0,0.0,0.0,0.9285403844472524,31.769336803539378,7.476156234741211,30.21091079711914,58.346900939941406,1.1108131408691406,0.4446682929992676,0.25,3.66033935546875,0.43598446249961853,0.18790410459041595,2.272160707979309e-05,0.0,1.269672743372015,0.9831474439517872,0.22566862281320602,0.45282188057899475,0.4654825780842755,0.0904374366273751,0.4080276505367176,0.424721448808103,0.08627029609035801,,,,,,,,,,,,,,,,,,,,,,,,,,,,,,,,,
57,9.938550418746374e-06,9.938550418746374e-06,1.0,11.425159273920832,6.938128162074733,3.481147424594776,3.481147424594776,3.500083588265084,0.0,0.0,0.32216692293012467,1.8890788555145264,0.12083668523543589,1.7751399310859475,0.08013691008090973,0.007828380358782975,1.1726034686372087,0.0,0.0,0.0,0.0,0.9654930378939655,30.375173001675993,7.3818440437316895,28.996858596801758,55.45794677734375,1.1116855144500732,0.4529205858707428,0.25,3.681396484375,0.437412291765213,0.1910569816827774,4.73907804807113e-05,0.0,1.4627407595917985,1.1282663586977366,0.22866280214096338,0.4542886099299869,0.46745261308309194,0.0894046659405167,0.4092699128228265,0.42590074603622025,0.08491233816823444,,,,,,,,,,,,,,,,,,,,,,,,,,,,,,,,,
58,9.936122474372267e-06,9.936122474372267e-06,1.0,12.451752327583932,7.945384102898675,3.4941905704704492,3.4941905704704492,3.5141923492019242,0.0,0.0,0.3238613122218364,1.9091464377738334,0.12005656373661917,1.7902712531991907,0.08164271369979188,0.008427390589605312,1.125446757754764,0.0,0.0,0.0,0.0,0.9457054138183594,30.996960098679,7.54952335357666,30.03441047668457,55.89291000366211,1.1120357513427734,0.44157758355140686,0.25,3.7081756591796875,0.43838241696357727,0.18842512369155884,6.362049982342065e-05,0.0,1.4274265508393984,1.1216727752943296,0.2141993052919397,0.45552029561352086,0.46791567190273387,0.08825099005087002,0.4099058919661754,0.42649487546972326,0.08414319036780177,,,,,,,,,,,,,,,,,,,,,,,,,,,,,,,,,
59,9.933647813868192e-06,9.933647813868192e-06,1.0,11.788184810329128,7.292385371955666,3.4799049480541333,3.4799049480541333,3.499259871405524,0.0,0.0,0.32373519926457794,1.9209024616189905,0.12127609973823703,1.7833330534599923,0.08385272122718193,0.008998498534532013,1.1555239928735268,0.0,0.0,0.0,0.0,0.9823429230097178,29.386061797270905,7.288721084594727,28.60311508178711,52.60918045043945,1.1131610870361328,0.45004960894584656,0.25,3.6692657470703125,0.44019606709480286,0.1912621110677719,5.2584290670378293e-05,0.0,1.6815926819234281,1.3223369459848147,0.2136401637569521,0.45749565636789474,0.4700192784940874,0.08669966761324857,0.41151384244094025,0.42804101592785604,0.08242887298803071,,,,,,,,,,,,,,,,,,,,,,,,,,,,,,,,,
60,9.931126461904127e-06,9.931126461904127e-06,1.0,12.522351600028372,7.97567487407375,3.529406006271775,3.529406006271775,3.5491988787779936,0.0,0.0,0.32406178519532486,1.926028338638512,0.11990498308394407,1.815953712205629,0.08094685293129973,0.007909472232583809,1.0638566194353878,0.0,0.0,0.0,0.0,0.8700130211340414,30.87777849145838,8.405668258666992,30.507383346557617,53.64680099487305,1.1108746528625488,0.4430549144744873,0.25,3.7013092041015625,0.4389796257019043,0.19025591015815735,3.310862745912708e-05,0.0,1.4241825632146887,1.1048824464952625,0.2241988667511114,0.45615133079322606,0.4689826917003941,0.08659241892196037,0.410869641078485,0.42745150665979126,0.08298609305072475,141.28082719739976,241.35459755284958,0.37313378791251,-64.26878734211346,141.28082955500994,196.34820035631583,239.89221381517723,278.6041353288468,130.57773808070593,77.74024082154267,321.0994634213655,0.5252592244000319,0.7616161181030215,0.11315052959202648,-0.2543187563834439,0.8474718915019478,0.49227702681503216,0.4433373069412595,0.6882834076737511,0.9012694374335347,0.963653990976557,0.9854164428452131,0.4012694374335347,0.16365399097655697,0.03541644284521317,0.0,0.0,0.532967032967033,0.46703296703296704,0.8946886446886446,0.6468085175032144,0.6286229952187329,0.6129642501473427
61,9.928558443615526e-06,9.928558443615526e-06,1.0,11.47792826472102,6.95240626464019,3.5313932573473132,3.5313932573473132,3.5514723288046346,0.0,0.0,0.32307642778834783,1.850722905751821,0.11941739473793958,1.7651677324965194,0.08208501771897883,0.008781618413490217,1.102217184530722,0.0,0.0,0.0,0.0,0.927147225753681,29.5153994173617,7.773972034454346,29.338665008544922,51.290218353271484,1.1127961874008179,0.4517799913883209,0.25,3.70611572265625,0.4408373534679413,0.1929473578929901,6.167293350229553e-05,0.0,1.4024943258311298,1.1193428474503595,0.2018913539724821,0.4583156994871191,0.47041318706564,0.08548533755379754,0.41229956214492386,0.42865444035143463,0.08154630157593135,,,,,,,,,,,,,,,,,,,,,,,,,,,,,,,,,
62,9.925943784603058e-06,9.925943784603058e-06,1.0,11.405822161081675,6.898997925423287,3.5187656686112687,3.5187656686112687,3.5364338320654793,0.0,0.0,0.32229012895274806,1.8353325611836202,0.11956421910105525,1.7595188843237388,0.08008476044680621,0.009272993844304536,1.0910687994312596,0.0,0.0,0.0,0.0,0.929280927052369,29.362597955239785,7.819656848907471,28.883811950683594,51.3904914855957,1.1133838891983032,0.4519776999950409,0.25,3.7516632080078125,0.4418052136898041,0.19350109994411469,6.167293350229553e-05,0.0,1.4321674237380158,1.1487171392183047,0.19791700315309102,0.4593588033237973,0.47156151645892375,0.08468476320440704,0.4130681922306886,0.4292176381961719,0.0807474452901531,,,,,,,,,,,,,,,,,,,,,,,,,,,,,,,,,
63,9.923282510932359e-06,9.923282510932359e-06,1.0,11.047851201650259,6.521544160069646,3.5450430109694198,3.5450430109694198,3.5624905470255257,0.0,0.0,0.32046947608122955,1.811171199824359,0.11945493338075844,1.7485353785592157,0.08117196708917618,0.011057144307808296,1.0979642771385811,0.0,0.0,0.0,0.0,0.9567711031114733,28.96912548993085,7.698424339294434,28.82745361328125,50.39651107788086,1.1105339527130127,0.4393976032733917,0.25,3.6981048583984375,0.44178536534309387,0.19033846259117126,8.699129567692212e-05,0.0,1.9079726193402264,1.4721536974649172,0.2284199036493588,0.4593206700441,0.47188912533425,0.08362885504155546,0.4139076849898776,0.4302203663297602,0.07971759059944668,,,,,,,,,,,,,,,,,,,,,,,,,,,,,,,,,
64,9.920574649133764e-06,9.920574649133764e-06,1.0,11.628316106023016,7.139871391090187,3.485560771581289,3.485560771581289,3.5031187212145007,0.0,0.0,0.3214076717157622,1.8893271201365702,0.12094328552484512,1.7787075719317875,0.08165440799013989,0.009929010506115249,1.0832462020822473,0.0,0.0,0.0,0.0,0.9366793406976236,28.143014392337285,8.036425590515137,28.2147159576416,47.807735443115234,1.111883282661438,0.4396849572658539,0.25,3.7787857055664062,0.4429391026496887,0.19066393375396729,3.700376010137732e-05,0.0,1.8920523749815452,1.420315123893119,0.24932568322429624,0.46060075469919154,0.47311284574302465,0.08268441843825418,0.4146442509986259,0.43088009228577484,0.07891600981757448,,,,,,,,,,,,,,,,,,,,,,,,,,,,,,,,,
65,9.91782022620205e-06,9.91782022620205e-06,1.0,11.320811812942093,6.8378779694840714,3.4843807929270976,3.4843807929270976,3.501089482694059,0.0,0.0,0.32183919081816803,1.876315567944501,0.11938584958379334,1.7686840231354173,0.08253921326753255,0.009929606414123162,1.0787220758360785,0.0,0.0,0.0,0.0,0.9453410538467201,27.7319136439143,8.08365249633789,28.049880981445312,46.70027160644531,1.1104826927185059,0.4405505359172821,0.25,3.7008514404296875,0.4430587589740753,0.19100941717624664,3.1810249911710326e-05,0.0,1.654644125216716,1.3200455565710325,0.2022178446388644,0.4608077326336423,0.4731491304732658,0.08177651545485935,0.41539553371635646,0.4315003422466484,0.0781260245555156,134.31689608228075,226.61173685688,0.37112201493458585,-36.65776938134497,134.31689675569112,187.07168459852454,226.22576899256734,265.07739537544217,126.98623493739537,83.31199885523597,278.46790413234544,0.530866008229722,0.7529583095544512,0.08266268992565498,-0.2512784615297879,0.8234845913085335,0.5403651157473369,0.49768313290303856,0.6692944592416068,0.9040658432113201,0.9675589941450903,0.987580179980994,0.4040658432113201,0.16755899414509023,0.037580179980994055,0.0,0.0,0.5604395604395604,0.43956043956043955,0.8901098901098901,0.6336976134187573,0.612912074304544,0.5966211062866252
66,9.915019269596158e-06,9.915019269596158e-06,1.0,11.47234651204702,6.987351043804272,3.4854215931248023,3.4854215931248023,3.501623636967427,0.0,0.0,0.3224809644995509,1.8682752235515698,0.11848223672525303,1.7817999672245335,0.08271462842822075,0.009233231517813495,1.0745605761940416,0.0,0.0,0.0,0.0,0.9276244044303894,27.611355446480417,8.194930076599121,28.2147159576416,45.7970085144043,1.1112295389175415,0.44572293758392334,0.25,3.64569091796875,0.444040983915329,0.19382885098457336,3.895132642250244e-05,0.0,1.714476839916126,1.3320919984095805,0.22303295827854536,0.46190014159357223,0.47417208552360535,0.08096425738689061,0.4160301451747482,0.43198991466212916,0.07748396634250074,,,,,,,,,,,,,,,,,,,,,,,,,,,,,,,,,
67,9.912171807238932e-06,9.912171807238932e-06,1.0,11.432023589675492,6.923013326284048,3.523990238035047,3.523990238035047,3.541891355772276,0.0,0.0,0.3218649569395426,1.8392800994821497,0.11998908946643004,1.7511526249550484,0.07991855762697556,0.009898236499646225,1.0511608848700653,0.0,0.0,0.0,0.0,0.9037742356996279,27.567257391439902,8.588212966918945,28.26987648010254,45.08699035644531,1.1097944974899292,0.43946337699890137,0.25,3.6523284912109375,0.44378501176834106,0.1920531839132309,2.921349481687683e-05,0.0,1.7959365168133297,1.379632452049771,0.23180332983163543,0.46173765449910553,0.47358786012675314,0.08044227836905299,0.4162465567524369,0.43215007395357696,0.07721705754866472,,,,,,,,,,,,,,,,,,,,,,,,,,,,,,,,,
68,9.90927786751683e-06,9.90927786751683e-06,1.0,11.387524269722604,6.878085651913205,3.5217194686064848,3.5217194686064848,3.538436251717645,0.0,0.0,0.3210630126901575,1.8519147441193864,0.11926702490529499,1.744281385395978,0.08130408702669917,0.009957256663993403,1.0775209584751644,0.0,0.0,0.0,0.0,0.9284062643308897,26.479358157596074,8.488157272338867,27.45367431640625,42.521080017089844,1.1080965995788574,0.43457654118537903,0.25,3.7721481323242188,0.44421589374542236,0.1906941831111908,2.5967550948334962e-05,0.0,2.016395459303985,1.5034102910273783,0.25440702413289384,0.46221017756977595,0.4743564813523679,0.07905656582600362,0.4174077873294418,0.43342864352303584,0.07589047482690296,,,,,,,,,,,,,,,,,,,,,,,,,,,,,,,,,
69,9.906337479279646e-06,9.906337479279646e-06,1.0,11.610905054453257,7.115644841580777,3.504999341191472,3.504999341191472,3.5211140078467293,0.0,0.0,0.3218993633180051,1.861181681220596,0.11904877907521016,1.7564170553877547,0.08001495424557377,0.010731429667086215,1.0453918930646535,0.0,0.0,0.0,0.0,0.9304113758576883,26.542337469152503,8.488157272338867,27.615007400512695,42.521080017089844,1.1098735332489014,0.43274471163749695,0.25,3.728546142578125,0.44495314359664917,0.1905917376279831,3.7652948875085694e-05,0.0,1.8269854945105475,1.4372116327285767,0.21334261435195023,0.46308127528912313,0.4747281807499963,0.07911974030572015,0.4173654140652837,0.4332154707328693,0.07594437796521832,,,,,,,,,,,,,,,,,,,,,,,,,,,,,,,,,
70,9.903350671840219e-06,9.903350671840219e-06,1.0,11.193356565527013,6.725569157987027,3.490202098279386,3.490202098279386,3.5052947031485067,0.0,0.0,0.3222450412608482,1.8018285036087036,0.11692335013602231,1.748216226294234,0.08323250418981991,0.010068474626923734,1.0327056259722323,0.0,0.0,0.0,0.0,0.9166779775877256,26.317076966569232,8.689447402954102,27.45367431640625,41.617286682128906,1.1107587814331055,0.4401923418045044,0.25,3.672698974609375,0.4455684721469879,0.19312448799610138,3.1810249911710326e-05,0.0,1.771208695463232,1.3871616624497078,0.21682765785715763,0.4636581773693497,0.4758102297782898,0.0786314797965256,0.4177532228263649,0.43349311963931936,0.07553514898628802,130.51417474432307,218.0038185003048,0.3850216322953349,-13.467782324487036,130.51417569094627,183.0235560442966,221.1377780563012,259.9103048379001,139.24296079363143,88.10937017987865,248.1037027110224,0.5181247877790999,0.7542447693435723,0.07460060528953062,-0.2275904889658771,0.8142231265257606,0.5976757445525348,0.5698447303897829,0.6510146116997676,0.9065119197574788,0.9694097705006178,0.9892098596658949,0.4065119197574788,0.16940977050061778,0.039209859665894964,0.0,0.0,0.5879120879120879,0.41208791208791207,0.8891941391941391,0.627327778837183,0.6043016647735795,0.5885375270640457
71,9.900317474974146e-06,9.900317474974146e-06,1.0,11.526658754091006,7.021146903166899,3.521920990299534,3.521920990299534,3.537736757381542,0.0,0.0,0.3200263509879241,1.824752301783175,0.11943632303862958,1.7567347352569167,0.08220402282234784,0.011597709176508156,1.049898703356047,0.0,0.0,0.0,0.0,0.9492745415584461,25.701087229960674,8.45506477355957,26.97530746459961,40.49473190307617,1.1109118461608887,0.43777796626091003,0.25,3.726715087890625,0.44659486413002014,0.19302190840244293,4.4794025385877806e-05,0.0,1.9740946325095925,1.5201021191236135,0.22997505079522726,0.464934071173539,0.47632856868408824,0.07777430882325044,0.4186741951349619,0.43420554818333806,0.074618581179026,,,,,,,,,,,,,,,,,,,,,,,,,,,,,,,,,
72,9.897237918919475e-06,9.897237918919475e-06,1.0,11.882541115219528,7.384304304380675,3.508426350516242,3.508426350516242,3.5242200606578105,0.0,0.0,0.32094862171121546,1.8381421759321883,0.11933658131071039,1.7656511680499927,0.0836785007771608,0.012366879504878778,1.0589915932835758,0.0,0.0,0.0,0.0,0.9660316576828828,25.20922057693069,8.389266967773438,26.453556060791016,39.63400650024414,1.1106691360473633,0.43191465735435486,0.25,3.668121337890625,0.44737857580184937,0.19166447222232819,6.037455595487878e-05,0.0,2.159453627225515,1.6617351770401,0.23048350930549413,0.465938001871109,0.4767237265367766,0.07667858213991732,0.4195565750470033,0.43497184966061564,0.07369471945472665,,,,,,,,,,,,,,,,,,,,,,,,,,,,,,,,,
73,9.894112034376422e-06,9.894112034376422e-06,1.0,10.868876508764318,6.392367594950908,3.506485384863776,3.506485384863776,3.520127670184986,0.0,0.0,0.3197684747141761,1.783184383366559,0.11897073404209034,1.7342295098949123,0.08252428743887592,0.0112492831776271,1.0361987722886574,0.0,0.0,0.0,0.0,0.9377694081615757,25.032523026337493,8.672492980957031,26.401939392089844,38.56494903564453,1.1092395782470703,0.4352784752845764,0.25,3.701995849609375,0.44708874821662903,0.19290193915367126,5.518104576521179e-05,0.0,2.104079588039501,1.5700980440990344,0.2537839095896604,0.4655446732366407,0.4769288760584754,0.07609728703627715,0.4198964737557076,0.43527551841091466,0.07330670952796936,,,,,,,,,,,,,,,,,,,,,,,,,,,,,,,,,
74,9.89093985250704e-06,9.89093985250704e-06,1.0,11.229218689171043,6.782875963159509,3.47575323646133,3.47575323646133,3.4892181899096513,0.0,0.0,0.31966268855172236,1.7812395707981006,0.1173735625437788,1.7489006615973808,0.08166118701164787,0.011596904337607525,1.0084541923290975,0.0,0.0,0.0,0.0,0.912076328251813,25.216285035416888,9.159977912902832,26.661033630371094,38.33964157104492,1.1109743118286133,0.4323824346065521,0.25,3.685516357421875,0.44806474447250366,0.19375699758529663,3.9600515196210814e-05,0.0,2.263470736709801,1.7178932976078343,0.24103578201988263,0.46663894524445404,0.4777356571442372,0.07592251977405033,0.4198796910208625,0.43510858110479406,0.07330646909571983,,,,,,,,,,,,,,,,,,,,,,,,,,,,,,,,,
75,9.887721404934935e-06,9.887721404934935e-06,1.0,11.730156022149163,7.264661930702828,3.4863936127843083,3.4863936127843083,3.500736294565974,0.0,0.0,0.3203017566655133,1.8194948402610984,0.117605881513776,1.7528313495017387,0.08134529900711936,0.011351327638368349,1.0069657177538485,0.0,0.0,0.0,0.0,0.9118918051590791,24.802219133119326,9.124265670776367,26.453556060791016,37.087547302246094,1.1146434545516968,0.4407438337802887,0.25,3.674530029296875,0.44984808564186096,0.19673143327236176,2.6616739722043335e-05,0.0,2.0700612793097624,1.5947501337206043,0.22961211358324862,0.4686266868501096,0.4792799450255729,0.0755849857185338,0.42030160008250056,0.43541860660991155,0.07285299011178918,124.58675218938471,211.87554691023254,0.3445724515559895,-55.03485352652414,124.5867513165656,168.45777729655123,202.60761127743478,239.0206153243913,131.77606201171875,73.6157436222993,266.4331638502038,0.4903017720749653,0.7800706350377176,0.026715353069292447,-0.2510621542162896,0.840249528840783,0.6116694421950051,0.569408660765121,0.6244849612658762,0.9135247324652435,0.9726971562089498,0.9909298464416152,0.41352473246524346,0.17269715620894976,0.040929846441615236,0.0,0.0,0.42857142857142855,0.5714285714285714,0.8324175824175825,0.583854847393193,0.561659232027583,0.5487890615240558
76,9.884456723744926e-06,9.884456723744926e-06,1.0,11.48703603486757,7.015504605061299,3.4909058003812223,3.4909058003812223,3.5051860487138904,0.0,0.0,0.3204308788518648,1.8124273145521008,0.11746343084283777,1.7662565514848039,0.08411907122747318,0.010259933996240835,0.9865748640653249,0.0,0.0,0.0,0.0,0.8834262168085253,24.63633867212244,9.506284713745117,26.19647789001465,36.441314697265625,1.1102821826934814,0.4284529387950897,0.25,3.7859954833984375,0.44857192039489746,0.19219470024108887,2.466917340091821e-05,0.0,2.021042577318243,1.5409820401990735,0.23753113492352562,0.46722860110772624,0.4783294426428305,0.07484807778854628,0.42082071787602193,0.4359380691438108,0.07227536411704244,,,,,,,,,,,,,,,,,,,,,,,,,,,,,,,,,
77,9.881145841482744e-06,9.881145841482744e-06,1.0,11.301867175746608,6.850875107017723,3.4852909204122184,3.4852909204122184,3.4981872455493823,0.0,0.0,0.31815298989012436,1.797132292309323,0.1192685585166957,1.712922682633271,0.0798631251059674,0.012162976432591677,1.0186147415960156,0.0,0.0,0.0,0.0,0.9532373837522559,23.57403430423221,9.07096004486084,25.094688415527344,34.84052658081055,1.1121927499771118,0.42905765771865845,0.25,3.64752197265625,0.450383722782135,0.19287066161632538,3.9600515196210814e-05,0.0,1.9858893993738536,1.6133084635476809,0.18761414202807397,0.4693616024545721,0.47955876186087326,0.07407041014851751,0.42197036018242706,0.4365617326788,0.07129820275145608,,,,,,,,,,,,,,,,,,,,,,,,,,,,,,,,,
78,9.877788791154698e-06,9.877788791154698e-06,1.0,11.519057480064598,7.0817899961729305,3.458254524179407,3.458254524179407,3.471598547858161,0.0,0.0,0.31972870391768377,1.8276791733664435,0.11802072017579465,1.7408796226656116,0.08319748636033084,0.011670224469255757,1.0057091133014575,0.0,0.0,0.0,0.0,0.9467186605608141,23.466992610209697,8.91290283203125,25.192909240722656,34.5019416809082,1.1120917797088623,0.43061456084251404,0.25,3.669952392578125,0.45058825612068176,0.19354625046253204,3.24594386854187e-05,0.0,2.1284159679670593,1.6558493778512284,0.22202736552817698,0.4695988450501416,0.47978152858244405,0.0737056697945337,0.4222962171644778,0.43684184470692194,0.07093943152073268,,,,,,,,,,,,,,,,,,,,,,,,,,,,,,,,,
79,9.874385606227346e-06,9.874385606227346e-06,1.0,11.114066819886904,6.632697827107197,3.5138082117647738,3.5138082117647738,3.5291566333255253,0.0,0.0,0.32171275406270416,1.7852599459725458,0.11846705203926242,1.7256715716542423,0.08328066957560745,0.011489543069556758,0.9861543661839253,0.0,0.0,0.0,0.0,0.8963789311615197,23.5299447549356,9.788908958435059,25.24216079711914,33.63694763183594,1.1118401288986206,0.42841535806655884,0.25,3.6722412109375,0.45046553015708923,0.19302628934383392,2.272160707979309e-05,0.0,2.0751805434355863,1.6056618948240537,0.22625436138400576,0.46951598734469024,0.4795106754109666,0.07347046040199898,0.4222049560095813,0.43673828808037013,0.07097586405438346,,,,,,,,,,,,,,,,,,,,,,,,,,,,,,,,,
80,9.870936320627167e-06,9.870936320627167e-06,1.0,10.786105568344528,6.348927897375983,3.4761316067463643,3.4761316067463643,3.488068206890209,0.0,0.0,0.3190396701967394,1.7705860041283272,0.11889921914081315,1.7012243850811108,0.08309269917977823,0.01395695804416932,1.0326868343997646,0.0,0.0,0.0,0.0,0.9927675643482724,22.342863495285446,8.878154754638672,24.086238861083984,32.22222137451172,1.1101630926132202,0.41567620635032654,0.25,3.64935302734375,0.45118290185928345,0.18869388103485107,4.609240293329456e-05,0.0,2.437279135794253,1.9051006420238599,0.21834942331993845,0.4704976146285598,0.4796033098890975,0.07253619343847842,0.42374612109081167,0.43769993492074916,0.06964549079940126,137.97156489026415,222.7914309162537,0.4387243036588692,41.87376967629233,137.97156417742016,185.57553135588915,221.1872733814768,259.38589568740247,151.23635264805384,106.35879084860632,224.6062243917714,0.44912788492928407,0.7642025875039814,0.06552995278372532,-0.19887738989695242,0.8105712884857752,0.6678809488280496,0.6601263916100758,0.6352030115758975,0.9094074557326578,0.9713690191663825,0.9910813962721856,0.4094074557326578,0.17136901916638247,0.041081396272185655,2.0760250763068966e-06,0.0,0.6813186813186813,0.31868131868131866,0.8699633699633699,0.6267096994669883,0.6018074716512973,0.5868870875091998
81,9.86744096874022e-06,9.86744096874022e-06,1.0,11.587592434238744,7.151679090551428,3.4642190288853003,3.4642190288853003,3.4757713627170874,0.0,0.0,0.32082737619812424,1.7932233874862258,0.11746098302506111,1.7368491372546635,0.08475420764974646,0.01209965451444323,0.9865608553628664,0.0,0.0,0.0,0.0,0.9523321003527254,22.41055509206411,9.124265670776367,24.18050765991211,32.03396987915039,1.1084442138671875,0.42172110080718994,0.25,3.6431732177734375,0.4507101774215698,0.19106633961200714,3.1810249911710326e-05,0.0,2.1505572924742826,1.7172733931928068,0.20147517148123467,0.4699956661946065,0.47932732749629664,0.0717399370025944,0.4240464318442989,0.43790996316316966,0.06932946012632267,,,,,,,,,,,,,,,,,,,,,,,,,,,,,,,,,
82,9.863899585411798e-06,9.863899585411798e-06,1.0,11.386333465576172,6.938909092464963,3.477391107662304,3.477391107662304,3.4892341510669604,0.0,0.0,0.3210351732937065,1.798352827896943,0.11868224796411153,1.720798289453661,0.08313636119301254,0.01261996552096428,1.0071233188783801,0.0,0.0,0.0,0.0,0.9583675458624556,21.93555208154627,9.231820106506348,23.62036895751953,31.109086990356445,1.1098121404647827,0.42438527941703796,0.25,3.6779632568359375,0.4515462815761566,0.19201530516147614,3.7652948875085694e-05,0.0,2.071493317952027,1.6750258706711434,0.19139209566596604,0.4708697522008741,0.48028882210319107,0.07159268674818245,0.4244727838683773,0.43800797897416194,0.06898435990552644,,,,,,,,,,,,,,,,,,,,,,,,,,,,,,,,,
83,9.86031220594608e-06,9.86031220594608e-06,1.0,11.022144807351602,6.591720606829669,3.476951431583714,3.476951431583714,3.4902035610095874,0.0,0.0,0.3206492324133177,1.7271946410875063,0.11730752522880966,1.7212925537212476,0.08402544954741323,0.01033947936485748,0.9631263839231955,0.0,0.0,0.0,0.0,0.8912831947610185,22.21664861730627,9.674864768981934,23.85216522216797,31.169906616210938,1.1071141958236694,0.4168972373008728,0.25,3.6894073486328125,0.45035120844841003,0.18976101279258728,1.0387020379333984e-05,0.0,1.9580226315034401,1.5769229370194513,0.1946349793676117,0.4696012920624501,0.47912652186445287,0.07129146641976125,0.42418422811740153,0.4378213479712203,0.0691890831331949,,,,,,,,,,,,,,,,,,,,,,,,,,,,,,,,,
84,9.85667886610579e-06,9.85667886610579e-06,1.0,10.843842918808395,6.448454947084994,3.4381233679281697,3.4381233679281697,3.4480229132884257,0.0,0.0,0.31734145654214396,1.7633448291469265,0.11799512743144422,1.6915166088052698,0.08389006615490527,0.014430128679786986,1.03425452354792,0.0,0.0,0.0,0.0,1.0149380870767541,21.052879024196315,8.706436157226562,22.75989532470703,29.91731834411621,1.1092805862426758,0.4114949107170105,0.25,3.6578216552734375,0.4528253972530365,0.18882977962493896,3.24594386854187e-05,0.0,2.950841033780897,2.2887422071920858,0.22437631136654873,0.47254552712311615,0.4806066711206694,0.07045410412388879,0.4258404124427486,0.43885664037756017,0.06777835717877827,,,,,,,,,,,,,,,,,,,,,,,,,,,,,,,,,
85,9.852999602111827e-06,9.852999602111827e-06,1.0,10.941274024344779,6.505853279216869,3.483146371068181,3.483146371068181,3.4943424882115544,0.0,0.0,0.3202466811682727,1.7397379134152386,0.11639812709511937,1.715683560113649,0.08025353532787916,0.011804924415726517,0.950588000787271,0.0,0.0,0.0,0.0,0.9045980910997133,21.698047689489417,9.731719017028809,23.39082145690918,29.91731834411621,1.1048665046691895,0.4072248339653015,0.25,3.6392822265625,0.4506247043609619,0.18770679831504822,1.3632964247875855e-05,0.0,2.3755029198285698,1.797049702824773,0.2435076851202277,0.47009669606750076,0.47885076661367676,0.0701837014104869,0.4252708409283612,0.4385288043602093,0.06819279491901398,136.3313212132716,214.9727051061517,0.42850522009535524,42.19664865011697,136.33132262657165,180.23246904433347,214.08820149273802,250.9334484352631,151.25778906685966,106.0718809320021,218.9178977634596,0.4264006072310151,0.7759683153418474,0.04418179937826136,-0.20798827727372615,0.819519578512449,0.6898069162767652,0.6797551760640916,0.6243891929363227,0.9123268659962144,0.9731118422179421,0.9920742552649293,0.4123268659962144,0.17311184221794207,0.04207425526492936,6.747081497997415e-06,0.0,0.6758241758241759,0.3241758241758242,0.8626373626373627,0.6139597118228346,0.5887396979954217,0.5746557853379093
86,9.84927445064291e-06,9.84927445064291e-06,1.0,10.941413853619549,6.5393362174163,3.4531126022338867,3.4531126022338867,3.464025942054955,0.0,0.0,0.3198559574178747,1.7358766987517074,0.11800853606011416,1.6970370105794959,0.08133860304951668,0.011436900388248064,0.9653733598219382,0.0,0.0,0.0,0.0,0.9138542639242636,21.202323191874736,9.788908958435059,22.804391860961914,29.110349655151367,1.10787832736969,0.4117033779621124,0.25,3.67864990234375,0.45254573225975037,0.19027559459209442,9.088642831917236e-06,0.0,2.2196235237894832,1.6933074351903554,0.23711953083853038,0.47223660430392705,0.4805761148800721,0.06963219654721182,0.426004064244193,0.4387385313575332,0.06765168240746937,,,,,,,,,,,,,,,,,,,,,,,,,,,,,,,,,
87,9.845503448835216e-06,9.845503448835216e-06,1.0,11.069129428348026,6.640440386694831,3.4738886936290845,3.4738886936290845,3.4848299155364164,0.0,0.0,0.3200753282856297,1.757912977321728,0.11777839044461379,1.7011897531715598,0.08171119389904512,0.01247235364909913,0.968758575014166,0.0,0.0,0.0,0.0,0.9272809060844215,20.837991456727725,9.788908958435059,22.363313674926758,28.491601943969727,1.107075572013855,0.40624287724494934,0.25,3.66033935546875,0.45304563641548157,0.18832598626613617,9.088642831917236e-06,0.0,2.300477949348656,1.7525255631756138,0.23819067091174956,0.47294741546785507,0.48054502461407633,0.06890882612080187,0.4269421366420952,0.43923038888621974,0.06686199093992645,,,,,,,,,,,,,,,,,,,,,,,,,,,,,,,,,
88,9.841686634281999e-06,9.841686634281999e-06,1.0,11.298004124615643,6.861672465865676,3.4889652020222433,3.4889652020222433,3.4988677501678467,0.0,0.0,0.31920943791801865,1.7373935403050602,0.1174570620059967,1.685931859789668,0.08051520193348059,0.013610460795462132,0.9810378406498883,0.0,0.0,0.0,0.0,0.9584868856378503,20.48122081241092,9.432306289672852,22.016603469848633,28.2147159576416,1.1090381145477295,0.41172194480895996,0.25,3.680938720703125,0.4543650448322296,0.19082649052143097,5.842698963375366e-06,0.0,2.4381766802555807,1.8790165153709617,0.22933537565702797,0.47440301083229686,0.4817754142993205,0.068544873917425,0.42748833347011256,0.43943386061771494,0.06643684993724565,,,,,,,,,,,,,,,,,,,,,,,,,,,,,,,,,
89,9.837824045033228e-06,9.837824045033228e-06,1.0,11.309992738672205,6.8537151233569995,3.4905834971247494,3.4905834971247494,3.501819610595703,0.0,0.0,0.31828284907985377,1.7787819714159578,0.11782264910839699,1.7227101583738584,0.08551161897343558,0.014995205216109753,0.9893391986150999,0.0,0.0,0.0,0.0,0.9729333729357332,20.091205596923828,9.413901329040527,21.506589889526367,27.668996810913086,1.1083261966705322,0.4057271182537079,0.25,3.6033477783203125,0.4544670879840851,0.18887117505073547,9.73783160562561e-06,0.0,2.8008805320069596,2.164194690214621,0.22731631517897116,0.47461440514873815,0.48151981830596924,0.06829984244462606,0.4279611440929207,0.43960497266537435,0.06606665314049334,,,,,,,,,,,,,,,,,,,,,,,,,,,,,,,,,
90,9.833915719595199e-06,9.833915719595199e-06,1.0,10.514118838954616,6.117912885305044,3.448355281675184,3.448355281675184,3.457568091315192,0.0,0.0,0.3198730413978164,1.7134090307596568,0.11586673900082305,1.702410391859106,0.08559784736182238,0.013887639396597404,0.9656306166906614,0.0,0.0,0.0,0.0,0.9964607599619273,19.659432385418867,8.965280532836914,21.131847381591797,27.08088493347168,1.1080607175827026,0.4025076925754547,0.25,3.6674346923828125,0.45497971773147583,0.18841087818145752,1.622971934270935e-05,0.0,2.3108049679446863,1.9140780439247955,0.1716834304596264,0.47528775237702037,0.48168741690145955,0.06766227048796576,0.4285840472659549,0.4398365947040352,0.06559273781808647,145.6401261340131,228.73669908358028,0.4647986668927309,62.82793847807161,145.6401244652165,183.20845579962364,215.19604876643191,252.03852053041646,166.5941222054618,115.35400142226108,227.38430255392322,0.4207295676168404,0.7823664701855084,0.04493114662279018,-0.20069830591961596,0.8226231343238029,0.7087978768802997,0.6985028286310679,0.6189323242288884,0.9127488180929737,0.9734870837504846,0.9926446431546446,0.4127488180929737,0.1734870837504846,0.04264464315464467,8.304100305227586e-06,0.0,0.6978021978021978,0.3021978021978022,0.8534798534798533,0.612932101710812,0.5876405103193535,0.5741477109246201
91,9.829961696930156e-06,9.829961696930156e-06,1.0,10.338541056658771,5.955018649230132,3.4521442812842293,3.4521442812842293,3.4605907556172966,0.0,0.0,0.3185187570146612,1.6914537242940955,0.11632779864846049,1.6681342737094775,0.0790115106548812,0.011491754048227056,0.9467749047923733,0.0,0.0,0.0,0.0,0.9196698665618896,19.668559409476615,9.8080472946167,20.967397689819336,26.713157653808594,1.103135108947754,0.3924630284309387,0.25,3.7040557861328125,0.45311108231544495,0.18431952595710754,3.895132642250244e-06,0.0,2.1566902012438387,1.6877737593006443,0.21742410739973403,0.47325296579180537,0.48016735991916143,0.0669277674845747,0.42887130218583186,0.4400807981555526,0.06525092712930732,,,,,,,,,,,,,,,,,,,,,,,,,,,,,,,,,
92,9.825962016455898e-06,9.825962016455898e-06,1.0,10.912913167798841,6.503261089324951,3.4557228926065804,3.4557228926065804,3.4643410927540548,0.0,0.0,0.31686239387537984,1.7549568382469383,0.11643610532219345,1.7066318086675696,0.0822895543800818,0.013257282458849856,0.9680684369963568,0.0,0.0,0.0,0.0,0.9584425623352463,19.295276126346074,9.506284713745117,20.561853408813477,26.35042381286621,1.1075470447540283,0.4070836305618286,0.25,3.672698974609375,0.4554227590560913,0.19045934081077576,3.895132642250244e-06,0.0,2.6277103101884998,1.952185645296767,0.25707729739937496,0.47576501884975947,0.4823638925681243,0.06674147739603713,0.4294036014659985,0.44026718026882894,0.06483632245579281,,,,,,,,,,,,,,,,,,,,,,,,,,,,,,,,,
93,9.821916718045386e-06,9.821916718045386e-06,1.0,10.62404880008182,6.238088362925762,3.4368806787439294,3.4368806787439294,3.444938176387065,0.0,0.0,0.3182212251263696,1.7259023866137944,0.11612917945997135,1.7019884618552956,0.08418715563980309,0.015332321246230119,0.9676886281451663,0.0,0.0,0.0,0.0,0.9896993653194325,18.905246476869326,9.322417259216309,20.12480354309082,25.840761184692383,1.1100646257400513,0.4021487236022949,0.25,3.6431732177734375,0.4570608139038086,0.19012543559074402,1.0387020379333984e-05,0.0,2.80639999299436,2.188719137294872,0.22009722678214427,0.47779182807819265,0.48285734170191996,0.06673721727487203,0.4299600623749398,0.43996813007303187,0.06464711355196463,,,,,,,,,,,,,,,,,,,,,,,,,,,,,,,,,
94,9.817825842026355e-06,9.817825842026355e-06,1.0,10.532014666376886,6.145966465408738,3.4369407666696086,3.4369407666696086,3.444522007091625,0.0,0.0,0.3201345003939964,1.7215990923546456,0.11499007448956773,1.715166594531085,0.08372570352779853,0.012100280073748247,0.9302051292883383,0.0,0.0,0.0,0.0,0.9190580023301614,18.795849980534733,9.524869918823242,19.929229736328125,25.539705276489258,1.1077760457992554,0.4055101275444031,0.25,3.688262939453125,0.45606663823127747,0.19055825471878052,5.842698963375366e-06,0.0,2.518231053610106,1.8991891612877716,0.2458241039617406,0.4766645479846645,0.48229327072968353,0.06612949596868979,0.4301119253442094,0.4399012061389717,0.06455980180888563,,,,,,,,,,,,,,,,,,,,,,,,,,,,,,,,,
95,9.813689429180899e-06,9.813689429180899e-06,1.0,10.591513040903452,6.2108048232826025,3.428099303632169,3.428099303632169,3.4366690854768494,0.0,0.0,0.31928807174837265,1.7356062418705709,0.11682315331858557,1.713724294224301,0.08424971151996304,0.014879457551885295,0.9411963159973556,0.0,0.0,0.0,0.0,0.9458111589019363,18.572555438892262,9.71273136138916,19.620256423950195,25.192909240722656,1.1072149276733398,0.40078744292259216,0.25,3.691009521484375,0.4565542936325073,0.19020718336105347,8.439454058208862e-06,0.0,2.872002646729753,2.1162399504635787,0.2631483286154817,0.4773686898721231,0.4820625854505075,0.06598085124750395,0.430790625713967,0.43988759775419495,0.06417186528041556,133.03086494613478,205.83906180418774,0.3862242598106892,36.54980064224411,133.03086308279413,168.3182916274487,197.81331458128622,234.24292939855746,120.27878298078265,95.41352678639021,240.46349964971128,0.3930733611282034,0.7921133347383399,0.02488836200574244,-0.21376420044319094,0.8336948546637969,0.7049927474159007,0.6862820673654602,0.607768193962571,0.9168022570544629,0.9758807406634665,0.9933344024862476,0.41680225705446294,0.17588074066346648,0.04333440248624765,1.4532175534148276e-05,0.0,0.6043956043956044,0.3956043956043956,0.8223443223443224,0.5789294339470811,0.5543146230034776,0.5422826850234153
96,9.809507520745072e-06,9.809507520745072e-06,1.0,10.47661289008888,6.08100887247034,3.4536400227933317,3.4536400227933317,3.460941250259812,0.0,0.0,0.31965240836143494,1.7008119209392651,0.11599329053550153,1.6882007830851786,0.08435343185792098,0.013086049175645048,0.9719252038646389,0.0,0.0,0.0,0.0,0.9803880549765922,18.072596111813105,9.231820106506348,19.091032028198242,24.80232810974121,1.1075235605239868,0.40510764718055725,0.25,3.7260284423828125,0.45751768350601196,0.1912001371383667,2.596755094833496e-06,0.0,2.6060445276466577,2.0095064801138802,0.22890554677953664,0.47855681019860347,0.48263830188158396,0.06503585605202494,0.43194289545755127,0.4404819615789362,0.06326554091395559,,,,,,,,,,,,,,,,,,,,,,,,,,,,,,,,,
97,9.805280158408474e-06,9.805280158408474e-06,1.0,10.80008179432637,6.367358929402119,3.4869037254436597,3.4869037254436597,3.4951585499016016,0.0,0.0,0.3180309630729057,1.7113027765944198,0.11512686553839091,1.7045640623247302,0.08570589024472881,0.015460459792332069,0.9389074638083175,0.0,0.0,0.0,0.0,0.9578381696262875,18.021898682053024,9.340641975402832,18.97949981689453,24.705631256103516,1.1045764684677124,0.3901295065879822,0.25,3.685516357421875,0.456503301858902,0.18659637868404388,5.842698963375366e-06,0.0,3.0565557318764762,2.228742480278015,0.2708320489514684,0.4775865400159681,0.4811668395996094,0.06491947133798857,0.43190366754660736,0.44026647548417785,0.06334278974178675,,,,,,,,,,,,,,,,,,,,,,,,,,,,,,,,,
98,9.801007384313843e-06,9.801007384313843e-06,1.0,10.742964718792889,6.335838820483233,3.465748136107986,3.465748136107986,3.473171717411763,0.0,0.0,0.32064875799256404,1.6941000094284882,0.1146420037021508,1.7063679050754856,0.08291579853441264,0.013456790569565585,0.9203835403597033,0.0,0.0,0.0,0.0,0.9066473680573541,17.94730500917177,9.750744819641113,18.758380889892578,24.46554183959961,1.1070588827133179,0.4019494652748108,0.25,3.6417999267578125,0.4573300778865814,0.19056762754917145,5.842698963375366e-06,0.0,3.0255402101052775,2.1085132650426917,0.30309527601045394,0.4784477417533462,0.48212359322083964,0.06479537748807185,0.4319293676195918,0.4401673263794667,0.06332609540707357,,,,,,,,,,,,,,,,,,,,,,,,,,,,,,,,,
99,9.796689241056617e-06,9.796689241056617e-06,1.0,10.638991484770903,6.222907646282299,3.481685445115373,3.481685445115373,3.489235948871922,0.0,0.0,0.3203856848381661,1.6663503163569682,0.11531193453717876,1.7064622092891384,0.08310455395965963,0.013854258945463476,0.889624120415868,0.0,0.0,0.0,0.0,0.8654408615988654,18.039384223319388,10.139171600341797,18.831798553466797,24.370159149169922,1.1029778718948364,0.3953201174736023,0.25,3.642486572265625,0.4555463492870331,0.18825937807559967,1.947566321125122e-06,0.0,3.3445122886348413,2.0702565247948104,0.380998977988553,0.47642896143165797,0.48086412935643585,0.06451939660552386,0.43165817856788635,0.44019204619768504,0.06340544006308994,,,,,,,,,,,,,,,,,,,,,,,,,,,,,,,,,
100,9.792325771684533e-06,9.792325771684533e-06,1.0,10.849398870725889,6.4233181154405745,3.4791656635903023,3.4791656635903023,3.4855788527308285,0.0,0.0,0.31710384262574687,1.7357625155835539,0.11575018090976251,1.7005064390801095,0.08259677665459143,0.016085114166442607,0.9164656062383909,0.0,0.0,0.0,0.0,0.9330210315214621,17.509341368804108,9.599574089050293,18.2167911529541,23.992334365844727,1.1043816804885864,0.394167959690094,0.25,3.7072601318359375,0.4573260247707367,0.18872138857841492,1.0387020379333984e-05,0.0,3.303966177476419,2.3360141257981994,0.29296669508207396,0.47865102339435267,0.48149824061909235,0.06390163040644414,0.43296076075450796,0.4405183179958447,0.06255894456360792,169.305603823819,254.882729629258,0.530179525002228,104.73456460303002,169.30560539131213,202.18087886882694,230.24669911842767,265.44926963408034,179.93553052629744,135.4122701245685,262.73670296047044,0.42595849544598335,0.7916411443912545,0.045343340672372855,-0.18521386394314182,0.8271689699743298,0.7404447418584647,0.7350480941144432,0.6170998718796322,0.9111414556776432,0.9736173543240229,0.9930510250633318,0.41114145567764315,0.1736173543240228,0.043051025063331805,1.5570188072301725e-05,0.0,0.7527472527472527,0.24725274725274726,0.8608058608058607,0.6289180047236956,0.6028446724617874,0.5899640756894599
101,9.787917019697177e-06,9.787917019697177e-06,1.0,10.836218859698322,6.426330102456583,3.463736302143819,3.463736302143819,3.471781066946081,0.0,0.0,0.3175129834059122,1.7202389659108341,0.11567791571488252,1.699167386905567,0.08578046673053019,0.015559997334069497,0.9344542864206675,0.0,0.0,0.0,0.0,0.9743748838837082,17.13710898322028,9.267952919006348,17.7947998046875,23.666545867919922,1.1093604564666748,0.3989391624927521,0.25,3.717559814453125,0.4596426784992218,0.19009748101234436,8.439454058208862e-06,0.0,3.2059394411138586,2.3306676648758553,0.2730156923781138,0.48118885948851303,0.48354346607182475,0.06399941363850155,0.43344643953684214,0.4406255572228818,0.06221447593054256,,,,,,,,,,,,,,,,,,,,,,,,,,,,,,,,,
102,9.783463029045562e-06,9.783463029045562e-06,1.0,11.000899572630185,6.617612117045635,3.437016725540161,3.437016725540161,3.444190450616785,0.0,0.0,0.3196054850075696,1.7159529666642885,0.1160171086321006,1.712472374374802,0.08525995326203269,0.013928671745029656,0.8892410236435968,0.0,0.0,0.0,0.0,0.9018496758229023,17.175937729912835,9.618341445922852,17.7947998046875,23.528282165527344,1.1075820922851562,0.40481919050216675,0.25,3.6614837646484375,0.45879238843917847,0.19289301335811615,2.596755094833496e-06,0.0,2.853148331513276,2.0366220667555526,0.2861843023508867,0.4802298553892084,0.48299370263073893,0.06360705589523187,0.4332636111491435,0.44043431410918366,0.06235846051493207,,,,,,,,,,,,,,,,,,,,,,,,,,,,,,,,,
103,9.77896384413169e-06,9.77896384413169e-06,1.0,10.286070076194969,5.921152037543219,3.442974548082094,3.442974548082094,3.449307029311721,0.0,0.0,0.31964959244470337,1.6420671810974945,0.11553045926061836,1.6615143531077616,0.08418130632993337,0.014602011724098309,0.9113705415983457,0.0,0.0,0.0,0.0,0.9327791462073455,16.94235778499294,9.413901329040527,17.48473358154297,23.39082145690918,1.1051338911056519,0.39270830154418945,0.25,3.7008514404296875,0.4586828351020813,0.18856799602508545,5.193510189666992e-06,0.0,2.9922776576635,2.1798383223043905,0.2715120146950191,0.4802321098946236,0.48262581631943985,0.06276853140946981,0.4342236728281588,0.4410416379168227,0.06154971982578974,,,,,,,,,,,,,,,,,,,,,,,,,,,,,,,,,
104,9.774419509808099e-06,9.774419509808099e-06,1.0,10.724582465919289,6.345828597610061,3.449545029047373,3.449545029047373,3.456033925752382,0.0,0.0,0.31846020592225566,1.6780365608833931,0.11490087613866136,1.6750307373098425,0.08230432918345607,0.012882929295301437,0.8958111679231798,0.0,0.0,0.0,0.0,0.9072260196144516,16.98219376641351,9.54349136352539,17.518917083740234,23.39082145690918,1.1022801399230957,0.3828352391719818,0.25,3.6555328369140625,0.4578064978122711,0.18553031980991364,6.49188773708374e-07,0.0,2.74009937209052,2.0404777140230745,0.255327111561534,0.4792844685348305,0.4818997222024041,0.062360788015900434,0.43445590138435364,0.44119594870386897,0.06130952196749481,,,,,,,,,,,,,,,,,,,,,,,,,,,,,,,,,
105,9.769830071377431e-06,9.769830071377431e-06,1.0,10.153526306152344,5.802837810000858,3.4234412296398267,3.4234412296398267,3.4302617601446204,0.0,0.0,0.31806184955545375,1.659934797802487,0.11542053903276855,1.678681283383756,0.08215229052144128,0.01429855909097839,0.9146056771278381,0.0,0.0,0.0,0.0,0.955065546809016,16.66730380702663,9.195829391479492,17.21365737915039,23.11831283569336,1.1057389974594116,0.3901936709880829,0.2536146640777588,3.59991455078125,0.45993301272392273,0.18931612372398376,0.0,0.0,2.6074921408215084,2.029428200141804,0.22169345465316784,0.48177210865794,0.48320738206038605,0.06212730735943124,0.43524114747305176,0.4411403415976344,0.06089674057187261,164.66936572567448,243.42558637781812,0.4967844041788201,102.6862663436722,164.66936284190953,196.8141422205083,224.64966513665286,258.48940715347965,141.653931753976,133.42350094817405,255.79598733653194,0.4059571292072453,0.7929193112039488,0.039017004783544446,-0.18990138734677128,0.8285792061937389,0.7441550821213497,0.7384685421787611,0.6151995228075422,0.9122443439994312,0.9748069166927468,0.9934501408842518,0.4122443439994312,0.17480691669274673,0.04345014088425181,2.0241244493992243e-05,0.0,0.7307692307692307,0.2692307692307692,0.8305860805860805,0.6175332852117308,0.5916660242192038,0.5791534473198455
106,9.76519557459197e-06,9.76519557459197e-06,1.0,10.614988584776182,6.265969431078112,3.415957173785648,3.415957173785648,3.4211621799984493,0.0,0.0,0.31731306942733556,1.6792217364182342,0.11464886367321014,1.6877640195795007,0.08376353697196857,0.015327468665467726,0.9072524905204773,0.0,0.0,0.0,0.0,0.9764345546026487,16.27249965152225,8.826286315917969,16.749347686767578,22.804391860961914,1.1053346395492554,0.3912633955478668,0.25,3.59991455078125,0.4602507948875427,0.18915364146232605,8.439454058208862e-06,0.0,3.157419900636415,2.423693703638541,0.2323815710574267,0.4822681240133337,0.4830326816520175,0.061570269533911266,0.4359742266100806,0.4414852052121549,0.060322018189204706,,,,,,,,,,,,,,,,,,,,,,,,,,,,,,,,,
107,9.760516065653185e-06,9.760516065653185e-06,1.0,10.591291711137101,6.252412074321025,3.3967003242389575,3.3967003242389575,3.4028418128554887,0.0,0.0,0.3202155498234001,1.7004576277088475,0.1144985995582632,1.7071362894934576,0.08482390108543474,0.01604658946696971,0.885683573581077,0.0,0.0,0.0,0.0,0.9632559418678284,16.151904621639765,8.757599830627441,16.586576461791992,22.715486526489258,1.1066685914993286,0.39513280987739563,0.26311349868774414,3.6614837646484375,0.4607603847980499,0.19261328876018524,0.0,0.0,3.4770820752994434,2.383289145456778,0.3145720768608744,0.48275490306519175,0.4836930141255662,0.06184458843356854,0.43551079727507924,0.4410727217390731,0.0607201813443287,,,,,,,,,,,,,,,,,,,,,,,,,,,,,,,,,
108,9.755791591211275e-06,9.755791591211275e-06,1.0,10.467343923207876,6.094492822080045,3.4432703353263237,3.4432703353263237,3.4482388496398926,0.0,0.0,0.31779220780810796,1.6728628680512712,0.11468928931532679,1.6742340004121936,0.08435223452948235,0.01663894103084867,0.9024873907501633,0.0,0.0,0.0,0.0,0.96379482423937,16.025091068164723,8.740511894226074,16.425386428833008,22.58277702331543,1.1025962829589844,0.3806082606315613,0.25797581672668457,3.622344970703125,0.45979955792427063,0.1864033192396164,0.0,0.0,3.4442994497917794,2.3675242130820817,0.312625325528764,0.4819751631569218,0.481880648716076,0.06120736987606899,0.4365802536139617,0.4411155436490033,0.060121278203017006,,,,,,,,,,,,,,,,,,,,,,,,,,,,,,,,,
109,9.751022198364705e-06,9.751022198364705e-06,1.0,10.50014052519927,6.100588360348263,3.471598734726777,3.471598734726777,3.4771061201353333,0.0,0.0,0.31587422699541656,1.6703872326258067,0.11541894460852081,1.6582826794804753,0.08683872605497772,0.020057528934164626,0.9262455621281186,0.0,0.0,0.0,0.0,1.0121481934109249,15.693858069342536,8.488157272338867,16.044893264770508,22.276126861572266,1.102655053138733,0.37931588292121887,0.25,3.6244049072265625,0.4604678452014923,0.1855233758687973,7.790265284500488e-06,0.0,3.875302008680395,2.7380966076979765,0.29344949075843924,0.4828308699904261,0.4821156392226348,0.060703997877804006,0.4374405403394957,0.4414893058506218,0.059482506098779475,,,,,,,,,,,,,,,,,,,,,,,,,,,,,,,,,
110,9.746207934659728e-06,9.746207934659728e-06,1.0,11.141693991583747,6.768287671578897,3.445762589171126,3.445762589171126,3.451810862566974,0.0,0.0,0.3211194945348276,1.6738056363286198,0.11428044816932163,1.6942964792251587,0.07772424102232263,0.010976969226691368,0.830538939785313,0.0,0.0,0.0,0.0,0.8312297672838778,15.901427913356471,8.809063911437988,16.170734405517578,22.538713455200195,1.1049299240112305,0.40299278497695923,0.25,3.6541595458984375,0.45995792746543884,0.19372573494911194,6.49188773708374e-07,0.0,2.6935095029908256,2.0828738341460356,0.22670633542103746,0.4819550610877372,0.48285247586868907,0.0610978304332978,0.43602138435518417,0.4407454946556607,0.06050231861504349,122.70507049560547,193.6722947572489,0.3525917204975015,21.111575283847014,122.7050683397955,153.77776482752176,182.26178822996843,216.35755922228577,114.23737553187779,83.96137190234754,232.64443969726562,0.4303403286222637,0.8132829212096679,-0.0052239801386516835,-0.22982013361525433,0.852674702031686,0.7175405722504251,0.6835711532084999,0.5849095890632282,0.9234481323299905,0.9793222712337142,0.9947466185444054,0.42344813232999046,0.17932227123371414,0.044746618544405425,2.0760250763068966e-06,0.0,0.5659340659340659,0.4340659340659341,0.7985347985347986,0.5464314529365235,0.5224257266701577,0.5130854320231375
111,9.741348848089918e-06,9.741348848089918e-06,1.0,10.47390535715464,6.130188130043648,3.416722297668457,3.416722297668457,3.421433210372925,0.0,0.0,0.3182632302915728,1.665295906969019,0.1152138981867481,1.674351370012438,0.08321178684363494,0.015285273233579623,0.8902746374542648,0.0,0.0,0.0,0.0,0.9305206778887156,15.61610866237331,8.488157272338867,15.920031547546387,22.232662200927734,1.1070390939712524,0.3951444625854492,0.25,3.6633148193359375,0.46222907304763794,0.1918613612651825,3.895132642250244e-06,0.0,3.447727667318808,2.4932953119277954,0.27682939242508253,0.48465459733395966,0.4841755056703413,0.06048896757734788,0.4375595337635762,0.4412952113795925,0.05942097034406017,,,,,,,,,,,,,,,,,,,,,,,,,,,,,,,,,
112,9.736444987095694e-06,9.736444987095694e-06,1.0,10.529912355783823,6.188654358322556,3.4223593505653174,3.4223593505653174,3.4262599042944006,0.0,0.0,0.3179857167037758,1.6372527238484975,0.11376213644807404,1.6709024938377175,0.08291033131850732,0.01568050977044009,0.8618251053062645,0.0,0.0,0.0,0.0,0.9198783136702873,15.304074158539644,8.178939819335938,15.551243782043457,21.973642349243164,1.1043713092803955,0.39733821153640747,0.25,3.6282958984375,0.4614085555076599,0.19249090552330017,3.2459438685418703e-06,0.0,2.97279810261082,2.1083464493622652,0.2907872056596651,0.483905861506591,0.482911803432413,0.06014143746044185,0.4379278848300109,0.44128958035159754,0.05921053282312445,,,,,,,,,,,,,,,,,,,,,,,,,,,,,,,,,
113,9.731496400563828e-06,9.731496400563828e-06,1.0,10.730489266885293,6.381848992528142,3.429012324358966,3.429012324358966,3.432656397690644,0.0,0.0,0.3188321284345678,1.6421395862424695,0.11441222316509969,1.6575079447514303,0.08304313006433281,0.016964059323072433,0.8955007920394072,0.0,0.0,0.0,0.0,0.9593547953141702,15.123412132263184,8.036425590515137,15.43022346496582,21.71764373779297,1.106548547744751,0.39924004673957825,0.25,3.7013092041015625,0.46307435631752014,0.19390703737735748,2.596755094833496e-06,0.0,3.412320736292246,2.415314452068226,0.29217836225657545,0.48582213472675634,0.48415768065968073,0.05965248867869377,0.4388081399170128,0.4415219079803776,0.05861294873662897,,,,,,,,,,,,,,,,,,,,,,,,,,,,,,,,,
114,9.726503137826962e-06,9.726503137826962e-06,1.0,10.594108916617728,6.230789867607323,3.440641654504312,3.440641654504312,3.445775689305486,0.0,0.0,0.3160509354359395,1.6553669813516978,0.1146318280213588,1.672080687574438,0.08339380211121328,0.016313309391104692,0.8711028453466054,0.0,0.0,0.0,0.0,0.9343636422543913,15.129060049314756,7.958326816558838,15.370065689086914,21.84526824951172,1.1076688766479492,0.40212664008140564,0.25,3.6674346923828125,0.4632894694805145,0.19501502811908722,1.298377547416748e-06,0.0,3.5847184045894727,2.3863286875389718,0.33430512017798014,0.4860025628193005,0.4845107157488127,0.05987170268152211,0.4385548572282533,0.44115797087952896,0.05887143626003652,,,,,,,,,,,,,,,,,,,,,,,,,,,,,,,,,
115,9.721465248663123e-06,9.721465248663123e-06,1.0,10.556609720797152,6.175951609740386,3.4721499907003865,3.4721499907003865,3.4759718211921484,0.0,0.0,0.3195974609336337,1.6122535499366555,0.11296700082115226,1.6538824165189587,0.07897620970332944,0.013305477709886996,0.8540350617589177,0.0,0.0,0.0,0.0,0.8869323698250023,14.929069982992637,7.728555202484131,15.161358833312988,21.675268173217773,1.1041769981384277,0.3907719850540161,0.26808977127075195,3.6216583251953125,0.46195271611213684,0.19005359709262848,0.0,0.0,3.096837588258692,2.039881899550154,0.3413016209554757,0.4845963692342913,0.4832089607780044,0.05939756756698763,0.4387656941607192,0.44147651018323125,0.05857244607161831,151.03328679682133,225.69437999984208,0.44201425927786736,87.64127416925116,151.03328561694605,181.9491509366332,209.32348777072733,243.0307197354819,114.01770673479352,115.37205481714057,256.6725908362347,0.41043228667075493,0.7978991881769794,0.017048873995606867,-0.20938371696858718,0.8327044201864807,0.7317062322200983,0.7254436112944475,0.6085486744678177,0.9172486024458689,0.9772768675272828,0.9942141181123327,0.4172486024458689,0.17727686752728278,0.04421411811233278,6.747081497997415e-06,0.0,0.7087912087912088,0.29120879120879123,0.7957875457875457,0.5894887765030284,0.5646992348707639,0.5534915660436337
116,9.71638278329521e-06,9.71638278329521e-06,1.0,10.244656537030194,5.900495219875026,3.428325266451449,3.428325266451449,3.4319421987275818,0.0,0.0,0.3191149403920045,1.6389611798363763,0.11548899416182493,1.6490367071048633,0.08076569125861735,0.016138862541599852,0.8865295133075198,0.0,0.0,0.0,0.0,0.937146138500523,14.96892838864713,7.683403015136719,15.220698356628418,21.760103225708008,1.1057530641555786,0.3955691456794739,0.25,3.672698974609375,0.4636211395263672,0.19281260669231415,5.193510189666992e-06,0.0,3.986464303893012,2.497273446740331,0.37356181910330927,0.4865752700212839,0.48425491275014104,0.05875639063683716,0.439908415884585,0.44176674775175145,0.05783611103086858,,,,,,,,,,,,,,,,,,,,,,,,,,,,,,,,,
117,9.711255792390515e-06,9.711255792390515e-06,1.0,10.28092502903294,5.947625649941934,3.425218105316162,3.425218105316162,3.4291194129634546,0.0,0.0,0.31777182946334015,1.606345585874609,0.11339169921907219,1.646970439601589,0.08338434108205743,0.015713460529474792,0.8628780729061848,0.0,0.0,0.0,0.0,0.9283090588208791,14.709658777391589,7.367440223693848,14.955485343933105,21.590763092041016,1.1030429601669312,0.3869502544403076,0.25898033380508423,3.578399658203125,0.4630235731601715,0.19087260961532593,0.0,0.0,3.423281379648157,2.3167749192263627,0.3232297721712612,0.48602303943118536,0.48340788322526057,0.058301413280738366,0.4402833258783495,0.44171413457071457,0.05764506817669482,,,,,,,,,,,,,,,,,,,,,,,,,,,,,,,,,
118,9.706084327060198e-06,9.706084327060198e-06,1.0,10.277916109239733,5.905697410171096,3.459996268555925,3.459996268555925,3.4639185505944328,0.0,0.0,0.31672854439632314,1.6295036947405017,0.11367237567901611,1.6550726439501788,0.08104328569528219,0.017306096172211943,0.8491622451189402,0.0,0.0,0.0,0.0,0.9162561957900589,14.516124751116779,7.071372985839844,14.781248092651367,21.46462631225586,1.1069209575653076,0.4043576717376709,0.25,3.6756744384765625,0.46443188190460205,0.1977725327014923,3.2459438685418703e-06,0.0,4.0643796598589095,2.5678338795094877,0.3682101342868576,0.4876637805152584,0.4841492393532315,0.058666081545320714,0.4401161219622638,0.4408608932752867,0.058094833750982545,,,,,,,,,,,,,,,,,,,,,,,,,,,,,,,,,
119,9.700868438858795e-06,9.700868438858795e-06,1.0,10.510102839083284,6.208740053950129,3.381275718276565,3.381275718276565,3.3842196915600753,0.0,0.0,0.3167420569303873,1.6491051364589382,0.11226853990071528,1.670035188262527,0.08353600338906855,0.016319676881303657,0.8489029343063766,0.0,0.0,0.0,0.0,0.9451907293216603,14.36270350378913,6.780579090118408,14.609041213989258,21.42274284362793,1.102566123008728,0.37971147894859314,0.28930920362472534,3.5843505859375,0.4633200168609619,0.18858090043067932,0.0,0.0,3.8723089856070443,2.459964852075319,0.36472919355899963,0.48654818454304255,0.48286456433502406,0.05822248625996951,0.441018283367157,0.4413171176974838,0.057391767364901466,,,,,,,,,,,,,,,,,,,,,,,,,,,,,,,,,
120,9.695608179783686e-06,9.695608179783686e-06,1.0,10.068263414743784,5.768985207016404,3.385644281232679,3.385644281232679,3.388847099768149,0.0,0.0,0.3184835612773895,1.625800213298282,0.11242619901895523,1.661683140574275,0.082534199832259,0.01623333787948296,0.83901375209963,0.0,0.0,0.0,0.0,0.923342722493249,14.010029998985496,6.432274341583252,14.242778778076172,21.090614318847656,1.1046767234802246,0.3848802149295807,0.25,3.637908935546875,0.46423667669296265,0.1913297474384308,2.596755094833496e-06,0.0,3.725538633965157,2.411358836534861,0.35274893822040204,0.48758447572991653,0.48353265668894796,0.05824491985746332,0.44098320039542943,0.44097433057991237,0.057531143865875295,119.30252530024602,190.66460193166347,0.33250478340262535,27.782977491944703,119.30252585644405,150.5282438526426,178.87042027306478,214.3028262855046,88.33546720232282,82.6394904084908,226.83080590289572,0.3958752597642047,0.8111270658270405,-0.01470571860629668,-0.24389322400758373,0.8498396335697339,0.6899921328225949,0.6590629743718961,0.5928072548382999,0.9250606848080118,0.9805201377027433,0.9948436727167227,0.42506068480801185,0.18052013770274322,0.04484367271672274,3.114037614460345e-06,0.0,0.5714285714285714,0.42857142857142855,0.7408424908424908,0.5403707508857434,0.5179091278913912,0.5091688079084014
121,9.690303602274592e-06,9.690303602274592e-06,1.0,10.110559308851087,5.776393916155841,3.434625155216939,3.434625155216939,3.4386222104768494,0.0,0.0,0.3170151114463806,1.5942156185974945,0.11258273148858869,1.624524329159711,0.08138399279198132,0.015813001985284122,0.8592497223132366,0.0,0.0,0.0,0.0,0.9352634710234564,13.913576203423577,6.252665042877197,14.187251091003418,20.967397689819336,1.1056036949157715,0.3887507915496826,0.3422853648662567,3.6688079833984375,0.4652614891529083,0.1920868158340454,0.0,0.0,3.2471374144425265,2.2643826974404826,0.3026526418718762,0.48888126740584503,0.4838973557626879,0.05764543093942307,0.44198291124524297,0.44121873942581386,0.05686543469090719,,,,,,,,,,,,,,,,,,,,,,,,,,,,,,,,,
122,9.684954759213046e-06,9.684954759213046e-06,1.0,10.009655668928817,5.671027428395039,3.431540302328161,3.431540302328161,3.434689998626709,0.0,0.0,0.3182863899179407,1.5982409296809017,0.11224918268822334,1.6476930186555192,0.08483980485313647,0.016239800918343907,0.8535454096020879,0.0,0.0,0.0,0.0,0.9285245763288962,13.818954467773438,6.072139263153076,14.076845169067383,20.967397689819336,1.1032028198242188,0.3840518295764923,0.30368301272392273,3.60540771484375,0.4646119475364685,0.1906605213880539,0.0,0.0,3.7662235079584896,2.3812873137963786,0.367725439352065,0.4882490546316714,0.48311329049033086,0.05718600780174539,0.4422330735503016,0.44145973872494054,0.056612411161532275,,,,,,,,,,,,,,,,,,,,,,,,,,,,,,,,,
123,9.67956170392186e-06,9.67956170392186e-06,1.0,10.226922396067026,5.878509959659061,3.4339927982639624,3.4339927982639624,3.4376092665904276,0.0,0.0,0.317731088883168,1.6320751808785103,0.11352599271245904,1.6565270295014252,0.08309659472591169,0.015552763751632458,0.851998960649645,0.0,0.0,0.0,0.0,0.9392570015546438,13.846748377825763,6.0190043449401855,14.159568786621094,21.008390426635742,1.1036285161972046,0.3834385871887207,0.3040313422679901,3.5680999755859375,0.4651881158351898,0.19037505984306335,0.0,0.0,3.420838352796194,2.209448137798825,0.35412085870914606,0.48891052200987534,0.4835703227971051,0.05694434811940064,0.44282689368402633,0.4414716950944952,0.056267733006058515,,,,,,,,,,,,,,,,,,,,,,,,,,,,,,,,,
124,9.674124490164606e-06,9.674124490164606e-06,1.0,10.260230141717035,5.946629421131031,3.4023886500178158,3.4023886500178158,3.4053067581073657,0.0,0.0,0.3167566318769713,1.623224838359936,0.11340024785415546,1.6440579021299206,0.08489647165343568,0.018144974950701,0.8573450478347572,0.0,0.0,0.0,0.0,0.9718541986233479,13.617612245920542,5.7940754890441895,13.940045356750488,20.804227828979492,1.1019049882888794,0.3805428743362427,0.25,3.6170806884765625,0.465512216091156,0.19113193452358246,6.49188773708374e-07,0.0,3.799968352188935,2.6790418141597026,0.2949831246314285,0.48946716576009186,0.4832080828176962,0.056273751162193915,0.4437347618309227,0.44166952854878194,0.055691640421345424,,,,,,,,,,,,,,,,,,,,,,,,,,,,,,,,,
125,9.668643172145073e-06,9.668643172145073e-06,1.0,10.56464471043767,6.257500171661377,3.385937097910288,3.385937097910288,3.3885777254362366,0.0,0.0,0.3177096489313486,1.6510242288177077,0.1131329735791361,1.6734783327257312,0.08429269281190795,0.015855484830870015,0.832281465465958,0.0,0.0,0.0,0.0,0.9264056279852584,13.478450672046558,5.421809673309326,13.77763843536377,20.885652542114258,1.1049234867095947,0.3904190957546234,0.29454198479652405,3.6669769287109375,0.46670886874198914,0.19395579397678375,0.0,0.0,3.3680996894836426,2.3280951622370125,0.30878080316146206,0.4908519781924583,0.48403067282728246,0.056076194184857445,0.4439569470044729,0.4415000258265315,0.05563421074200321,122.9174137534676,193.88976878531838,0.33802323917328714,28.819975779606747,122.9174140581734,153.01683630183305,180.92133514011917,216.0879160725665,79.88916996547154,89.01300826553226,224.54493580693784,0.3932992104548451,0.8163907654066831,-0.02192395192967641,-0.243845493096843,0.8538593968319304,0.6987232354767925,0.6663981748734665,0.5895602028480842,0.9247601801782164,0.9804085513548918,0.9948644329674858,0.4247601801782164,0.18040855135489176,0.04486443296748588,3.633043883537069e-06,0.0,0.5164835164835165,0.4835164835164835,0.7554945054945055,0.5413191004932582,0.5187682093499781,0.5105472522695641
126,9.66311780450672e-06,9.66311780450672e-06,1.0,9.88335132598877,5.565577300819191,3.4081991427653544,3.4081991427653544,3.411171732722102,0.0,0.0,0.3180562209438633,1.6119023239290393,0.11224499344825745,1.6540430880881645,0.08387836280304033,0.016169031087711856,0.8353731165061126,0.0,0.0,0.0,0.0,0.9590941119838405,13.298828073450037,5.285880088806152,13.56403636932373,20.723121643066406,1.1036574840545654,0.3855418562889099,0.26797041296958923,3.693756103515625,0.4668850898742676,0.19280466437339783,0.0,0.0,3.351899359677289,2.3170759871199325,0.3087274591254393,0.49121342720212163,0.48360717699334427,0.05564215396707122,0.44473757776054174,0.4415256977081299,0.055214032933518696,,,,,,,,,,,,,,,,,,,,,,,,,,,,,,,,,
127,9.65754844233215e-06,9.65754844233215e-06,1.0,9.987863669524321,5.714106572640909,3.3692154497713656,3.3692154497713656,3.371747667725022,0.0,0.0,0.3153493235240111,1.599838617685679,0.11106840581507296,1.6469102324666203,0.08419344695033254,0.01604600326233619,0.8381371836404543,0.0,0.0,0.0,0.0,0.9603942471581537,13.297091896469528,5.15335750579834,13.56403636932373,20.844900131225586,1.1076966524124146,0.39838841557502747,0.25,3.6591949462890625,0.4687766134738922,0.19742299616336823,3.2459438685418703e-06,0.0,3.4596557907156043,2.415093365553263,0.3019266910787912,0.49328213124661835,0.48531581984983907,0.05561354927517272,0.44517609799230423,0.44134675570436427,0.05505441874265671,,,,,,,,,,,,,,,,,,,,,,,,,,,,,,,,,
128,9.651935141142535e-06,9.651935141142535e-06,1.0,9.84936322392644,5.5499726501671045,3.40339792096937,3.40339792096937,3.4061906853237667,0.0,0.0,0.3167953225406441,1.5763775980150379,0.11042345013167407,1.6353547605308327,0.08227839904862481,0.0155551674196849,0.8146787124711115,0.0,0.0,0.0,0.0,0.939959886911753,13.158844148790514,4.826969146728516,13.327689170837402,21.008390426635742,1.107872486114502,0.39781102538108826,0.3056248724460602,3.6825408935546875,0.4689044952392578,0.19737376272678375,0.0,0.0,3.7730806099401937,2.3860110060588733,0.3676225735085227,0.49339838607891184,0.48553781332196416,0.055569223858214715,0.4452964961528778,0.4411364189676336,0.055063289867059606,,,,,,,,,,,,,,,,,,,,,,,,,,,,,,,,,
129,9.646277956897091e-06,9.646277956897091e-06,1.0,10.741189570040316,6.394763946533203,3.4315944748955802,3.4315944748955802,3.4348425285236255,0.0,0.0,0.31831074727548136,1.6378621152929358,0.11237451474408845,1.6619731896632426,0.08337729806835587,0.017095349502523203,0.80436573318533,0.0,0.0,0.0,0.0,0.909141439038354,13.252388000488281,4.623953342437744,13.590554237365723,21.131847381591797,1.1071949005126953,0.39442214369773865,0.25,3.6129608154296875,0.4689578115940094,0.1970580518245697,6.49188773708374e-07,0.0,4.18122741338369,2.4889233096225842,0.404738593826351,0.49379744964676936,0.48417147349666906,0.05554716611230696,0.44565348528526927,0.4407601292068894,0.05502772864860457,,,,,,,,,,,,,,,,,,,,,,,,,,,,,,,,,
130,9.640576945992494e-06,9.640576945992494e-06,1.0,10.430647128337139,6.122709493379335,3.39842617189562,3.39842617189562,3.400234203080873,0.0,0.0,0.3151721897962931,1.6183308330742088,0.11106482550904558,1.6503912339339386,0.08417785922820503,0.019105496942191512,0.8423914216660164,0.0,0.0,0.0,0.0,0.9895191047642682,13.063754159051019,4.637519836425781,13.327689170837402,20.804227828979492,1.1037671566009521,0.38689714670181274,0.25,3.676361083984375,0.46903195977211,0.19432508945465088,6.49188773708374e-07,0.0,4.6464493790188355,2.9048457693409278,0.37482461716728577,0.49418952577822917,0.48324319156440526,0.05452908172800734,0.44744798943803116,0.4411756283528096,0.053930984256235326,139.22510448916927,215.0328475097709,0.4012470139429358,77.35086474575839,139.22510687118944,170.2642871164931,196.3986533568177,231.5347945558544,96.07384817940849,108.5237343366756,231.88892065960428,0.4207781671329716,0.8091191928709613,-0.006154122888611988,-0.22836325787726813,0.8416177910530278,0.7187895745406714,0.6995913207926994,0.5988450584426895,0.9216959671655874,0.9797649835812366,0.9949308657699276,0.42169596716558744,0.1797649835812366,0.044930865769927664,1.5570188072301725e-06,0.0,0.6758241758241759,0.3241758241758242,0.7893772893772895,0.5681559612954056,0.5438702336952581,0.5343070476428493
131,9.63483216526234e-06,9.63483216526234e-06,1.0,10.335200747928104,5.987580376702386,3.438096549059894,3.438096549059894,3.4404793687768884,0.0,0.0,0.31764607332848216,1.626690858119243,0.11139729840529931,1.6548876246890507,0.08102193585521467,0.01517291204701807,0.8091725674835412,0.0,0.0,0.0,0.0,0.9003551666801041,13.011072133038494,4.390715599060059,13.27573013305664,20.967397689819336,1.1049556732177734,0.39414283633232117,0.25,3.6417999267578125,0.4686099886894226,0.19638030230998993,1.298377547416748e-06,0.0,3.9914666655901314,2.397020215923722,0.39946380196831066,0.49353483560922984,0.48357860623179255,0.05481951985810254,0.44652251456234904,0.4406796170247568,0.054590109232309704,,,,,,,,,,,,,,,,,,,,,,,,,,,,,,,,,
132,9.629043671976556e-06,9.629043671976556e-06,1.0,9.84212774843783,5.544451713562012,3.3995756007529594,3.3995756007529594,3.4015716926471606,0.0,0.0,0.31830948430138667,1.567215146245183,0.10997581401386776,1.648096445444468,0.08514773422801816,0.01711073558072786,0.7949091341044452,0.0,0.0,0.0,0.0,0.9230819505614203,12.913479160618138,4.088602066040039,13.172416687011719,21.090614318847656,1.10502028465271,0.395150750875473,0.3252025544643402,3.65850830078125,0.4692092537879944,0.1978929340839386,0.0,0.0,3.929658793114327,2.5135820846299866,0.36035614872355715,0.49444130868525116,0.4830999962381414,0.0546954156377831,0.44712217997860265,0.44038246692837896,0.05441777398054664,,,,,,,,,,,,,,,,,,,,,,,,,,,,,,,,,
133,9.623211523840855e-06,9.623211523840855e-06,1.0,10.14723471048716,5.849457470146385,3.3852693068014608,3.3852693068014608,3.3883159676113643,0.0,0.0,0.3164302843648034,1.6258295291178935,0.1112482716908326,1.6605745972813786,0.08359602637387611,0.01884318284086279,0.8252514568535058,0.0,0.0,0.0,0.0,0.9752176259015057,12.965536014453784,4.2931952476501465,13.172416687011719,21.049461364746094,1.1088753938674927,0.4043637216091156,0.2574484944343567,3.6321868896484375,0.4717911183834076,0.2013966143131256,0.0,0.0,4.115076572508426,2.706893687312667,0.34220089477882376,0.4974921820936976,0.4845911578552143,0.054332434124237786,0.4484298108397303,0.4402218662403725,0.05382570876060305,,,,,,,,,,,,,,,,,,,,,,,,,,,,,,,,,
134,9.617335778996131e-06,9.617335778996131e-06,1.0,9.892222456029943,5.634645977535763,3.3636850021980904,3.3636850021980904,3.366212522661364,0.0,0.0,0.3175256429491816,1.5721810347325094,0.1106115652097238,1.6310831533895958,0.08104468549828271,0.015448920441338339,0.8114991107502499,0.0,0.0,0.0,0.0,0.9507597717078956,12.998939720360008,4.112628936767578,13.198168754577637,21.339223861694336,1.11045241355896,0.40429118275642395,0.3086512088775635,3.6953582763671875,0.4725291430950165,0.20185744762420654,0.0,0.0,3.9762436763660327,2.4784445295462736,0.37668696104375254,0.4982974094313544,0.4852950331327078,0.05422622931970132,0.44857242783984624,0.4398721569293254,0.05389359996125505,,,,,,,,,,,,,,,,,,,,,,,,,,,,,,,,,
135,9.611416496017913e-06,9.611416496017913e-06,1.0,10.187704034753748,5.902205931173788,3.3780687757440515,3.3780687757440515,3.3803028995926314,0.0,0.0,0.3184005529493899,1.605947597606762,0.11026861558894853,1.66594668659004,0.08220189749389081,0.01578754118668872,0.7870852254532479,0.0,0.0,0.0,0.0,0.8889378905296326,13.046113091546136,3.947359561920166,13.327689170837402,21.548635482788086,1.1094619035720825,0.4102441072463989,0.32187461853027344,3.65850830078125,0.4723178744316101,0.20452378690242767,0.0,0.0,4.254869925009237,2.4552804134987496,0.42294818483941804,0.49826059550852386,0.4843097997678293,0.054132982887126306,0.44889827918361974,0.43947255289232406,0.053890548847817084,118.51739937918526,189.17818965055127,0.32869589731460025,35.64997880537431,118.51739929155619,148.8197489157456,176.6159929887637,211.47147800080248,87.43055234636579,81.14415477782256,228.05558378800103,0.46211894907738765,0.8226897799751565,-0.023266051220390226,-0.23913810319659043,0.8557933321223495,0.7174813385568609,0.685086087459778,0.57974949220585,0.9277730115702068,0.9813541807771496,0.9953455517789199,0.42777301157020675,0.1813541807771496,0.04534555177891997,0.0,0.0,0.5659340659340659,0.4340659340659341,0.760989010989011,0.534432277738393,0.5107460205780936,0.5027945937363656
136,9.605453733915747e-06,9.605453733915747e-06,1.0,9.87845127002613,5.578908495000891,3.40591481569651,3.40591481569651,3.407315125336518,0.0,0.0,0.3172646374315829,1.5655022537386096,0.10877039645974701,1.6310451965074282,0.08336856880703487,0.017313409458241752,0.8105567903132052,0.0,0.0,0.0,0.0,0.9572565475025693,13.085355939091864,4.001698017120361,13.301684379577637,21.632976531982422,1.1053212881088257,0.3897211253643036,0.2500973343849182,3.702911376953125,0.4717894196510315,0.19698677957057953,6.49188773708374e-07,0.0,4.075686975105389,2.6943295887998633,0.3389262705264077,0.498012400962211,0.48269210473911184,0.05335651076323277,0.4502886791486998,0.43978431579228994,0.05302689365438513,,,,,,,,,,,,,,,,,,,,,,,,,,,,,,,,,
137,9.599447552132635e-06,9.599447552132635e-06,1.0,9.930255529042837,5.616802254238644,3.41037790195362,3.41037790195362,3.4114527702331543,0.0,0.0,0.3166932584466161,1.6033224801759463,0.1105777299081957,1.6372369270066958,0.08384817536618258,0.017959681767466908,0.8188206972302617,0.0,0.0,0.0,0.0,0.9623285531997681,13.478124618530273,4.124695301055908,13.72392463684082,22.232662200927734,1.0992265939712524,0.3755854368209839,0.25,3.5763397216796875,0.470048189163208,0.19135336577892303,6.49188773708374e-07,0.0,4.387677737184473,2.656352344396952,0.39458809340416473,0.4963037403854164,0.480590213794966,0.052394872279586016,0.4513859853551194,0.4401273703252947,0.052296900265925636,,,,,,,,,,,,,,,,,,,,,,,,,,,,,,,,,
138,9.593398010544427e-06,9.593398010544427e-06,1.0,9.795874879166886,5.505207126205032,3.3959963386123246,3.3959963386123246,3.3971516441654517,0.0,0.0,0.3186940148070052,1.5669873501803424,0.10932726634515298,1.6404054132667747,0.08172441193380871,0.014851734331632787,0.7964607525516201,0.0,0.0,0.0,0.0,0.9134025686496013,13.42815216167553,3.7776479721069336,13.69714641571045,22.450841903686523,1.1054465770721436,0.4069424271583557,0.32962724566459656,3.676361083984375,0.4724552035331726,0.2025742083787918,0.0,0.0,3.372176300834965,2.2644353815027185,0.3284943669931982,0.4989378693941477,0.48274254235061437,0.052403857478418865,0.451468400858544,0.43961206722903895,0.05246833812546085,,,,,,,,,,,,,,,,,,,,,,,,,,,,,,,,,
139,9.587305169459228e-06,9.587305169459228e-06,1.0,9.894752193141628,5.598396571906838,3.3965778673017346,3.3965778673017346,3.3970264615239323,0.0,0.0,0.31800804428152135,1.584595538474418,0.10818045183613494,1.644237453873093,0.08293236137644665,0.015055923319950298,0.809290620120796,0.0,0.0,0.0,0.0,0.9439176047170484,13.746849008508631,3.840886116027832,14.159568786621094,22.804391860961914,1.1042633056640625,0.398076593875885,0.34351876378059387,3.688720703125,0.47256219387054443,0.19905675947666168,0.0,0.0,3.282319626292667,2.2778066622244344,0.30603752176408716,0.4992732123748676,0.48200667468277186,0.05214581104951936,0.4523010358617112,0.4395844453089946,0.05203841888421291,,,,,,,,,,,,,,,,,,,,,,,,,,,,,,,,,
140,9.581169089616798e-06,9.581169089616798e-06,1.0,9.862386574616304,5.578598228660789,3.388771830378352,3.388771830378352,3.3900326780370764,0.0,0.0,0.31768641842378154,1.5782168942528803,0.10985824908759143,1.6266563454189815,0.08139460523788994,0.016200788482721593,0.8217072551314896,0.0,0.0,0.0,0.0,0.9595447343748968,13.681974978060335,3.722714424133301,14.021965026855469,22.893646240234375,1.1070314645767212,0.40984782576560974,0.32285749912261963,3.5914459228515625,0.47435009479522705,0.20448285341262817,0.0,0.0,3.5402612492844865,2.483725186940786,0.2984344905498808,0.5014209521783365,0.4828799713302303,0.05191358188922341,0.453115407679532,0.43920587929519445,0.051793765679404545,181.75091326367723,262.6171611465161,0.5191062892458083,139.3777327485137,181.75091174343737,208.92100123379294,230.91522961185274,262.07156032135936,116.5502679007394,141.34155137409536,304.9946567701257,0.4495337205613847,0.809018629296261,0.017326923711141317,-0.1951874883035363,0.8370807261075424,0.7643574205742701,0.7551691196507637,0.6066303355911651,0.9157341421527031,0.97725039820756,0.9947595937011323,0.4157341421527031,0.17725039820755994,0.04475959370113236,0.0,0.0,0.7912087912087912,0.2087912087912088,0.8278388278388278,0.617567875801207,0.5893526079726743,0.578350694583995
141,9.574989832187947e-06,9.574989832187947e-06,1.0,10.055004867347511,5.763608236570616,3.3882870351946033,3.3882870351946033,3.3888398698858313,0.0,0.0,0.3180787700253564,1.597028094369012,0.10914406562979156,1.6423820643811613,0.08410418466538996,0.01760449626709561,0.8116169362454801,0.0,0.0,0.0,0.0,0.9793617709262951,13.713767360996556,3.7850332260131836,13.99460506439209,22.98324966430664,1.1090800762176514,0.4110276401042938,0.2799356281757355,3.683685302734375,0.4756019115447998,0.20537513494491577,0.0,0.0,3.8809231149183736,2.611975160804955,0.32697065016195465,0.5028590616342183,0.4837627757239986,0.05176862792388813,0.45352326937623927,0.43917629847655426,0.05158452407733814,,,,,,,,,,,,,,,,,,,,,,,,,,,,,,,,,
142,9.568767458773922e-06,9.568767458773922e-06,1.0,9.935070656441354,5.662045581920727,3.375974229864172,3.375974229864172,3.3766718490703687,0.0,0.0,0.31734557812278336,1.5750835682894733,0.1077866419344335,1.6354843925785374,0.08490069673673527,0.016286810482474597,0.8118480041220382,0.0,0.0,0.0,0.0,0.9645953436155577,13.86426526146966,3.6865367889404297,14.131940841674805,23.345182418823242,1.107568383216858,0.4105093479156494,0.26793795824050903,3.6898651123046875,0.47513172030448914,0.20501184463500977,0.0,0.0,3.7310494023400382,2.5140732349576176,0.326175302481698,0.5023836872062167,0.48327421578201085,0.05142496314805907,0.4538723504221117,0.4392324565230189,0.05136956093279091,,,,,,,,,,,,,,,,,,,,,,,,,,,,,,,,,
143,9.562502031405799e-06,9.562502031405799e-06,1.0,9.920551377373773,5.6519904136657715,3.3663869484050855,3.3663869484050855,3.3678745128012992,0.0,0.0,0.3184124029971458,1.598218060828544,0.10896736947265831,1.6390677626068528,0.08393642638583441,0.01648398715297918,0.8034604594514176,0.0,0.0,0.0,0.0,0.9622304697294493,13.845026737934834,3.597623348236084,14.131940841674805,23.39082145690918,1.1136033535003662,0.42212754487991333,0.3591759204864502,3.6875762939453125,0.47781312465667725,0.20997324585914612,0.0,0.0,3.7784723945566125,2.490444900216283,0.3408857760072306,0.5053904201533344,0.48532552735225576,0.05161230910468746,0.45396898404971975,0.43888002231314377,0.051468616099776446,,,,,,,,,,,,,,,,,,,,,,,,,,,,,,,,,
144,9.556193612543854e-06,9.556193612543854e-06,1.0,10.029389252533784,5.769121182931436,3.3574751712180473,3.3574751712180473,3.358658835694597,0.0,0.0,0.3166508940426079,1.6041174096030157,0.10841525124536978,1.6376712773297284,0.08513635739281371,0.01677445090703062,0.803674084109229,0.0,0.0,0.0,0.0,0.9690911544335855,14.028243477280075,3.640030860900879,14.29852294921875,23.712814331054688,1.108740210533142,0.4091193377971649,0.34212321043014526,3.736785888671875,0.47617635130882263,0.20540519058704376,0.0,0.0,3.837509653052768,2.6206643275312476,0.3170924468042734,0.5038018524646759,0.4830904361364004,0.051337977518906466,0.45447134246697296,0.438593505202113,0.05133742476637299,,,,,,,,,,,,,,,,,,,,,,,,,,,,,,,,,
145,9.549842265076951e-06,9.549842265076951e-06,1.0,9.691036739864865,5.409572266243599,3.394679507693729,3.394679507693729,3.395707961675283,0.0,0.0,0.31768362022734975,1.5574056844453554,0.10800998456574776,1.6168494868922878,0.08072339390983453,0.015894635278429534,0.7909005429293658,0.0,0.0,0.0,0.0,0.9347384330388662,14.398859127147778,3.5626611709594727,14.75240707397461,24.46554183959961,1.1080117225646973,0.4146232008934021,0.36437276005744934,3.65850830078125,0.47598156332969666,0.20699971914291382,0.0,0.0,3.6760518421997896,2.4707288613190523,0.32788519656987725,0.5036693545612129,0.4826918912900461,0.05093472521450069,0.45477293391485474,0.43859868194605856,0.0511657108326216,172.35893102792593,252.88045202243853,0.4844678789603533,126.42537022684957,172.35893104695853,198.46397258569698,221.3279824283509,252.92005376005358,114.81175231933594,133.53919681282932,289.98014765200406,0.44529937724509266,0.8211828379811126,0.011718080373253845,-0.1945662436950261,0.8485908118652199,0.7675440275489499,0.744149086930028,0.5935515173984512,0.9184911034540386,0.9783361593224684,0.9949417649015783,0.4184911034540386,0.17833615932246838,0.04494176490157831,0.0,0.0,0.7417582417582418,0.25824175824175827,0.8269230769230769,0.6035838431300042,0.5737166433380201,0.5630268656781742
146,9.543448052321913e-06,9.543448052321913e-06,1.0,9.64355721344819,5.347477242753312,3.3977291261827625,3.3977291261827625,3.3990251502475224,0.0,0.0,0.31828503350953796,1.5835238469613564,0.10741499247583183,1.6398343105573912,0.08362136539575216,0.016897020257405332,0.789002579611701,0.0,0.0,0.0,0.0,0.9629148583154421,14.565962018193426,3.7336368560791016,14.839099884033203,24.80232810974121,1.104996919631958,0.40349850058555603,0.293323814868927,3.681396484375,0.4753316044807434,0.20386113226413727,0.0,0.0,3.5678245280240035,2.4967663239788367,0.3001992378359368,0.5031215645171501,0.48147904309066564,0.05075601236643018,0.45540723526800003,0.4383875123552374,0.05093349687553741,,,,,,,,,,,,,,,,,,,,,,,,,,,,,,,,,
147,9.537011038022883e-06,9.537011038022883e-06,1.0,9.752028954995644,5.497992580001418,3.3555317440548458,3.3555317440548458,3.356672564068356,0.0,0.0,0.3177306136569461,1.5647885219470874,0.10574521245183172,1.653502502956906,0.08628221218650406,0.01975396430950511,0.7860444478086523,0.0,0.0,0.0,0.0,0.9894019349201305,14.269078692874393,3.3928818702697754,14.354485511779785,24.899402618408203,1.1101771593093872,0.41972285509109497,0.26422643661499023,3.64935302734375,0.4780140519142151,0.21066901087760925,0.0,0.0,4.535227724023767,2.9019563165870874,0.3601299663046689,0.5062523419792587,0.48313460962192434,0.0505315909111822,0.45594894724923213,0.43819875088897914,0.05074145886543635,,,,,,,,,,,,,,,,,,,,,,,,,,,,,,,,,
148,9.530531286350695e-06,9.530531286350695e-06,1.0,10.177872992850638,5.891935425835687,3.376958209115106,3.376958209115106,3.377601050041817,0.0,0.0,0.31836174952017293,1.6135251328751847,0.10780817753559835,1.6534203548689146,0.08636529119433584,0.018740246516048303,0.792700203689369,0.0,0.0,0.0,0.0,0.9862153723433211,14.869710097441802,3.8109962940216064,14.955485343933105,25.58963966369629,1.107312560081482,0.41442885994911194,0.25,3.6143341064453125,0.47735610604286194,0.20817531645298004,1.298377547416748e-06,0.0,4.0990959083711775,2.719133558305534,0.3366504177780966,0.5056359413507823,0.48225193410306366,0.05006545198124808,0.4569264722836984,0.4384303833987262,0.05013614772139369,,,,,,,,,,,,,,,,,,,,,,,,,,,,,,,,,
149,9.52400886190224e-06,9.52400886190224e-06,1.0,9.767294522878286,5.52617174870259,3.354595706269548,3.354595706269548,3.3551589798282935,0.0,0.0,0.31622627538603704,1.5667699672080375,0.10755456822949487,1.6111993950766486,0.08016162103897817,0.015344899015601826,0.7936440367956419,0.0,0.0,0.0,0.0,0.950789759287963,15.049563949172562,3.486936092376709,15.43022346496582,25.891281127929688,1.109126091003418,0.41161611676216125,0.25,3.688720703125,0.47813358902931213,0.20678167045116425,6.49188773708374e-07,0.0,3.7189105265849345,2.5657719889202633,0.3100742890750844,0.5065269784347431,0.48277233500738403,0.050088385975844155,0.4570600462926401,0.4379503799451364,0.050265132273371156,,,,,,,,,,,,,,,,,,,,,,,,,,,,,,,,,
150,9.517443829699808e-06,9.517443829699808e-06,1.0,9.880455352164603,5.594383239746094,3.3937466917811214,3.3937466917811214,3.395077821370718,0.0,0.0,0.3170844630615131,1.5683822664054665,0.1058097793846517,1.6288165047362044,0.08451247134724178,0.01645192427157953,0.7807684637404777,0.0,0.0,0.0,0.0,0.9575907040286709,15.238426105396167,3.6364779472351074,15.310144424438477,26.55709457397461,1.1118745803833008,0.4212395250797272,0.2709934115409851,3.6715545654296875,0.4793456196784973,0.2106606364250183,0.0,0.0,3.9798526860572196,2.536683440208435,0.36261875996181925,0.5078673209692981,0.4837602972984314,0.05021976870862213,0.4572381989375965,0.43769659867157806,0.05028276054843052,169.59381614936578,256.3809689948899,0.43093876269237125,91.00497369451837,169.59381656414692,194.18887499974716,218.64364467295897,249.61433308980997,60.55636814662388,128.28110521893169,302.0416823677395,0.4112096260411746,0.8315156223837986,0.004559773245537706,-0.19705883204318225,0.8627425045811277,0.7593674581116742,0.7213186145336314,0.5932048214002626,0.920110922019827,0.9777522772697571,0.9940885185952161,0.420110922019827,0.17775227726975706,0.04408851859521612,3.3216401220910345e-05,0.0,0.6538461538461539,0.34615384615384615,0.7893772893772895,0.5912610052951744,0.5649284375729141,0.5560439879504534
151,9.510836255190452e-06,9.510836255190452e-06,1.0,9.858818647023794,5.615288489573711,3.3579469435923808,3.3579469435923808,3.359078059325347,0.0,0.0,0.31607175598273407,1.5523291536279626,0.10556226807671625,1.6256348410168209,0.08120426968545527,0.016173290780971985,0.7674049799506729,0.0,0.0,0.0,0.0,0.9217708432996595,15.205951278274124,3.426177740097046,15.28027057647705,26.765382766723633,1.1093682050704956,0.41849398612976074,0.3721698522567749,3.6633148193359375,0.47822296619415283,0.2100745290517807,0.0,0.0,4.203410011691016,2.4477814999786585,0.41766768096126666,0.5066841075549254,0.48257794815140803,0.05014220715777294,0.4570158204516849,0.4375779596534935,0.05043852107750403,,,,,,,,,,,,,,,,,,,,,,,,,,,,,,,,,
152,9.504186204245329e-06,9.504186204245329e-06,1.0,9.842459266250199,5.61226986549996,3.336211191641318,3.336211191641318,3.3377427281560124,0.0,0.0,0.3157502219483659,1.5801184112961228,0.1067221639929591,1.6262479956085618,0.08581548002926079,0.018841381184756756,0.768474322718543,0.0,0.0,0.0,0.0,0.9632740874548216,15.845713357667666,3.69374418258667,15.982340812683105,27.668996810913086,1.1133424043655396,0.43043431639671326,0.34859639406204224,3.7081756591796875,0.4801599085330963,0.21519584953784943,0.0,0.0,4.598020279729688,2.91793586756732,0.36539299740999365,0.5088366825838346,0.48417787133036433,0.050159141622685095,0.4573166362337164,0.43755596715050776,0.05028387914235528,,,,,,,,,,,,,,,,,,,,,,,,,,,,,,,,,
153,9.497493743159041e-06,9.497493743159041e-06,1.0,10.083659687557736,5.844169990436451,3.341259195997908,3.341259195997908,3.3418695668916443,0.0,0.0,0.3172870133374188,1.6007119288315643,0.10646917409188039,1.6346408773112941,0.0825275322674094,0.016669320647378225,0.7621056550257915,0.0,0.0,0.0,0.0,0.9351284503936768,16.285697730811865,3.9204676151275635,16.45749855041504,28.2147159576416,1.112815260887146,0.4335187077522278,0.2877100706100464,3.7406768798828125,0.4798641800880432,0.2164822667837143,0.0,0.0,4.195705355824651,2.502355987961228,0.4035911066807028,0.5084702404769691,0.48408713614618454,0.050155278194595025,0.45736032643833674,0.43728935476895925,0.0503679997212178,,,,,,,,,,,,,,,,,,,,,,,,,,,,,,,,,
154,9.490758938648989e-06,9.490758938648989e-06,1.0,9.849345155664393,5.611967653841586,3.348083779618547,3.348083779618547,3.348826711242263,0.0,0.0,0.3157781346424206,1.5648573765883576,0.10542569470566672,1.6180714401038918,0.08512651094713726,0.02007968385854887,0.774023711681366,0.0,0.0,0.0,0.0,1.0013588070869446,15.972443451752534,3.781338691711426,15.951155662536621,27.995149612426758,1.1168328523635864,0.43594080209732056,0.3704703748226166,3.7754669189453125,0.482444703578949,0.21840350329875946,0.0,0.0,4.955335468859286,3.1950372328629366,0.35523290946870417,0.5116118273219546,0.4851250632389172,0.05002871447721043,0.45824762131716756,0.43708286253181666,0.05003405070385417,,,,,,,,,,,,,,,,,,,,,,,,,,,,,,,,,
155,9.483981857854688e-06,9.483981857854688e-06,1.0,10.154444952268857,5.874335959150985,3.3831106972050025,3.3831106972050025,3.3841355169141614,0.0,0.0,0.3166512081751952,1.590783173973496,0.10529460113596271,1.6347537685084987,0.08409604228831627,0.017281780447307472,0.7679078659495792,0.0,0.0,0.0,0.0,0.9610293378701081,16.430915626319678,3.759247303009033,16.586576461791992,28.771202087402344,1.1158368587493896,0.4338685870170593,0.32630929350852966,3.6541595458984375,0.48198142647743225,0.21651068329811096,0.0,0.0,4.26415043263822,2.6927072583018123,0.36852432838870547,0.511076024255237,0.48491492384188883,0.049729170529423536,0.4584502795258084,0.4372675829642528,0.049819417197156594,173.6607564989027,262.314562679402,0.44746032077807163,116.84665960793967,173.66075557620096,199.62547501381584,221.69006240960852,251.97511093230318,65.3710436139788,128.3673718474632,317.15803063434106,0.45400697908538573,0.8274158572339759,0.020652428252726507,-0.1835909172460345,0.8552223338497744,0.7654377955778443,0.7380753498237871,0.5925396276714024,0.9200377421358873,0.97848148107781,0.9947455805318672,0.4200377421358873,0.17848148107780992,0.04474558053186728,2.854534479921983e-05,0.0,0.7032967032967034,0.2967032967032967,0.7884615384615384,0.5961222384165932,0.5696494444631613,0.5602189357300381
156,9.477162568337107e-06,9.477162568337107e-06,1.0,9.834357957582217,5.59813692763045,3.3438777214771993,3.3438777214771993,3.3445250859131685,0.0,0.0,0.3183878080264942,1.5646873164821316,0.10384401638765593,1.6400488905004553,0.0842187356304478,0.01575215320052529,0.7469159864090584,0.0,0.0,0.0,0.0,0.9354118914217562,16.65285620818267,3.5766050815582275,16.6514949798584,29.684497833251953,1.115029215812683,0.4325786232948303,0.3702395558357239,3.7040557861328125,0.4813743829727173,0.21565982699394226,0.0,0.0,3.895664110377028,2.523473762177132,0.3522352824374002,0.5102096796035767,0.48525105537594976,0.049550415696324526,0.45814373042132406,0.437556901493588,0.04980843886733055,,,,,,,,,,,,,,,,,,,,,,,,,,,,,,,,,
157,9.470301138078003e-06,9.470301138078003e-06,1.0,9.533470205358556,5.288454648610708,3.3693711822097367,3.3693711822097367,3.3698512605718665,0.0,0.0,0.31564201132671255,1.5337818667695329,0.10475277598645236,1.5956225395202637,0.08176361044516435,0.016286910310186243,0.7628468742241731,0.0,0.0,0.0,0.0,0.9434179856970504,17.250107765197754,3.92429780960083,17.281030654907227,30.447856903076172,1.1115972995758057,0.42267298698425293,0.3184255063533783,3.70611572265625,0.4804467260837555,0.21166539192199707,0.0,0.0,3.8223409394960144,2.38550650106894,0.37590431130314733,0.5093952948982651,0.48369576318843943,0.049149629836146895,0.4588841232093605,0.4376540884778306,0.04938489470530201,,,,,,,,,,,,,,,,,,,,,,,,,,,,,,,,,
158,9.463397635479225e-06,9.463397635479225e-06,1.0,9.420394897460938,5.163902501802187,3.374182398254807,3.374182398254807,3.3749028605383797,0.0,0.0,0.31751125245480927,1.5559411177764069,0.1046220092354594,1.607333998422365,0.08138176949845778,0.016639935481991316,0.7450061891530011,0.0,0.0,0.0,0.0,0.9291468600969057,17.4331629469588,4.060748100280762,17.518917083740234,30.686662673950195,1.1116687059402466,0.4276522099971771,0.30947166681289673,3.716644287109375,0.48074713349342346,0.2143755853176117,0.0,0.0,3.9894976261499764,2.560151750976975,0.3582771589595798,0.5097807653852411,0.48380742524121256,0.04887879941914532,0.45908214755960414,0.4376885665429605,0.049258486846008816,,,,,,,,,,,,,,,,,,,,,,,,,,,,,,,,,
159,9.45645212936205e-06,9.45645212936205e-06,1.0,9.699755153140506,5.428892934644544,3.390405326276212,3.390405326276212,3.3906676833694047,0.0,0.0,0.3176805393115894,1.5430252584251198,0.10351494599033047,1.6065701020730507,0.08234221609057607,0.017428262310253607,0.7512153467616519,0.0,0.0,0.0,0.0,0.9455422533525003,17.60293808498898,3.8521554470062256,17.621868133544922,31.291902542114258,1.1109153032302856,0.4258580505847931,0.25,3.6981048583984375,0.4804261326789856,0.21298041939735413,6.49188773708374e-07,0.0,4.0668372914597795,2.577293776177071,0.36626582489806003,0.5095118550029961,0.4831628855821249,0.04892380042253314,0.45927090983133056,0.43753832417565425,0.049220217945607936,,,,,,,,,,,,,,,,,,,,,,,,,,,,,,,,,
160,9.44946468896649e-06,9.44946468896649e-06,1.0,9.431424991504565,5.193718433380127,3.350267152528505,3.350267152528505,3.3512516279478333,0.0,0.0,0.31651748193276896,1.5595373334111393,0.10508863164766415,1.616894767091081,0.08570470580378094,0.01796420696317344,0.7567670103665944,0.0,0.0,0.0,0.0,0.9816054621258298,17.612223161233437,3.792433023452759,17.48473358154297,31.475791931152344,1.1182267665863037,0.44248294830322266,0.3193645179271698,3.6871185302734375,0.48409298062324524,0.22017870843410492,0.0,0.0,4.438218550102131,2.6904544202057092,0.3937985725953497,0.5137080550193787,0.4856926412195773,0.048941307373949,0.4599711000919342,0.4369564225544801,0.0491578244679683,114.98977422190237,180.8611346345997,0.30102393799612687,28.60982173877758,114.98977198443566,144.7352994590944,170.93450845523626,204.26670824151049,57.11238098144531,79.83600450855818,222.38060130243716,0.45984210337802,0.8369161800191032,-0.026138502111671742,-0.2306897131244158,0.8663360322659948,0.7303357005847482,0.6954683395032221,0.568273438756459,0.9313256094820369,0.9820792325350498,0.9954088705437473,0.4313256094820369,0.18207923253504976,0.045408870543747315,4.0482488987984486e-05,0.0,0.5494505494505495,0.45054945054945056,0.7197802197802197,0.5200037996356304,0.49723708212048146,0.49072774188531626
161,9.4424353839506e-06,9.4424353839506e-06,1.0,9.69828275732092,5.455031085658717,3.3611682556770943,3.3611682556770943,3.361401661022289,0.0,0.0,0.315945626110644,1.5522866410178107,0.10371908183033401,1.6095989459269755,0.08337621290136028,0.016499095130711794,0.7439731939418895,0.0,0.0,0.0,0.0,0.9391323505221186,18.75110791180585,4.173316478729248,18.795053482055664,33.18019485473633,1.1125067472457886,0.43623512983322144,0.32304200530052185,3.769287109375,0.481706827878952,0.21675191819667816,0.0,0.0,4.174570599117795,2.584557267459663,0.380880690338342,0.5111290772218962,0.4835277981049306,0.04854110598161414,0.46031393392665965,0.4371930876293698,0.04885422448451455,,,,,,,,,,,,,,,,,,,,,,,,,,,,,,,,,
162,9.43536428438978e-06,9.43536428438978e-06,1.0,9.713690989726299,5.4760051804619865,3.3495101542086214,3.3495101542086214,3.349371375264348,0.0,0.0,0.31716319999179327,1.5612675402615521,0.10315724160220172,1.6303167826420553,0.08286453743238707,0.016343209716315206,0.7415553959640296,0.0,0.0,0.0,0.0,0.9325313020396877,19.1778189169394,4.464216709136963,19.165752410888672,33.76859664916992,1.1118966341018677,0.4375188946723938,0.4176846146583557,3.7109222412109375,0.4815114736557007,0.2179291844367981,0.0,0.0,4.454538332449423,2.5241514685991646,0.43335284597018925,0.5108877106292827,0.48346976251215545,0.04850547831203487,0.46022876452755285,0.4372593615506146,0.04885209563213426,,,,,,,,,,,,,,,,,,,,,,,,,,,,,,,,,
163,9.428251460776088e-06,9.428251460776088e-06,1.0,9.875970685804212,5.576102914036931,3.409090467401453,3.409090467401453,3.4097137902234054,0.0,0.0,0.31842656796042984,1.5693656367224615,0.10439241858752998,1.6375015394107715,0.08166625300371969,0.01522278127487044,0.732693878380028,0.0,0.0,0.0,0.0,0.9304468825056746,18.95834510390823,4.001698017120361,18.97949981689453,33.90076446533203,1.1127523183822632,0.4379274249076843,0.34018176794052124,3.7237396240234375,0.4819897711277008,0.21701207756996155,0.0,0.0,3.7900092247370125,2.3801402385170394,0.3719961885627873,0.5115455558171144,0.48337119737186945,0.0484052934759372,0.4606070276853201,0.4370452632775178,0.0487597401480417,,,,,,,,,,,,,,,,,,,,,,,,,,,,,,,,,
164,9.421096984017529e-06,9.421096984017529e-06,1.0,9.629480104188662,5.40412745604644,3.3444633741636536,3.3444633741636536,3.344582042178592,0.0,0.0,0.317061414589753,1.5483658184876312,0.10284631195906047,1.6106131044594016,0.0804495571835621,0.015507605191118814,0.7545413439338272,0.0,0.0,0.0,0.0,0.9658006880734418,18.823325131390547,4.255627632141113,18.721778869628906,33.31005859375,1.116395354270935,0.4422301948070526,0.34451499581336975,3.7397613525390625,0.4847449064254761,0.2209891825914383,0.0,0.0,3.8996953674264856,2.560596946123484,0.343385391712458,0.5149337657400079,0.4843518274861413,0.048208624023843454,0.46184787395838145,0.4363594506237958,0.0484712097693134,,,,,,,,,,,,,,,,,,,,,,,,,,,,,,,,,
165,9.413900925437347e-06,9.413900925437347e-06,1.0,9.6787156800966,5.473560075502138,3.3193729697047054,3.3193729697047054,3.3194211946951375,0.0,0.0,0.31657225860131755,1.5685643505405735,0.10388765141770646,1.6045501071053583,0.08360618030702746,0.016699511066985293,0.7635371217856536,0.0,0.0,0.0,0.0,0.9556409523293778,20.13272625691182,5.009459972381592,20.08553695678711,35.1137809753418,1.110708236694336,0.4264526069164276,0.3634692430496216,3.72259521484375,0.48281028866767883,0.21414530277252197,0.0,0.0,4.826299412830456,2.626957469695323,0.4556994407119254,0.5129870119932536,0.48210686364689387,0.04754752555006259,0.4627324310508934,0.4365919119602925,0.047905233059380506,126.32971843258365,193.31494132182274,0.33910151550691875,65.00185807196648,126.32971916752899,155.49687496954178,179.95446871987747,213.3834806857374,64.15648542131696,93.43589365759561,228.03658858589503,0.45916651221274113,0.8251792173680753,-0.0035131827083699544,-0.21583717342381883,0.852450831194041,0.7245066094866573,0.6955154718315406,0.5805008959961537,0.9302414053859357,0.9823890792776886,0.9957259833741532,0.4302414053859357,0.18238907927768855,0.045725983374153234,7.681292782335518e-05,0.0,0.6373626373626373,0.3626373626373626,0.7527472527472527,0.535499100706407,0.5111068736475247,0.5034018400033097
166,9.406663356773321e-06,9.406663356773321e-06,1.0,9.558721954758102,5.330762115684715,3.3460471436784074,3.3460471436784074,3.3461953884846456,0.0,0.0,0.3160618986632373,1.548257025512489,0.10386234481592437,1.6057746668119688,0.08468009994642155,0.017863470280693995,0.7533961937234208,0.0,0.0,0.0,0.0,0.9750352244119387,19.822744008657093,4.561164855957031,19.658615112304688,35.25121307373047,1.1157429218292236,0.4466581642627716,0.2994307279586792,3.7205352783203125,0.48537182807922363,0.22354644536972046,0.0,0.0,4.605825662612915,3.117386333040289,0.32316449614122494,0.5159397318556502,0.48377537807902776,0.04753252884020676,0.4630136489868164,0.43620380839786016,0.04794782742455199,,,,,,,,,,,,,,,,,,,,,,,,,,,,,,,,,
167,9.399384350177042e-06,9.399384350177042e-06,1.0,9.710261164484796,5.489169687838168,3.323716666247394,3.323716666247394,3.323766096218212,0.0,0.0,0.3181193382353396,1.5939535804696985,0.104090308216778,1.631081004400511,0.08558833176219785,0.017903642376532424,0.7483885465441523,0.0,0.0,0.0,0.0,0.9824462081934955,20.677723343307907,4.898197174072266,20.44172477722168,36.65546417236328,1.115757942199707,0.4441392719745636,0.3321135640144348,3.6926116943359375,0.4857197403907776,0.22221843898296356,0.0,0.0,4.546739668459506,2.876694337741749,0.36730612537655805,0.5163920006236514,0.4838520763693629,0.0473523553762887,0.46370502259280233,0.43609676570505707,0.047643951970983194,,,,,,,,,,,,,,,,,,,,,,,,,,,,,,,,,
168,9.392063978213199e-06,9.392063978213199e-06,1.0,9.540109634399414,5.293888775078026,3.369746768796766,3.369746768796766,3.3697071075439453,0.0,0.0,0.3175350967291239,1.531112477586076,0.10276965796947479,1.6059387245693721,0.08285416924470179,0.016094573351831454,0.7235644604708698,0.0,0.0,0.0,0.0,0.9180524977477821,20.634159912934173,4.412206649780273,20.481689453125,37.16005325317383,1.1154471635818481,0.44904714822769165,0.31968480348587036,3.7721481323242188,0.4851270914077759,0.2239864617586136,0.0,0.0,3.98904468078871,2.49413644623112,0.37475344454201953,0.5156853762832848,0.4835328048950917,0.04743034020066261,0.46313687272973963,0.4360752540665704,0.04792036438310469,,,,,,,,,,,,,,,,,,,,,,,,,,,,,,,,,
169,9.384702313858854e-06,9.384702313858854e-06,1.0,9.644030674083814,5.386591022079055,3.384352716239723,3.384352716239723,3.3844285462353683,0.0,0.0,0.31720155477523804,1.5339169244508486,0.10218274996087358,1.5899782277442314,0.08146295152805946,0.015200772026956483,0.7295474941666061,0.0,0.0,0.0,0.0,0.9390081940470515,21.566462594109613,4.705952167510986,21.380943298339844,38.640342712402344,1.1181669235229492,0.4507058560848236,0.29291531443595886,3.7658538818359375,0.48656439781188965,0.22402293980121613,0.0,0.0,4.040798862238188,2.6739676804155916,0.3382576635020908,0.5173376959723395,0.48448895602612885,0.04746937641018146,0.4637308853703576,0.43575698459470597,0.047783710465237904,,,,,,,,,,,,,,,,,,,,,,,,,,,,,,,,,
170,9.377299430502711e-06,9.377299430502711e-06,1.0,9.785141816010347,5.51913291054803,3.3934794116664575,3.3934794116664575,3.3937889112008586,0.0,0.0,0.315968459522402,1.5326198983836818,0.10258911550045013,1.5884575779373582,0.08267909711277163,0.016182133927941322,0.7260807204890896,0.0,0.0,0.0,0.0,0.9124075303206572,22.702561352704024,5.337752342224121,22.75989532470703,39.94485855102539,1.114965558052063,0.4429965019226074,0.35183870792388916,3.7791290283203125,0.48558881878852844,0.22191455960273743,0.0,0.0,4.465306729883761,2.536180061263007,0.4320255662864559,0.5165192839261648,0.4825834688302633,0.047436188805747674,0.4640931777051977,0.43545590784098653,0.04773569499721398,177.07569398984805,253.3553792419624,0.49675437544103157,135.7571490780338,177.07569385566487,204.47100703867036,225.4301018486714,255.09509048369685,86.82870592389789,139.8347335342289,295.2455377993376,0.4719061490436988,0.8058673976255133,0.024276377793569504,-0.18775268715134144,0.8298219627432135,0.7482423153862462,0.7427362543425993,0.6065983308944672,0.9204856445461005,0.9789818031211999,0.9950777445440764,0.4204856445461005,0.17898180312119982,0.045077744544076426,8.563603439765949e-05,0.0,0.7967032967032966,0.2032967032967033,0.7793040293040292,0.5996358608724651,0.574295024213555,0.5647924499033572
171,9.369855401944396e-06,9.369855401944396e-06,1.0,9.509517695452717,5.304076968012629,3.3340452683938517,3.3340452683938517,3.334550329156824,0.0,0.0,0.3151595882467321,1.51891603663161,0.10197246034403105,1.5961308737058897,0.08397773230398023,0.018032438323103094,0.7183103255323462,0.0,0.0,0.0,0.0,0.9411350408115903,22.27214395677721,5.249868869781494,21.973642349243164,39.711490631103516,1.1185975074768066,0.4562557637691498,0.32083946466445923,3.73358154296875,0.4879454970359802,0.2296343296766281,0.0,0.0,4.707965605967754,2.9244550112131478,0.3788282974059649,0.5194426001729192,0.48327376069249334,0.04741802640460633,0.4648251146883578,0.4345791202944678,0.047797338684668414,,,,,,,,,,,,,,,,,,,,,,,,,,,,,,,,,
172,9.362370302393703e-06,9.362370302393703e-06,1.0,9.72601759111559,5.481047089035447,3.355378447352229,3.355378447352229,3.355805725664706,0.0,0.0,0.3190928842570331,1.5740007001000482,0.10365919285529368,1.6185761657921043,0.08404727481506966,0.015597670181729906,0.7360180229754061,0.0,0.0,0.0,0.0,0.9514821832244461,22.877775295360667,5.009459972381592,22.671161651611328,40.972068786621094,1.1219418048858643,0.46760743856430054,0.3379606604576111,3.789886474609375,0.48946601152420044,0.2311732918024063,0.0,0.0,4.040258588017644,2.6246083411010535,0.35038604982241506,0.5212333766189782,0.48417115130939997,0.047261445908933074,0.4657640932379542,0.43427779223467855,0.04747923493788049,,,,,,,,,,,,,,,,,,,,,,,,,,,,,,,,,
173,9.354844206469872e-06,9.354844206469872e-06,1.0,9.505540280728727,5.298296541781039,3.32733373384218,3.32733373384218,3.3273271225594185,0.0,0.0,0.31593757223438573,1.5494605592779211,0.10137681904676799,1.6109904050827026,0.08221281410471813,0.01616872612361771,0.7236339804288503,0.0,0.0,0.0,0.0,0.9555328101725191,23.27920320871714,5.234510898590088,22.804391860961914,41.943695068359375,1.1182708740234375,0.4517328441143036,0.25,3.7434234619140625,0.48816564679145813,0.22625966370105743,1.298377547416748e-06,0.0,4.413050256870888,2.8248780804711418,0.3598808270825934,0.5198569748852704,0.4828313226635392,0.047164386390028776,0.46577173229810354,0.4343290425635673,0.04744253126350609,,,,,,,,,,,,,,,,,,,,,,,,,,,,,,,,,
174,9.347277189200831e-06,9.347277189200831e-06,1.0,9.7378000826449,5.50566664257565,3.3602420446035026,3.3602420446035026,3.360364359778327,0.0,0.0,0.3148544624045089,1.5400886503425804,0.1029092462078945,1.5847749645645555,0.08084518784606778,0.013873174736225928,0.7339416291262653,0.0,0.0,0.0,0.0,0.9361787390064549,24.37831533277357,5.3954010009765625,24.370159149169922,43.19069290161133,1.1164215803146362,0.4545198976993561,0.3208238184452057,3.7216796875,0.4874306619167328,0.225602388381958,0.0,0.0,3.453248386447494,2.3318872725641406,0.32472645706118636,0.5190435825167475,0.4823139470976752,0.04681758864505871,0.4663150173586768,0.43441700452082865,0.047109691778550275,,,,,,,,,,,,,,,,,,,,,,,,,,,,,,,,,
175,9.33966932602246e-06,9.33966932602246e-06,1.0,9.72081266867148,5.499120222555624,3.344187478761415,3.344187478761415,3.3445168572503166,0.0,0.0,0.31722633097622843,1.5366380697972066,0.10241398436797632,1.602660862175194,0.08406169551449853,0.01639034621719573,0.7260226156260516,0.0,0.0,0.0,0.0,0.9333975508406356,23.99728687389477,5.163432598114014,23.666545867919922,43.19069290161133,1.1193020343780518,0.45704224705696106,0.3215600848197937,3.696502685546875,0.4888382852077484,0.22920262813568115,0.0,0.0,4.385967760472684,3.0219188880276038,0.31100294095597136,0.5207132616558591,0.4829734886014784,0.0470201108302619,0.4659434395867425,0.43411073088645935,0.04742549118157979,142.83759748018704,208.73961471901234,0.3956530048105789,87.02093493283449,142.83760216050607,169.6848703097788,194.26391486905953,226.69082387691358,81.27063751220703,110.78951009114583,242.08046689240828,0.43595719921023013,0.8227953968344722,0.0006334869469392198,-0.2071453485825593,0.8477423319539104,0.7363420556941831,0.7093911905752549,0.5866343854082465,0.9273121340032666,0.9807993630755066,0.9951965969796949,0.4273121340032666,0.1807993630755066,0.045196596979694914,0.00018736126313669742,0.0,0.6703296703296703,0.32967032967032966,0.7591575091575092,0.5594012580075107,0.5337299819585386,0.525312626345472
176,9.332020692777832e-06,9.332020692777832e-06,1.0,9.775767764529666,5.577868049209182,3.30694478266948,3.30694478266948,3.3069980337813094,0.0,0.0,0.31615682872566014,1.5797967685235512,0.10255618816291964,1.622604550542058,0.08570231769133259,0.017035806878797105,0.7346866034172677,0.0,0.0,0.0,0.0,0.981017879537634,23.854393056921058,5.480365753173828,23.39082145690918,42.77096176147461,1.1222442388534546,0.4621397852897644,0.380344420671463,3.73358154296875,0.4909358322620392,0.23188869655132294,0.0,0.0,4.681900398151295,3.255053339777766,0.3047580975744244,0.5232366436236614,0.4839617191134272,0.04683781364882315,0.4670621535262546,0.4336595696371955,0.04708417807076428,,,,,,,,,,,,,,,,,,,,,,,,,,,,,,,,,
177,9.324331365716458e-06,9.324331365716458e-06,1.0,9.688222214982316,5.464041593912485,3.334444606626356,3.334444606626356,3.3347584621326343,0.0,0.0,0.31711452877199325,1.57977476957682,0.10344811146323746,1.6154688564506736,0.08462543312359501,0.01770192024776259,0.7363452685845865,0.0,0.0,0.0,0.0,0.9726167288986413,24.14146005785143,5.737768650054932,23.62036895751953,43.10641860961914,1.1176100969314575,0.44073808193206787,0.34640929102897644,3.7429656982421875,0.4893130958080292,0.22387148439884186,0.0,0.0,4.566597149178788,2.9230342314050004,0.35990976740073294,0.5215918824479386,0.48202121177235163,0.04662629720327016,0.46734213667946894,0.4335757179840191,0.046970404785227134,,,,,,,,,,,,,,,,,,,,,,,,,,,,,,,,,
178,9.316601421493523e-06,9.316601421493523e-06,1.0,9.50461297421842,5.265969302203204,3.357592408721511,3.357592408721511,3.358119990374591,0.0,0.0,0.3172843939549214,1.5412328049943254,0.10261026608782846,1.6106439699997772,0.08632237121865556,0.018172996162713784,0.7177082912341969,0.0,0.0,0.0,0.0,0.9485924082833368,24.000932332631702,5.088347434997559,23.11831283569336,44.04254913330078,1.1135388612747192,0.43466755747795105,0.27026814222335815,3.6981048583984375,0.48747190833091736,0.2204228788614273,0.0,0.0,5.112912390683149,3.0166615634351164,0.40999154045116487,0.5197047091819145,0.47994522226823344,0.04627204334010949,0.46741440892219543,0.43370700124147776,0.046874914922424266,,,,,,,,,,,,,,,,,,,,,,,,,,,,,,,,,
179,9.308830937169132e-06,9.308830937169132e-06,1.0,9.58299275991079,5.3626459998053475,3.3462073802948,3.3462073802948,3.346397367683617,0.0,0.0,0.31640714970794886,1.538629547969715,0.1013219849886121,1.5973555687311534,0.08059394591160722,0.01562514147922598,0.7193152050714235,0.0,0.0,0.0,0.0,0.9475276985683957,24.976387281675596,5.158392906188965,24.51337242126465,45.52945327758789,1.116836667060852,0.4505550265312195,0.34212779998779297,3.736785888671875,0.48901131749153137,0.22621388733386993,0.0,0.0,3.800365592982318,2.561768889427185,0.3259151450698064,0.5214856428069037,0.48088859545217977,0.0464211703353637,0.4679561176815549,0.43308985233306885,0.04690160713083035,,,,,,,,,,,,,,,,,,,,,,,,,,,,,,,,,
180,9.301019990207534e-06,9.301019990207534e-06,1.0,9.385053016043997,5.166371049107732,3.341048743273761,3.341048743273761,3.3409421057314486,0.0,0.0,0.31685055188230565,1.5319280656608376,0.10156505776418222,1.607831909849837,0.08500107720091536,0.017906574922538287,0.718262791633606,0.0,0.0,0.0,0.0,0.9724507782910321,25.470020191089528,5.615810394287109,24.899402618408203,46.15619659423828,1.1138008832931519,0.44261711835861206,0.3092912435531616,3.7328948974609375,0.48863911628723145,0.22431446611881256,0.0,0.0,4.567618930662,2.955093150203292,0.3530342186897363,0.5215965734945761,0.47845434417595734,0.046256444341427574,0.4692056090445132,0.432175240001163,0.04672642243472305,119.69758790403932,181.09960650756312,0.32445113074725696,43.134432698344135,119.69759072167801,148.8896237505032,173.8737088845381,208.21470604221787,67.45200075422015,89.33622608628384,212.79182235054347,0.4356385559720312,0.83022247503093,-0.017943870208435093,-0.22607514820288768,0.8567729812795157,0.7171675365951153,0.6862348476985654,0.5768283921809868,0.9320267869515596,0.9819256066794031,0.9951291261647149,0.4320267869515596,0.18192560667940305,0.04512912616471498,0.0001759431252170095,0.0,0.5659340659340659,0.4340659340659341,0.75,0.5268270140411434,0.5024881112788405,0.4955165800894355
181,9.29316865847635e-06,9.29316865847635e-06,1.0,9.48570831401928,5.240583033175082,3.373726258406768,3.373726258406768,3.373774380297274,0.0,0.0,0.3172873830473101,1.519336294483494,0.10153324338229927,1.589445188238814,0.08530001473185178,0.01722852812727561,0.7122277069736171,0.0,0.0,0.0,0.0,0.9349362302470852,25.049795820906354,5.148327350616455,24.322608947753906,45.976253509521484,1.1159658432006836,0.4521285593509674,0.2966606318950653,3.7548675537109375,0.489736944437027,0.2271871119737625,0.0,0.0,4.9129137187390715,3.081901047680829,0.37269383829687586,0.5230125221046241,0.47857190145028605,0.046192939519076735,0.4698623144948805,0.43161484599113464,0.04666367052374659,,,,,,,,,,,,,,,,,,,,,,,,,,,,,,,,,
182,9.285277020245801e-06,9.285277020245801e-06,1.0,9.57390140842747,5.319214511562038,3.3859850200446875,3.3859850200446875,3.386181070997908,0.0,0.0,0.318481851268459,1.527185394957259,0.1021144631746653,1.5805587671898507,0.08039225486887468,0.014729003786940026,0.7059062252173552,0.0,0.0,0.0,0.0,0.9195212576840375,26.17859938337996,5.443029880523682,25.840761184692383,47.343135833740234,1.1196527481079102,0.4628923237323761,0.3692454397678375,3.726715087890625,0.4914691746234894,0.23081974685192108,0.0,0.0,3.9232940689937488,2.608645993310052,0.33508782481372323,0.5249702060544813,0.4798616017844226,0.046221384325542965,0.4703029668008959,0.4311857996760188,0.04664405868262858,,,,,,,,,,,,,,,,,,,,,,,,,,,,,,,,,
183,9.27734515418792e-06,9.27734515418792e-06,1.0,9.52886491208463,5.339554348507443,3.3162866927481987,3.3162866927481987,3.315912066279231,0.0,0.0,0.3165850574905808,1.5386971364150177,0.10056927699495007,1.591155954309412,0.08250529389526393,0.014985532323653633,0.7040621171126494,0.0,0.0,0.0,0.0,0.9541442474803409,26.80295634914089,5.948880672454834,26.19647789001465,48.371280670166016,1.1177855730056763,0.4536776840686798,0.39395245909690857,3.71710205078125,0.49192994832992554,0.22895412147045135,0.0,0.0,3.5704352517385742,2.5135989060273043,0.29599650216221063,0.5260062362696674,0.4781753010041005,0.045870700398006954,0.47162174534153295,0.4306121621582959,0.0462780032004859,,,,,,,,,,,,,,,,,,,,,,,,,,,,,,,,,
184,9.269373139375777e-06,9.269373139375777e-06,1.0,9.53321258441822,5.339937893120018,3.3156671395172945,3.3156671395172945,3.3153792265299202,0.0,0.0,0.31682636447854945,1.5428375102378227,0.10101893262283222,1.596437231914417,0.08680438965156272,0.017023780521609494,0.7056313898112323,0.0,0.0,0.0,0.0,0.9536086546408163,28.525937467008024,6.714684963226318,27.831594467163086,51.09025192260742,1.120571494102478,0.46599894762039185,0.2765464186668396,3.7666549682617188,0.49308979511260986,0.23429939150810242,0.0,0.0,4.237421541600614,2.9047127333847254,0.31450937678305196,0.527151607178353,0.4797500943815386,0.045784840712676175,0.47153250027347254,0.43085939497561065,0.046186437981354224,,,,,,,,,,,,,,,,,,,,,,,,,,,,,,,,,
185,9.261361055282687e-06,9.261361055282687e-06,1.0,9.405547709078402,5.220827192873569,3.312650590329557,3.312650590329557,3.3120091025893754,0.0,0.0,0.31501656448518905,1.5396935263195553,0.10220248936801343,1.5768226095148035,0.0841796170618083,0.017936003444766677,0.7251581404660199,0.0,0.0,0.0,0.0,0.9957806451900585,29.898836909113705,7.683403015136719,29.39602279663086,52.60918045043945,1.1171573400497437,0.44968485832214355,0.295441597700119,3.7783279418945312,0.49223408102989197,0.228744238615036,0.0,0.0,4.434676908157967,3.179117721480292,0.28312303526959687,0.5264367042361079,0.4781430613350224,0.04551450052374118,0.47222352108439886,0.43057826483571854,0.04596672791081506,115.49479375566754,178.8584143592149,0.30264233854254946,41.950081018301155,115.49479189474866,142.52882006409934,167.69481980306344,203.38311819607242,63.189732142857146,81.61635338243588,218.46119026515794,0.4571973678044766,0.8322617954491048,-0.01689746035455079,-0.22767236065053228,0.8596692428784951,0.7085987856383731,0.6693026584673744,0.5741021491961535,0.9330424822201427,0.9822852780238732,0.9953766921550645,0.43304248222014274,0.18228527802387318,0.04537669215506457,0.00015154983057040345,0.0,0.532967032967033,0.46703296703296704,0.7463369963369962,0.5181103760970163,0.49412249835146654,0.4874148494922198
186,9.253308981781415e-06,9.253308981781415e-06,1.0,9.377513292673472,5.194567371059108,3.310624799212894,3.310624799212894,3.310396194458008,0.0,0.0,0.3155542112685539,1.5341363661998026,0.10072280829017227,1.5868972411026825,0.08472196667178257,0.016401369086894636,0.7088754257640323,0.0,0.0,0.0,0.0,0.9760832995981783,29.350000381469727,7.112929344177246,28.60311508178711,52.60918045043945,1.1232329607009888,0.47174617648124695,0.2748291492462158,3.7271728515625,0.4952068626880646,0.23731102049350739,0.0,0.0,4.18169903755188,2.9713496291959607,0.2894396266892756,0.5299060972961219,0.4798868371022714,0.045610785484313965,0.47290349328840103,0.4298365961860966,0.04599573785388792,,,,,,,,,,,,,,,,,,,,,,,,,,,,,,,,,
187,9.245216999143384e-06,9.245216999143384e-06,1.0,9.550889195622625,5.348656602807947,3.3189914162094527,3.3189914162094527,3.3184877215205013,0.0,0.0,0.3186905964000805,1.564475053065532,0.10054791597901164,1.6138440982715503,0.08236515673028456,0.014881044689163164,0.6952524571805387,0.0,0.0,0.0,0.0,0.9419693350791931,29.811997542510163,7.009494781494141,29.167261123657227,53.437652587890625,1.1270411014556885,0.47763341665267944,0.35459449887275696,3.722137451171875,0.4970226585865021,0.2386491894721985,0.0,0.0,3.9582040905952454,2.5048616890971727,0.3671721741057357,0.532273754880235,0.47986675436432297,0.04588905651424382,0.4737375209460387,0.42872441942627365,0.04611548680711437,,,,,,,,,,,,,,,,,,,,,,,,,,,,,,,,,
188,9.237085188037868e-06,9.237085188037868e-06,1.0,9.53382211118131,5.31953999802873,3.331334809999208,3.331334809999208,3.330769886841645,0.0,0.0,0.316152918177682,1.5654731119001233,0.10180436638561455,1.6038426901843097,0.08467722512982986,0.017116406347250212,0.7184237821682079,0.0,0.0,0.0,0.0,0.9983267349165839,31.241414456754118,7.804398536682129,30.86699676513672,55.026371002197266,1.119009256362915,0.45610618591308594,0.2530657649040222,3.7319793701171875,0.49525782465934753,0.23083166778087616,0.0,0.0,4.5469420342832,2.9962632962175317,0.3410377186191959,0.5310317567876868,0.4756508155449017,0.045143321055818246,0.47582623765275284,0.42801105815011103,0.04544090248040251,,,,,,,,,,,,,,,,,,,,,,,,,,,,,,,,,
189,9.228913629531198e-06,9.228913629531198e-06,1.0,9.506926691209948,5.299775471558442,3.334505268045374,3.334505268045374,3.334433027215906,0.0,0.0,0.316503126073528,1.5290108822487496,0.10066076790964282,1.5971958089519191,0.08392089706014942,0.015112948717197051,0.6971908115051888,0.0,0.0,0.0,0.0,0.9410527267971555,30.017439043199694,6.7343854904174805,29.39602279663086,54.067562103271484,1.1230500936508179,0.4707182049751282,0.2572961449623108,3.7867965698242188,0.49703216552734375,0.23793448507785797,0.0,0.0,3.832460310008075,2.6317820758432955,0.3132917596117909,0.5330789733577419,0.4767718162085559,0.04523543822201523,0.4757561675600103,0.42750013277337356,0.04570774260807682,,,,,,,,,,,,,,,,,,,,,,,,,,,,,,,,,
190,9.220702405085943e-06,9.220702405085943e-06,1.0,9.519548441912677,5.300782848048854,3.344794247601483,3.344794247601483,3.3445079262192183,0.0,0.0,0.316793493322424,1.5484673719148379,0.1005659757836445,1.5885281530586448,0.08294696189664505,0.01615013797591264,0.6844560407303475,0.0,0.0,0.0,0.0,0.9365639573818928,31.203166446170293,7.3818440437316895,30.567026138305664,55.89291000366211,1.1173763275146484,0.45147913694381714,0.29254674911499023,3.7301483154296875,0.49476733803749084,0.23115350306034088,0.0,0.0,4.432032627028388,2.9461527498992712,0.3352592370524531,0.5307644235121237,0.47405035995148326,0.04526629691591134,0.4759974294417613,0.42700348834733703,0.04581860120634775,144.43440992753585,212.930309483645,0.42998421105469997,91.5091808444851,144.4344095725857,170.59087740370916,194.88466053067452,226.72732326651516,122.17131042480469,110.62369909951853,242.6392663043478,0.4970441281244042,0.8253067558767312,0.0018306428318524716,-0.20413014889568093,0.8458988296939782,0.7427906816180185,0.7176807555534218,0.5830462656114882,0.9282022297547332,0.9805694432983056,0.9951862168543134,0.4282022297547332,0.1805694432983056,0.045186216854313455,6.539478990366725e-05,0.0,0.6868131868131868,0.3131868131868132,0.7554945054945055,0.5596798691120777,0.5357388600215807,0.5280339990507116
191,9.212451596560109e-06,9.212451596560109e-06,1.0,9.60146156517235,5.387238579827386,3.327610125412812,3.327610125412812,3.3274760761776485,0.0,0.0,0.316897876359321,1.5721739756094444,0.10141505985646634,1.612923754228128,0.08641567111418054,0.018479303872162425,0.7004609075752465,0.0,0.0,0.0,0.0,0.9751625528206697,31.38403541977341,7.403501987457275,30.329153060913086,56.773094177246094,1.1204758882522583,0.46594661474227905,0.27091485261917114,3.7640228271484375,0.49686452746391296,0.23664125800132751,0.0,0.0,4.370269739950025,2.9399518499503263,0.3272836632770532,0.5333339120890643,0.47488704082128164,0.04495591126583718,0.4771389566563271,0.42657545853305506,0.04546187687161807,,,,,,,,,,,,,,,,,,,,,,,,,,,,,,,,,
192,9.204161286206315e-06,9.204161286206315e-06,1.0,9.537042334273055,5.322809657535037,3.3423819477493697,3.3423819477493697,3.3420087453481315,0.0,0.0,0.31793902210287145,1.53230019517847,0.1005161702632904,1.593051575325631,0.0815711437246284,0.014096094534505863,0.6971843387629535,0.0,0.0,0.0,0.0,0.9497125712600915,30.9360057212211,7.140768527984619,29.975807189941406,56.11166763305664,1.1232572793960571,0.47138145565986633,0.2952065169811249,3.8279953002929688,0.4982846677303314,0.23776818811893463,0.0,0.0,3.6399000319274695,2.7206905129793526,0.2525370232383441,0.5352687432959273,0.47458765635619293,0.04496343685565768,0.4780341209592046,0.4254988641352267,0.04553402990505502,,,,,,,,,,,,,,,,,,,,,,,,,,,,,,,,,
193,9.195831556670972e-06,9.195831556670972e-06,1.0,9.737083976333206,5.520718342549092,3.343097989623611,3.343097989623611,3.3427531397020496,0.0,0.0,0.3168175196325457,1.534310888599705,0.10024552671490489,1.5906520501987353,0.08386786996915534,0.01746733407364101,0.7057550501179051,0.0,0.0,0.0,0.0,0.9656192918081541,31.256012839239997,7.2390666007995605,30.151962280273438,56.551753997802734,1.1237640380859375,0.4702242910861969,0.25,3.7895431518554688,0.4991037845611572,0.23868340253829956,4.544321415958618e-06,0.0,5.197173830625173,3.4839966361587114,0.32963630817412587,0.5363739471177797,0.4744417643224871,0.0450172889474276,0.4786847370701867,0.42503804773897735,0.04543188969428475,,,,,,,,,,,,,,,,,,,,,,,,,,,,,,,,,
194,9.187462490993464e-06,9.187462490993464e-06,1.0,9.491197611834552,5.297374699566816,3.319905293954385,3.319905293954385,3.319333385776829,0.0,0.0,0.31720322692716446,1.544864805969032,0.10104162527902706,1.5919488314035777,0.08213576352274096,0.015850900571692635,0.6880785259040626,0.0,0.0,0.0,0.0,0.9476388789512016,32.20162237012708,7.210843563079834,31.59898567199707,58.11942672729492,1.1240990161895752,0.47201359272003174,0.30830463767051697,3.8276519775390625,0.4988214373588562,0.23843994736671448,0.0,0.0,4.038806317625819,2.7369911992872082,0.32232670149527565,0.535878957928838,0.4749353713280446,0.04509715937279366,0.4782731235027313,0.4253744909892211,0.045456078004192664,,,,,,,,,,,,,,,,,,,,,,,,,,,,,,,,,
195,9.179054172605324e-06,9.179054172605324e-06,1.0,9.518669411942765,5.3409873665990055,3.308982990883492,3.308982990883492,3.3087533422418542,0.0,0.0,0.3151590066987115,1.5245441746067356,0.09938557023132169,1.5902797273687415,0.08389628577876736,0.01575299568877027,0.6781016700976604,0.0,0.0,0.0,0.0,0.966588864455352,32.540785557514916,7.324397563934326,30.98780632019043,59.730560302734375,1.12482750415802,0.4746653139591217,0.25963711738586426,3.792633056640625,0.4988599717617035,0.23964177072048187,0.0,0.0,4.113586902618408,2.726649882020177,0.33716001471013257,0.5356868795446448,0.4759465343243367,0.045067285263055076,0.4777708552979134,0.4259004617059553,0.045444229164639034,122.06809305882716,185.29480253191238,0.3328679401431143,58.60916108351488,122.06809422606732,149.3395167117529,174.63891505990824,207.8761017523643,72.30098288399833,88.30921439237373,224.31298695439878,0.4859127399154637,0.8284434318988352,-0.014459247653234848,-0.22654079517770387,0.8499210562070686,0.7262167468430358,0.6945987013544993,0.5757645545491753,0.9328701721388093,0.9824492840049015,0.9955900037316551,0.4328701721388093,0.18244928400490146,0.045590003731655115,5.605267706028621e-05,0.0,0.6208791208791209,0.3791208791208791,0.7518315018315017,0.5260522264455046,0.5032134705356189,0.4963181606688342
196,9.170606685329389e-06,9.170606685329389e-06,1.0,9.558032654427194,5.382856845855713,3.3071419032844336,3.3071419032844336,3.3070140980385445,0.0,0.0,0.31638385879026876,1.5176875269090808,0.10031826210183066,1.5916393286473043,0.08338699127371246,0.015628928608084854,0.6781424573949866,0.0,0.0,0.0,0.0,0.9317945048615739,34.094953743187155,7.804398536682129,32.85774612426758,62.10995101928711,1.1232061386108398,0.4635206162929535,0.26153576374053955,3.7863388061523438,0.4981979727745056,0.23471179604530334,0.0,0.0,4.125279114053056,2.3938836471454517,0.4197038355561161,0.5349490368688429,0.47547814652726456,0.04483157889665784,0.47781744035514623,0.4261403534863446,0.0452943597290967,,,,,,,,,,,,,,,,,,,,,,,,,,,,,,,,,
197,9.162120113378973e-06,9.162120113378973e-06,1.0,9.527762052175161,5.293849236256367,3.367875505138088,3.367875505138088,3.3677003061449207,0.0,0.0,0.3176255967165973,1.5210122127790708,0.10037243648155315,1.5787918406563837,0.08220359421259649,0.015448240663956952,0.6761518604046589,0.0,0.0,0.0,0.0,0.9258568480208114,36.261253150733744,8.372897148132324,34.90864181518555,65.85794067382812,1.1200792789459229,0.4638071656227112,0.3049926161766052,3.7700881958007812,0.4968339204788208,0.2340766340494156,0.0,0.0,4.202595775191848,2.619795464180611,0.3766244472891239,0.5334144734047555,0.47450592630618327,0.04454849881900323,0.4780425091047545,0.4263071651394303,0.04508884976039062,,,,,,,,,,,,,,,,,,,,,,,,,,,,,,,,,
198,9.153594541357034e-06,9.153594541357034e-06,1.0,9.390804754721152,5.210906183397448,3.309939410235431,3.309939410235431,3.309616875004124,0.0,0.0,0.31583282109853383,1.5271829302246507,0.1003794005593738,1.582837826496846,0.08488223369459848,0.01641591718873462,0.7019395441622347,0.0,0.0,0.0,0.0,0.9788550718410595,36.1546621064882,8.488157272338867,35.182430267333984,65.0906753540039,1.1229239702224731,0.47238779067993164,0.3890046179294586,3.7653961181640625,0.49916204810142517,0.23940198123455048,0.0,0.0,4.289020866961093,2.8895708419181205,0.3262865974430493,0.5365152230133882,0.47430404779073354,0.0445430688560009,0.47922564358324615,0.4251929416849807,0.045047814580234324,,,,,,,,,,,,,,,,,,,,,,,,,,,,,,,,,
199,9.145030054255313e-06,9.145030054255313e-06,1.0,9.672116150727144,5.475538846608755,3.329091059195029,3.329091059195029,3.328687203897012,0.0,0.0,0.31815606597307566,1.522820901226353,0.09933248464320157,1.5844173850239933,0.0823881036123714,0.013484317110851407,0.6762141778662398,0.0,0.0,0.0,0.0,0.9205720311886555,36.61608556798986,8.405668258666992,35.320133209228516,66.37447357177734,1.1217010021209717,0.46396496891975403,0.2867467999458313,3.8154067993164062,0.4980016052722931,0.23524940013885498,0.0,0.0,3.8516021177575395,2.37504698295851,0.3833612843838351,0.5349072910643913,0.47465125290123195,0.04456481579187754,0.4784131146766044,0.42583042785928055,0.04511531945821401,,,,,,,,,,,,,,,,,,,,,,,,,,,,,,,,,
200,9.136426737453507e-06,9.136426737453507e-06,1.0,9.57888412475586,5.411887336421657,3.2949686437039762,3.2949686437039762,3.2945477446994267,0.0,0.0,0.31804767089921077,1.5369866538692165,0.10022865799633232,1.5905948104085148,0.08303237001638154,0.014217899898318825,0.6763200808215786,0.0,0.0,0.0,0.0,0.952335811950065,36.87656031428157,8.389266967773438,35.38918685913086,67.15686798095703,1.1255418062210083,0.4709654450416565,0.30670517683029175,3.769287109375,0.4998430609703064,0.2386098951101303,0.0,0.0,3.8052552422961674,2.6702894455677755,0.29826272469531656,0.5369349508672148,0.47625719373290604,0.044543207497210115,0.4785737314739743,0.4259628862948031,0.04497075312443682,102.7436587365119,161.13675604673605,0.2843017838548849,20.264453238183325,102.74366013461533,129.83637866749956,156.3284275081522,191.06156366100114,72.53621183122907,70.49201882532401,197.785260407821,0.49928218188203266,0.8363511522574388,-0.0359189277744735,-0.24636120649793258,0.8597539990140887,0.7143205187372967,0.677836674415157,0.564111253313212,0.9357340487315746,0.9827295473902029,0.9954213266942051,0.4357340487315746,0.18272954739020286,0.04542132669420518,5.034360810044224e-05,0.0,0.510989010989011,0.489010989010989,0.7600732600732599,0.49621597632438275,0.475371949415613,0.4698717283842328
201,9.127784676718397e-06,9.127784676718397e-06,1.0,9.321512815114614,5.1489616857992635,3.3098700819788753,3.3098700819788753,3.309530715684633,0.0,0.0,0.3159118834379557,1.5182524951728615,0.09883798296387131,1.5691962854282275,0.08224840633369782,0.015694796044782206,0.677456759117745,0.0,0.0,0.0,0.0,0.961050985632716,37.91383619566221,9.053260803222656,36.29924011230469,69.01852416992188,1.1233386993408203,0.4734136164188385,0.2604174315929413,3.8328018188476562,0.4993361234664917,0.24061989784240723,0.0,0.0,4.196489102131611,2.8119879364967346,0.32991892316165383,0.5364891387320854,0.47537184405971217,0.04445947384512102,0.47887308774767695,0.4257991402535825,0.044890886122310486,,,,,,,,,,,,,,,,,,,,,,,,,,,,,,,,,
202,9.119103958203012e-06,9.119103958203012e-06,1.0,9.422243350260967,5.22617059140592,3.334203784530227,3.334203784530227,3.3338786911320044,0.0,0.0,0.31610774671709213,1.517587903383616,0.09967218923407632,1.5633282210375812,0.08274861666801814,0.015232269501162542,0.6801100494088353,0.0,0.0,0.0,0.0,0.9563470047873419,39.1982307434082,8.965280532836914,37.524723052978516,71.48811340332031,1.1249592304229736,0.473957359790802,0.35540828108787537,3.8140335083007812,0.5004687905311584,0.2406509965658188,0.0,0.0,4.169165541996827,2.7784976572603792,0.3335602462238489,0.5380427692387555,0.4751331459831547,0.044318270542331645,0.4796545416922183,0.4253077619784587,0.04474299038584168,,,,,,,,,,,,,,,,,,,,,,,,,,,,,,,,,
203,9.110384668445759e-06,9.110384668445759e-06,1.0,9.411999728228595,5.22928913219555,3.313820387866046,3.313820387866046,3.3135439125267236,0.0,0.0,0.31811275433849645,1.5200088732951396,0.0993854653190922,1.5872316263817452,0.08448657715642774,0.015336579290797582,0.6780710929148906,0.0,0.0,0.0,0.0,0.9782364368438721,39.390283945444466,8.982807159423828,37.59808349609375,72.04881286621094,1.1269475221633911,0.47611770033836365,0.31865790486335754,3.781646728515625,0.5018978714942932,0.24117448925971985,0.0,0.0,4.124934808627979,2.8002801537513733,0.3211334763657048,0.539960353761106,0.4749542450582659,0.04431256551194836,0.48075196871886383,0.4243017918354756,0.044694583460285854,,,,,,,,,,,,,,,,,,,,,,,,,,,,,,,,,
204,9.101626894369564e-06,9.101626894369564e-06,1.0,9.393095119579419,5.235684214411555,3.2878685448620772,3.2878685448620772,3.2874144670125602,0.0,0.0,0.31620731063791224,1.5278018455247622,0.09977730907298424,1.5849219979466618,0.08522633775263219,0.016365396853133634,0.6769670231922252,0.0,0.0,0.0,0.0,0.987687745609799,39.5917640892235,9.395532608032227,38.11565017700195,71.76791381835938,1.1262485980987549,0.4825146198272705,0.29108503460884094,3.7566986083984375,0.5027353167533875,0.24631087481975555,0.0,0.0,4.884206488325789,3.4946791336343095,0.28449398239257956,0.541349620432467,0.4738531370420714,0.04394595476018416,0.4819645986363694,0.4236843602077381,0.04438562983193913,,,,,,,,,,,,,,,,,,,,,,,,,,,,,,,,,
205,9.092830723281e-06,9.092830723281e-06,1.0,9.402410919601852,5.270002609974629,3.261545464799211,3.261545464799211,3.260966887345185,0.0,0.0,0.3153426808279914,1.5438004764350686,0.09993005725177559,1.5822423664299217,0.08299474871239147,0.015496250002871494,0.6833633828807522,0.0,0.0,0.0,0.0,0.9758707091615006,41.76408324370513,10.399907112121582,40.336856842041016,74.62682342529297,1.1269280910491943,0.4834522604942322,0.3215828239917755,3.8247909545898438,0.5031721591949463,0.245798259973526,0.0,0.0,4.072001057702142,2.8734963133528426,0.2943282006477729,0.5419215237772143,0.47385784419807225,0.043967842048889885,0.48261702866167633,0.4230712587768967,0.044349338657952646,113.48803555834424,174.35828302038266,0.3294960588328895,47.672267243102354,113.4880333005624,137.998289132583,163.94860681906405,199.63405325349996,103.63489968436105,81.990417007328,203.31770391049594,0.501288924067369,0.839582152416875,-0.034535184840326076,-0.2393168384433721,0.8618323600711927,0.7327983478449696,0.691784612662107,0.5634560129871451,0.9338453849184044,0.9822255923029294,0.9954208076879361,0.4338453849184044,0.18222559230292934,0.045420807687936104,2.854534479921983e-05,0.0,0.554945054945055,0.44505494505494503,0.7957875457875457,0.5130383522137181,0.4891161504355106,0.4826425808062265
206,9.083996242869432e-06,9.083996242869432e-06,1.0,9.310598424963048,5.139194320988011,3.311477815782702,3.311477815782702,3.3109783932969377,0.0,0.0,0.317223076884811,1.4992029892431724,0.09763493952718941,1.5758780563199841,0.08221542472774918,0.014449273047314302,0.6651966773174904,0.0,0.0,0.0,0.0,0.9326210714675285,40.48465800929714,8.605003356933594,38.94340133666992,74.33588409423828,1.125213623046875,0.47047293186187744,0.3196965754032135,3.8000717163085938,0.5023003816604614,0.2406073659658432,0.0,0.0,4.3280125663087174,3.052407074618984,0.29473239094073933,0.5410847486676397,0.472574742259206,0.044014578433455645,0.4823202450533171,0.42289357169254405,0.04457997701860763,,,,,,,,,,,,,,,,,,,,,,,,,,,,,,,,,
207,9.075123541206118e-06,9.075123541206118e-06,1.0,9.366032368427998,5.220930434562065,3.2753630393260234,3.2753630393260234,3.274563235205573,0.0,0.0,0.3166767689021858,1.5416753227646287,0.09983095184371278,1.5745517112113334,0.08272783428027823,0.015335858333855867,0.690154217384957,0.0,0.0,0.0,0.0,0.9798221555916039,42.91359236433699,10.060267448425293,41.374149322509766,77.29708862304688,1.127090573310852,0.48008954524993896,0.31612417101860046,3.8410415649414062,0.5043489933013916,0.244757741689682,0.0,0.0,4.7118226289749146,2.9549747334944234,0.37285951399717776,0.543813481524184,0.47250917876088944,0.043644507088371226,0.4842923774912551,0.42195524879404017,0.04405821356418971,,,,,,,,,,,,,,,,,,,,,,,,,,,,,,,,,
208,9.066212706743357e-06,9.066212706743357e-06,1.0,9.42609758634825,5.198888095649513,3.364637735727671,3.364637735727671,3.3638556776820003,0.0,0.0,0.31767916357195053,1.5004094774658616,0.09821647747948363,1.5849478373656403,0.08295666114301295,0.01571147477354955,0.6600801630600078,0.0,0.0,0.0,0.0,0.9471640474087483,42.25516180090002,8.895512580871582,40.336856842041016,78.51434326171875,1.1245445013046265,0.4788423180580139,0.25,3.8524856567382812,0.5029577612876892,0.2432524412870407,1.298377547416748e-06,0.0,4.0459684632919934,2.750691695793255,0.3201401047117504,0.5423830151557922,0.4708558184069556,0.04369057755212526,0.4839905258771536,0.4219376412597862,0.04421029400986594,,,,,,,,,,,,,,,,,,,,,,,,,,,,,,,,,
209,9.05726382831359e-06,9.05726382831359e-06,1.0,9.310938190769505,5.1459901397292676,3.2970197716274776,3.2970197716274776,3.2962701707272917,0.0,0.0,0.3159798963649853,1.529462134515917,0.09920348831125207,1.579350606815235,0.08384052653973167,0.015893625875783933,0.6790218772114934,0.0,0.0,0.0,0.0,0.970442804130348,42.66140788310283,9.71273136138916,40.972068786621094,77.59961700439453,1.1254966259002686,0.4778546094894409,0.30534467101097107,3.7791290283203125,0.504626989364624,0.24426639080047607,0.0,0.0,4.473297929441607,2.9857776068352364,0.33253325534524697,0.5446616346771652,0.47060312209902583,0.04330231984322135,0.4856264172373591,0.4209688193089253,0.04387084797427461,,,,,,,,,,,,,,,,,,,,,,,,,,,,,,,,,
210,9.048276995128517e-06,9.048276995128517e-06,1.0,9.352322062930545,5.175274153013487,3.31593208699613,3.31593208699613,3.314938480789597,0.0,0.0,0.317321352862023,1.5117658215600092,0.09904507809394114,1.5632694283047237,0.08306615175427617,0.015608746357060768,0.6733855742055017,0.0,0.0,0.0,0.0,0.9631572494635711,43.97232983563397,9.8080472946167,42.355308532714844,80.06289672851562,1.1246033906936646,0.47929906845092773,0.3355962336063385,3.8188400268554688,0.50460284948349,0.24467694759368896,0.0,0.0,4.159631096027993,2.906461504665581,0.30126940645266737,0.5449161610087833,0.4694710349714434,0.043102650022184524,0.48637614620698466,0.4204694395129745,0.04373735763333939,127.18386400662936,191.57055370895307,0.38198118457019264,69.18525532313755,127.18386488992357,151.03525092876365,176.826069812029,211.18151038294053,117.92270115443638,97.00569359831108,213.22325797702956,0.5096502151173655,0.8338431752958202,-0.023480640035040336,-0.23138229858347054,0.8534496903458482,0.7384508756778514,0.6995260213569878,0.5737726715766623,0.9308657699276349,0.9809856863261052,0.9951021378387229,0.4308657699276349,0.18098568632610512,0.04510213783872297,4.411553287152155e-05,0.0,0.6153846153846154,0.38461538461538464,0.7912087912087912,0.531252973231968,0.5076921191680562,0.5007718786761001
211,9.039252296778217e-06,9.039252296778217e-06,1.0,9.3089991646844,5.154423533259211,3.287868609299531,3.287868609299531,3.287453239028518,0.0,0.0,0.31639434276400386,1.5258076384260848,0.09930440843910784,1.5741750259657163,0.08450716562770508,0.016505094588029425,0.6770695866765203,0.0,0.0,0.0,0.0,0.9859086613397341,44.00577988495698,10.119386672973633,42.02569580078125,80.37625122070312,1.1332190036773682,0.49776703119277954,0.3346335291862488,3.7906875610351562,0.5089147090911865,0.25336605310440063,0.0,0.0,4.621846551830704,3.181400581791594,0.3116602755815319,0.5499764213690886,0.4718685343458846,0.04333460089322683,0.48712695047662063,0.41950604158478816,0.043833433474237855,,,,,,,,,,,,,,,,,,,,,,,,,,,,,,,,,
212,9.030189823230246e-06,9.030189823230246e-06,1.0,9.350798864622373,5.162718669788258,3.3292658393447465,3.3292658393447465,3.3284416649792647,0.0,0.0,0.3162646664155496,1.4974239001402985,0.09754429193767342,1.5785948038101196,0.08157354613413682,0.014666927474978808,0.6547431365863697,0.0,0.0,0.0,0.0,0.9246354215853924,44.70194728954418,9.827221870422363,42.68750762939453,82.2823257446289,1.1329872608184814,0.5008260011672974,0.27821117639541626,3.8574066162109375,0.5086726546287537,0.25443243980407715,0.0,0.0,4.273168272263295,2.705289270426776,0.3669125346674184,0.5498170014974233,0.4710956175585051,0.04373670923146042,0.48728578718932897,0.41885659904093353,0.04405590368283761,,,,,,,,,,,,,,,,,,,,,,,,,,,,,,,,,
213,9.021089664828736e-06,9.021089664828736e-06,1.0,9.505615131275073,5.343565077395053,3.296991522247727,3.296991522247727,3.2961069442130424,0.0,0.0,0.31610069645417704,1.5274682914888538,0.09896990817946356,1.5709120808420955,0.08195073711308273,0.01560942826767427,0.6823683139440175,0.0,0.0,0.0,0.0,0.9619708157874443,47.12700848966031,11.049042701721191,45.618465423583984,85.22650909423828,1.1295424699783325,0.49133893847465515,0.30845269560813904,3.8167800903320312,0.5079230666160583,0.2507253885269165,0.0,0.0,4.5295555494927076,2.758355570806039,0.3910317379560641,0.5491869546271659,0.46977469244518794,0.04327178978033968,0.4882950259221567,0.41864072390504786,0.0436632271755386,,,,,,,,,,,,,,,,,,,,,,,,,,,,,,,,,
214,9.01195191229351e-06,9.01195191229351e-06,1.0,9.468452530938226,5.316623236681964,3.2942463707279517,3.2942463707279517,3.293359376288749,0.0,0.0,0.3180149286179929,1.4958820085267763,0.0981496642972972,1.5605393519272674,0.083045953633012,0.015044680305731457,0.673930818970139,0.0,0.0,0.0,0.0,0.9594168131415909,46.78013105650206,10.481474876403809,45.08699035644531,85.22650909423828,1.1285699605941772,0.4935428202152252,0.25799596309661865,3.794921875,0.5075331330299377,0.25171563029289246,0.0,0.0,4.08149556694804,2.798840385836524,0.3142610741754715,0.5487790333258139,0.469388177265992,0.043110711953124485,0.48826022244788503,0.41877223269359487,0.04360633705918853,,,,,,,,,,,,,,,,,,,,,,,,,,,,,,,,,
215,9.002776656719164e-06,9.002776656719164e-06,1.0,9.404521658613875,5.219100926373456,3.328553528399081,3.328553528399081,3.327643007845492,0.0,0.0,0.31760748495926727,1.5025720821844566,0.09790450435232471,1.5578897160452765,0.08112845730942649,0.01457650598289596,0.6686016015104346,0.0,0.0,0.0,0.0,0.946093051820188,48.53747836963551,11.070643424987793,46.51820755004883,88.27604675292969,1.129141926765442,0.48873189091682434,0.37340015172958374,3.8482513427734375,0.5078836679458618,0.24914202094078064,0.0,0.0,4.338373029554212,2.6981814858075737,0.3780660474729108,0.5491623636838552,0.46974830047504323,0.04296056775225175,0.48844228805722417,0.4189169616312594,0.0434417650103569,108.86843729543162,163.15204102418335,0.3425506326949802,39.86544305151636,108.8684370220594,135.2025265368303,161.57037089625032,197.0388559463559,116.35179792131696,84.37085919047512,176.42939492930537,0.5224065322960173,0.832511549092582,-0.03273643771130147,-0.2479886426198168,0.8507399848174132,0.7195467112148066,0.688434429350264,0.5695370084531107,0.9346181852530596,0.9822909870928331,0.9952941701582814,0.4346181852530596,0.1822909870928331,0.04529417015828141,3.581143256629397e-05,0.0,0.5769230769230769,0.4230769230769231,0.7847985347985347,0.5058653216686223,0.48414439433714845,0.47806838203917496
216,8.993563989574164e-06,8.993563989574164e-06,1.0,9.36310556772593,5.1854954281368775,3.3163447315628463,3.3163447315628463,3.3159934636708854,0.0,0.0,0.3186480169360702,1.5015812886727822,0.0984768080147537,1.572775895531113,0.08458925763497481,0.01621832003867304,0.6498970566569148,0.0,0.0,0.0,0.0,0.9495197840639062,48.11207085686761,10.605026245117188,45.7970085144043,88.62154388427734,1.1317603588104248,0.4909785985946655,0.2729267477989197,3.8204421997070312,0.5095044374465942,0.2520451843738556,0.0,0.0,4.535683577125137,3.1343157839130713,0.30896506984737626,0.5513816475868225,0.46927725543846954,0.04323257123296325,0.48891727666597107,0.41782538471995173,0.04372858819929329,,,,,,,,,,,,,,,,,,,,,,,,,,,,,,,,,
217,8.984314002699932e-06,8.984314002699932e-06,1.0,9.320384541073361,5.149857121544915,3.3029841410147176,3.3029841410147176,3.302470909582602,0.0,0.0,0.3169483179981644,1.5254513734095805,0.09785006275853596,1.5891752307479445,0.0831711401005049,0.016779852892599395,0.6451233858997757,0.0,0.0,0.0,0.0,0.9623516363066595,48.36882410822688,11.070643424987793,45.70764923095703,88.96839904785156,1.1275972127914429,0.4870406985282898,0.27209609746932983,3.83795166015625,0.5080710053443909,0.2505866289138794,0.0,0.0,4.8672873844971525,3.3003778795938232,0.32192664643022906,0.5500219238770975,0.46716932751036977,0.043086891540804424,0.4894884663659173,0.41736230979094635,0.04367179383297224,,,,,,,,,,,,,,,,,,,,,,,,,,,,,,,,,
218,8.975026788309933e-06,8.975026788309933e-06,1.0,9.240698376217404,5.124815683107118,3.2575721225223027,3.2575721225223027,3.256831813502956,0.0,0.0,0.3144054138982618,1.5033679749514606,0.09742150032842481,1.5638389812933433,0.08516473494268753,0.017193331295070616,0.6552625072968973,0.0,0.0,0.0,0.0,0.9879821506706444,48.551294275232266,11.511648178100586,45.7970085144043,88.96839904785156,1.130024790763855,0.4927116632461548,0.25,3.853515625,0.510039746761322,0.2537018060684204,1.947566321125122e-06,0.0,5.334983803130485,3.611021154635661,0.323142995763779,0.5526410019075548,0.46699181682354696,0.04316400374109681,0.4908770193924775,0.41610011700037364,0.0435968074645545,,,,,,,,,,,,,,,,,,,,,,,,,,,,,,,,,
219,8.965702438988752e-06,8.965702438988752e-06,1.0,9.475441778028333,5.316927278364027,3.29463048239012,3.29463048239012,3.2944883784732304,0.0,0.0,0.3167984509790266,1.5185805430283417,0.09853882664764249,1.5761640071868896,0.08399479171714268,0.01632466770054118,0.6447180863973256,0.0,0.0,0.0,0.0,0.9454284455325153,50.123904975684916,11.73869514465332,47.807735443115234,91.43470001220703,1.1320499181747437,0.4916878640651703,0.2669847011566162,3.8482513427734375,0.5106930136680603,0.25324007868766785,0.0,0.0,4.464077614449166,2.824590335021148,0.36726227028880154,0.553385312492783,0.4673782836746525,0.043434154040910104,0.49069549022494136,0.4156468148167069,0.04388822292959368,,,,,,,,,,,,,,,,,,,,,,,,,,,,,,,,,
220,8.956341047691177e-06,8.956341047691177e-06,1.0,9.286809148015204,5.135305172688252,3.2954964895506165,3.2954964895506165,3.295143178991369,0.0,0.0,0.316765583850242,1.4945724815935701,0.09683606592384544,1.563801385260917,0.083989322890301,0.014701157757962073,0.6413334543640549,0.0,0.0,0.0,0.0,0.9382196713138271,49.37683889028188,11.377533912658691,46.336849212646484,91.43470001220703,1.1341980695724487,0.4946151077747345,0.25,3.8097991943359375,0.5116870403289795,0.2544768452644348,6.49188773708374e-07,0.0,4.229192024952656,2.7792345365962468,0.34284503512763553,0.5545125023738758,0.46806981273599574,0.043572740478290094,0.4907211548573262,0.4155374145185625,0.04393160665357435,141.42041195879926,212.9950852498287,0.38563296722508955,89.99818047324379,141.42041434556282,163.79917262192717,188.49822694337618,221.35870379050934,86.93257359095982,107.58332499422768,244.60300080672553,0.49523535040213623,0.8376613237727389,-0.02148429610111932,-0.22883935755467366,0.8570529671014231,0.7505500347040777,0.7057773729814572,0.5757964017502462,0.9287300591303842,0.9803042310948074,0.9950362240425502,0.4287300591303842,0.1803042310948073,0.045036224042550255,3.165938241368017e-05,0.0,0.6373626373626373,0.3626373626373626,0.8104395604395604,0.5450634553946636,0.5196431909616177,0.512031091929792
221,8.946942707741268e-06,8.946942707741268e-06,1.0,9.182474342552391,5.010423686053302,3.310620694547086,3.310620694547086,3.3097792767189644,0.0,0.0,0.3175455662044319,1.5110628959294912,0.09758232775572184,1.569911231865754,0.0832927452551352,0.01709924399147968,0.6498557087537404,0.0,0.0,0.0,0.0,0.964484603018374,51.62455491761904,12.158723831176758,48.65553665161133,94.70636749267578,1.1254385709762573,0.48647886514663696,0.25,3.805908203125,0.5090096592903137,0.2503417134284973,1.298377547416748e-06,0.0,5.034298213752541,3.043814844376332,0.3953844776097426,0.5520964103776056,0.4637756492640521,0.04277638960126284,0.4926820816220464,0.4150225995360194,0.043223113123629545,,,,,,,,,,,,,,,,,,,,,,,,,,,,,,,,,
222,8.937507512831427e-06,8.937507512831427e-06,1.0,9.403555638081318,5.267459315222663,3.2706547943321436,3.2706547943321436,3.269993492074915,0.0,0.0,0.31539687836492386,1.538877999460375,0.09892608386439246,1.562329637037741,0.08293501720637889,0.016699140482405957,0.6727328687100798,0.0,0.0,0.0,0.0,1.0094708188160046,53.12241982124947,12.993551254272461,50.39651107788086,96.1977767944336,1.1245017051696777,0.48545360565185547,0.25,3.802703857421875,0.5098749995231628,0.25084295868873596,3.895132642250244e-06,0.0,4.704418134044957,3.0700444595233813,0.3474125020252626,0.5535526259525402,0.46256606159983454,0.042364666792186534,0.4944096956704114,0.4139160030596965,0.04292268306016922,,,,,,,,,,,,,,,,,,,,,,,,,,,,,,,,,
223,8.928035557021466e-06,8.928035557021466e-06,1.0,9.377382278442383,5.216432146123938,3.29989175538759,3.29989175538759,3.299126489742382,0.0,0.0,0.31683637161512634,1.5214676277057544,0.09793840852138158,1.5695768079242192,0.07980387436377036,0.015078175951399514,0.6494783291945586,0.0,0.0,0.0,0.0,0.9571962147145658,51.729175155227246,11.877066612243652,48.94146728515625,94.70636749267578,1.125157356262207,0.4909379184246063,0.25,3.7824478149414062,0.5104582905769348,0.2521975040435791,6.49188773708374e-07,0.0,3.9317931291219352,2.6340237485395894,0.3300706161191571,0.5545912384986877,0.46144954658843373,0.042318202957913685,0.4952690214724154,0.4129527033986272,0.0429637298189305,,,,,,,,,,,,,,,,,,,,,,,,,,,,,,,,,
224,8.918526934737663e-06,8.918526934737663e-06,1.0,9.346899032592773,5.222234339327426,3.2636279544314823,3.2636279544314823,3.2627388271125586,0.0,0.0,0.31433077357910777,1.5149147929372013,0.09690927955749873,1.5723453373522371,0.08293831147052147,0.016564767958747374,0.6554928711942725,0.0,0.0,0.0,0.0,0.9827801053588455,50.831313262114655,11.900286674499512,47.90120315551758,93.23808288574219,1.1345866918563843,0.5060511827468872,0.28712618350982666,3.8221588134765625,0.5157982707023621,0.2624591290950775,0.0,0.0,4.653301272843335,2.9115364632091008,0.37430733741637867,0.5609613495904047,0.46394218222515005,0.04270700465988468,0.4963315346756497,0.4117559645626996,0.043018341265820166,,,,,,,,,,,,,,,,,,,,,,,,,,,,,,,,,
225,8.908981740771829e-06,8.908981740771829e-06,1.0,9.376540957270441,5.2217079884297135,3.2957279424409607,3.2957279424409607,3.2951380368825554,0.0,0.0,0.31582072618845347,1.5148813241236918,0.09719423446300868,1.5627478812191937,0.08222423705297548,0.01609527555017455,0.6484610841080949,0.0,0.0,0.0,0.0,0.9863375666979197,50.63884745417415,11.201141357421875,47.807735443115234,93.6030044555664,1.130478858947754,0.49795636534690857,0.25,3.86724853515625,0.5147598385810852,0.25894972681999207,2.596755094833496e-06,0.0,4.519816997888926,3.1548559601242476,0.301994757398853,0.560429302421776,0.4605364203453064,0.04262704855284175,0.49776403726758184,0.4103041830900553,0.04301639152942477,105.10906095819159,162.16245139751393,0.2944791296529993,17.893444333757675,105.10905752900916,130.9769997590203,155.620180460634,190.53073353421152,78.0332281930106,74.92400777062704,193.87868466584578,0.497280129446151,0.8465778121317642,-0.0636596606894923,-0.2682051806655138,0.8682800665924031,0.7446993864392545,0.7010087171895231,0.5537874106221022,0.9351081271710681,0.9814169805357079,0.9948685850176384,0.43510812717106806,0.18141698053570787,0.04486858501763846,4.0482488987984486e-05,0.0,0.46703296703296704,0.532967032967033,0.7573260073260072,0.49273496960381885,0.4723924807385429,0.4672714484098193
226,8.899400070280361e-06,8.899400070280361e-06,1.0,9.318170547485352,5.174813219018884,3.279156117825895,3.279156117825895,3.2785958792712235,0.0,0.0,0.3158777243382222,1.5312350859513153,0.09847293028960356,1.5666777249929067,0.08371469005942345,0.01642104729103881,0.650241265425811,0.0,0.0,0.0,0.0,0.9649944708154008,52.60788427816855,12.206311225891113,50.10207748413086,95.8227310180664,1.134385585784912,0.500160813331604,0.25,3.82513427734375,0.5170772075653076,0.26109835505485535,1.947566321125122e-06,0.0,4.419172344981013,3.022252946286588,0.3161043040742569,0.5632199435620695,0.46162657641075755,0.042405434254858945,0.4984121314577154,0.4098356285610715,0.04290939102301727,,,,,,,,,,,,,,,,,,,,,,,,,,,,,,,,,
227,8.889782018783291e-06,8.889782018783291e-06,1.0,9.277886725760794,5.144267868351292,3.267059616140417,3.267059616140417,3.266523432087254,0.0,0.0,0.31765860480231206,1.5308127661009092,0.09751457277987455,1.5672107838295601,0.08722072598096486,0.016508858134919726,0.6457438710573558,0.0,0.0,0.0,0.0,0.9867071686564265,52.36527984206741,11.923551559448242,49.3253173828125,96.57428741455078,1.1336287260055542,0.5009166598320007,0.25,3.819183349609375,0.5167893767356873,0.2617390751838684,6.49188773708374e-07,0.0,4.747733870068112,3.1143542238183923,0.3440335307223711,0.5629573222753164,0.46108861227293274,0.04262678677568565,0.4986988467139167,0.4093045535925272,0.04303208114327611,,,,,,,,,,,,,,,,,,,,,,,,,,,,,,,,,
228,8.880127682163331e-06,8.880127682163331e-06,1.0,9.33867529276255,5.157817930788608,3.322628510964883,3.322628510964883,3.322641739974151,0.0,0.0,0.31549174237895655,1.5131222170752447,0.0979474962160394,1.5630321148279551,0.0824185036928267,0.016158224007970578,0.63648409940101,0.0,0.0,0.0,0.0,0.9627979268898835,52.196205448459935,11.26696491241455,48.845970153808594,97.71267700195312,1.1331112384796143,0.4962417781352997,0.25,3.8590087890625,0.5170103907585144,0.2587643563747406,1.298377547416748e-06,0.0,4.705385164634602,2.9747228960733154,0.3678045915494532,0.5636057370417827,0.45967042123949203,0.0424106581186926,0.49951551250509313,0.40855539650530426,0.04299410915858037,,,,,,,,,,,,,,,,,,,,,,,,,,,,,,,,,
229,8.870437156664922e-06,8.870437156664922e-06,1.0,9.225581942377863,5.099044116767677,3.272008889430278,3.272008889430278,3.2718924058450236,0.0,0.0,0.3133361774521905,1.5011311672829293,0.09672768635524286,1.5575784315934051,0.08464063623467007,0.017778503809224914,0.6291804394206485,0.0,0.0,0.0,0.0,0.9780289434097909,50.75530717179582,10.258687973022461,47.06654739379883,96.57428741455078,1.132140040397644,0.49668583273887634,0.25,3.7783279418945312,0.5168484449386597,0.2607985734939575,2.596755094833496e-06,0.0,4.982709498018832,3.1323543174846753,0.3713552197393554,0.5637093524675112,0.4582632973387435,0.04275164008140564,0.4996700246591826,0.4076350395743911,0.04336411838193197,,,,,,,,,,,,,,,,,,,,,,,,,,,,,,,,,
230,8.86071053889328e-06,8.86071053889328e-06,1.0,9.491314114751043,5.349199694556159,3.2817662019987366,3.2817662019987366,3.281139122473227,0.0,0.0,0.3185475742494738,1.516697861052848,0.09659095873703828,1.5666067374719155,0.08268036622856115,0.013844816184074089,0.6267486262965847,0.0,0.0,0.0,0.0,0.9246195683608184,54.144625895732155,11.4443941116333,51.290218353271484,100.4213638305664,1.134393572807312,0.5040536522865295,0.34468555450439453,3.8370361328125,0.5179990530014038,0.2624039351940155,0.0,0.0,4.441206021888836,2.857328466466955,0.3566323083449889,0.5649944366635503,0.4593149520255424,0.04230813833104598,0.5003343748079764,0.4077355338109506,0.04296161345130688,106.57814822354159,165.80413044260737,0.3060109288585459,36.624351752983344,106.57814768563655,133.27503840915165,159.31673395354093,194.3906819225896,74.01385607038226,81.02244065159051,183.20067695949388,0.5032819414827711,0.8356531229072403,-0.042267315697353834,-0.2675057878109451,0.8502760610383612,0.7248846895896178,0.6954883281720058,0.5675095049265952,0.936257726057073,0.9827596497538094,0.9953792871864099,0.436257726057073,0.18275964975380932,0.04537928718640993,3.684944510444742e-05,0.0,0.5604395604395604,0.43956043956043955,0.7930402930402929,0.5021055351001221,0.4825032560953072,0.4766992215926831
231,8.850947925813417e-06,8.850947925813417e-06,1.0,9.306501053475046,5.149652210441795,3.300830196689915,3.300830196689915,3.3002379907144084,0.0,0.0,0.31757534114090175,1.5012172267243669,0.09664559767052934,1.558576165018855,0.08275191707385553,0.014982553456935126,0.6396870669480916,0.0,0.0,0.0,0.0,0.9631868923032606,55.76363218152845,12.158723831176758,52.09791564941406,104.42169952392578,1.1340532302856445,0.5058413147926331,0.25,3.8674774169921875,0.518847644329071,0.2635924816131592,2.596755094833496e-06,0.0,4.398912779382758,3.037775792785593,0.30942577288112433,0.5665128424360946,0.45763716423833695,0.04231562707069758,0.5020488911383861,0.40622999136512344,0.0428596906162597,,,,,,,,,,,,,,,,,,,,,,,,,,,,,,,,,
232,8.841149414749188e-06,8.841149414749188e-06,1.0,9.321252565126162,5.158919179761732,3.3075055109487996,3.3075055109487996,3.3067221899290344,0.0,0.0,0.31629208535761444,1.5030247134131354,0.09615489800234099,1.5510452212514103,0.08427818320892952,0.016106174132358785,0.6339519797144709,0.0,0.0,0.0,0.0,0.9638283365481609,59.341914615115606,12.667789459228516,55.89291000366211,110.29129791259766,1.1330024003982544,0.5086272358894348,0.25,3.8633575439453125,0.5188947916030884,0.26392629742622375,1.298377547416748e-06,0.0,4.560921106789563,2.790435884449933,0.388185890719315,0.5668990853670481,0.4563505802605603,0.0421484318133947,0.5031858577921584,0.4055277318567843,0.04264184137856638,,,,,,,,,,,,,,,,,,,,,,,,,,,,,,,,,
233,8.831315103382315e-06,8.831315103382315e-06,1.0,9.328866520443478,5.170895292952254,3.3103947123965702,3.3103947123965702,3.3099406796532707,0.0,0.0,0.31634774884662115,1.486415076900173,0.09672589197352126,1.542695789723783,0.08072042435004904,0.01555271609686315,0.6242961883544922,0.0,0.0,0.0,0.0,0.9441667956274908,61.6440481237463,13.172416687011719,58.346900939941406,113.79232025146484,1.1365567445755005,0.5049354434013367,0.2821643352508545,3.8102569580078125,0.5209113955497742,0.26546695828437805,0.0,0.0,4.411054878621488,2.7351739358257605,0.3799274751529416,0.5694924786284163,0.4564034463586034,0.0426674293907913,0.5031466113554465,0.4044251627213246,0.0431832767821647,,,,,,,,,,,,,,,,,,,,,,,,,,,,,,,,,
234,8.821445089751418e-06,8.821445089751418e-06,1.0,9.117618483466071,4.965782397502178,3.29870376715789,3.29870376715789,3.2983285092018746,0.0,0.0,0.3158499356862661,1.4968668802364453,0.0968578703500129,1.552812392647202,0.08358993280578304,0.016505816051535106,0.6262981303640314,0.0,0.0,0.0,0.0,0.9626356717702504,62.140528189169395,14.076845169067383,58.346900939941406,114.68480682373047,1.1325254440307617,0.502979576587677,0.25803959369659424,3.827423095703125,0.5201088190078735,0.2653830051422119,0.0,0.0,4.76945195326934,3.0244416014568225,0.36587229914673036,0.5691426927978928,0.45364488298828537,0.04215739294886589,0.5045340914984007,0.40343445056193583,0.04299215690509693,,,,,,,,,,,,,,,,,,,,,,,,,,,,,,,,,
235,8.81153947225103e-06,8.81153947225103e-06,1.0,9.054048795957822,4.920166221824852,3.2873037827981486,3.2873037827981486,3.2868320361987964,0.0,0.0,0.31586738454329,1.4742946012600049,0.09644659830106271,1.5410175549017417,0.08427420459889076,0.016343788797589572,0.626986068648261,0.0,0.0,0.0,0.0,0.9537554189965531,63.07874875455289,14.187251091003418,58.80452346801758,116.94676208496094,1.1354308128356934,0.5000628232955933,0.2730434536933899,3.8308563232421875,0.5219355225563049,0.2656598389148712,0.0,0.0,4.807638996356243,2.776654241858302,0.4224495133759511,0.571420883810198,0.4541143968298629,0.04219855297658894,0.5051605347040538,0.40297774930258057,0.042903150960400295,103.9188584128579,163.68481550578176,0.29074630824690567,30.497570121681296,103.91885695090217,130.71983975593804,155.82889973237633,190.73485693112272,67.69009181431362,76.72344361534414,185.69733395783797,0.47878235700960126,0.8335257570352619,-0.03850514572139527,-0.2751573965704045,0.8463476252719885,0.7106819707696828,0.686540057369619,0.5676692084339706,0.9387541462113321,0.9837089122199507,0.9954706322897674,0.43875414621133213,0.18370891221995067,0.04547063228976744,3.062136987552673e-05,0.0,0.5439560439560439,0.45604395604395603,0.7866300366300366,0.49453605228400493,0.4746631850989965,0.46881339154564416
236,8.80159834963062e-06,8.80159834963062e-06,1.0,9.201376734553156,5.059452417734507,3.290587753862948,3.290587753862948,3.2900050008619153,0.0,0.0,0.31441456401670304,1.4954559674134125,0.09590673366108456,1.5510890548293654,0.08313369428789294,0.01713376265723963,0.6218548932591,0.0,0.0,0.0,0.0,0.9788792181659389,65.34095681680215,14.580535888671875,60.90863800048828,121.60538482666016,1.1316441297531128,0.5070065855979919,0.2623947858810425,3.8218154907226562,0.5204216837882996,0.2674499750137329,0.0,0.0,4.715614671642716,2.974017594311688,0.3693255701752092,0.5697659914557999,0.4528358159838496,0.04189467863053889,0.505696551219837,0.4030582518190951,0.04259148471661516,,,,,,,,,,,,,,,,,,,,,,,,,,,,,,,,,
237,8.791621820993613e-06,8.791621820993613e-06,1.0,9.189150397841995,5.055824022035341,3.2743932878648914,3.2743932878648914,3.2740505321605786,0.0,0.0,0.31672331288054184,1.5053598236393284,0.09686157046943097,1.56235489007589,0.08734879652793343,0.01789724512176739,0.619669338335862,0.0,0.0,0.0,0.0,0.9945290136981655,66.2109908026618,15.28027057647705,61.386348724365234,123.0388412475586,1.133170247077942,0.5027045011520386,0.27412861585617065,3.8062515258789062,0.5223005414009094,0.2687830626964569,0.0,0.0,5.026200977531639,3.5807259904371724,0.2875879801774933,0.5724364519119263,0.45197403914219625,0.041914262884371986,0.5069100840671642,0.401676226306606,0.04265177743257703,,,,,,,,,,,,,,,,,,,,,,,,,,,,,,,,,
238,8.781609985796394e-06,8.781609985796394e-06,1.0,9.350405486854347,5.196089486818056,3.296584638389381,3.296584638389381,3.296296731845753,0.0,0.0,0.3157900128815625,1.5116113069895152,0.09734555595629923,1.5602694910925787,0.08380088753796913,0.01668609688813622,0.6264460199588054,0.0,0.0,0.0,0.0,0.9753315819276346,67.46196117916622,15.982340812683105,62.597084045410156,124.48916625976562,1.1332157850265503,0.4995160698890686,0.25,3.8260498046875,0.5234346389770508,0.2679690420627594,1.947566321125122e-06,0.0,5.430114955515475,3.62373531992371,0.3326595570056928,0.5743908269985302,0.45007325910233165,0.04180487315799739,0.5086688592627242,0.4000734332445505,0.04257606996877773,,,,,,,,,,,,,,,,,,,,,,,,,,,,,,,,,
239,8.771562943847323e-06,8.771562943847323e-06,1.0,9.273407214396709,5.1026746646778,3.324559295499647,3.324559295499647,3.324054795342523,0.0,0.0,0.3158298569756585,1.4731587590398014,0.09601458202342729,1.5429886289545007,0.0838697206329655,0.015145671881131223,0.6244166976696736,0.0,0.0,0.0,0.0,0.9662344423500268,69.27923810804212,15.581646919250488,64.83690643310547,127.94014739990234,1.134500503540039,0.5018354058265686,0.25,3.8689651489257812,0.5243123769760132,0.2665559947490692,1.947566321125122e-06,0.0,3.900612826282914,2.64693502236057,0.3214053431488701,0.5757328787365475,0.44925053619049693,0.04193262927032806,0.5099478154569059,0.3987375892497398,0.042598286089864934,,,,,,,,,,,,,,,,,,,,,,,,,,,,,,,,,
240,8.761480795305737e-06,8.761480795305737e-06,1.0,9.292623545672443,5.128685036221066,3.306012398487813,3.306012398487813,3.3051296891392887,0.0,0.0,0.31864989609331695,1.507666117436177,0.09612053330685641,1.5649014743598733,0.08300389792468096,0.014658915470480113,0.6154963535231512,0.0,0.0,0.0,0.0,0.9435932700698441,72.59442365491712,17.180070877075195,67.68359375,133.0366973876953,1.1249371767044067,0.48603367805480957,0.25,3.8618698120117188,0.5208574533462524,0.26045292615890503,6.49188773708374e-07,0.0,4.606628730490401,2.927257576504269,0.3645553510467846,0.5724340612823898,0.4442607212711025,0.041589334506440805,0.5114002936595196,0.39758570693634654,0.042436176759971155,140.40956874470135,209.03559151482045,0.400998813612583,95.03536086030059,140.40956982308393,162.96537224723582,186.4459611541548,219.57548947476118,109.5641108921596,105.14476586866749,243.9982160485309,0.505968624212855,0.8310808942945658,-0.016675127853183543,-0.24919472305064444,0.8401590391878434,0.7435869757769255,0.7159102105764357,0.5801787865026935,0.9313645349522177,0.9816370391937964,0.9952427885376427,0.4313645349522177,0.18163703919379637,0.04524278853764274,4.5153545409675004e-05,0.0,0.6813186813186813,0.31868131868131866,0.8159340659340659,0.5426040695018166,0.5189289309411913,0.5109658177409854
241,8.751363640680952e-06,8.751363640680952e-06,1.0,9.14310968244398,5.023447114068109,3.266636152525206,3.266636152525206,3.2657774783469535,0.0,0.0,0.31585417083791784,1.51108637693766,0.09669877508202114,1.5452631260897662,0.08091969294725238,0.014623356303451834,0.6301224779438328,0.0,0.0,0.0,0.0,0.9741401076316833,71.50199436497044,16.8477783203125,67.15686798095703,130.46353149414062,1.1300101280212402,0.5000574588775635,0.26675349473953247,3.7941207885742188,0.5243239402770996,0.26724445819854736,0.0,0.0,5.0057277711662085,3.0807481263134933,0.38455539990426674,0.5767424203254081,0.44531106707212087,0.04135304598792179,0.5129692328942789,0.3966468113499719,0.042125192143627116,,,,,,,,,,,,,,,,,,,,,,,,,,,,,,,,,
242,8.741211580831256e-06,8.741211580831256e-06,1.0,9.143117595363307,4.997532122843975,3.3058187768266007,3.3058187768266007,3.305029430904904,0.0,0.0,0.318286988380793,1.458027543248357,0.09516912537652093,1.5320380990569655,0.08118473879388861,0.013640535479361142,0.6090925915821178,0.0,0.0,0.0,0.0,0.926877545343863,72.28149475922456,16.265764236450195,67.41971588134766,133.55738830566406,1.1327099800109863,0.5057576298713684,0.25,3.88006591796875,0.525700032711029,0.26986953616142273,2.596755094833496e-06,0.0,3.8652891097842037,2.589693812099663,0.3300129075612034,0.5785708234116838,0.4451233357996554,0.04164433811564703,0.5134634665540747,0.39578371676238805,0.04229756887700107,,,,,,,,,,,,,,,,,,,,,,,,,,,,,,,,,
243,8.731024716962919e-06,8.731024716962919e-06,1.0,9.180367160487819,5.0485334396362305,3.2785375633755245,3.2785375633755245,3.2779626459688753,0.0,0.0,0.31712636754319473,1.4950457070324872,0.09584028696691668,1.5521238301251385,0.08468691511331378,0.01569772927669456,0.6203419203693802,0.0,0.0,0.0,0.0,0.9649656398876293,74.41823000521273,17.247310638427734,69.55985260009766,136.724609375,1.133263111114502,0.5109407901763916,0.25,3.871826171875,0.5270253419876099,0.2737470269203186,1.947566321125122e-06,0.0,4.384940181229566,2.921734305652412,0.33368890226613335,0.580559263358245,0.44412662854065765,0.04151237866765744,0.5148914456367493,0.3944680795476243,0.04222916539859127,,,,,,,,,,,,,,,,,,,,,,,,,,,,,,,,,
244,8.720803150629163e-06,8.720803150629163e-06,1.0,9.36033854613433,5.232927940987252,3.278971220995929,3.278971220995929,3.2781900650746114,0.0,0.0,0.31482715381158366,1.5079692859907408,0.09648872489059293,1.5289808318421647,0.08033354822042826,0.015492708617317918,0.6299214653066687,0.0,0.0,0.0,0.0,0.9843047615644094,75.92050335858319,17.899372100830078,71.48811340332031,137.7969512939453,1.135776162147522,0.5138490796089172,0.2925746738910675,3.8431015014648438,0.5296530723571777,0.2763732969760895,0.0,0.0,4.4289395148689685,2.933659969149409,0.33761570703315363,0.5842388417269733,0.4431992624257062,0.04137533701754905,0.5170414914955964,0.3926216557219222,0.042065924486598454,,,,,,,,,,,,,,,,,,,,,,,,,,,,,,,,,
245,8.710546983729165e-06,8.710546983729165e-06,1.0,9.311085288589066,5.178213763881374,3.2867089026683085,3.2867089026683085,3.2858619947691223,0.0,0.0,0.316425085067749,1.4957217332479116,0.09644798491452192,1.5313484572075509,0.07915603913165428,0.013911253627943428,0.6245301655820898,0.0,0.0,0.0,0.0,0.9703203294728253,74.69435831018396,17.34866714477539,69.55985260009766,137.7969512939453,1.1375073194503784,0.5154349207878113,0.25,3.828338623046875,0.5304349660873413,0.27558615803718567,1.947566321125122e-06,0.0,3.637243936190734,2.4411937900491663,0.32883418520292723,0.5851097380792772,0.44385504964235667,0.041324877960456384,0.5174154671462806,0.392571607151547,0.041914531105273475,194.16871374780004,282.3023878757035,0.5142983889877207,154.25445799775176,194.16871013739993,214.74519300066115,238.11429297783104,266.9063913294823,80.04656764439174,155.56626892089844,319.78980951723844,0.5066337331130075,0.8374003717764037,0.002585112854643718,-0.21244944167112237,0.8501379750985477,0.7848507625658788,0.7445009944004704,0.5945775769034908,0.918527433892874,0.9759720857668239,0.9937605066331596,0.41852743389287395,0.17597208576682388,0.04376050663315967,4.411553287152155e-05,0.0,0.7582417582417582,0.24175824175824176,0.8067765567765567,0.6129573552899963,0.5845061190590098,0.5748167649566472
246,8.700256318507038e-06,8.700256318507038e-06,1.0,9.14875045982567,5.017409878808099,3.290220795450984,3.290220795450984,3.2895249998247302,0.0,0.0,0.316109257775384,1.4686197622402295,0.09456057161898226,1.5345737450831645,0.08153918184138634,0.01508531698680206,0.5987627570693558,0.0,0.0,0.0,0.0,0.9330498415070612,77.22523024275496,17.48473358154297,72.04881286621094,142.7275390625,1.137211561203003,0.5157637000083923,0.30601072311401367,3.8247909545898438,0.5299878120422363,0.2768028676509857,0.0,0.0,3.9672436102016553,2.530298123488555,0.3622024831089362,0.5845551039721515,0.443651832438804,0.04156134952161763,0.5166459744041031,0.39273252841588613,0.04219687125972799,,,,,,,,,,,,,,,,,,,,,,,,,,,,,,,,,
247,8.689931257550806e-06,8.689931257550806e-06,1.0,9.283874125094027,5.158394839312579,3.270562320142179,3.270562320142179,3.2698777881828516,0.0,0.0,0.31696946234316437,1.502920221638035,0.09533759105849911,1.5591739222810075,0.08352139431077081,0.014442454551573138,0.6110526516630843,0.0,0.0,0.0,0.0,0.9641471569602554,80.24957770270271,18.503664016723633,74.62682342529297,147.8345489501953,1.1369695663452148,0.5146737694740295,0.2592998147010803,3.8388671875,0.5302618145942688,0.27626174688339233,0.0,0.0,4.268733841341895,2.874745977891458,0.326557690233559,0.5850232034116178,0.4432353369287542,0.041440063332383696,0.5172408078167889,0.39241778689461787,0.04205274159038389,,,,,,,,,,,,,,,,,,,,,,,,,,,,,,,,,
248,8.679571903791388e-06,8.679571903791388e-06,1.0,9.207690574027396,5.067364138525885,3.291838008004266,3.291838008004266,3.2911233837540084,0.0,0.0,0.31711758552370845,1.4931845536103119,0.09583566337823868,1.535679182490787,0.0824411708760906,0.016198736074305064,0.6184591248228744,0.0,0.0,0.0,0.0,0.9714967527905026,81.36346476786845,18.612401962280273,75.8020248413086,149.57717895507812,1.1363630294799805,0.5085009932518005,0.3133775293827057,3.8257064819335938,0.5309028625488281,0.27470022439956665,0.0,0.0,4.653150719565314,2.845222471533595,0.3885385101389132,0.586207212628545,0.44185905682074056,0.041289030700116545,0.518471542242411,0.39154972095747254,0.04187257718798276,,,,,,,,,,,,,,,,,,,,,,,,,,,,,,,,,
249,8.669178360501569e-06,8.669178360501569e-06,1.0,9.295676050959406,5.14075771537987,3.3176034978918127,3.3176034978918127,3.3167111229252173,0.0,0.0,0.3177789498019863,1.4659604446308032,0.09506617969757802,1.5236908487371497,0.07768657944492392,0.013551029124976816,0.6022536633787928,0.0,0.0,0.0,0.0,0.9361022501378446,83.73443830335462,19.543764114379883,77.90332794189453,154.3252716064453,1.1324443817138672,0.5027695894241333,0.25,3.843902587890625,0.5301872491836548,0.2724311947822571,1.298377547416748e-06,0.0,4.108319682043952,2.87172829621547,0.30099687500785205,0.5861656939661181,0.43825216309444326,0.040941116676942724,0.520465481925655,0.3897492104285472,0.04175650610311611,,,,,,,,,,,,,,,,,,,,,,,,,,,,,,,,,
250,8.65875073129497e-06,8.65875073129497e-06,1.0,9.267343057168496,5.130758169535044,3.280023903460116,3.280023903460116,3.2794777509328483,0.0,0.0,0.316380785123722,1.5278574131630562,0.0969667062163353,1.5398242795789563,0.08283442329313304,0.015570648329181445,0.6276926639917735,0.0,0.0,0.0,0.0,0.9874624223322481,85.37644009976773,20.723121643066406,79.4398422241211,156.14439392089844,1.1369407176971436,0.5202798247337341,0.25,3.8431015014648438,0.5329932570457458,0.27958834171295166,1.298377547416748e-06,0.0,4.406255451408592,2.8851569375476322,0.3452134200196439,0.589699704904814,0.4389069611961777,0.040767593762359104,0.521950984323347,0.3885708225739969,0.041601357327119726,112.4928211589436,169.16769599876932,0.31671665692584966,47.00619540371738,112.49282098026738,141.91774107433397,166.21780881581094,200.57745523820358,65.82178933279855,86.91482076718826,191.32454449197522,0.4756953766103699,0.8315037246956312,-0.02827298338972862,-0.27548364193247915,0.838675335526721,0.7258844579858041,0.7024475865341538,0.5709521186682469,0.9379496864942631,0.9833949134271592,0.9953735781174501,0.43794968649426314,0.1833949134271592,0.04537357811745013,4.0482488987984486e-05,0.0,0.6208791208791209,0.3791208791208791,0.771978021978022,0.5075264704915193,0.48603060059658776,0.4792910684104804
251,8.648289120125015e-06,8.648289120125015e-06,1.0,9.18799284342173,5.0668046152269515,3.2840054292936585,3.2840054292936585,3.2833383276655868,0.0,0.0,0.3142290389215624,1.4774147884265796,0.09511209742442982,1.5168325804375313,0.07888634633776304,0.01415205272418019,0.6028327716363443,0.0,0.0,0.0,0.0,0.9586496997523952,85.83664435309333,19.929229736328125,79.13013458251953,158.6033172607422,1.1335396766662598,0.5071605443954468,0.25,3.8552322387695312,0.531998872756958,0.2758823037147522,2.596755094833496e-06,0.0,4.118267700478837,2.772126009335389,0.3268708566436636,0.588932594737491,0.4366243666893727,0.0409858221741947,0.5224011540412903,0.38776660609889674,0.04176954804240046,,,,,,,,,,,,,,,,,,,,,,,,,,,,,,,,,
252,8.637793631283897e-06,8.637793631283897e-06,1.0,9.037982914898846,4.9089167698009595,3.294220015809343,3.294220015809343,3.2937343700512036,0.0,0.0,0.3160182020148715,1.4680758295832455,0.09545230583564655,1.5130372079643044,0.07746154976052207,0.013335183866926142,0.6067612219501186,0.0,0.0,0.0,0.0,0.9367622700897423,87.96078635550835,20.723121643066406,81.96153259277344,161.1009521484375,1.138789415359497,0.5183185338973999,0.2969914674758911,3.8126602172851562,0.5354325771331787,0.2817084789276123,0.0,0.0,4.07161998426592,2.658889106802038,0.34697021896030067,0.5933777673824413,0.43686631483000676,0.04096756754694758,0.5239754335300343,0.3862058004817447,0.041744573595556056,,,,,,,,,,,,,,,,,,,,,,,,,,,,,,,,,
253,8.627264369401537e-06,8.627264369401537e-06,1.0,9.067259994713035,4.9678435969997095,3.251215818766001,3.251215818766001,3.2505428662171236,0.0,0.0,0.315322113198203,1.492388451421583,0.09532967189679274,1.5370500216612946,0.08493242835676348,0.015646362324824203,0.6061113243167465,0.0,0.0,0.0,0.0,1.0010130340988572,89.4961360209697,20.362030029296875,82.92766571044922,164.92137145996094,1.1334751844406128,0.5093230605125427,0.25,3.879150390625,0.5346082448959351,0.27945294976234436,6.49188773708374e-07,0.0,4.448715665855923,3.0180340006544784,0.3215943145528463,0.5932118151638959,0.43315771705395467,0.0407096196872157,0.5261918193585163,0.3847081967302271,0.04140837792609189,,,,,,,,,,,,,,,,,,,,,,,,,,,,,,,,,
254,8.61670143944454e-06,8.61670143944454e-06,1.0,9.103548720076278,4.970802088041563,3.2905221565349683,3.2905221565349683,3.289895650502798,0.0,0.0,0.3179437075112317,1.48006272315979,0.09508324615858696,1.5281158653465476,0.08047051113602277,0.014353646015798723,0.5944040465999294,0.0,0.0,0.0,0.0,0.9434389600882659,89.78153558679529,20.362030029296875,83.57807159423828,164.92137145996094,1.1348273754119873,0.5128247737884521,0.25,3.8566055297851562,0.5356436371803284,0.28064805269241333,6.49188773708374e-07,0.0,3.913944774382823,2.691092555587356,0.3124347146641318,0.5947084990707604,0.4325956082021868,0.040671915520687364,0.5270925824706619,0.3838358448969351,0.04138328346448976,,,,,,,,,,,,,,,,,,,,,,,,,,,,,,,,,
255,8.606104946715147e-06,8.606104946715147e-06,1.0,9.12520761747618,5.00790835715629,3.2727931383493782,3.2727931383493782,3.271976387178576,0.0,0.0,0.31528420222772136,1.487803942448384,0.09550047766517948,1.5289588618922878,0.08166171741243955,0.016839407044588715,0.6120977393678717,0.0,0.0,0.0,0.0,0.9914552021670986,89.96472085488809,20.362030029296875,82.2823257446289,167.51849365234375,1.1390918493270874,0.5210273265838623,0.27824199199676514,3.8618698120117188,0.5391820073127747,0.28654059767723083,0.0,0.0,5.414303595955308,3.4005485676430367,0.3719324180152408,0.5996157285329458,0.4314623692551175,0.040771473199129105,0.5295159446226584,0.38134339210149404,0.041412004546539205,115.14188846127017,174.23351785473278,0.34868405772801236,58.89728797661079,115.14188798533412,142.29799191396725,168.52859394230532,202.49151383321234,98.77993992396763,89.38785795463149,189.8550096594769,0.49768121301277324,0.8252372630539823,-0.00996150897142081,-0.2700430665507641,0.8286097527785808,0.7145667320665909,0.6953710166093846,0.5777286917564504,0.9375708119178372,0.983346126837866,0.9954119845813617,0.4375708119178372,0.183346126837866,0.04541198458136175,2.6469319722912933e-05,0.0,0.6373626373626373,0.3626373626373626,0.7875457875457874,0.5099897107088959,0.48939872021367264,0.4824781383868757
256,8.595474996850194e-06,8.595474996850194e-06,1.0,9.126972778423413,5.031334000664788,3.2505376016771472,3.2505376016771472,3.2496646094966577,0.0,0.0,0.31648861959173874,1.4770717040912524,0.09437332020418064,1.5410650034208555,0.08358442249733049,0.015275169774336187,0.5941733387676446,0.0,0.0,0.0,0.0,0.968954179738019,92.69450893917599,20.44172477722168,85.22650909423828,172.8361053466797,1.1421833038330078,0.5279932022094727,0.25,3.85076904296875,0.5404648184776306,0.28900083899497986,1.298377547416748e-06,0.0,4.306619739210284,2.9589558582048157,0.3129284595840804,0.6011393424626943,0.4320301252442437,0.04109294823295361,0.5297316812180184,0.3807500794127181,0.04159043004383912,,,,,,,,,,,,,,,,,,,,,,,,,,,,,,,,,
257,8.584811695820044e-06,8.584811695820044e-06,1.0,9.160394204629434,5.05010242719908,3.259997818921063,3.259997818921063,3.259167310353872,0.0,0.0,0.31778032231975245,1.4818354039578825,0.09430986662974229,1.5561250351570748,0.08511864383881157,0.01588407394199355,0.5887765578321509,0.0,0.0,0.0,0.0,0.9704363732724577,94.23739149763777,20.723121643066406,86.56863403320312,176.2449951171875,1.1413766145706177,0.5296707153320312,0.25,3.8637008666992188,0.5408197641372681,0.2901357114315033,2.596755094833496e-06,0.0,4.505567505552962,2.8625635504722595,0.36466082309403974,0.6019804606566558,0.4305368516896222,0.040867632708034,0.5307334806468036,0.3800132145752778,0.041453620972665584,,,,,,,,,,,,,,,,,,,,,,,,,,,,,,,,,
258,8.574115149927546e-06,8.574115149927546e-06,1.0,9.365097973797772,5.2478316023543075,3.266323630874221,3.266323630874221,3.2658975253234037,0.0,0.0,0.31648144448125687,1.5005651261355426,0.0961353478802217,1.5446238098917782,0.08323071836619764,0.016897099495336815,0.5980149918311352,0.0,0.0,0.0,0.0,0.966084897518158,97.64247275687553,22.145986557006836,90.01713562011719,181.1306915283203,1.1416288614273071,0.5242878794670105,0.25,3.8532867431640625,0.5423506498336792,0.29082050919532776,3.2459438685418703e-06,0.0,5.141993612856479,3.195811577745386,0.37848783597184404,0.6044166088104248,0.42880139882500107,0.04073363270711254,0.5325314950298619,0.3783631775830243,0.0413602431480949,,,,,,,,,,,,,,,,,,,,,,,,,,,,,,,,,
259,8.563385465806964e-06,8.563385465806964e-06,1.0,9.16184324831576,5.0416373691043335,3.270071654706388,3.270071654706388,3.2691763736106254,0.0,0.0,0.3162432522387118,1.5045575870049965,0.09520553716936626,1.5345010306384113,0.08461061160306672,0.015553006222723303,0.600843192757787,0.0,0.0,0.0,0.0,0.9902832346993524,102.21715195114548,23.07320213317871,94.33715057373047,189.08326721191406,1.1338489055633545,0.5209189057350159,0.25,3.8444747924804688,0.5403820276260376,0.28726670145988464,1.298377547416748e-06,0.0,4.6772298410132125,2.9925839884861096,0.3601802583561221,0.6030377922831355,0.42401074960425095,0.04011345251991942,0.5357923266049978,0.3763078394773844,0.040768839016154,,,,,,,,,,,,,,,,,,,,,,,,,,,,,,,,,
260,8.55262275042292e-06,8.55262275042292e-06,1.0,9.093843047683304,4.980848003078151,3.2735652601396716,3.2735652601396716,3.2727701663970947,0.0,0.0,0.31584299818889516,1.481968264322023,0.09497831036915651,1.5204081825307898,0.07871968862978188,0.014220652447358982,0.600840011158505,0.0,0.0,0.0,0.0,0.9792623825975366,98.67692112278294,21.548635482788086,91.0782241821289,183.2657928466797,1.140829086303711,0.5261399149894714,0.25,3.8987197875976562,0.5449684262275696,0.29168501496315,1.298377547416748e-06,0.0,4.401831464187519,2.8635487427582613,0.3494642477669669,0.6091854765608504,0.42338386339110295,0.04038009903318173,0.5377420267543277,0.3736715743670592,0.041094189056673565,135.5164392911471,198.24826637696196,0.41308236718768765,90.96042461185665,135.5164391936996,159.14126572042457,183.9808198553448,217.5836750157438,120.82745797293526,106.80026463944783,218.28186101498812,0.4938796090823377,0.8220313016314089,0.0032944728278312355,-0.25977652630702425,0.8236492278319235,0.7250657872731162,0.7057697563981825,0.5879786539816007,0.9329480230791708,0.9820678143971301,0.9951182270330643,0.4329480230791708,0.18206781439713005,0.04511822703306434,2.1798263301222416e-05,5.190062690767241e-07,0.6978021978021978,0.3021978021978022,0.804945054945055,0.5383732756906814,0.5155126629704303,0.507333266047331
261,8.541827111069327e-06,8.541827111069327e-06,1.0,9.018265517982277,4.93183489103575,3.242737853849256,3.242737853849256,3.242067768767073,0.0,0.0,0.31526569579098673,1.4797023341462419,0.09514574867648047,1.5290273009119808,0.08503136753633216,0.016360611875063262,0.5965937682100244,0.0,0.0,0.0,0.0,0.9884203205237517,99.80298408302102,22.016603469848633,90.72313690185547,186.88038635253906,1.1441152095794678,0.5301119685173035,0.26031315326690674,3.8403549194335938,0.545988917350769,0.29574546217918396,0.0,0.0,4.5975753519986124,3.0013475901371724,0.34718903762339504,0.6100290965389561,0.4253303537497649,0.04071517822307509,0.5363369632411648,0.37449053815893224,0.041375140986732534,,,,,,,,,,,,,,,,,,,,,,,,,,,,,,,,,
262,8.530998655368314e-06,8.530998655368314e-06,1.0,8.947092107824377,4.853514142938562,3.251442844803269,3.251442844803269,3.2509183045980095,0.0,0.0,0.31692528160842687,1.4826794121716473,0.09471894981893333,1.5234447105510815,0.08200618634755547,0.016302192589972873,0.5905467110711176,0.0,0.0,0.0,0.0,0.9808264825795148,103.461050497519,22.98324966430664,94.70636749267578,193.56724548339844,1.140032172203064,0.5244920253753662,0.25,3.8267364501953125,0.5440580248832703,0.2913687825202942,3.2459438685418703e-06,0.0,4.905317677033914,2.987150365436399,0.39103834611530575,0.6077923774719238,0.42420674014735865,0.04037154194068264,0.5365190989262348,0.3747927167931119,0.04113761758482134,,,,,,,,,,,,,,,,,,,,,,,,,,,,,,,,,
263,8.520137491269163e-06,8.520137491269163e-06,1.0,9.190697979282689,5.080110150414544,3.2673140345393,3.2673140345393,3.266848190410717,0.0,0.0,0.31501699138332057,1.4901082515716553,0.0951472758441358,1.5238278330983341,0.08357426675187575,0.015262683136136952,0.5877393766029461,0.0,0.0,0.0,0.0,0.9860399462081291,104.8478956480284,22.848976135253906,95.8227310180664,196.61549377441406,1.138792634010315,0.5189560055732727,0.2787116765975952,3.8290252685546875,0.5443426966667175,0.29006102681159973,0.0,0.0,4.503914085594383,2.863638109452016,0.3641890020479597,0.6085505469425304,0.4226170351376405,0.04036363727740339,0.5376216221500087,0.3735876566654927,0.04118655863645915,,,,,,,,,,,,,,,,,,,,,,,,,,,,,,,,,
264,8.509243727047224e-06,8.509243727047224e-06,1.0,9.15839958190918,5.029579433234963,3.280689812995292,3.280689812995292,3.2801979619103507,0.0,0.0,0.31734489508577296,1.49493032210582,0.09482081113634883,1.5374542796933972,0.08473609760403633,0.014869751956162823,0.5780057375495499,0.0,0.0,0.0,0.0,0.9564190458607029,109.16768336940456,25.24216079711914,99.63988494873047,202.8567352294922,1.1375601291656494,0.5202422142028809,0.294914186000824,3.8143768310546875,0.5456712245941162,0.2928237318992615,0.0,0.0,4.302804328299858,2.847330363215627,0.33826171353214285,0.6112222462087065,0.41884640664667694,0.04012709181453731,0.5405496262215279,0.3710614934160903,0.04097847580104261,,,,,,,,,,,,,,,,,,,,,,,,,,,,,,,,,
265,8.498317471302841e-06,8.498317471302841e-06,1.0,9.109043739937448,5.001159964381038,3.265827546248565,3.265827546248565,3.2651625452814876,0.0,0.0,0.31586795239835175,1.4870264626838066,0.0947542186524417,1.5216600218334713,0.08210702995593483,0.015711487981969037,0.5899896299516832,0.0,0.0,0.0,0.0,0.9820187091827393,105.32119359196844,22.893646240234375,96.1977767944336,197.38502502441406,1.1417278051376343,0.5280876755714417,0.25,3.8442459106445312,0.5495771169662476,0.29702892899513245,1.298377547416748e-06,0.0,4.776435760227409,2.8723709551063745,0.3986371639237499,0.6168758031484243,0.4166057423965351,0.04028890271847312,0.5441712463224256,0.36751847653775604,0.040935419097140026,150.90933424561888,216.65356240260797,0.4552824023199765,111.0983303615025,150.90933111173646,173.61359976566305,198.83949800928818,230.9259661576576,122.83898816789899,120.04636424456456,241.7314114777938,0.4929305006253196,0.8163225477447797,0.024734058719056207,-0.2438857168969171,0.816724999966378,0.7312866619718105,0.7173525630597636,0.5975251941538834,0.929730184210895,0.9810116366395589,0.9947943671211604,0.42973018421089504,0.18101163663955888,0.04479436712116047,1.9722238224915518e-05,2.0760250763068966e-06,0.7252747252747253,0.27472527472527475,0.8186813186813187,0.5560588622977446,0.532252879178786,0.5233014987802113
266,8.48735883296026e-06,8.48735883296026e-06,1.0,9.08729955312368,4.991432486353694,3.2576373783317774,3.2576373783317774,3.2570141135035335,0.0,0.0,0.31625394885604446,1.4613117366223722,0.09362097930263828,1.5304826433594163,0.08255198255584047,0.014514018466847169,0.5785736328846699,0.0,0.0,0.0,0.0,0.9497397477562363,106.64009321058118,23.254167556762695,96.95226287841797,200.49337768554688,1.1436481475830078,0.5327621102333069,0.25,3.8382949829101562,0.5509960055351257,0.301070898771286,1.947566321125122e-06,0.0,4.2718474123929,2.752679341548198,0.35562320565044037,0.6188465276279965,0.41611938782640406,0.04038266203290707,0.5446156343898257,0.3668316610761591,0.04104286230899192,,,,,,,,,,,,,,,,,,,,,,,,,,,,,,,,,
267,8.476367921266563e-06,8.476367921266563e-06,1.0,9.058905627276447,4.967484229319805,3.2521420233958476,3.2521420233958476,3.251288310901539,0.0,0.0,0.31397580617182963,1.4791474181252557,0.09447330377391867,1.520887996699359,0.08212632293234,0.01610335423233541,0.5871685872206817,0.0,0.0,0.0,0.0,0.9842063188552856,112.67864371634819,25.14375114440918,103.20514678955078,209.2960968017578,1.1402710676193237,0.5365307331085205,0.2910712957382202,3.8590087890625,0.5502358675003052,0.30125778913497925,0.0,0.0,4.662929932813387,2.955835129763629,0.36609917533540526,0.6185313269898698,0.41336191667092814,0.04019518367744781,0.5467643673355514,0.36494770646095276,0.04091047415056744,,,,,,,,,,,,,,,,,,,,,,,,,,,,,,,,,
268,8.465344845790554e-06,8.465344845790554e-06,1.0,9.169455914884,5.062726523425128,3.2657001856211068,3.2657001856211068,3.26486916799803,0.0,0.0,0.31520219992946935,1.4741702337522764,0.09358133516601615,1.534561527741922,0.08251638368174836,0.014655998838763382,0.5773412601367848,0.0,0.0,0.0,0.0,0.9630685674177634,112.64554760907147,24.03923988342285,102.00276947021484,212.592041015625,1.142837643623352,0.5346341133117676,0.25,3.829254150390625,0.5516947507858276,0.3017079532146454,1.298377547416748e-06,0.0,4.135206517335531,2.6636972008524715,0.35584905138696876,0.6204135691797411,0.4134362694379446,0.04036796757498303,0.5468184142499357,0.36472792722083425,0.040985286839910456,,,,,,,,,,,,,,,,,,,,,,,,,,,,,,,,,
269,8.454289716421686e-06,8.454289716421686e-06,1.0,9.076328999287373,4.959411543768805,3.287253205840652,3.287253205840652,3.286469543302381,0.0,0.0,0.31543270397830653,1.4474725143329517,0.09276958494573026,1.5069242586960663,0.08167004494650944,0.01472970295219204,0.574939106767242,0.0,0.0,0.0,0.0,0.9551002834294293,115.35019869417758,24.322608947753906,104.83039093017578,216.7850341796875,1.1403895616531372,0.5318678617477417,0.25,3.853515625,0.5513733625411987,0.30065488815307617,2.596755094833496e-06,0.0,4.3599299289084765,2.798044544619483,0.3582363500690519,0.6203578726665394,0.41202853982513016,0.04000879038830061,0.5480207237037452,0.3640127383373879,0.04074126451804831,,,,,,,,,,,,,,,,,,,,,,,,,,,,,,,,,
270,8.443202643368959e-06,8.443202643368959e-06,1.0,9.1818377520587,5.0468004072034685,3.3009821917559647,3.3009821917559647,3.3001641260611043,0.0,0.0,0.3169185511163763,1.45089861186775,0.09290379748956577,1.5225607350065902,0.08275834340098742,0.014638703215766597,0.5607763303292764,0.0,0.0,0.0,0.0,0.924562264133144,115.90154369457348,23.482372283935547,104.42169952392578,220.19891357421875,1.1432610750198364,0.5352354049682617,0.25776249170303345,3.8674774169921875,0.5514741539955139,0.30081239342689514,0.0,0.0,4.013420554431709,2.4319699148874023,0.39404059905908284,0.6200503545838434,0.4137446968942075,0.040364738553762436,0.5464555701693973,0.3650009269649918,0.041018282541552105,135.57934817639025,198.3911198322348,0.39930736689995217,90.51292205642868,135.57934644705995,158.1480925073062,183.05320957802337,216.45152626323662,103.33196040562221,106.59909530757933,221.75726849099865,0.48445101477034785,0.8232159374380383,0.012554393901758387,-0.2580060274764542,0.8233397787015964,0.7335220572874702,0.7153374426562014,0.5852465833847459,0.9333549239941269,0.9821928949079776,0.9951042138637992,0.4333549239941269,0.18219289490797752,0.04510421386379926,1.7127206879531898e-05,2.595031345383621e-06,0.6978021978021978,0.3021978021978022,0.7930402930402929,0.5323371280107524,0.5096568515995047,0.5015385814911717
271,8.432083737159813e-06,8.432083737159813e-06,1.0,9.18479787981188,5.052843957333951,3.29111876358857,3.29111876358857,3.2904885266278243,0.0,0.0,0.316611442211512,1.4953608641753326,0.09487146501605576,1.5084415448678505,0.08092104995975623,0.014885574591824331,0.5917638902728622,0.0,0.0,0.0,0.0,0.9962805992848164,123.1617155332823,26.922672271728516,112.46659851074219,229.86680603027344,1.1415045261383057,0.5392143130302429,0.25,3.8282363414764404,0.5517248511314392,0.30107012391090393,1.298377547416748e-06,0.0,4.224305884258167,2.6517338398340584,0.3722675600467955,0.6205300575978047,0.4133279114156156,0.03965875546674471,0.5484491812216269,0.3643520780511805,0.0403642009037572,,,,,,,,,,,,,,,,,,,,,,,,,,,,,,,,,
272,8.420933108639043e-06,8.420933108639043e-06,1.0,9.11265855222135,4.99391728478509,3.2751407623291016,3.2751407623291016,3.274315763164211,0.0,0.0,0.31495265139115824,1.4830520443014197,0.09450627641903388,1.535269721134289,0.08334117000167435,0.015264563249877176,0.5809760246727917,0.0,0.0,0.0,0.0,0.9881809788781244,121.72678127804318,25.992616653442383,109.86131286621094,229.86680603027344,1.1403523683547974,0.5414248108863831,0.27527403831481934,3.8459625244140625,0.5521628260612488,0.30362915992736816,0.0,0.0,4.702270751063888,2.8085585542627283,0.40272291772495394,0.6216825230701549,0.410917934533712,0.03973417276063481,0.5499213982272793,0.3627131831001591,0.040441764468276825,,,,,,,,,,,,,,,,,,,,,,,,,,,,,,,,,
273,8.40975086896768e-06,8.40975086896768e-06,1.0,9.097621995049554,5.020277577477533,3.2315213358080066,3.2315213358080066,3.2308049395277694,0.0,0.0,0.3149292879813426,1.4973308717882312,0.09448394843855419,1.5274074045387473,0.08438859759150324,0.016347823872205777,0.5863190116109075,0.0,0.0,0.0,0.0,0.999630149957296,123.83406108134501,26.713157653808594,111.59137725830078,233.48666381835938,1.1414499282836914,0.5420397520065308,0.2597966492176056,3.86083984375,0.5544370412826538,0.3073646128177643,0.0,0.0,4.803311178007641,2.976052202082969,0.3804165310569361,0.6252730617652068,0.4084192917153642,0.03964475481896787,0.5521167677802008,0.36042777509302704,0.04047145432717091,,,,,,,,,,,,,,,,,,,,,,,,,,,,,,,,,
274,8.39853712962189e-06,8.39853712962189e-06,1.0,9.052126781360522,4.968801356650688,3.2476192100628003,3.2476192100628003,3.2468781149065173,0.0,0.0,0.316232312369991,1.469921257044818,0.09357211094450306,1.5132522164164364,0.08139106027177863,0.015075443583112713,0.5728330225557894,0.0,0.0,0.0,0.0,0.9653906757767136,127.4433076188371,27.240026473999023,114.23768615722656,241.84120178222656,1.143625259399414,0.5486192107200623,0.25,3.8737716674804688,0.5552476048469543,0.31087708473205566,1.298377547416748e-06,0.0,4.472315991247022,2.624747052386,0.41311234324161916,0.6260957991754686,0.4093749112374074,0.03977644050846229,0.5517141867328335,0.3605642729514354,0.04060348546182787,,,,,,,,,,,,,,,,,,,,,,,,,,,,,,,,,
275,8.387292002391858e-06,8.387292002391858e-06,1.0,9.226243096428949,5.151628752012511,3.235904461628682,3.235904461628682,3.235386893555925,0.0,0.0,0.3138215002175924,1.481095468675768,0.0936758582656448,1.52293260999628,0.0812497825638668,0.016444312987496722,0.5706903459252538,0.0,0.0,0.0,0.0,0.9865129090644218,129.15301080652185,26.55709457397461,115.58428955078125,246.611083984375,1.1479835510253906,0.5485571622848511,0.33243006467819214,3.8737716674804688,0.5575379133224487,0.31162479519844055,0.0,0.0,4.703874472830747,2.792862620708105,0.4062633608019334,0.6289424396849967,0.40991779114748983,0.04014514285970379,0.5522399174200522,0.3598395553795067,0.040698360752415015,124.03051979987175,188.38747884262142,0.34885110236576344,70.74920666872801,124.03051957948568,148.96032676799655,173.09823917860805,206.69596576111678,84.40677751813617,94.19481268594431,213.72992009701937,0.47461459873787204,0.8268181136135956,0.011812362331431046,-0.2731065722757801,0.8246825536749373,0.7230311843617264,0.7045248824961884,0.5794941855160668,0.9370149562036559,0.9833622160322074,0.9953149304090444,0.43701495620365594,0.18336221603220737,0.04531493040904444,2.854534479921983e-05,4.671056421690518e-06,0.6263736263736264,0.37362637362637363,0.7591575091575092,0.5169796269018572,0.49468840871538433,0.48715670386349763
276,8.37601559938068e-06,8.37601559938068e-06,1.0,9.20939319198196,5.123107923043741,3.247967056325964,3.247967056325964,3.247394130036638,0.0,0.0,0.3167751012621699,1.47561074914159,0.09366238338721765,1.5201658654857326,0.08195571802757881,0.014322846876205626,0.5656578629403501,0.0,0.0,0.0,0.0,0.9679100706770614,135.20264207994614,28.715063095092773,121.60538482666016,255.43521118164062,1.144871711730957,0.5497936606407166,0.2901810109615326,3.8370361328125,0.55535489320755,0.3102763891220093,0.0,0.0,4.13202036957483,2.646688475802138,0.3594686765606452,0.6261502004958488,0.4097067439878309,0.0398952860284496,0.5515862187823733,0.36038732528686523,0.04073572662231084,,,,,,,,,,,,,,,,,,,,,,,,,,,,,,,,,
277,8.364708033003236e-06,8.364708033003236e-06,1.0,9.214268787487134,5.115293077520422,3.2519600455825395,3.2519600455825395,3.251526723036895,0.0,0.0,0.3152682410704123,1.4945307293453731,0.09370998856989113,1.5400535093771446,0.0844275788278193,0.018347981876718836,0.5625503498154718,0.0,0.0,0.0,0.0,1.0085931645857322,133.44664826264253,28.049880981445312,118.32528686523438,256.4349670410156,1.1465919017791748,0.5452560782432556,0.3648216724395752,3.8485946655273438,0.5571659207344055,0.31111735105514526,0.0,0.0,5.730529295431601,3.1426845837283777,0.4515891252429793,0.6286491397264842,0.4091451917145703,0.040033275513230146,0.5524964525892928,0.3593905584232227,0.04078267182450037,,,,,,,,,,,,,,,,,,,,,,,,,,,,,,,,,
278,8.353369415985076e-06,8.353369415985076e-06,1.0,9.071166605562777,4.995765183423017,3.241814490911123,3.241814490911123,3.2413279365848853,0.0,0.0,0.31624277379061727,1.46983882543203,0.09420028530262611,1.5094622051393665,0.07831131193686176,0.01516635705893104,0.5750952604654673,0.0,0.0,0.0,0.0,0.9701785525760135,129.16190688674516,26.401939392089844,116.03666687011719,245.64962768554688,1.1485316753387451,0.5462998151779175,0.25,3.8355484008789062,0.5581271052360535,0.31081104278564453,1.947566321125122e-06,0.0,4.908573777289004,3.0333857665190824,0.3820229858713837,0.6298784774702948,0.4092918755234899,0.03998172565086468,0.5527276155110952,0.3591422019778071,0.040789033613494924,,,,,,,,,,,,,,,,,,,,,,,,,,,,,,,,,
279,8.341999861361302e-06,8.341999861361302e-06,1.0,9.222624108598039,5.161165121439341,3.2208072817003406,3.2208072817003406,3.2200346572979077,0.0,0.0,0.31413829084989187,1.483613507167713,0.09248716504992666,1.524677953204593,0.08386390354182269,0.01630907627829426,0.5659450791977547,0.0,0.0,0.0,0.0,1.0026542189958934,135.65059084505648,27.831594467163086,121.13129425048828,259.45770263671875,1.1406136751174927,0.5361716151237488,0.27318859100341797,3.8231887817382812,0.5547921657562256,0.3061296045780182,0.0,0.0,5.0899160133825765,2.9970875124673584,0.4111715194146001,0.6261945157437712,0.4064680466780791,0.03989909337581815,0.5535256910968471,0.35858512246930924,0.04067908922159994,,,,,,,,,,,,,,,,,,,,,,,,,,,,,,,,,
280,8.330599482475425e-06,8.330599482475425e-06,1.0,9.051438666678763,4.967870441642967,3.241996533161885,3.241996533161885,3.2414428801149935,0.0,0.0,0.3168376120361122,1.4733409494967074,0.09320055049013447,1.527448338431281,0.08588468686148927,0.017423472379812517,0.5623818668159278,0.0,0.0,0.0,0.0,0.9844294158188073,130.92287898708034,26.661033630371094,116.4908218383789,251.47503662109375,1.1417896747589111,0.5401155352592468,0.25,3.8231887817382812,0.5564620494842529,0.31050124764442444,1.947566321125122e-06,0.0,5.691006124019623,3.6451986593169137,0.35948080534795346,0.628783913883003,0.4048458724408536,0.03977337308429383,0.5546480240048589,0.35735082787436406,0.04072518485623437,117.41582491109659,179.01862261868027,0.3615039559521221,65.9214058970357,117.41582589168144,141.89763906516404,167.2319142773463,201.91735452992864,110.88892037527901,93.07387397825256,186.67234669560972,0.4935506658758721,0.8310588685137218,0.007000466766808337,-0.2775499811957937,0.8288896342729679,0.7294783035526458,0.7093724373197028,0.573695920811613,0.9367948975455674,0.9830658634525646,0.9952121671677672,0.43679489754556744,0.1830658634525646,0.045212167167767214,3.0102363606450004e-05,9.342112843381035e-06,0.6153846153846154,0.38461538461538464,0.7454212454212455,0.512596291582008,0.4919093833765486,0.4850964988325978
281,8.319168392978246e-06,8.319168392978246e-06,1.0,8.980322476979849,4.912023466986579,3.2353611894555994,3.2353611894555994,3.234851038133776,0.0,0.0,0.3159036330274633,1.4595604265058362,0.09308660352552259,1.5109777611655157,0.08253616849715645,0.015562172154770107,0.5593474821464436,0.0,0.0,0.0,0.0,0.9705969417417372,139.69773349246464,29.39602279663086,124.48916625976562,266.650146484375,1.1426101922988892,0.5341753363609314,0.2892034947872162,3.8218154907226562,0.5568358898162842,0.30737727880477905,0.0,0.0,4.647913468850626,2.8228677035988987,0.39265915286134606,0.6291080890475093,0.40558506266490835,0.03959867328002646,0.5548531509734489,0.35745146709519465,0.04056271528070037,,,,,,,,,,,,,,,,,,,,,,,,,,,,,,,,,
282,8.30770670682673e-06,8.30770670682673e-06,1.0,8.93255024987298,4.851463279208621,3.244358610462498,3.244358610462498,3.243688982886237,0.0,0.0,0.31649100055565704,1.4541481797759597,0.09233873961745082,1.5212539595526617,0.08725301266924755,0.017563478190552543,0.5581547086303299,0.0,0.0,0.0,0.0,0.9746378966279932,142.90078859071474,28.436010360717773,126.94451141357422,275.1145324707031,1.1434555053710938,0.5356670618057251,0.25,3.8388671875,0.556973397731781,0.30868983268737793,1.298377547416748e-06,0.0,5.6651687879820125,3.2646598606496244,0.423731227995322,0.6292295504260708,0.4057396094541292,0.03987065108643996,0.5542520107449712,0.35775154265197545,0.040704125890860685,,,,,,,,,,,,,,,,,,,,,,,,,,,,,,,,,
283,8.296214538282847e-06,8.296214538282847e-06,1.0,8.99821036570781,4.899776497402707,3.258403964944788,3.258403964944788,3.257862664557792,0.0,0.0,0.3146060165521261,1.4879839742505871,0.09391523454640363,1.5121057581257176,0.08399772080215248,0.016908559967084107,0.5756475691859787,0.0,0.0,0.0,0.0,1.00364097389015,142.18741731385927,29.684497833251953,126.44959259033203,271.90936279296875,1.139407753944397,0.5336485505104065,0.25,3.816436767578125,0.5557459592819214,0.30538108944892883,1.298377547416748e-06,0.0,4.897180909240568,2.968236180576118,0.39388880345929095,0.6280895648775874,0.4039698396180127,0.039317440342258765,0.5561060615488,0.35668976967399185,0.04031319745086335,,,,,,,,,,,,,,,,,,,,,,,,,,,,,,,,,
284,8.284692001912458e-06,8.284692001912458e-06,1.0,9.115092277526855,5.053984951328587,3.2220542688627503,3.2220542688627503,3.2217247228364685,0.0,0.0,0.31267622113227844,1.4861067114649593,0.09418117375792684,1.5232300242862187,0.08265256740756936,0.015909243337306624,0.5543354330836116,0.0,0.0,0.0,0.0,1.0032629773423478,135.09288911561708,27.561124801635742,119.25332641601562,260.47320556640625,1.1441329717636108,0.5378071665763855,0.26415175199508667,3.8286819458007812,0.5589204430580139,0.31058409810066223,0.0,0.0,4.3784451967961076,2.7853568486265234,0.3638479589364996,0.6322870866672413,0.4037672530960392,0.039497062463212655,0.5568028044056248,0.35528573152181264,0.04064142643599897,,,,,,,,,,,,,,,,,,,,,,,,,,,,,,,,,
285,8.273139212584157e-06,8.273139212584157e-06,1.0,9.057455501040897,4.958772678632994,3.2639782364304,3.2639782364304,3.263425382407936,0.0,0.0,0.3150533469947609,1.4637998729138761,0.092428081744426,1.5207198503855113,0.08241640625370515,0.015555128879920655,0.5497932353535214,0.0,0.0,0.0,0.0,0.9711441470159067,135.65697314288164,26.50527572631836,119.25332641601562,263.5435791015625,1.1393016576766968,0.5313584208488464,0.25,3.83612060546875,0.5566829442977905,0.30636507272720337,6.49188773708374e-07,0.0,5.1043029330872205,3.1363468266822196,0.3855484543537324,0.6297741854513014,0.40206641442066915,0.039347279514815356,0.5571182209092218,0.35556560754776,0.04036431517955419,107.08642020592323,165.63632021910306,0.3206063636857028,43.41242624639155,107.08642279967977,136.42030426502225,161.59418096624466,195.8844553251314,91.17801339285714,81.99500049916348,179.87233302904212,0.5140679405505768,0.8264448537779745,0.01052959914827312,-0.28452411526756755,0.8211383753766037,0.72049069449609,0.704573361522567,0.5715341451062631,0.9402494032725421,0.98410283797818,0.9953844772491007,0.44024940327254214,0.18410283797817995,0.045384477249100774,2.0241244493992243e-05,2.4393294646606035e-05,0.5879120879120879,0.41208791208791207,0.7353479853479853,0.49738889289917526,0.47819896566343834,0.47199516321767815
286,8.261556285468133e-06,8.261556285468133e-06,1.0,9.305996224686906,5.215103909776017,3.2400571075645654,3.2400571075645654,3.2395898586994893,0.0,0.0,0.31633626367594747,1.5052507374737714,0.09335947217973503,1.5446227047894452,0.08565153171484535,0.01739740385548086,0.5584183947460072,0.0,0.0,0.0,0.0,1.018707565359167,139.07896196520005,26.922672271728516,122.08133697509766,271.90936279296875,1.1434236764907837,0.5356946587562561,0.2858492136001587,3.8499679565429688,0.560379683971405,0.31052711606025696,0.0,0.0,5.010463282868669,3.0498057732710966,0.3913126189949896,0.6349890892570084,0.4005236118226438,0.039470505573459574,0.5600366028579505,0.35255511386974436,0.04039627333750596,,,,,,,,,,,,,,,,,,,,,,,,,,,,,,,,,
287,8.249943336035022e-06,8.249943336035022e-06,1.0,9.004816467697555,4.92635339015239,3.24072392566784,3.24072392566784,3.2402129946528255,0.0,0.0,0.31560046125102686,1.4768720929687087,0.09352761728538049,1.5112082732690346,0.08480064570903778,0.016910573895517235,0.5606624476007513,0.0,0.0,0.0,0.0,1.0012518618557904,141.34520927635398,28.547304153442383,124.48916625976562,272.97357177734375,1.1408629417419434,0.5288422107696533,0.25,3.8511123657226562,0.5608706474304199,0.3084675371646881,1.947566321125122e-06,0.0,4.856475242086359,2.9535740839468465,0.39182762462143617,0.6364066198065474,0.3974571139425845,0.039010634192743816,0.5623820552954802,0.35066037484117457,0.0401622656028013,,,,,,,,,,,,,,,,,,,,,,,,,,,,,,,,,
288,8.238300480054746e-06,8.238300480054746e-06,1.0,8.986833082663047,4.892083515992036,3.2620398933823043,3.2620398933823043,3.26151561092686,0.0,0.0,0.31547178851591573,1.458151582125071,0.0921927567672085,1.5154439468641538,0.0825654158519732,0.015975042661601626,0.547136557263297,0.0,0.0,0.0,0.0,0.9928548770981867,135.79869615709458,25.74001693725586,118.78840637207031,265.610595703125,1.1422806978225708,0.5349778532981873,0.25,3.8195266723632812,0.562001645565033,0.3123508095741272,1.298377547416748e-06,0.0,4.937300095687041,3.0331762642473787,0.3856609471850824,0.6381754182480477,0.3962098931944048,0.03923072706203203,0.5632660662805712,0.34947440189284246,0.04030693624470685,,,,,,,,,,,,,,,,,,,,,,,,,,,,,,,,,
289,8.226627833595373e-06,8.226627833595373e-06,1.0,9.128948366319811,5.065174979132575,3.2325541844239107,3.2325541844239107,3.2319084760305046,0.0,0.0,0.314852102382763,1.4584789276123047,0.0917230216232506,1.5134711394438873,0.0816412567085511,0.015058341209550161,0.5430282523503175,0.0,0.0,0.0,0.0,0.975628413058616,138.14617569382125,25.891281127929688,120.65904998779297,270.8492736816406,1.1427234411239624,0.5393581986427307,0.25,3.8257064819335938,0.5627244710922241,0.3149378299713135,1.298377547416748e-06,0.0,4.775219023227692,2.9621718380902267,0.3796783302123764,0.6391419140068261,0.39615383260958903,0.03916446018863369,0.5639327039589753,0.34907370080819,0.04017605028442434,,,,,,,,,,,,,,,,,,,,,,,,,,,,,,,,,
290,8.214925513021952e-06,8.214925513021952e-06,1.0,8.97137873881572,4.889311017216863,3.241502117466282,3.241502117466282,3.241065766360309,0.0,0.0,0.3161358398360175,1.476446583464339,0.09258033576849345,1.5245115531457436,0.0855110031930176,0.017176063366334985,0.5543174969183432,0.0,0.0,0.0,0.0,1.0256456861624847,144.30654103047138,27.45367431640625,126.44959259033203,283.8476257324219,1.1419873237609863,0.5444146394729614,0.3169265389442444,3.8427581787109375,0.5649474263191223,0.31901654601097107,0.0,0.0,5.083951613387546,3.3398109899984822,0.3430679038715133,0.643207717586208,0.391474416127076,0.03888801475231712,0.5681830274092184,0.34515232250497146,0.04001281621891099,102.65235823327369,164.1288518955633,0.3190651103194568,28.27567494570554,102.6523567908385,130.52560665618847,155.27650957151812,189.59180375548917,112.59598868233817,77.94409744499265,170.42975450598675,0.5166278863062568,0.830623131915764,0.007462329854281043,-0.29260541684269686,0.8274863707094577,0.7193470017163741,0.701127751172188,0.5649001093144141,0.9416725184623506,0.9840057838058626,0.995237598474952,0.44167251846235056,0.18400578380586252,0.04523759847495201,2.231726957029914e-05,4.5672551678751725e-05,0.5274725274725275,0.4725274725274725,0.7152014652014651,0.4865232942687286,0.46806676468842634,0.4624518714435808
291,8.203193634995353e-06,8.203193634995353e-06,1.0,8.984707291061813,4.903106934315449,3.244523692775417,3.244523692775417,3.2439706583280823,0.0,0.0,0.317076423683682,1.459570372426832,0.09280959557037095,1.5217624580537952,0.08528940792422036,0.0181627699576721,0.5524343074979009,0.0,0.0,0.0,0.0,1.0199313163757324,145.14315362878747,27.028043746948242,126.94451141357422,286.0738525390625,1.146512508392334,0.5552383065223694,0.25,3.8560333251953125,0.5682057738304138,0.3257136940956116,1.947566321125122e-06,0.0,5.966326678121412,3.7492111937419788,0.37160477526475727,0.6476636657843718,0.39063129231736465,0.03919503354542964,0.5698980882361129,0.34345980995410197,0.0400072833573496,,,,,,,,,,,,,,,,,,,,,,,,,,,,,,,,,
292,8.191432316471106e-06,8.191432316471106e-06,1.0,8.971914420256743,4.910479880668022,3.23047120506699,3.23047120506699,3.229790687561035,0.0,0.0,0.31618019052453944,1.4489410052428375,0.0913275766211587,1.5094853832915023,0.08474669444399911,0.015786044677165715,0.5462791774723981,0.0,0.0,0.0,0.0,0.9856813324464334,155.64281443003063,29.74253273010254,136.1915740966797,305.7159118652344,1.1484609842300415,0.5485818982124329,0.25,3.8524856567382812,0.570900559425354,0.3242844343185425,6.49188773708374e-07,0.0,4.66484048559859,2.8927634455062248,0.3798794504470549,0.6517691080634659,0.3882793123657639,0.0391622921703635,0.5727617805068558,0.34067937248461955,0.039948747266788744,,,,,,,,,,,,,,,,,,,,,,,,,,,,,,,,,
293,8.179641674698237e-06,8.179641674698237e-06,1.0,9.164332802231247,5.04087562818785,3.2954600952767037,3.2954600952767037,3.2949788570404053,0.0,0.0,0.3158347558330845,1.4553059017336047,0.0924820442860191,1.4999628131454055,0.08131931551002167,0.013763135557088095,0.5410742469736047,0.0,0.0,0.0,0.0,0.9540144350077655,167.9270976298564,33.76859664916992,148.99404907226562,325.4328918457031,1.1392991542816162,0.5371149778366089,0.3306865096092224,3.8578643798828125,0.5672708749771118,0.3186197280883789,0.0,0.0,4.488714517773809,2.707445787416922,0.3968327064026143,0.6481272884317346,0.3837754710300549,0.03875777568366077,0.5742999009183936,0.33923082416122025,0.03987907749172803,,,,,,,,,,,,,,,,,,,,,,,,,,,,,,,,,
294,8.167821827218091e-06,8.167821827218091e-06,1.0,9.179668503838617,5.116087578438424,3.2237676736470817,3.2237676736470817,3.2232075832985543,0.0,0.0,0.3156099553043778,1.4651438191130355,0.09120711946004145,1.5421613293725092,0.08491290229800585,0.01750334510202142,0.5268908626324421,0.0,0.0,0.0,0.0,0.9648378974682575,163.26393086201435,31.04838752746582,142.7275390625,322.90032958984375,1.1474562883377075,0.5519133806228638,0.25,3.83795166015625,0.5718675255775452,0.3298119902610779,1.947566321125122e-06,0.0,5.169887493591051,3.1161483582612632,0.39725025696898514,0.6537276184236681,0.3854750507586711,0.03896001484748479,0.5741450963793574,0.3391798138618469,0.03998006709121369,,,,,,,,,,,,,,,,,,,,,,,,,,,,,,,,,
295,8.15597289186317e-06,8.15597289186317e-06,1.0,9.002343280895337,4.927713858114706,3.235070885838689,3.235070885838689,3.234524649542731,0.0,0.0,0.3149631273102116,1.4852398279550914,0.09243153800835481,1.5250502824783325,0.08181599255751919,0.01645916161706319,0.5479782255920204,0.0,0.0,0.0,0.0,1.0276283686225478,157.6687098322688,30.26997184753418,136.724609375,311.74560546875,1.1464945077896118,0.5439144968986511,0.25,3.8204421997070312,0.5741329789161682,0.3277139365673065,1.947566321125122e-06,0.0,4.9777752676525635,3.197853231752241,0.35757380359593943,0.6576493092485376,0.3816408458593729,0.03863658061301386,0.5785836770727828,0.3353463169690725,0.039689364465507304,98.60760730701489,161.80913240510537,0.2862936605414909,23.68032537187849,98.60760438496663,125.27930171696097,149.99356169818162,184.9040435407383,77.86593736921039,72.57605657651443,174.76547108525816,0.5023124187398749,0.8311394416967001,0.02355131938734254,-0.2899986991821541,0.827709159628951,0.7094619582041932,0.6915639657767412,0.5643047783930959,0.9432798808776811,0.9843504039685296,0.9953678690484903,0.4432798808776811,0.18435040396852953,0.04536786904849033,3.114037614460345e-05,0.00011262436038964915,0.5164835164835165,0.4835164835164835,0.7216117216117217,0.47729310774049916,0.45898442289658953,0.45346918129003966
296,8.144094986755956e-06,8.144094986755956e-06,1.0,8.906505198092074,4.820367374935666,3.2597823271880277,3.2597823271880277,3.2592467681781665,0.0,0.0,0.3159335585864815,1.4448097203228925,0.09090967415957837,1.5042485675296269,0.08209806710884378,0.015422461176844867,0.522471672779805,0.0,0.0,0.0,0.0,0.9588558448327554,165.1899715114284,32.22222137451172,144.40997314453125,324.1641540527344,1.1439216136932373,0.5436800122261047,0.26146605610847473,3.8370361328125,0.5737293362617493,0.3285420835018158,0.0,0.0,4.541920438006118,2.9316563332403027,0.3545337543324985,0.6580440547015216,0.37777027648848455,0.03882166602321573,0.5801854294699591,0.33315596789927093,0.03995803894626128,,,,,,,,,,,,,,,,,,,,,,,,,,,,,,,,,
297,8.132188230307723e-06,8.132188230307723e-06,1.0,9.037098072670602,4.971938017252329,3.2342143316526673,3.2342143316526673,3.2335041986929403,0.0,0.0,0.3156483737198082,1.4555026776081808,0.09095900767558329,1.5135248222866573,0.08211067026934109,0.015654228262703965,0.5363318879862089,0.0,0.0,0.0,0.0,0.9827681103268185,166.52287622400232,31.537328720092773,145.54258728027344,329.2690124511719,1.1449106931686401,0.5359366536140442,0.25,3.8119735717773438,0.5754085183143616,0.3252618610858917,1.947566321125122e-06,0.0,4.484305818338652,3.0114752924120105,0.3284411424179577,0.660468531621469,0.37686786458298965,0.038763253169285285,0.582182302668288,0.3316118153365883,0.03974351437913405,,,,,,,,,,,,,,,,,,,,,,,,,,,,,,,,,
298,8.120252741217376e-06,8.120252741217376e-06,1.0,8.916242857237119,4.89593218468331,3.2001276080672807,3.2001276080672807,3.199291010160704,0.0,0.0,0.3129057900325672,1.4294984405105178,0.09072652942425496,1.4983446501396798,0.08134855138691696,0.01421762043232652,0.5256367358001502,0.0,0.0,0.0,0.0,0.9627373105770832,170.71128061655406,32.729644775390625,148.4131622314453,338.39666748046875,1.1454781293869019,0.5444707870483398,0.3110730051994324,3.8610687255859375,0.5762253403663635,0.33062806725502014,0.0,0.0,4.196299459483172,2.7804503070341573,0.3374042215336545,0.6618833123026667,0.3754165969990395,0.038839577722388344,0.5826832925951159,0.33068639926008275,0.039942713202656924,,,,,,,,,,,,,,,,,,,,,,,,,,,,,,,,,
299,8.10828863847025e-06,8.10828863847025e-06,1.0,9.075807726061022,4.997628340850005,3.248137209866498,3.248137209866498,3.2475959674732104,0.0,0.0,0.3158644027001149,1.4554270860311147,0.0919148736708873,1.5073759845785193,0.0828217462309309,0.01533559465629829,0.5329341437365558,0.0,0.0,0.0,0.0,0.9815363722878534,175.31688092205977,33.18019485473633,153.12429809570312,349.1385192871094,1.1457748413085938,0.5438239574432373,0.25,3.8349761962890625,0.5776352286338806,0.3310908377170563,1.947566321125122e-06,0.0,4.366567415160102,2.8075386672406584,0.35703759948986863,0.6642346446578568,0.37337044445244044,0.03875832007946195,0.5849561143565822,0.32877042245220495,0.03976800403482205,,,,,,,,,,,,,,,,,,,,,,,,,,,,,,,,,
300,8.096296041336929e-06,8.096296041336929e-06,1.0,9.170255274386019,5.080622660147177,3.2556389731329842,3.2556389731329842,3.2551524252504915,0.0,0.0,0.3159802338561496,1.478814949860444,0.09247983710185902,1.5027146532728866,0.08163829510276382,0.016141660933105928,0.5441834821894362,0.0,0.0,0.0,0.0,1.0139602551589142,183.11754587534313,36.65546417236328,160.47288513183594,361.6312255859375,1.1440939903259277,0.5400956273078918,0.25,3.83245849609375,0.5782047510147095,0.332276314496994,6.49188773708374e-07,0.0,5.608874754325764,3.4331986807488106,0.38789885117313316,0.6655186366390538,0.371185279375798,0.03864046377507416,0.5866937766204009,0.3269321717120506,0.03981039985208898,136.78189604622978,199.83414813204706,0.42094484585666847,95.31385134602641,136.78189403009793,163.04669411043884,186.87273856070388,218.76050617422337,125.51881299700055,109.74913571971331,214.3051061215608,0.4973796967733848,0.8182736436074751,0.0577253866497183,-0.26113386446187864,0.8079507339604586,0.7241044557397153,0.723983099534592,0.5892538509394836,0.935580941882197,0.983047698233147,0.9951421013214419,0.435580941882197,0.18304769823314693,0.04514210132144192,2.4393294646606035e-05,0.0003742035200043181,0.6978021978021978,0.3021978021978022,0.7637362637362637,0.534425190435006,0.5119402959205948,0.5035431538964366
301,8.084275069372068e-06,8.084275069372068e-06,1.0,8.918758018596753,4.847330132046261,3.244982500334044,3.244982500334044,3.244391389795252,0.0,0.0,0.3149092817628706,1.4487338388288342,0.09196555695018253,1.5024813445838723,0.08081066034532883,0.015544872133161974,0.5362811902084866,0.0,0.0,0.0,0.0,0.9755531919969095,181.50066973711992,35.25121307373047,159.84725952148438,358.8170166015625,1.1488096714019775,0.5469462275505066,0.2648801803588867,3.8578643798828125,0.5794333815574646,0.333056777715683,0.0,0.0,5.085653298609966,3.138620856645945,0.38284804874453254,0.6666036232097728,0.37330514031487544,0.03883052003141996,0.58567755286758,0.3277725762612111,0.03989004907575813,,,,,,,,,,,,,,,,,,,,,,,,,,,,,,,,,
302,8.07222584241318e-06,8.07222584241318e-06,1.0,8.92697677096805,4.861901605451429,3.235770502605954,3.235770502605954,3.2351053147702604,0.0,0.0,0.31526856084127686,1.4625697200362746,0.09126177792613571,1.5035394333504342,0.08109650237334741,0.013922591335014315,0.5337170805480029,0.0,0.0,0.0,0.0,0.9816700381201666,186.53621405524177,35.8763427734375,164.27838134765625,370.20709228515625,1.147843599319458,0.5560271143913269,0.2965453565120697,3.8554611206054688,0.5794103741645813,0.3370940387248993,0.0,0.0,4.718062869600348,3.0821087940319165,0.3467427460768466,0.666815048939473,0.37229055971712677,0.038887635376807804,0.586827851630546,0.3267229086643941,0.03983792531731967,,,,,,,,,,,,,,,,,,,,,,,,,,,,,,,,,
303,8.060148480579458e-06,8.060148480579458e-06,1.0,9.018396454888421,4.946371168703647,3.2368574657955684,3.2368574657955684,3.2363066544403902,0.0,0.0,0.3152368052585705,1.4747082123885284,0.09239127084210112,1.5131488974029954,0.08362971497951327,0.01563586960420818,0.5315784401184803,0.0,0.0,0.0,0.0,1.0028590753271773,185.42123371845966,35.182430267333984,162.99996948242188,370.20709228515625,1.1423921585083008,0.5411092638969421,0.25,3.8496246337890625,0.5770334601402283,0.3312358558177948,1.298377547416748e-06,0.0,5.006232200442134,3.338667645647719,0.33309772460157583,0.6642287148011697,0.3701188894542488,0.03880559653043747,0.5870461028975409,0.3264752578090977,0.039850258948029696,,,,,,,,,,,,,,,,,,,,,,,,,,,,,,,,,
304,8.048043104270578e-06,8.048043104270578e-06,1.0,9.047291549476418,4.968245248536806,3.2477509588808626,3.2477509588808626,3.2472494164028682,0.0,0.0,0.3157967047111408,1.46639084815979,0.09108918482387388,1.5091637115220766,0.08172240641874236,0.013939766792228093,0.524499811030723,0.0,0.0,0.0,0.0,0.9674738774428496,188.87740057867927,36.1577262878418,166.21484375,376.0370178222656,1.1465537548065186,0.5530222058296204,0.25,3.8840713500976562,0.5789783596992493,0.33522000908851624,3.2459438685418703e-06,0.0,3.8161773601093807,2.466401605992704,0.35369838106213936,0.6666291468852276,0.3707297871241698,0.038821655552129485,0.5874675625079387,0.32575779106165914,0.039973810013081576,,,,,,,,,,,,,,,,,,,,,,,,,,,,,,,,,
305,8.035909834165487e-06,8.035909834165487e-06,1.0,9.051789129102552,4.988959248001511,3.2202347549232275,3.2202347549232275,3.2199045902973897,0.0,0.0,0.3163337159801174,1.4873563147879936,0.09236645295813277,1.5325739931415867,0.0851437243054042,0.017525593278224807,0.5200973942473128,0.0,0.0,0.0,0.0,0.9941058529389871,187.1603261586782,34.63697814941406,162.99996948242188,378.98626708984375,1.1478550434112549,0.5556288361549377,0.25,3.8659896850585938,0.5804405212402344,0.33975595235824585,3.2459438685418703e-06,0.0,4.9905804339292885,3.164125784023388,0.3659804053028473,0.6687770969158894,0.3697650521188169,0.03886820114142186,0.5880473803829502,0.32498303861231415,0.04006309203199438,108.32952025696471,162.3309834207817,0.3222632502863229,55.09603294959435,108.32951842097708,134.74489263985794,159.18801192361977,193.9414389360872,86.15458243233817,84.15094455452852,179.5091035262398,0.5097654093064625,0.8267317105536847,0.038286863823239044,-0.2886455242001039,0.8171694293875185,0.7189418121828798,0.7119487176711511,0.5720698066299366,0.9411934756759927,0.9846451995293651,0.9956268531767595,0.44119347567599265,0.1846451995293651,0.04562685317675952,4.100149525706121e-05,0.000844942206056907,0.6098901098901099,0.3901098901098901,0.7326007326007327,0.4961918503619157,0.4762695044033475,0.4697290403092956
306,8.023748791221206e-06,8.023748791221206e-06,1.0,9.015118856687803,4.961247212177998,3.2103860764890104,3.2103860764890104,3.2099437971372864,0.0,0.0,0.3154773373861571,1.496372770618748,0.09266607141172564,1.5276922116408478,0.08438936852522798,0.01721318222179606,0.5378106921105772,0.0,0.0,0.0,0.0,1.0249278803129453,185.78542472220755,36.22841262817383,161.1009521484375,374.5709533691406,1.14638090133667,0.5548403859138489,0.25,3.8626708984375,0.5811402797698975,0.340645968914032,2.596755094833496e-06,0.0,5.422478345600334,3.2549848314878105,0.39972377499140677,0.670147050071407,0.36799774218249964,0.03852155683813868,0.5900282988677154,0.32366806993613373,0.039733450557734515,,,,,,,,,,,,,,,,,,,,,,,,,,,,,,,,,
307,8.011560096671627e-06,8.011560096671627e-06,1.0,9.07716263951482,5.02282325641529,3.216626631247031,3.216626631247031,3.216088204770475,0.0,0.0,0.31561087273262645,1.4848402351946444,0.0920725358096329,1.5161499719362002,0.08359370672622242,0.015527216459599298,0.5275197971511532,0.0,0.0,0.0,0.0,0.9962003778766941,191.95177067937078,35.736473083496094,168.83236694335938,386.46112060546875,1.1452558040618896,0.5436338186264038,0.25,3.8276519775390625,0.5812011957168579,0.33552849292755127,3.895132642250244e-06,0.0,4.849287047579482,3.159927716126313,0.34837272260391583,0.6706845760345459,0.36608977172825785,0.03857267225110853,0.5910060067434568,0.3226151820775625,0.039760318760936324,,,,,,,,,,,,,,,,,,,,,,,,,,,,,,,,,
308,7.999343872026302e-06,7.999343872026302e-06,1.0,8.947189563029522,4.87971155063526,3.245523111240284,3.245523111240284,3.245043271296733,0.0,0.0,0.3154178793365891,1.4341168306969307,0.09141483943204622,1.4902601983096149,0.08359217190661945,0.01583586269486192,0.52115822241113,0.0,0.0,0.0,0.0,0.9772856895988052,194.22573275179477,35.182430267333984,170.822509765625,392.5469970703125,1.1500205993652344,0.5564699769020081,0.26451435685157776,3.8554611206054688,0.5840662121772766,0.34283438324928284,0.0,0.0,4.553431834723498,3.01349897803487,0.33819170080584693,0.6745895646713875,0.3653407274065791,0.03903639648814459,0.5923356204419523,0.32046069003440236,0.040141907898155416,,,,,,,,,,,,,,,,,,,,,,,,,,,,,,,,,
309,7.98710023906923e-06,7.98710023906923e-06,1.0,9.094746576773154,5.036904399459426,3.23094274546649,3.23094274546649,3.2303795427889437,0.0,0.0,0.3154984712600708,1.4464520377081793,0.0912090642629443,1.506824577176893,0.08310186007135623,0.01499166208117999,0.5114850450206447,0.0,0.0,0.0,0.0,0.9550114628430959,202.65713707176414,36.58394241333008,178.32249450683594,416.2350158691406,1.1450636386871338,0.5519016981124878,0.26831305027008057,3.8516845703125,0.5813391208648682,0.3390342891216278,0.0,0.0,4.535237657057272,2.9014191305315173,0.3602498149095613,0.6712619017910313,0.36432876619132787,0.03899331068670427,0.5920886977298839,0.32081632114745473,0.04009480432078645,,,,,,,,,,,,,,,,,,,,,,,,,,,,,,,,,
310,7.974829319857645e-06,7.974829319857645e-06,1.0,8.922690494640454,4.864550487415211,3.2273526707211055,3.2273526707211055,3.226862063279023,0.0,0.0,0.3153820770817834,1.460145666792586,0.09119665924761747,1.5064858488134436,0.08391545763289607,0.016188723840624898,0.5252854566316347,0.0,0.0,0.0,0.0,1.0204315169437512,205.81402587890625,40.022953033447266,180.4245147705078,421.1414489746094,1.1468157768249512,0.5537675619125366,0.2964855432510376,3.8728561401367188,0.5830867290496826,0.34072521328926086,0.0,0.0,4.687169055680971,3.0822412081666895,0.3424087820278356,0.6735084991197329,0.36466004477964864,0.038492399897124316,0.5931895665220313,0.3205294439921508,0.03970554400537465,109.71928263234568,169.51754162362542,0.3410953591593077,50.58313399094801,109.71928481281704,140.56444293284804,165.85672521386033,199.57654525369935,97.14407893589565,89.44605964838073,168.48606938901156,0.5129633266659125,0.8172547313003157,0.05567634493542286,-0.28757215346755,0.8030768648535539,0.7044428788751966,0.7103365070540061,0.5806585892534359,0.9416595433056236,0.9843498849622605,0.9953061073024702,0.4416595433056236,0.18434988496226046,0.0453061073024702,5.553367079120949e-05,0.002079139113921357,0.6043956043956044,0.3956043956043956,0.7197802197802198,0.5011052839703612,0.48162417715558636,0.47497601991335114
311,7.962531236720801e-06,7.962531236720801e-06,1.0,9.040126336587441,4.984032643807901,3.2300200269028947,3.2300200269028947,3.229512665722821,0.0,0.0,0.31404232576086716,1.457898246275412,0.09173429495579488,1.4980233778824676,0.08110791183001287,0.014384869196628397,0.5196594313995259,0.0,0.0,0.0,0.0,0.9811068902144561,215.1380899790171,41.53608322143555,190.5662841796875,443.0798645019531,1.146357536315918,0.5506725907325745,0.25,3.8681640625,0.5846711993217468,0.3421328365802765,6.49188773708374e-07,0.0,4.744348310135506,3.191297218606279,0.32734761236045706,0.6764430274834504,0.3610506267160983,0.038744976391663424,0.5959708980611853,0.3175289139554307,0.03980747700945751,,,,,,,,,,,,,,,,,,,,,,,,,,,,,,,,,
312,7.950206112258746e-06,7.950206112258746e-06,1.0,8.973971212232435,4.923050777332203,3.219728270092526,3.219728270092526,3.2192737798433044,0.0,0.0,0.3144903722647074,1.4778921990781217,0.09221660889483788,1.495532928286372,0.08257219930355614,0.016327345611628245,0.5261068408553665,0.0,0.0,0.0,0.0,1.0154786158252407,224.61368333971177,43.44450378417969,201.27810668945312,466.16107177734375,1.1435749530792236,0.5392794609069824,0.30913278460502625,3.829395055770874,0.5849472284317017,0.3399091958999634,0.0,0.0,5.264797739080481,3.4825192029411727,0.3385274467259194,0.677485475669036,0.3583171858980849,0.038441993497513434,0.5977921856416238,0.315967839311909,0.03967362440921165,,,,,,,,,,,,,,,,,,,,,,,,,,,,,,,,,
313,7.937854069341107e-06,7.937854069341107e-06,1.0,8.990922515456742,4.933381621902053,3.2222789493766992,3.2222789493766992,3.2218852365339123,0.0,0.0,0.3160507783696458,1.4746590240581616,0.09173280624924479,1.5108715263572898,0.08509443891612259,0.015320691399628649,0.5222385686797064,0.0,0.0,0.0,0.0,0.9897839426994324,213.88781490841427,39.63400650024414,189.08326721191406,443.0798645019531,1.1460881233215332,0.5495433807373047,0.25,3.83978271484375,0.5866398215293884,0.3438557982444763,2.596755094833496e-06,0.0,4.540664384493956,2.8697865637573035,0.3679809118776937,0.6800019547745988,0.357069082356788,0.03853486478328705,0.5991373722617691,0.31430384838903275,0.039820106246986904,,,,,,,,,,,,,,,,,,,,,,,,,,,,,,,,,
314,7.925475231105859e-06,7.925475231105859e-06,1.0,9.1216131416527,5.066844398910935,3.218976085250442,3.218976085250442,3.218605769647134,0.0,0.0,0.3139088314932746,1.4716828964851998,0.09073222972251274,1.5220129457679954,0.08520754869725253,0.016731066302069136,0.5182467723214949,0.0,0.0,0.0,0.0,1.0069146816794936,208.47021649334883,37.819034576416016,181.83961486816406,437.9178161621094,1.149855613708496,0.5582334399223328,0.25,3.8373794555664062,0.5894819498062134,0.350750207901001,1.947566321125122e-06,0.0,5.06245518133447,3.3410724272599093,0.3400292333295881,0.6839742177241558,0.35599601429861943,0.03874047734850162,0.6005502117646707,0.3126510840815467,0.03993657825363649,,,,,,,,,,,,,,,,,,,,,,,,,,,,,,,,,
315,7.913069720958106e-06,7.913069720958106e-06,1.0,9.004961580843538,4.929467587857633,3.2477988359090446,3.2477988359090446,3.247486075839481,0.0,0.0,0.3142621025845811,1.463181337794742,0.0919586979859584,1.4967412239796407,0.08181829156505095,0.016196955259687996,0.520902557952984,0.0,0.0,0.0,0.0,0.9888307983810837,220.76876707334776,43.10641860961914,197.38502502441406,455.36248779296875,1.1482988595962524,0.5496184825897217,0.25,3.8257064819335938,0.5898858904838562,0.3472117483615875,1.298377547416748e-06,0.0,4.597056715875058,2.996410580905708,0.348189338069688,0.6850196235888714,0.35396411934414423,0.03839347461188162,0.6023600842501666,0.31110583205480835,0.0397963784635067,123.25686565860288,188.39898840406894,0.4041396797338842,77.96751148098117,123.25686558981405,152.03435380843482,176.6662363808899,210.41860847013595,140.39546639578683,102.39755361394364,179.1455841064453,0.49901742508208674,0.8072716831131365,0.0922007155568589,-0.2712996269024098,0.7884572159284599,0.6891053536737866,0.7013338209275709,0.5960386744628345,0.9392010106090072,0.9838184225427259,0.99514313933398,0.4392010106090072,0.18381842254272585,0.045143139333980065,2.2836275839375863e-05,0.004690259653646356,0.6813186813186813,0.31868131868131866,0.7573260073260072,0.5196800352289126,0.49848875505747375,0.4907774634577416
316,7.900637662568841e-06,7.900637662568841e-06,1.0,9.07262539219212,5.020521615002607,3.213305492658873,3.213305492658873,3.2129579105892696,0.0,0.0,0.31712180214959224,1.4770224770984135,0.09144514597751,1.5234559516648989,0.08546799511925594,0.016132497524439886,0.5168660540838499,0.0,0.0,0.0,0.0,0.9883185576748204,211.84468408533044,39.019535064697266,186.1518096923828,441.3524475097656,1.1519335508346558,0.5546355247497559,0.2878352105617523,3.827423095703125,0.5927478671073914,0.3512594699859619,0.0,0.0,4.726791425331219,3.017971149972967,0.3615180196444801,0.6890510820053719,0.3527580757398863,0.038579224432642396,0.6038849305462193,0.3094805495159046,0.039851749567566694,,,,,,,,,,,,,,,,,,,,,,,,,,,,,,,,,
317,7.888179179873719e-06,7.888179179873719e-06,1.0,9.139569566056535,5.068460554689975,3.243053674697876,3.243053674697876,3.2424979596524626,0.0,0.0,0.3136562318415255,1.4632230127179944,0.09154895169509424,1.4930794464575279,0.0840877237150798,0.017805243527667748,0.5219455345256908,0.0,0.0,0.0,0.0,1.0085974255123653,218.30210092905406,39.556671142578125,192.81260681152344,458.9339294433594,1.1475143432617188,0.5504835247993469,0.25,3.8664474487304688,0.5910131931304932,0.34904515743255615,6.49188773708374e-07,0.0,5.14225596592233,3.393949040689984,0.3399883119040273,0.6872215045465006,0.3509957758156029,0.038318727568194676,0.6050149025143804,0.30870873541445343,0.03968356630286655,,,,,,,,,,,,,,,,,,,,,,,,,,,,,,,,,
318,7.875694397071815e-06,7.875694397071815e-06,1.0,8.897833772607752,4.848696115854624,3.219019077919625,3.219019077919625,3.2187209129333496,0.0,0.0,0.31435987917152614,1.445907119158152,0.09020261990057456,1.5174881832019702,0.08651738372203466,0.01751381073877014,0.5070688233182237,0.0,0.0,0.0,0.0,1.0025207948040318,210.25317259092589,36.79893112182617,182.5513153076172,446.55499267578125,1.1521366834640503,0.5593581199645996,0.2600492238998413,3.8656463623046875,0.5936957597732544,0.35613763332366943,0.0,0.0,5.228119413594942,3.529570643966262,0.3248871411031389,0.6907348600593773,0.3508312992147497,0.03894459073607986,0.605156296008342,0.30768863655425405,0.04010590045033274,,,,,,,,,,,,,,,,,,,,,,,,,,,,,,,,,
319,7.863183438624402e-06,7.863183438624402e-06,1.0,8.946058427965319,4.86623291067175,3.250150931848062,3.250150931848062,3.2496551371909477,0.0,0.0,0.31569474613344345,1.4618851204176206,0.09130593006675308,1.5016145512864396,0.08338814651643908,0.015752574466672296,0.5187928080558777,0.0,0.0,0.0,0.0,1.0031910780313853,224.90158452214422,42.27266311645508,199.71173095703125,479.08355712890625,1.1445103883743286,0.5387557148933411,0.25,3.8620986938476562,0.5907080173492432,0.34435439109802246,6.49188773708374e-07,0.0,4.893231619048763,3.252140365742348,0.3353798432344472,0.6875556401304297,0.3479093925372974,0.03849391538549114,0.6067369950784219,0.3067029255467492,0.039815516387288634,,,,,,,,,,,,,,,,,,,,,,,,,,,,,,,,,
320,7.850646429253685e-06,7.850646429253685e-06,1.0,8.885785592568887,4.814089220923346,3.2448939374975256,3.2448939374975256,3.2445720981907202,0.0,0.0,0.3156616687774658,1.442025899887085,0.09039764972151937,1.5082383188041482,0.0851314123216513,0.015866719507234724,0.4986654874440786,0.0,0.0,0.0,0.0,0.9733780944669569,221.18145504513302,39.019535064697266,195.08541870117188,473.5020446777344,1.1534972190856934,0.5613099932670593,0.28224873542785645,3.8333740234375,0.5939992666244507,0.35574787855148315,0.0,0.0,4.733705895978051,3.3618425485250114,0.2898074738058042,0.6912645262640875,0.35019514286840286,0.039262202945915425,0.6054876720583117,0.30667887507258235,0.04041217106419641,101.68254005515968,159.41158028844464,0.30391620460946456,35.44859984680846,101.68254108426665,127.71683721776435,152.68423312840756,187.36934532542003,78.03980473109654,79.90333208187606,166.35682213824728,0.4887086483225292,0.8231818449557825,0.06266598012764445,-0.29847156561464094,0.809918076158519,0.6981625075111174,0.6972666917474046,0.5703753937977819,0.9445280909548106,0.9848694102376062,0.9955240899354824,0.4445280909548106,0.18486941023760617,0.045524089935482404,5.1900626907672416e-05,0.0077586247164279495,0.5769230769230769,0.4230769230769231,0.7078754578754579,0.48423942833483874,0.46553954056331087,0.45972023871573775
321,7.838083493941585e-06,7.838083493941585e-06,1.0,8.995375452814875,4.919552171552503,3.2574034059369885,3.2574034059369885,3.2569053495252454,0.0,0.0,0.31494901389689056,1.4288796057572235,0.08973817809208019,1.4893918810663997,0.08133576971453589,0.014529173523565201,0.5093951708561665,0.0,0.0,0.0,0.0,0.9734878008430069,234.41092166385135,42.93836212158203,210.9376220703125,500.1178283691406,1.1473195552825928,0.5493506193161011,0.25,3.8308563232421875,0.5918956995010376,0.34840598702430725,2.596755094833496e-06,0.0,4.132939852572776,2.813160026395643,0.31933197028153304,0.6894228458404541,0.34650276319400686,0.038950040433052426,0.6076911720069679,0.3046874033438193,0.04028946191475198,,,,,,,,,,,,,,,,,,,,,,,,,,,,,,,,,
322,7.82549475792847e-06,7.82549475792847e-06,1.0,9.00816907109441,4.963300743618527,3.219129775021527,3.219129775021527,3.2187488530133224,0.0,0.0,0.31352361231236847,1.4574072135461342,0.0908857016144572,1.4952185637242086,0.0820583719256762,0.0155010358682154,0.5201747594652949,0.0,0.0,0.0,0.0,1.005670133474711,238.86602082123628,43.27513122558594,215.93988037109375,500.1178283691406,1.1508232355117798,0.5589994788169861,0.33810263872146606,3.8641586303710938,0.594593346118927,0.3549404442310333,0.0,0.0,4.664794831662564,2.9636810421943665,0.3646706555927797,0.6928602747015051,0.34698016337446264,0.03870203980320209,0.6087375895397084,0.3042529402552424,0.03999156937808604,,,,,,,,,,,,,,,,,,,,,,,,,,,,,,,,,
323,7.81288034671192e-06,7.81288034671192e-06,1.0,9.001530930802629,4.956368130606574,3.2165168169382454,3.2165168169382454,3.2159427952122046,0.0,0.0,0.3150061779731029,1.4688912307893909,0.09086731982392234,1.495189531429394,0.08256701631723223,0.015800495720090898,0.5117276915021844,0.0,0.0,0.0,0.0,0.9970228220965411,249.14153145455026,44.73611831665039,227.1887664794922,500.1178283691406,1.1458438634872437,0.5527201890945435,0.27502474188804626,3.8330307006835938,0.5919374227523804,0.3517857789993286,0.0,0.0,5.189644502626883,3.2621279568285555,0.37141591198061086,0.6897248786848944,0.34550102578627095,0.038874880083509394,0.6083595559403703,0.30434892064816244,0.04013468758077235,,,,,,,,,,,,,,,,,,,,,,,,,,,,,,,,,
324,7.800240386045469e-06,7.800240386045469e-06,1.0,9.028484370257404,4.974458501145646,3.230797632320507,3.230797632320507,3.2301767581217997,0.0,0.0,0.3153568031014623,1.4389560093750824,0.09035187053519327,1.5013412913760624,0.08250702927644188,0.013726964863520619,0.5028565856250556,0.0,0.0,0.0,0.0,0.9541703929772248,251.6236572265625,44.823577880859375,231.66966247558594,500.1178283691406,1.1496764421463013,0.5583468079566956,0.3091488182544708,3.8302841186523438,0.5936288833618164,0.3534396290779114,0.0,0.0,4.115905520078298,2.6911388490651107,0.3461611701393194,0.6916267823528599,0.3468170351273305,0.038839783116772365,0.6082310805449614,0.30465803516877665,0.04004522070691392,,,,,,,,,,,,,,,,,,,,,,,,,,,,,,,,,
325,7.787575001937362e-06,7.787575001937362e-06,1.0,8.946088378493851,4.8941483110994906,3.223153030550158,3.223153030550158,3.2224543803447,0.0,0.0,0.31456311248444224,1.4607586892875466,0.09069759438972215,1.5024971704225283,0.08280172068122271,0.01577241623119728,0.5203570828244493,0.0,0.0,0.0,0.0,1.0106961227752067,252.94570469211888,45.976253509521484,232.57640075683594,500.1178283691406,1.1479367017745972,0.5625296831130981,0.25,3.8377227783203125,0.5932839512825012,0.3556216061115265,6.49188773708374e-07,0.0,5.122618048577695,3.3366384780084766,0.3486458591354667,0.6913565236168939,0.3461834949416083,0.03843251635899415,0.6091031254948797,0.3044381278592187,0.039743627648095824,116.42604073325356,177.55479069257137,0.3360056823780832,59.09175797347184,116.42604074143739,139.70101435060303,163.48656009287996,197.4576887711106,83.88370077950614,90.30988418224246,194.61692279318103,0.4942469811289216,0.8206317574934656,0.08530048909507024,-0.28733175609485007,0.8056570892832041,0.6954338828776556,0.6962550634494034,0.5815445149289409,0.9421115977659894,0.9845185619997104,0.995454543095426,0.4421115977659894,0.1845185619997104,0.04545454309542607,5.553367079120949e-05,0.015240100085168929,0.5989010989010989,0.4010989010989011,0.7225274725274725,0.49889836992536274,0.4783941174519586,0.4717345971736934
326,7.774884320649283e-06,7.774884320649283e-06,1.0,8.91996025394749,4.8861506694072006,3.2045485006796346,3.2045485006796346,3.204039921631684,0.0,0.0,0.3150045936172073,1.4602595761015609,0.09055219046972893,1.5000599364976626,0.08494661708135863,0.01642476098385413,0.5140559190028423,0.0,0.0,0.0,0.0,1.0131524801254272,247.97098933039484,43.022308349609375,226.3030548095703,500.1178283691406,1.157106876373291,0.5768386125564575,0.25,3.8582077026367188,0.5980288982391357,0.36416542530059814,3.2459438685418703e-06,0.0,5.258031980411427,3.4690988482655705,0.34022865186260753,0.6973177983954146,0.34706370894973343,0.03912824231225091,0.6097452221689997,0.30267358309513814,0.040276500522284896,,,,,,,,,,,,,,,,,,,,,,,,,,,,,,,,,
327,7.762168468695108e-06,7.762168468695108e-06,1.0,8.877559739190179,4.822825973098342,3.229262132902403,3.229262132902403,3.228756756395907,0.0,0.0,0.31571644947335525,1.4410062029555037,0.08959212244765179,1.5042784826175586,0.08401712100650813,0.016549207358243497,0.5021281757870236,0.0,0.0,0.0,0.0,0.9947353166502875,251.24733878470755,44.99901580810547,228.9706268310547,500.1178283691406,1.150255560874939,0.5658431053161621,0.25,3.8382949829101562,0.5958212614059448,0.36065834760665894,2.596755094833496e-06,0.0,4.997736004558769,3.4129716238460026,0.3170964571292275,0.6955561154597515,0.3423460585040015,0.03923849026496346,0.6114316582679749,0.3005607973884892,0.040484247074739355,,,,,,,,,,,,,,,,,,,,,,,,,,,,,,,,,
328,7.749427572839639e-06,7.749427572839639e-06,1.0,8.938045501708984,4.842437673259425,3.272832934920852,3.272832934920852,3.2724237313141695,0.0,0.0,0.3155633219190546,1.4448176235766024,0.09029902074788068,1.5003759538805164,0.07944744493107538,0.013540957129333873,0.5033918780249518,0.0,0.0,0.0,0.0,0.9679485535299456,252.32416761243667,47.43569564819336,231.66966247558594,500.1178283691406,1.1542072296142578,0.5623487234115601,0.27330613136291504,3.8554611206054688,0.5990042686462402,0.35919278860092163,0.0,0.0,4.0914192981011155,2.827357512068104,0.3089543490738483,0.7001306640135275,0.3407022083127821,0.039205884812651456,0.6136665891956639,0.29817874528266286,0.040545273370839456,,,,,,,,,,,,,,,,,,,,,,,,,,,,,,,,,
329,7.736661760097346e-06,7.736661760097346e-06,1.0,8.916693378139186,4.875011714729103,3.206558459513896,3.206558459513896,3.206113815307617,0.0,0.0,0.3156140068092862,1.4696166676443976,0.09084865309902139,1.516121142619365,0.08527812905408241,0.016893524512950633,0.5182171625060004,0.0,0.0,0.0,0.0,1.0306149527833268,244.87570149189716,42.77096176147461,220.19891357421875,500.1178283691406,1.149240493774414,0.5539302229881287,0.26340794563293457,3.843902587890625,0.5980144143104553,0.3587222397327423,0.0,0.0,5.36366060939995,3.448603667117454,0.35704290068732364,0.6995924743446144,0.33758409361581543,0.03911321449118692,0.6150428749419548,0.29677599185221903,0.04055975770225396,,,,,,,,,,,,,,,,,,,,,,,,,,,,,,,,,
330,7.723871157731092e-06,7.723871157731092e-06,1.0,8.937013806523504,4.916462498742181,3.1891672031299487,3.1891672031299487,3.1889297060064368,0.0,0.0,0.3130866111935796,1.4749096857534874,0.09103172413400702,1.503690523070258,0.08383633246695674,0.01716384491128092,0.5104987758236963,0.0,0.0,0.0,0.0,1.0298616322311196,238.25904516271643,39.556671142578125,212.592041015625,500.1178283691406,1.1553301811218262,0.5723119974136353,0.25,3.8431015014648438,0.6020025610923767,0.3693385124206543,1.947566321125122e-06,0.0,5.160813007805799,3.5515384593525448,0.3118257813292605,0.7050608912029782,0.3365283946733217,0.0393566276777435,0.6171005609873179,0.2943409101383106,0.04071891176942233,97.92341756296682,163.31751897964475,0.26539230003933734,20.569112672910585,97.92341741432688,122.21839566612103,146.75137897938532,181.94359050550318,54.52687617710659,71.10583868692088,179.73305810016134,0.5135381023587253,0.8303882452910641,0.06295832738010838,-0.3036745120508457,0.8186242166157375,0.7082964847657891,0.7035280730405337,0.5627086706648831,0.9457249194113015,0.9849327290024337,0.9954109465688236,0.44572491941130155,0.18493272900243363,0.04541094656882361,8.304100305227587e-05,0.021454162144824547,0.521978021978022,0.47802197802197804,0.6822344322344321,0.47101515879506595,0.4537404362153221,0.44864120383511535
331,7.71105589325087e-06,7.71105589325087e-06,1.0,8.851319905873892,4.81650380830507,3.213015176154472,3.213015176154472,3.2126295695433744,0.0,0.0,0.31377193009531174,1.4495506286621094,0.09045711562440202,1.488077018712018,0.08181575897174913,0.01460021610900357,0.5049186075055921,0.0,0.0,0.0,0.0,0.9797191797076045,251.77159283612227,43.529441833496094,230.7664794921875,500.1178283691406,1.15453040599823,0.5659822225570679,0.25,3.8490524291992188,0.6025036573410034,0.36735600233078003,6.49188773708374e-07,0.0,4.221406284216288,3.112200957697791,0.2627573021497084,0.7061307430267334,0.3348221295588725,0.039369608099396165,0.6184093162820146,0.29305771879247716,0.04070521196400797,,,,,,,,,,,,,,,,,,,,,,,,,,,,,,,,,
332,7.698216094412526e-06,7.698216094412526e-06,1.0,8.859353838740168,4.82797113624779,3.2112165270624935,3.2112165270624935,3.210825881442508,0.0,0.0,0.31454822340527094,1.4300521676604812,0.08945550054714486,1.4923643421482395,0.08401004003511893,0.014830117403353387,0.5046742494041855,0.0,0.0,0.0,0.0,0.9877431440997768,251.79392428011508,44.30137252807617,228.9706268310547,500.1178283691406,1.156791090965271,0.5674580931663513,0.2851730287075043,3.852142333984375,0.6042135953903198,0.36864173412323,0.0,0.0,4.197184248550518,2.926183291383692,0.3028222927325055,0.708403878920787,0.3347167525742505,0.03928954214663119,0.6189871285412762,0.29254356912664464,0.040693586239138164,,,,,,,,,,,,,,,,,,,,,,,,,,,,,,,,,
333,7.685351889216498e-06,7.685351889216498e-06,1.0,9.045786909154943,4.984249230977651,3.2334691704930485,3.2334691704930485,3.2331572674416207,0.0,0.0,0.3163909404664426,1.4576996983708561,0.09047461341361741,1.503466757568153,0.08285198038494265,0.014769296765931555,0.4990223694492031,0.0,0.0,0.0,0.0,0.9744173981047966,262.28005321605787,45.440608978271484,244.6919403076172,500.1178283691406,1.1508325338363647,0.5576313734054565,0.3177967369556427,3.8666763305664062,0.6021449565887451,0.36542561650276184,0.0,0.0,4.492339242954512,3.1359799568717546,0.3019271726216985,0.7066171845874271,0.3308567066450377,0.039405788622192434,0.6203492122727472,0.2907455273576685,0.040892523990289587,,,,,,,,,,,,,,,,,,,,,,,,,,,,,,,,,
334,7.672463405906528e-06,7.672463405906528e-06,1.0,8.913226179174474,4.886988072781949,3.2036753151867843,3.2036753151867843,3.203174642614416,0.0,0.0,0.31376513033299835,1.4506827979474455,0.09055751461435009,1.4924110721897434,0.08051093697950647,0.014992154197062593,0.5100240779889597,0.0,0.0,0.0,0.0,0.9908376464972625,259.14241069072,44.38798141479492,239.02365112304688,500.1178283691406,1.1537240743637085,0.5622643828392029,0.3153444230556488,3.8552322387695312,0.6041580438613892,0.36726418137550354,0.0,0.0,4.859724974310076,3.089377944533889,0.36428955118545964,0.7093986578889795,0.33026026390694285,0.039442457862802455,0.6214899614050582,0.28958501042546453,0.04089677625814,,,,,,,,,,,,,,,,,,,,,,,,,,,,,,,,,
335,7.659550772968387e-06,7.659550772968387e-06,1.0,8.857800122853872,4.798950491724788,3.2341789748217606,3.2341789748217606,3.233822455277314,0.0,0.0,0.3145779073238373,1.4548953159435376,0.09006812403330931,1.496273440283698,0.08211413499068569,0.01481374034129486,0.4972410395338729,0.0,0.0,0.0,0.0,0.9736534582602011,257.42816904428844,45.70764923095703,237.16354370117188,500.1178283691406,1.1548740863800049,0.5663315653800964,0.3483940660953522,3.83612060546875,0.6046372056007385,0.36953005194664,0.0,0.0,4.661060190684086,3.0971393915447027,0.3355289859300986,0.7101583061991511,0.3296738508585337,0.039612098219426906,0.6217728547147803,0.28851503375414256,0.041256863523173974,112.43364179003369,182.1773267632961,0.31090676522072047,36.5484121972388,112.43364168700762,134.0605361805658,158.29652560317973,193.01890797156838,80.403318132673,82.80668131510417,200.3921236784562,0.5250499414226081,0.8321335910175733,0.07064937948084465,-0.2890753858458406,0.8233104686970243,0.7253363172246395,0.7165440654688108,0.5676083797192465,0.9413304933310289,0.9834447380289907,0.9948737750803291,0.4413304933310289,0.18344473802899064,0.04487377508032919,8.304100305227587e-05,0.03050199843363908,0.5439560439560439,0.45604395604395603,0.6813186813186813,0.4882547783736999,0.47075505976329796,0.4655587825473848
336,7.646614119128593e-06,7.646614119128593e-06,1.0,8.94387557055499,4.879104678695266,3.243595516359484,3.243595516359484,3.2431482946550525,0.0,0.0,0.31360435727480296,1.4452486392614003,0.08986373567903364,1.4907786137348897,0.0820249916129821,0.015227216075652757,0.49769260673909577,0.0,0.0,0.0,0.0,0.9869366320403846,251.44809537320523,41.21284866333008,229.86680603027344,500.1178283691406,1.147689700126648,0.5530327558517456,0.2528378367424011,3.8247909545898438,0.6027476787567139,0.36447465419769287,0.0,0.0,4.3940667332829655,3.028826813440065,0.3107007705417529,0.7087757039714504,0.32523114938993714,0.03930758503643242,0.6241434232608692,0.2867842300518139,0.040963136666529884,,,,,,,,,,,,,,,,,,,,,,,,,,,,,,,,,
337,7.633653573353135e-06,7.633653573353135e-06,1.0,8.990065883945775,4.929432173033018,3.23854660987854,3.23854660987854,3.2380972359631515,0.0,0.0,0.31385277251939514,1.4362484281127517,0.08891621534083341,1.5087992113989752,0.08114734845789703,0.014050094221995489,0.49156570595663945,0.0,0.0,0.0,0.0,0.9635575043188559,245.89834924646325,37.45150375366211,221.9259490966797,500.1178283691406,1.1534985303878784,0.5694833993911743,0.25244367122650146,3.895172119140625,0.6068080067634583,0.3736284673213959,0.0,0.0,4.016354858875275,2.8202431379137813,0.2978102690100566,0.7142642462575758,0.32445218514751745,0.03967434328955573,0.6264387288609067,0.28443065930057215,0.0409791214844665,,,,,,,,,,,,,,,,,,,,,,,,,,,,,,,,,
338,7.620669264846177e-06,7.620669264846177e-06,1.0,8.866767805975837,4.818523046132681,3.2280361716811723,3.2280361716811723,3.2277611332970695,0.0,0.0,0.31497705385491653,1.4427614888629399,0.08994067923442738,1.4842655078784839,0.08255551755428314,0.015911935778284394,0.49312085154894236,0.0,0.0,0.0,0.0,0.982290627183141,250.17891961175042,40.022953033447266,227.1887664794922,500.1178283691406,1.1547566652297974,0.5778948068618774,0.27882447838783264,3.8773193359375,0.6101406812667847,0.38299834728240967,0.0,0.0,4.950398596557411,3.526956838530463,0.28754083742202763,0.7195545644373507,0.32065926371393977,0.039616688381175734,0.629749222381695,0.2809947753274763,0.04100264055100647,,,,,,,,,,,,,,,,,,,,,,,,,,,,,,,,,
339,7.607661323048773e-06,7.607661323048773e-06,1.0,9.043299056388236,5.00031785707216,3.2244535845679207,3.2244535845679207,3.2240831980834135,0.0,0.0,0.31537025522541356,1.427832696888898,0.08953907521995338,1.490642067548391,0.08282832740931897,0.014016381112506261,0.49353575062107397,0.0,0.0,0.0,0.0,0.9630678151104901,258.1994760874155,42.4381103515625,238.091796875,500.1178283691406,1.155558705329895,0.5773434638977051,0.31371253728866577,3.8730850219726562,0.6109956502914429,0.381393700838089,0.0,0.0,3.8676777047079964,2.739792491938617,0.2916182006056094,0.720911755755141,0.31974278108493703,0.039402854905740636,0.6309664136654621,0.2801724084325739,0.04080741792111783,,,,,,,,,,,,,,,,,,,,,,,,,,,,,,,,,
340,7.594629877637583e-06,7.594629877637583e-06,1.0,8.802905830177101,4.752816458006163,3.233090439358273,3.233090439358273,3.2326475994007007,0.0,0.0,0.3139624200962685,1.4316623726406612,0.08898175105049803,1.4865128156301137,0.0816236655857112,0.01449994303638468,0.48995127226855306,0.0,0.0,0.0,0.0,0.975451788386783,261.5574856319943,41.69865036010742,242.78773498535156,500.1178283691406,1.1542723178863525,0.5680769681930542,0.27912479639053345,3.871826171875,0.6124968528747559,0.3813088834285736,0.0,0.0,4.195776264409761,2.969916867243277,0.2921651012625982,0.723764264905775,0.3160637536564389,0.039480238347440154,0.6333067256051141,0.2776006226604049,0.0409004149606099,95.18999194050883,166.46026869300536,0.2513833811214138,-0.10869629828484503,95.18999124960415,121.74046899367434,146.07688695785723,180.96464488437937,52.00571768624442,66.06112880854644,183.44897593622622,0.5120208544744056,0.8235010012912195,0.07463750007797336,-0.3129081408767868,0.8101920208499392,0.6945760260435809,0.6949891942241674,0.5662745258392381,0.9470447523535637,0.984786888240823,0.9951073279014138,0.44704475235356367,0.184786888240823,0.04510732790141381,8.667404693581293e-05,0.04951371707618856,0.4340659340659341,0.5659340659340659,0.6639194139194139,0.4658806283886616,0.45001203186073147,0.44582782665288057
341,7.58157505852357e-06,7.58157505852357e-06,1.0,8.948029647002349,4.926977415342589,3.185275619094436,3.185275619094436,3.1846884456840723,0.0,0.0,0.3160806346584011,1.4721129005019729,0.09034146066453005,1.5187485153610643,0.08547494610821879,0.017677583240878744,0.5028159272026371,0.0,0.0,0.0,0.0,1.014607627649565,260.0708849107897,42.4381103515625,239.95916748046875,500.1178283691406,1.1577610969543457,0.5791622996330261,0.25,3.904155731201172,0.6179633736610413,0.3916908800601959,1.298377547416748e-06,0.0,5.733122155473039,3.7545772694252633,0.3451077497378959,0.732021544430707,0.3116513112106839,0.0391785129904747,0.6387408681817957,0.2729502465273883,0.04050332670276229,,,,,,,,,,,,,,,,,,,,,,,,,,,,,,,,,
342,7.568496995850718e-06,7.568496995850718e-06,1.0,8.966495359266126,4.949157573081352,3.1861390294255436,3.1861390294255436,3.185794314822635,0.0,0.0,0.3134885486718771,1.4677762663042224,0.09055671599265691,1.507932633967013,0.08429007101300601,0.01903382859922744,0.5051380299233101,0.0,0.0,0.0,0.0,1.027933446136681,251.99232565390096,41.943695068359375,228.07797241210938,500.1178283691406,1.161177635192871,0.5823484659194946,0.29181191325187683,3.8570632934570312,0.6206359267234802,0.39549046754837036,0.0,0.0,6.415869163500296,4.1346977884705005,0.3555514174146999,0.735665854570028,0.31104220892931966,0.0392865324141206,0.6395227006963782,0.27182480370676193,0.04066210793885025,,,,,,,,,,,,,,,,,,,,,,,,,,,,,,,,,
343,7.55539581999472e-06,7.55539581999472e-06,1.0,8.870968122740049,4.836921898094383,3.213083518517984,3.213083518517984,3.212776454719337,0.0,0.0,0.3134882361502261,1.4432246459496987,0.08947606263933955,1.4875563576414779,0.08407980153286779,0.016132065334130783,0.49309970478753784,0.0,0.0,0.0,0.0,1.00821165941857,262.2045057142103,43.27513122558594,242.78773498535156,500.1178283691406,1.1552629470825195,0.5761128067970276,0.25,3.8527145385742188,0.617652416229248,0.3912098705768585,2.596755094833496e-06,0.0,4.762770478789871,3.474841394939938,0.270415945841919,0.732093459851033,0.3096927460786459,0.03908604725792601,0.6397798818510931,0.27184922389082006,0.04053175268140999,,,,,,,,,,,,,,,,,,,,,,,,,,,,,,,,,
344,7.5422716615616855e-06,7.5422716615616855e-06,1.0,8.949551762761297,4.888527973278149,3.2420445906149373,3.2420445906149373,3.241673566199638,0.0,0.0,0.315022797197909,1.439598934070484,0.09029522900645798,1.48528262409004,0.08102505925942112,0.014569704710329706,0.4952786508444193,0.0,0.0,0.0,0.0,0.9721447986525458,262.67954563450166,44.30137252807617,243.7379608154297,500.1178283691406,1.1549707651138306,0.5725587606430054,0.2667113244533539,3.8602676391601562,0.6166029572486877,0.38635918498039246,0.0,0.0,4.338893935487077,2.855901141424437,0.3417905153047171,0.7303399926907307,0.3113096694688539,0.03889570032825341,0.6389890538679587,0.273112794031968,0.04031123895500157,,,,,,,,,,,,,,,,,,,,,,,,,,,,,,,,,
345,7.5291246513868435e-06,7.5291246513868435e-06,1.0,8.822863424146497,4.791190314937282,3.2125685537183606,3.2125685537183606,3.2121832370758057,0.0,0.0,0.31300074748090795,1.4469824159467541,0.08981085548529753,1.4815634295747087,0.08161150120400093,0.015142691283914688,0.49673318621274587,0.0,0.0,0.0,0.0,0.9938495690758163,268.7169820424673,46.15619659423828,251.47503662109375,500.1178283691406,1.1555465459823608,0.571190357208252,0.25,3.8775482177734375,0.6168012619018555,0.3858618438243866,3.2459438685418703e-06,0.0,4.838002834771131,3.2688274335216834,0.32434362997302374,0.730480208590224,0.3118082260763323,0.038861214309125335,0.6386594240729874,0.2733984057967727,0.04032429458724486,96.55041334131262,166.19557656130976,0.2341202214986938,-21.624434984647312,96.55041371576561,121.17023759210664,144.60490491232315,177.48772592083387,30.61691393171038,63.111589446548344,200.35786504330844,0.47225559358493513,0.8280106020345793,0.0628910934331758,-0.3257721265658514,0.8153014337163547,0.7009707914940105,0.6991815966187048,0.557677389546887,0.948636544580822,0.9849010696200199,0.9949568160833815,0.448636544580822,0.18490106962001984,0.044956816083381534,0.00014739778041778968,0.07087757213019376,0.36813186813186816,0.6318681318681318,0.6263736263736264,0.46040522614186935,0.4456389928338947,0.4421007409282438
346,7.515954920533227e-06,7.515954920533227e-06,1.0,8.991531939119906,4.947668668386099,3.217623420663782,3.217623420663782,3.217093087531425,0.0,0.0,0.3146287911647075,1.4591785733764235,0.08984015720921594,1.5044710442826554,0.08041581209446932,0.01649135857744998,0.49060441191132004,0.0,0.0,0.0,0.0,1.0106289692827173,270.2631204965952,42.85457992553711,255.43521118164062,500.1178283691406,1.1541712284088135,0.571770191192627,0.2708160877227783,3.8784637451171875,0.6163137555122375,0.38728100061416626,0.0,0.0,5.61406082237089,3.851344382440722,0.3139824265718857,0.7300602519834364,0.31088781356811523,0.03892678485528843,0.6391722640475711,0.27280864200076543,0.04036556778324617,,,,,,,,,,,,,,,,,,,,,,,,,,,,,,,,,
347,7.502762600290375e-06,7.502762600290375e-06,1.0,9.047400758073136,4.997829669230693,3.224653282681027,3.224653282681027,3.224219373754553,0.0,0.0,0.3146905359384176,1.4583372038763922,0.08983830604198817,1.4900028866690558,0.08239148788758226,0.015963956512309408,0.5066093005038597,0.0,0.0,0.0,0.0,1.0269614538630925,273.1219560777819,44.21493148803711,259.45770263671875,500.1178283691406,1.1513429880142212,0.5630509853363037,0.25,3.882354736328125,0.6141356229782104,0.3788595199584961,3.2459438685418703e-06,0.0,4.288943617730527,3.007666333301647,0.29873959618682544,0.7270586297318742,0.3115371514011074,0.03877612122812787,0.6387187902991837,0.27371427980629176,0.040168174617999305,,,,,,,,,,,,,,,,,,,,,,,,,,,,,,,,,
348,7.489547822173023e-06,7.489547822173023e-06,1.0,8.80894660949707,4.749817345593427,3.2392039878948315,3.2392039878948315,3.2389431128630766,0.0,0.0,0.3143419647538984,1.4385079532056242,0.08947017366016233,1.4907827216225702,0.0822981824544636,0.016408596949249104,0.48677601121567393,0.0,0.0,0.0,0.0,1.0066369240348403,280.0826589223501,46.883052825927734,269.7933349609375,500.1178283691406,1.1524686813354492,0.5671957731246948,0.25,3.8698806762695312,0.6131381988525391,0.38081037998199463,6.49188773708374e-07,0.0,4.946705721520089,3.4645575429942155,0.2996232769776366,0.7253009064777477,0.31332759357787465,0.03899865345777692,0.6361001987715025,0.2754224176342423,0.04057856880732485,,,,,,,,,,,,,,,,,,,,,,,,,,,,,,,,,
349,7.4763107179197835e-06,7.4763107179197835e-06,1.0,8.887221697214487,4.8659648122014225,3.200922102541537,3.200922102541537,3.200633899585621,0.0,0.0,0.31488266587257385,1.4430651149234257,0.08961827912040658,1.491500181120795,0.08135507729005169,0.013725969676129721,0.48564000548543157,0.0,0.0,0.0,0.0,0.9754549828735558,286.1755197885874,49.3253173828125,280.5406799316406,500.1178283691406,1.1535570621490479,0.5620408654212952,0.2783665955066681,3.8694229125976562,0.6141487956047058,0.3807982802391052,0.0,0.0,4.207850280645731,2.9951486877492957,0.28819979609881363,0.726571387535817,0.31358081182918035,0.03889321133091643,0.6360410951279305,0.2755913516959628,0.040518427418695914,,,,,,,,,,,,,,,,,,,,,,,,,,,,,,,,,
350,7.463051419491847e-06,7.463051419491847e-06,1.0,8.879454870481748,4.810694449656719,3.253692137228476,3.253692137228476,3.2533067948109395,0.0,0.0,0.31451795068947047,1.4321250786652435,0.08906882940917402,1.4812213504636609,0.07985420273365201,0.013595887107422223,0.4853354048084568,0.0,0.0,0.0,0.0,0.9742949105597831,291.72561150628167,50.593753814697266,289.44598388671875,500.1178283691406,1.1508692502975464,0.5666508674621582,0.25,3.8582077026367188,0.613387405872345,0.3814631700515747,3.2459438685418703e-06,0.0,3.772348160679276,2.794092524696041,0.25932273329911404,0.7259220593684429,0.31217804712218206,0.0387641719064197,0.637653247730152,0.27446877312015844,0.040286490643346634,101.63517379760742,170.86745984889876,0.25303553806572887,11.196181370661808,101.63517348493097,125.47680818415796,149.21391111725472,182.78609045122792,36.141226632254465,69.95367271955624,200.44759269382644,0.4605928592382714,0.8272896883849175,0.08201158319196437,-0.31020909098726174,0.8128607610285978,0.7034110340750634,0.7034062973276969,0.5638879748180847,0.9473265727576723,0.984989819692032,0.9951332782148675,0.4473265727576723,0.184989819692032,0.04513327821486757,0.00014635976787963622,0.08398196141811197,0.510989010989011,0.489010989010989,0.6602564102564102,0.4705856118228409,0.4536333815655211,0.4487910129457385
351,7.449770059071652e-06,7.449770059071652e-06,1.0,8.918475563461715,4.871715906504038,3.2271234409229175,3.2271234409229175,3.226827383041382,0.0,0.0,0.3154158592224121,1.4315768995800533,0.08916202429178599,1.4904109755077877,0.08380436262971647,0.016347390995990183,0.48520361330058126,0.0,0.0,0.0,0.0,0.990792812527837,293.80606367781354,50.10207748413086,294.0041198730469,500.1178283691406,1.1555466651916504,0.5672125816345215,0.25,3.8424148559570312,0.6162944436073303,0.38360095024108887,1.298377547416748e-06,0.0,5.041384888661875,3.4201421077186995,0.3215867894929757,0.7297702818303495,0.3119757497632826,0.03896937861635878,0.6383337845673432,0.2736031823867076,0.04037074241283778,,,,,,,,,,,,,,,,,,,,,,,,,,,,,,,,,
352,7.43646676906158e-06,7.43646676906158e-06,1.0,8.853973801071579,4.842366012367043,3.194403616157738,3.194403616157738,3.1939229836335055,0.0,0.0,0.31306952238082886,1.4286906171489406,0.08838833606726415,1.4863354579822436,0.08473528539006775,0.015639171973374243,0.482242702632337,0.0,0.0,0.0,0.0,0.9945118620588973,297.1043771279825,51.59162521362305,298.6340026855469,500.1178283691406,1.1523586511611938,0.5674798488616943,0.3344894349575043,3.859466552734375,0.615253746509552,0.3840765953063965,0.0,0.0,5.053025592017818,3.612931014718236,0.2849964938975325,0.7287119385358449,0.31078998623667536,0.03866123961838516,0.6391455386136029,0.27318462326719956,0.04018522104298746,,,,,,,,,,,,,,,,,,,,,,,,,,,,,,,,,
353,7.423141682082622e-06,7.423141682082622e-06,1.0,8.91536552841599,4.905379630423881,3.1849302278982625,3.1849302278982625,3.184550588195388,0.0,0.0,0.3135206111379572,1.453549820023614,0.08911076671368368,1.498663245020686,0.08419796008918737,0.017283081580456848,0.48500578467910355,0.0,0.0,0.0,0.0,1.0319285892151497,292.0258145718961,48.845970153808594,290.578857421875,500.1178283691406,1.156937599182129,0.5709436535835266,0.25,3.8935699462890625,0.6182320713996887,0.3878580331802368,1.298377547416748e-06,0.0,5.347040927087939,3.745801539034457,0.29946271402967095,0.7325241968438432,0.31110008987220555,0.0389365334365819,0.6399176974554319,0.2723979740529447,0.04020159731845598,,,,,,,,,,,,,,,,,,,,,,,,,,,,,,,,,
354,7.409794930973071e-06,7.409794930973071e-06,1.0,8.735445099907952,4.7298591330244735,3.19122618597907,3.19122618597907,3.190789087398632,0.0,0.0,0.31390485892424713,1.4203274346686698,0.08840940288595252,1.4815447104943764,0.08322764943177635,0.017106248676223127,0.4802439083924165,0.0,0.0,0.0,0.0,0.991050707327353,296.22705490524703,49.61518478393555,298.6340026855469,500.1178283691406,1.1579939126968384,0.5747822523117065,0.3203747868537903,3.8618698120117188,0.6190372109413147,0.3897082805633545,0.0,0.0,5.054413895349245,3.3274062533636353,0.34168306706633067,0.7336350969366126,0.3108756268346632,0.038922083236881205,0.639821964341241,0.2722744369829023,0.040309337546696536,,,,,,,,,,,,,,,,,,,,,,,,,,,,,,,,,
355,7.396426648787186e-06,7.396426648787186e-06,1.0,8.851401638340306,4.828758471720928,3.200932837821342,3.200932837821342,3.200475634755315,0.0,0.0,0.31561779250969757,1.4333822179485012,0.08797717658249107,1.5059626134666237,0.08222733941432592,0.014451244389764159,0.4790659345485069,0.0,0.0,0.0,0.0,1.0005114722896267,296.6850185909787,49.421749114990234,298.6340026855469,500.1178283691406,1.1602199077606201,0.5897526741027832,0.25,3.871826171875,0.6217643618583679,0.39889904856681824,6.49188773708374e-07,0.0,5.206642168599206,3.65274833988499,0.2984445211321821,0.7376174958976539,0.3092406255167884,0.03879137850693754,0.642405489006558,0.270215761017155,0.0400753150115142,95.43765246213137,166.9305588167893,0.23830664209092894,-0.31322022322770005,95.43765220271698,121.27659227747922,145.16198831207856,178.61827552122017,25.6060791015625,65.89013133677402,188.9257228685462,0.48665006330418115,0.8314915041513669,0.0667751587025924,-0.31637669832802,0.8180765199229857,0.7167529323267864,0.7160475115098935,0.5543792080327435,0.9479353671112993,0.9849545272657348,0.995183102816699,0.44793536711129933,0.1849545272657348,0.04518310281669902,0.00029116251695204224,0.09803872720978597,0.47802197802197804,0.521978021978022,0.6437728937728939,0.4624848952005198,0.4471664953117187,0.44297353698165864
356,7.383036968793872e-06,7.383036968793872e-06,1.0,8.882652360039788,4.868060060449548,3.1896247412707353,3.1896247412707353,3.1892572158091776,0.0,0.0,0.3143423956793708,1.448928098420839,0.0892639546780973,1.505341275318249,0.08301070201638583,0.015641713300971565,0.48329066505303253,0.0,0.0,0.0,0.0,1.0112303994797371,297.0548524598818,49.421749114990234,300.9761962890625,500.1178283691406,1.162137746810913,0.5843468904495239,0.2744638919830322,3.870452880859375,0.6240369081497192,0.3979337215423584,0.0,0.0,4.711226241008656,3.4361124811945736,0.2706543253463211,0.7408731450905671,0.30809397633011276,0.03879503855431402,0.6440995786641095,0.26877863664884827,0.039935286282687575,,,,,,,,,,,,,,,,,,,,,,,,,,,,,,,,,
357,7.369626024475348e-06,7.369626024475348e-06,1.0,8.960632118018898,4.93335027952452,3.2048245120692895,3.2048245120692895,3.2044394596202954,0.0,0.0,0.31345727717554245,1.4550357090460289,0.08902030236817696,1.4922585068522274,0.08197164072378262,0.015233322399089465,0.4819385240206847,0.0,0.0,0.0,0.0,1.0006780962686281,301.39981285301417,50.593753814697266,308.1136779785156,500.1178283691406,1.1592917442321777,0.5813918113708496,0.25,3.904327392578125,0.6233158707618713,0.3969390094280243,2.596755094833496e-06,0.0,5.02697841621734,3.417845252397898,0.3200994773775595,0.7403248838476233,0.3065366487245302,0.03850081643542728,0.6453345482413834,0.26789955996178294,0.039738969424286404,,,,,,,,,,,,,,,,,,,,,,,,,,,,,,,,,
358,7.3561939495258185e-06,7.3561939495258185e-06,1.0,9.035684624233761,4.998348210309003,3.214165990417068,3.214165990417068,3.213801145553589,0.0,0.0,0.31522567449389277,1.4407319410427197,0.08874918097579801,1.5033392938407693,0.08442927524447441,0.014642825992022818,0.46914280588562424,0.0,0.0,0.0,0.0,0.9720598410915684,299.8861644847973,50.29817199707031,305.7159118652344,500.1178283691406,1.1577870845794678,0.5812641382217407,0.2651922106742859,3.8602676391601562,0.6223573684692383,0.3957973122596741,0.0,0.0,4.344164424651378,3.1354192608111613,0.27824572131318887,0.7392428307919889,0.3058138215864027,0.03849955577705357,0.645473879736823,0.267556546507655,0.03983429748867009,,,,,,,,,,,,,,,,,,,,,,,,,,,,,,,,,
359,7.342740877850141e-06,7.342740877850141e-06,1.0,8.976044190896523,4.951485234337884,3.1998538068822913,3.1998538068822913,3.199544571541451,0.0,0.0,0.3133139876095024,1.4526645460644283,0.08937787184038677,1.4977413899189718,0.0853176871062936,0.0159038919011584,0.47969556176984635,0.0,0.0,0.0,0.0,1.0194231771134041,292.8769910657728,47.714454650878906,291.7161560058594,500.1178283691406,1.16036856174469,0.5877097249031067,0.25,3.8847579956054688,0.6258460879325867,0.4029240906238556,1.947566321125122e-06,0.0,5.124754203332437,3.6104946458661877,0.2954794507962124,0.7443094479071127,0.30387961783924616,0.03815780116899593,0.6477885052964494,0.26580626577944366,0.03957924377676603,,,,,,,,,,,,,,,,,,,,,,,,,,,,,,,,,
360,7.329266943562489e-06,7.329266943562489e-06,1.0,8.861810014054582,4.8290391032760205,3.214376887759647,3.214376887759647,3.213848449088432,0.0,0.0,0.3143897781500945,1.4377637714953035,0.08898357805368062,1.4868659973144531,0.08219925233641186,0.015296192915254348,0.47961420142972794,0.0,0.0,0.0,0.0,1.0021876209491007,302.91437757337417,51.09025192260742,311.74560546875,500.1178283691406,1.152214527130127,0.5588516592979431,0.2540845572948456,3.8789215087890625,0.6216011643409729,0.38628777861595154,0.0,0.0,5.153114958389385,3.6011557063540898,0.30116915003199596,0.739244366014326,0.30182255925358953,0.0381175295726673,0.6486490803795892,0.26523178493654403,0.03945196309202426,102.70564062516767,171.9834378583088,0.24998710366060364,8.003070516900701,102.7056430826452,124.92865156354316,147.94380098126973,181.91982952580116,31.246544974190847,68.50554358312326,209.48881862474525,0.4826709173196242,0.8260700202932082,0.08476466209059096,-0.3154774005483262,0.8113815265544427,0.704813288325545,0.7017778881918111,0.5629575054686042,0.9478097675941828,0.984874081294028,0.9950808585816908,0.4478097675941828,0.18487408129402794,0.045080858581690864,0.00019618436971100174,0.1307226279986236,0.5164835164835165,0.4835164835164835,0.6611721611721613,0.46659374908431545,0.4500797374972275,0.44542974434219873
361,7.3157722809850186e-06,7.3157722809850186e-06,1.0,8.895459072009936,4.8643361426688525,3.2161559220906852,3.2161559220906852,3.2157860253308272,0.0,0.0,0.3147029739779395,1.431426637881511,0.08873053559580364,1.4828135773942277,0.07985718850348447,0.013975096312729089,0.47738728652129303,0.0,0.0,0.0,0.0,0.9814925338770892,308.49570444467906,54.81184005737305,321.6414794921875,500.1178283691406,1.1628239154815674,0.5893492698669434,0.26975882053375244,3.8659896850585938,0.6267539262771606,0.4017240107059479,0.0,0.0,4.1096691424782215,3.007784903049469,0.268119938911747,0.7454309511829067,0.3041140453235523,0.03836168489746145,0.6480981755901027,0.2653298901545035,0.039667178046058967,,,,,,,,,,,,,,,,,,,,,,,,,,,,,,,,,
362,7.302257024646522e-06,7.302257024646522e-06,1.0,8.821941092207625,4.781907764641014,3.2163217261030868,3.2163217261030868,3.216087766595789,0.0,0.0,0.31509250563544194,1.4490505907986615,0.08909544701109061,1.4949788306210492,0.0844757598195527,0.01558720794305004,0.4774779065235241,0.0,0.0,0.0,0.0,0.9984451403488984,314.8917698215794,55.026371002197266,337.077392578125,500.1178283691406,1.157569169998169,0.5761727690696716,0.25296249985694885,3.85076904296875,0.6257915496826172,0.39755627512931824,0.0,0.0,4.637965151587048,3.263476964589712,0.29635586772940825,0.7450088182011166,0.30068966907423894,0.03816703354587426,0.6503053984126529,0.26340583208444956,0.039509685156313146,,,,,,,,,,,,,,,,,,,,,,,,,,,,,,,,,
363,7.2887213092810975e-06,7.2887213092810975e-06,1.0,8.872643573864087,4.853036094356227,3.202128017270887,3.202128017270887,3.2018705380929484,0.0,0.0,0.31271200808318883,1.444395722569646,0.08866464930611688,1.4908425872390334,0.0792867712475158,0.01417687681277056,0.4687863000341364,0.0,0.0,0.0,0.0,0.9881036168820149,317.3523138922614,55.45794677734375,342.38555908203125,500.1178283691406,1.1579300165176392,0.5781221389770508,0.25623637437820435,3.8424148559570312,0.6254935264587402,0.39808952808380127,0.0,0.0,4.5449513809101,3.2250462995993123,0.29041126531181605,0.7445978457863266,0.3006761702331337,0.038529415791099135,0.6500046478735434,0.26329656549402186,0.03970170000920425,,,,,,,,,,,,,,,,,,,,,,,,,,,,,,,,,
364,7.2751652698267935e-06,7.2751652698267935e-06,1.0,8.868244609317264,4.8671681623201115,3.1800241341462008,3.1800241341462008,3.1797695739849194,0.0,0.0,0.3141288886199126,1.4382094692539524,0.08829442290840922,1.498563840582564,0.08341721858124475,0.016574051029778814,0.47218352234041366,0.0,0.0,0.0,0.0,1.0032888103175808,313.8955032761032,53.5421257019043,335.76324462890625,500.1178283691406,1.1620440483093262,0.5825267434120178,0.25,3.8656463623046875,0.629170835018158,0.40454551577568054,6.49188773708374e-07,0.0,5.773211372865213,3.9994564942411475,0.3072388596338126,0.7496371607522707,0.2998304423448202,0.03832048409291216,0.6511167819435532,0.2622192743662241,0.03967897805410463,,,,,,,,,,,,,,,,,,,,,,,,,,,,,,,,,
365,7.261589041424278e-06,7.261589041424278e-06,1.0,8.799600008371714,4.77179850758733,3.207119387549323,3.207119387549323,3.206749967626623,0.0,0.0,0.31342642210625316,1.4398221099698865,0.08867276117608354,1.491591466439737,0.08531596431055584,0.01723332825192326,0.4715165310614818,0.0,0.0,0.0,0.0,1.0078465858021297,316.6131418588999,55.090309143066406,342.38555908203125,500.1178283691406,1.155274510383606,0.5741904377937317,0.30577391386032104,3.8691940307617188,0.6266323328018188,0.40076443552970886,0.0,0.0,5.008623124779882,3.474252430168358,0.30634580729788,0.7470855986749804,0.2967015915625804,0.038046901290481154,0.6529107045482945,0.26076698303222656,0.039498029025019823,102.54643781892545,166.19977010161438,0.2646231628666709,25.31296367435665,102.54643871333016,124.86213494762869,149.72925723019756,184.22364238719905,42.655347551618306,72.42168189943298,196.14059315557066,0.516557716463731,0.8366922052924238,0.06736703297269911,-0.3090881627285323,0.8243209144611012,0.7391126906271421,0.732354383052984,0.5536086558490753,0.9448540268917909,0.984468737397879,0.9952625107758677,0.4448540268917909,0.18446873739787895,0.04526251077586774,0.0004017108522653845,0.1342840490170281,0.521978021978022,0.47802197802197804,0.6474358974358974,0.47340845509053586,0.45732876335035316,0.45255681336089804
366,7.247992759415475e-06,7.247992759415475e-06,1.0,8.99108193371747,4.979273873406488,3.192381697732049,3.192381697732049,3.1919949634655103,0.0,0.0,0.315001475649911,1.4494754462628752,0.08843349866770409,1.4901522849057172,0.07899721248729809,0.014932867932460597,0.468363633832416,0.0,0.0,0.0,0.0,0.9810994476885408,320.0218687315245,57.667137145996094,349.1385192871094,500.1178283691406,1.1619845628738403,0.5805059671401978,0.2888217866420746,3.887104034423828,0.6300451755523682,0.4023015797138214,0.0,0.0,4.680950612635226,3.2270032989012227,0.31060941121860663,0.7513213930903254,0.2976479482006382,0.038203574213627224,0.6534277571214212,0.26016577594989054,0.039524964283447005,,,,,,,,,,,,,,,,,,,,,,,,,,,,,,,,,
367,7.234376559342231e-06,7.234376559342231e-06,1.0,8.835673770389041,4.817409914893073,3.200146681553609,3.200146681553609,3.1997491217948295,0.0,0.0,0.31396268106795644,1.4351899784964484,0.08842434230688456,1.489795072658642,0.08175342499807074,0.015681353825572376,0.4813483929311907,0.0,0.0,0.0,0.0,1.0046064402606036,316.77516875395906,55.026371002197266,342.38555908203125,500.1178283691406,1.155863642692566,0.5734254121780396,0.25,3.8592376708984375,0.6285317540168762,0.4006715416908264,1.947566321125122e-06,0.0,5.561096818060489,3.79181633285574,0.3181531527123835,0.7500550199199367,0.2948085399898323,0.03775634747501966,0.6555985325091594,0.25888038164860494,0.039110031381652165,,,,,,,,,,,,,,,,,,,,,,,,,,,,,,,,,
368,7.2207405769449525e-06,7.2207405769449525e-06,1.0,9.062323879551244,5.0476066744005355,3.189579796146702,3.189579796146702,3.189290188454293,0.0,0.0,0.3145348542445415,1.4473300399007023,0.08813939847656198,1.506441654385747,0.08471905107836465,0.01525213264835042,0.47308997689066706,0.0,0.0,0.0,0.0,1.0103956541499577,306.96742083575276,50.593753814697266,321.6414794921875,500.1178283691406,1.1680500507354736,0.5944372415542603,0.2514716386795044,3.8757171630859375,0.6331902742385864,0.40996479988098145,0.0,0.0,4.679309558224034,3.3975559730787537,0.27391938259193777,0.755090449307416,0.2990224683606947,0.03851866409988017,0.6536703641350204,0.25981705817016393,0.03959554715736492,,,,,,,,,,,,,,,,,,,,,,,,,,,,,,,,,
369,7.207084948161256e-06,7.207084948161256e-06,1.0,8.847312901471112,4.846071810335727,3.1817257984264478,3.1817257984264478,3.1814168208354228,0.0,0.0,0.314276537379703,1.4423039539440259,0.08864662333114727,1.4890711726369084,0.08221291690259366,0.014677689070939212,0.47858487190427007,0.0,0.0,0.0,0.0,1.0050096914574906,323.5186165474557,58.346900939941406,357.4180908203125,500.1178283691406,1.1587527990341187,0.569298505783081,0.25,3.885845184326172,0.6288850903511047,0.39659014344215393,1.298377547416748e-06,0.0,4.4486641320022375,3.180563966970186,0.2850519003917947,0.7499247950476569,0.2971901063983505,0.038012119865900765,0.6540793744293419,0.2600360971850318,0.03928703432147567,,,,,,,,,,,,,,,,,,,,,,,,,,,,,,,,,
370,7.193409809124613e-06,7.193409809124613e-06,1.0,8.861806689081964,4.852852718250172,3.1896239164713265,3.1896239164713265,3.1893685121794006,0.0,0.0,0.3133973898114385,1.434298882613311,0.08794355130678899,1.4964665464452795,0.08322948489237476,0.016929842720462662,0.4705927218939807,0.0,0.0,0.0,0.0,1.0151091411307052,322.1830023688239,56.995296478271484,356.024658203125,500.1178283691406,1.1617690324783325,0.5868206024169922,0.3290189802646637,3.8748016357421875,0.6303958296775818,0.40744227170944214,0.0,0.0,5.976288172038826,4.040511403534864,0.3239095426423467,0.752005794563809,0.2966594953794737,0.03840345728236276,0.6543551973394446,0.25908467979044525,0.0395892755808057,89.50008534861135,157.60030345864556,0.23087829436007945,-1.7413337623680032,89.50008479943233,116.00413028276287,140.51494076232856,174.97027960050983,41.6993157523019,60.4473024708356,178.24822400963825,0.5319836392422205,0.8276812293846877,0.0831523511107259,-0.3193482118989957,0.81151271576635,0.7122154459909132,0.7095417474264767,0.5555738156387261,0.9486811791199626,0.9853417059424661,0.9953455517789199,0.44868117911996264,0.18534170594246602,0.04534555177891997,0.00029998562352634656,0.18311942489953337,0.43956043956043955,0.5604395604395604,0.6382783882783882,0.4557060365984728,0.4411589149590377,0.4373248039366125
371,7.179715296162999e-06,7.179715296162999e-06,1.0,8.887515171154126,4.867824812193175,3.1988923678527006,3.1988923678527006,3.1984715912793136,0.0,0.0,0.31571676521687897,1.4400387744645815,0.08862227584059174,1.4881442463075794,0.0845218488090747,0.015075612165084159,0.478370590789898,0.0,0.0,0.0,0.0,0.9960088439889856,328.79235015044344,58.11942672729492,371.6560363769531,500.1178283691406,1.1576004028320312,0.5796862840652466,0.25,3.878692626953125,0.6291605234146118,0.40327927470207214,1.298377547416748e-06,0.0,5.437484499570486,3.8941755020940625,0.2838277511592597,0.7508987317214141,0.2946400602121611,0.038045463831843554,0.6558505441691425,0.2581420589137722,0.03930278424475644,,,,,,,,,,,,,,,,,,,,,,,,,,,,,,,,,
372,7.166001545797524e-06,7.166001545797524e-06,1.0,8.90867534843651,4.8655029567512305,3.217913717836947,3.217913717836947,3.217468667674709,0.0,0.0,0.3167146162406818,1.439868865786372,0.08779720378083151,1.5029343785466374,0.08744448010583182,0.014784452927021964,0.4724203662292377,0.0,0.0,0.0,0.0,0.98632358054857,326.49068224107896,57.2183723449707,367.32611083984375,500.1178283691406,1.1567860841751099,0.5770779848098755,0.25,3.8761749267578125,0.6294567584991455,0.4026138484477997,6.49188773708374e-07,0.0,5.261659805839126,3.6816760527121053,0.3002823845383607,0.751511942695927,0.29374556686427145,0.03792782953462085,0.6566278692838308,0.2576311963635522,0.03917498665081488,,,,,,,,,,,,,,,,,,,,,,,,,,,,,,,,,
373,7.152268694741076e-06,7.152268694741076e-06,1.0,8.941456717413825,4.914582123627534,3.221078279856089,3.221078279856089,3.220693755794216,0.0,0.0,0.31392826905121674,1.4001326126021307,0.08721403264113374,1.4728872035000775,0.07961918665347872,0.014166134799755103,0.471450248280087,0.0,0.0,0.0,0.0,0.9810295024433652,324.68507550213786,58.346900939941406,360.22137451171875,500.1178283691406,1.1591501235961914,0.5846207737922668,0.2762826681137085,3.8752593994140625,0.6298690438270569,0.40533190965652466,0.0,0.0,5.2136832403170095,3.606800153448775,0.3082049700377522,0.7518758870459892,0.2944062231360255,0.038166018857343775,0.6560332678459786,0.25760299531189174,0.03945830575114972,,,,,,,,,,,,,,,,,,,,,,,,,,,,,,,,,
374,7.138516879896963e-06,7.138516879896963e-06,1.0,8.98894400209994,4.970000666541022,3.2062412532600195,3.2062412532600195,3.2059611758670292,0.0,0.0,0.3144212494025359,1.4315934857806645,0.08877539856208337,1.472964808747575,0.07980087117568867,0.013693413476937928,0.4749546711509292,0.0,0.0,0.0,0.0,0.9819059033651609,331.0699005126953,61.626609802246094,377.5087585449219,500.1178283691406,1.1584265232086182,0.57692551612854,0.28621163964271545,3.8639297485351562,0.6299700736999512,0.40275314450263977,0.0,0.0,4.921022406300983,3.4067153334617615,0.307722043878579,0.7520018767666172,0.2944825670203647,0.03797341510653496,0.6560883103190241,0.25788010455466603,0.03928939494732264,,,,,,,,,,,,,,,,,,,,,,,,,,,,,,,,,
375,7.1247462383575385e-06,7.1247462383575385e-06,1.0,8.927107553224307,4.9148367288950325,3.1939870086876123,3.1939870086876123,3.1934973806948275,0.0,0.0,0.314800305140985,1.44212184725581,0.08815301672832386,1.4850203314343013,0.08205781776357342,0.014896856557980582,0.4675284873794865,0.0,0.0,0.0,0.0,0.9853886994155677,344.4669923524599,66.1156997680664,416.2350158691406,500.1178283691406,1.1525148153305054,0.572361409664154,0.3301202356815338,3.8600387573242188,0.6283572912216187,0.3998733460903168,0.0,0.0,5.258302498508144,3.49760054736524,0.33484227117828236,0.7508236282580608,0.29073772639841644,0.03755492374703691,0.658763899996474,0.25593595005370473,0.03892370998053937,96.08241741473859,161.36973606923016,0.25625099138695506,1.7467307625236093,96.08241843327006,120.96028810340783,145.30421424909522,179.18834210463112,57.95621272495815,66.24817740270333,185.54981729258662,0.5139821284587142,0.8273483172342054,0.08868924458290642,-0.31409321586037664,0.8110973663432905,0.7130614304323418,0.7089142177428914,0.557898559192627,0.9478824284718536,0.9850256311245984,0.9951763557352009,0.44788242847185356,0.18502563112459836,0.04517635573520096,0.0002574271094620552,0.21462829549518128,0.45054945054945056,0.5494505494505495,0.6336996336996338,0.4626709812290066,0.4477218134881376,0.4437407236750964
376,7.110956907402843e-06,7.110956907402843e-06,1.0,9.056742642376873,5.022955778482798,3.214728638932512,3.214728638932512,3.214451448337452,0.0,0.0,0.3158887141459697,1.4388290965879285,0.08847205642912839,1.4871417541761656,0.08226654245644002,0.015402910563893415,0.4725724378147641,0.0,0.0,0.0,0.0,1.0035970968169134,342.5863325789168,64.08153533935547,409.7818908691406,500.1178283691406,1.158403992652893,0.5840314030647278,0.25,3.8600387573242188,0.631836473941803,0.4066706895828247,6.49188773708374e-07,0.0,5.2747463567836865,3.5635756495836617,0.32440814997660344,0.75522924113918,0.2913563630065402,0.037664645124931596,0.6598582364417411,0.2549161210253432,0.0388858582119684,,,,,,,,,,,,,,,,,,,,,,,,,,,,,,,,,
377,7.097149024499231e-06,7.097149024499231e-06,1.0,8.869808274346429,4.848749238091546,3.2004832705935917,3.2004832705935917,3.2000949318344527,0.0,0.0,0.3147306442260742,1.4364291719488196,0.08772772027028573,1.4964324976946857,0.08383431346029849,0.016354511907273852,0.46989756419851975,0.0,0.0,0.0,0.0,1.004662644218754,334.4564110008446,60.90863800048828,387.9736633300781,500.1178283691406,1.1566766500473022,0.5755537748336792,0.31402286887168884,3.8816680908203125,0.6315858960151672,0.40539437532424927,0.0,0.0,5.750827918181548,3.714715058739121,0.3540556052816583,0.7550416798204989,0.2907666652589231,0.037665540704856046,0.6597242129815591,0.25498470905664805,0.03892424390525431,,,,,,,,,,,,,,,,,,,,,,,,,,,,,,,,,
378,7.083322727298007e-06,7.083322727298007e-06,1.0,9.028406297838366,5.02246947546263,3.1912073831300476,3.1912073831300476,3.1909080518258586,0.0,0.0,0.31333230476121643,1.4239753355851044,0.08757707990101866,1.4918728776880212,0.08115555627925976,0.016788468224223,0.4607955193197405,0.0,0.0,0.0,0.0,0.9989798705320101,333.3686243005701,57.2183723449707,389.4921875,500.1178283691406,1.1592563390731812,0.5815290212631226,0.2935359477996826,3.91302490234375,0.6331505179405212,0.4091685712337494,0.0,0.0,5.832770466804504,3.9192305062268233,0.32806707746653674,0.7571204175820222,0.29063111302014943,0.03773293281729157,0.6597454467335263,0.2549019455909729,0.03895631805062294,,,,,,,,,,,,,,,,,,,,,,,,,,,,,,,,,
379,7.0694781536340386e-06,7.0694781536340386e-06,1.0,8.875253187643516,4.871166216360556,3.185374150405059,3.185374150405059,3.185148387341886,0.0,0.0,0.31383309332100123,1.4380729262893264,0.0883932892937918,1.4896379934774864,0.08243230931662224,0.015807923640602746,0.47654801687678777,0.0,0.0,0.0,0.0,1.021036441261704,337.5934794657939,62.84208679199219,397.1742248535156,500.1178283691406,1.1607893705368042,0.5888329148292542,0.2620563209056854,3.8620986938476562,0.6336407661437988,0.41064390540122986,0.0,0.0,5.7161216929152205,3.832877656897983,0.3294618514422816,0.7576917458224941,0.2909372891928699,0.03772808480504397,0.6604551753482303,0.25426839573963267,0.03891678657886144,,,,,,,,,,,,,,,,,,,,,,,,,,,,,,,,,
380,7.055615441524402e-06,7.055615441524402e-06,1.0,8.908026128201872,4.906121911229314,3.1818461675901673,3.1818461675901673,3.181416144242158,0.0,0.0,0.31479145707310857,1.4433570230329358,0.08770305764030766,1.4877650222262822,0.08341452197448627,0.015362483449280262,0.4731153265849964,0.0,0.0,0.0,0.0,1.0232453233486898,335.14050622888516,58.346900939941406,394.0833740234375,500.1178283691406,1.158900499343872,0.5833984017372131,0.3104381263256073,3.8969459533691406,0.6349729299545288,0.4117100238800049,0.0,0.0,5.579927843164754,4.007253566303769,0.2818449128849335,0.7601544953681327,0.28805394108231,0.03743581061024923,0.6631105139448836,0.2522285536334321,0.0386114920917395,103.56274571261564,163.1623684867983,0.28920560959012354,38.620380632169955,103.56274624809453,130.0878026952886,153.77987549506017,188.2839553742826,59.00516619001116,78.63318707961444,180.2544005020805,0.4928856073552013,0.8185989586787575,0.10850286829871023,-0.30381496769165495,0.7940977895600263,0.7049833954264212,0.7116065533104057,0.5709909710715754,0.9470795257735918,0.9856136652274623,0.9955811806250807,0.4470795257735918,0.18561366522746225,0.045581180625080764,0.0002486040028877509,0.2436153146293854,0.5714285714285714,0.42857142857142855,0.6474358974358975,0.4801410622076019,0.46301655021015103,0.4576164978955473
381,7.0417347291669866e-06,7.0417347291669866e-06,1.0,8.770055152274466,4.76395185573681,3.1907705938493884,3.1907705938493884,3.1904764497602307,0.0,0.0,0.31509800537212473,1.4185072827983547,0.08630942684170362,1.4941290842520225,0.08319206656636419,0.014644061605370528,0.45665981560140045,0.0,0.0,0.0,0.0,0.9761033847525313,332.85454414986276,58.57526397705078,386.46112060546875,500.1178283691406,1.167658805847168,0.5981581807136536,0.2903766632080078,3.8789215087890625,0.6394482851028442,0.41886773705482483,0.0,0.0,4.551063363616531,3.2805738416877954,0.2791632241567239,0.7658459689166095,0.2886595355497824,0.037911369792512944,0.6636780951474164,0.25108195277484685,0.03886421306713207,,,,,,,,,,,,,,,,,,,,,,,,,,,,,,,,,
382,7.027836154939138e-06,7.027836154939138e-06,1.0,8.900841764501623,4.865692254659292,3.219502693897969,3.219502693897969,3.2192315733110584,0.0,0.0,0.31481171459765045,1.4283734431137909,0.08783994675488085,1.4850422981623057,0.08277699300968969,0.014631543119714872,0.46380549508172114,0.0,0.0,0.0,0.0,0.9902369847168794,334.6777079814189,60.199031829833984,391.0166015625,500.1178283691406,1.1594442129135132,0.5803291201591492,0.3076600730419159,3.857635498046875,0.6360129714012146,0.41006791591644287,0.0,0.0,4.96450365958987,3.4804521444681527,0.29893250501588287,0.7618983661806261,0.2864913191344287,0.037430444984017194,0.6643907105600512,0.2509107142686844,0.03859750543897216,,,,,,,,,,,,,,,,,,,,,,,,,,,,,,,,,
383,7.01391985739626e-06,7.01391985739626e-06,1.0,9.041376835591084,5.009386848759007,3.2077310987420984,3.2077310987420984,3.2074875122792013,0.0,0.0,0.3143873456362131,1.454852110630757,0.08817752692345027,1.4982043440277513,0.0845637689973857,0.014268097266353466,0.46428428791664744,0.0,0.0,0.0,0.0,0.9858898971531842,342.783505826383,66.89505004882812,411.3857421875,500.1178283691406,1.156944990158081,0.5757631659507751,0.31574660539627075,3.889850616455078,0.6341831684112549,0.40666142106056213,0.0,0.0,4.276280593227696,3.100844270474202,0.2748735255153792,0.7594748880412128,0.28661139269132874,0.03733168713547088,0.6638203005532961,0.2512659563406094,0.038680497053507214,,,,,,,,,,,,,,,,,,,,,,,,,,,,,,,,,
384,6.999985975270441e-06,6.999985975270441e-06,1.0,8.860971657005516,4.868029014484303,3.1703973847466544,3.1703973847466544,3.170035877743283,0.0,0.0,0.3138927632086986,1.4519963264465332,0.08787745096393533,1.4984245525824058,0.08276738256618783,0.014670728340845656,0.46285576997576533,0.0,0.0,0.0,0.0,0.9990069721196149,336.9209273054793,61.14702606201172,397.1742248535156,500.1178283691406,1.1588979959487915,0.5860443711280823,0.3060915470123291,3.861297607421875,0.6358649730682373,0.4138948619365692,0.0,0.0,4.84181157962696,3.415526034058751,0.29457683805161566,0.7618313995567528,0.28596486433132273,0.03739910240511637,0.6643701340701129,0.2505748723004315,0.038735113333205916,,,,,,,,,,,,,,,,,,,,,,,,,,,,,,,,,
385,6.986034647469075e-06,6.986034647469075e-06,1.0,8.86555816031791,4.846542435723382,3.1973115946795487,3.1973115946795487,3.1969713133734627,0.0,0.0,0.314745017805615,1.4416723219124046,0.08750026290481155,1.4898668559821877,0.08650029792978957,0.01673206440298944,0.4702786956284497,0.0,0.0,0.0,0.0,1.0340094566345215,319.0010734764305,51.19013595581055,353.2540588378906,500.1178283691406,1.157955288887024,0.5795234441757202,0.29278936982154846,3.8664474487304688,0.6370627284049988,0.414190411567688,0.0,0.0,5.255719199373916,3.829325978820388,0.2713982932580275,0.763957824255969,0.28365832245027695,0.037419241727203935,0.6662719394709613,0.2490332787101333,0.038593217730522156,104.74213860061143,170.00993842709443,0.3038373021987621,35.05787115830641,104.742137929897,134.4428522287244,158.5842280878857,191.99434481127898,73.29324122837612,80.65805500237516,177.0679878566576,0.4906133915968991,0.8033128010961645,0.1320535914404076,-0.30446418822428917,0.7695113501571172,0.6731206804958677,0.6921718681569177,0.5846972668409964,0.9487512449662879,0.9856276783967274,0.9953497038290725,0.44875124496628793,0.18562767839672734,0.04534970382907255,0.0001800951753696233,0.3036015402030041,0.5879120879120879,0.41208791208791207,0.6263736263736264,0.485742254366914,0.46794146197019043,0.4622585988797984
386,6.972066013073467e-06,6.972066013073467e-06,1.0,8.778725881834287,4.77401793969644,3.1902552488687874,3.1902552488687874,3.1898881551381706,0.0,0.0,0.3138875759936668,1.4230083098282684,0.08751876491147119,1.4841835563247268,0.08343290809441258,0.01550783819166591,0.46552083701700775,0.0,0.0,0.0,0.0,1.004027961073695,324.8798432221284,54.598148345947266,367.32611083984375,500.1178283691406,1.1603676080703735,0.5819798707962036,0.25,3.8825836181640625,0.6396366357803345,0.41638195514678955,4.544321415958618e-06,0.0,4.839024210298383,3.501906212922689,0.2763197577168652,0.7674567602776192,0.28326860795149933,0.03698932168048781,0.6680366525778899,0.24804353270981763,0.03819260806650729,,,,,,,,,,,,,,,,,,,,,,,,,,,,,,,,,
387,6.958080211337457e-06,6.958080211337457e-06,1.0,8.825481749869681,4.809049348573427,3.2029528875608704,3.2029528875608704,3.2026066973402694,0.0,0.0,0.31464981871682246,1.4216997365693789,0.08776427543646581,1.477692130449656,0.08333980563927341,0.01621907193062676,0.46794105301032196,0.0,0.0,0.0,0.0,1.001586690142348,325.6188593684016,53.3333854675293,370.20709228515625,500.1178283691406,1.1628409624099731,0.5912620425224304,0.25,3.902496337890625,0.6408988237380981,0.42004597187042236,6.49188773708374e-07,0.0,5.541933278779726,3.969562633617504,0.2837224062553927,0.7690482558430852,0.2835496341859972,0.03693523237834106,0.6685831611220902,0.24776079364725062,0.03805953002459294,,,,,,,,,,,,,,,,,,,,,,,,,,,,,,,,,
388,6.944077381686024e-06,6.944077381686024e-06,1.0,8.835750837583799,4.848163256774077,3.165909599613499,3.165909599613499,3.1656638996021167,0.0,0.0,0.3135525858080065,1.4496222412264026,0.08853793204636187,1.4888987992260907,0.0848782073605705,0.016796545987646724,0.4677002526618339,0.0,0.0,0.0,0.0,1.0096383755271499,332.749303869299,58.346900939941406,386.46112060546875,500.1178283691406,1.1610078811645508,0.5932848453521729,0.2814977169036865,3.9037551879882812,0.6397906541824341,0.41968977451324463,0.0,0.0,5.495620189486323,4.048984182847513,0.2632343496747412,0.7677458734125704,0.282990155187813,0.03675018794633247,0.6690416319950206,0.24727675439538183,0.03806503016400982,,,,,,,,,,,,,,,,,,,,,,,,,,,,,,,,,
389,6.930057663713901e-06,6.930057663713901e-06,1.0,8.82384663659173,4.802889785251102,3.20201672734441,3.20201672734441,3.201716017078709,0.0,0.0,0.3145386198082486,1.4391712820207752,0.08777702680310688,1.4890603052603233,0.08326005190610886,0.01636268143743478,0.4632491501601967,0.0,0.0,0.0,0.0,0.9989788822225623,327.90690983952703,54.2791748046875,376.0370178222656,500.1178283691406,1.1572377681732178,0.5837046504020691,0.25,3.889850616455078,0.6391687989234924,0.41779452562332153,6.49188773708374e-07,0.0,5.787654936313629,4.127137646481797,0.2869067537895541,0.7674181751302771,0.280983455277778,0.03668520287484736,0.6699407036240036,0.246818375748557,0.03786056347795435,,,,,,,,,,,,,,,,,,,,,,,,,,,,,,,,,
390,6.91602119718418e-06,6.91602119718418e-06,1.0,8.872960979874069,4.888643496745342,3.1536413012324154,3.1536413012324154,3.153250301206434,0.0,0.0,0.3149341312614647,1.4799983082590877,0.08975017976921958,1.4944882328445848,0.08497383868372119,0.01720001392469213,0.4853951020820721,0.0,0.0,0.0,0.0,1.0624199139105308,333.7650319692251,56.551753997802734,392.5469970703125,500.1178283691406,1.1576696634292603,0.5869896411895752,0.25,3.8943710327148438,0.6393581628799438,0.4173319637775421,6.49188773708374e-07,0.0,6.36897930744532,4.447630978919364,0.30167287971557777,0.7675423541584531,0.28161891811602824,0.03629576616190575,0.670940236465351,0.24636949034961494,0.037581642032475084,94.71273755503225,159.3079528525414,0.251098420964804,16.342956522008876,94.71273823109148,120.42204846520166,144.99799657214592,179.45072134543602,45.99673243931362,67.48102128967759,178.49324699070144,0.485600832852716,0.8220543188047812,0.10003912667418925,-0.3192341626582853,0.7981250508721266,0.7046190020437872,0.709831456499348,0.5622395293894137,0.9495515526332042,0.9858524081112375,0.995589484725386,0.44955155263320423,0.1858524081112375,0.04558948472538604,0.00040326787107261466,0.2954116212769734,0.510989010989011,0.489010989010989,0.6098901098901099,0.4656752255837341,0.4498496637321435,0.44532950140617705
391,6.901968122026917e-06,6.901968122026917e-06,1.0,8.893857131133208,4.902025648065515,3.1689215544107796,3.1689215544107796,3.168419464214428,0.0,0.0,0.3145411006502203,1.4655404509724796,0.0884792806731688,1.4902165419346578,0.08002405955984786,0.014183658524416387,0.47000914973181646,0.0,0.0,0.0,0.0,1.002395655657794,340.10887269716005,60.43464279174805,408.18426513671875,500.1178283691406,1.1591153144836426,0.5863531827926636,0.27136245369911194,3.9022674560546875,0.6404272317886353,0.41782569885253906,0.0,0.0,5.036164026002626,3.49540344927762,0.3059393158701306,0.7690207861565255,0.2812839472616041,0.0363316367808226,0.6709454124038284,0.2463422478050799,0.03759189000403559,,,,,,,,,,,,,,,,,,,,,,,,,,,,,,,,,
392,6.887898578337747e-06,6.887898578337747e-06,1.0,8.686495136570286,4.684743842563114,3.1868459211813436,3.1868459211813436,3.186421014167167,0.0,0.0,0.31491732838991526,1.419943219906575,0.0869061828062341,1.4881336946745176,0.08401351744258725,0.015320813553911206,0.456714970034522,0.0,0.0,0.0,0.0,0.9931892076054135,335.5196327003273,56.33127975463867,400.2892761230469,500.1178283691406,1.1646474599838257,0.6025580167770386,0.28661519289016724,3.8925399780273438,0.6434348225593567,0.4270836114883423,0.0,0.0,5.440766962798866,3.855885657104286,0.2912974065110993,0.7727869410772581,0.2819135785102844,0.036706844395076904,0.6711063175588041,0.24595750828047055,0.03769328374717686,,,,,,,,,,,,,,,,,,,,,,,,,,,,,,,,,
393,6.873812706376475e-06,6.873812706376475e-06,1.0,8.750251718469569,4.74841206782573,3.1839532787735396,3.1839532787735396,3.183531458313401,0.0,0.0,0.3141540836643528,1.4425426592697967,0.08811465993120864,1.4804983332350448,0.08294753257084538,0.015481840152092077,0.4718740735505078,0.0,0.0,0.0,0.0,1.0278984968726699,329.68632301124364,52.60918045043945,384.9544372558594,500.1178283691406,1.1614916324615479,0.5937789082527161,0.25,3.8816680908203125,0.6428804993629456,0.4229621887207031,1.947566321125122e-06,0.0,5.236058599240071,3.7975469859870703,0.2747317635944291,0.772507495171315,0.28014694919457306,0.03641779549621247,0.6728141291721447,0.24473855704874606,0.037463309092296136,,,,,,,,,,,,,,,,,,,,,,,,,,,,,,,,,
394,6.859710646565684e-06,6.859710646565684e-06,1.0,8.896432309537321,4.8711365751318025,3.2015586737039925,3.2015586737039925,3.2012114782591126,0.0,0.0,0.31540284044033773,1.4480959177017212,0.0874291914137634,1.5030352747118152,0.0830886012597664,0.016389324405306094,0.46127543739370397,0.0,0.0,0.0,0.0,1.0079725900211849,322.95687783730995,46.883052825927734,371.6560363769531,500.1178283691406,1.165171504020691,0.593702495098114,0.2645639479160309,3.8733139038085938,0.6450962424278259,0.4252713620662689,0.0,0.0,5.409497306153581,3.8638365977519267,0.28573093227043217,0.7753724069208712,0.28023894654737935,0.03667668474687112,0.6728108621932365,0.24434706729811592,0.03763053878336339,,,,,,,,,,,,,,,,,,,,,,,,,,,,,,,,,
395,6.8455925394893355e-06,6.8455925394893355e-06,1.0,8.870188841948638,4.8770003705411344,3.179067946769096,3.179067946769096,3.1787122971302755,0.0,0.0,0.31453385385307103,1.4209786556862496,0.0867915755590877,1.4863018216313542,0.08366157386351276,0.015335578899327162,0.4517434730723098,0.0,0.0,0.0,0.0,0.9920798056834453,319.37499340160474,45.976253509521484,360.22137451171875,500.1178283691406,1.1714950799942017,0.6074414849281311,0.25,3.9184608459472656,0.6488672494888306,0.43276867270469666,2.596755094833496e-06,0.0,5.510374299577765,3.91820859747964,0.28893966462861254,0.7801189245404424,0.2810613529102222,0.03668343889954928,0.673354326067744,0.2438860571867711,0.037583973963518404,112.05170361026303,186.0218492815386,0.3205137501145022,59.062674008882965,112.05170249474578,138.77584805142936,161.62418159664475,194.97398484310534,64.83799198695591,91.01916279164395,178.2189589790676,0.49831138928470853,0.825920913437414,0.09872349423707964,-0.30544202025984546,0.8024059763797727,0.7260492801913307,0.7321375258881622,0.5683104662392601,0.9439561460462881,0.9849602363346946,0.9954353398634702,0.4439561460462881,0.1849602363346946,0.04543533986347026,0.0007364698958198716,0.28141194617489784,0.5824175824175825,0.4175824175824176,0.6263736263736264,0.4961497580202726,0.4787635700060771,0.47315275443942995
396,6.831458525891367e-06,6.831458525891367e-06,1.0,8.800596726907266,4.8258454348589925,3.1586379682695545,3.1586379682695545,3.158376377982062,0.0,0.0,0.3115468379613516,1.4267395477037172,0.08640302939189447,1.4959355270540393,0.08375078550464399,0.016072055029154226,0.4575659640737482,0.0,0.0,0.0,0.0,1.0117094017363883,318.61343466269005,45.08699035644531,357.4180908203125,500.1178283691406,1.169290542602539,0.6069261431694031,0.27167972922325134,3.896430730819702,0.648606538772583,0.4335026741027832,0.0,0.0,5.534692765893163,4.004797112297368,0.276419255468629,0.7801426310796995,0.2795757111665365,0.036584380309324004,0.6746211970174635,0.24291458645382444,0.03745675711212931,,,,,,,,,,,,,,,,,,,,,,,,,,,,,,,,,
397,6.817308746674286e-06,6.817308746674286e-06,1.0,8.83499694514919,4.863039016723633,3.1551625148670093,3.1551625148670093,3.154905080795288,0.0,0.0,0.3124927813942368,1.431843950941756,0.08694484487578676,1.4931521351272996,0.08296515923496839,0.016178648629401986,0.45891763712908773,0.0,0.0,0.0,0.0,1.0166776260814152,323.1776288006757,47.807735443115234,370.20709228515625,500.1178283691406,1.1714205741882324,0.6065289974212646,0.29835474491119385,3.8941993713378906,0.650456428527832,0.4342464804649353,0.0,0.0,5.328974454789548,3.8848596263576196,0.2709930101342472,0.7827000698527774,0.2790625578648335,0.03647190342481072,0.6757558278135352,0.24209343662133087,0.03732264001627226,,,,,,,,,,,,,,,,,,,,,,,,,,,,,,,,,
398,6.803143342897772e-06,6.803143342897772e-06,1.0,8.788003998833734,4.7902129147503825,3.1822356662234745,3.1822356662234745,3.181956787367125,0.0,0.0,0.31350601847107346,1.4131214554245408,0.0864773853807836,1.4955293101233404,0.08692690689821501,0.01718148810637964,0.4476812063036738,0.0,0.0,0.0,0.0,0.9968224602776605,329.92725021774703,50.29817199707031,389.4921875,500.1178283691406,1.1669222116470337,0.6037232875823975,0.25,3.885845184326172,0.6489831805229187,0.43553876876831055,1.298377547416748e-06,0.0,5.9028712768812435,4.224622549237432,0.28431057512921193,0.781267570482718,0.2770689588946265,0.03621042368782533,0.6760423022347528,0.2419883226220672,0.03724322236470274,,,,,,,,,,,,,,,,,,,,,,,,,,,,,,,,,
399,6.788962455777264e-06,6.788962455777264e-06,1.0,8.974456838659338,4.971058652207658,3.178880298459852,3.178880298459852,3.178618347322619,0.0,0.0,0.3135374212587202,1.4459941097207971,0.08709767642053398,1.5035910123103373,0.08697095402591937,0.01847044435153539,0.45732870456334707,0.0,0.0,0.0,0.0,1.0365531686190013,329.8726221033045,51.290218353271484,389.4921875,500.1178283691406,1.1670180559158325,0.6062085628509521,0.2979167699813843,3.9089622497558594,0.6491937041282654,0.43611860275268555,0.0,0.0,5.904686752203348,4.1653091875282495,0.29457575611882303,0.7814989073856456,0.27725351984436447,0.036226163995829785,0.6768365421810666,0.24144247979731173,0.03711991344352026,,,,,,,,,,,,,,,,,,,,,,,,,,,,,,,,,
400,6.774766226682554e-06,6.774766226682554e-06,1.0,8.959380974640718,4.925611354209281,3.214993328661532,3.214993328661532,3.2147640408696354,0.0,0.0,0.3135820401681436,1.4476066054524601,0.08780914686016135,1.4899750142484098,0.0807987184238595,0.015710441546665656,0.4586431472688108,0.0,0.0,0.0,0.0,1.0121159424652924,324.4806774242504,48.18269729614258,373.11065673828125,500.1178283691406,1.1653250455856323,0.5956087112426758,0.25,3.9141693115234375,0.6502713561058044,0.43187451362609863,6.49188773708374e-07,0.0,4.939842954680726,3.6808760359480575,0.2548597051126373,0.7835493619377548,0.27472620235907064,0.03586724903937932,0.6796157827248445,0.2394881284720189,0.03670263129311639,96.96789722652225,165.67930363752106,0.24328620702108672,13.267876887059474,96.96789721244215,120.31938192258939,143.99137769128484,178.25423459952054,29.091963631766184,67.87177412639292,188.89249320652175,0.5073684057012737,0.8335999330324356,0.07898338584605832,-0.32445405116492093,0.8170291390464463,0.7300660073982693,0.7227714762481295,0.5513015478716331,0.9475772527856364,0.9851195712593013,0.9953777301676027,0.4475772527856364,0.18511957125930123,0.045377730167602714,0.0008221059302175311,0.3005892278172828,0.4725274725274725,0.5274725274725275,0.6135531135531135,0.4617761361238721,0.44684074798619355,0.44281349527639347
401,6.760554797136382e-06,6.760554797136382e-06,1.0,8.854295550165949,4.8602692629839925,3.178947384293015,3.178947384293015,3.1787357588072083,0.0,0.0,0.31230153828053864,1.4338586974788357,0.08721084389332179,1.4864991935523781,0.08218269080326364,0.016095485412389844,0.45259519444929586,0.0,0.0,0.0,0.0,0.9944504869950784,326.2084589777766,47.43569564819336,378.98626708984375,500.1178283691406,1.1673908233642578,0.6028755307197571,0.25,3.8809814453125,0.6517884135246277,0.436197966337204,1.298377547416748e-06,0.0,5.2811988688804,3.7941102337192847,0.28158163933644376,0.785639091117962,0.2743397765868419,0.03575994094481339,0.6801206469535828,0.2389554276659682,0.036713689867709134,,,,,,,,,,,,,,,,,,,,,,,,,,,,,,,,,
402,6.746328308813019e-06,6.746328308813019e-06,1.0,8.85700310887517,4.864797385963234,3.1726954176619246,3.1726954176619246,3.1723325188095504,0.0,0.0,0.31288662069552653,1.4442152912552293,0.08742404809674702,1.4892363548278809,0.08403351490159293,0.017591977359827708,0.4595735741628183,0.0,0.0,0.0,0.0,1.0311855206618439,325.1417821935705,49.037147521972656,376.0370178222656,500.1178283691406,1.1655210256576538,0.6010760068893433,0.2525113523006439,3.882984161376953,0.6507545113563538,0.43516361713409424,0.0,0.0,6.149099111557007,4.208576709837527,0.31557832562372246,0.7842355982677357,0.2745652013533824,0.03567923696057217,0.6799354923738016,0.23953658463181676,0.03653893247246742,,,,,,,,,,,,,,,,,,,,,,,,,,,,,,,,,
403,6.732086903536859e-06,6.732086903536859e-06,1.0,8.820792791005728,4.827200928249875,3.1832296461672396,3.1832296461672396,3.1828859367886104,0.0,0.0,0.3126294475954932,1.4071106201893575,0.08597068689964912,1.4865303845018953,0.08408442763863383,0.017496484589788155,0.44110914903718074,0.0,0.0,0.0,0.0,0.9897461098593634,335.0128940891575,48.94146728515625,409.7818908691406,500.1178283691406,1.167790412902832,0.6064297556877136,0.26844847202301025,3.9123382568359375,0.6505322456359863,0.4374726712703705,0.0,0.0,6.0756752007716415,4.199953573781091,0.30872644850276465,0.7835139213381587,0.27620698068592997,0.036148012288518855,0.67826900449959,0.24039711903881383,0.03691021453689884,,,,,,,,,,,,,,,,,,,,,,,,,,,,,,,,,
404,6.7178307232810015e-06,6.7178307232810015e-06,1.0,8.829015731811523,4.826378190839613,3.186698868468001,3.186698868468001,3.186340377137468,0.0,0.0,0.3134402560221182,1.428228520058297,0.08621014976823652,1.488399489505871,0.08468767497185115,0.017150416089272178,0.44711170486501745,0.0,0.0,0.0,0.0,1.0230515567032066,338.35284588788005,51.49095916748047,419.49957275390625,500.1178283691406,1.1650195121765137,0.6082521080970764,0.2764497399330139,3.9006080627441406,0.6491449475288391,0.43698209524154663,0.0,0.0,5.736458739718875,4.094031638390309,0.28631376531247504,0.7819114456305633,0.2754024976008647,0.03583366061384614,0.6791053639875876,0.23995736362160863,0.03673010943709193,,,,,,,,,,,,,,,,,,,,,,,,,,,,,,,,,
405,6.703559910165841e-06,6.703559910165841e-06,1.0,8.805457488910571,4.80876399375297,3.1713227645770923,3.1713227645770923,3.1710346002836487,0.0,0.0,0.3134241965976921,1.4562502938347894,0.0879097286913846,1.5042455389692977,0.08473843618019207,0.018319514806608896,0.4530291251234106,0.0,0.0,0.0,0.0,1.0349695827509906,335.1656815812394,51.59162521362305,406.5929260253906,500.1178283691406,1.1654572486877441,0.6049909591674805,0.25,3.907703399658203,0.6499558687210083,0.43593302369117737,1.298377547416748e-06,0.0,5.747970552057834,3.9897309928326994,0.30588875557054934,0.7831564980584222,0.274676520276714,0.035741056441455275,0.6793124321344737,0.23963896769124107,0.036781236630033805,93.76097756689721,160.2919969274376,0.24765693952981785,10.820205981914814,93.76097445574199,118.2245557019695,143.02757251767795,176.76510689714345,41.99227360316685,67.55549751695736,175.1281048318614,0.5010202579629203,0.8307784626994409,0.08282351135123982,-0.3265407674631054,0.8113749311283157,0.7241038390073666,0.7222283122992668,0.5525142749898488,0.948406105797352,0.9853967206069882,0.9954638852082695,0.44840610579735196,0.1853967206069882,0.045463885208269494,0.001006872162008845,0.3229776012464455,0.43956043956043955,0.5604395604395604,0.5998168498168498,0.4605119814993916,0.4458310087467288,0.441924963760507
406,6.689274606457646e-06,6.689274606457646e-06,1.0,8.815378756136507,4.836398485544565,3.1631897140193628,3.1631897140193628,3.1628563597395614,0.0,0.0,0.31380052421544047,1.435159757330611,0.08615481168837161,1.4913691733334515,0.08104851046526754,0.01425715655440817,0.44612362255921234,0.0,0.0,0.0,0.0,0.9944207990491712,335.2430997281461,52.301822662353516,406.5929260253906,500.1178283691406,1.165184497833252,0.6029520034790039,0.25,3.891338348388672,0.6497846245765686,0.434537798166275,5.193510189666992e-06,0.0,4.868113752957937,3.570829760383915,0.26648596528496754,0.7829097557712246,0.2747511654286771,0.035800613865659046,0.6794450814659531,0.23968956800731453,0.03670533655865772,,,,,,,,,,,,,,,,,,,,,,,,,,,,,,,,,
407,6.674974954567144e-06,6.674974954567144e-06,1.0,8.89778080502072,4.9251629468557,3.1569406212987126,3.1569406212987126,3.1565119704684697,0.0,0.0,0.313398246024106,1.4267862745233484,0.08642892207245569,1.4909803158528097,0.08344299265661755,0.01702662347815931,0.45012463669519165,0.0,0.0,0.0,0.0,1.0131123001511033,336.6907752784523,50.791770935058594,412.9958190917969,500.1178283691406,1.1655935049057007,0.5983012318611145,0.25,3.9083900451660156,0.6513963341712952,0.4356005787849426,1.298377547416748e-06,0.0,5.645693468886453,4.148104455019976,0.26526219004268015,0.7854282131066194,0.2731179554720183,0.03564991238149437,0.680629770498018,0.23862209030099818,0.03665779118199606,,,,,,,,,,,,,,,,,,,,,,,,,,,,,,,,,
408,6.660661097048098e-06,6.660661097048098e-06,1.0,8.784674592920252,4.795632942302807,3.1767744051443563,3.1767744051443563,3.1763939793045455,0.0,0.0,0.31356911723678177,1.4307614242708362,0.08677965805337236,1.4803369270788658,0.07928094056409758,0.015252583559501815,0.4531358770422033,0.0,0.0,0.0,0.0,1.005669126639495,334.1268030115076,50.89107131958008,405.0077819824219,500.1178283691406,1.1693967580795288,0.6137199997901917,0.25,3.8988914489746094,0.6522581577301025,0.44043871760368347,2.596755094833496e-06,0.0,4.951240905233331,3.6501107264209436,0.2627887036231922,0.7860034011505745,0.2753417540240932,0.03590093502724493,0.6799519980275953,0.2391275018453598,0.0367118360827098,,,,,,,,,,,,,,,,,,,,,,,,,,,,,,,,,
409,6.646333176595888e-06,6.646333176595888e-06,1.0,8.738740508620804,4.769234837712468,3.1636495332460144,3.1636495332460144,3.163325122884802,0.0,0.0,0.3110732838914201,1.4115893905227248,0.08647766930831445,1.4681188222524282,0.08231349692151353,0.014932345240251036,0.4466696784302995,0.0,0.0,0.0,0.0,0.9931024602941565,336.36945322397594,50.791770935058594,412.9958190917969,500.1178283691406,1.1697005033493042,0.6131686568260193,0.2654236853122711,3.8998641967773438,0.6525124311447144,0.4411015212535858,0.0,0.0,4.541175159248146,3.4103154942796037,0.249023573262867,0.7864087062913019,0.2750204962653083,0.035982574562768675,0.6797510804356756,0.23917517790923248,0.03677417881585456,,,,,,,,,,,,,,,,,,,,,,,,,,,,,,,,,
410,6.631991336046086e-06,6.631991336046086e-06,1.0,8.768405141057196,4.765211414646458,3.1909786108377816,3.1909786108377816,3.190583190402469,0.0,0.0,0.31492184545542745,1.4177907801963188,0.08640279198015058,1.4832127416456067,0.08292434263873745,0.01457278722444096,0.445306500067582,0.0,0.0,0.0,0.0,0.9805316087361928,343.76996756888724,56.33127975463867,436.21051025390625,500.1178283691406,1.165160894393921,0.6082990765571594,0.25,3.8984909057617188,0.650105893611908,0.4368612766265869,3.895132642250244e-06,0.0,4.885047277888736,3.4909453891419076,0.28538145271530396,0.7835618483053671,0.2738221464930354,0.03570686552572895,0.6801121009362711,0.23898264322731946,0.03668022296718649,119.68528716118782,189.49962090826594,0.3475192923964628,71.02334559094776,119.68528856135306,144.05722459048252,167.49570324582325,200.60985003394998,86.5444564819336,95.2780945947928,193.17471446161684,0.5075014706992548,0.8243721734087304,0.10353001740885183,-0.3009081852524613,0.7995155217705151,0.7264943591376913,0.7378093290115673,0.5725301810188286,0.9427152020569256,0.9844692564041481,0.9952552446881006,0.4427152020569256,0.18446925640414802,0.045255244688100604,0.001179701249611394,0.3241002118064584,0.6318681318681318,0.36813186813186816,0.6272893772893773,0.5012108116195753,0.48359840142202903,0.47790386175716315
411,6.617635718373042e-06,6.617635718373042e-06,1.0,8.811496760394123,4.804113233411634,3.19488364941365,3.19488364941365,3.1945703351819836,0.0,0.0,0.3126544718806808,1.4342240224013458,0.08706282361133678,1.479465449178541,0.08006155682173935,0.01416421524953802,0.451462237416087,0.0,0.0,0.0,0.0,1.006401799820565,343.48760244008656,53.02180099487305,439.63177490234375,500.1178283691406,1.1647099256515503,0.6002172827720642,0.28331834077835083,3.9261856079101562,0.6500629782676697,0.43221691250801086,0.0,0.0,4.896241263763325,3.412368015663044,0.3030637520014186,0.7835519700436979,0.27360837524001663,0.03579020510251458,0.6809512811738092,0.2384416984545218,0.036535480034512444,,,,,,,,,,,,,,,,,,,,,,,,,,,,,,,,,
412,6.603266466688438e-06,6.603266466688438e-06,1.0,8.92093967747044,4.948657551327267,3.159006440961683,3.159006440961683,3.158611368488621,0.0,0.0,0.31353195615716883,1.4246704836149473,0.08653867506497614,1.483752154015206,0.08315274451632758,0.015570495850280733,0.4451885102568446,0.0,0.0,0.0,0.0,1.000100272732812,346.4054854109481,53.02180099487305,453.5871887207031,500.1178283691406,1.1682595014572144,0.6178492307662964,0.2866266071796417,3.9066734313964844,0.6525484919548035,0.443655401468277,0.0,0.0,5.073279248701559,3.721726857327126,0.2664060709294379,0.7868630193375252,0.2734221365000751,0.03566271167349171,0.6813642092653223,0.2381187705574809,0.03648482776574186,,,,,,,,,,,,,,,,,,,,,,,,,,,,,,,,,
413,6.588883724239886e-06,6.588883724239886e-06,1.0,8.774057903805295,4.792006801914525,3.173694423727087,3.173694423727087,3.1733260283599027,0.0,0.0,0.3144036330081321,1.406892879589184,0.08560319446228645,1.4759544649639644,0.08344952419802949,0.015240116598638328,0.4402853846549988,0.0,0.0,0.0,0.0,0.980173600686563,342.18664220861484,51.69248962402344,437.9178161621094,500.1178283691406,1.1751412153244019,0.6175947785377502,0.27341634035110474,3.915943145751953,0.6549698114395142,0.4416564404964447,0.0,0.0,4.5801985908199,3.3308558705690743,0.2727704258839094,0.7893363913974246,0.2761473381841505,0.03628803034489219,0.6796046640421893,0.23917512595653534,0.036823386779508076,,,,,,,,,,,,,,,,,,,,,,,,,,,,,,,,,
414,6.574487634409479e-06,6.574487634409479e-06,1.0,8.821737160553804,4.823112771317765,3.1873117588661812,3.1873117588661812,3.18714114137598,0.0,0.0,0.3127372740088282,1.419738228256638,0.08685858869874799,1.4825997674787366,0.08230609190021013,0.01696189127333865,0.44186384452355876,0.0,0.0,0.0,0.0,1.0095551642211709,345.5254335145693,51.793548583984375,457.14471435546875,500.1178283691406,1.17165207862854,0.6141964793205261,0.25,3.9218368530273438,0.6532102823257446,0.4425356984138489,1.298377547416748e-06,0.0,5.306078529841191,3.800021432541512,0.2838361868995472,0.7871797390886255,0.2755287933993984,0.03625718403506924,0.6793438743900608,0.23916991699386286,0.036950797849410286,,,,,,,,,,,,,,,,,,,,,,,,,,,,,,,,,
415,6.560078340712377e-06,6.560078340712377e-06,1.0,8.904590941764212,4.87966335141981,3.21451439728608,3.21451439728608,3.2141775118338094,0.0,0.0,0.31549665251293696,1.4112874913860012,0.08569200538300178,1.4823662590336155,0.08225172768170769,0.016416332457919378,0.43553532055906347,0.0,0.0,0.0,0.0,0.9681420229576729,350.2210247967694,54.598148345947266,467.9856262207031,500.1178283691406,1.1688059568405151,0.6115044951438904,0.25103694200515747,3.9028396606445312,0.6530033946037292,0.44015660881996155,0.0,0.0,5.098893487775648,3.484405437031308,0.31663498259279144,0.7874592220461046,0.27335921977017374,0.035915625357144584,0.6816951278093699,0.23763334066481204,0.036566594766603934,115.25358468359643,180.10537367878047,0.313486915148529,60.12215863741361,115.25358786656899,136.4602655935934,160.19033692211127,193.0395006660709,60.16285269601004,87.4621415840563,201.57382998259172,0.5142705601408606,0.8365445567312224,0.07591110374621991,-0.31508981764059907,0.8173571374032274,0.7489836120637754,0.7497687501875817,0.5563887886928287,0.9434864453727737,0.9845818807645378,0.995406794518671,0.4434864453727737,0.18458188076453774,0.04540679451867102,0.0018798407065958949,0.3128497129116823,0.6153846153846154,0.38461538461538464,0.6355311355311356,0.4899827976311956,0.4732936470881923,0.46802612647905456
416,6.5456559867953666e-06,6.5456559867953666e-06,1.0,8.767272150194323,4.772986772898081,3.18660290176804,3.18660290176804,3.1862770737828434,0.0,0.0,0.31107507525263606,1.4143022878749951,0.08562224418730349,1.4741737391497638,0.0828019828611129,0.016336501664104493,0.44072569705344533,0.0,0.0,0.0,0.0,1.0075542556272972,352.4033260860959,56.11166763305664,480.9586181640625,500.1178283691406,1.1663010120391846,0.6067564487457275,0.26327231526374817,3.892150402069092,0.6526954174041748,0.43992313742637634,0.0,0.0,5.012189813562341,3.6674477409672095,0.268294322963674,0.7873503114726093,0.2722177706860207,0.03562508442917386,0.6823590123975599,0.23735051743082097,0.036374160164111366,,,,,,,,,,,,,,,,,,,,,,,,,,,,,,,,,
417,6.5312207164354304e-06,6.5312207164354304e-06,1.0,8.780239749599147,4.804753058665508,3.161576019751059,3.161576019751059,3.1609627298406653,0.0,0.0,0.31327171986167496,1.4110625241253827,0.08464950202284632,1.494718989810428,0.08615523526394689,0.017611621325281827,0.43868205595660853,0.0,0.0,0.0,0.0,1.010175817721599,348.4266918285473,54.491615295410156,466.16107177734375,500.1178283691406,1.167993426322937,0.6030396819114685,0.26789209246635437,3.9065017700195312,0.6532567739486694,0.4373997151851654,0.0,0.0,6.031073451042175,4.188224724821143,0.30555899230552175,0.7879474549680143,0.27276285355155533,0.035739892942679895,0.6820118604479609,0.23758237345798597,0.03643691912293434,,,,,,,,,,,,,,,,,,,,,,,,,,,,,,,,,
418,6.5167726735383185e-06,6.5167726735383185e-06,1.0,8.844169951773978,4.828451942753148,3.198136832263019,3.198136832263019,3.1978943670118176,0.0,0.0,0.31518256019901586,1.43724102265126,0.08678620207954098,1.4894816521051768,0.08243290979314495,0.01632477857826932,0.44602949957589844,0.0,0.0,0.0,0.0,1.0210583548288088,350.97791187183276,56.33127975463867,477.2157897949219,500.1178283691406,1.1687239408493042,0.607749342918396,0.25,3.900035858154297,0.6530058979988098,0.43692392110824585,1.298377547416748e-06,0.0,5.139869467632191,3.6521157638446704,0.28945359666359216,0.7874299593873926,0.2735706543600237,0.03565086565307669,0.6820797018102698,0.23770804219954722,0.03634838115524601,,,,,,,,,,,,,,,,,,,,,,,,,,,,,,,,,
419,6.5023120021371115e-06,6.5023120021371115e-06,1.0,8.695543650034312,4.735428023982692,3.1476262324565165,3.1476262324565165,3.147359796472498,0.0,0.0,0.31131475841676864,1.4189954222859562,0.0858873781320211,1.4847362395879384,0.08623387714898265,0.017623160676275555,0.43473052011953817,0.0,0.0,0.0,0.0,1.0176922066791638,341.28186530035896,48.94146728515625,443.0798645019531,500.1178283691406,1.1692309379577637,0.6077722311019897,0.3048410415649414,3.915313720703125,0.6536933779716492,0.4401019215583801,0.0,0.0,5.765083312988281,4.103435780550982,0.28822610918626923,0.7884993907567617,0.27282631316700495,0.03580893455324946,0.6819041870735787,0.23743973712663394,0.03656531870365143,,,,,,,,,,,,,,,,,,,,,,,,,,,,,,,,,
420,6.487838846390782e-06,6.487838846390782e-06,1.0,8.854677806029448,4.871081558433739,3.1659684761150464,3.1659684761150464,3.1658251865490064,0.0,0.0,0.3128746570767583,1.4278389054375726,0.08631584974559578,1.5075199185190975,0.0829043330977092,0.015155512619310536,0.4352288866365278,0.0,0.0,0.0,0.0,0.9970157549187944,341.4079870275549,49.3253173828125,446.55499267578125,500.1178283691406,1.1722334623336792,0.614129900932312,0.25,3.892139434814453,0.6555570960044861,0.4427681267261505,2.596755094833496e-06,0.0,4.7313152728854,3.4368864861694544,0.27358751468839154,0.7908983584996816,0.2730302641520629,0.035748254709147116,0.6823144877279127,0.2371388955696209,0.036499830617292506,108.37315347692468,172.2305397723471,0.30438464074647026,54.219939053713624,108.37315672333341,133.1004844437,157.16266379159745,190.59837070714835,63.36364528111049,84.00072159878043,183.57120281717053,0.5116459458424529,0.8261054198799928,0.09680133327491831,-0.3115355123628435,0.8003257027928865,0.726821152563088,0.7378544250106717,0.5641139770024388,0.9460685015614304,0.9854709385034662,0.9956496894525989,0.4460685015614304,0.1854709385034662,0.04564968945259895,0.0016504399356639828,0.35850773241489986,0.6208791208791209,0.3791208791208791,0.6071428571428571,0.4848175908101129,0.46799884142947723,0.4626586683667623
421,6.4733533505827605e-06,6.4733533505827605e-06,1.0,8.7840535705154,4.804576783566861,3.1660000053611963,3.1660000053611963,3.1658373974465035,0.0,0.0,0.31280150365185094,1.4224091800483498,0.08641074356195089,1.487062099817637,0.08358836214284639,0.017496710630586824,0.4424428609577385,0.0,0.0,0.0,0.0,1.0228922528189581,336.61290266707135,46.974708557128906,427.7734375,500.1178283691406,1.1742998361587524,0.6231226921081543,0.25,3.943265914916992,0.6583320498466492,0.45163610577583313,3.2459438685418703e-06,0.0,5.879675783015586,4.263966360607663,0.27479566595749494,0.794862953392235,0.2717003395428529,0.03567785960999695,0.6839456526008812,0.2359588697955415,0.036308240044761346,,,,,,,,,,,,,,,,,,,,,,,,,,,,,,,,,
422,6.458855659119494e-06,6.458855659119494e-06,1.0,8.691910743713379,4.712149323643865,3.1701482502189844,3.1701482502189844,3.169765098674877,0.0,0.0,0.31496243138571045,1.4123104037465275,0.08582224133046898,1.4765164175549068,0.08289907902881906,0.016043877594072272,0.43856871933550445,0.0,0.0,0.0,0.0,1.015714611556079,353.35938902158995,57.44231414794922,488.5326232910156,500.1178283691406,1.168656349182129,0.6149852871894836,0.25,3.918804168701172,0.6558268666267395,0.44576677680015564,6.49188773708374e-07,0.0,5.338097445062689,3.7765298179678015,0.2925326191898599,0.7920637726783752,0.2698600348588583,0.03512149495450226,0.6856402593689996,0.23485523140108264,0.036005971600880496,,,,,,,,,,,,,,,,,,,,,,,,,,,,,,,,,
423,6.444345916529013e-06,6.444345916529013e-06,1.0,8.862904883719779,4.881352463284054,3.1659845597035177,3.1659845597035177,3.1657658589852824,0.0,0.0,0.3139562115475938,1.4249114088110022,0.08608524018042796,1.4911639819274078,0.08352032162853189,0.01848579344742403,0.44466191771868113,0.0,0.0,0.0,0.0,1.0172542011415637,348.769513104413,53.3333854675293,473.5020446777344,500.1178283691406,1.1758899688720703,0.6217291355133057,0.25941014289855957,3.913482666015625,0.6612978577613831,0.4529641568660736,0.0,0.0,6.176958974954244,4.078459618864833,0.33973017541450584,0.7992704897313505,0.26969660778303406,0.035201150420549755,0.6871284858600514,0.23359116791067897,0.035911301402626813,,,,,,,,,,,,,,,,,,,,,,,,,,,,,,,,,
424,6.429824267459482e-06,6.429824267459482e-06,1.0,8.871115349434518,4.862520688288921,3.1952753775828593,3.1952753775828593,3.1949250762527055,0.0,0.0,0.31327971493875656,1.4233243755392126,0.08606395004568873,1.4881513247618805,0.08279746398329735,0.016303324939783762,0.4386728124038593,0.0,0.0,0.0,0.0,1.0055891243187156,354.9542706463788,55.45794677734375,498.1680603027344,500.1178283691406,1.1686807870864868,0.6106642484664917,0.25,3.931793212890625,0.6568382978439331,0.44472813606262207,6.49188773708374e-07,0.0,5.415519823899141,3.7656581981762036,0.3046543414801955,0.7936093146736557,0.26891248612790497,0.035254735801671,0.6869000164238183,0.23396298128205376,0.035841277926354796,,,,,,,,,,,,,,,,,,,,,,,,,,,,,,,,,
425,6.415290856677763e-06,6.415290856677763e-06,1.0,8.792598801690179,4.797745923738222,3.1845789277875745,3.1845789277875745,3.1843800802488587,0.0,0.0,0.31396703542889776,1.4206768564275793,0.08639326510397163,1.4759792862711727,0.08157168419377224,0.017078564678494994,0.43944343763428767,0.0,0.0,0.0,0.0,0.9964276310559865,353.57288257495776,57.44231414794922,486.6280212402344,500.1178283691406,1.1737086772918701,0.6263065934181213,0.25,3.919261932373047,0.6592169404029846,0.4531204402446747,6.49188773708374e-07,0.0,5.5651754922158005,3.835752020011077,0.3107581197796416,0.7964607396641293,0.2699908557775858,0.0353797309704729,0.6862523716849249,0.23407206060113134,0.03611113704942368,134.02708388946868,200.5536755117887,0.38978110268622435,98.13459681416606,134.0270858845149,160.69210734100272,184.2603490963868,215.16180550487175,80.83799634660993,109.9078728727592,209.75973245371944,0.5212442163636982,0.8159421276003148,0.11832290988266356,-0.2878677310325028,0.7851624572968889,0.7242908437112402,0.7525612758295854,0.5859100224021005,0.9408120060682214,0.9841199651850595,0.9952433075439118,0.44081200606822135,0.18411996518505946,0.045243307543911815,0.0016608200610455173,0.37018277843778075,0.6978021978021978,0.3021978021978022,0.6227106227106226,0.5248694540216372,0.5059578062577562,0.4992467877301541
426,6.4007458290679715e-06,6.4007458290679715e-06,1.0,8.776086085551494,4.775202493409853,3.1914964882103174,3.1914964882103174,3.191282858719697,0.0,0.0,0.3156368168624672,1.4142620273538538,0.08606136972839767,1.4773509019129984,0.08207025142336213,0.014357448530358237,0.42902329886281815,0.0,0.0,0.0,0.0,0.9789424506393639,364.28996895455026,61.626609802246094,500.1178283691406,500.1178283691406,1.1687471866607666,0.617247462272644,0.25,3.9126815795898438,0.6566950082778931,0.44763392210006714,1.298377547416748e-06,0.0,4.507832332237347,3.4113028436093717,0.24324983890510865,0.7935735567195995,0.2682952526453379,0.03522048805009674,0.6869735669445347,0.23343082658342412,0.03606848177072164,,,,,,,,,,,,,,,,,,,,,,,,,,,,,,,,,
427,6.386189329630028e-06,6.386189329630028e-06,1.0,8.811828252431509,4.823886910000363,3.1756253951304667,3.1756253951304667,3.1752935035808667,0.0,0.0,0.3143933624834628,1.4221791995538247,0.0864534327709997,1.4777741077783946,0.08408327722871625,0.016574802254704205,0.4391071071495881,0.0,0.0,0.0,0.0,1.0142071794819187,364.6407280999261,63.088043212890625,500.1178283691406,500.1178283691406,1.1671537160873413,0.608862578868866,0.25,3.9304771423339844,0.6580929756164551,0.4460437595844269,6.49188773708374e-07,0.0,5.359710198801917,3.7980552831211605,0.2913692826208852,0.7960333630845353,0.26583477451994614,0.03478120015682401,0.6896859681284105,0.23166503012180328,0.03563885733082488,,,,,,,,,,,,,,,,,,,,,,,,,,,,,,,,,
428,6.3716215034782245e-06,6.3716215034782245e-06,1.0,8.869322751019451,4.86469299728806,3.184933295121064,3.184933295121064,3.1847521743258915,0.0,0.0,0.31482987790494354,1.4438694489968789,0.08784396211440498,1.4890601345010706,0.08469395349557335,0.01587375084164779,0.44365983073775833,0.0,0.0,0.0,0.0,1.018607366729427,364.68138081318625,63.831703186035156,500.1178283691406,500.1178283691406,1.1711159944534302,0.6215723156929016,0.25,3.9277305603027344,0.6597834825515747,0.45179522037506104,1.298377547416748e-06,0.0,5.65135068023527,4.066102100385202,0.2805079120986476,0.7980868204219921,0.26646360674419917,0.03495174183233364,0.6899123578458219,0.23120039902828834,0.035756088491227175,,,,,,,,,,,,,,,,,,,,,,,,,,,,,,,,,
429,6.357042495839758e-06,6.357042495839758e-06,1.0,8.750408971631849,4.747766340101087,3.195682345209895,3.195682345209895,3.1952690884873673,0.0,0.0,0.3157729740078385,1.4091712397498053,0.08640721259084908,1.468774437904358,0.0819734028867773,0.015095008310635347,0.43186067729382904,0.0,0.0,0.0,0.0,0.9745810354078138,366.91633152317354,62.10995101928711,500.1178283691406,500.1178283691406,1.166333556175232,0.6128039360046387,0.2579101026058197,3.9037551879882812,0.657536506652832,0.4476125240325928,0.0,0.0,5.3086529035825984,3.8797718254295557,0.26916076528355204,0.7954859443613,0.26502914928101207,0.03495371573277422,0.6901961387814702,0.23106822210389213,0.03567424013807967,,,,,,,,,,,,,,,,,,,,,,,,,,,,,,,,,
430,6.342452452053305e-06,6.342452452053305e-06,1.0,8.797638558052682,4.801007361025424,3.1811350422936515,3.1811350422936515,3.1808705652082288,0.0,0.0,0.3137994497208982,1.434529497816756,0.08675831677140416,1.481603116602511,0.08379689382540213,0.01653486509127794,0.44630555687723933,0.0,0.0,0.0,0.0,1.0374754151782475,357.9149433857686,58.80452346801758,500.1178283691406,500.1178283691406,1.1685813665390015,0.6137158870697021,0.25,3.9175453186035156,0.6595130562782288,0.4489743411540985,9.088642831917236e-06,0.0,5.668161308443224,4.1891805126860335,0.26092778862064475,0.7980503971512253,0.26521791880195206,0.03469332211927788,0.6912965516786318,0.23048628544485247,0.035439888770515855,137.16051772400573,206.31833249299459,0.37780477049134703,97.8095094869425,137.16051562279696,159.83186455911544,183.77114866010476,214.04504294823806,73.6972176688058,106.24506058803824,233.5156714397928,0.5314350496269128,0.8172692359382795,0.1181697215334505,-0.29223350886096305,0.7867098176968335,0.7238790933378353,0.7496862780631953,0.5847674800056956,0.9418162831988848,0.9844334449715818,0.9953346526472693,0.4418162831988848,0.18443344497158176,0.045334652647269325,0.0017661783336680925,0.3897903162772303,0.7087912087912088,0.29120879120879123,0.6217948717948719,0.5204684184147761,0.5012139442202809,0.4945796802639961
431,6.327851517567554e-06,6.327851517567554e-06,1.0,8.855092512594688,4.870909884169295,3.1680545098072774,3.1680545098072774,3.1677739362458923,0.0,0.0,0.3150038308388478,1.4263465630041587,0.08612530074409537,1.4919528413463283,0.08390060409500792,0.017075102788874426,0.43684543065122655,0.0,0.0,0.0,0.0,1.0012503185787716,361.0980406065245,59.49768829345703,500.1178283691406,500.1178283691406,1.1707903146743774,0.6160950064659119,0.25,3.913482666015625,0.6592341661453247,0.4493454098701477,1.298377547416748e-06,0.0,5.986929896715525,4.100352533765741,0.3151159935887632,0.7971847701717067,0.2671861688832979,0.03504344891454723,0.6889439563493471,0.23218108874720497,0.03573341113892761,,,,,,,,,,,,,,,,,,,,,,,,,,,,,,,,,
432,6.313239837939767e-06,6.313239837939767e-06,1.0,8.739361982087832,4.758901712056753,3.1708241926657186,3.1708241926657186,3.1704464925302043,0.0,0.0,0.3133186053585362,1.4136426803228017,0.08530313853879233,1.4798769564241976,0.08390037423452816,0.015374439491613491,0.42972150444984436,0.0,0.0,0.0,0.0,1.00170059622945,361.15703438423776,58.80452346801758,500.1178283691406,500.1178283691406,1.1728872060775757,0.6200933456420898,0.26969268918037415,3.9299049377441406,0.659843921661377,0.4505302906036377,0.0,0.0,5.060672399160024,3.7869217701860376,0.25169592664907636,0.7977660765519013,0.26802658954182185,0.03524045082362923,0.6884379129152041,0.23243533960870794,0.035840250652384116,,,,,,,,,,,,,,,,,,,,,,,,,,,,,,,,,
433,6.298617558834325e-06,6.298617558834325e-06,1.0,8.771635313291807,4.7886603845132365,3.17220537082569,3.17220537082569,3.171942150270617,0.0,0.0,0.3146978350909981,1.4205858771865432,0.08661129436380155,1.4751843375128668,0.08298699497371106,0.015596169814769481,0.43544553824373194,0.0,0.0,0.0,0.0,0.9917876672100376,360.72788135425463,59.49768829345703,500.1178283691406,500.1178283691406,1.1705442667007446,0.6233425140380859,0.25,3.929790496826172,0.6596466302871704,0.4523966312408447,2.596755094833496e-06,0.0,5.118986219973178,3.556576087668135,0.3052186634550521,0.7979185339566823,0.26646852493286133,0.03476130509295979,0.689988249057048,0.23149316939147743,0.035541311309144306,,,,,,,,,,,,,,,,,,,,,,,,,,,,,,,,,
434,6.283984826021273e-06,6.283984826021273e-06,1.0,8.822494506835938,4.82977718920321,3.178055615038485,3.178055615038485,3.1778406839112976,0.0,0.0,0.3144954402704497,1.4266745109815855,0.08650751693828686,1.4876984325615135,0.08378127499206646,0.014668505651423254,0.4359545103601507,0.0,0.0,0.0,0.0,0.9944275714255668,366.6354246397276,63.088043212890625,500.1178283691406,500.1178283691406,1.1735508441925049,0.6198025345802307,0.27983558177948,3.9330520629882812,0.661719024181366,0.45104050636291504,0.0,0.0,4.469062273566787,3.2735149989256986,0.2675163605824885,0.8007089495658875,0.2661872949149158,0.03468316108793826,0.6904767510053273,0.23098801277779243,0.035546855648627154,,,,,,,,,,,,,,,,,,,,,,,,,,,,,,,,,
435,6.269341785374872e-06,6.269341785374872e-06,1.0,8.83219644185659,4.821138291745572,3.202913645151499,3.202913645151499,3.2026150677655196,0.0,0.0,0.3143669487656774,1.401331421491262,0.08466009715118923,1.48477663220586,0.08424214062255782,0.01606626361230942,0.41484743517798345,0.0,0.0,0.0,0.0,0.9706602644275975,363.78339612806167,60.199031829833984,500.1178283691406,500.1178283691406,1.1701632738113403,0.6171349883079529,0.25,3.9351119995117188,0.6601026058197021,0.45192620158195496,6.49188773708374e-07,0.0,5.23494989485354,3.8370734372654476,0.2670276670579674,0.798938050463393,0.2646616914787808,0.034982689027045225,0.6901775405213639,0.23092007596750516,0.03574383973672583,116.936158148797,186.97149102081204,0.3417621807610516,68.34026940314324,116.93615980327922,138.58844163559448,163.56624277336687,196.1939275771419,97.22317177908761,89.74980465201445,196.17595175038213,0.5321006968192643,0.8290514886262378,0.08752465250092592,-0.3143971994162449,0.8043757513133328,0.738983912768891,0.7496888397042407,0.5639903331101797,0.9436177539588501,0.9846623267362447,0.9953943383682131,0.44361775395885006,0.1846623267362446,0.04539433836821316,0.002238993044796988,0.3890045407858482,0.6538461538461539,0.34615384615384615,0.608058608058608,0.49572348615134154,0.4786418965802743,0.4731809372020947
436,6.2546885828721414e-06,6.2546885828721414e-06,1.0,8.79289688935151,4.774441396867907,3.2074782590608337,3.2074782590608337,3.2072178415350012,0.0,0.0,0.31462842145481623,1.4192480686548594,0.0862210521826873,1.4792150420111578,0.08269984023393812,0.015245485597768345,0.43423108232987895,0.0,0.0,0.0,0.0,1.0002430983491846,362.8855071196685,59.49768829345703,500.1178283691406,500.1178283691406,1.1709750890731812,0.620529055595398,0.25,3.9250411987304688,0.660557210445404,0.4527454674243927,1.298377547416748e-06,0.0,5.403362523865056,3.894284837954753,0.27928492290590395,0.799417131655925,0.26515632384532206,0.03494499956031103,0.6912384371499758,0.23026005883474607,0.03556285899233173,,,,,,,,,,,,,,,,,,,,,,,,,,,,,,,,,
437,6.240025364591402e-06,6.240025364591402e-06,1.0,8.708946588877085,4.714342665027928,3.1917282246254586,3.1917282246254586,3.191370268125792,0.0,0.0,0.3128220922238118,1.396726047670519,0.08535131973189276,1.4676691873653516,0.08245820511837264,0.01607652401199212,0.4281998171999648,0.0,0.0,0.0,0.0,0.9860903507954365,365.78348025760135,59.96433639526367,500.1178283691406,500.1178283691406,1.1704001426696777,0.6139943599700928,0.25,3.920806884765625,0.6608701348304749,0.45012494921684265,1.947566321125122e-06,0.0,5.784145480877644,4.052466436012371,0.2993837292976457,0.8000575964515274,0.2641964143997914,0.03499036815923613,0.6917026204031866,0.22974028337646174,0.03559427466746923,,,,,,,,,,,,,,,,,,,,,,,,,,,,,,,,,
438,6.225352276710827e-06,6.225352276710827e-06,1.0,8.797479784166491,4.802734439437454,3.1885295623057597,3.1885295623057597,3.188155709086238,0.0,0.0,0.313086664354479,1.4107838901313576,0.08526600857038756,1.4705898020718549,0.08272569475544465,0.015287861152476555,0.4243014688427384,0.0,0.0,0.0,0.0,0.9824132870983433,371.8832933580553,65.60118103027344,500.1178283691406,500.1178283691406,1.170174479484558,0.6296036243438721,0.25,3.9062728881835938,0.6598828434944153,0.4557947814464569,6.49188773708374e-07,0.0,5.699943331447807,3.947830043934487,0.3073913520940702,0.7986405717360007,0.264727770879462,0.03491164084423233,0.6913265730883624,0.2300473419395653,0.03561502508819103,,,,,,,,,,,,,,,,,,,,,,,,,,,,,,,,,
439,6.210669465506977e-06,6.210669465506977e-06,1.0,8.759990357063913,4.779223648277489,3.1727397119676746,3.1727397119676746,3.172481311334146,0.0,0.0,0.31271068550444936,1.4107887712684837,0.08531133901025797,1.4791317694895976,0.0828313894972608,0.015743871269797958,0.42758030746434184,0.0,0.0,0.0,0.0,1.0024218220968504,362.7704212085621,56.33127975463867,500.1178283691406,500.1178283691406,1.1787751913070679,0.6349323391914368,0.25,3.9296188354492188,0.664786159992218,0.46039411425590515,6.49188773708374e-07,0.0,4.813982275692192,3.6095331327335254,0.2501980842431501,0.8046401416933214,0.2664040967419341,0.035251739309043496,0.6910831589956541,0.23011124254883947,0.035731214526537304,,,,,,,,,,,,,,,,,,,,,,,,,,,,,,,,,
440,6.195977077353346e-06,6.195977077353346e-06,1.0,8.720068609392321,4.73886251449585,3.1781069008079736,3.1781069008079736,3.1779557434288233,0.0,0.0,0.3133226085353542,1.3886525179888751,0.08446675236966159,1.4745429206538845,0.08419343033755147,0.01579775393160211,0.41771352049466726,0.0,0.0,0.0,0.0,0.9786095506436115,366.59255651525547,57.44231414794922,500.1178283691406,500.1178283691406,1.1805858612060547,0.6343968510627747,0.2821277379989624,3.930591583251953,0.6660448908805847,0.4624273180961609,0.0,0.0,5.455140775925404,3.896925165846541,0.28564168627060393,0.8062739130612966,0.2664209225693265,0.03542620648403425,0.6905386576781402,0.23037134634481893,0.0359028832533875,127.81386740129072,199.38057605853675,0.38045957374106365,85.9199767269931,127.81386905752322,150.88201711916517,174.8663307190571,206.4633552605743,102.03810337611607,103.21970949986185,200.7068395199983,0.5458758008767218,0.8345832065385841,0.07980353130752231,-0.30999889140267745,0.8129617534224222,0.7565097800543168,0.7677848666277645,0.5640107711432385,0.9399265813731764,0.9835776036338743,0.9950185778294016,0.4399265813731764,0.1835776036338742,0.04501857782940166,0.0025151043799458055,0.3797298987574471,0.6593406593406593,0.34065934065934067,0.6208791208791209,0.514072812561478,0.4966068964164991,0.4908701866292037
441,6.1812752587188974e-06,6.1812752587188974e-06,1.0,8.795010437836519,4.798596614115947,3.1874287579510665,3.1874287579510665,3.187127242217193,0.0,0.0,0.31388201745780736,1.4174190727440086,0.08598033036734606,1.4742628754796208,0.08248436088497574,0.014302217741371007,0.43444063454060944,0.0,0.0,0.0,0.0,0.9971487393250337,372.8508135821368,65.0906753540039,500.1178283691406,500.1178283691406,1.171036958694458,0.6139124035835266,0.25,3.9338531494140625,0.6613814830780029,0.4484529495239258,3.2459438685418703e-06,0.0,4.69629803219357,3.500653949943749,0.2545928887079924,0.8006355246982059,0.2646224659842414,0.03486154872823406,0.6923009801555324,0.2296415072035145,0.03543021459434483,,,,,,,,,,,,,,,,,,,,,,,,,,,,,,,,,
442,6.166564156166613e-06,6.166564156166613e-06,1.0,8.705735954078468,4.701874958502279,3.203899589744774,3.203899589744774,3.2037691812257507,0.0,0.0,0.3130906916953422,1.3977895169644743,0.08532602158752647,1.4607116112837921,0.08004982759420937,0.013501414078967395,0.4226600012263736,0.0,0.0,0.0,0.0,0.957254675594536,379.0817813357791,69.55985260009766,500.1178283691406,500.1178283691406,1.1730440855026245,0.6202558875083923,0.2656412422657013,3.9330520629882812,0.6609273552894592,0.4504339396953583,0.0,0.0,4.7241491691486255,3.411764098180307,0.27780347825147816,0.7996049426697396,0.26637371246879166,0.0350256663923328,0.6904392226322277,0.23083533870207296,0.035712361537121436,,,,,,,,,,,,,,,,,,,,,,,,,,,,,,,,,
443,6.151843916352021e-06,6.151843916352021e-06,1.0,8.748865643063107,4.774083711005546,3.163941151386983,3.163941151386983,3.163643559894046,0.0,0.0,0.3134344187942711,1.4297787982064325,0.08596887016618573,1.4766048257415358,0.08095794020069612,0.013573264722032723,0.43469349516404643,0.0,0.0,0.0,0.0,1.0135375664040849,374.5339644148543,66.37447357177734,500.1178283691406,500.1178283691406,1.1729693412780762,0.6204864382743835,0.25,3.92034912109375,0.6613414287567139,0.4502009153366089,1.298377547416748e-06,0.0,4.907262658750689,3.5315989819732874,0.2803321877063788,0.8002040998355763,0.2662015984187255,0.03481067545913361,0.6911337697828138,0.23061275159990466,0.035494732594973336,,,,,,,,,,,,,,,,,,,,,,,,,,,,,,,,,
444,6.137114686021744e-06,6.137114686021744e-06,1.0,8.707685109731313,4.745303579278894,3.156334264858349,3.156334264858349,3.15599495011407,0.0,0.0,0.31407107694728953,1.4029703559102238,0.08506120620547114,1.4750730765832436,0.0826924013326297,0.015403548582784227,0.4248001156626521,0.0,0.0,0.0,0.0,0.9919680115338918,377.7344319111592,65.34542846679688,500.1178283691406,500.1178283691406,1.1708022356033325,0.6221739649772644,0.2967498004436493,3.915599822998047,0.6610291004180908,0.453651487827301,0.0,0.0,5.48724062861623,4.014955361147185,0.2683106805615568,0.8001021001790021,0.26496940367930644,0.03468487532557668,0.6918700627378516,0.23018644951485298,0.035340096398785305,,,,,,,,,,,,,,,,,,,,,,,,,,,,,,,,,
445,6.122376612012029e-06,6.122376612012029e-06,1.0,8.833807223551982,4.842401066341916,3.183532863049894,3.183532863049894,3.183365022813952,0.0,0.0,0.3133577865523261,1.4165361990799774,0.08610343590781495,1.4747211320980176,0.08045185578835977,0.015242678390161411,0.43640789953438014,0.0,0.0,0.0,0.0,1.0100471908981736,375.0614863215266,63.3349609375,500.1178283691406,500.1178283691406,1.1748589277267456,0.6195398569107056,0.27810418605804443,3.9146270751953125,0.6645031571388245,0.4541223347187042,0.0,0.0,4.922196641161635,3.7373767495155334,0.24070958111224203,0.8046906622680458,0.26485418387361476,0.03458452768422462,0.6930375453588125,0.2295345873446078,0.03511055579056611,103.30781548887819,169.7536111589237,0.2922443112681916,40.51421228345934,103.30781484928369,128.97368562225614,152.71429563663995,186.50930149370234,68.36409541538784,77.60027552759925,180.7182219132133,0.5466035455086378,0.8213067998255634,0.09071658603025204,-0.3275453170238158,0.7935112003560689,0.7197224274304816,0.7300401269757951,0.5633122880775353,0.9482831013115808,0.9856074371522333,0.9954363778760084,0.4482831013115808,0.18560743715223327,0.045436377876008405,0.0018564854244874423,0.45503407535659623,0.5714285714285714,0.42857142857142855,0.5952380952380952,0.4761720684121598,0.45993475333511175,0.45498349669051696
446,6.107629841247285e-06,6.107629841247285e-06,1.0,8.749755627400166,4.7569704313535945,3.187799750147639,3.187799750147639,3.1875518979252995,0.0,0.0,0.31413617407953415,1.3979048181224514,0.08506599108915071,1.4726719179668941,0.08385138545890113,0.014077820789975088,0.4251626826621391,0.0,0.0,0.0,0.0,0.9906051771060841,371.8812627019109,61.8678092956543,500.1178283691406,500.1178283691406,1.1754984855651855,0.6261494159698486,0.25,3.9082183837890625,0.6635388731956482,0.45516300201416016,1.947566321125122e-06,0.0,4.685784886012206,3.4878894863901913,0.25564455662442337,0.8031575840872687,0.2658784325058396,0.03489653353352804,0.6920512447486052,0.23001882554711522,0.03536205889808165,,,,,,,,,,,,,,,,,,,,,,,,,,,,,,,,,
447,6.092874520738624e-06,6.092874520738624e-06,1.0,8.68357194436563,4.676296337230785,3.2060452280817806,3.2060452280817806,3.205885577846218,0.0,0.0,0.31287968239268743,1.400799783500465,0.08567974233144038,1.4610321586196486,0.0810841049092847,0.014916694345506461,0.4215296088038264,0.0,0.0,0.0,0.0,0.9808233895817319,375.89362562024917,64.08153533935547,500.1178283691406,500.1178283691406,1.1714708805084229,0.6220889687538147,0.25,3.918346405029297,0.6621115803718567,0.4544345736503601,3.2459438685418703e-06,0.0,4.854604595416301,3.6314929014927633,0.25194877767767027,0.8018261951369208,0.26370059477316365,0.03472108625479647,0.6930693710172499,0.22904381760068843,0.035339914161611245,,,,,,,,,,,,,,,,,,,,,,,,,,,,,,,,,
448,6.078110797582384e-06,6.078110797582384e-06,1.0,8.717493778950459,4.733912145769274,3.1834437267200366,3.1834437267200366,3.1831749516564445,0.0,0.0,0.31221152640677785,1.3898854046254545,0.08458156410504032,1.470050512133418,0.08107480769221848,0.015146109470594171,0.41554958151804433,0.0,0.0,0.0,0.0,0.9675831134254868,375.23171254750844,62.10995101928711,500.1178283691406,500.1178283691406,1.1751574277877808,0.6238332390785217,0.25,3.9434661865234375,0.6637455224990845,0.45551618933677673,6.4918877370837406e-06,0.0,5.176856877030553,3.8256350965113253,0.2610120025752555,0.8037633605905481,0.2644590050787539,0.035038579255342484,0.6929425903268762,0.228905107926678,0.03544903707665366,,,,,,,,,,,,,,,,,,,,,,,,,,,,,,,,,
449,6.063338818958673e-06,6.063338818958673e-06,1.0,8.780339344127759,4.778654175835687,3.1933562368959993,3.1933562368959993,3.193141505524919,0.0,0.0,0.3149198881677679,1.4114089108802177,0.08596785588038934,1.4741022232416514,0.08295067943431236,0.014144355355686433,0.43146048929240255,0.0,0.0,0.0,0.0,0.9960212723628895,375.260968182538,62.35304260253906,500.1178283691406,500.1178283691406,1.1695550680160522,0.6180109977722168,0.25,3.9330520629882812,0.6619438529014587,0.4512893259525299,6.49188773708374e-07,0.0,5.170074082709648,3.8588566973402694,0.25361674985557775,0.8019019832482209,0.2625773903485891,0.0343738413239653,0.694753917487892,0.22819161898381002,0.03491542840728889,,,,,,,,,,,,,,,,,,,,,,,,,,,,,,,,,
450,6.048558732129899e-06,6.048558732129899e-06,1.0,8.81454934300603,4.8290801821528255,3.172876570675824,3.172876570675824,3.1725321653726937,0.0,0.0,0.3144801951743461,1.4208934049348574,0.08591555663057275,1.4817576150636416,0.08408261916121922,0.01648742762847325,0.4343248066064474,0.0,0.0,0.0,0.0,1.0022309019758895,370.2673059411951,59.96433639526367,500.1178283691406,500.1178283691406,1.1727263927459717,0.6260695457458496,0.25,3.9345970153808594,0.6648255586624146,0.45813512802124023,3.2459438685418703e-06,0.0,5.663695071194623,3.9954323349772274,0.2945537701530099,0.8059135272696212,0.26165723921479406,0.03421884412701066,0.6960300416559786,0.227189829623377,0.03478016805004429,122.32456634856842,194.55750296955625,0.3717266037698556,81.92205047607422,122.32456230564551,148.33091607950328,171.4928466409187,203.83408862704175,102.71580396379743,100.34928923614265,186.93482904848844,0.561095725931547,0.8269020643212991,0.08610716755921612,-0.3187755211347316,0.7993875688826735,0.7374089222811823,0.7521438207362163,0.5681909157236062,0.9430686453261669,0.9845263470937465,0.9952967651896267,0.44306864532616685,0.1845263470937465,0.045296765189626775,0.002517180405022112,0.43705466018324035,0.6648351648351648,0.33516483516483514,0.6071428571428571,0.5080162843095732,0.4899168735022073,0.4840435870401152
451,6.033770684439297e-06,6.033770684439297e-06,1.0,8.826831302127323,4.831620886519149,3.19287971548132,3.19287971548132,3.1925110623643205,0.0,0.0,0.31328429321984985,1.4065187879510828,0.0855563097708934,1.4592308675920642,0.08041065407765878,0.015016666726788154,0.43049881345516927,0.0,0.0,0.0,0.0,0.9792739926157771,377.06279445338896,62.10995101928711,500.1178283691406,500.1178283691406,1.17559814453125,0.630419135093689,0.25,3.9507904052734375,0.6656733155250549,0.4590640664100647,1.298377547416748e-06,0.0,4.919590490895349,3.481114124929583,0.29239758240608515,0.8067161553614849,0.2628657479543944,0.0344644609234623,0.6956429868131071,0.22725163722360456,0.03492593765258789,,,,,,,,,,,,,,,,,,,,,,,,,,,,,,,,,
452,6.01897482330947e-06,6.01897482330947e-06,1.0,8.696809923326647,4.721054386448216,3.164595939017631,3.164595939017631,3.164305944700499,0.0,0.0,0.3157389107588175,1.409513360745198,0.08479090578652718,1.4867462693033993,0.08462078084011336,0.016096980449416348,0.41668536050899607,0.0,0.0,0.0,0.0,0.9775692176174473,370.3638429383974,58.11942672729492,500.1178283691406,500.1178283691406,1.174871802330017,0.6326207518577576,0.25,3.941720962524414,0.6645644307136536,0.46010953187942505,3.895132642250244e-06,0.0,5.147575015151823,3.6237200788549475,0.29603355595817976,0.805188998982713,0.26315134924811284,0.03455224215380243,0.6943600177764893,0.2280265427119023,0.0351648729395222,,,,,,,,,,,,,,,,,,,,,,,,,,,,,,,,,
453,6.004171296240908e-06,6.004171296240908e-06,1.0,8.790508141388765,4.821124012405808,3.154331419918988,3.154331419918988,3.1540672199146167,0.0,0.0,0.31104025083619197,1.4273620392825153,0.08550719715453484,1.4905312222403448,0.0864192773965565,0.01720774917536088,0.43224927058091034,0.0,0.0,0.0,0.0,1.0437999142182839,364.1748879922403,56.995296478271484,500.1178283691406,500.1178283691406,1.1742968559265137,0.6320949196815491,0.25,3.9343109130859375,0.6664858460426331,0.4627402722835541,1.947566321125122e-06,0.0,5.609953426026009,4.141397423035389,0.261776861850156,0.8082395727569992,0.26110022696288854,0.03403105395468506,0.6966589238192584,0.2266572947437699,0.03472371620906366,,,,,,,,,,,,,,,,,,,,,,,,,,,,,,,,,
454,5.989360250810525e-06,5.989360250810525e-06,1.0,8.829627088598302,4.868086879317825,3.1436557125400855,3.1436557125400855,3.1433563683484054,0.0,0.0,0.31450328069764216,1.4323563736838263,0.0856462211624996,1.4938075832418494,0.08538977580296027,0.017414622040264106,0.43056553038390905,0.0,0.0,0.0,0.0,1.0284876066285211,364.716742438239,53.85676956176758,500.1178283691406,500.1178283691406,1.175150990486145,0.6273959279060364,0.25,3.9309921264648438,0.6669138669967651,0.46067681908607483,1.947566321125122e-06,0.0,6.261026282568236,4.303834987653269,0.31259911819315006,0.808639010867557,0.26173585733851873,0.03413250997058443,0.696842731656255,0.22662303254411026,0.034634893810426864,,,,,,,,,,,,,,,,,,,,,,,,,,,,,,,,,
455,5.974541834670189e-06,5.974541834670189e-06,1.0,8.709172687015018,4.747154029639992,3.1520181604333826,3.1520181604333826,3.151604974592054,0.0,0.0,0.3131963578430382,1.4185470181542474,0.08497136780941808,1.4779105379774764,0.08338311032668964,0.015700620743823616,0.431343054046502,0.0,0.0,0.0,0.0,1.004555260812914,372.9793099068307,60.43464279174805,500.1178283691406,500.1178283691406,1.175661325454712,0.630612850189209,0.25,3.938945770263672,0.6674696207046509,0.46083393692970276,3.2459438685418703e-06,0.0,5.083075391279684,3.791940600485415,0.25400661831797483,0.8094620269698065,0.26138934009783976,0.03399008336300786,0.6979403463569848,0.22593189010748993,0.03439806069473963,140.31402722033826,208.92695986885843,0.38231802961919314,101.18838928558014,140.31403381749143,160.62489639069716,185.71050136666992,215.84981264033152,73.95491354806083,107.52202700829321,242.37232772163722,0.5796430645409167,0.8337772581087168,0.08569296172671137,-0.3039880683822771,0.8105135282107776,0.758297804965664,0.7714357270352293,0.5701596377473185,0.9388319971516936,0.9834566751731794,0.994994184534755,0.43883199715169363,0.18345667517317932,0.04499418453475501,0.002848306404693062,0.42079471277933567,0.7252747252747253,0.27472527472527475,0.6364468864468865,0.5245756368961308,0.5062507147808651,0.5000771418377593
456,5.959716195545241e-06,5.959716195545241e-06,1.0,8.702254166474214,4.705660368945147,3.187519395673597,3.187519395673597,3.1872867055841394,0.0,0.0,0.31431135454693354,1.4120508561263214,0.08508367474014694,1.4804678704287555,0.08252824480469162,0.014718976337462664,0.4286920629643105,0.0,0.0,0.0,0.0,0.9936650459830826,367.2943676097973,56.995296478271484,500.1178283691406,500.1178283691406,1.180336833000183,0.6359588503837585,0.25,3.9513626098632812,0.669432520866394,0.4637582004070282,1.947566321125122e-06,0.0,4.984302599687834,3.577920704274564,0.2821622217522169,0.8117384266208958,0.2625237050894144,0.034308261766627025,0.6969629461700851,0.22637190770458532,0.034651724671995315,,,,,,,,,,,,,,,,,,,,,,,,,,,,,,,,,
457,5.944883481233032e-06,5.944883481233032e-06,1.0,8.690001797031712,4.696069833394644,3.188629150390625,3.188629150390625,3.1883301734924316,0.0,0.0,0.3135948414738114,1.4045058102221102,0.08512852532235352,1.4702238359966793,0.08302390917732909,0.015675267103958775,0.42366986822437597,0.0,0.0,0.0,0.0,0.9917242816976599,367.28840266047297,55.45794677734375,500.1178283691406,500.1178283691406,1.1782506704330444,0.6304957270622253,0.25,3.938563346862793,0.6690059900283813,0.46289709210395813,9.088642831917236e-06,0.0,5.318022935777097,3.861992481592539,0.2737916838208963,0.8114279911324784,0.2614714966432468,0.03436341458881224,0.6973154850908228,0.22608388597900803,0.03460891575023935,,,,,,,,,,,,,,,,,,,,,,,,,,,,,,,,,
458,5.930043839601444e-06,5.930043839601444e-06,1.0,8.968058186608392,5.012633413881869,3.145026786907299,3.145026786907299,3.1446186916248218,0.0,0.0,0.3137303147767041,1.4265769301234066,0.08596714505472698,1.4782502490120966,0.08042027579771506,0.015600833500659949,0.42841000331414714,0.0,0.0,0.0,0.0,1.007365373340813,371.50140545819255,58.57526397705078,500.1178283691406,500.1178283691406,1.1745023727416992,0.6267364025115967,0.25,3.9330520629882812,0.6677529215812683,0.4616228938102722,3.895132642250244e-06,0.0,4.887122142959285,3.6331030710323438,0.2565966299274032,0.8101775936178259,0.2599842528233657,0.033885405222709115,0.6984393016712086,0.22531871417084257,0.03441888023469899,,,,,,,,,,,,,,,,,,,,,,,,,,,,,,,,,
459,5.915197418587422e-06,5.915197418587422e-06,1.0,8.75438081895983,4.782289543667355,3.1694104027103736,3.1694104027103736,3.16901817837277,0.0,0.0,0.3140846853320663,1.4022680359917719,0.08531340574090546,1.463925016892923,0.08041916948717993,0.015133821543910214,0.4277771220013902,0.0,0.0,0.0,0.0,0.9939077287106901,370.75527459221917,57.2183723449707,500.1178283691406,500.1178283691406,1.1745877265930176,0.625046968460083,0.25,3.930706024169922,0.6680753827095032,0.4604109525680542,5.842698963375366e-06,0.0,5.470450497962333,3.773307468440082,0.3102382573710179,0.810673480098312,0.2596913386841078,0.033859328945746295,0.6988803873191008,0.22501813962652878,0.03435732172550382,,,,,,,,,,,,,,,,,,,,,,,,,,,,,,,,,
460,5.900344366195487e-06,5.900344366195487e-06,1.0,8.77150110296301,4.786065269160915,3.1758799166292757,3.1758799166292757,3.1755705459697827,0.0,0.0,0.31414687794608037,1.420152551419026,0.085188930501809,1.4739922607267224,0.08340260205236641,0.014696834929841193,0.4245770356139621,0.0,0.0,0.0,0.0,1.0034645699165963,372.21014404296875,60.90863800048828,500.1178283691406,500.1178283691406,1.1752222776412964,0.6293708682060242,0.25,3.9439239501953125,0.6687694191932678,0.46287551522254944,4.544321415958618e-06,0.0,5.0175421656789005,3.631868960084142,0.276165732113438,0.811648012818517,0.2594903989418133,0.03364628080177952,0.6995210244848922,0.22466679038228216,0.03421799924123932,108.88058035714286,172.41660946315525,0.3076809340397923,51.58047141609611,108.88058014542582,134.30227260733454,158.92122728271463,191.79938458354908,66.92694418770927,83.3266786678817,186.9268579897673,0.5902462284314233,0.8352196905141155,0.06401573287262945,-0.33337615651743646,0.8121711807376314,0.7524463193092292,0.7576995039193245,0.5537889909466618,0.9451669876720441,0.9849176778206304,0.9953377666848838,0.4451669876720441,0.1849176778206304,0.04533776668488387,0.003226661974849994,0.44933642453467193,0.5989010989010989,0.4010989010989011,0.6025641025641025,0.4847837754494541,0.468968157011729,0.46404333830207256
461,5.885484830496277e-06,5.885484830496277e-06,1.0,8.710211444545436,4.756139368624301,3.1445622637465194,3.1445622637465194,3.1442710386740194,0.0,0.0,0.31335345071715276,1.4243006094081982,0.08598635869251715,1.4738154121347375,0.08199839203341587,0.015259171068366315,0.42646065757081314,0.0,0.0,0.0,0.0,0.9934529211070087,376.0281231854413,65.34542846679688,500.1178283691406,500.1178283691406,1.1772469282150269,0.636879026889801,0.25,3.9445533752441406,0.6717358827590942,0.47007203102111816,7.1410765107921145e-06,0.0,5.135618772055651,3.6346332028105452,0.29226966328038045,0.8159601672275646,0.2578137154514725,0.033421549392310346,0.7016645186656231,0.22310064249747508,0.03396122258257221,,,,,,,,,,,,,,,,,,,,,,,,,,,,,,,,,
462,5.870618959625057e-06,5.870618959625057e-06,1.0,8.715390643557987,4.73946103534183,3.168632210911931,3.168632210911931,3.168463081926913,0.0,0.0,0.3131689509829959,1.4134400889680192,0.08526403154875781,1.4735601914895546,0.08286860726169638,0.015330891200416797,0.42105346515371994,0.0,0.0,0.0,0.0,1.0005106313808545,376.50845749313766,63.58284378051758,500.1178283691406,500.1178283691406,1.1785717010498047,0.6397010087966919,0.25,3.931507110595703,0.6722793579101562,0.4707157611846924,5.193510189666992e-06,0.0,5.500846527718209,3.9156758430841805,0.288168498547726,0.8166436649657585,0.25789429770933614,0.03354096397556163,0.7015046316224176,0.22303709387779236,0.0340676495956408,,,,,,,,,,,,,,,,,,,,,,,,,,,,,,,,,
463,5.855746901780248e-06,5.855746901780248e-06,1.0,8.667361207910487,4.69376735429506,3.1677383281089164,3.1677383281089164,3.1674355365134574,0.0,0.0,0.31350428671450226,1.4063302471831038,0.0849940986246676,1.4711061683860984,0.08349790987936226,0.015217968224975708,0.4216980789158795,0.0,0.0,0.0,0.0,1.0062853452321645,376.45687783730995,63.58284378051758,500.1178283691406,500.1178283691406,1.1747006177902222,0.6245189905166626,0.25,3.937286376953125,0.6715058088302612,0.4643699824810028,4.544321415958618e-06,0.0,4.9423205369227645,3.6261533853170036,0.26630550199507,0.8160491295762964,0.2562480629295916,0.03323430175314079,0.7023704889658335,0.2226156519876944,0.033874269675564124,,,,,,,,,,,,,,,,,,,,,,,,,,,,,,,,,
464,5.840868805221949e-06,5.840868805221949e-06,1.0,8.730782869699839,4.743733818466599,3.1823445848516516,3.1823445848516516,3.182091087908358,0.0,0.0,0.3130513163837227,1.4015110988874693,0.0848581869457219,1.4776070536793888,0.08135373074863408,0.015251812336311952,0.41809318597252304,0.0,0.0,0.0,0.0,0.9857530481106526,377.4063869167019,64.83690643310547,500.1178283691406,500.1178283691406,1.1751536130905151,0.6263180375099182,0.25,3.936514377593994,0.670604944229126,0.4641890823841095,4.544321415958618e-06,0.0,5.661332705536404,3.8853330128901713,0.31370699886785036,0.8146253485937376,0.2571706860452085,0.03350566181580763,0.7017739318512581,0.22292437142616994,0.03400826877033388,,,,,,,,,,,,,,,,,,,,,,,,,,,,,,,,,
465,5.825984818270466e-06,5.825984818270466e-06,1.0,8.859806189665923,4.885310830296697,3.162276944598636,3.162276944598636,3.162003368944735,0.0,0.0,0.31490632327827245,1.422034740447998,0.08527365195992831,1.4796477298478823,0.08451471920754458,0.015414664849034837,0.4266410325024579,0.0,0.0,0.0,0.0,1.018545477776914,372.2823659536001,58.346900939941406,500.1178283691406,500.1178283691406,1.1786047220230103,0.642398476600647,0.25,3.9213790893554688,0.6730843782424927,0.4736793041229248,8.439454058208862e-06,0.0,5.851595890683097,4.15044233766762,0.2907161712455317,0.8178666910609683,0.25720379320350856,0.033553271176847255,0.7030413746833801,0.22193134153211438,0.03388126994911078,117.79276202275203,184.8494646807271,0.32053822034950596,62.20511616717328,117.79276087076431,139.32049215400272,163.01977953692628,195.14041542130695,56.22607203892299,89.8016981080521,205.6582853897758,0.5800710816906293,0.8353430881929652,0.06678735890660037,-0.3321773761541955,0.8129580788037485,0.751923092536538,0.7543588264262482,0.5552541185701563,0.9443729080803567,0.9845979699588792,0.995285347051707,0.4443729080803567,0.18459796995887912,0.04528534705170706,0.003166457247637094,0.45848494803968737,0.6043956043956044,0.3956043956043956,0.6025641025641025,0.49215644855911916,0.4756002868269826,0.47048471990849944
466,5.811095089304814e-06,5.811095089304814e-06,1.0,8.705712498845282,4.733776917328706,3.1684334020356872,3.1684334020356872,3.168133213713362,0.0,0.0,0.31400746509835525,1.4082746634612213,0.08507691837243132,1.4653593752835248,0.08065033739281667,0.013803508529137518,0.41736582485405177,0.0,0.0,0.0,0.0,0.9754096841489946,376.84936193517734,62.10995101928711,500.1178283691406,500.1178283691406,1.1760647296905518,0.6317659616470337,0.25,3.942808151245117,0.6720772385597229,0.467998206615448,2.596755094833496e-06,0.0,5.275269511583689,3.7478854752875663,0.289536682996427,0.8169185535327809,0.25570291079379415,0.033420588972198,0.7033209397986129,0.2215064538491739,0.033944590419933605,,,,,,,,,,,,,,,,,,,,,,,,,,,,,,,,,
467,5.796199766761261e-06,5.796199766761261e-06,1.0,8.783817729434451,4.795493912052464,3.184889554977417,3.184889554977417,3.184596351675085,0.0,0.0,0.3137389324806832,1.4014569327637956,0.08497584429947105,1.4678419087384198,0.08245958196553024,0.014400339081279329,0.41635469649289103,0.0,0.0,0.0,0.0,0.9810971134417766,378.2038120579075,64.58413696289062,500.1178283691406,500.1178283691406,1.1742782592773438,0.6305609345436096,0.25,3.9466419219970703,0.6716718077659607,0.46855831146240234,7.1410765107921145e-06,0.0,5.145953133299544,3.7098710988018966,0.2790701736486363,0.8166889580520423,0.2544540005761224,0.033406305152016716,0.7041358867207089,0.2207525936332909,0.03390790038817638,,,,,,,,,,,,,,,,,,,,,,,,,,,,,,,,,
468,5.781298999131833e-06,5.781298999131833e-06,1.0,8.853763554547283,4.891844723675702,3.1563950744835108,3.1563950744835108,3.1561173877200566,0.0,0.0,0.31321149420093847,1.4027731998546704,0.08486066376035278,1.476860710092493,0.08354473627499633,0.014703948956889075,0.41054397177051855,0.0,0.0,0.0,0.0,0.9972519826244663,376.89296743032094,61.14702606201172,500.1178283691406,500.1178283691406,1.1746889352798462,0.6357484459877014,0.25,3.9554824829101562,0.6710946559906006,0.46944814920425415,6.4918877370837406e-06,0.0,5.207945987984941,3.8124948514474406,0.26794654548201796,0.8157935658016721,0.2549865479404862,0.0335487782250385,0.7038816535795057,0.2208193455998962,0.03398006062048513,,,,,,,,,,,,,,,,,,,,,,,,,,,,,,,,,
469,5.766392934962838e-06,5.766392934962838e-06,1.0,8.737576819754935,4.7597357260214315,3.179972493970716,3.179972493970716,3.179714235099586,0.0,0.0,0.31336399107366,1.3805310919478133,0.08427875529269914,1.461410184164305,0.08278877650563782,0.015375412774045725,0.4133970101137419,0.0,0.0,0.0,0.0,0.9965640983066043,373.08715737832557,58.57526397705078,500.1178283691406,500.1178283691406,1.1782000064849854,0.6387506127357483,0.25,3.9218368530273438,0.6728928685188293,0.47235944867134094,2.596755094833496e-06,0.0,5.335898164156321,4.000130903076482,0.2503359734360752,0.8179377478522223,0.2558265235778448,0.03370431850890856,0.7027285517872991,0.22147903732351354,0.03421074584931941,,,,,,,,,,,,,,,,,,,,,,,,,,,,,,,,,
470,5.751481722853389e-06,5.751481722853389e-06,1.0,8.718672275543213,4.727105707735629,3.186539669294615,3.186539669294615,3.186194658279419,0.0,0.0,0.3141769211034517,1.4007276618802869,0.08394160403593166,1.476494396055067,0.08264912181609385,0.014359866382201781,0.41242742377358516,0.0,0.0,0.0,0.0,0.9804244492505048,377.7371661211993,62.597084045410156,500.1178283691406,500.1178283691406,1.1723657846450806,0.6210136413574219,0.25,3.936542510986328,0.6704689264297485,0.46250203251838684,2.596755094833496e-06,0.0,5.736386983781247,4.0821331530003935,0.2883790503426638,0.8150721015156926,0.25461633664530675,0.03340197369657658,0.7036227068385562,0.22132646513951792,0.03384991136153002,108.27108592777462,175.99638167836125,0.2862815005688145,39.573208525940615,108.27108726192495,135.48670025768004,159.24020017627842,191.35604811580964,41.67765917096819,79.8588647177053,198.08261904509172,0.5676553037334551,0.8262602937546004,0.07529609024665931,-0.33530688084464033,0.7980184877396831,0.7339239007866479,0.7420282035017332,0.5579586204580831,0.9484735766123319,0.9855586505629401,0.9953637169983376,0.4484735766123319,0.18555865056294008,0.04536371699833763,0.0031285697899944933,0.506625893534168,0.5714285714285714,0.42857142857142855,0.5741758241758241,0.4807689068736611,0.464609322475863,0.45959171067391125
471,5.736565511453913e-06,5.736565511453913e-06,1.0,8.828386822262326,4.8429471737629655,3.18187047984149,3.18187047984149,3.1816010604033598,0.0,0.0,0.31340982462908773,1.3973139846647107,0.08369932968068768,1.4732131281414547,0.08302114541466171,0.0152913789214516,0.41169220128574885,0.0,0.0,0.0,0.0,1.0125713138966947,375.3434382258235,57.89284133911133,500.1178283691406,500.1178283691406,1.1779364347457886,0.6415801048278809,0.25,3.959745407104492,0.6731312274932861,0.47334110736846924,6.4918877370837406e-06,0.0,5.996638655662537,4.145925713552011,0.30862505619926334,0.8183086852769594,0.2556130704847542,0.03359894384000752,0.7041499389184488,0.22080104093293887,0.03385067781483805,,,,,,,,,,,,,,,,,,,,,,,,,,,,,,,,,
472,5.721644449464682e-06,5.721644449464682e-06,1.0,8.802837139851338,4.846491620347306,3.14903542157766,3.14903542157766,3.1488288608757227,0.0,0.0,0.31329574053351944,1.4172833223600645,0.08576060046215316,1.4710195676700488,0.08243447189798227,0.015166799260957821,0.41866323432406866,0.0,0.0,0.0,0.0,1.0127005464321859,375.58394395982896,60.199031829833984,500.1178283691406,500.1178283691406,1.1794037818908691,0.6302563548088074,0.25,3.9443531036376953,0.6753319501876831,0.4709455966949463,5.193510189666992e-06,0.0,5.581204876706407,4.105162050272967,0.2644666983277785,0.8214049274856979,0.2547594876708211,0.03352134312326844,0.7045375108718872,0.2204736165098242,0.03381256930328704,,,,,,,,,,,,,,,,,,,,,,,,,,,,,,,,,
473,5.706718685634319e-06,5.706718685634319e-06,1.0,8.770598643534893,4.800440337206866,3.166003381883776,3.166003381883776,3.1657128205170504,0.0,0.0,0.3133294421273309,1.4028068587586686,0.08388608251069044,1.471009937492577,0.08313606437799093,0.014006899040494417,0.41338562643205795,0.0,0.0,0.0,0.0,0.9896370462469153,378.3255895666174,60.90863800048828,500.1178283691406,500.1178283691406,1.1796215772628784,0.6389303803443909,0.25,3.949045181274414,0.6744217872619629,0.47239553928375244,3.2459438685418703e-06,0.0,5.168702505730294,3.6710776251715584,0.2897487094485299,0.8201281315571552,0.2550737801435831,0.033642109483480453,0.7044076323509216,0.22030038567813667,0.03395127741670286,,,,,,,,,,,,,,,,,,,,,,,,,,,,,,,,,
474,5.6917883687583186e-06,5.6917883687583186e-06,1.0,8.740871377893397,4.753103333550531,3.1858846045829154,3.1858846045829154,3.1856463148787215,0.0,0.0,0.3148502272528571,1.3980157955272778,0.0845301889285848,1.4633213861568555,0.08180700836552156,0.014552845896498577,0.4130302748164615,0.0,0.0,0.0,0.0,0.9773195917541916,381.1266941379856,65.60118103027344,500.1178283691406,500.1178283691406,1.1729601621627808,0.6272664666175842,0.25,3.93682861328125,0.6714745163917542,0.4671754837036133,6.4918877370837406e-06,0.0,5.1830001328442545,3.8288019090085417,0.26127690316931845,0.8167355946592383,0.25323397646079193,0.03325074090546853,0.704926927347441,0.22008591850061673,0.03380593420887316,,,,,,,,,,,,,,,,,,,,,,,,,,,,,,,,,
475,5.676853647677571e-06,5.676853647677571e-06,1.0,8.668490757813325,4.703571757754764,3.1720505405116723,3.1720505405116723,3.171786218076139,0.0,0.0,0.31289014622971817,1.369462657619167,0.08311599533300142,1.4580976028700132,0.08077865395997022,0.014223089353558985,0.40154266599062327,0.0,0.0,0.0,0.0,0.9627369158976787,383.7988677153716,64.58413696289062,500.1178283691406,500.1178283691406,1.1742091178894043,0.633914053440094,0.25,3.951906204223633,0.672476589679718,0.4715699255466461,7.790265284500488e-06,0.0,4.739631805870984,3.6420035281696834,0.23158513628456712,0.8181101260958491,0.252978461416992,0.03326802212442901,0.7055777649621706,0.21965292378051862,0.033724397320199655,95.90241516029442,165.4699374323275,0.24906221929099323,16.275387963095863,95.90241480409344,123.2589683436238,146.98755273227061,180.77302898506858,42.264796665736604,67.0940125635428,184.85344264818275,0.5699833402223246,0.81965167419991,0.08567775460940855,-0.34136979273524554,0.7890492905100708,0.7120810868229795,0.7177372551313262,0.5590813702212541,0.9511365977789645,0.9861015311203944,0.9955048867035264,0.45113659777896453,0.1861015311203944,0.04550488670352648,0.002661983154094518,0.5508166823147057,0.4945054945054945,0.5054945054945055,0.5485347985347985,0.46065112809230996,0.44548022636509205,0.4411783086975197
476,5.661914671276868e-06,5.661914671276868e-06,1.0,8.637535971564215,4.677043463732745,3.1556365812146985,3.1556365812146985,3.155368966025275,0.0,0.0,0.3125699460506439,1.407084854873451,0.08477182384278323,1.4705314571793016,0.08304241863456932,0.015555411350686808,0.41432382931580414,0.0,0.0,0.0,0.0,1.0016615857949127,380.9431036871833,64.83690643310547,500.1178283691406,500.1178283691406,1.1770551204681396,0.6342642903327942,0.25,3.9430370330810547,0.6742905378341675,0.47142887115478516,3.2459438685418703e-06,0.0,5.002863134886767,3.7879104356507995,0.24285147654023648,0.8204549921525491,0.2531332804544552,0.03322167503269943,0.7060250414384378,0.2192523656664668,0.033699946427667465,,,,,,,,,,,,,,,,,,,,,,,,,,,,,,,,,
477,5.6469715884834205e-06,5.6469715884834205e-06,1.0,8.757894438666266,4.769389139639364,3.1886613497862943,3.1886613497862943,3.188432944787515,0.0,0.0,0.31335365772247314,1.3962023902583767,0.0845762970479759,1.4655955868798334,0.07996207677029274,0.013694417889456491,0.40629862208624146,0.0,0.0,0.0,0.0,0.968792615710078,383.92867629592484,67.94849395751953,500.1178283691406,500.1178283691406,1.1783239841461182,0.6357526183128357,0.25,3.953022003173828,0.6744542121887207,0.47255977988243103,5.842698963375366e-06,0.0,5.086557597727389,3.5038924861598657,0.3111466018343405,0.8204326935716577,0.2540580336306546,0.03342650568968541,0.7052236843753505,0.21969829620541753,0.03384877690995062,,,,,,,,,,,,,,,,,,,,,,,,,,,,,,,,,
478,5.63202454826538e-06,5.63202454826538e-06,1.0,8.711083708582697,4.733711126688364,3.1747662505588017,3.1747662505588017,3.1744231855547107,0.0,0.0,0.3138719257470724,1.3898512640514888,0.08383833254511291,1.4756921658644806,0.08368744741420488,0.014086821066165293,0.4044210653047304,0.0,0.0,0.0,0.0,0.9656020886189228,381.65583017710094,65.0906753540039,500.1178283691406,500.1178283691406,1.175995945930481,0.6325943470001221,0.25,3.9547958374023438,0.6729000806808472,0.46976351737976074,8.439454058208862e-06,0.0,4.494181349470809,3.44097283724192,0.23434935760945746,0.8184163908700686,0.2539964000115523,0.03331449522158584,0.7047911560213244,0.2202129831185212,0.03380397888454231,,,,,,,,,,,,,,,,,,,,,,,,,,,,,,,,,
479,5.617073699630351e-06,5.617073699630351e-06,1.0,8.716927476831385,4.718314544574635,3.201377095402898,3.201377095402898,3.201201310028901,0.0,0.0,0.3127572536468506,1.3905550080376703,0.08458205493720802,1.4557245293179073,0.08105053269379847,0.014399630785290454,0.4091604400325466,0.0,0.0,0.0,0.0,0.9824116310557803,388.687292150549,70.10540771484375,500.1178283691406,500.1178283691406,1.1701672077178955,0.6172111630439758,0.25,3.9345970153808594,0.6709520816802979,0.46249210834503174,4.544321415958618e-06,0.0,5.059970504528767,3.6788950868555017,0.27294139687912755,0.8163312705787452,0.25215815289600474,0.032930730967908294,0.7056870637713252,0.21986306358028102,0.033532953896635284,,,,,,,,,,,,,,,,,,,,,,,,,,,,,,,,,
480,5.602119191623901e-06,5.602119191623901e-06,1.0,8.769418561780775,4.787866527969773,3.169401639216655,3.169401639216655,3.1692578534822204,0.0,0.0,0.31358101722356435,1.425162267040562,0.0850722914611971,1.4852403853390668,0.08308731059770326,0.01496154478298047,0.4196839018447979,0.0,0.0,0.0,0.0,1.0204320678839813,381.4562839817356,65.60118103027344,500.1178283691406,500.1178283691406,1.1796040534973145,0.6359014511108398,0.25,3.9443531036376953,0.6758632659912109,0.4725133776664734,4.544321415958618e-06,0.0,5.966863761077056,4.162333275820758,0.30242528697028087,0.8222956770175213,0.2540647890922186,0.033178475207170925,0.7060183802166501,0.21937211381422506,0.03361108949458277,106.44113163371662,171.12250151035065,0.277179985466643,38.886964609334754,106.44113041298743,130.66130304066849,154.5119952988795,187.37741293380702,43.21239144461496,76.37315327252529,200.38396619713825,0.5792961609581595,0.8302831893575591,0.07195164300451963,-0.3393712178079667,0.8049409086258172,0.7368647468319289,0.7416305520197125,0.5534438997026329,0.9484356891546893,0.9855768157823578,0.9954867214841088,0.44843568915468934,0.18557681578235774,0.045486721484108816,0.0032832336581793574,0.5183388270146915,0.5604395604395604,0.43956043956043955,0.576007326007326,0.4728327745592201,0.45686793257738206,0.4521458976707616
481,5.587161173328076e-06,5.587161173328076e-06,1.0,8.769023998363599,4.820897025031012,3.1412721711236076,3.1412721711236076,3.140997229395686,0.0,0.0,0.3121585177408682,1.402428201726965,0.08381525789563721,1.4851003691956803,0.08390021857780379,0.015818405902717967,0.41130985279341004,0.0,0.0,0.0,0.0,0.9928789315996943,382.28796056798984,65.85794067382812,500.1178283691406,500.1178283691406,1.1813560724258423,0.6385026574134827,0.25,3.9430370330810547,0.6774475574493408,0.475335031747818,6.4918877370837406e-06,0.0,5.533918657818356,3.8434670599731238,0.30547098762591157,0.8245678399060223,0.2532375857636735,0.03324050989908141,0.7061835237451501,0.21905127046881495,0.03368266692032685,,,,,,,,,,,,,,,,,,,,,,,,,,,,,,,,,
482,5.572199793859924e-06,5.572199793859924e-06,1.0,8.677743937518146,4.707776559365763,3.1666027404166557,3.1666027404166557,3.166382821830543,0.0,0.0,0.3133325818422678,1.392194235647047,0.08363915214667449,1.4798414707183838,0.08256752688337017,0.014888270034429591,0.40820544313740087,0.0,0.0,0.0,0.0,0.9909536604945725,383.2406286291174,64.83690643310547,500.1178283691406,500.1178283691406,1.1753815412521362,0.6293036937713623,0.25,3.953908920288086,0.6732476353645325,0.47027352452278137,1.1036209153042358e-05,0.0,5.813683546878196,4.053853724453901,0.30270478402101547,0.8191820995227711,0.2526636200176703,0.033492174200915,0.7056457255337689,0.21911087269718582,0.03389357211622032,,,,,,,,,,,,,,,,,,,,,,,,,,,,,,,,,
483,5.55723520236999e-06,5.55723520236999e-06,1.0,8.838946497118151,4.869552702517123,3.1545267233977445,3.1545267233977445,3.1544797227189347,0.0,0.0,0.3142103415888709,1.4245717235513635,0.08386006095522158,1.4985679098077722,0.08324227935156307,0.016429324395249825,0.41325299320994197,0.0,0.0,0.0,0.0,1.0233179701341164,375.8949725176837,56.33127975463867,500.1178283691406,500.1178283691406,1.1790578365325928,0.627658486366272,0.25,3.932537078857422,0.67705899477005,0.4720115661621094,7.1410765107921145e-06,0.0,6.245124122580966,4.398428030916162,0.29570206378886305,0.8244882322646476,0.25145171381331777,0.033263987886744575,0.7077110780251993,0.21760441523951454,0.03363784246549413,,,,,,,,,,,,,,,,,,,,,,,,,,,,,,,,,
484,5.542267548040851e-06,5.542267548040851e-06,1.0,8.658964182879474,4.683066290778083,3.1735426541921257,3.1735426541921257,3.1733106149209513,0.0,0.0,0.3135552116342493,1.3937363914541296,0.08415485062711947,1.4732845957214769,0.08204345505785297,0.015166459863099295,0.4092229435572753,0.0,0.0,0.0,0.0,0.9831548462042937,381.07550048828125,62.84208679199219,500.1178283691406,500.1178283691406,1.1777822971343994,0.6331986784934998,0.25,3.958944320678711,0.6769285202026367,0.4740244448184967,1.1036209153042358e-05,0.0,5.633451771091771,4.155530633153142,0.26234734901302004,0.8245612334560704,0.2505172712577356,0.033026348396733,0.7091408065847449,0.2167233953604827,0.033377221810656624,,,,,,,,,,,,,,,,,,,,,,,,,,,,,,,,,
485,5.527296980085607e-06,5.527296980085607e-06,1.0,8.624269717448467,4.685845310623582,3.132074008116851,3.132074008116851,3.1318316330780855,0.0,0.0,0.31208570019618886,1.412302526267799,0.0845429222728755,1.4702293292896167,0.08371390160676595,0.017779707688385167,0.4164613114820944,0.0,0.0,0.0,0.0,1.0498452847068374,375.14875999656886,55.89291000366211,500.1178283691406,500.1178283691406,1.17864990234375,0.6355979442596436,0.25,3.9728775024414062,0.6786260008811951,0.47787901759147644,1.622971934270935e-05,0.0,5.940919473364547,4.419428786715946,0.25610357007362844,0.8269781615283038,0.24977448139641736,0.03287058424305271,0.7101570545016108,0.21609029777952143,0.03321088311841359,122.42498515202449,188.6362815437623,0.310936850199722,61.696266467754654,122.4249873449983,140.88018642871998,164.0315803979248,195.35085588105946,40.21639360700335,89.30311685015064,227.82022758152175,0.5749959159287902,0.8401456649682902,0.06004988387096202,-0.33507673491040285,0.8191169136571425,0.7600659531257835,0.7628575584235218,0.5501768245633057,0.944306994284184,0.9844334449715818,0.995271852888711,0.44430699428418396,0.18443344497158176,0.04527185288871105,0.00409080741286274,0.4888208644672219,0.5934065934065934,0.4065934065934066,0.6007326007326007,0.4886557635452066,0.47217682941438077,0.4673083686157242
486,5.5123236477464135e-06,5.5123236477464135e-06,1.0,8.747183851293615,4.781027716559333,3.1499444536260657,3.1499444536260657,3.1498434350297257,0.0,0.0,0.3148088729059374,1.4302133031793542,0.08516809767162478,1.4932361486795787,0.08482344760685354,0.014837193441250035,0.4192648884412405,0.0,0.0,0.0,0.0,1.0195795088200956,379.90993932775547,61.8678092956543,500.1178283691406,500.1178283691406,1.1795244216918945,0.6344220042228699,0.25,3.932537078857422,0.678987443447113,0.47594451904296875,6.4918877370837406e-06,0.0,5.534739334841032,4.115379958539395,0.25644556869495344,0.8274009324408866,0.250005878709458,0.03280145720251509,0.7104358495892705,0.21595809508014369,0.0331257399977059,,,,,,,,,,,,,,,,,,,,,,,,,,,,,,,,,
487,5.497347700292979e-06,5.497347700292979e-06,1.0,8.794192971409979,4.8292218672262655,3.1517874936799744,3.1517874936799744,3.151730234558518,0.0,0.0,0.3123654562073785,1.4301757039250553,0.08530850909851692,1.4876513158952869,0.08341040975741439,0.016460653048361074,0.4146046984840084,0.0,0.0,0.0,0.0,1.0209988403964687,377.9714644148543,62.84208679199219,500.1178283691406,500.1178283691406,1.180612325668335,0.6410408616065979,0.25,3.933338165283203,0.679962694644928,0.4818666875362396,1.2983775474167481e-05,0.0,6.041430014210778,4.30888396984822,0.2867774749169033,0.8288343291024904,0.24934462558578802,0.032868808840174936,0.710549043642508,0.21556169398733088,0.033257214604197324,,,,,,,,,,,,,,,,,,,,,,,,,,,,,,,,,
488,5.482369287021081e-06,5.482369287021081e-06,1.0,8.825555543641787,4.84068928538142,3.187841035224296,3.187841035224296,3.187723817052068,0.0,0.0,0.31421250427091446,1.3727641427839123,0.08251042563367535,1.4685477823824495,0.08260256605776581,0.013853513132277373,0.4005249505107467,0.0,0.0,0.0,0.0,0.9710508987710282,380.5692872743349,62.35304260253906,500.1178283691406,500.1178283691406,1.1804776191711426,0.6347705125808716,0.25,3.9387168884277344,0.6784242391586304,0.47497040033340454,1.5580530569000975e-05,0.0,4.438205113282075,3.5265362552694373,0.2054138632043651,0.8265133693411544,0.25049858399339625,0.03322625250832455,0.7090916536949776,0.21644769729794683,0.03351691002781327,,,,,,,,,,,,,,,,,,,,,,,,,,,,,,,,,
489,5.467388557251081e-06,5.467388557251081e-06,1.0,8.722769402168893,4.784934662483834,3.1324994821806214,3.1324994821806214,3.1322911558924496,0.0,0.0,0.31346947276914444,1.4036478770745766,0.08390348485192738,1.4780954960230235,0.08211503479931806,0.015542561767270436,0.4094543577851476,0.0,0.0,0.0,0.0,1.0060643344312101,381.81342872413427,62.597084045410156,500.1178283691406,500.1178283691406,1.180366039276123,0.6315234303474426,0.25,3.934825897216797,0.6797605752944946,0.47627419233322144,9.088642831917236e-06,0.0,5.298743850476033,3.928471280110849,0.2586032858036873,0.8286157298732448,0.24911529550681244,0.032990897074341774,0.7104265609303037,0.21547034261999903,0.03334003364717638,,,,,,,,,,,,,,,,,,,,,,,,,,,,,,,,,
490,5.452405660326435e-06,5.452405660326435e-06,1.0,8.717668868399954,4.737313006375287,3.1735842099060885,3.1735842099060885,3.173337968620094,0.0,0.0,0.31202965249886383,1.4165361668612506,0.08401151947878502,1.4764645905108065,0.08128169481013273,0.015244209157252634,0.4165604154805879,0.0,0.0,0.0,0.0,1.0237814252440993,382.7625748917863,66.89505004882812,500.1178283691406,500.1178283691406,1.173363208770752,0.6264985799789429,0.25,3.9399185180664062,0.676712691783905,0.4713099002838135,1.1685397926750732e-05,0.0,4.994647296699318,3.8353298902511597,0.2321119665875679,0.8251239512417767,0.2471885644906276,0.0324555791511729,0.7121757027265188,0.21465732600237872,0.03289009248082702,134.87601068517665,207.97282389975132,0.35859268673583133,83.58830001328018,134.8760093131996,154.08475899595837,177.81586620853633,208.5495393219216,56.77959115164621,104.6294349847838,231.58216725225034,0.5961873725281881,0.8437568605797011,0.05761849621032128,-0.3264890394516314,0.824789638548139,0.7729041611053316,0.7740868207525361,0.5533418909503481,0.9401014864858552,0.9832158562643278,0.9948628759486786,0.44010148648585523,0.1832158562643278,0.04486287594867866,0.004261041469119905,0.46903011741478823,0.6318681318681318,0.36813186813186816,0.6117216117216117,0.5122405016733395,0.4949768076313066,0.4896717520205529
491,5.437420745612201e-06,5.437420745612201e-06,1.0,8.725033708520838,4.7314096399255705,3.1921282330074825,3.1921282330074825,3.192031344851932,0.0,0.0,0.31304183038505345,1.3989919746244275,0.08448197289898589,1.4645393249150869,0.08269916072085097,0.014497013070394058,0.4059235832175693,0.0,0.0,0.0,0.0,0.9878402062364526,389.3925319362331,68.21443939208984,500.1178283691406,500.1178283691406,1.1744734048843384,0.629044234752655,0.25,3.9228668212890625,0.6762710809707642,0.4722669720649719,4.544321415958618e-06,0.0,4.734361029960014,3.508704873355659,0.2588852326318482,0.8242162578814739,0.24848430664152713,0.03264177359036497,0.7108226805119902,0.21554737719329628,0.033061502400685,,,,,,,,,,,,,,,,,,,,,,,,,,,,,,,,,
492,5.422433962493554e-06,5.422433962493554e-06,1.0,8.680721785571125,4.72845138085855,3.1557785691441715,3.1557785691441715,3.1555894774359627,0.0,0.0,0.31132804219787186,1.3867621969532322,0.0836847545327367,1.4602530904718347,0.08101657496110813,0.015466783913104114,0.40455942782195836,0.0,0.0,0.0,0.0,0.9868001486804034,385.6466988228463,62.597084045410156,500.1178283691406,500.1178283691406,1.1799540519714355,0.6423006653785706,0.25,3.9276161193847656,0.6787657141685486,0.48074835538864136,1.2334586700459105e-05,0.0,5.434682254855697,4.0868004463814405,0.2480148323795695,0.8271595449061007,0.24972845130675547,0.03303081773825594,0.709781377702146,0.21591687081633387,0.03338563245897357,,,,,,,,,,,,,,,,,,,,,,,,,,,,,,,,,
493,5.407445460374296e-06,5.407445460374296e-06,1.0,8.754434972196012,4.792674850773167,3.1546909937987455,3.1546909937987455,3.1545523888355977,0.0,0.0,0.3146632668134329,1.4080775589556307,0.08383636740413872,1.479351365888441,0.08264717238174903,0.014577292497395663,0.40715585689286926,0.0,0.0,0.0,0.0,0.9999173863514049,386.0866130107158,67.15686798095703,500.1178283691406,500.1178283691406,1.1801860332489014,0.6325339674949646,0.25,3.9513626098632812,0.6792129278182983,0.4747960567474365,7.1410765107921145e-06,0.0,4.4410764099778355,3.43549994036958,0.226426293262825,0.8276990023819176,0.24994138648381103,0.03297784275098427,0.710069790079787,0.21595534682273865,0.033246317072897345,,,,,,,,,,,,,,,,,,,,,,,,,,,,,,,,,
494,5.392455388675361e-06,5.392455388675361e-06,1.0,8.746505350679964,4.783580754254316,3.1587661988026388,3.1587661988026388,3.158533785794232,0.0,0.0,0.3137299563433673,1.4039613556217503,0.08471428884847744,1.4646945708506816,0.08337180346653268,0.017176923052583996,0.41657225022444855,0.0,0.0,0.0,0.0,1.0178481678704958,386.5263506915118,65.85794067382812,500.1178283691406,500.1178283691406,1.176693320274353,0.6351045370101929,0.25,3.941720962524414,0.6777094602584839,0.4776696562767029,1.4282153021584229e-05,0.0,5.99966693568874,4.293588399887085,0.2843622077840899,0.8259771031302374,0.24898897151689273,0.03269441591928134,0.7103156350754403,0.21592422312981374,0.033140351190357596,,,,,,,,,,,,,,,,,,,,,,,,,,,,,,,,,
495,5.377463896833337e-06,5.377463896833337e-06,1.0,8.678537007924673,4.694600904310072,3.175767544153574,3.175767544153574,3.175583620329161,0.0,0.0,0.3148782776819693,1.4072497857583535,0.08479585861032074,1.4768450131287445,0.08510152139776461,0.015944354072515224,0.4097702495149664,0.0,0.0,0.0,0.0,0.993627172869605,391.42731785129854,69.28865814208984,500.1178283691406,500.1178283691406,1.172069787979126,0.6287156939506531,0.25,3.9423789978027344,0.6756603121757507,0.47318676114082336,7.1410765107921145e-06,0.0,5.548549133378106,3.9989893484759973,0.2792729680594349,0.8236689180941195,0.24752700852381215,0.03232575857357399,0.711667537689209,0.21527068921037623,0.03276449235508571,131.76858382172637,209.84758246789835,0.35904263035729495,79.36182458060128,131.76858048479474,152.1559338608375,176.8660022994202,207.21863113084123,66.34817395891461,103.96060582833697,219.7071062170941,0.6030943634604152,0.8422272156890241,0.05946244018513865,-0.32796182397783996,0.822836382258219,0.7686329100795062,0.7693420843435377,0.5539176409138307,0.9403469764511285,0.9831888679383358,0.9948083802904255,0.4403469764511285,0.18318886793833578,0.044808380290425553,0.0041214287827382665,0.4864562719053083,0.6098901098901099,0.3901098901098901,0.6117216117216117,0.5131150342442177,0.4960332266413249,0.4908314396391858
496,5.362471134298963e-06,5.362471134298963e-06,1.0,8.729071746001372,4.770796943355251,3.1543447455844364,3.1543447455844364,3.154018195899757,0.0,0.0,0.3126621890712429,1.4042759811556018,0.08367587344066517,1.469930139747826,0.08285182795009098,0.016546052301654946,0.4096481413454623,0.0,0.0,0.0,0.0,1.009414964431041,385.90002358926307,65.0906753540039,500.1178283691406,500.1178283691406,1.169601559638977,0.625203549861908,0.25,3.945812225341797,0.6743971109390259,0.47121796011924744,9.088642831917236e-06,0.0,5.653700219618307,4.132272921703957,0.2691029306143623,0.8221234502019109,0.24708739486900536,0.03225359773716411,0.7118221682471197,0.2151823337819125,0.032750769090410824,,,,,,,,,,,,,,,,,,,,,,,,,,,,,,,,,
497,5.347477250535653e-06,5.347477250535653e-06,1.0,8.651977100887814,4.693240552335172,3.15445064209603,3.15445064209603,3.1541256517977327,0.0,0.0,0.31388919740109833,1.3836361975283236,0.08316199300256935,1.483735339061634,0.08555434332103343,0.01746991038246936,0.4030641655664186,0.0,0.0,0.0,0.0,1.0148165596498024,379.3305218670819,58.11942672729492,500.1178283691406,500.1178283691406,1.1787314414978027,0.6380200982093811,0.25,3.96246337890625,0.6787922978401184,0.4787658154964447,1.1685397926750732e-05,0.0,7.072528718291102,4.648211111893525,0.34277946445487917,0.8273539897557851,0.24908307194709778,0.032989066396210645,0.710716766280097,0.2155191560049315,0.03311733846124765,,,,,,,,,,,,,,,,,,,,,,,,,,,,,,,,,
498,5.332482395017992e-06,5.332482395017992e-06,1.0,8.752097542221481,4.777720876642175,3.1655379243799158,3.1655379243799158,3.165270502502854,0.0,0.0,0.31440834499694204,1.4161992749652348,0.0842599677475723,1.4770399396483962,0.08300439353931595,0.01588071430907459,0.41353304724435547,0.0,0.0,0.0,0.0,1.02264995832701,384.3614798880912,63.3349609375,500.1178283691406,500.1178283691406,1.177319049835205,0.6347915530204773,0.25,3.9524784088134766,0.6783499717712402,0.47607651352882385,2.0124851984959595e-05,0.0,5.179038415084014,4.006150355210176,0.2264683066373454,0.8268685888599705,0.24879707476577242,0.03261500783264637,0.7115333386369653,0.21520116884966153,0.032873330587470856,,,,,,,,,,,,,,,,,,,,,,,,,,,,,,,,,
499,5.317486717230253e-06,5.317486717230253e-06,1.0,8.737239786096522,4.773027252506566,3.155854908195702,3.155854908195702,3.1556576135996224,0.0,0.0,0.31260723439422816,1.4071677407702885,0.08409653523483791,1.4813050160536896,0.08558035621771941,0.017684831296572008,0.41013899767721024,0.0,0.0,0.0,0.0,1.0171052604108244,376.242413495038,54.491615295410156,500.1178283691406,500.1178283691406,1.1845566034317017,0.638411819934845,0.25,3.9460411071777344,0.6825574636459351,0.48100513219833374,1.75280968901261e-05,0.0,5.870756490810497,4.231407632698884,0.27923979825729234,0.8320884495168119,0.24992394890334155,0.03297877236193902,0.7110596637468081,0.2153969463464376,0.033000764411848946,,,,,,,,,,,,,,,,,,,,,,,,,,,,,,,,,
500,5.302490366664909e-06,5.302490366664909e-06,1.0,8.739340743503055,4.769955068021207,3.1658796813036942,3.1658796813036942,3.165700590288317,0.0,0.0,0.31252583861351013,1.4084425455815084,0.08451475505087827,1.4615503614013259,0.08394632136096826,0.015768637364679896,0.4090906373552374,0.0,0.0,0.0,0.0,1.01262303300806,383.4313387484164,60.43464279174805,500.1178283691406,500.1178283691406,1.1810188293457031,0.6424907445907593,0.25,3.9554824829101562,0.6800243854522705,0.48038288950920105,7.1410765107921145e-06,0.0,5.0540356346078825,3.8122701016632288,0.24569781907384516,0.8287849023535445,0.24994055000511375,0.032651545882627774,0.7111315759452613,0.2155832197215106,0.03288133356820892,146.9753042786986,227.99591342389763,0.370471564989011,100.268983903822,146.9753038563182,165.41645753433863,190.2035726652511,220.43255276722923,40.097935267857146,113.0133986953617,258.4802478292714,0.6202790676373174,0.8444153268665714,0.06398680185477278,-0.31772701579513074,0.8264898685641436,0.7738330604299949,0.7728339885664589,0.5601812473792339,0.9373896787299294,0.9820968787481984,0.9946412602717828,0.4373896787299294,0.18209687874819835,0.044641260271782834,0.004048248898798449,0.4833173219899323,0.6428571428571429,0.35714285714285715,0.6272893772893773,0.5289475690205019,0.5104546194466261,0.5049704393924592
501,5.2874934928211395e-06,5.2874934928211395e-06,1.0,8.705583275975409,4.753894367733517,3.1465714171126082,3.1465714171126082,3.146395760613519,0.0,0.0,0.31251699698937907,1.407667781855609,0.08464521854310422,1.4682214099007684,0.08424689137452357,0.01578387722524034,0.41450925453289134,0.0,0.0,0.0,0.0,1.012700370840124,383.48968670819255,60.671173095703125,500.1178283691406,500.1178283691406,1.1803807020187378,0.6359778046607971,0.25,3.943695068359375,0.6809232234954834,0.4790818393230438,2.0774040758667967e-05,0.0,5.373007825902991,4.00915990165762,0.25383322869368086,0.8302120115305927,0.2489947161159,0.03236896776267,0.7118094837343371,0.2152957731002086,0.03269990407735915,,,,,,,,,,,,,,,,,,,,,,,,,,,,,,,,,
502,5.272496245203338e-06,5.272496245203338e-06,1.0,8.662601367847339,4.699419885068326,3.1645742300394417,3.1645742300394417,3.164405075279442,0.0,0.0,0.3134126099380287,1.383296731356028,0.0824512788975561,1.468158431955286,0.0823307622324776,0.015565970899990282,0.3972902201317452,0.0,0.0,0.0,0.0,0.99711156535793,382.21818913640203,59.03467559814453,500.1178283691406,500.1178283691406,1.1806793212890625,0.6410239338874817,0.25,3.9460411071777344,0.6790341138839722,0.48010140657424927,1.622971934270935e-05,0.0,5.38421441332714,4.0207791634508085,0.2532282604685138,0.8273028151409046,0.25058889107124227,0.03304639418382902,0.7097768316397796,0.2163419461733586,0.03316006044278274,,,,,,,,,,,,,,,,,,,,,,,,,,,,,,,,,
503,5.25749877331963e-06,5.25749877331963e-06,1.0,8.735616774172396,4.782449915602401,3.146871057716576,3.146871057716576,3.146566101022669,0.0,0.0,0.3145110091647586,1.4064164129463401,0.0831653520062163,1.481206494408685,0.08180999020869667,0.013788218207254604,0.40451983221479365,0.0,0.0,0.0,0.0,1.0003347670709766,388.78270989495354,66.37447357177734,500.1178283691406,500.1178283691406,1.1732114553451538,0.6377526521682739,0.25,3.954967498779297,0.6762431859970093,0.4780767560005188,5.193510189666992e-06,0.0,5.766217595822102,4.099227173908337,0.28909599650238293,0.8243061851810765,0.24807653153264844,0.03222706531350677,0.7115447521209717,0.2154774500711544,0.03272986598312855,,,,,,,,,,,,,,,,,,,,,,,,,,,,,,,,,
504,5.242501226680371e-06,5.242501226680371e-06,1.0,8.765758772154111,4.832084784636626,3.1226397269480937,3.1226397269480937,3.1223971714844576,0.0,0.0,0.3113728189790571,1.4121254682540894,0.08370292760633133,1.4909694065918793,0.08636737675280184,0.01744743897202047,0.4111562822316144,0.0,0.0,0.0,0.0,1.0410797885946326,378.7924235575908,55.67499923706055,500.1178283691406,500.1178283691406,1.180754542350769,0.6481829285621643,0.25,3.958314895629883,0.6818941831588745,0.4867953062057495,1.6878908116417723e-05,0.0,6.004932153869319,4.454072696131629,0.2582642764312305,0.8317446692569835,0.24792416756217545,0.03234819347995359,0.7126935269381549,0.21452786592212883,0.032655454215568466,,,,,,,,,,,,,,,,,,,,,,,,,,,,,,,,,
505,5.227503754796661e-06,5.227503754796661e-06,1.0,8.640307374902674,4.714897400624043,3.1236801791835473,3.1236801791835473,3.123418743545945,0.0,0.0,0.3125356161916578,1.3921342443775486,0.08356026157334044,1.4681717125145164,0.08450264926697756,0.015441354590694647,0.4095490607055458,0.0,0.0,0.0,0.0,1.0180280256915737,388.159726529508,64.58413696289062,500.1178283691406,500.1178283691406,1.179925560951233,0.6449852585792542,0.25,3.96795654296875,0.6813328862190247,0.4850708544254303,9.73783160562561e-06,0.0,5.756986020384608,4.176867122585709,0.27446981670685655,0.8310408205599398,0.2478033348515227,0.03230823314673192,0.7127927815591967,0.21449446798981847,0.0326135072957825,93.36597140804751,161.12364065189206,0.24007188255878625,11.21441180889423,93.3659684080223,118.09688087730648,142.99523434112442,176.02372943264686,39.0675539289202,64.97602554439574,181.24405703337297,0.5939227991305912,0.8350918168754304,0.05274009029522831,-0.35908791156179454,0.8111933949330554,0.7407026577381695,0.7361898633177452,0.5420146981392294,0.9504852449112733,0.9858778394184223,0.9955256469542896,0.4504852449112733,0.18587783941842229,0.04552564695428962,0.004116757726316576,0.5595660899988011,0.4725274725274725,0.5274725274725275,0.5567765567765568,0.45205869116298447,0.4382199425618727,0.43455089288917215
506,5.2125065071788625e-06,5.2125065071788625e-06,1.0,8.948028590228107,4.96112525140917,3.177964332941416,3.177964332941416,3.1777602788564323,0.0,0.0,0.3142679365905556,1.4216798576148781,0.08457743708749076,1.4788291486533913,0.08159308357013238,0.015468136080213496,0.4025752415528169,0.0,0.0,0.0,0.0,0.99756800000732,389.8994495288746,65.60118103027344,500.1178283691406,500.1178283691406,1.1804556846618652,0.6447224020957947,0.25,3.953737258911133,0.6807301640510559,0.4827808439731598,1.2334586700459105e-05,0.0,5.556421673781163,3.992293815355043,0.281499128442087,0.8300597119975734,0.2485411646398338,0.03248888415259284,0.7127055864076357,0.21445703546743136,0.03267628160884251,,,,,,,,,,,,,,,,,,,,,,,,,,,,,,,,,
507,5.197509633335094e-06,5.197509633335094e-06,1.0,8.814002294798154,4.8416698623347925,3.167205069516156,3.167205069516156,3.166977341110642,0.0,0.0,0.3127450709407394,1.3985155949721466,0.08243604074861552,1.484310591543043,0.0840282721092572,0.014413081833186585,0.39539692208573624,0.0,0.0,0.0,0.0,0.9837381227596386,384.3704644280511,59.730560302734375,500.1178283691406,500.1178283691406,1.1836776733398438,0.6456368565559387,0.25,3.967069625854492,0.6827179193496704,0.4855441749095917,1.2334586700459105e-05,0.0,6.01210488902556,4.251250215478845,0.2928848890778606,0.8326733273428839,0.24836487866736748,0.032996268338851026,0.712333535825884,0.21427067389359344,0.032951177777470766,,,,,,,,,,,,,,,,,,,,,,,,,,,,,,,,,
508,5.1825132827697484e-06,5.1825132827697484e-06,1.0,8.620989155124974,4.663903597238901,3.1525381255794214,3.1525381255794214,3.1521928439269193,0.0,0.0,0.31407608132104614,1.3968667178540617,0.08374698601059012,1.4728012793772929,0.08502747923941226,0.015991189466739022,0.40576961958730545,0.0,0.0,0.0,0.0,1.0021498138840135,386.69871067356416,63.831703186035156,500.1178283691406,500.1178283691406,1.1801413297653198,0.6451929807662964,0.25,3.9558258056640625,0.6829530000686646,0.48614561557769775,2.1423229532376343e-05,0.0,5.722272003019178,4.224415927319913,0.261758978760354,0.8335876770921655,0.24614320413486376,0.032039289790633564,0.715166043590855,0.21277879299344243,0.032302261456041724,,,,,,,,,,,,,,,,,,,,,,,,,,,,,,,,,
509,5.167517604982009e-06,5.167517604982009e-06,1.0,8.765208721160889,4.795675870534536,3.1682175945591284,3.1682175945591284,3.168021008775041,0.0,0.0,0.31271908653749003,1.3941090268057745,0.08360135565335686,1.4669829188166439,0.08441369638249681,0.014515711856703903,0.3998637569917215,0.0,0.0,0.0,0.0,0.9759976879970448,387.29555202174834,62.84208679199219,500.1178283691406,500.1178283691406,1.1822494268417358,0.6429901719093323,0.25,3.960803985595703,0.6835009455680847,0.48452261090278625,1.4282153021584229e-05,0.0,5.342818490556769,4.06581078348933,0.239013866805414,0.8340618030444996,0.24706902777826464,0.0322992088826927,0.7146823873391023,0.2129338955557024,0.03242406722258877,,,,,,,,,,,,,,,,,,,,,,,,,,,,,,,,,
510,5.152522749464348e-06,5.152522749464348e-06,1.0,8.701735238771182,4.7701497077941895,3.125895867476592,3.125895867476592,3.1256942555711076,0.0,0.0,0.31247787942757477,1.3974609858280904,0.08353901503456605,1.4813485499974843,0.08560871413430653,0.015717372524778585,0.4034625090457298,0.0,0.0,0.0,0.0,1.0075934480976414,380.95579487568625,56.995296478271484,500.1178283691406,500.1178283691406,1.1872211694717407,0.6536685824394226,0.25,3.958314895629883,0.6861516237258911,0.49152812361717224,2.1423229532376343e-05,0.0,5.8086178012796355,4.3889115307782145,0.24441378638970881,0.8373046903996855,0.24798148508007462,0.03246579742109453,0.714082158900596,0.21330113789519747,0.032527455103558464,100.56376497038119,162.2998807966357,0.26979476622625403,32.669618376008756,100.56376402006552,126.45476820013184,150.51827457526582,182.9760849101972,45.23960876464844,75.09853120552476,180.3960312553074,0.5884199241052698,0.8346936799079543,0.05269680386099642,-0.3541606004705115,0.809357032369661,0.7478036283730927,0.7480160844951482,0.5447420042921827,0.9491140303483726,0.9858814724623058,0.9955889657191169,0.4491140303483726,0.1858814724623058,0.04558896571911697,0.004341487440826798,0.5505172156974484,0.5274725274725275,0.4725274725274725,0.5805860805860805,0.4668841764003366,0.45196036298523895,0.4476224541009127
511,5.137528865701038e-06,5.137528865701038e-06,1.0,8.601712123767749,4.654013401753193,3.148733474112846,3.148733474112846,3.148443280039607,0.0,0.0,0.3122976196778787,1.3830261617093473,0.08289263055131242,1.4724049858144812,0.08205290178994874,0.015465187833870988,0.40189602085061976,0.0,0.0,0.0,0.0,1.0060475259213835,375.30303212758656,53.64680099487305,500.1178283691406,500.1178283691406,1.1842076778411865,0.6512717604637146,0.25,3.9637222290039062,0.6853447556495667,0.4909948408603668,2.272160707979309e-05,0.0,5.648174157013765,4.304620952219577,0.23787389826246705,0.8366363064662831,0.24643743320091352,0.032252721387792276,0.7152589108492877,0.2124526424182428,0.03235125023166876,,,,,,,,,,,,,,,,,,,,,,,,,,,,,,,,,
512,5.122536103166665e-06,5.122536103166665e-06,1.0,8.641848203298208,4.6772451271881925,3.1631529846706905,3.1631529846706905,3.1629340197588944,0.0,0.0,0.3151497236780218,1.393535414257565,0.08323764277471078,1.4688303051768123,0.0818246015020319,0.013741037550357145,0.4021002746917106,0.0,0.0,0.0,0.0,0.9893044136665963,377.94093034074115,55.67499923706055,500.1178283691406,500.1178283691406,1.1814870834350586,0.6439704895019531,0.25,3.9547958374023438,0.684195876121521,0.4852656424045563,3.051187236429358e-05,0.0,5.623510800503396,4.063380666681238,0.2774299168559436,0.8354340550061818,0.24523294052562197,0.03207560860224672,0.7163561985299394,0.2117316839662758,0.032154577557702325,,,,,,,,,,,,,,,,,,,,,,,,,,,,,,,,,
513,5.10754461132464e-06,5.10754461132464e-06,1.0,8.674178071924159,4.711383329855429,3.1627023735561886,3.1627023735561886,3.162495484223237,0.0,0.0,0.31353071331977844,1.388041783023525,0.08348575596873825,1.469155952737138,0.08241913618670928,0.013860082291570064,0.4050054679045806,0.0,0.0,0.0,0.0,0.9838128508748235,381.41994744378167,57.2183723449707,500.1178283691406,500.1178283691406,1.1854362487792969,0.647206723690033,0.25,3.9600601196289062,0.6868525743484497,0.48898062109947205,2.5967550948334962e-05,0.0,5.099077894880965,3.908734310317684,0.23344291048353735,0.8389196025358664,0.24522380248920336,0.03206894541713032,0.7167487434438757,0.2112724692434878,0.03218622636553403,,,,,,,,,,,,,,,,,,,,,,,,,,,,,,,,,
514,5.092554539625707e-06,5.092554539625707e-06,1.0,8.737684945802432,4.790855465708552,3.1482338132085026,3.1482338132085026,3.148074433610246,0.0,0.0,0.31197741466599543,1.383268900819727,0.08296994170224345,1.4687675076562006,0.08287633744043273,0.017197584544585365,0.39769587404019124,0.0,0.0,0.0,0.0,0.9999339499989072,381.8797021814295,56.995296478271484,500.1178283691406,500.1178283691406,1.1823209524154663,0.6485277414321899,0.25,3.9533939361572266,0.6848815679550171,0.489744633436203,2.3370795853501463e-05,0.0,6.324318160881868,4.391510106421806,0.30561524662297346,0.8364330143541903,0.2448177140306782,0.03207511248419414,0.7165082999177881,0.21148563115983396,0.032194795540055714,,,,,,,,,,,,,,,,,,,,,,,,,,,,,,,,,
515,5.077566037506448e-06,5.077566037506448e-06,1.0,8.670403892929489,4.718417322313464,3.1529718154185526,3.1529718154185526,3.1527166431014604,0.0,0.0,0.31298734690691976,1.3751872455751575,0.08223759775628915,1.4708844842137516,0.0853283083116686,0.01656082129684856,0.3986945973860251,0.0,0.0,0.0,0.0,0.9966827888746519,385.0774866052576,60.43464279174805,500.1178283691406,500.1178283691406,1.1816766262054443,0.645551860332489,0.25,3.9401473999023438,0.6846749782562256,0.4876909554004669,2.2072418306084715e-05,0.0,5.5223678575979696,4.076486668071231,0.26182268671896197,0.8361697309725994,0.24476869444589358,0.032118322629783605,0.7167661190032959,0.2113391889913662,0.032139836986725394,122.46947948749249,202.6160544951873,0.3507777736346552,73.72545070438595,122.46947933224027,144.4049789750356,169.78052689245473,201.0634695949764,80.07121167864118,98.61294632549433,195.82340671705163,0.6006735697490071,0.8416287341146383,0.05094896355690359,-0.34023241066375265,0.8196521276705098,0.7679369884547594,0.7709496681157988,0.5494951605922063,0.9424972194239134,0.9841651187304692,0.9951747987163937,0.4424972194239134,0.18416511873046915,0.04517479871639374,0.004880734954397514,0.5138177634047641,0.5934065934065934,0.4065934065934066,0.6053113553113553,0.5021848011720966,0.48595531264340486,0.48095727486761064
516,5.0625792543878004e-06,5.0625792543878004e-06,1.0,8.813001362053123,4.83732762207856,3.1653698070629224,3.1653698070629224,3.165226382178229,0.0,0.0,0.31410779179753484,1.4104707788776707,0.08359370763237411,1.4926279751030174,0.08401590001744193,0.015613379611356839,0.3984191039124051,0.0,0.0,0.0,0.0,0.9942390226029061,385.6313311602618,61.8678092956543,500.1178283691406,500.1178283691406,1.18292236328125,0.6447952389717102,0.25,3.9575138092041016,0.6862761378288269,0.48912426829338074,1.3632964247875855e-05,0.0,5.496455886879483,4.159117690614752,0.24330918391559786,0.8383431160772169,0.24452164608079033,0.031901305239345576,0.7173471483024391,0.21106075878078873,0.031979893862798404,,,,,,,,,,,,,,,,,,,,,,,,,,,,,,,,,
517,5.047594339673566e-06,5.047594339673566e-06,1.0,8.648371296959954,4.664447552448994,3.184401467039778,3.184401467039778,3.184151159750449,0.0,0.0,0.3130328139743289,1.3762163793718494,0.0828743222597483,1.4677148316357587,0.08682789744154827,0.017423104746518907,0.3980959919658867,0.0,0.0,0.0,0.0,1.0074058158977612,387.90777587890625,59.49768829345703,500.1178283691406,500.1178283691406,1.1820406913757324,0.6432726979255676,0.25,3.962291717529297,0.6862053275108337,0.48906102776527405,2.3370795853501463e-05,0.0,6.602632016748996,4.889897303001301,0.2594018127018097,0.8385161854125358,0.2434247780490566,0.03189124388469232,0.7182197506363327,0.21022595465183258,0.03193883054159783,,,,,,,,,,,,,,,,,,,,,,,,,,,,,,,,,
518,5.032611442748919e-06,5.032611442748919e-06,1.0,8.658198433953363,4.7019635793325065,3.1505714751578666,3.1505714751578666,3.150422508652146,0.0,0.0,0.31247476226574666,1.4102651203000867,0.08398252101363363,1.4736572955105756,0.08289106170067916,0.016191379934851383,0.40737840694350164,0.0,0.0,0.0,0.0,1.0122331139203664,386.4392988875106,63.088043212890625,500.1178283691406,500.1178283691406,1.1813095808029175,0.6433149576187134,0.25,3.950418472290039,0.6855925917625427,0.487540602684021,2.3370795853501463e-05,0.0,5.470302320815422,4.087257504463196,0.2528278576285459,0.8376805395693392,0.24358215525343613,0.031834004295838846,0.7181446697260883,0.21025189475433245,0.031962511960316346,,,,,,,,,,,,,,,,,,,,,,,,,,,,,,,,,
519,5.0176307129789215e-06,5.0176307129789215e-06,1.0,8.75933380384703,4.782079052280736,3.1718889378212594,3.1718889378212594,3.1717791235124744,0.0,0.0,0.3123057984017037,1.410361647605896,0.08346444005901749,1.480251138274734,0.08117734570358251,0.01534589536714594,0.3970713671800253,0.0,0.0,0.0,0.0,1.0051172230694745,388.54254727750214,62.10995101928711,500.1178283691406,500.1178283691406,1.177518367767334,0.6419501900672913,0.25,3.9439239501953125,0.684215247631073,0.48794594407081604,1.8826474437542847e-05,0.0,5.488484037889017,3.9465822738570138,0.2809339980562374,0.8362804103542019,0.24198258043946447,0.031553544859225686,0.7190419387173008,0.20964221213314985,0.03181970461800292,,,,,,,,,,,,,,,,,,,,,,,,,,,,,,,,,
520,5.002652299707023e-06,5.002652299707023e-06,1.0,8.589972315607843,4.628594540260933,3.1624637423334896,3.1624637423334896,3.1622164507169983,0.0,0.0,0.31235449056367615,1.3842712157481425,0.08303735143429525,1.470204691629152,0.08266479290417723,0.016296262336844527,0.3952240460627788,0.0,0.0,0.0,0.0,0.9841687131572414,387.3403246080553,62.35304260253906,500.1178283691406,500.1178283691406,1.183448076248169,0.6525492072105408,0.25,3.9603748321533203,0.6872434020042419,0.49380016326904297,2.5318362174626587e-05,0.0,5.673654635210295,4.15197922732379,0.26820021762394497,0.8399474330850549,0.2431664293682253,0.03178896306938416,0.7189091427906139,0.20965602470410838,0.03184939120468255,113.3248174897917,181.0322919045701,0.3041120257664496,52.35598650083437,113.32481540256488,135.730956952672,159.78337036780644,191.5519116650126,54.50004686628069,85.34395889163942,200.7444730012313,0.5755930614056322,0.8349188634408059,0.060951375336042515,-0.3443274517822719,0.8093706681431567,0.7493507393390713,0.7514959344264139,0.5505272510701542,0.9466170911878444,0.9851133431840723,0.9954519480640807,0.44661709118784443,0.18511334318407224,0.045451948064080705,0.004321246196332806,0.5570255543116706,0.5879120879120879,0.41208791208791207,0.5888278388278387,0.4835359695684779,0.46772494265338876,0.4629804339710173
521,4.987676352253587e-06,4.987676352253587e-06,1.0,8.664046210211676,4.719120670009303,3.1344065344011462,3.1344065344011462,3.1342005407488025,0.0,0.0,0.31350629555212484,1.4069771573350236,0.08322451787220465,1.4862229276347805,0.08800827369496629,0.017600781749933958,0.40318314127019933,0.0,0.0,0.0,0.0,1.02868453554205,383.71397358662375,58.57526397705078,500.1178283691406,500.1178283691406,1.1834806203842163,0.6478459239006042,0.25,3.9630355834960938,0.6880439519882202,0.49254336953163147,1.1036209153042358e-05,0.0,5.660863874731837,4.264474290448266,0.24667429127143953,0.8411786169619173,0.24247327970491872,0.031603022201641184,0.7197204634949967,0.2090992887277861,0.031748751228725586,,,,,,,,,,,,,,,,,,,,,,,,,,,,,,,,,
522,4.972703019914392e-06,4.972703019914392e-06,1.0,8.670210516130602,4.723470958503517,3.145936340899081,3.145936340899081,3.1457584870828166,0.0,0.0,0.31238997465855367,1.3883269896378387,0.08233619169206233,1.4692768277348698,0.08554982806782464,0.016999753544459473,0.39057922927108973,0.0,0.0,0.0,0.0,1.0122698545455933,388.246017043655,63.58284378051758,500.1178283691406,500.1178283691406,1.1845877170562744,0.6550981998443604,0.25,3.961404800415039,0.6885532140731812,0.49739310145378113,1.947566321125122e-05,0.0,5.910034899776046,4.244024656914376,0.2818951615539194,0.8418103859231278,0.2425865249053852,0.03172137975894116,0.7192532613470748,0.20928178042978854,0.031891694946869,,,,,,,,,,,,,,,,,,,,,,,,,,,,,,,,,
523,4.957732451959152e-06,4.957732451959152e-06,1.0,8.659816793493322,4.703455229063292,3.1546589748279468,3.1546589748279468,3.1544258336763122,0.0,0.0,0.3131395634767172,1.4019266592489708,0.08401516140312762,1.4631444441305625,0.08242401017530544,0.015566777689634142,0.40339876510001516,0.0,0.0,0.0,0.0,0.9962172540458473,394.53605445655614,69.83209991455078,500.1178283691406,500.1178283691406,1.1807639598846436,0.6455011367797852,0.25,3.953737258911133,0.6877283453941345,0.4919188916683197,1.947566321125122e-05,0.0,5.414533624777922,4.01065256305643,0.25928014470111865,0.8411189172718976,0.24114705984656876,0.0311164980804598,0.7211743609325306,0.20834534675688357,0.03143423186564768,,,,,,,,,,,,,,,,,,,,,,,,,,,,,,,,,
524,4.942764797630012e-06,4.942764797630012e-06,1.0,8.653967264536265,4.7173688218400285,3.1460333643732845,3.1460333643732845,3.145833936897484,0.0,0.0,0.312832908050434,1.3608771981419743,0.08186371372760953,1.4565683184443294,0.08132535591721535,0.01488679160389143,0.3915492996976182,0.0,0.0,0.0,0.0,0.969596761303979,385.5751037597656,56.33127975463867,500.1178283691406,500.1178283691406,1.1888597011566162,0.6604960560798645,0.25,3.965381622314453,0.691309928894043,0.5008475184440613,1.2334586700459105e-05,0.0,5.025902458944836,3.746452579627166,0.2545711719972943,0.8453028250384975,0.24304056006508903,0.031901616200401973,0.7200243005881438,0.2086144927385691,0.03184130858327892,,,,,,,,,,,,,,,,,,,,,,,,,,,,,,,,,
525,4.927800206140078e-06,4.927800206140078e-06,1.0,8.661901963723672,4.712409689619735,3.1528921836131327,3.1528921836131327,3.1527646941107674,0.0,0.0,0.31255677342414856,1.381553730449161,0.08281376595432693,1.4637297746297475,0.08232391142361872,0.014928921305171743,0.3916461693274008,0.0,0.0,0.0,0.0,0.9719755287105972,391.74927170212203,64.08153533935547,500.1178283691406,500.1178283691406,1.185652732849121,0.6502171158790588,0.25,3.960803985595703,0.6907035708427429,0.4965667426586151,2.1423229532376343e-05,0.0,4.627313815258645,3.6072101109736674,0.2204526740592281,0.8449173473023079,0.24146594670978752,0.03148558660334832,0.7210780623796824,0.20807473885046468,0.031584782576238785,107.75232778276715,177.22461803103187,0.28653915180953426,40.926359511993745,107.75232804823051,128.20328868426944,152.79415469307622,185.23035332493106,52.422091892787385,79.26462658431178,196.0615692138672,0.5742284112709957,0.8327207738957356,0.06317683341899408,-0.34917598567589675,0.806064177789351,0.7401036562059959,0.7400307719653874,0.5495674995669525,0.948062004640954,0.9855088259611088,0.9955583443492414,0.448062004640954,0.18550882596110874,0.04555834434924144,0.004195127672947161,0.5779321648426191,0.5439560439560439,0.45604395604395603,0.5668498168498168,0.47169960544004547,0.45628296956419945,0.4519406377368576
526,4.912838826671924e-06,4.912838826671924e-06,1.0,8.663778201953784,4.704950951241158,3.1610016049565495,3.1610016049565495,3.1607958561665304,0.0,0.0,0.31146843610583125,1.3875693211684357,0.0826689563691616,1.4638693461547028,0.08298960418717281,0.015381256760274237,0.3946935461985098,0.0,0.0,0.0,0.0,0.996756001098736,392.2021294671136,64.83690643310547,500.1178283691406,500.1178283691406,1.1842988729476929,0.6482031345367432,0.25,3.9486732482910156,0.6897898316383362,0.49392783641815186,1.2983775474167481e-05,0.0,5.07130558748503,3.8724254079767175,0.23640464153193796,0.8438303776689478,0.24099898579958323,0.03152343102202222,0.7217488659394754,0.2075883033307823,0.03152064943837153,,,,,,,,,,,,,,,,,,,,,,,,,,,,,,,,,
527,4.897880808376102e-06,4.897880808376102e-06,1.0,8.604969694807723,4.661840580605172,3.1460611820220947,3.1460611820220947,3.1458772775289177,0.0,0.0,0.3120502265723976,1.3888263090236768,0.08292745537049062,1.464342184968897,0.08079049182501999,0.0130744703692963,0.39519626949284525,0.0,0.0,0.0,0.0,0.9824689433381364,391.8967210924303,65.85794067382812,500.1178283691406,500.1178283691406,1.1866364479064941,0.6498361229896545,0.25,3.9581432342529297,0.6915045976638794,0.4951010048389435,3.3757816232835447e-05,0.0,4.4463796116210315,3.436636096722371,0.22709341151610193,0.846056305073403,0.2411144029449772,0.0314411844152051,0.7219481983700314,0.207436787115561,0.0315087315299221,,,,,,,,,,,,,,,,,,,,,,,,,,,,,,,,,
528,4.882926300369651e-06,4.882926300369651e-06,1.0,8.707468702986434,4.74304468567307,3.1659138847041772,3.1659138847041772,3.1657015826251054,0.0,0.0,0.3130796873891676,1.393332610259185,0.08337709831224906,1.4570681694391612,0.0829171732672163,0.014873821829521173,0.39725807067510244,0.0,0.0,0.0,0.0,0.9948412518243532,392.88950327280406,63.088043212890625,500.1178283691406,500.1178283691406,1.1811212301254272,0.6501299738883972,0.25,3.962606430053711,0.6887224912643433,0.49478963017463684,2.8564306043168458e-05,0.0,4.968516537466565,3.798443522002246,0.23549745817308604,0.8427687464533625,0.2396993310870351,0.031209139606437168,0.7232056614514943,0.20668529860071233,0.0312760962123001,,,,,,,,,,,,,,,,,,,,,,,,,,,,,,,,,
529,4.8679754517346205e-06,4.8679754517346205e-06,1.0,8.652167706876188,4.699991213308798,3.1455221884959452,3.1455221884959452,3.1452092931077287,0.0,0.0,0.31373774683153305,1.4014790412541982,0.08312153212122016,1.4841933024896157,0.08421222442710721,0.016638403582210477,0.3947404180024121,0.0,0.0,0.0,0.0,1.0084499716758728,394.16707054344386,66.1156997680664,500.1178283691406,500.1178283691406,1.1821881532669067,0.6497332453727722,0.25,3.9468421936035156,0.6903548836708069,0.4957999587059021,8.439454058208862e-06,0.0,5.568519887086508,3.9938651854927474,0.2827779613834928,0.8451952467093596,0.23857958735646428,0.03098763389563238,0.7239871443928899,0.2061197588572631,0.031176985619035927,,,,,,,,,,,,,,,,,,,,,,,,,,,,,,,,,
530,4.853028411516581e-06,4.853028411516581e-06,1.0,8.657888567125475,4.707189895011283,3.151831304704821,3.151831304704821,3.1515445966978333,0.0,0.0,0.31194880040916234,1.3911771677635811,0.08314755256917025,1.458937780277149,0.08435420228822811,0.01625566658991817,0.39879782135422165,0.0,0.0,0.0,0.0,1.0065930018553864,391.1887668918919,64.83690643310547,500.1178283691406,500.1178283691406,1.178318977355957,0.6497695446014404,0.25,3.977741241455078,0.6888218522071838,0.4968077838420868,2.0774040758667967e-05,0.0,6.012696427267951,4.235714519346082,0.29553827129258436,0.843497820802637,0.23734361134670875,0.030777407910775493,0.7248865591513144,0.20555528313726992,0.03103288298321737,123.71410011459183,196.1670768489557,0.3298074842561098,73.2013371016953,123.7141016515241,144.64208882339355,168.224561466662,199.95058801568123,54.70018550327846,94.57426851849223,215.93444094450578,0.5857083690116668,0.8349209742217537,0.06383873461290598,-0.3384828662410176,0.8083079098356832,0.7529720838102023,0.7613116546512781,0.5549175903725737,0.9447533396755899,0.9847246074885339,0.995393300355675,0.44475333967558994,0.1847246074885338,0.045393300355675015,0.0046622333151162135,0.5553055675359503,0.6373626373626373,0.3626373626373626,0.5815018315018315,0.49785666540265083,0.48114907270768187,0.4761216833286888
531,4.8380853287231345e-06,4.8380853287231345e-06,1.0,8.749533137759647,4.8175664205808895,3.133472932351602,3.133472932351602,3.1332356929779053,0.0,0.0,0.31328953601218557,1.3922011079014958,0.08276411488249495,1.4676546373882808,0.0796793399227632,0.014753496236595753,0.39097350191425634,0.0,0.0,0.0,0.0,0.9851310655877397,392.0623853528822,63.831703186035156,500.1178283691406,500.1178283691406,1.181882619857788,0.6489357948303223,0.25,3.958486557006836,0.6912333965301514,0.49807846546173096,1.2334586700459105e-05,0.0,4.922756615522745,3.6545989610053398,0.2576112844008114,0.8466477265229096,0.2373540268556492,0.03090195664884271,0.7249008594332514,0.20534497459192533,0.031115899214873444,,,,,,,,,,,,,,,,,,,,,,,,,,,,,,,,,
532,4.82314635232243e-06,4.82314635232243e-06,1.0,8.671290449194005,4.713392489665264,3.1525276931556494,3.1525276931556494,3.1522784104218355,0.0,0.0,0.3130615047506384,1.4047085530049093,0.08342304221681647,1.4754952514493787,0.08391906069339933,0.017183133224780496,0.3983913611721348,0.0,0.0,0.0,0.0,1.0127645521550566,390.44984889674834,63.3349609375,500.1178283691406,500.1178283691406,1.1838722229003906,0.6520079970359802,0.25,3.956512451171875,0.6921676397323608,0.4984799325466156,1.3632964247875855e-05,0.0,5.789252058879749,4.069279694879377,0.2970975087122387,0.8477998810845453,0.23763913399464376,0.0309792186662152,0.725553353090544,0.2048840760379224,0.031039001873216114,,,,,,,,,,,,,,,,,,,,,,,,,,,,,,,,,
533,4.808211631241682e-06,4.808211631241682e-06,1.0,8.698522799723857,4.724408587893924,3.1711042185087464,3.1711042185087464,3.170965813301705,0.0,0.0,0.31254995594153534,1.3981556956832473,0.08348377552386876,1.4696484063122723,0.08440267888678087,0.016480000412746054,0.4030501391436603,0.0,0.0,0.0,0.0,1.032092189466631,392.3428122030722,62.35304260253906,500.1178283691406,500.1178283691406,1.1800243854522705,0.6504654884338379,0.25,3.968442916870117,0.6907432675361633,0.49813392758369446,2.2072418306084715e-05,0.0,5.676206240782866,4.284004027779038,0.24526984291039688,0.8462965214574659,0.23620266447196137,0.030762551755115792,0.7268690354115254,0.20397524777296427,0.03085108010752781,,,,,,,,,,,,,,,,,,,,,,,,,,,,,,,,,
534,4.793281314365683e-06,4.793281314365683e-06,1.0,8.721876015534272,4.775358200073242,3.1451164516242773,3.1451164516242773,3.1448678003775106,0.0,0.0,0.31301024556159973,1.4011532680408374,0.08345701384383279,1.465260760204212,0.08271295013459953,0.01496315565639855,0.3933358619341979,0.0,0.0,0.0,0.0,0.9935208172411532,397.212999498522,70.37979125976562,500.1178283691406,500.1178283691406,1.1789684295654297,0.6585392951965332,0.25,3.969644546508789,0.6899139285087585,0.5015023350715637,3.051187236429358e-05,0.0,5.2723902045069515,3.798354068317929,0.2795764499617242,0.8452209379221942,0.23619500648331,0.03059041842415526,0.7264350185523162,0.2044107007819253,0.03083774507851214,,,,,,,,,,,,,,,,,,,,,,,,,,,,,,,,,
535,4.778355550535319e-06,4.778355550535319e-06,1.0,8.714130375836346,4.743518120533711,3.1703087574726827,3.1703087574726827,3.170046787004213,0.0,0.0,0.31365477313866486,1.3989431809734654,0.08365760391225686,1.4634773344606966,0.08070083969348185,0.01573974563035409,0.39829763850650274,0.0,0.0,0.0,0.0,1.004763570186254,396.3283221270587,67.41971588134766,500.1178283691406,500.1178283691406,1.1799323558807373,0.6522507667541504,0.25,3.969043731689453,0.6910319924354553,0.49952200055122375,3.310862745912708e-05,0.0,5.490594405580211,4.109031068312155,0.2516236376637005,0.8467160012270953,0.23609254046066389,0.03053719656088868,0.7269328301017349,0.2041435354464763,0.03073574003536959,111.3168166233943,180.82075280671,0.2854847697767514,43.76807917081393,111.31681682338066,132.2167247637508,156.16929097097355,187.50925520323798,30.21765354701451,83.53385082511015,201.57109335194463,0.5575703341608242,0.8358976944288714,0.05471999747517817,-0.35448130104276315,0.8094753428573024,0.7466958181923425,0.7477056096966747,0.5462221803777243,0.9482249726094442,0.9855586505629401,0.9955469262113217,0.44822497260944416,0.18555865056294008,0.045546926211321725,0.00480859308299585,0.5785632764658164,0.5824175824175825,0.4175824175824176,0.554945054945055,0.4760688646072215,0.4605665606047426,0.456133036168067
536,4.763434488546088e-06,4.763434488546088e-06,1.0,8.62517297590101,4.661272719099715,3.1745348878808923,3.1745348878808923,3.1743565378962337,0.0,0.0,0.31129654758685343,1.358666858157596,0.0815996010158513,1.45935041840012,0.08101023189924858,0.015271235691584848,0.38315864108704234,0.0,0.0,0.0,0.0,0.9571691558167741,394.83807538006755,66.6342544555664,500.1178283691406,500.1178283691406,1.1800317764282227,0.6425458788871765,0.25,3.9434661865234375,0.6894673705101013,0.4923316538333893,3.5705382553960574e-05,0.0,4.993209305647257,3.6958690543432495,0.25982092315592137,0.8442776219264881,0.2375347763299942,0.031061772005380812,0.725058330071939,0.20527535999143445,0.031068293629465876,,,,,,,,,,,,,,,,,,,,,,,,,,,,,,,,,
537,4.748518277146612e-06,4.748518277146612e-06,1.0,8.737016471656593,4.7743146355087696,3.159929726574872,3.159929726574872,3.159751524796357,0.0,0.0,0.31293241961582285,1.4032849266722396,0.08280542200884304,1.4729942953264392,0.08169614161188538,0.015956619263601465,0.390559233926438,0.0,0.0,0.0,0.0,1.0066623526650507,391.8359375,60.90863800048828,500.1178283691406,500.1178283691406,1.1832090616226196,0.645790159702301,0.25,3.961261749267578,0.6925752758979797,0.4971976578235626,3.9600515196210814e-05,0.0,5.065353635195139,3.781665081913407,0.253425258280566,0.8484561797734853,0.2371499921019013,0.030920835463581858,0.7258962263932099,0.2047668429645332,0.03092673043342861,,,,,,,,,,,,,,,,,,,,,,,,,,,,,,,,,
538,4.7336070650371614e-06,4.7336070650371614e-06,1.0,8.615620419785783,4.64088402567683,3.1783579555717676,3.1783579555717676,3.178103427629213,0.0,0.0,0.3131662268896361,1.3860228577175655,0.08383716109233934,1.4589949427424251,0.08013620469215754,0.015472549592723718,0.40037995778225566,0.0,0.0,0.0,0.0,0.9952171074377524,393.5422305545291,63.58284378051758,500.1178283691406,500.1178283691406,1.1797981262207031,0.6375707983970642,0.25,3.9559974670410156,0.6920638680458069,0.4937228560447693,1.8826474437542847e-05,0.0,5.300939345681989,4.103997900679305,0.2257979891767074,0.8482491873406075,0.23533313218000773,0.03057552028346706,0.7274300472156422,0.2038862874379029,0.030628787907394203,,,,,,,,,,,,,,,,,,,,,,,,,,,,,,,,,
539,4.718701000868168e-06,4.718701000868168e-06,1.0,8.754995126981992,4.826471064541791,3.1307609145705766,3.1307609145705766,3.1305225088789657,0.0,0.0,0.3117685535469571,1.387779400155351,0.08289613655290089,1.4628078260937252,0.08300314088528221,0.014803857227938401,0.39499450857574875,0.0,0.0,0.0,0.0,0.9890742817440549,389.66211349899703,59.96433639526367,500.1178283691406,500.1178283691406,1.1888251304626465,0.6512642502784729,0.25,3.967212677001953,0.6966604590415955,0.5011148452758789,2.7915117269460083e-05,0.0,5.038740787957166,3.7929634709615967,0.24723981038537193,0.8539390805605296,0.2366910975527119,0.03072580267247316,0.7274736246547183,0.2034941790877162,0.03077489706511433,,,,,,,,,,,,,,,,,,,,,,,,,,,,,,,,,
540,4.703800233238741e-06,4.703800233238741e-06,1.0,8.562023858766299,4.649378003300847,3.1083828243049414,3.1083828243049414,3.1080721713401176,0.0,0.0,0.31428262188627915,1.3937585998225857,0.0820965140655234,1.4821183810362946,0.08351053468681671,0.015553461960391016,0.39296899695654175,0.0,0.0,0.0,0.0,1.007416667164983,390.6295347471495,62.597084045410156,500.1178283691406,500.1178283691406,1.1859031915664673,0.6570180654525757,0.25,3.968585968017578,0.6956840753555298,0.5055320858955383,2.3370795853501463e-05,0.0,5.389227532051705,4.04357582652891,0.24969287296179513,0.8529494114824243,0.2355464088755685,0.030529308309023444,0.7281081902014243,0.20310760027653463,0.030663035306576138,103.31426565987724,169.22251605593723,0.2735148771043598,37.17354835258735,103.31426526121714,127.86090340259048,151.93826654679063,184.17846414787707,36.883126395089285,78.29291481195494,183.59192292586616,0.5717838897936206,0.8270076856136701,0.06626669255534755,-0.3541534300892333,0.7959734626070586,0.7298620106135952,0.7326715996079342,0.5518326152403386,0.950490434973964,0.9864186439508003,0.9957664658631412,0.450490434973964,0.1864186439508002,0.04576646586314126,0.0042262680490917645,0.6103638285846855,0.5714285714285714,0.42857142857142855,0.5375457875457875,0.4680321998484842,0.4524504576738064,0.4479257336275263
541,4.688904910695187e-06,4.688904910695187e-06,1.0,8.63241162171235,4.6886739086460425,3.1434681157808044,3.1434681157808044,3.143231572331609,0.0,0.0,0.3125133208326391,1.3860852267291095,0.08218239630396301,1.475295453458219,0.08309557017039608,0.017086191719548928,0.38815464764027985,0.0,0.0,0.0,0.0,0.9919939073356422,391.59473893449115,60.90863800048828,500.1178283691406,500.1178283691406,1.1847386360168457,0.6502408385276794,0.25,3.961050033569336,0.6953596472740173,0.5025376081466675,2.726592849575171e-05,0.0,5.570972613386206,4.195235204052281,0.2469474371545528,0.8525564493359746,0.23541594397377325,0.030493120637697144,0.7282231836705595,0.20320402166327914,0.030560053431907215,,,,,,,,,,,,,,,,,,,,,,,,,,,,,,,,,
542,4.674015181729536e-06,4.674015181729536e-06,1.0,8.66962127427797,4.736712172224715,3.1254086687758162,3.1254086687758162,3.125198609120137,0.0,0.0,0.31412645610603124,1.3958863503224141,0.08287535325900929,1.4828966630471718,0.08706586948923163,0.019075669990097348,0.3999754472358807,0.0,0.0,0.0,0.0,1.0439626622844387,384.6048014872783,57.2183723449707,500.1178283691406,500.1178283691406,1.1894980669021606,0.6577474474906921,0.25,3.965238571166992,0.698546826839447,0.5077959299087524,2.9862683590585206e-05,0.0,7.570073362943289,5.286880916840321,0.30160770399921843,0.8566808104515076,0.23562974986192342,0.030544224925137854,0.7289774466205288,0.20263614203478839,0.030486113920405105,,,,,,,,,,,,,,,,,,,,,,,,,,,,,,,,,
543,4.659131194778051e-06,4.659131194778051e-06,1.0,8.754713780171162,4.807484897407326,3.150426097818323,3.150426097818323,3.15018351013596,0.0,0.0,0.3128548989424834,1.384648677465078,0.08273988247320459,1.4640853984935864,0.08158703339663712,0.01437389783913622,0.38810023987615433,0.0,0.0,0.0,0.0,0.9783804336109677,397.27331460488807,67.68359375,500.1178283691406,500.1178283691406,1.1878912448883057,0.6601649522781372,0.25,3.963865280151367,0.6966466903686523,0.506072461605072,3.7652948875085694e-05,0.0,5.369554062147398,3.9359246814573132,0.2669922612003177,0.8540236627733385,0.2363305188514091,0.030500985480643606,0.7285302361926517,0.2030511087662465,0.030476932892122784,,,,,,,,,,,,,,,,,,,,,,,,,,,,,,,,,
544,4.644253098219755e-06,4.644253098219755e-06,1.0,8.658885594960806,4.696264447392644,3.1608442422505973,3.1608442422505973,3.1606321334838867,0.0,0.0,0.3127195988152478,1.4026678768364158,0.08393194405613719,1.4635960056975081,0.0824702991223013,0.01615323030666725,0.4022627158744915,0.0,0.0,0.0,0.0,1.020043508426563,393.8194274902344,65.0906753540039,500.1178283691406,500.1178283691406,1.1821250915527344,0.6477909684181213,0.25,3.9580001831054688,0.69379723072052,0.4978204071521759,3.635457132766894e-05,0.0,4.701312717553732,3.59939195014335,0.23438576278834566,0.8506083375698811,0.23506962326732841,0.030290006030652974,0.7290546298027039,0.2028621676805857,0.030339575095756632,,,,,,,,,,,,,,,,,,,,,,,,,,,,,,,,,
545,4.629381040374945e-06,4.629381040374945e-06,1.0,8.653695557568524,4.729663230277397,3.1236631419207597,3.1236631419207597,3.123572297998377,0.0,0.0,0.3112424024053522,1.3950681621963914,0.08258525986929198,1.4665509816762563,0.08425718988921191,0.01710678934044129,0.3894207401050104,0.0,0.0,0.0,0.0,1.0163841311996047,392.15240313555745,65.34542846679688,500.1178283691406,500.1178283691406,1.185889720916748,0.6569429039955139,0.25,3.9823760986328125,0.6956984996795654,0.5057553648948669,2.9862683590585206e-05,0.0,6.645107565699397,4.59126653864577,0.3090756630720485,0.853009591231475,0.23533876320800265,0.030667917400195793,0.7285051845215462,0.20279120754551244,0.03063088031233968,105.55856048667823,165.8044965235606,0.2714623124445284,42.86446403671097,105.55856161577158,127.28473285963155,151.93066502920354,183.8418170194873,32.92014530726841,78.22360001793203,193.26896932850713,0.5732835588267078,0.8355319187491673,0.05604061181722276,-0.35521095712437173,0.8086435680283162,0.7442601769797934,0.7427513204178388,0.5451067177817072,0.9494238770910114,0.9862333587127399,0.9958759761859164,0.4494238770910114,0.18623335871273983,0.045875976185916434,0.004509126465738579,0.5921373664272491,0.5659340659340659,0.4340659340659341,0.5622710622710623,0.4680415324375525,0.4525363733480265,0.4480813242658809
546,4.614515169503725e-06,4.614515169503725e-06,1.0,8.629268620465252,4.677825798859468,3.154562930803041,3.154562930803041,3.154480702168233,0.0,0.0,0.31169026445698095,1.3853023406621572,0.08284075588390634,1.4655330277778007,0.0822202625709611,0.015121671132038574,0.3841049634927028,0.0,0.0,0.0,0.0,0.9741065405510567,398.2409255569046,70.65525817871094,500.1178283691406,500.1178283691406,1.1900851726531982,0.6648809909820557,0.25,3.966554641723633,0.6982018947601318,0.5091269612312317,3.051187236429358e-05,0.0,4.66416711098439,3.60132482567349,0.22787397192691555,0.856125444979281,0.23605438704426224,0.030567633088778804,0.7285879061028764,0.20283091591822133,0.03056871719859742,,,,,,,,,,,,,,,,,,,,,,,,,,,,,,,,,
547,4.599655633804514e-06,4.599655633804514e-06,1.0,8.708238679009515,4.773413722579543,3.135524034500122,3.135524034500122,3.135310366347029,0.0,0.0,0.3114280185183963,1.3881524672379364,0.08230374038622186,1.473567518028053,0.08207956057142567,0.015069556510629686,0.3942449503653758,0.0,0.0,0.0,0.0,1.0141110468555141,393.6013447529561,66.6342544555664,500.1178283691406,500.1178283691406,1.186468243598938,0.6549476385116577,0.25,3.9535655975341797,0.6972260475158691,0.5041790008544922,3.1810249911710326e-05,0.0,5.525211168302072,4.0162421046076595,0.273106134359409,0.8552097291559786,0.2346370820258115,0.03028680006595882,0.7302842349619478,0.2017977765283069,0.030275368408576864,,,,,,,,,,,,,,,,,,,,,,,,,,,,,,,,,
548,4.584802581412581e-06,4.584802581412581e-06,1.0,8.678824154106346,4.7562702282055005,3.1256454313123547,3.1256454313123547,3.1254420473768905,0.0,0.0,0.31169961110965627,1.3876239415761586,0.08264294085470406,1.4596896654850728,0.08215612092533627,0.016846266373790598,0.3945345882628415,0.0,0.0,0.0,0.0,1.0053114456099432,396.90696015229094,65.85794067382812,500.1178283691406,500.1178283691406,1.186991572380066,0.6565948128700256,0.25,3.958314895629883,0.6969011425971985,0.505460262298584,1.947566321125122e-05,0.0,5.734305616971609,4.071112358892286,0.29004266064174056,0.8545878497329918,0.23542261002837,0.030367872199496708,0.7293759600536244,0.20234793464879733,0.03044046018574689,,,,,,,,,,,,,,,,,,,,,,,,,,,,,,,,,
549,4.5699561603985575e-06,4.5699561603985575e-06,1.0,8.71142511110048,4.757037111230798,3.1587115816167883,3.1587115816167883,3.158440589904785,0.0,0.0,0.3114008315511652,1.3803554676674508,0.08262728235206089,1.461755581804224,0.0829024869646575,0.015796887493264432,0.3894065529913516,0.0,0.0,0.0,0.0,0.9947489951107953,397.04068075644005,66.37447357177734,500.1178283691406,500.1178283691406,1.1844557523727417,0.6487382054328918,0.25,3.9661827087402344,0.6951537728309631,0.4999980330467224,3.24594386854187e-05,0.0,5.071754950123864,3.917308846035519,0.22762261099782646,0.8523761920026831,0.23506711946951375,0.030453969095204328,0.7290538823282396,0.20260017103440053,0.030488427073971647,,,,,,,,,,,,,,,,,,,,,,,,,,,,,,,,,
550,4.5551165187669695e-06,4.5551165187669695e-06,1.0,8.62330030750584,4.672622538901664,3.15377875276514,3.15377875276514,3.153549439198262,0.0,0.0,0.31142691905434067,1.3874360580702085,0.08202320176201898,1.4620333265613865,0.08229048137326499,0.01608551343953287,0.39062770959493276,0.0,0.0,0.0,0.0,1.0016683630041174,397.8737331081081,67.15686798095703,500.1178283691406,500.1178283691406,1.1831213235855103,0.6474112272262573,0.25,3.9660396575927734,0.694919764995575,0.5004619359970093,2.401998462720984e-05,0.0,5.579866845060039,3.998320123633823,0.2834380757358734,0.8522234301309328,0.23445344615626978,0.03037231883688553,0.729582256562001,0.2021269403599404,0.030463989270297257,103.73607562138484,177.57648077540983,0.27147352366937527,31.51462812738104,103.73607804073725,125.59732189421973,149.7454760349045,181.77334935936017,34.71073695591518,78.72993010883184,184.36586131220278,0.573735757830476,0.8363383056166026,0.04850937493904761,-0.36360564120405153,0.8099496957050425,0.7447653222163628,0.7398715820606449,0.5420607997806492,0.9493626343512603,0.9858165966786713,0.9955718385122374,0.44936263435126034,0.18581659667867123,0.04557183851223745,0.004574521255642247,0.6062008793004211,0.5054945054945055,0.4945054945054945,0.554945054945055,0.46581217462381164,0.4510581405771958,0.44703915797092103
551,4.540283804454761e-06,4.540283804454761e-06,1.0,8.588060842977988,4.626561480599481,3.167247282492148,3.167247282492148,3.167044194968971,0.0,0.0,0.312331819856489,1.367682009129911,0.08192922195067277,1.468177444226033,0.08255337450552631,0.014776985261689973,0.3845634081879178,0.0,0.0,0.0,0.0,0.9662011459067061,397.6479863347234,67.94849395751953,500.1178283691406,500.1178283691406,1.186150312423706,0.6497730612754822,0.25,3.962892532348633,0.6960573792457581,0.5012231469154358,2.0124851984959595e-05,0.0,4.7128036763217,3.4994754372416317,0.25745359289548425,0.8535061285302445,0.2352276694130253,0.030665702463404554,0.7285879383216033,0.20272842613426414,0.030632283840630506,,,,,,,,,,,,,,,,,,,,,,,,,,,,,,,,,
552,4.525458165329813e-06,4.525458165329813e-06,1.0,8.702140099293477,4.75367191675547,3.1532893760784253,3.1532893760784253,3.1531360342695907,0.0,0.0,0.31159219548508926,1.376756204141153,0.08257337780417623,1.4637877715600502,0.08275971058252696,0.015527321604659429,0.38615129928331116,0.0,0.0,0.0,0.0,0.9876799744528693,399.62125788508234,69.28865814208984,500.1178283691406,500.1178283691406,1.1869418621063232,0.6566787362098694,0.25,3.961862564086914,0.6958920359611511,0.503757655620575,2.2072418306084715e-05,0.0,4.444671970766944,3.487955344689859,0.21525022147179967,0.8531256817482613,0.23589228013077299,0.030720674911060848,0.7285569938453468,0.20271309082572525,0.030647893109031626,,,,,,,,,,,,,,,,,,,,,,,,,,,,,,,,,
553,4.510639749189476e-06,4.510639749189476e-06,1.0,8.64433155833064,4.714958139368005,3.130219201783876,3.130219201783876,3.129932062045948,0.0,0.0,0.3119249907699791,1.3840557175713617,0.08203986015271496,1.4720137538136662,0.08400062733405345,0.015885188042916155,0.3878137976736636,0.0,0.0,0.0,0.0,0.9954293418574978,399.52308366105365,68.74945068359375,500.1178283691406,500.1178283691406,1.188978910446167,0.6569726467132568,0.25,3.9454116821289062,0.6979502439498901,0.5055339932441711,1.817728566383447e-05,0.0,4.9238401586944995,3.7293297873960958,0.24259730876704874,0.856007503496634,0.2351812869310379,0.030578468951421814,0.7292654192125475,0.2022221994561118,0.030566727037768106,,,,,,,,,,,,,,,,,,,,,,,,,,,,,,,,,
554,4.495828703759093e-06,4.495828703759093e-06,1.0,8.610358856819772,4.6586502822669775,3.1568460786664807,3.1568460786664807,3.156706101185567,0.0,0.0,0.3127437548057453,1.390051912617039,0.08318431494203773,1.454610041669897,0.07939833110651455,0.014118309516610729,0.38845440262072795,0.0,0.0,0.0,0.0,0.9915962621972367,400.69921462600297,72.33079528808594,500.1178283691406,500.1178283691406,1.1866300106048584,0.6657001972198486,0.25,3.9682140350341797,0.6967834830284119,0.5094126462936401,2.5318362174626587e-05,0.0,5.19858345469913,3.8899946212768555,0.2517202704978042,0.8546714154449669,0.23442857450730092,0.030395943369414355,0.7301912823238889,0.20151960406754468,0.030447968155951112,,,,,,,,,,,,,,,,,,,,,,,,,,,,,,,,,
555,4.481025176690531e-06,4.481025176690531e-06,1.0,8.589970575796592,4.6649065017700195,3.121482217634046,3.121482217634046,3.1213021213943892,0.0,0.0,0.3123006200468218,1.3837052970319181,0.08208694510363243,1.4826176392065513,0.08819148951285594,0.01821944352893813,0.3825921029657931,0.0,0.0,0.0,0.0,1.0165545183259088,393.3309004500106,62.10995101928711,500.1178283691406,500.1178283691406,1.1877286434173584,0.6574180126190186,0.25,3.961862564086914,0.6986461877822876,0.5092052817344666,4.414483661216943e-05,0.0,6.2149339092744365,4.369336337656589,0.2969617374150504,0.8573144642082421,0.23356877589547956,0.03049562785875153,0.7304187594233332,0.2012427368679562,0.030469523189035622,109.35611947028191,176.51565863585358,0.28227739195372215,49.53253538529952,109.35611888724922,132.848924504491,157.46137986715078,189.24249787238884,29.90420423235212,83.00373804846475,195.34787186332372,0.5963604492123344,0.8342198253196605,0.05374003891216915,-0.35525740705564524,0.8053540013045339,0.7490280400520581,0.7550073790425176,0.5475059680911057,0.948501083944593,0.9859136508509886,0.9956543605090206,0.448501083944593,0.18591365085098854,0.04565436050902061,0.0050488929855783725,0.6074906098790768,0.5879120879120879,0.41208791208791207,0.5595238095238095,0.4772307512933736,0.46179945103742265,0.4572152831479088
556,4.466229315560704e-06,4.466229315560704e-06,1.0,8.74555373836208,4.776351709623595,3.1617025620228536,3.1617025620228536,3.161523490338712,0.0,0.0,0.3123478865301287,1.4079006620355554,0.08352338059528454,1.4830492380503062,0.08475278962302853,0.01843633592707684,0.3928248060716165,0.0,0.0,0.0,0.0,1.0096455135860958,397.64714256492823,67.68359375,500.1178283691406,500.1178283691406,1.1818464994430542,0.6505634784698486,0.25,3.9500179290771484,0.696139395236969,0.5045461654663086,3.7652948875085694e-05,0.0,5.686966664082295,4.222585852081711,0.25749769578381915,0.8544844453399246,0.23182385475248904,0.030005612335092312,0.7316618593963417,0.20062568340752576,0.03018790956687283,,,,,,,,,,,,,,,,,,,,,,,,,,,,,,,,,
557,4.451441267870103e-06,4.451441267870103e-06,1.0,8.578517849380905,4.649823987806165,3.128380247064539,3.128380247064539,3.1281899697071798,0.0,0.0,0.31318988348986654,1.3890088957709235,0.08249010427578075,1.4704010647696417,0.08362764180512042,0.014917210562507043,0.3907233090014071,0.0,0.0,0.0,0.0,0.9933062163559166,398.9690106366132,70.93179321289062,500.1178283691406,500.1178283691406,1.186911702156067,0.65895676612854,0.25,3.9675846099853516,0.6984590291976929,0.5088347792625427,3.116106113800195e-05,0.0,4.850277127446355,3.664533634443541,0.24446922554033562,0.8572326495840743,0.23299724387155996,0.030129241882949263,0.7316814580479184,0.20045136358286883,0.03024949858317504,,,,,,,,,,,,,,,,,,,,,,,,,,,,,,,,,
558,4.436661181041328e-06,4.436661181041328e-06,1.0,8.619712365640176,4.627789510262979,3.1984342239998482,3.1984342239998482,3.1982785237802043,0.0,0.0,0.312907151273779,1.370401131140219,0.08252796782432376,1.4574514724112846,0.08348350810843545,0.015732515232033423,0.38220197687277924,0.0,0.0,0.0,0.0,0.9770186930089384,399.28784592087203,70.37979125976562,500.1178283691406,500.1178283691406,1.1841450929641724,0.6585559844970703,0.25,3.9648380279541016,0.696571409702301,0.5073317289352417,3.1810249911710326e-05,0.0,5.111181115781939,3.952296363340842,0.22673521563592722,0.854858253453229,0.23258720056430712,0.030132279655820614,0.7315071225166321,0.20053121890570666,0.030282496298487123,,,,,,,,,,,,,,,,,,,,,,,,,,,,,,,,,
559,4.421889202417617e-06,4.421889202417617e-06,1.0,8.556730128623343,4.629787084218618,3.129350720225154,3.129350720225154,3.129104601370322,0.0,0.0,0.3121110321702184,1.3901361581441518,0.0832270094873132,1.4587218503694277,0.08333422757081084,0.014703199418412673,0.39139400543393316,0.0,0.0,0.0,0.0,0.9935379640476124,397.4472351074219,69.55985260009766,500.1178283691406,500.1178283691406,1.1819956302642822,0.6560802459716797,0.25,3.9531936645507812,0.6957336068153381,0.505970299243927,4.609240293329456e-05,0.0,5.024051608266057,3.7562117979333207,0.2523540578776626,0.8538658200083552,0.23221198006256208,0.029907316170834208,0.7317085813831639,0.20056741503444878,0.03016343420824489,,,,,,,,,,,,,,,,,,,,,,,,,,,,,,,,,
560,4.407125479261379e-06,4.407125479261379e-06,1.0,8.614528166281211,4.668583766834156,3.144828145568435,3.144828145568435,3.144588934408652,0.0,0.0,0.3127642249738848,1.3926899658667076,0.08228918618044338,1.4716590417397988,0.08368593746343174,0.015812622534262168,0.38840559406860453,0.0,0.0,0.0,0.0,1.0035162278123804,388.41409384237755,58.57526397705078,500.1178283691406,500.1178283691406,1.1893105506896973,0.6598532199859619,0.25,3.965524673461914,0.6995829343795776,0.5094312429428101,4.868915802812805e-05,0.0,5.877903429237572,4.164480391386393,0.2915024138246906,0.8585059964979017,0.23374739329557162,0.0304123979263209,0.7311666108466484,0.20078111862814105,0.030327046894141146,101.66400123428512,169.0096440351285,0.2551758254779055,24.512417028238485,101.66400472394052,123.80220835920235,147.78413305163448,179.63205159098118,25.33574022565569,73.65613925549411,191.8229582413383,0.5913108246241924,0.8347143334990544,0.04821902540755637,-0.3656603047035014,0.8075487809475853,0.7421576898773384,0.7401974334431481,0.5422348092995787,0.950449433478707,0.9858591551927356,0.9955183808665224,0.45044943347870703,0.18585915519273555,0.04551838086652249,0.004744755311899412,0.6251264429023038,0.521978021978022,0.47802197802197804,0.5457875457875458,0.46017345262097786,0.4458233502458085,0.4419359078037215
561,4.392370158752716e-06,4.392370158752716e-06,1.0,8.70732188869167,4.7315960317044645,3.178389716792751,3.178389716792751,3.1781092205563106,0.0,0.0,0.31288805120700114,1.3875676844571088,0.08273130393511541,1.455387569762565,0.0842970120343002,0.01671605310528665,0.38744040679287267,0.0,0.0,0.0,0.0,0.9904449437115643,396.42556845175255,66.1156997680664,500.1178283691406,500.1178283691406,1.180177927017212,0.654627799987793,0.25,3.9533939361572266,0.695178747177124,0.5064395666122437,5.518104576521179e-05,0.0,6.540212130224383,4.449761687098323,0.31963037306778314,0.8533258067594992,0.2314398224289353,0.02990070795892058,0.7327553130484916,0.19987157671838193,0.02999893711829508,,,,,,,,,,,,,,,,,,,,,,,,,,,,,,,,,
562,4.377623387987973e-06,4.377623387987973e-06,1.0,8.664501989209974,4.694076480092229,3.1734132960035994,3.1734132960035994,3.173290207579329,0.0,0.0,0.31263776888718475,1.3676129611762795,0.08166175416192493,1.473014016409178,0.085848312724281,0.015984430946913118,0.3815977871417999,0.0,0.0,0.0,0.0,0.9807869405359835,394.01922442461995,63.3349609375,500.1178283691406,500.1178283691406,1.1839394569396973,0.6514316201210022,0.25,3.9524784088134766,0.6972991228103638,0.5051007866859436,4.219727029104431e-05,0.0,5.771262035982029,3.945275595059266,0.31639291883444276,0.8560132078222327,0.23175269808318164,0.030111890688941285,0.732184965868254,0.20009082233583605,0.030149907075070047,,,,,,,,,,,,,,,,,,,,,,,,,,,,,,,,,
563,4.362885313978258e-06,4.362885313978258e-06,1.0,8.651980709385228,4.686684428034602,3.16721206742364,3.16721206742364,3.167014418421565,0.0,0.0,0.3124755000745928,1.393120527267456,0.0827746369146012,1.4639792764509045,0.08067475400260977,0.015270769463952732,0.39041702892329244,0.0,0.0,0.0,0.0,1.008670934148737,392.5390270336254,61.14702606201172,500.1178283691406,500.1178283691406,1.1828633546829224,0.6562860608100891,0.25,3.9601941108703613,0.6965612173080444,0.5068522095680237,4.024970396991919e-05,0.0,5.733311701465297,4.0776240149059815,0.2887838256092306,0.8550972374709876,0.2315824507056056,0.029990408519232594,0.7326675379598463,0.1997757473507443,0.030076481804654404,,,,,,,,,,,,,,,,,,,,,,,,,,,,,,,,,
564,4.3481560836479795e-06,4.3481560836479795e-06,1.0,8.625591458501043,4.703834984753583,3.118883364909404,3.118883364909404,3.1187466801823795,0.0,0.0,0.3130697301916174,1.3929399606343862,0.08246652399365967,1.4762348581004787,0.08486669983815502,0.017641507277919632,0.3835443971124855,0.0,0.0,0.0,0.0,1.0035093797219765,392.3875427246094,60.90863800048828,500.1178283691406,500.1178283691406,1.1874213218688965,0.6666727066040039,0.25,3.959115982055664,0.6993101239204407,0.5149605870246887,5.7777800860045285e-05,0.0,6.0048282371984945,4.43380168483064,0.26162722567744995,0.8585711927027315,0.23210630787385478,0.030038053773947665,0.7322563673998859,0.1999003295157407,0.030205410628302676,,,,,,,,,,,,,,,,,,,,,,,,,,,,,,,,,
565,4.33343584383339e-06,4.33343584383339e-06,1.0,8.659148602872282,4.706564084903614,3.157280277561497,3.157280277561497,3.1572352744437553,0.0,0.0,0.3138532147214219,1.3818009350750897,0.08298547082656138,1.45476847081571,0.08214042668004294,0.015919077512178872,0.3861424085256216,0.0,0.0,0.0,0.0,0.9918091989852287,396.33579233530406,65.34542846679688,500.1178283691406,500.1178283691406,1.1898773908615112,0.6653524041175842,0.25,3.96246337890625,0.7002978920936584,0.5132743120193481,3.895132642250244e-05,0.0,5.428577495587839,4.1322840822709574,0.23879062505241275,0.8595537414421907,0.23331853183540138,0.03032843743425769,0.7319727813875353,0.2002190407868978,0.030211243728125416,116.17565125685472,187.8781317602378,0.30810741797003394,62.96824692107819,116.1756496785452,137.12958887826608,161.96409081283073,192.74422192485792,41.2054933820452,89.89222646314045,201.29201872452447,0.6052032972178285,0.8381792053967461,0.05207863183136127,-0.3512928029388021,0.811786593655284,0.7548659621978389,0.7583262858240852,0.5471945996026045,0.9465864698179689,0.9854268229705947,0.9955816996313498,0.4465864698179689,0.18542682297059465,0.04558169963134984,0.005091970505911741,0.5981869034996073,0.6263736263736264,0.37362637362637363,0.5824175824175825,0.48325587420181915,0.4674119927234702,0.4627142492886428
566,4.3187247412811045e-06,4.3187247412811045e-06,1.0,8.73521142392545,4.786438220256084,3.147592041943524,3.147592041943524,3.14749940021618,0.0,0.0,0.3133038902604902,1.3955652584900726,0.08315529815248542,1.470256586332579,0.08274330480678661,0.016012582688818913,0.38551298025492076,0.0,0.0,0.0,0.0,0.9823738127141386,400.26098137932854,68.4814224243164,500.1178283691406,500.1178283691406,1.1855610609054565,0.6525436043739319,0.25,3.9478721618652344,0.6994089484214783,0.5077344179153442,2.921349481687683e-05,0.0,5.503348975568204,3.9493301704123214,0.2823769330374756,0.8589431063548939,0.23115780224671234,0.029845569836529525,0.7335031064780982,0.19932593727434003,0.029912753433391854,,,,,,,,,,,,,,,,,,,,,,,,,,,,,,,,,
567,4.304022922646656e-06,4.304022922646656e-06,1.0,8.56231621149424,4.635919944660084,3.1318028230924866,3.1318028230924866,3.1315466455511145,0.0,0.0,0.31209445080241643,1.3655691179069314,0.08091425311726493,1.464724511713595,0.08594754197307534,0.016919421145340074,0.37768629233579376,0.0,0.0,0.0,0.0,0.9886537355345648,396.0566595953864,62.84208679199219,500.1178283691406,500.1178283691406,1.1841942071914673,0.6512581706047058,0.25,3.9571704864501953,0.6977578401565552,0.506511390209198,5.063672434925317e-05,0.0,5.61761453022828,4.1503708781422795,0.2611862462600076,0.8566869191221289,0.23148682230227702,0.03000881553098962,0.7325929371086327,0.1998519498754192,0.030083855614066124,,,,,,,,,,,,,,,,,,,,,,,,,,,,,,,,,
568,4.289330534493024e-06,4.289330534493024e-06,1.0,8.657171932426659,4.724624994638804,3.130637871252524,3.130637871252524,3.1304065601245776,0.0,0.0,0.31288427033939875,1.3997440241478585,0.08242546404535706,1.4706241633440997,0.08301666781709001,0.01540989796882747,0.3866170781689721,0.0,0.0,0.0,0.0,1.0059295747731183,397.9172536489126,65.34542846679688,500.1178283691406,500.1178283691406,1.1851052045822144,0.6552393436431885,0.25,3.958486557006836,0.6986443996429443,0.5082676410675049,4.933834680183642e-05,0.0,5.533781902210133,4.102239025605692,0.2586915967961618,0.8578050925924972,0.2317274426286285,0.029836138257303753,0.7330797185768952,0.19981087422048724,0.029883484834352055,,,,,,,,,,,,,,,,,,,,,,,,,,,,,,,,,
569,4.274647723289174e-06,4.274647723289174e-06,1.0,8.576727003664583,4.633262750264761,3.145264683543025,3.145264683543025,3.1451046337952486,0.0,0.0,0.31284749668997686,1.384096767451312,0.08253883177766928,1.4677942669069446,0.08326485128821554,0.015568500906984145,0.38352192173133026,0.0,0.0,0.0,0.0,0.9948951650310207,399.70295509132177,67.68359375,500.1178283691406,500.1178283691406,1.1870253086090088,0.6608783602714539,0.25,3.9731922149658203,0.6989384889602661,0.5100680589675903,4.544321415958618e-05,0.0,5.461487206252846,4.043969677912222,0.25954789873309797,0.8579650553497108,0.2326083042331644,0.030014994730417792,0.7322314188287065,0.2003441618101017,0.030049402669474885,,,,,,,,,,,,,,,,,,,,,,,,,,,,,,,,,
570,4.259974635408599e-06,4.259974635408599e-06,1.0,8.763127790915,4.79929358250386,3.168536540624258,3.168536540624258,3.1684158750482507,0.0,0.0,0.31176986484914215,1.3897419040267531,0.08339506085660006,1.456108341345916,0.08134576426567258,0.013462205115403678,0.3842182811853048,0.0,0.0,0.0,0.0,0.978918824646924,405.7028717865815,78.8216323852539,500.1178283691406,500.1178283691406,1.181483507156372,0.6549913287162781,0.25,3.965238571166992,0.696215033531189,0.5059283375740051,3.9600515196210814e-05,0.0,4.99896728186994,3.713716806592168,0.25710319808234566,0.8546185606234783,0.23179480272370415,0.029620013577309815,0.7327428959511422,0.20029640761581627,0.029839547250319173,120.8568676330231,205.5537906279377,0.32608364893150615,73.41966564052707,120.85686898584274,142.70314476471685,166.84912654425074,197.690577212019,39.14274161202567,97.92264506613562,197.60716313901156,0.5905400278611955,0.8360640445276045,0.054895355228334254,-0.35109335932196517,0.8079469180444461,0.751369194599741,0.7561907682097063,0.5509476370015391,0.9462366595926113,0.9852244105256548,0.9955303180107112,0.4462366595926113,0.18522441052565475,0.04553031801071128,0.005029170747353457,0.5997698726202914,0.6373626373626373,0.3626373626373626,0.5787545787545788,0.49280624537841305,0.47605109697842335,0.47104971749441965
571,4.24531141712786e-06,4.24531141712786e-06,1.0,8.60129704346528,4.648833339278762,3.156180613749736,3.156180613749736,3.1560810192211255,0.0,0.0,0.3117819380115818,1.3819035098359391,0.08278707153088338,1.4613282229449298,0.08335588499903679,0.01644618091853084,0.38644578408550573,0.0,0.0,0.0,0.0,0.9976991914414071,400.85026179133234,71.20941162109375,500.1178283691406,500.1178283691406,1.185022234916687,0.6529624462127686,0.25,3.958944320678711,0.698880672454834,0.5070021748542786,4.219727029104431e-05,0.0,5.773009910776809,3.9979914910084493,0.3074684518477667,0.858225400383408,0.2312856558206919,0.029780288906516256,0.7331441350885339,0.19975539921103297,0.029905254121970485,,,,,,,,,,,,,,,,,,,,,,,,,,,,,,,,,
572,4.230658214625128e-06,4.230658214625128e-06,1.0,8.670349739693307,4.723002627089217,3.1545261176856787,3.1545261176856787,3.154416870426487,0.0,0.0,0.31128581069611216,1.3781836483929608,0.08291902312555828,1.4544555754274935,0.08212534680559828,0.014465095745903012,0.3825185701653764,0.0,0.0,0.0,0.0,0.9810371737222414,404.6965521735114,77.90332794189453,500.1178283691406,500.1178283691406,1.1831979751586914,0.6578996181488037,0.25,3.9445533752441406,0.6970775723457336,0.5079331398010254,4.609240293329456e-05,0.0,4.813201066609976,3.692924723431871,0.2327507884409108,0.85583217079575,0.23140632864591237,0.029756247544208088,0.732873521946572,0.19986015558242798,0.029941057836687244,,,,,,,,,,,,,,,,,,,,,,,,,,,,,,,,,
573,4.216015173978729e-06,4.216015173978729e-06,1.0,8.641181030788937,4.688404985376306,3.1527616848816744,3.1527616848816744,3.152676260149157,0.0,0.0,0.31263925255955877,1.398873886546573,0.08361811855354824,1.463336570842846,0.08199520660816012,0.016620703318433183,0.38800373351251755,0.0,0.0,0.0,0.0,1.008787490226127,400.0675238531989,69.01852416992188,500.1178283691406,500.1178283691406,1.184380292892456,0.6521419286727905,0.25,3.9727773666381836,0.6990532875061035,0.5080363154411316,5.842698963375366e-05,0.0,5.931340911903897,4.229725202998599,0.2868855009649238,0.8586146654309453,0.23063325116763245,0.029692581829589768,0.7336777029810725,0.19926515020228722,0.029854149079403362,,,,,,,,,,,,,,,,,,,,,,,,,,,,,,,,,
574,4.2013824411656765e-06,4.2013824411656765e-06,1.0,8.634450203663594,4.682769685178189,3.1511697189227954,3.1511697189227954,3.151027402362308,0.0,0.0,0.3125375589808902,1.3908742666244507,0.08347117498114302,1.4665688050759804,0.08501328175535074,0.0156866483126037,0.39093467834833506,0.0,0.0,0.0,0.0,1.0111920914134465,401.0110976760452,69.55985260009766,500.1178283691406,500.1178283691406,1.1859698295593262,0.656003475189209,0.25,3.9813175201416016,0.7012701630592346,0.5112401247024536,5.063672434925317e-05,0.0,5.240244606056729,3.909230058257644,0.25399855309438885,0.8617832322378416,0.22959273530019297,0.029560079747760617,0.7355368523984342,0.1980664983794496,0.029550696446283442,,,,,,,,,,,,,,,,,,,,,,,,,,,,,,,,,
575,4.186760162060233e-06,4.186760162060233e-06,1.0,8.7312529280379,4.801835768931621,3.137385928953016,3.137385928953016,3.1371553846307703,0.0,0.0,0.31368609860136704,1.3765786692902848,0.08198210657448382,1.452357582143835,0.0802830066028479,0.013346349266735284,0.3811859029370385,0.0,0.0,0.0,0.0,0.9639718307031168,404.08737677496833,74.62682342529297,500.1178283691406,500.1178283691406,1.1876846551895142,0.6586637496948242,0.25,3.9460411071777344,0.701741635799408,0.5125666856765747,2.921349481687683e-05,0.0,4.2358012070526945,3.398371116535084,0.19770287829449423,0.8622240182515737,0.2303031147331805,0.02964511634530248,0.735122962577923,0.19814032316207886,0.029692471430108353,127.64243488521366,208.69347686135788,0.3320430823615741,79.48842046549032,127.64243832300517,147.44264221400215,171.25392970568362,201.68938342421106,36.0883799961635,100.57916721077852,217.4693895422894,0.6049556609056861,0.8313485314074684,0.06951494304583208,-0.34038763011295214,0.801736138692608,0.7441534544710432,0.7525228602934391,0.5574134504554378,0.9458593420349924,0.9850661136135863,0.9954234027192814,0.44585934203499245,0.18506611361358627,0.04542340271928147,0.0046907786599154335,0.6185034039026157,0.6483516483516484,0.3516483516483517,0.5750915750915752,0.4978956680867698,0.48070584876196726,0.475576200901152
576,4.172148482432446e-06,4.172148482432446e-06,1.0,8.63437812392776,4.698963165283203,3.1349814904702678,3.1349814904702678,3.1348349145940833,0.0,0.0,0.31266986196105545,1.3943087055876449,0.08261616910631592,1.4695180396775942,0.0827888188934004,0.016177837258657894,0.385005860715299,0.0,0.0,0.0,0.0,1.0014794807176333,401.50412564664276,72.04881286621094,500.1178283691406,500.1178283691406,1.1886669397354126,0.66062331199646,0.25,3.971804618835449,0.7024526000022888,0.513945996761322,3.895132642250244e-05,0.0,5.048984807890815,3.8221814181353593,0.24298021016782295,0.8631275135117609,0.23044757786634806,0.029558356096212927,0.7353183707675418,0.1981753525701729,0.029614479255837364,,,,,,,,,,,,,,,,,,,,,,,,,,,,,,,,,
577,4.157547547946697e-06,4.157547547946697e-06,1.0,8.68405414271999,4.750530822857006,3.137562339370315,3.137562339370315,3.1374061043198043,0.0,0.0,0.3117708281890766,1.3875759646699235,0.08282972388976328,1.458837035539988,0.08186792461453257,0.015451987324332868,0.3851627981340563,0.0,0.0,0.0,0.0,0.9898597469200959,405.73918358055323,74.04607391357422,500.1178283691406,500.1178283691406,1.187767505645752,0.6634541153907776,0.25,3.959115982055664,0.7009434700012207,0.5134265422821045,2.6616739722043335e-05,0.0,4.750665961085139,3.7171308478793583,0.21755583778609905,0.8608739698255384,0.23159225889154383,0.029541364745111078,0.7346736337687518,0.19891834500673655,0.029563152659181004,,,,,,,,,,,,,,,,,,,,,,,,,,,,,,,,,
578,4.1429575041602425e-06,4.1429575041602425e-06,1.0,8.67359732292794,4.743138107093605,3.129816267941449,3.129816267941449,3.1297808208981075,0.0,0.0,0.31209688653817047,1.398853627411095,0.08239633892033552,1.4691401526734635,0.08338237765270311,0.01438364016546591,0.3781407314377862,0.0,0.0,0.0,0.0,0.9820370368055396,403.561388170397,72.6138916015625,500.1178283691406,500.1178283691406,1.1933294534683228,0.6673566699028015,0.25,3.956998825073242,0.7045435309410095,0.5174176096916199,3.635457132766894e-05,0.0,4.107213611538346,3.3215451627164274,0.19128989215821393,0.86551649344934,0.23182898598748283,0.02982587488116445,0.7346474528312683,0.19858193316975156,0.02973163586009193,,,,,,,,,,,,,,,,,,,,,,,,,,,,,,,,,
579,4.1283784965217774e-06,4.1283784965217774e-06,1.0,8.6815696149259,4.757568011412749,3.1271940566398,3.1271940566398,3.126919333999221,0.0,0.0,0.31154417105623194,1.3827440642021798,0.0811493503483566,1.4680219437624957,0.08340094157972851,0.01417479695550896,0.3788128515353074,0.0,0.0,0.0,0.0,0.9892837791829496,398.5427600757496,70.37979125976562,500.1178283691406,500.1178283691406,1.189666748046875,0.6604968905448914,0.25,3.9634647369384766,0.7036316394805908,0.5149604082107544,5.7128612086336916e-05,0.0,4.580485361653405,3.6535747615066736,0.2023607820923474,0.8647252578993101,0.2302072692561794,0.02964441805473856,0.7357302098660856,0.19792116050784653,0.029532329254859203,,,,,,,,,,,,,,,,,,,,,,,,,,,,,,,,,
580,4.113810670369972e-06,4.113810670369972e-06,1.0,8.628876144821579,4.685232536212818,3.145725933281151,3.145725933281151,3.145579956673287,0.0,0.0,0.3125958507125442,1.3779307491070516,0.081413197859719,1.4726900023383063,0.08387644850724452,0.016637960839009768,0.3784029483795166,0.0,0.0,0.0,0.0,1.0154254114305652,395.77481491501266,63.088043212890625,500.1178283691406,500.1178283691406,1.190068244934082,0.6607041358947754,0.25,3.9765968322753906,0.7041581273078918,0.5161412358283997,4.609240293329456e-05,0.0,5.561998880392796,4.194048293538995,0.24594585800369562,0.8654227031243814,0.23012398747173515,0.02983152956978695,0.7361338573533136,0.1975696469480927,0.02949303841671428,145.8299371907999,223.6611317650185,0.3932029243506861,109.28756001231434,145.8299381248475,165.09730037252947,189.34803051877313,218.17290217748783,52.507545471191406,117.70751261156659,238.89623094641644,0.6098964676926826,0.83048035714941,0.0749900166880849,-0.32465436478037113,0.8004305927274267,0.7532945520757667,0.7738823580397616,0.5665912548496166,0.9418863490452101,0.9839741244234489,0.9951571525032451,0.44188634904521007,0.18397412442344885,0.045157152503245146,0.004869316816477827,0.6048255126873677,0.7472527472527473,0.25274725274725274,0.6043956043956044,0.5235373919399885,0.5052040204160161,0.4993893945446381
581,4.0992541709320304e-06,4.0992541709320304e-06,1.0,8.729103243028796,4.779949123794968,3.156293314856452,3.156293314856452,3.156225835954821,0.0,0.0,0.3124807903895507,1.381805242718877,0.08264854973232424,1.4567209449974265,0.07948695606476552,0.012906963716739335,0.3794160992712588,0.0,0.0,0.0,0.0,0.958822838357977,405.8668534562394,79.4398422241211,500.1178283691406,500.1178283691406,1.1867035627365112,0.6578171849250793,0.25,3.9468421936035156,0.7020053863525391,0.5128005743026733,4.803996925441968e-05,0.0,4.121341342861588,3.388546441052411,0.17780495252557088,0.8627180360458993,0.22975781721037788,0.02941448800265789,0.7358970690417934,0.197833897696959,0.029479574965866836,,,,,,,,,,,,,,,,,,,,,,,,,,,,,,,,,
582,4.084709143322238e-06,4.084709143322238e-06,1.0,8.604586781682196,4.6409835557679875,3.171184997300844,3.171184997300844,3.1711214490838953,0.0,0.0,0.3112635290300524,1.3749242988792625,0.0823549229551006,1.4588176012039185,0.08160356895343678,0.014028781678879986,0.37793007734659556,0.0,0.0,0.0,0.0,0.9666398570344255,407.81187562684755,81.32369995117188,500.1178283691406,500.1178283691406,1.1889588832855225,0.6629549264907837,0.25,3.9688148498535156,0.7025583386421204,0.5140094757080078,4.219727029104431e-05,0.0,4.754428441460068,3.572807685748951,0.2485305584593562,0.8633259357632818,0.2301926665209435,0.029593802434769837,0.7354121884784183,0.1979541927576065,0.029643881562593823,,,,,,,,,,,,,,,,,,,,,,,,,,,,,,,,,
583,4.070175732540519e-06,4.070175732540519e-06,1.0,8.657835805738294,4.72049854897164,3.1427374981545113,3.1427374981545113,3.142553941623585,0.0,0.0,0.31131579585977504,1.3808354815921269,0.08176240244427242,1.4656551496402637,0.08050832917561403,0.015633371683794098,0.3773659540189279,0.0,0.0,0.0,0.0,0.9739792250298165,408.75756341057854,82.2823257446289,500.1178283691406,500.1178283691406,1.185232162475586,0.6537206768989563,0.25,3.964008331298828,0.7007059454917908,0.5096496939659119,3.830213764879407e-05,0.0,5.482526337778246,3.9842887810758643,0.2732750313260751,0.8611727276363889,0.22907917644526507,0.029485408065689576,0.7355876838838732,0.19781381938908552,0.029610178961947158,,,,,,,,,,,,,,,,,,,,,,,,,,,,,,,,,
584,4.055654083470987e-06,4.055654083470987e-06,1.0,8.64533790382179,4.694586457432927,3.157328206139642,3.157328206139642,3.1571830221124597,0.0,0.0,0.3106527352655256,1.3723568561914805,0.08167395760884157,1.4605979275059056,0.08426431727570456,0.016148544545914675,0.3756830104299494,0.0,0.0,0.0,0.0,0.9771516113667875,409.3651015822952,82.92766571044922,500.1178283691406,500.1178283691406,1.1830201148986816,0.6530783772468567,0.25,3.9651241302490234,0.6996825933456421,0.5091256499290466,4.414483661216943e-05,0.0,5.038878349033562,3.79596841174203,0.2466640095667158,0.8599816882932508,0.22846678503461787,0.02943500972076042,0.7360428426716779,0.19761709143986572,0.029497514302666124,,,,,,,,,,,,,,,,,,,,,,,,,,,,,,,,,
585,4.041144340880505e-06,4.041144340880505e-06,1.0,8.596812222454998,4.660883194691426,3.137051485680245,3.137051485680245,3.136918622094232,0.0,0.0,0.3127318878431578,1.392683129052858,0.08251924883272196,1.4639977700001485,0.08257627255610518,0.015365590926612148,0.3866058805504361,0.0,0.0,0.0,0.0,1.011512894888182,404.77234299118453,75.8020248413086,500.1178283691406,500.1178283691406,1.1874339580535889,0.6557567715644836,0.25,3.962892532348633,0.7023760676383972,0.5116761326789856,4.024970396991919e-05,0.0,5.222230034905511,3.8749516896299414,0.25798908440844787,0.8632670592617344,0.2294591262533858,0.029541112985965366,0.7361550395553177,0.19754062592983246,0.02950419913473967,116.02116989303421,189.41522860023085,0.29952229715202355,58.06222852769789,116.02116962148408,135.76348180439504,159.56932946368713,190.70988762617745,38.615034920828684,87.41210683186848,208.0301281472911,0.6014078415555614,0.8345675462715743,0.056967718845526115,-0.350778914184894,0.8079135132923694,0.7491328167467459,0.7485842793703031,0.5486952528535507,0.9475118579957327,0.9854797616100405,0.9954960635969522,0.4475118579957327,0.18547976161004043,0.04549606359695224,0.004984536208212859,0.6257679346508827,0.6208791208791209,0.3791208791208791,0.5695970695970696,0.47780133865691804,0.4619983860424587,0.45743681535452274
586,4.0266466494172415e-06,4.0266466494172415e-06,1.0,8.597436273420179,4.621390149400041,3.1849531160818563,3.1849531160818563,3.1847705196689917,0.0,0.0,0.31322317912771896,1.3543412073238477,0.08088645459832372,1.4636917694194898,0.0836330616997706,0.015473651913674297,0.37297188430219086,0.0,0.0,0.0,0.0,0.9661609385464642,408.7583288244299,79.4398422241211,500.1178283691406,500.1178283691406,1.1824895143508911,0.6478027701377869,0.25,3.96429443359375,0.6987442970275879,0.5057982206344604,4.2846459064752686e-05,0.0,4.3348868569812256,3.334530049079173,0.23076883916612564,0.858589805461265,0.22907571776493177,0.029646221649002383,0.7354068997743968,0.1979569841075588,0.02965573750033572,,,,,,,,,,,,,,,,,,,,,,,,,,,,,,,,,
587,4.0121611536092194e-06,4.0121611536092194e-06,1.0,8.621580227001294,4.663542786160031,3.1625724547618144,3.1625724547618144,3.1624246352427714,0.0,0.0,0.31245331587018194,1.3775372311875627,0.08219220287896492,1.4652131699226998,0.08201859146356583,0.01634799553761007,0.3801551412891697,0.0,0.0,0.0,0.0,0.9866756233009132,408.2019348144531,80.06289672851562,500.1178283691406,500.1178283691406,1.1858264207839966,0.6509886384010315,0.25,3.9660396575927734,0.7012783885002136,0.5086363554000854,2.401998462720984e-05,0.0,4.556343656939429,3.6261417124722457,0.20415535229667364,0.8618965857737774,0.22913613552982742,0.029668695167512506,0.7359458159756016,0.19761620220300313,0.029585045082746324,,,,,,,,,,,,,,,,,,,,,,,,,,,,,,,,,
588,3.99768799786289e-06,3.99768799786289e-06,1.0,8.64682943756516,4.688404978932561,3.158543689830883,3.158543689830883,3.158359637131562,0.0,0.0,0.3127595822553377,1.3901715439719122,0.08149464065964157,1.4694293254130595,0.08429578923293062,0.016909380531492265,0.3749387795860703,0.0,0.0,0.0,0.0,0.9992230598990982,410.5468337600296,85.56007385253906,500.1178283691406,500.1178283691406,1.1852492094039917,0.655954122543335,0.25,3.9449825286865234,0.7013899087905884,0.5117813348770142,4.609240293329456e-05,0.0,5.166963114931777,3.901738587263468,0.2448681168270764,0.8621847661765846,0.2286030738740354,0.02949247821360021,0.736658056040068,0.1970818095110558,0.029475747028718125,,,,,,,,,,,,,,,,,,,,,,,,,,,,,,,,,
589,3.983227326461682e-06,3.983227326461682e-06,1.0,8.596471039024559,4.6552129049558895,3.146574439229192,3.146574439229192,3.1464473556827857,0.0,0.0,0.311394531984587,1.377179867512471,0.08182681674087369,1.4581130485276919,0.08476368136502602,0.016541058952743944,0.3776401208864676,0.0,0.0,0.0,0.0,0.993028238012984,404.85218852275125,76.09870910644531,500.1178283691406,500.1178283691406,1.1934943199157715,0.6641820073127747,0.25,3.965238571166992,0.7058137059211731,0.5172310471534729,3.5705382553960574e-05,0.0,5.3370058617076355,3.9349446908847705,0.2627055707175595,0.8676305574339789,0.22997086394477534,0.02985629383978006,0.7363081220034007,0.1970758691832826,0.029667588957660907,,,,,,,,,,,,,,,,,,,,,,,,,,,,,,,,,
590,3.968779283564572e-06,3.968779283564572e-06,1.0,8.673331621530894,4.716703956191604,3.162251852654122,3.162251852654122,3.162169952650328,0.0,0.0,0.3130828995962401,1.3809945067843876,0.08253084203681431,1.4599941550074398,0.08025258487543545,0.015223063018827422,0.3794743982521263,0.0,0.0,0.0,0.0,0.979990453333468,406.76422284100505,77.90332794189453,500.1178283691406,500.1178283691406,1.188598871231079,0.6615058183670044,0.25,3.96795654296875,0.7031638026237488,0.5150247812271118,2.5318362174626587e-05,0.0,4.583254989740011,3.5861522345929533,0.21755341070465276,0.8643172850479951,0.22938522777041873,0.02956722495523659,0.7363206003163312,0.19721591069891647,0.029605890045294892,109.42786114032452,180.69986997028226,0.2935327007318151,52.945920168698485,109.42786285275773,132.59661689938108,156.84146690598513,188.37215229512182,39.85070582798549,85.59377921644108,186.85474495265794,0.6034168245749808,0.8282420833503521,0.0655528991179004,-0.3511946984199072,0.7981387065915425,0.738187943291439,0.7424835005209632,0.5524773697541534,0.9492084894893446,0.9861113922395068,0.9956559175278278,0.44920848948934455,0.1861113922395068,0.04565591752782783,0.004555318023686408,0.6543221025566768,0.5989010989010989,0.4010989010989011,0.5576923076923077,0.473825078948841,0.45809791724269205,0.4534909279382491
591,3.954344013204635e-06,3.954344013204635e-06,1.0,8.72926784206081,4.772048280045793,3.157149920592437,3.157149920592437,3.156947090819075,0.0,0.0,0.31213026191737203,1.3829780527063318,0.0814745190578538,1.474746865195197,0.08517054669760368,0.017745535543842894,0.38129833985019373,0.0,0.0,0.0,0.0,1.0233864623147089,404.168981603674,74.04607391357422,500.1178283691406,500.1178283691406,1.1885820627212524,0.6562137603759766,0.25,3.958629608154297,0.7038432359695435,0.5137760043144226,3.24594386854187e-05,0.0,6.026745469183536,4.423288229349497,0.2660569038518337,0.865428225414173,0.22845987814503746,0.029615394015972678,0.7372579091304058,0.19651323315259572,0.029494852180013787,,,,,,,,,,,,,,,,,,,,,,,,,,,,,,,,,
592,3.939921659287624e-06,3.939921659287624e-06,1.0,8.561248212247282,4.62103406803028,3.143541149190954,3.143541149190954,3.1434339574865393,0.0,0.0,0.3116124215963724,1.3877576041865993,0.08300829860004219,1.4582959639059532,0.08307500354744293,0.01700268076682413,0.38534547589920665,0.0,0.0,0.0,0.0,1.013924334500287,404.64366108662375,74.62682342529297,500.1178283691406,500.1178283691406,1.191787838935852,0.6658692359924316,0.25,3.961719512939453,0.7053637504577637,0.5179609656333923,3.7652948875085694e-05,0.0,5.5937617405040845,4.143311147754257,0.2592978857585593,0.8672945257779714,0.2289700624910561,0.029696446365198574,0.7372213328206861,0.19642623171613022,0.029545686283224338,,,,,,,,,,,,,,,,,,,,,,,,,,,,,,,,,
593,3.925512365590521e-06,3.925512365590521e-06,1.0,8.63204169917751,4.6754048966072705,3.1582599395030253,3.1582599395030253,3.1581489137701086,0.0,0.0,0.3127153008370786,1.386376216604903,0.0826953901229678,1.46329737031782,0.08427176292280893,0.017615436324598017,0.38073560031684667,0.0,0.0,0.0,0.0,1.010330159921904,406.2873609388197,75.8020248413086,500.1178283691406,500.1178283691406,1.1849085092544556,0.6527619957923889,0.25,3.9573421478271484,0.7017388343811035,0.5109935402870178,5.5830234538920165e-05,0.0,6.261019908093117,4.528607291144294,0.27669814860506564,0.8629158107010094,0.22743632946465467,0.02962601597647409,0.737724972737802,0.19607154541724436,0.029476263686209113,,,,,,,,,,,,,,,,,,,,,,,,,,,,,,,,,
594,3.911116275760115e-06,3.911116275760115e-06,1.0,8.732761228406751,4.7924123390300855,3.147495881931202,3.147495881931202,3.1473856101164945,0.0,0.0,0.311694547936723,1.3821378656335779,0.0822056616480286,1.4586349919035628,0.07927603918958355,0.012969029639419672,0.38094258227863825,0.0,0.0,0.0,0.0,0.9751556096850215,408.0350704708615,81.6419906616211,500.1178283691406,500.1178283691406,1.1897165775299072,0.6567949056625366,0.25,3.9682140350341797,0.7043543457984924,0.5131124258041382,4.803996925441968e-05,0.0,3.892441884891407,3.2201834594881213,0.17270866085699843,0.8661119164647283,0.22837552468518954,0.02971174688758077,0.7373376923638422,0.19622210473627658,0.029569253073753538,,,,,,,,,,,,,,,,,,,,,,,,,,,,,,,,,
595,3.896733533311563e-06,3.896733533311563e-06,1.0,8.628117561340332,4.669518084139438,3.1725445180325895,3.1725445180325895,3.172510372625815,0.0,0.0,0.31256866374531306,1.3423656869579006,0.08088344073778875,1.4548717350573153,0.0831392107380403,0.015557124455635613,0.36663226098627655,0.0,0.0,0.0,0.0,0.9455907264271298,409.27393073004646,77.90332794189453,500.1178283691406,500.1178283691406,1.1911059617996216,0.6596486568450928,0.25,3.9603748321533203,0.7049511075019836,0.5161918997764587,2.401998462720984e-05,0.0,5.104845386904639,3.8279153930174337,0.25014077745878244,0.8668265358821766,0.22858159244060516,0.02994894206121161,0.7364701274279002,0.1966073210980441,0.029799175272519525,115.90745003668816,211.0681374264994,0.3302629457656277,63.00894999242091,115.9074492211822,139.91482155816587,163.2583812986788,195.15135137248805,65.21017674037388,95.0264751227327,182.17976910135022,0.6153943014230391,0.8363945885021522,0.050404328635931514,-0.35341232761302976,0.8098790710542301,0.7550376657953121,0.7561424088067136,0.5478273841313747,0.9462376976051494,0.9848247756984657,0.9952204712680724,0.4462376976051494,0.18482477569846567,0.04522047126807249,0.005073805286494056,0.63241951899537,0.6208791208791209,0.3791208791208791,0.5732600732600733,0.48825740486710933,0.47236977362043253,0.4677622701031166
596,3.88236428162696e-06,3.88236428162696e-06,1.0,8.657924420124775,4.700109881323737,3.1586732542192615,3.1586732542192615,3.158405961217107,0.0,0.0,0.31229547471613495,1.394394413844959,0.08266207535524626,1.4624446533821724,0.0837863294055333,0.015532954281347024,0.3827291614300496,0.0,0.0,0.0,0.0,1.0018675166207391,416.35761405326224,96.57428741455078,500.1178283691406,500.1178283691406,1.1817480325698853,0.6517443060874939,0.25,3.9451828002929688,0.7002442479133606,0.5084556341171265,4.544321415958618e-05,0.0,4.431614139595547,3.4675376673002503,0.2175452198514927,0.8611179429131586,0.22690052639793706,0.029187712163941282,0.7383505540925104,0.19593503467134527,0.029243585024331067,,,,,,,,,,,,,,,,,,,,,,,,,,,,,,,,,
597,3.868008663953913e-06,3.868008663953913e-06,1.0,8.66778430423221,4.7263407578339445,3.149492560206233,3.149492560206233,3.1493407777837805,0.0,0.0,0.3112460938659874,1.3731407152639854,0.08141069637762534,1.457009009412817,0.08247310708503465,0.013975069851841073,0.37648435782741857,0.0,0.0,0.0,0.0,0.9812104589230305,414.5041355442356,91.43470001220703,500.1178283691406,500.1178283691406,1.1837561130523682,0.6508415341377258,0.25,3.9486732482910156,0.7003809809684753,0.5074514150619507,4.803996925441968e-05,0.0,4.090996416839394,3.2294803310084985,0.21058832569119726,0.8609817253576743,0.22812910176612236,0.029433763963547913,0.7369724592647037,0.19680911181746302,0.029474565608275903,,,,,,,,,,,,,,,,,,,,,,,,,,,,,,,,,
598,3.853666823404115e-06,3.853666823404115e-06,1.0,8.62178709700301,4.705539265194455,3.1172305571066365,3.1172305571066365,3.117065410356264,0.0,0.0,0.3121434538751035,1.390272469133944,0.08213120860022467,1.4642576591388599,0.08458639701475969,0.01734722495028699,0.3786196579804292,0.0,0.0,0.0,0.0,1.010328107589,413.54048362938136,84.89423370361328,500.1178283691406,500.1178283691406,1.1888456344604492,0.6605498194694519,0.25,3.952850341796875,0.70334792137146,0.5145860314369202,3.635457132766894e-05,0.0,5.4584110620859505,4.032936247619423,0.26115197229608744,0.8647204991933461,0.2287101089148908,0.02959413841568135,0.7368086914758425,0.19676896607553637,0.029584856653535687,,,,,,,,,,,,,,,,,,,,,,,,,,,,,,,,,
599,3.839338902951904e-06,3.839338902951904e-06,1.0,8.700281491150728,4.7714711524344775,3.13584041595459,3.13584041595459,3.1357217930458687,0.0,0.0,0.31061007283829356,1.3827434649338592,0.08200118388678576,1.4588158033989571,0.07961319064771807,0.015629653969930636,0.3800363516485369,0.0,0.0,0.0,0.0,0.9990795560785242,413.1150257007496,88.96839904785156,500.1178283691406,500.1178283691406,1.1873135566711426,0.6524419188499451,0.25,3.962291717529297,0.702936589717865,0.5099246501922607,4.0898892743627565e-05,0.0,5.088485311817479,3.7529522132229163,0.26246181658281015,0.8642874988349708,0.22826748442005468,0.02959771117044462,0.7373780930364454,0.19644575465369868,0.029469990649738827,,,,,,,,,,,,,,,,,,,,,,,,,,,,,,,,,
600,3.825025045432857e-06,3.825025045432857e-06,1.0,8.63466095280003,4.682259740056218,3.1622177523535653,3.1622177523535653,3.1621067652831205,0.0,0.0,0.3128349716598923,1.3585719740068591,0.08126453551891688,1.4611296170466654,0.08190147286734066,0.014275802456698305,0.37214387510273905,0.0,0.0,0.0,0.0,0.972348965503074,410.8273587613492,80.37625122070312,500.1178283691406,500.1178283691406,1.1890032291412354,0.6497571468353271,0.25,3.961118698120117,0.7034765481948853,0.5092507600784302,3.50561937802522e-05,0.0,4.471505970568271,3.6200075810020036,0.19042765349546267,0.8648665901776906,0.22871850350418607,0.0298822108857535,0.7367742979848707,0.1966324690225962,0.02966383285820484,103.06922529031942,171.38290083355471,0.27310931740959327,37.78832863189362,103.06922590284671,126.47190739717539,150.76440994661482,182.78269896195985,43.59932490757534,77.14224890775459,184.827252595321,0.6107040281216437,0.8340625096071174,0.049516509776323755,-0.359899814032644,0.8067934474628431,0.7475224551245764,0.7451598894500642,0.5435593654716211,0.9497233437082686,0.9860034389355389,0.9955282419856349,0.4497233437082686,0.18600343893553883,0.04552824198563499,0.00490045719262243,0.6572690201524944,0.5439560439560439,0.45604395604395603,0.5494505494505495,0.46276946202084257,0.4482050499172656,0.44409513506260545
601,3.810725393542354e-06,3.810725393542354e-06,1.0,8.631137615925557,4.705519186483847,3.131281730291006,3.131281730291006,3.1311665161235913,0.0,0.0,0.3120955349625768,1.3685944241446417,0.08081621253812635,1.4674374251752287,0.08428753157322472,0.015362014761194587,0.37105840283471186,0.0,0.0,0.0,0.0,0.9820151651227796,408.75372479413005,81.6419906616211,500.1178283691406,500.1178283691406,1.1930255889892578,0.6625436544418335,0.25,3.9751949310302734,0.7063555121421814,0.5186454653739929,3.895132642250244e-05,0.0,5.414746318314527,4.022057096700411,0.2572030414247782,0.8686178825997017,0.22883283930855827,0.02982613887335803,0.7368382521577783,0.19659109816357895,0.02965115020806725,,,,,,,,,,,,,,,,,,,,,,,,,,,,,,,,,
602,3.7964400898341613e-06,3.7964400898341613e-06,1.0,8.617782244811186,4.668591911728318,3.1588893130018905,3.1588893130018905,3.158704648146758,0.0,0.0,0.3125652775571153,1.3656561793507755,0.0811665462883743,1.4545322624412742,0.08195176287680059,0.015156317086940681,0.37229071517248413,0.0,0.0,0.0,0.0,0.9775466290680138,414.3771015888936,91.0782241821289,500.1178283691406,500.1178283691406,1.1863068342208862,0.6577609777450562,0.25,3.9689292907714844,0.7028034925460815,0.5138748288154602,4.544321415958618e-05,0.0,4.836649902769037,3.7308909409754984,0.2286208396354011,0.8642412134118982,0.22781420116488998,0.029351424325156857,0.7379237977234093,0.19623830592310107,0.029306232929229736,,,,,,,,,,,,,,,,,,,,,,,,,,,,,,,,,
603,3.782169276719e-06,3.782169276719e-06,1.0,8.63116911295298,4.6882254368550065,3.150575541161202,3.150575541161202,3.1504191385733114,0.0,0.0,0.31243286825515126,1.3701189047581441,0.08161285851855536,1.4622551460523863,0.08118751705498309,0.01501556600418848,0.37339045711465785,0.0,0.0,0.0,0.0,0.9783409044549272,413.83341773780614,89.66619110107422,500.1178283691406,500.1178283691406,1.186774492263794,0.6573187112808228,0.25,3.9659252166748047,0.7035232186317444,0.5144543051719666,2.921349481687683e-05,0.0,5.091886404398325,3.823400228410154,0.249119103460844,0.8653393452231949,0.22717444477854548,0.029348263668047415,0.7386599730800938,0.19558392384567777,0.029285623213729343,,,,,,,,,,,,,,,,,,,,,,,,,,,,,,,,,
604,3.7679130964631432e-06,3.7679130964631432e-06,1.0,8.67217206954956,4.724780662639721,3.1521978700483166,3.1521978700483166,3.1520989456692257,0.0,0.0,0.31173704685391607,1.3865541284148757,0.08254123942272083,1.4533495709702775,0.08294095179519138,0.016741152059890935,0.3821741680841188,0.0,0.0,0.0,0.0,1.0176693233283791,414.96113380225927,88.62154388427734,500.1178283691406,500.1178283691406,1.186320185661316,0.6588408946990967,0.25,3.9637222290039062,0.7046375870704651,0.5162014365196228,4.73907804807113e-05,0.0,5.736899748041823,4.283631837045824,0.25331938413113164,0.8671391396909147,0.2258866175606444,0.02897123619914055,0.7405788560171385,0.19450687153919324,0.028889600237881816,,,,,,,,,,,,,,,,,,,,,,,,,,,,,,,,,
605,3.7536716911869817e-06,3.7536716911869817e-06,1.0,8.624940434017697,4.69249066791019,3.136561973674877,3.136561973674877,3.1362128708813644,0.0,0.0,0.3130449233828364,1.3822388681205544,0.08134702270900881,1.4640903956181295,0.08193015156162752,0.014683586576752164,0.37594166559142034,0.0,0.0,0.0,0.0,0.979275107383728,415.4647142564928,90.36944580078125,500.1178283691406,500.1178283691406,1.1863476037979126,0.6553664803504944,0.25,3.960203170776367,0.7042949199676514,0.5140887498855591,3.700376010137732e-05,0.0,4.9393725942921,3.70973713011355,0.2489456789713549,0.8666573376268953,0.22598495555890574,0.02908799152921986,0.7399661653750652,0.194761821144336,0.029031791094992612,121.3966565813337,191.76980640411927,0.3278447129619714,70.77713641491565,121.39665641660315,144.25322839080638,168.5684346844101,199.5677077662499,47.34828186035156,96.15041156147801,203.46413985542628,0.6156973298695697,0.8246543313876445,0.07393848226820803,-0.3388399461093348,0.7930222869686211,0.7389532680053741,0.7508956128352383,0.5605396388210397,0.9473748403406965,0.9854107337762533,0.9953616409732613,0.4473748403406965,0.18541073377625328,0.04536164097326134,0.004253775381352832,0.6696987012906129,0.6703296703296703,0.32967032967032966,0.5659340659340659,0.4911787987246618,0.474593739260684,0.46948060356489907
606,3.7394452028636187e-06,3.7394452028636187e-06,1.0,8.562810949377111,4.633967128959862,3.132806552423013,3.132806552423013,3.1325985998720736,0.0,0.0,0.31169041669046554,1.389712523769688,0.08303580473403673,1.4540091011975262,0.08238708811837274,0.017043794461249095,0.38788204982474045,0.0,0.0,0.0,0.0,1.0352938626263593,413.56084627718536,86.56863403320312,500.1178283691406,500.1178283691406,1.1834129095077515,0.6511871814727783,0.25,3.956684112548828,0.7037277817726135,0.5134270787239075,5.323347944408667e-05,0.0,6.156321946028116,4.557491768050838,0.2597054202158479,0.8662154916170481,0.2247972967656883,0.028863250403790862,0.7408470591983279,0.19420115126145854,0.028895149208806658,,,,,,,,,,,,,,,,,,,,,,,,,,,,,,,,,
607,3.725233773317447e-06,3.725233773317447e-06,1.0,8.604819942165065,4.6763701052279085,3.1247861192033097,3.1247861192033097,3.1246169579995646,0.0,0.0,0.31320240932541926,1.3943267384090938,0.0815244449956997,1.4818514198870272,0.08518465678836848,0.015646392416611716,0.3746998261761021,0.0,0.0,0.0,0.0,1.014424573730778,413.30112354175463,90.01713562011719,500.1178283691406,500.1178283691406,1.1865718364715576,0.6642122864723206,0.25,3.9571704864501953,0.7044055461883545,0.5194445252418518,5.647942331262854e-05,0.0,5.5588057363355485,4.1644989751480725,0.25082847419428345,0.8668076524863372,0.22599983779159752,0.028969487930471834,0.739700431759293,0.19484542592151746,0.029125037728934676,,,,,,,,,,,,,,,,,,,,,,,,,,,,,,,,,
608,3.711037544222737e-06,3.711037544222737e-06,1.0,8.628498386692357,4.679183012730366,3.1616745961678996,3.1616745961678996,3.161454961106584,0.0,0.0,0.31083472677179286,1.3569612148645762,0.0806674473994487,1.4516501040072054,0.08289527359443742,0.01580619388511656,0.372315059642534,0.0,0.0,0.0,0.0,0.9886331896524172,410.73845115867823,81.96153259277344,500.1178283691406,500.1178283691406,1.1880073547363281,0.6606694459915161,0.25,3.9547958374023438,0.7043358087539673,0.5169914960861206,5.842698963375366e-05,0.0,5.2607198985847266,4.08080864274824,0.22428703268423666,0.8663957151206764,0.22714556552268364,0.02955972352946127,0.7387833401963517,0.19536592307928446,0.029296137241495622,,,,,,,,,,,,,,,,,,,,,,,,,,,,,,,,,
609,3.6968566571022283e-06,3.6968566571022283e-06,1.0,8.60339758847211,4.6557188936181975,3.1502893035476274,3.1502893035476274,3.150130085043005,0.0,0.0,0.31236153518831405,1.3851303087698448,0.0829301277125204,1.4626627193914878,0.08407756504980293,0.014987880578012886,0.38140133184355657,0.0,0.0,0.0,0.0,0.9854530176600894,413.0529224292652,86.56863403320312,500.1178283691406,500.1178283691406,1.1872355937957764,0.657947301864624,0.25,3.954967498779297,0.7049669027328491,0.5161423087120056,6.23221222760039e-05,0.0,4.707563680571479,3.708066131617572,0.21231737195163589,0.8674266724973112,0.2264495914852297,0.029062229737236694,0.7395880302867374,0.1951201030531445,0.02903080082221611,,,,,,,,,,,,,,,,,,,,,,,,,,,,,,,,,
610,3.682691253325715e-06,3.682691253325715e-06,1.0,8.625396161466032,4.718658176628319,3.1050346155424378,3.1050346155424378,3.104846748145851,0.0,0.0,0.31196886703774734,1.4036104356920398,0.0825476511507421,1.4674315549231864,0.08338864932994584,0.01650565376857648,0.381708679167,0.0,0.0,0.0,0.0,1.0219916620770015,411.05385692699537,82.92766571044922,500.1178283691406,500.1178283691406,1.1904550790786743,0.6690760850906372,0.25,3.9799585342407227,0.706859290599823,0.5221961140632629,3.9600515196210814e-05,0.0,5.602133900732608,4.099877653895198,0.2681578615321843,0.8698365656105248,0.22676586943703728,0.02901440249705637,0.7403506620510204,0.19468336532244812,0.028892510394389566,112.48218083643651,189.11068847078798,0.29202289688534594,47.552122430486996,112.48217886132133,133.97401050105006,158.1180308037009,190.13011052098042,48.596918378557476,82.83210050597671,205.35298952849016,0.6120155693310362,0.8338655934009712,0.052414390764036076,-0.35537391096568055,0.8065997923188235,0.7480452914377423,0.745363236915191,0.5477194103945269,0.9481870851518015,0.9851553826918675,0.99521061014896,0.4481870851518015,0.1851553826918675,0.045210610148959995,0.004688702634839126,0.6641692084998695,0.5714285714285714,0.42857142857142855,0.5558608058608058,0.4760930972521777,0.4609139074909163,0.4565908811413325
611,3.6685414741086358e-06,3.6685414741086358e-06,1.0,8.628532023043245,4.704560279846191,3.1282718439359924,3.1282718439359924,3.1280831130775244,0.0,0.0,0.31087466027285604,1.3736668664055902,0.08148880846597054,1.469404114259256,0.0845641926736445,0.01655194772457754,0.374693186701955,0.0,0.0,0.0,0.0,0.9895899843525242,409.3205360206398,82.2823257446289,500.1178283691406,500.1178283691406,1.187799334526062,0.6613789200782776,0.25,3.9661827087402344,0.7051119208335876,0.5181990265846252,3.7652948875085694e-05,0.0,5.629636996501201,4.088542831910623,0.2737466315409612,0.8675734223546209,0.22660108232820356,0.02917795593070017,0.7397279981020335,0.19502251977856094,0.02900829619249782,,,,,,,,,,,,,,,,,,,,,,,,,,,,,,,,,
612,3.654407460510666e-06,3.654407460510666e-06,1.0,8.701402174459922,4.7573444649979875,3.1461507629703833,3.1461507629703833,3.146059181239154,0.0,0.0,0.3119732326752431,1.3910853315044094,0.0823409891611821,1.4671341792957202,0.08179022210675317,0.01518478518905672,0.3773887141330822,0.0,0.0,0.0,0.0,0.98581862449646,412.0842111948374,84.23358917236328,500.1178283691406,500.1178283691406,1.1876615285873413,0.6626638770103455,0.25,3.9678421020507812,0.7051340937614441,0.5176432728767395,3.50561937802522e-05,0.0,4.917556798135912,3.7371020043218457,0.24004904107290415,0.8676847944388518,0.22631148832875328,0.028979685409246263,0.7403231923644608,0.19470263212113767,0.028863273208608497,,,,,,,,,,,,,,,,,,,,,,,,,,,,,,,,,
613,3.640289353434317e-06,3.640289353434317e-06,1.0,8.789652154252336,4.835062684239568,3.1580058110726847,3.1580058110726847,3.1579283379219674,0.0,0.0,0.31038359854672404,1.3961551801578418,0.08275870777465202,1.4584356191995982,0.08144592221926998,0.016132755708452816,0.38110255631240636,0.0,0.0,0.0,0.0,1.01615349827586,407.9480739284206,73.18341064453125,500.1178283691406,500.1178283691406,1.1859670877456665,0.6593661308288574,0.25,3.9639062881469727,0.7043652534484863,0.5162374377250671,4.868915802812805e-05,0.0,5.897853289101575,4.244423476425377,0.2803443442263154,0.8667242559226783,0.2260965874066224,0.029047794791089522,0.7405290700293876,0.19457666414815025,0.028827200064787995,,,,,,,,,,,,,,,,,,,,,,,,,,,,,,,,,
614,3.6261872936235264e-06,3.6261872936235264e-06,1.0,8.64324934418137,4.72370517576063,3.118484116889335,3.118484116889335,3.1182846700822986,0.0,0.0,0.31205396072284597,1.3896611477877643,0.08141345107877576,1.4739320600354993,0.08550654543009964,0.016257042178531755,0.3796205923363969,0.0,0.0,0.0,0.0,1.0274852111532882,408.485143713049,81.32369995117188,500.1178283691406,500.1178283691406,1.1869356632232666,0.6575830578804016,0.25,3.9678421020507812,0.7054850459098816,0.516635537147522,4.609240293329456e-05,0.0,5.772294809689393,4.278314922306989,0.25881905492328716,0.8682602692294765,0.2258415661148123,0.028963291161769145,0.7404711681443292,0.1945830039881371,0.028842150359540374,,,,,,,,,,,,,,,,,,,,,,,,,,,,,,,,,
615,3.6121014216622545e-06,3.6121014216622545e-06,1.0,8.612431088009396,4.670254088736869,3.1452831190985604,3.1452831190985604,3.1452548826063,0.0,0.0,0.31176700302072474,1.3750553904352962,0.08137527732430277,1.4712174550907031,0.08551639509764877,0.01600875232268024,0.3691723427257022,0.0,0.0,0.0,0.0,0.9907681974204811,409.4203186035156,80.69083404541016,500.1178283691406,500.1178283691406,1.189666986465454,0.6677734851837158,0.25,3.981818199157715,0.7060638666152954,0.5213040709495544,6.751563246567089e-05,0.0,5.370702250583752,4.047088658487475,0.24645074895976793,0.868863083220817,0.22639496705016574,0.029286835896405013,0.7400704751143584,0.19452799977482976,0.02903578772738173,105.50622520865974,181.75764134375675,0.29012705295312247,41.74435026567061,105.50622382037821,129.5014029814877,153.84932896752818,185.82339045015172,56.89601026262556,80.94822503614796,181.7726062277089,0.6100566668466739,0.8299637001509392,0.05600585257384983,-0.3569437882602484,0.8003866679300143,0.7410891722986721,0.7432111633944021,0.5489347110693287,0.9491773491132,0.9857766331959523,0.9954182126565907,0.44917734911319995,0.18577663319595228,0.04541821265659074,0.004766034568931558,0.6758541156418628,0.5604395604395604,0.43956043956043955,0.5467032967032966,0.4689802467249907,0.4543224438042431,0.4501559873531153
616,3.5980318779730837e-06,3.5980318779730837e-06,1.0,8.637248232557967,4.706535519780339,3.1307589556719804,3.1307589556719804,3.1306212399456954,0.0,0.0,0.31186164230913727,1.399545189496633,0.08296773300783054,1.464230795164366,0.0827633294503431,0.016753655713605316,0.3815255414795231,0.0,0.0,0.0,0.0,1.0217114606419124,411.5010219264675,84.89423370361328,500.1178283691406,500.1178283691406,1.1888667345046997,0.6608567833900452,0.25,3.961862564086914,0.7073595523834229,0.5199823975563049,5.647942331262854e-05,0.0,6.504483493598732,4.464682123145542,0.3135992846258467,0.8708993792533875,0.22513601707445607,0.0288268093623825,0.7413886978819564,0.19389835926326546,0.02872669918311609,,,,,,,,,,,,,,,,,,,,,,,,,,,,,,,,,
617,3.583978802815823e-06,3.583978802815823e-06,1.0,8.602320310231802,4.667626522682808,3.1329209868972367,3.1329209868972367,3.1328451569015914,0.0,0.0,0.3125115077237825,1.4031812306996938,0.08369479892221657,1.4635760751930442,0.08352482600792034,0.017701601030657422,0.38756854550258535,0.0,0.0,0.0,0.0,1.0327159842929325,409.88927562816724,80.37625122070312,500.1178283691406,500.1178283691406,1.1879030466079712,0.659665048122406,0.25,3.9635791778564453,0.7060480713844299,0.5176786184310913,3.1810249911710326e-05,0.0,6.920772322126337,4.657333481956172,0.32705003644372826,0.8690627346167693,0.22560247939986153,0.028870772872422193,0.741105364786612,0.19411111441818443,0.028742616241042677,,,,,,,,,,,,,,,,,,,,,,,,,,,,,,,,,
618,3.5699423362860995e-06,3.5699423362860995e-06,1.0,8.604813111794961,4.671373380197061,3.139961996593991,3.139961996593991,3.139730015316525,0.0,0.0,0.3132128828280681,1.371509896742331,0.08170449431683566,1.4653734967515275,0.08091631108844602,0.013419050005944195,0.3770616851948403,0.0,0.0,0.0,0.0,0.9772523544930123,416.5432293866132,91.79256439208984,500.1178283691406,500.1178283691406,1.1826714277267456,0.6528353691101074,0.25,3.968700408935547,0.7027850151062012,0.5131887197494507,5.647942331262854e-05,0.0,5.146549207133216,3.825447327381856,0.2566966381901658,0.8649397089674666,0.22495608313663587,0.02885560892723702,0.7405645782883102,0.1945043910999556,0.028788447984167048,,,,,,,,,,,,,,,,,,,,,,,,,,,,,,,,,
619,3.555922618313977e-06,3.555922618313977e-06,1.0,8.618425472362622,4.674882424844278,3.146121321497737,3.146121321497737,3.1459413283580058,0.0,0.0,0.313266606749715,1.3837111157339972,0.08168650237289635,1.4714455668990676,0.08174685046479509,0.014303160038449475,0.37139337691100865,0.0,0.0,0.0,0.0,0.9717136057647499,413.3818846006651,87.24759674072266,500.1178283691406,500.1178283691406,1.1858506202697754,0.6552056670188904,0.25,3.9669551849365234,0.7036480903625488,0.5127448439598083,4.024970396991919e-05,0.0,5.322530040869841,3.776222121071171,0.29052121978177936,0.8657112363222483,0.22638929735969854,0.029065813617529097,0.7395192207516851,0.19518722513237516,0.028945932567522332,,,,,,,,,,,,,,,,,,,,,,,,,,,,,,,,,
620,3.5419197886625446e-06,3.5419197886625446e-06,1.0,8.585472429120863,4.657151067579115,3.1328392544308223,3.1328392544308223,3.132688805863664,0.0,0.0,0.31296618081427907,1.3751056999773592,0.08109556672138137,1.4683394883130048,0.0827241558078173,0.016749848787849013,0.36651657723091746,0.0,0.0,0.0,0.0,0.9870868744076909,409.9040659311655,77.29708862304688,500.1178283691406,500.1178283691406,1.1869112253189087,0.6569589376449585,0.25,3.9646949768066406,0.7046347856521606,0.516057014465332,6.556806614454578e-05,0.0,6.25495551083539,4.529584333703324,0.2758406793051084,0.8671362045648936,0.22579211922916206,0.029234108993330517,0.7398580618806787,0.19468224854082675,0.029006736655090307,104.31862577501234,179.66125989344263,0.2694053510275308,32.62012645176479,104.31862432013504,126.2449286309947,150.67829380630297,182.69589046398647,44.7595945085798,74.7408052193102,196.32845339567766,0.6130582288470644,0.8327016947752196,0.051652449284428005,-0.35918663837747794,0.8053871880785901,0.7436238343314368,0.7397582960351738,0.5454165401341369,0.9493377220503446,0.9854112527825224,0.9952651058072131,0.4493377220503446,0.18541125278252235,0.0452651058072131,0.004904609242775044,0.676849569665952,0.5384615384615384,0.46153846153846156,0.5412087912087912,0.4624735711367576,0.4482162672166641,0.44434907524795325
621,3.5279339869265337e-06,3.5279339869265337e-06,1.0,8.64336040857676,4.706624275929219,3.14268574199161,3.14268574199161,3.142439739124195,0.0,0.0,0.3126942297896823,1.3814307628451168,0.08199688953322333,1.455602004721358,0.08186501586759412,0.015033107150245357,0.378192019220945,0.0,0.0,0.0,0.0,1.0023747199290507,409.75705533414276,79.7507553100586,500.1178283691406,500.1178283691406,1.1832493543624878,0.6554521322250366,0.25,3.9645519256591797,0.7040002942085266,0.5150103569030762,4.609240293329456e-05,0.0,5.2358697298410775,4.000426430959959,0.23595760831097246,0.8667323702090496,0.2242030843689635,0.028632255371760677,0.7421017724114496,0.1935238652938121,0.02851391820287382,,,,,,,,,,,,,,,,,,,,,,,,,,,,,,,,,
622,3.5139653525309264e-06,3.5139653525309264e-06,1.0,8.648342544968063,4.699134362710489,3.159043479610134,3.159043479610134,3.158951656238453,0.0,0.0,0.3119511427106084,1.3735114207138885,0.08158194213300138,1.4550341528815192,0.07956919718433071,0.014045057516243006,0.36861077031573736,0.0,0.0,0.0,0.0,0.980358502349338,413.3167435929582,85.56007385253906,500.1178283691406,500.1178283691406,1.1879098415374756,0.6688369512557983,0.25,3.9636380672454834,0.7053449153900146,0.5211235880851746,3.830213764879407e-05,0.0,4.4657248419684334,3.535200014307692,0.20837039015833725,0.8681632312568458,0.22548768004855593,0.02894681500824722,0.7411067292496964,0.1938295626157039,0.028844073817536637,,,,,,,,,,,,,,,,,,,,,,,,,,,,,,,,,
623,3.5000140247295605e-06,3.5000140247295605e-06,1.0,8.591371587804845,4.681735283619648,3.111135585888012,3.111135585888012,3.110907844595007,0.0,0.0,0.31228295210245494,1.3929011596215737,0.08219107320985279,1.4644938288508236,0.0827227071733088,0.01501712403134317,0.3809452520028965,0.0,0.0,0.0,0.0,1.014348175074603,408.6487113334037,79.13013458251953,500.1178283691406,500.1178283691406,1.1866410970687866,0.6570125818252563,0.25,3.9826478958129883,0.706587553024292,0.5181779265403748,4.219727029104431e-05,0.0,5.637764358842695,4.035470340702985,0.28420734109373536,0.8701516099878259,0.2240657109666515,0.02871885885660713,0.7420535909162985,0.19339630732665192,0.02862158729820638,,,,,,,,,,,,,,,,,,,,,,,,,,,,,,,,,
624,3.4860801426037424e-06,3.4860801426037424e-06,1.0,8.562713764809274,4.626891161944415,3.145806003261257,3.145806003261257,3.145578042880909,0.0,0.0,0.3114944019833127,1.359416836016887,0.08098309859633446,1.4600688766788792,0.08255928291662319,0.016294731469069783,0.3710005573324255,0.0,0.0,0.0,0.0,0.9925521676604813,408.10450043549406,74.33588409423828,500.1178283691406,500.1178283691406,1.188138723373413,0.6625497937202454,0.25,3.979729652404785,0.7067685127258301,0.5205853581428528,5.453185699150342e-05,0.0,5.880115346328632,4.152445756100319,0.29381559518335265,0.8702576095993454,0.22451103498806824,0.029067476607255033,0.7421621696369068,0.19309052583333608,0.028706715920486965,,,,,,,,,,,,,,,,,,,,,,,,,,,,,,,,,
625,3.472163845060863e-06,3.472163845060863e-06,1.0,8.611989085738724,4.665273537506929,3.152393218633291,3.152393218633291,3.15228457064242,0.0,0.0,0.3122928537227012,1.381067749616262,0.08209597863055565,1.4634151587615143,0.08069279820129678,0.014930637635139597,0.3696783160841143,0.0,0.0,0.0,0.0,0.9683458257365871,409.2433166503906,76.69554901123047,500.1178283691406,500.1178283691406,1.18904447555542,0.6616200804710388,0.25,3.958629608154297,0.7069061994552612,0.5195456147193909,6.362049982342065e-05,0.0,4.584360559244414,3.5693553202861064,0.22140606652579672,0.8702855400137,0.22516649115729975,0.028979083925888344,0.7413703170982567,0.19359472917543874,0.028820451600728807,98.63107610010839,176.24482036419064,0.25872975058325515,17.6253657079005,98.63107786308628,120.97565148934844,144.8930691301751,177.31575538551556,49.71846662248884,69.78850880704185,186.9588901685632,0.6140791241335962,0.8397629002122876,0.03245675205728193,-0.3725219892455164,0.8158474879130967,0.7536511289045258,0.7432723414733587,0.5352020421869756,0.9495759459278509,0.9852794251901769,0.9952225472931487,0.4495759459278509,0.18527942519017682,0.045222547293148785,0.005451122844112834,0.6704019547852118,0.46153846153846156,0.5384615384615384,0.5357142857142857,0.45317892017927797,0.4400175651842421,0.4366759399955089
626,3.4582652708330133e-06,3.4582652708330133e-06,1.0,8.661560239018621,4.710286836366396,3.1559801166122026,3.1559801166122026,3.1557881832122803,0.0,0.0,0.3133845248737851,1.3736748663154807,0.08101293494975245,1.463054176923391,0.08425775119984472,0.016801028770419793,0.37009693964107615,0.0,0.0,0.0,0.0,0.9924702306051512,405.10785654428844,70.65525817871094,500.1178283691406,500.1178283691406,1.1884459257125854,0.6591147184371948,0.25,3.9688148498535156,0.7063040733337402,0.5175145268440247,5.7128612086336916e-05,0.0,5.04466034109528,4.006479475949262,0.20579797150834778,0.8694826606157664,0.22520921520284704,0.02902252584494449,0.7412015618504705,0.19379795362820496,0.028802409264686947,,,,,,,,,,,,,,,,,,,,,,,,,,,,,,,,,
627,3.4443845584756015e-06,3.4443845584756015e-06,1.0,8.639715104489714,4.697892627200565,3.149805313832051,3.149805313832051,3.1496982638900346,0.0,0.0,0.3125191653096998,1.3803717606776469,0.08211656005398647,1.4546154189754177,0.07952259934029064,0.013460012354158066,0.3753616503767065,0.0,0.0,0.0,0.0,0.9773838874456044,407.14252616263724,75.21212768554688,500.1178283691406,500.1178283691406,1.1908998489379883,0.6669329404830933,0.25,3.9788427352905273,0.7080146670341492,0.5223020315170288,4.349564783846106e-05,0.0,3.8391239884737374,3.2008120997531995,0.16626498405285992,0.8716653134371783,0.22548271393453753,0.028930218839967572,0.7414567357784992,0.19365515700868657,0.028744453262235667,,,,,,,,,,,,,,,,,,,,,,,,,,,,,,,,,
628,3.430521846365963e-06,3.430521846365963e-06,1.0,8.60982879432472,4.662066234124674,3.154026888512276,3.154026888512276,3.153835947449143,0.0,0.0,0.3121228403336293,1.3764301619014225,0.081280888939226,1.4615426611255955,0.0821838285270575,0.015383479776918082,0.3710465535924241,0.0,0.0,0.0,0.0,0.9947550200127266,405.2334908150338,68.4814224243164,500.1178283691406,500.1178283691406,1.1834490299224854,0.651512622833252,0.25,3.9661827087402344,0.7035655379295349,0.5128830671310425,6.751563246567089e-05,0.0,5.614142508120151,4.134623907707833,0.26353420816667555,0.8660223902882757,0.22469274296953873,0.028940471896045917,0.7416252461639611,0.1937338210440971,0.028642775490880013,,,,,,,,,,,,,,,,,,,,,,,,,,,,,,,,,
629,3.4166772727019955e-06,3.4166772727019955e-06,1.0,8.649797117387926,4.709997679736163,3.144314301980508,3.144314301980508,3.1442148105518237,0.0,0.0,0.3119313845763335,1.3802987047143884,0.08229726714056891,1.4632286832139298,0.08270212574987798,0.016305636388023157,0.37574302264162013,0.0,0.0,0.0,0.0,0.9887906184067597,406.53588207347974,71.76791381835938,500.1178283691406,500.1178283691406,1.1908645629882812,0.6643025875091553,0.25,3.9727773666381836,0.7077152729034424,0.5204029679298401,6.946319878679602e-05,0.0,5.347908880259539,4.055672542468922,0.24163394828221235,0.8711851271423133,0.22583214092899012,0.028985409468815133,0.7413016235506212,0.19385701095735705,0.02873141605507683,,,,,,,,,,,,,,,,,,,,,,,,,,,,,,,,,
630,3.4028509755007686e-06,3.4028509755007686e-06,1.0,8.59539729195672,4.656387909038647,3.1449314581381307,3.1449314581381307,3.144742443754866,0.0,0.0,0.312881024302663,1.3713352229144122,0.08138913711583293,1.4650800808055982,0.08305806253810187,0.015310219866601197,0.36779391564227437,0.0,0.0,0.0,0.0,0.9802650003819853,409.7399638407939,79.7507553100586,500.1178283691406,500.1178283691406,1.1875832080841064,0.6561741828918457,0.25,3.969043731689453,0.7056819796562195,0.5148904323577881,4.73907804807113e-05,0.0,4.628543286710172,3.5699360467292167,0.22871283131790282,0.8686144287521774,0.22544008493423462,0.028977292312963587,0.7409148473997373,0.19413911370006767,0.028783572384634533,105.5922925550859,174.55867886721978,0.2790077657846656,39.10088279221084,105.59229467515435,125.72130703246374,150.80140125793724,182.76147546068816,52.88029534476144,76.34206621036974,195.64149209727412,0.6180117359066281,0.8372946837753145,0.046618424888648265,-0.3599557511793881,0.8122772152055663,0.7498694931276955,0.7429376724937877,0.5412474054563917,0.9488706164081756,0.9854060627198316,0.9954576571330405,0.4488706164081756,0.1854060627198315,0.04545765713304051,0.005063425161112521,0.6666023098893011,0.554945054945055,0.44505494505494503,0.5576923076923077,0.46253535777821647,0.4479268688585732,0.4440009827715355
631,3.3890430925971575e-06,3.3890430925971575e-06,1.0,8.592790320112899,4.6486379004813525,3.150856185603786,3.150856185603786,3.1507349980844035,0.0,0.0,0.3129944358323071,1.3785588064709224,0.08168305134451068,1.4554683807733897,0.08205339876381126,0.01502851049440938,0.37088307496663686,0.0,0.0,0.0,0.0,0.9918222314602619,411.1940827240815,80.37625122070312,500.1178283691406,500.1178283691406,1.1872504949569702,0.6660115122795105,0.25,3.967327117919922,0.7053125500679016,0.520056426525116,5.7777800860045285e-05,0.0,5.143717169761658,3.9634586121584916,0.22945634813312554,0.8680812555390436,0.22566819150705594,0.028880746984803998,0.7410358963785945,0.19419744731606664,0.028706139356300637,,,,,,,,,,,,,,,,,,,,,,,,,,,,,,,,,
632,3.3752537616424635e-06,3.3752537616424635e-06,1.0,8.640010550215438,4.708769720953864,3.136670892303054,3.136670892303054,3.1365553559483708,0.0,0.0,0.3110697366095878,1.382141944524404,0.08210223953466157,1.4600996648943103,0.08253313490265124,0.015437159221619368,0.3758867076925329,0.0,0.0,0.0,0.0,1.0063330917745024,407.3788221204603,74.04607391357422,500.1178283691406,500.1178283691406,1.1898502111434937,0.6642251014709473,0.25,3.9735069274902344,0.7074910998344421,0.5202587246894836,5.842698963375366e-05,0.0,5.462528231981638,4.0072219983951465,0.26641624020651533,0.8709848716452315,0.22548236879142555,0.028866374059706122,0.7416265155818011,0.19378918731534803,0.028646420284702972,,,,,,,,,,,,,,,,,,,,,,,,,,,,,,,,,
633,3.3614831201030383e-06,3.3614831201030383e-06,1.0,8.57877491615914,4.665759086608887,3.116607189178467,3.116607189178467,3.1164678302971094,0.0,0.0,0.31336525163135015,1.3805968213725734,0.0809390108931709,1.467867893141669,0.08206784111019727,0.015156532090308296,0.3726312699350151,0.0,0.0,0.0,0.0,1.0101578010095131,404.5171764476879,70.37979125976562,500.1178283691406,500.1178283691406,1.1950032711029053,0.6762972474098206,0.25,3.9744081497192383,0.7106024622917175,0.5281352996826172,6.102374472858716e-05,0.0,6.249512922924918,4.5173418344678105,0.27716897457768774,0.8749768750087635,0.22580747145253258,0.029009016432069445,0.7422520921037004,0.19311630846680822,0.0286668232465918,,,,,,,,,,,,,,,,,,,,,,,,,,,,,,,,,
634,3.3477313052589245e-06,3.3477313052589245e-06,1.0,8.563087050979203,4.633962882531656,3.1401079023206555,3.1401079023206555,3.139912212217176,0.0,0.0,0.31101823900197,1.3563642372956146,0.08061718608479242,1.4547201813878239,0.0849464704861512,0.016246943973709602,0.36636445328995987,0.0,0.0,0.0,0.0,0.972503890862336,408.02802091031464,74.62682342529297,500.1178283691406,500.1178283691406,1.194049596786499,0.6727062463760376,0.25,3.968585968017578,0.7098414897918701,0.52596116065979,7.205995388162951e-05,0.0,4.870520839820037,3.7256031938501306,0.23507088535775778,0.8739910657341415,0.22573887738021645,0.029071465134620667,0.7421765859062607,0.19312423548182925,0.02868979046674999,,,,,,,,,,,,,,,,,,,,,,,,,,,,,,,,,
635,3.333998454202477e-06,3.333998454202477e-06,1.0,8.658709229649725,4.706343070880787,3.15704886977737,3.15704886977737,3.156918055302388,0.0,0.0,0.31280243396759033,1.378668482239182,0.08178431782368067,1.4638591521495097,0.0827987710567745,0.01599441542969765,0.3686734985660862,0.0,0.0,0.0,0.0,0.9846790175180178,411.56291982289906,78.8216323852539,500.1178283691406,500.1178283691406,1.1893914937973022,0.6678615808486938,0.25,3.967212677001953,0.7075718641281128,0.5230623483657837,4.609240293329456e-05,0.0,5.338946223258972,3.9898134067251876,0.25269646108371063,0.87124749937573,0.22485679669960126,0.0288042274580614,0.7427022392685348,0.19295331191372228,0.028531504190854123,112.57038996769832,190.5435772610598,0.31397773938311463,55.790336022010216,112.57038929344009,134.6290503553397,158.77318241046416,190.36909404264,67.22357177734375,87.26114341085271,190.4469232973845,0.6171717430420538,0.8355962434120945,0.049399530486162496,-0.3558808133226584,0.8082138778665295,0.7514694375053793,0.7526453680472611,0.5463806637267404,0.947303736481833,0.9851683578485945,0.9953351716535384,0.44730373648183297,0.18516835784859442,0.0453351716535384,0.005417387436622847,0.6655642973511477,0.5824175824175825,0.4175824175824176,0.5595238095238095,0.478576033693421,0.4632138403562399,0.45889095532206386
636,3.3202847038370027e-06,3.3202847038370027e-06,1.0,8.579799755199536,4.65044761348415,3.13624137801093,3.13624137801093,3.1360660372553646,0.0,0.0,0.3137303091384269,1.3706010547844139,0.08161096154032527,1.4581168761124481,0.0831316300743335,0.014545970432762359,0.37186814321053996,0.0,0.0,0.0,0.0,0.9870975210859969,407.8583778175148,75.50650024414062,500.1178283691406,500.1178283691406,1.1943317651748657,0.6757112145423889,0.25,3.9651241302490234,0.7107729911804199,0.5277554988861084,8.24469742609635e-05,0.0,4.9418762116818815,3.7525320552490853,0.2406665212741182,0.8753488385999525,0.22523021174443736,0.0288958553023435,0.7428328169358743,0.19273593055235372,0.028578273247222643,,,,,,,,,,,,,,,,,,,,,,,,,,,,,,,,,
637,3.306590190875389e-06,3.306590190875389e-06,1.0,8.60687730119035,4.680376336381242,3.1329421223820866,3.1329421223820866,3.1327722330351135,0.0,0.0,0.31152250879519694,1.3732553462724428,0.08182775772906639,1.4638162239177808,0.0824078311388557,0.01686292010787371,0.36934296182683996,0.0,0.0,0.0,0.0,1.0033577052322593,408.235559411951,73.75739288330078,500.1178283691406,500.1178283691406,1.1928704977035522,0.6638717651367188,0.25,3.971804618835449,0.7098889946937561,0.5217665433883667,7.855184161871325e-05,0.0,5.54414039850235,4.311477385662697,0.22233618275118616,0.8742346151455028,0.22502472875891505,0.028938359455079644,0.7425791460114557,0.19292553010824565,0.02862437769166521,,,,,,,,,,,,,,,,,,,,,,,,,,,,,,,,,
638,3.292915051838746e-06,3.292915051838746e-06,1.0,8.607684934461439,4.6624726862520784,3.1494441354596936,3.1494441354596936,3.149300497931403,0.0,0.0,0.31314300846409154,1.3894384036193024,0.08216937530685116,1.4594273083918803,0.08042342397006783,0.014399388452639451,0.3766978854263151,0.0,0.0,0.0,0.0,0.9995127513601973,408.4359881426837,75.21212768554688,500.1178283691406,500.1178283691406,1.190101981163025,0.6665431261062622,0.25,3.975295066833496,0.708489716053009,0.5220935940742493,4.933834680183642e-05,0.0,4.957161257395873,3.8449741714709513,0.22435967445391974,0.8725511480022121,0.2244701232459094,0.02871669441260196,0.743335023119643,0.19250391061241562,0.028464560321456677,,,,,,,,,,,,,,,,,,,,,,,,,,,,,,,,,
639,3.2792594230550495e-06,3.2792594230550495e-06,1.0,8.563621198808825,4.635374984225711,3.1379222998747953,3.1379222998747953,3.1377861757536194,0.0,0.0,0.31172406431790944,1.3765549079791919,0.0815487442588484,1.447054553676296,0.0816260361792268,0.015121607386783973,0.3700753530940494,0.0,0.0,0.0,0.0,0.9942639051256953,410.5665753338788,75.8020248413086,500.1178283691406,500.1178283691406,1.1911100149154663,0.6678885221481323,0.25,3.962892532348633,0.7094240784645081,0.5245447754859924,6.816482123937927e-05,0.0,5.148792078366151,4.074310199634449,0.20868620491520484,0.8738254437575469,0.22426364188258713,0.028707493146931804,0.7434359643910382,0.19230876983823003,0.028488839598926338,,,,,,,,,,,,,,,,,,,,,,,,,,,,,,,,,
640,3.2656234406577707e-06,3.2656234406577707e-06,1.0,8.546235999545535,4.584500338580157,3.174800035115835,3.174800035115835,3.174594312100797,0.0,0.0,0.3123740231668627,1.3587368920042708,0.08123053348547704,1.4489451775679718,0.08118628911875389,0.014056103455053794,0.36775270184955083,0.0,0.0,0.0,0.0,0.9668163399438601,414.04826726140203,84.23358917236328,500.1178283691406,500.1178283691406,1.1891725063323975,0.6644673347473145,0.25,3.9727773666381836,0.7083610892295837,0.521798849105835,6.23221222760039e-05,0.0,4.593539995116156,3.569810073117952,0.22286296039364678,0.8726108573578499,0.22348447063484708,0.028833403579286626,0.7435706660554215,0.192123863342646,0.02850492751678905,108.73055435012985,179.44977695816718,0.30201097164422364,50.56013463617681,108.73055287385205,132.05894701670715,156.58960762479433,188.1416498747088,62.54571969168527,83.62239642475926,186.1706894584324,0.627980799160045,0.8369690018864642,0.04394917097945317,-0.3591730824626761,0.8103622304885073,0.7559522252393647,0.7576292619245951,0.5430081924485539,0.9480967780609822,0.9854818376351168,0.9953870722804461,0.44809677806098225,0.18548183763511672,0.04538707228044614,0.005671700508470442,0.6675437872614063,0.6043956043956044,0.3956043956043956,0.5668498168498168,0.4726114461792039,0.4577164239362701,0.4534517995767541
641,3.252007240584526e-06,3.252007240584526e-06,1.0,8.666477332244048,4.730416942287135,3.147273256972029,3.147273256972029,3.147181362719149,0.0,0.0,0.31105802349142125,1.3540409771171775,0.08105566624451328,1.4587178745785274,0.0840407454886952,0.015893861689176912,0.36392762612652135,0.0,0.0,0.0,0.0,0.9805874679539655,410.6671901393581,81.6419906616211,500.1178283691406,500.1178283691406,1.1934539079666138,0.6645291447639465,0.25,3.972977638244629,0.7109168767929077,0.5233426690101624,6.297131104971228e-05,0.0,4.341408217275465,3.3883563682839677,0.21952596975310543,0.8758122614912085,0.2240611250336106,0.028975906102238474,0.7430419905765636,0.19232363998889923,0.028655097593326826,,,,,,,,,,,,,,,,,,,,,,,,,,,,,,,,,
642,3.2384109585757236e-06,3.2384109585757236e-06,1.0,8.606136399346429,4.680344381847897,3.126894254942198,3.126894254942198,3.1267320723147005,0.0,0.0,0.3126697846361109,1.3772059936781187,0.08127455373068114,1.4721569241704167,0.08736745469473503,0.016940379653730103,0.3667618793410224,0.0,0.0,0.0,0.0,1.0020479865976282,411.4554806271115,79.13013458251953,500.1178283691406,500.1178283691406,1.192065715789795,0.6686436533927917,0.25,3.9449825286865234,0.7102453112602234,0.5257474780082703,5.3882668217795045e-05,0.0,5.036434370118219,4.033238903896229,0.19918763801908573,0.8749699930886965,0.2239568889946551,0.02878898080136325,0.7430922856201997,0.19243040036510778,0.028581697544133342,,,,,,,,,,,,,,,,,,,,,,,,,,,,,,,,,
643,3.2248347301732064e-06,3.2248347301732064e-06,1.0,8.527312149872651,4.5998232880154175,3.133022334124591,3.133022334124591,3.1329640633351095,0.0,0.0,0.3114625586045755,1.378202283704603,0.08111628507440155,1.4640172848830353,0.0829505000162769,0.017076964710360847,0.36285593622439616,0.0,0.0,0.0,0.0,1.0073400574761469,410.61828365841427,77.90332794189453,500.1178283691406,500.1178283691406,1.1930139064788818,0.6713801026344299,0.25,3.977140426635742,0.71031254529953,0.5274221301078796,4.73907804807113e-05,0.0,5.183073428837028,4.0574324018246415,0.2171763611817008,0.8749517154049229,0.22434659946609187,0.02899156676957736,0.7430228204340548,0.19238995216988228,0.02864923675519389,,,,,,,,,,,,,,,,,,,,,,,,,,,,,,,,,
644,3.2112786907189053e-06,3.2112786907189053e-06,1.0,8.600992434733623,4.650625834593901,3.155482917218595,3.155482917218595,3.1553810093853927,0.0,0.0,0.3125824388620016,1.3769012657371726,0.08153148317659223,1.4583202954885122,0.0850116421242018,0.01644768613717846,0.36844067396344365,0.0,0.0,0.0,0.0,0.995593370618047,415.81251567118875,87.58907318115234,500.1178283691406,500.1178283691406,1.1856213808059692,0.6634557843208313,0.25,3.972562789916992,0.7067357301712036,0.520988941192627,6.102374472858716e-05,0.0,5.205027577039358,4.006994651781546,0.23016841073861485,0.8707326666728871,0.22257663390120944,0.0283828133566154,0.7439858188500276,0.1919864162399962,0.028400227679191408,,,,,,,,,,,,,,,,,,,,,,,,,,,,,,,,,
645,3.19774297535348e-06,3.19774297535348e-06,1.0,8.605587804639661,4.6878994993261385,3.1229396897393302,3.1229396897393302,3.1227460874093547,0.0,0.0,0.3117446947742153,1.3749712834487091,0.0811687390747908,1.4642900743999996,0.08378761684572375,0.01662077200976578,0.37040248110487656,0.0,0.0,0.0,0.0,1.0014517999984123,410.6910985998205,79.13013458251953,500.1178283691406,500.1178283691406,1.190024971961975,0.6598540544509888,0.25,3.956512451171875,0.7088017463684082,0.5205369591712952,7.076157633421277e-05,0.0,5.537671704550047,4.161095174583229,0.24858399042249996,0.8730595321268648,0.2239898499604818,0.028932433877442335,0.7429479505564716,0.1925689420990042,0.0286133468050409,108.81825918679709,179.73422153896968,0.30036702808980204,49.52910882300073,108.81825992811491,132.78782263389456,157.064552080597,188.73042769984855,60.50324140276228,84.27029371631238,185.01157810377038,0.6315415458577747,0.8294247118444619,0.0579799742599797,-0.3543335018869887,0.7992940314043225,0.7404781831154248,0.7411840690663273,0.5504028398763776,0.9488446660947217,0.9856354634907635,0.995352298860418,0.44884466609472173,0.18563546349076343,0.04535229886041803,0.004852708615867371,0.6903805821070512,0.5879120879120879,0.41208791208791207,0.5595238095238095,0.47320262498252996,0.45782613041964204,0.45341501581472354
646,3.1842277190149834e-06,3.1842277190149834e-06,1.0,8.568124191181079,4.617103589547647,3.15879090412243,3.15879090412243,3.1586071478353963,0.0,0.0,0.3110504271210851,1.369931469092498,0.08073763488917737,1.4630882095646214,0.08280047311170681,0.015098487782115871,0.3672368397583833,0.0,0.0,0.0,0.0,0.9927775972598308,413.4761698954814,84.56327056884766,500.1178283691406,500.1178283691406,1.1871209144592285,0.6595394611358643,0.25,3.962606430053711,0.7069226503372192,0.5180078744888306,5.1935101896669925e-05,0.0,4.512845616082887,3.504987302664164,0.22333099759205507,0.8706840937202042,0.22370231916775574,0.02867709764757672,0.7428978987642236,0.19275550584535342,0.028547547002499167,,,,,,,,,,,,,,,,,,,,,,,,,,,,,,,,,
647,3.1707330564375116e-06,3.1707330564375116e-06,1.0,8.693226350320352,4.791337580294223,3.105089052303417,3.105089052303417,3.1050030476338155,0.0,0.0,0.31128035767658335,1.3797647953033447,0.08088033847712181,1.4684045701413542,0.08552935226140795,0.016329275821713177,0.36447536462062113,0.0,0.0,0.0,0.0,0.9996139809891984,409.1436124234586,75.50650024414062,500.1178283691406,500.1178283691406,1.199876308441162,0.682365357875824,0.25,3.956998825073242,0.7132228016853333,0.5318973660469055,6.556806614454578e-05,0.0,5.059002892391102,3.983609644142357,0.21257019834208232,0.8783011404243676,0.2261967336809313,0.029271804752784805,0.7423122492996422,0.19272451263827248,0.028826942214289226,,,,,,,,,,,,,,,,,,,,,,,,,,,,,,,,,
648,3.1572591221498617e-06,3.1572591221498617e-06,1.0,8.63611767743085,4.716323317708196,3.1290817518492005,3.1290817518492005,3.1290141118539347,0.0,0.0,0.31153744620245855,1.3745595893344364,0.08129402270188203,1.4542028066274282,0.08126342628855963,0.013984438510158577,0.3666528745277508,0.0,0.0,0.0,0.0,0.9704385673677599,415.2046855204814,88.27604675292969,500.1178283691406,500.1178283691406,1.196276068687439,0.6688982248306274,0.25,3.956512451171875,0.7111438512802124,0.5242419242858887,3.310862745912708e-05,0.0,4.273014585714082,3.484951140107335,0.18442797931031413,0.8756045280276118,0.2260888859226897,0.029208849461094755,0.7420144274428084,0.1930088412922782,0.028824720179309715,,,,,,,,,,,,,,,,,,,,,,,,,,,,,,,,,
649,3.1438060504741834e-06,3.1438060504741834e-06,1.0,8.574573955020389,4.644961086479393,3.1335548516866325,3.1335548516866325,3.1334477179759257,0.0,0.0,0.31115664179260666,1.380345586183909,0.08153607243218937,1.4651256574166787,0.08465787083716006,0.016477147060622636,0.36862387447743805,0.0,0.0,0.0,0.0,1.0060365860526626,411.33584099846917,79.7507553100586,500.1178283691406,500.1178283691406,1.1898887157440186,0.6646403670310974,0.25,3.9544525146484375,0.7078037261962891,0.5215420722961426,7.920103039242163e-05,0.0,5.35949554958859,3.983963146403029,0.25665333434060794,0.8715750768377974,0.22470665864042333,0.028974175906261883,0.7421967999355213,0.1930297814510964,0.028752556775470037,,,,,,,,,,,,,,,,,,,,,,,,,,,,,,,,,
650,3.130373975524654e-06,3.130373975524654e-06,1.0,8.604318051724821,4.713061242490201,3.0908187660011084,3.0908187660011084,3.090672441430994,0.0,0.0,0.31147929059492574,1.3907111625413637,0.08142257280446388,1.4745043870565053,0.08464324947547268,0.01737374034584374,0.3717031188913294,0.0,0.0,0.0,0.0,1.0194634811298267,410.09951122387037,77.90332794189453,500.1178283691406,500.1178283691406,1.194838047027588,0.6700743436813354,0.25,3.9695301055908203,0.7114770412445068,0.5264222621917725,6.102374472858716e-05,0.0,5.045997411818118,3.9559986446354842,0.2160125497943721,0.8764170875420442,0.22463848743889783,0.028861164694299567,0.7426465475881422,0.19272198830101941,0.028681679452593263,95.4423728775192,166.85423850169556,0.24768558347273872,11.78999265733656,95.44237393206234,118.47117345649058,141.87194197208933,173.90583822079014,42.00852639334543,67.94059623304264,180.69815793244734,0.6208605112121479,0.8379007937283132,0.031989433305976374,-0.376994198938838,0.8124910493227724,0.7492905810909292,0.7398365732062672,0.5330341122531072,0.9512980087286474,0.9858129636347878,0.9953574889231087,0.45129800872864745,0.18581296363478772,0.04535748892310876,0.0054319196121569956,0.694971711563304,0.46153846153846156,0.5384615384615384,0.5393772893772893,0.4474247511435341,0.4342602439388469,0.4309356773865747
651,3.1169630312061287e-06,3.1169630312061287e-06,1.0,8.593936739741144,4.653192932541306,3.150264069840715,3.150264069840715,3.1501106829256624,0.0,0.0,0.311500534012511,1.3576987369640454,0.08053454213045738,1.4610055588387154,0.08447147774937991,0.016988548336902987,0.3630215525627136,0.0,0.0,0.0,0.0,0.9770420354765814,414.33393076303844,84.23358917236328,500.1178283691406,500.1178283691406,1.1843786239624023,0.6519104838371277,0.25,3.9682140350341797,0.7043461799621582,0.5138034224510193,7.335833142904626e-05,0.0,5.038033781824885,3.955271848150202,0.21491756120827032,0.8671759914707493,0.2241523567889188,0.028954522633874737,0.7417933763684453,0.19341084159709312,0.02872653552205176,,,,,,,,,,,,,,,,,,,,,,,,,,,,,,,,,
652,3.1035733512128147e-06,3.1035733512128147e-06,1.0,8.621323611285236,4.7018729287224845,3.1226396753981307,3.1226396753981307,3.122420027449324,0.0,0.0,0.3114448745508452,1.37762531396505,0.0807331756160066,1.4727056574177098,0.08417609394402117,0.016690636594855302,0.3671480703192788,0.0,0.0,0.0,0.0,1.009402516725901,412.26119747677365,81.32369995117188,500.1178283691406,500.1178283691406,1.1916894912719727,0.6714807748794556,0.25,3.9605178833007812,0.7085740566253662,0.5243582129478455,6.037455595487878e-05,0.0,5.482067053382461,4.137852647820035,0.24520210943662935,0.8724826187700838,0.22512673042915962,0.028997331203238386,0.7422907062478967,0.19301496325312434,0.028678977811658703,,,,,,,,,,,,,,,,,,,,,,,,,,,,,,,,,
653,3.090205069026929e-06,3.090205069026929e-06,1.0,8.661936270224082,4.755908850077036,3.105632704657477,3.105632704657477,3.1054473052153715,0.0,0.0,0.31048043837418426,1.3910274312302873,0.08138013188097928,1.4725633505228404,0.08580004433925087,0.017201756970403163,0.3763621433361157,0.0,0.0,0.0,0.0,1.0289633725140546,409.0593921558277,76.09870910644531,500.1178283691406,500.1178283691406,1.1904953718185425,0.6656740307807922,0.25,3.98110294342041,0.7090010643005371,0.5239318013191223,8.374535180838024e-05,0.0,5.939042941944019,4.351899876787856,0.26723885997642677,0.8732884204065477,0.22413892882901268,0.02888521969922491,0.7431041018382923,0.19248716049903147,0.028558025086248242,,,,,,,,,,,,,,,,,,,,,,,,,,,,,,,,,
654,3.0768583179173774e-06,3.0768583179173774e-06,1.0,8.581935534606108,4.649713335810481,3.1439241203101904,3.1439241203101904,3.1437037313306653,0.0,0.0,0.3129714372995737,1.3607627894427325,0.08093375309899047,1.4469094340865676,0.08243496021306193,0.01633990292965963,0.370322734520242,0.0,0.0,0.0,0.0,0.9887848190359168,413.63225328600083,80.37625122070312,500.1178283691406,500.1178283691406,1.191880464553833,0.665846586227417,0.25,3.9768686294555664,0.708705723285675,0.5214930772781372,6.102374472858716e-05,0.0,5.3969091305861605,4.020422160625458,0.25505098134035137,0.8726446773554828,0.22516487498541135,0.02900330802878818,0.7425961188367896,0.19277698888972,0.02864680590259062,,,,,,,,,,,,,,,,,,,,,,,,,,,,,,,,,
655,3.0635332309384198e-06,3.0635332309384198e-06,1.0,8.538991373938483,4.6023728009816764,3.1388044872799434,3.1388044872799434,3.1386324070595406,0.0,0.0,0.3104528583384849,1.3828169236312042,0.0815996704874812,1.4696204662322998,0.08563688236313897,0.01770672163095426,0.36931449335974614,0.0,0.0,0.0,0.0,1.0195469662949845,411.0544037690034,80.06289672851562,500.1178283691406,500.1178283691406,1.183922290802002,0.6536821126937866,0.25,3.972977638244629,0.7052726745605469,0.5156190991401672,7.01123875605044e-05,0.0,4.952812305978827,3.933111811006391,0.2058831290136911,0.868662370217813,0.2231054346303682,0.028712174930685275,0.7434563862310873,0.192365689857586,0.02844603858082681,108.84334555825035,181.03768887703052,0.29468430563955483,48.72738010280735,108.84334295068241,132.05451557503406,156.04109098814428,187.52309692443194,51.468148367745535,83.75001679649648,187.94477578868037,0.6281746241992877,0.8339817840198736,0.051979806464724054,-0.3569980783979499,0.8062115335903255,0.7470853130276135,0.7477940465987184,0.5462418574918637,0.9486661279381594,0.9855783728011651,0.9953694260672975,0.4486661279381594,0.18557837280116507,0.04536942606729755,0.00514127610147403,0.688525134695102,0.5934065934065934,0.4065934065934066,0.5677655677655679,0.4713424804037089,0.4563687955039543,0.4521194180616966
656,3.050229940928348e-06,3.050229940928348e-06,1.0,8.59286220653637,4.672073853982462,3.1262887619637154,3.1262887619637154,3.1261111207910486,0.0,0.0,0.3117613631325799,1.3773769269118439,0.08110060854940801,1.4610477073772534,0.0840002449380385,0.016783499070820777,0.3661252328672925,0.0,0.0,0.0,0.0,1.0048790670729972,412.58367177602406,77.59961700439453,500.1178283691406,500.1178283691406,1.1922930479049683,0.666524350643158,0.25,3.9698734283447266,0.709718644618988,0.5234895944595337,5.063672434925317e-05,0.0,5.6313985054557385,4.160005583956435,0.26128375039944474,0.87417589973759,0.2243421951661239,0.02896474035003701,0.743218901995066,0.19228194130433574,0.028584383528780292,,,,,,,,,,,,,,,,,,,,,,,,,,,,,,,,,
657,3.036948580508154e-06,3.036948580508154e-06,1.0,8.630687919822899,4.712156927263415,3.1267062264519767,3.1267062264519767,3.126553000630559,0.0,0.0,0.31099588806564743,1.3712388760334737,0.08107616289241894,1.4581228720175254,0.0829126849971913,0.015939818909140053,0.3699943407161816,0.0,0.0,0.0,0.0,0.9984172228220347,409.7268627269848,77.59961700439453,500.1178283691406,500.1178283691406,1.1933014392852783,0.6609854102134705,0.25,3.9631786346435547,0.7107827663421631,0.5210819244384766,6.49188773708374e-05,0.0,5.230572545850599,4.048312557710184,0.2260287908784095,0.8755937283103531,0.22423768043518066,0.028992222521353413,0.7434236342842514,0.19214171412828807,0.028579061599196615,,,,,,,,,,,,,,,,,,,,,,,,,,,,,,,,,
658,3.023689282080219e-06,3.023689282080219e-06,1.0,8.568460567577466,4.638325961860451,3.138052341100332,3.138052341100332,3.137908832446949,0.0,0.0,0.31209432676031784,1.3696587665660962,0.08118591236101615,1.459440440744967,0.08279482889417056,0.015500952678455695,0.3674828837046752,0.0,0.0,0.0,0.0,0.9900418423317574,413.88744869747677,84.23358917236328,500.1178283691406,500.1178283691406,1.192374587059021,0.661249577999115,0.25,3.9740076065063477,0.7107679843902588,0.5214453339576721,7.985021916613e-05,0.0,5.285311094812445,3.938144722500363,0.25488875643182696,0.8758115236823624,0.2233053804249377,0.028811868984957,0.7440255719262201,0.1916732071219264,0.0285094318961775,,,,,,,,,,,,,,,,,,,,,,,,,,,,,,,,,
659,3.01045217782698e-06,3.01045217782698e-06,1.0,8.670671437237713,4.716561968262131,3.1640814446114205,3.1640814446114205,3.1639668103810905,0.0,0.0,0.3126824224317396,1.361276159415374,0.08072588643109477,1.4616516764099534,0.0813421476128939,0.01576501624406995,0.35985559909730347,0.0,0.0,0.0,0.0,0.982084637558138,411.065972405511,75.8020248413086,500.1178283691406,500.1178283691406,1.1885961294174194,0.6605149507522583,0.25,3.9542808532714844,0.707941472530365,0.5208809971809387,5.647942331262854e-05,0.0,5.29106788860785,3.9999320184862293,0.2440217924441215,0.872126005791329,0.22317270692941304,0.028965442919650593,0.7434773171270216,0.19192406978156115,0.028636288099192286,,,,,,,,,,,,,,,,,,,,,,,,,,,,,,,,,
660,2.9972373997096265e-06,2.9972373997096265e-06,1.0,8.604879959209546,4.655623294211723,3.1540332613764583,3.1540332613764583,3.154008678487829,0.0,0.0,0.31199508985957586,1.391147629634754,0.08222244881294868,1.4521354179124575,0.08286297844873892,0.015957600021785177,0.3704389237068795,0.0,0.0,0.0,0.0,1.0082505522547542,413.9974554938239,83.90519714355469,500.1178283691406,500.1178283691406,1.1858190298080444,0.6589717864990234,0.25,3.959573745727539,0.7065442204475403,0.5184715986251831,5.647942331262854e-05,0.0,4.8450535519703015,3.8030660168544665,0.2150621296419103,0.870476656668895,0.22254019331287694,0.028572267877894478,0.7442508130460173,0.1914864029433276,0.028473873597544594,110.24669448097984,186.20676652539026,0.2965557730001328,49.67860158983168,110.24669434359753,130.899410050664,155.73000043837948,187.0780362635331,52.09850093296596,83.76766491675562,193.3517416249151,0.6275257359821257,0.8403295814828039,0.038890252649284064,-0.3629467616300479,0.81529959046428,0.7593631689349827,0.7581666713646781,0.5397937462347128,0.9479322530736849,0.9852550318955303,0.9953502228353416,0.4479322530736849,0.18525503189553028,0.045350222835341625,0.005919785505089116,0.6725111962627397,0.6043956043956044,0.3956043956043956,0.5641025641025641,0.47171398587934266,0.45695731244408166,0.4528411546578774
661,2.9840450794667764e-06,2.9840450794667764e-06,1.0,8.579024740167567,4.653352196152146,3.1285059967556514,3.1285059967556514,3.1284275119369096,0.0,0.0,0.3118364851217012,1.382629800487209,0.08167824491455748,1.4638232830408457,0.08497119725153253,0.01768394570948707,0.3730348155305192,0.0,0.0,0.0,0.0,1.0359719750043508,409.7281659100507,76.69554901123047,500.1178283691406,500.1178283691406,1.1877669095993042,0.6615237593650818,0.25,3.9733924865722656,0.7080137133598328,0.5212570428848267,7.076157633421277e-05,0.0,6.0322019200067265,4.499197993729566,0.2541367060662736,0.8723708890579842,0.22264617641229886,0.028673167013235995,0.7442265120712487,0.1915699215354146,0.028456513644070237,,,,,,,,,,,,,,,,,,,,,,,,,,,,,,,,,
662,2.9708753486131593e-06,2.9708753486131593e-06,1.0,8.609551017348831,4.668235662821177,3.15306467623324,3.15306467623324,3.152992764034787,0.0,0.0,0.312144221486272,1.3602084791338123,0.08058075324909107,1.4556073111456793,0.08163079921458219,0.014225096882295769,0.3601645650090398,0.0,0.0,0.0,0.0,0.9566558583362682,414.2179713893581,85.22650909423828,500.1178283691406,500.1178283691406,1.1952199935913086,0.666603684425354,0.25,3.961719512939453,0.7109882831573486,0.5240343809127808,6.426968859712903e-05,0.0,4.375758001933226,3.554553710125588,0.18767132264737382,0.8756904199316695,0.22488892118673068,0.029208168639121828,0.7421865398819382,0.19275443819729057,0.02883613426741716,,,,,,,,,,,,,,,,,,,,,,,,,,,,,,,,,
663,2.957728338438316e-06,2.957728338438316e-06,1.0,8.607177476625186,4.671778743331497,3.1450791036760486,3.1450791036760486,3.144959224236978,0.0,0.0,0.311498961738638,1.3686196578515541,0.08121141378541251,1.456765754802807,0.08210943468116425,0.013263900160185388,0.3665520677695403,0.0,0.0,0.0,0.0,0.9783179131714074,414.06727476377745,85.56007385253906,500.1178283691406,500.1178283691406,1.1872981786727905,0.6558029055595398,0.25,3.969043731689453,0.7075767517089844,0.5172569751739502,7.530589775017139e-05,0.0,4.938556460109917,3.7446925140715934,0.24174350454054574,0.8717715111938683,0.22274565857809944,0.028703380577467585,0.7437110059970135,0.19193857143054138,0.028522998144900478,,,,,,,,,,,,,,,,,,,,,,,,,,,,,,,,,
664,2.9446041800052817e-06,2.9446041800052817e-06,1.0,8.685455154728245,4.734546886908041,3.1586992611756197,3.1586992611756197,3.1585145318830334,0.0,0.0,0.31160812684007594,1.3827103263623006,0.08210249728447683,1.4530828353520986,0.08028680186819386,0.01629180009980258,0.3689781757625374,0.0,0.0,0.0,0.0,0.9966602615407996,415.6110105772276,84.56327056884766,500.1178283691406,500.1178283691406,1.1843502521514893,0.6538943648338318,0.25,3.950990676879883,0.7054991722106934,0.514893114566803,7.725346407129651e-05,0.0,5.405438213735013,3.9295739128782943,0.27303323847206384,0.8691120099376988,0.2225033205908698,0.028632072379460204,0.7437576007198643,0.19200912560965563,0.028474720597669884,,,,,,,,,,,,,,,,,,,,,,,,,,,,,,,,,
665,2.931503004149284e-06,2.931503004149284e-06,1.0,8.544412999539762,4.611366555497453,3.141901989240904,3.141901989240904,3.1417262489731246,0.0,0.0,0.3118555674681792,1.3727507397935197,0.08131451934978769,1.453859213236216,0.0824796349011563,0.01562307951216762,0.3635972093891453,0.0,0.0,0.0,0.0,0.9874689144057196,414.95053760425463,84.23358917236328,500.1178283691406,500.1178283691406,1.1856907606124878,0.6546338796615601,0.25,3.9633216857910156,0.7062764763832092,0.5161879658699036,6.297131104971228e-05,0.0,5.7765523146938635,4.122750971768354,0.2862955709270947,0.8700538841453759,0.22279060410486684,0.02871553015870017,0.7435368057843801,0.19217284386222427,0.0284964646137244,101.44800764649779,169.84556776064792,0.2803222160852531,39.88976317185622,101.44800284145516,125.97528951747873,150.7132725228246,182.57270479604324,56.651505606515066,77.28682821111161,176.02121767790422,0.6365708250375874,0.8331637253428025,0.05099825544084823,-0.3607703028407696,0.8041808124842018,0.7430202119340704,0.7453644417074538,0.5443603355241297,0.9499267941657468,0.9859868307349284,0.9955427741611691,0.44992679416574677,0.1859868307349284,0.04554277416116914,0.0052751797188958244,0.6978573864193706,0.5769230769230769,0.4230769230769231,0.5586080586080585,0.46195881912013986,0.44753332092211795,0.4434909166788662
666,2.9184249414764302e-06,2.9184249414764302e-06,1.0,8.601054977726292,4.668117162343618,3.1401598260209367,3.1401598260209367,3.140058266149985,0.0,0.0,0.31157711067715205,1.3639258178504738,0.08050175131978216,1.463976222115594,0.08517798872010128,0.016362548025475966,0.36630827591225906,0.0,0.0,0.0,0.0,1.0131327799848608,408.0233814136402,72.04881286621094,500.1178283691406,500.1178283691406,1.1895960569381714,0.6590660810470581,0.25,3.976325035095215,0.7084246277809143,0.5199848413467407,6.426968859712903e-05,0.0,5.761982347514178,4.237774542860083,0.26452837109292177,0.87269230952134,0.223460526482479,0.028957927096131687,0.7434177688650183,0.192062804827819,0.028606429192665463,,,,,,,,,,,,,,,,,,,,,,,,,,,,,,,,,
667,2.905370122362419e-06,2.905370122362419e-06,1.0,8.633090083663529,4.70138846216975,3.131337410694844,3.131337410694844,3.131171200726483,0.0,0.0,0.3114773848572293,1.387948187621864,0.08099762350320816,1.4810293365169216,0.08381318743969943,0.01727758235977711,0.36463841634827693,0.0,0.0,0.0,0.0,1.004293852561229,407.92934520824537,70.37979125976562,500.1178283691406,500.1178283691406,1.1871126890182495,0.6621602773666382,0.25,3.962005615234375,0.7075080871582031,0.5209552049636841,8.179778548725513e-05,0.0,5.148969168598588,3.9353298625430546,0.23570529679163982,0.8716576518239202,0.2228333587582047,0.02874383340413506,0.7441528938912056,0.19176696281175357,0.02840318314328387,,,,,,,,,,,,,,,,,,,,,,,,,,,,,,,,,
668,2.8923386769512285e-06,2.8923386769512285e-06,1.0,8.55980193937147,4.6177715868563265,3.152641502586571,3.152641502586571,3.152540993046116,0.0,0.0,0.31152718292700277,1.367395790847572,0.08074877088939822,1.4550701669744543,0.08185725266466269,0.013864034887503934,0.36097749262242707,0.0,0.0,0.0,0.0,0.9769378803871773,413.5961311958932,80.69083404541016,500.1178283691406,500.1178283691406,1.1891450881958008,0.6659858226776123,0.25,3.967069625854492,0.7077813744544983,0.5222786664962769,6.167293350229553e-05,0.0,4.841828697436565,3.7345480951103003,0.22869057777952742,0.8717576990256438,0.2238648851981034,0.028884834484071344,0.7433918488992227,0.1921465175377356,0.028578288047700316,,,,,,,,,,,,,,,,,,,,,,,,,,,,,,,,,
669,2.8793307351538257e-06,2.8793307351538257e-06,1.0,8.633250855110788,4.674796967893033,3.1722593371932573,3.1722593371932573,3.172096664841111,0.0,0.0,0.3116799907104389,1.3667369790979333,0.08135616275909785,1.4418772201280337,0.08029448704139606,0.014226439887204685,0.36430018415322174,0.0,0.0,0.0,0.0,0.9793147670256125,415.25134772223396,84.56327056884766,500.1178283691406,500.1178283691406,1.1844910383224487,0.6574866771697998,0.25,3.9680709838867188,0.7060858607292175,0.5179511308670044,6.297131104971228e-05,0.0,4.594680890843675,3.555596308128254,0.22614945572958475,0.8699603000202695,0.2222120967265722,0.028465972911264445,0.7443769445290437,0.191652728093637,0.02833388131615278,,,,,,,,,,,,,,,,,,,,,,,,,,,,,,,,,
670,2.8663464266468664e-06,2.8663464266468664e-06,1.0,8.510051340670199,4.572332569070764,3.151274507110183,3.151274507110183,3.1511481130445325,0.0,0.0,0.3110395081945368,1.36225409443314,0.08168185441880613,1.4469207235284753,0.08083874077813046,0.014222111766906204,0.3673686771779447,0.0,0.0,0.0,0.0,0.9768870327923749,414.03260844462625,83.90519714355469,500.1178283691406,500.1178283691406,1.1892421245574951,0.6611534357070923,0.25,3.9575138092041016,0.7095991969108582,0.5217434763908386,6.49188773708374e-05,0.0,5.473637395613903,3.987848030554282,0.2714446094383605,0.8745384602933317,0.22233632086096583,0.028457758595814574,0.7447577038326779,0.19143163553766301,0.028240085352916975,123.78258895874023,205.23927316691606,0.3352338594877517,73.15692830347753,123.78258511541551,142.2934412827722,167.2862532566969,197.5523887816787,61.08305140904018,96.07541916721551,211.02436430557916,0.6406827495011661,0.8438969945135799,0.03995138229304754,-0.35385994422926925,0.8201869857495023,0.7697045867744956,0.7711445461701446,0.5426522727321842,0.9448275575720679,0.9845642345513892,0.99517687474147,0.44482755757206793,0.18456423455138915,0.04517687474147003,0.00634537064573203,0.6566628208302128,0.6373626373626373,0.3626373626373626,0.5888278388278387,0.49033359090214246,0.474671940186194,0.47018575787053
671,2.8533858808714077e-06,2.8533858808714077e-06,1.0,8.619707081768963,4.678169366475698,3.1428786870595573,3.1428786870595573,3.1427633375734896,0.0,0.0,0.31188637984765544,1.3818280664650169,0.08130566816072206,1.4739292247875317,0.08513864663404387,0.01734124657672805,0.3652643380132881,0.0,0.0,0.0,0.0,1.004435481251897,410.2599157384924,76.69554901123047,500.1178283691406,500.1178283691406,1.1888983249664307,0.6663941740989685,0.25,3.9600601196289062,0.7087622284889221,0.5243302583694458,8.5043729355797e-05,0.0,5.792489615646568,4.3327409496178495,0.2520071269675947,0.8733180729118554,0.22280948427883354,0.028593056205962156,0.744402933765102,0.1916258911023269,0.028313333672043438,,,,,,,,,,,,,,,,,,,,,,,,,,,,,,,,,
672,2.8404492270316146e-06,2.8404492270316146e-06,1.0,8.572394834982383,4.625967760343809,3.1586015546644055,3.1586015546644055,3.15846307213242,0.0,0.0,0.3113727247392809,1.36719029014175,0.08121325639454094,1.4513152934409477,0.08026896437277665,0.013368124972928214,0.3635397158764504,0.0,0.0,0.0,0.0,0.9689861068854461,415.07895969700166,83.90519714355469,500.1178283691406,500.1178283691406,1.1874561309814453,0.6557100415229797,0.25,3.9657821655273438,0.7075799107551575,0.517661988735199,5.972536718117041e-05,0.0,4.260804898030049,3.416006331508224,0.1982720605002147,0.8716428908141883,0.22331272025366086,0.02862382438537237,0.7436223787230414,0.19225107777763056,0.028396087572784036,,,,,,,,,,,,,,,,,,,,,,,,,,,,,,,,,
673,2.827536594093474e-06,2.827536594093474e-06,1.0,8.532610403524863,4.602527708620639,3.1373547734440983,3.1373547734440983,3.1371641932307064,0.0,0.0,0.3125275333185454,1.3707015836561047,0.08097910961589298,1.4613763899416536,0.08258061110973358,0.01574460882693529,0.3659789231983391,0.0,0.0,0.0,0.0,0.9954221941329338,410.79865079312714,79.13013458251953,500.1178283691406,500.1178283691406,1.1851192712783813,0.6590157151222229,0.25,3.9646949768066406,0.7065255045890808,0.5191981196403503,7.01123875605044e-05,0.0,5.495119777885643,4.14072853971172,0.24647164992189707,0.8704351267299136,0.22263391315937042,0.02847609407192952,0.7442172717403721,0.1919731304452226,0.028255680324258032,,,,,,,,,,,,,,,,,,,,,,,,,,,,,,,,,
674,2.8146481107835033e-06,2.8146481107835033e-06,1.0,8.628177745922192,4.689703155208278,3.1466946924054944,3.1466946924054944,3.1465867790015967,0.0,0.0,0.31136717103623057,1.367747029742679,0.07999559874470169,1.4621168826077435,0.08326775701464834,0.01582838476610345,0.3623180534388568,0.0,0.0,0.0,0.0,1.0004535397967778,411.3458062249261,78.51434326171875,500.1178283691406,500.1178283691406,1.1920523643493652,0.6659838557243347,0.25,3.959888458251953,0.710871696472168,0.524944543838501,6.426968859712903e-05,0.0,4.9236609678010685,3.8668744886243664,0.21463429064017545,0.8759726318153175,0.22324165862959786,0.02867802680545562,0.7444482477935584,0.19160801373623512,0.028321054990629892,,,,,,,,,,,,,,,,,,,,,,,,,,,,,,,,,
675,2.8017839055874753e-06,2.8017839055874753e-06,1.0,8.684423395105311,4.7332648457707585,3.1604448202494027,3.1604448202494027,3.1603460247452193,0.0,0.0,0.3120604987080033,1.3729084923460677,0.08162598634088361,1.4532090586584967,0.08156406919698457,0.014709232991712319,0.3661810586581359,0.0,0.0,0.0,0.0,0.9796749643377356,413.8914324786212,79.13013458251953,500.1178283691406,500.1178283691406,1.1897741556167603,0.6619649529457092,0.25,3.972977638244629,0.7098982334136963,0.5227382183074951,5.063672434925317e-05,0.0,5.230708884226309,3.987290920437993,0.2377150002627672,0.8749590483871666,0.22220243634404363,0.02853216462441393,0.7455862148388012,0.19063175127312942,0.02824851905776037,117.97214650583791,200.87403721630022,0.32894058546557026,64.55490212912088,117.97214528265201,138.6516174268242,163.23633917640214,193.78851813982703,66.47763497488839,92.89396371767502,196.13621520996094,0.6369339050604061,0.8414951497869924,0.038279865415877336,-0.35933957398659133,0.8167422256767659,0.7657658031570772,0.7693221957125774,0.5421515607984814,0.9460560454109725,0.9848927655197147,0.9952547256818315,0.44605604541097255,0.18489276551971467,0.04525472568183153,0.006391043197410781,0.6646010217157413,0.6263736263736264,0.37362637362637363,0.5769230769230769,0.48499165295244573,0.46977411685409126,0.46537140163255264
676,2.788944106749132e-06,2.788944106749132e-06,1.0,8.622682932260874,4.696854217632397,3.1382088661193848,3.1382088661193848,3.138123202968288,0.0,0.0,0.3095870517395638,1.3635031339284536,0.08128947704224973,1.45140899838628,0.08239157689181534,0.01538684546343378,0.36421943919078725,0.0,0.0,0.0,0.0,0.9832087513562795,410.6335506954709,74.33588409423828,500.1178283691406,500.1178283691406,1.1949864625930786,0.6699165105819702,0.25,3.9581432342529297,0.7125845551490784,0.5271298289299011,5.128591312296155e-05,0.0,4.801808714866638,3.7361848064371057,0.22192135749396014,0.8782107910594424,0.22321859606214473,0.02887185859317715,0.7452830559498554,0.19073702958790031,0.02833869051490281,,,,,,,,,,,,,,,,,,,,,,,,,,,,,,,,,
677,2.776128842268909e-06,2.776128842268909e-06,1.0,8.652402104558172,4.717015214868494,3.1365702152252197,3.1365702152252197,3.1364469206010974,0.0,0.0,0.3110963146428804,1.3908340028814368,0.08202164489272479,1.4702464181023676,0.08394872729439994,0.016217680220064278,0.3688648681382875,0.0,0.0,0.0,0.0,1.0119309232041642,410.91563704207135,77.29708862304688,500.1178283691406,500.1178283691406,1.1916733980178833,0.6711942553520203,0.25,3.9578285217285156,0.7116410732269287,0.5287123322486877,9.153561709288074e-05,0.0,5.604397633591214,4.225197745336069,0.24609243997759922,0.8773376603384275,0.22184919424959132,0.02842318397518751,0.7461744434124714,0.19027533684227918,0.02813832144680861,,,,,,,,,,,,,,,,,,,,,,,,,,,,,,,,,
678,2.7633382399026536e-06,2.7633382399026536e-06,1.0,8.595884658194876,4.661464626724656,3.1386268976572396,3.1386268976572396,3.1385271227037586,0.0,0.0,0.31247721733273687,1.3760243203188922,0.0809459033850077,1.4668332080583315,0.08459069751001694,0.015782395339998846,0.36451243226592606,0.0,0.0,0.0,0.0,0.9978464809623925,409.71327085752745,76.09870910644531,500.1178283691406,500.1178283691406,1.192792534828186,0.6677774786949158,0.25,3.975094795227051,0.7124574184417725,0.5270612835884094,8.958805077175561e-05,0.0,5.059368732813242,3.893790322381097,0.23038020590842168,0.8783816952963133,0.22191978709117785,0.02856401535304817,0.746128760479592,0.1902195412564922,0.028175981513954496,,,,,,,,,,,,,,,,,,,,,,,,,,,,,,,,,
679,2.7505724271603594e-06,2.7505724271603594e-06,1.0,8.500185025704873,4.595256715207486,3.1166485902425407,3.1166485902425407,3.1165097984107764,0.0,0.0,0.31052544713020325,1.360227961797972,0.08025346333916122,1.456461255614822,0.08266946693529954,0.015093288969600925,0.36110450891224116,0.0,0.0,0.0,0.0,0.9758078842549711,411.22950785868875,77.29708862304688,500.1178283691406,500.1178283691406,1.1904923915863037,0.6617471575737,0.25,3.9708032608032227,0.7113799452781677,0.5236663818359375,6.946319878679602e-05,0.0,4.973422060141692,3.876419044829704,0.2205730786662282,0.8771300960231472,0.22129199432360158,0.02842342672315804,0.7463860060717609,0.19012567682846174,0.02810063409442837,,,,,,,,,,,,,,,,,,,,,,,,,,,,,,,,,
680,2.737831531304892e-06,2.737831531304892e-06,1.0,8.592493044363486,4.6427216787596,3.156649615313556,3.156649615313556,3.1565352452767863,0.0,0.0,0.3117757504050796,1.3784997173257776,0.08156564710913478,1.4550980490607184,0.08303172765551387,0.016416659729706275,0.367587578457755,0.0,0.0,0.0,0.0,1.0012201505738336,412.1311373324008,78.51434326171875,500.1178283691406,500.1178283691406,1.1890007257461548,0.6649825572967529,0.25,3.968442916870117,0.7114081382751465,0.5266452431678772,8.828967322433886e-05,0.0,5.326842704334775,4.067117355965279,0.2364863049821953,0.8773754432394698,0.2205109608334464,0.028145167624225486,0.7474883971987544,0.18959329337687106,0.027866009824179316,130.62383525974147,216.15570317966467,0.3669318443397134,83.38219724382672,130.6238323969896,148.90659363213314,174.0733502224769,204.37574104029804,80.65419660295758,102.4958284954692,217.1086253290591,0.6447545028963553,0.8431781896537723,0.039069889152614945,-0.3525184702371752,0.8188597721572098,0.7718161323514114,0.7777639854158678,0.5462914816369888,0.9434703561784323,0.9840582034390394,0.9949972985723694,0.44347035617843233,0.18405820343903934,0.04499729857236945,0.006585670548314553,0.6540184838892669,0.6868131868131868,0.3131868131868132,0.597985347985348,0.5003449378514683,0.4842839329452305,0.4794900420602861
681,2.725115679350719e-06,2.725115679350719e-06,1.0,8.545995248330605,4.633914161372829,3.121270882116782,3.121270882116782,3.1211689420648523,0.0,0.0,0.31157785009693456,1.3685099337552045,0.08019909312998927,1.4605167846421938,0.08168657979852445,0.015318657617663612,0.3611002745660576,0.0,0.0,0.0,0.0,1.006020707053107,410.7618713378906,76.09870910644531,500.1178283691406,500.1178283691406,1.1960183382034302,0.6758666038513184,0.25,3.9704742431640625,0.7149600982666016,0.5333287119865417,9.73783160562561e-05,0.0,5.644456459058298,4.194504629921269,0.2568806827821529,0.8816317464854266,0.22207763307803385,0.028468951381541586,0.7467979837108303,0.18990254039699966,0.02804906711586424,,,,,,,,,,,,,,,,,,,,,,,,,,,,,,,,,
682,2.712424998062639e-06,2.712424998062639e-06,1.0,8.551690294935897,4.625094349319871,3.12980774286631,3.12980774286631,3.1296558380126953,0.0,0.0,0.31151816087800105,1.3705888857712616,0.08008262887597084,1.4764416443335044,0.08559734686403661,0.017619095201528556,0.3634659913746086,0.0,0.0,0.0,0.0,1.0135863294472565,408.0054634712838,70.93179321289062,500.1178283691406,500.1178283691406,1.1940420866012573,0.6629472374916077,0.25,3.9701309204101562,0.7140145897865295,0.5267621278762817,8.179778548725513e-05,0.0,5.745626514827883,4.36195745661452,0.24082126720950164,0.8805362034488369,0.22145924495684133,0.028552030741765693,0.7470264692564268,0.18965534664489128,0.02805884605323946,,,,,,,,,,,,,,,,,,,,,,,,,,,,,,,,,
683,2.6997596139545323e-06,2.6997596139545323e-06,1.0,8.559569616575498,4.6067741368267985,3.1628082636240364,3.1628082636240364,3.162709532557307,0.0,0.0,0.3127595202342884,1.35974303129557,0.08073258903380987,1.4576396168889225,0.08352134215670663,0.01547574211616774,0.35951316356658936,0.0,0.0,0.0,0.0,0.9774272103567381,414.17312292150547,83.90519714355469,500.1178283691406,500.1178283691406,1.1891162395477295,0.6638488173484802,0.25,3.959745407104492,0.7112407684326172,0.5254870057106018,7.465670897646301e-05,0.0,4.980959452487327,3.8617687321997978,0.22469380266258587,0.877134886947838,0.22057311800686089,0.028237484395503998,0.7474031303379987,0.1895204480435397,0.027931242476443987,,,,,,,,,,,,,,,,,,,,,,,,,,,,,,,,,
684,2.687119653288083e-06,2.687119653288083e-06,1.0,8.626122938620078,4.691423699662492,3.1431368686057426,3.1431368686057426,3.143069827878797,0.0,0.0,0.3122344484200349,1.3741804039156116,0.08169036700918868,1.454750947050146,0.08174645991341488,0.015701073196691437,0.36522922080916326,0.0,0.0,0.0,0.0,0.984523178757848,415.245171624261,81.32369995117188,500.1178283691406,500.1178283691406,1.1961066722869873,0.6699925661087036,0.25,3.966554641723633,0.7150276303291321,0.5296535491943359,6.23221222760039e-05,0.0,4.914268595141333,3.73076420216947,0.24083022123413794,0.8818414614007279,0.22159960906247836,0.02840243194352936,0.747131259054751,0.18957573497617566,0.028038901251715584,,,,,,,,,,,,,,,,,,,,,,,,,,,,,,,,,
685,2.6745052420715317e-06,2.6745052420715317e-06,1.0,8.624992112855654,4.720832425194818,3.105863648491937,3.105863648491937,3.1056461527540877,0.0,0.0,0.3118517833787042,1.385613058064435,0.08117171457490406,1.468125675175641,0.08571970613824355,0.016615685377572034,0.36305944661836365,0.0,0.0,0.0,0.0,0.9978567700128298,415.59387701910896,84.89423370361328,500.1178283691406,500.1178283691406,1.1929442882537842,0.667012095451355,0.25,3.961576461791992,0.7132739424705505,0.5273099541664124,9.802750482996448e-05,0.0,6.020307054390779,4.4140661922661035,0.26680381043907037,0.8796025514602661,0.22140124802653854,0.02820852992905153,0.7472284420116527,0.1897979684778162,0.02789278212632682,129.9333368238512,222.4788544088098,0.35939661015580454,85.1947612133655,129.93333940350223,148.5313597445823,173.69615976951377,203.3721081236485,66.27868543352399,104.39909256336301,211.22681659200916,0.6426252701541,0.8439456376381551,0.03978698473232485,-0.35367685313173447,0.8201513607381352,0.7714833179523847,0.7715864040829121,0.5444107759502543,0.9437973301279506,0.9841531815862804,0.9951057708826065,0.44379733012795064,0.18415318158628036,0.04510577088260659,0.006460590037467063,0.6543117224312952,0.6428571428571429,0.35714285714285715,0.5915750915750915,0.5023000703735666,0.48589822527143983,0.4811539418667882
686,2.6619165060584167e-06,2.6619165060584167e-06,1.0,8.576170148076239,4.648685345778594,3.1340360190417313,3.1340360190417313,3.1337837464100606,0.0,0.0,0.3113663808719532,1.3772182625693243,0.08089607571427887,1.4599186633084271,0.08366662263870239,0.015355024247656803,0.3622433953994029,0.0,0.0,0.0,0.0,0.9969756345491152,417.0137114653716,88.27604675292969,500.1178283691406,500.1178283691406,1.1865490674972534,0.6621284484863281,0.25,3.978928565979004,0.7094680666923523,0.5235047340393066,6.362049982342065e-05,0.0,4.887975372172691,3.758227088966885,0.2311280637045509,0.8747705172848057,0.22080870093526067,0.02799598459859152,0.7470488725481806,0.19011099556007902,0.02781722870831554,,,,,,,,,,,,,,,,,,,,,,,,,,,,,,,,,
687,2.649353570746316e-06,2.649353570746316e-06,1.0,8.606072748029554,4.671424253566845,3.1450849674843453,3.1450849674843453,3.144974727888365,0.0,0.0,0.31232784164918437,1.3727218460392308,0.0808445449817825,1.4539227292344377,0.07902773258251113,0.015542888837690288,0.3628202773429252,0.0,0.0,0.0,0.0,0.9950475249741528,413.7945193728885,81.00665283203125,500.1178283691406,500.1178283691406,1.195886492729187,0.6766586303710938,0.25,3.9713611602783203,0.7140814661979675,0.5324019193649292,4.933834680183642e-05,0.0,6.051106245131106,4.161786565909514,0.31222715362861014,0.880351414551606,0.22259812822213043,0.028498605497785517,0.7462380319028288,0.19029978803686193,0.02810013576133831,,,,,,,,,,,,,,,,,,,,,,,,,,,,,,,,,
688,2.6368165613755995e-06,2.6368165613755995e-06,1.0,8.562143209818247,4.6637079264666585,3.104465858356373,3.104465858356373,3.104298868694821,0.0,0.0,0.3130821231249216,1.371235322307896,0.08073110697237221,1.468562970290313,0.08227895059295602,0.014642157302414244,0.36119441124233037,0.0,0.0,0.0,0.0,0.9890198175971573,412.63632861987963,79.13013458251953,500.1178283691406,500.1178283691406,1.1992669105529785,0.678092360496521,0.25,3.9571704864501953,0.7163496017456055,0.5334116220474243,7.141076510792115e-05,0.0,5.4197821133845565,3.9260143347688623,0.27561399099914424,0.8832655242971472,0.22284020241853353,0.02852864211072793,0.7466483808852531,0.1900028598469657,0.02804277454679077,,,,,,,,,,,,,,,,,,,,,,,,,,,,,,,,,
689,2.6243056029281844e-06,2.6243056029281844e-06,1.0,8.55679987572335,4.643576441584407,3.123710329468186,3.123710329468186,3.1235967262371167,0.0,0.0,0.3114094194528219,1.3550572975261792,0.08009852126643464,1.464026544545148,0.08317865612539085,0.016605126375735208,0.3580312632225655,0.0,0.0,0.0,0.0,0.9926549002930924,411.9462989600929,76.39654541015625,500.1178283691406,500.1178283691406,1.1946154832839966,0.6740102767944336,0.25,3.9669551849365234,0.714280903339386,0.5323815941810608,6.751563246567089e-05,0.0,5.533013021623766,4.231604440792187,0.23520793747375945,0.8809315739451228,0.2213076385291847,0.028400211418802675,0.7469932130865149,0.1896828610349346,0.02802784292883164,,,,,,,,,,,,,,,,,,,,,,,,,,,,,,,,,
690,2.611820820126284e-06,2.611820820126284e-06,1.0,8.525915519611255,4.615185499191284,3.117915424140724,3.117915424140724,3.11776107710761,0.0,0.0,0.3114097360018137,1.3766613216013521,0.08110084958575867,1.456186619964806,0.08349550233499424,0.016491799149662256,0.36417274499261704,0.0,0.0,0.0,0.0,1.0139154389097884,415.33948578705656,84.89423370361328,500.1178283691406,500.1178283691406,1.1872997283935547,0.6610536575317383,0.25,3.962291717529297,0.7109375,0.5249019861221313,7.985021916613e-05,0.0,6.0195880105366575,4.393441731865342,0.27014245423854877,0.8769724481814617,0.2196702763840959,0.027973454848334595,0.7479640777046616,0.1892644670364019,0.027769065084489616,122.04521824763371,192.7435950872371,0.31818652141283443,71.63569657881182,122.045216064679,141.90611934382147,166.56079715920603,196.7228075212354,42.38630894252232,93.5137008548707,214.17952496072522,0.634604259734098,0.8370770606381961,0.05082166295853126,-0.3521266540514255,0.8092355671221642,0.7567689916126538,0.763757304667863,0.54766171943654,0.9469264189242141,0.9854382411085143,0.9955012536596429,0.44692641892421414,0.18543824110851426,0.04550125365964297,0.00610455173688043,0.6769279396125826,0.6593406593406593,0.34065934065934067,0.575091575091575,0.48648306428567395,0.4705322147398205,0.4658179247526677
691,2.59936233743116e-06,2.59936233743116e-06,1.0,8.606522547232139,4.706369296924488,3.104911726874274,3.104911726874274,3.104758997221251,0.0,0.0,0.311006864180436,1.3674369116087217,0.08035523535029308,1.4742453356046934,0.08548857332081408,0.01716206667038637,0.36095572162318873,0.0,0.0,0.0,0.0,1.0073716124972782,413.3473263302365,79.7507553100586,500.1178283691406,500.1178283691406,1.1923803091049194,0.6676946878433228,0.25,3.96429443359375,0.7132124304771423,0.5289166569709778,7.855184161871325e-05,0.0,6.659518982913043,4.698317917617592,0.29449590433295403,0.879619962460286,0.2209622030322616,0.02829667054922194,0.747371573705931,0.18956590625079903,0.027916956592250516,,,,,,,,,,,,,,,,,,,,,,,,,,,,,,,,,
692,2.5869302790418942e-06,2.5869302790418942e-06,1.0,8.534292130856901,4.586858446533616,3.1620494095054834,3.1620494095054834,3.1619554919165536,0.0,0.0,0.312947018726452,1.3501711697191805,0.0805738767659342,1.4488007023527816,0.08200611727865967,0.014740092994494212,0.3568981040168453,0.0,0.0,0.0,0.0,0.9739699863098763,417.55505865973396,88.27604675292969,500.1178283691406,500.1178283691406,1.1939021348953247,0.6668201684951782,0.25,3.972233772277832,0.7129221558570862,0.5263723134994507,6.037455595487878e-05,0.0,4.683690949066265,3.6924665215853096,0.21163318379889362,0.8789255490174165,0.22223202924470645,0.028433260482710762,0.7461449616664165,0.19034900335041252,0.028114774792983726,,,,,,,,,,,,,,,,,,,,,,,,,,,,,,,,,
693,2.5745247688941413e-06,2.5745247688941413e-06,1.0,8.614112544704128,4.6909044111097185,3.132052924181964,3.132052924181964,3.1319745360194027,0.0,0.0,0.3120818508637918,1.3713059070948008,0.08128163611163965,1.463390079704491,0.07969550919291135,0.014306196540191368,0.36106757940472783,0.0,0.0,0.0,0.0,0.9797373832883062,416.5782289247255,89.66619110107422,500.1178283691406,500.1178283691406,1.1906828880310059,0.6648930907249451,0.25,3.9753808975219727,0.7117785215377808,0.5256609916687012,7.985021916613e-05,0.0,4.567897749913706,3.62330418180775,0.20678956049832783,0.8776718104207838,0.22128571006091866,0.028183674339104344,0.7470069962578851,0.18988201505429037,0.027924862463732023,,,,,,,,,,,,,,,,,,,,,,,,,,,,,,,,,
694,2.5621459306588955e-06,2.5621459306588955e-06,1.0,8.52721694997839,4.601345771067852,3.1333432068695894,3.1333432068695894,3.1332358991777576,0.0,0.0,0.3114140863354142,1.3719037030194257,0.08100174588931573,1.4563922720986444,0.08524347569894146,0.016261413366206595,0.36001416476997167,0.0,0.0,0.0,0.0,0.9912118686212076,419.2024222709037,91.79256439208984,500.1178283691406,500.1178283691406,1.1929303407669067,0.6712302565574646,0.25,3.9747085571289062,0.7135040163993835,0.5296712517738342,7.270914265533788e-05,0.0,5.163583244826342,3.812825410752683,0.26159311664570384,0.8800434744035875,0.22085194652144974,0.028140359986070042,0.7476540916674846,0.18935346079839244,0.027871862657972285,,,,,,,,,,,,,,,,,,,,,,,,,,,,,,,,,
695,2.5497938877412556e-06,2.5497938877412556e-06,1.0,8.605821789921942,4.650846893722947,3.161592837926504,3.161592837926504,3.1615829789960705,0.0,0.0,0.31171003789515106,1.3808856074874465,0.08209890248002233,1.4584974018303123,0.08234454691410065,0.014352431747357588,0.36230914898820826,0.0,0.0,0.0,0.0,0.9738623789838843,420.47854696737755,95.44915771484375,500.1178283691406,500.1178283691406,1.1898183822631836,0.6600721478462219,0.25,3.9515342712402344,0.7122753858566284,0.5235631465911865,6.426968859712903e-05,0.0,4.344874456122115,3.4369927918588794,0.2089546368788611,0.8785789496189839,0.22028261946665273,0.027991690597421414,0.7481870200182941,0.18921891620030273,0.027694315272005828,119.11834222143823,197.603022791323,0.31588173812508247,64.80403472565033,119.11834214978911,138.7847015473361,163.98432765694784,194.33804460407976,52.80082702636719,91.28816802741946,207.2556265126104,0.6445276542391382,0.8402513820793365,0.04249556261161239,-0.3575383999688265,0.814890207489878,0.7621745501110827,0.7609403924665689,0.5430283748587785,0.9465423542850974,0.9850873928706185,0.9953237535156187,0.44654235428509736,0.18508739287061848,0.04532375351561879,0.006085348504924591,0.6775450380665148,0.6208791208791209,0.3791208791208791,0.5778388278388279,0.4835364562305775,0.46812604568325555,0.4636977877836306
696,2.5374687632792e-06,2.5374687632792e-06,1.0,8.596402877085918,4.671816490791939,3.1321989458960457,3.1321989458960457,3.1320422533396126,0.0,0.0,0.3114989464347427,1.3732056005581006,0.08163256882815748,1.4524970215720099,0.08511948464690028,0.01707632460857968,0.3642560090567615,0.0,0.0,0.0,0.0,1.0058947157215428,419.2918874379751,92.87458038330078,500.1178283691406,500.1178283691406,1.1846212148666382,0.6561331152915955,0.25,3.9743080139160156,0.7104498147964478,0.5230950713157654,9.283399464029749e-05,0.0,5.373351838137652,3.9796495598715707,0.25937297989203034,0.8766694842158137,0.21839394762709335,0.027593242407247826,0.7490569707509633,0.18874283457124555,0.027513031923287624,,,,,,,,,,,,,,,,,,,,,,,,,,,,,,,,,
697,2.525170680142355e-06,2.525170680142355e-06,1.0,8.624425784961597,4.696576865943703,3.131514046643231,3.131514046643231,3.1314033044351115,0.0,0.0,0.31212359908464793,1.38729727268219,0.08187941290639542,1.4648482735092576,0.08234271054735055,0.01583076367859502,0.3622019057338302,0.0,0.0,0.0,0.0,1.0000994785411939,417.8068022856841,87.931884765625,500.1178283691406,500.1178283691406,1.1890521049499512,0.6655661463737488,0.25,3.969301223754883,0.7128166556358337,0.5284150838851929,8.179778548725513e-05,0.0,4.821128031691989,3.699467248207814,0.23265525746482302,0.8795687942891508,0.21921342691859683,0.02768662224548894,0.7494268369030308,0.18843434026112427,0.027468194832672942,,,,,,,,,,,,,,,,,,,,,,,,,,,,,,,,,
698,2.5128997609307716e-06,2.5128997609307716e-06,1.0,8.548898181399784,4.642346188828752,3.1125289040642814,3.1125289040642814,3.1123753173931226,0.0,0.0,0.31206126148636276,1.37930636148195,0.08094135087889594,1.4596466116003088,0.0832563662851179,0.01682542877372455,0.35911605003717784,0.0,0.0,0.0,0.0,1.0086838538582261,416.6960523450697,84.89423370361328,500.1178283691406,500.1178283691406,1.1917438507080078,0.6711158156394958,0.25,3.95513916015625,0.7140182852745056,0.5317503809928894,8.76404844506305e-05,0.0,6.274030548495215,4.525848432167156,0.278637807517107,0.8810313859501401,0.2196535008984643,0.027791417430381517,0.7490516304969788,0.18857404831293467,0.02757819983604792,,,,,,,,,,,,,,,,,,,,,,,,,,,,,,,,,
699,2.5006561279736998e-06,2.5006561279736998e-06,1.0,8.525787920565218,4.616938191491204,3.120116530237971,3.120116530237971,3.119893467104113,0.0,0.0,0.3118442401692674,1.3562803010682802,0.08071976275862874,1.454945300076459,0.0842464939766639,0.016062518317453766,0.3592271079888215,0.0,0.0,0.0,0.0,0.986880054345002,416.2587230785473,85.56007385253906,500.1178283691406,500.1178283691406,1.1868093013763428,0.6588215827941895,0.25,3.9635255336761475,0.7120716571807861,0.5261815786361694,8.374535180838024e-05,0.0,6.3232228127685755,4.427211832355809,0.2998488328742938,0.87886835594435,0.21808528698779442,0.027603528386837727,0.7494703563483985,0.18832540069077466,0.027494857339440164,,,,,,,,,,,,,,,,,,,,,,,,,,,,,,,,,
700,2.488439903328374e-06,2.488439903328374e-06,1.0,8.61120724033665,4.6721724046243205,3.145791414621714,3.145791414621714,3.14564231279734,0.0,0.0,0.31248334936193517,1.3765480582778518,0.08153330947499017,1.4625617362357475,0.08117182734044823,0.015368875424453133,0.36270441557909994,0.0,0.0,0.0,0.0,1.0014893348152574,419.17797604122677,90.36944580078125,500.1178283691406,500.1178283691406,1.1910734176635742,0.6721073985099792,0.25,3.9779129028320312,0.7130081057548523,0.5299693942070007,7.400752020275464e-05,0.0,6.114294267989494,4.249597154759072,0.3049734002814969,0.8795839918626321,0.220135370219076,0.02786712217572573,0.7489720003024952,0.18865079654229655,0.02756321138224086,116.89364925845639,196.27718424274929,0.3172453178410688,65.53549194335938,116.89364912836574,138.78413930602875,163.72325208218538,194.39963257242255,51.080653599330354,93.18903818056565,193.38464488153872,0.6480479320048448,0.8383565337566532,0.04504989937429752,-0.3578210765888866,0.8114598750715711,0.7585692159286112,0.7592028675309132,0.5442373500554984,0.947006345889652,0.9851922321369719,0.9953740971237192,0.44700634588965205,0.1851922321369719,0.045374097123719204,0.005931722649277881,0.6845729019560828,0.5989010989010989,0.4010989010989011,0.5741758241758241,0.48517529817891647,0.4696964236733678,0.4651986526345814
701,2.476251208778795e-06,2.476251208778795e-06,1.0,8.655471853307775,4.72465654321619,3.138142166910945,3.138142166910945,3.1379615422841667,0.0,0.0,0.3123240221191097,1.3714558756029285,0.08070739489552137,1.4589872328010765,0.08417819520911655,0.015473329348842034,0.35883378982543945,0.0,0.0,0.0,0.0,0.9897301293708183,415.5737956279033,82.6043701171875,500.1178283691406,500.1178283691406,1.1912469863891602,0.6677968502044678,0.25,3.9764108657836914,0.713752806186676,0.5300933122634888,0.00011815235681492407,0.0,5.540077768467568,4.124990587298934,0.2554273135339143,0.8806429682551203,0.21975532375477455,0.027985395561601664,0.748754573834909,0.18874659248300502,0.02761382841177889,,,,,,,,,,,,,,,,,,,,,,,,,,,,,,,,,
702,2.4640901658345134e-06,2.4640901658345134e-06,1.0,8.611678690523714,4.702762919503289,3.113614604279802,3.113614604279802,3.1135015616545805,0.0,0.0,0.31001977179501505,1.3807989616651792,0.0816196177054096,1.463843999682246,0.08527314461566307,0.016170527232257096,0.36277104390634074,0.0,0.0,0.0,0.0,1.0033365939114545,415.5537917678421,84.89423370361328,500.1178283691406,500.1178283691406,1.1920493841171265,0.6749957203865051,0.25,3.9651241302490234,0.7143855094909668,0.5340297818183899,6.881401001308764e-05,0.0,5.276644168673335,4.017232542102401,0.23867662596008968,0.8814771900305877,0.2197928940122192,0.02780565629537041,0.7490983975900186,0.1885941789762394,0.027536132448428386,,,,,,,,,,,,,,,,,,,,,,,,,,,,,,,,,
703,2.4519568957294224e-06,2.4519568957294224e-06,1.0,8.579883562551963,4.670700472754401,3.120881106402423,3.120881106402423,3.1207400270410486,0.0,0.0,0.3101138883345836,1.3621630990827405,0.08064489127010913,1.4542252630800814,0.08304212796124252,0.015313127166214021,0.36169864116488276,0.0,0.0,0.0,0.0,0.9935804992108732,414.61400129988385,81.6419906616211,500.1178283691406,500.1178283691406,1.1899155378341675,0.6651871800422668,0.25,3.9680709838867188,0.7133433818817139,0.5292038917541504,7.270914265533788e-05,0.0,5.386465211172362,4.1080057057174475,0.23734665598567153,0.8802287401379766,0.21927963116684476,0.02786779504370045,0.7491003258808239,0.18852569042025386,0.027563238214399363,,,,,,,,,,,,,,,,,,,,,,,,,,,,,,,,,
704,2.4398515194205423e-06,2.4398515194205423e-06,1.0,8.668041693197715,4.750222515415501,3.1248235960264465,3.1248235960264465,3.1247016610325993,0.0,0.0,0.3108044025060293,1.3750370096515965,0.08071554190403707,1.4646297081096753,0.08270509299394246,0.016090227643380296,0.3564464216296737,0.0,0.0,0.0,0.0,0.9983080802737055,416.8622189083615,85.22650909423828,500.1178283691406,500.1178283691406,1.193816065788269,0.6754458546638489,0.25,3.959888458251953,0.7144620418548584,0.533322274684906,8.5043729355797e-05,0.0,6.405071577510318,4.57978384075938,0.284975384687338,0.8813171563921748,0.22079835348838084,0.02802355300534416,0.748318570691186,0.1890183220038543,0.027692052208491275,,,,,,,,,,,,,,,,,,,,,,,,,,,,,,,,,
705,2.4277741575868236e-06,2.4277741575868236e-06,1.0,8.549997651899183,4.639881610870361,3.117901782731752,3.117901782731752,3.1177305015357764,0.0,0.0,0.311304173759512,1.3813058137893677,0.08216622099280357,1.4555538022840344,0.080790813810922,0.015452279545668815,0.3652061860303621,0.0,0.0,0.0,0.0,0.9927845726142058,417.8570738096495,90.01713562011719,500.1178283691406,500.1178283691406,1.193077802658081,0.6661489009857178,0.25,3.96429443359375,0.7151144742965698,0.5287768840789795,8.114859671354676e-05,0.0,4.552059242854247,3.4948664790875204,0.23224494835525075,0.8823611671860153,0.22011208050959818,0.02772590336767403,0.7491226180179699,0.18870728080337112,0.02747405506670475,115.1500142275632,203.8367676377742,0.3172042207450456,57.80102526486575,115.15001210476747,138.3615739139419,162.89628193781326,193.56102643052668,56.431735447474885,92.03738628062167,188.90125241486922,0.6458054042295603,0.8416090751548622,0.0370067084229396,-0.3628494121209109,0.8158440804618902,0.7624898398816276,0.7621416437922964,0.540604928080369,0.9466710678398285,0.984894841544791,0.9952147621991126,0.44667106783982846,0.18489484154479097,0.04521476219911269,0.006268038711639598,0.6861589851143812,0.5714285714285714,0.42857142857142855,0.5668498168498168,0.48471492213698536,0.46976399618190723,0.4654907379913461
706,2.4157249306279348e-06,2.4157249306279348e-06,1.0,8.504820862331906,4.580037812928896,3.1383298152201884,3.1383298152201884,3.13817699535473,0.0,0.0,0.31071096739253484,1.3457940172504734,0.07994504685740213,1.456814015233839,0.08491225560774675,0.015821996497342717,0.3550468151633804,0.0,0.0,0.0,0.0,0.9841615106608417,416.1198392300992,82.6043701171875,500.1178283691406,500.1178283691406,1.190338373184204,0.6708542108535767,0.25,3.9682140350341797,0.7130135893821716,0.5317234992980957,8.439454058208862e-05,0.0,5.984470135456807,4.21560706641223,0.29557555289054105,0.8796640135146476,0.2198206025200921,0.02789474928097145,0.7486661833685797,0.18890579205912514,0.027585906505181983,,,,,,,,,,,,,,,,,,,,,,,,,,,,,,,,,
707,2.4037039586630728e-06,2.4037039586630728e-06,1.0,8.536094562427417,4.600914504076983,3.154607515077333,3.154607515077333,3.1544775060705237,0.0,0.0,0.31133015332995234,1.3405200597402211,0.08058866959165882,1.4402267739579484,0.08112406529284813,0.015857223735971225,0.3551747218982593,0.0,0.0,0.0,0.0,0.9682958609349018,418.3953494510135,88.27604675292969,500.1178283691406,500.1178283691406,1.1922491788864136,0.6712706685066223,0.25,3.9721336364746094,0.7139177918434143,0.5320863127708435,6.881401001308764e-05,0.0,5.521022274687484,4.010195980200896,0.27364973718967794,0.8807205106761005,0.22031589738420537,0.02799732474660551,0.7484187113272177,0.18900994392665657,0.02764495356461486,,,,,,,,,,,,,,,,,,,,,,,,,,,,,,,,,
708,2.3917113615297525e-06,2.3917113615297525e-06,1.0,8.569759678196263,4.640722751617432,3.135825646890176,3.135825646890176,3.135725395099537,0.0,0.0,0.31286076758358927,1.3696469229620856,0.08094646036624908,1.4599975218644012,0.08434444243038022,0.01767039841443703,0.3586877713332305,0.0,0.0,0.0,0.0,1.0061483302631893,413.7163465345228,80.37625122070312,500.1178283691406,500.1178283691406,1.195647120475769,0.6752544045448303,0.25,3.9735069274902344,0.7163838148117065,0.5360276103019714,0.00010711614766188171,0.0,6.449032865666054,4.6224895619057325,0.2832274763995449,0.88390491782008,0.22053915181675474,0.027966737042407732,0.7486509455216898,0.1888630756655255,0.027616176250818615,,,,,,,,,,,,,,,,,,,,,,,,,,,,,,,,,
709,2.3797472587826254e-06,2.3797472587826254e-06,1.0,8.592913395649678,4.653208010905498,3.1514194011688232,3.1514194011688232,3.1513520446983545,0.0,0.0,0.3110896260351748,1.3643945294457513,0.0813964643591159,1.4495583031628583,0.08262123570248887,0.015558956467823402,0.36333217089240616,0.0,0.0,0.0,0.0,1.0054640898833405,417.1972351074219,87.24759674072266,500.1178283691406,500.1178283691406,1.19417142868042,0.6683841347694397,0.25,3.95880126953125,0.7162977457046509,0.5316933393478394,5.453185699150342e-05,0.0,4.958890320481481,3.829606784356607,0.2277290811334635,0.8840189946664346,0.21965242197384705,0.02777471614850534,0.7494014308259294,0.1883805559293644,0.027501447579345188,,,,,,,,,,,,,,,,,,,,,,,,,,,,,,,,,
710,2.367811769692277e-06,2.367811769692277e-06,1.0,8.601780350143844,4.668454982138969,3.1445541381835938,3.1445541381835938,3.1444125690975704,0.0,0.0,0.31232734386985367,1.3680253383275625,0.0812187629777032,1.450226110381049,0.08141495277350014,0.014917718183651969,0.35780725285813614,0.0,0.0,0.0,0.0,0.9731995495590003,420.77502936285896,94.33715057373047,500.1178283691406,500.1178283691406,1.1880757808685303,0.6621015667915344,0.25,3.9600601196289062,0.7117546796798706,0.5259857773780823,6.167293350229553e-05,0.0,4.7795546360918,3.691887088724085,0.22756671493080602,0.8781224666415034,0.2193869533571037,0.027830939085499662,0.7489576291393589,0.18865500269709407,0.027576035593409796,109.98658727289556,201.00750856318763,0.29842408833775963,47.1324208856939,109.98658790071475,132.45724678861046,156.08921173089016,187.4619069472488,47.58113098144531,86.84372113841448,184.38371608568275,0.6393984488878915,0.8439634601509199,0.031625469306965207,-0.36829090582236074,0.8200999744115037,0.7647287981126041,0.7603562427180529,0.5351189308258103,0.9476670408701867,0.9850116179553333,0.9952422695313736,0.4476670408701867,0.18501161795533327,0.04524226953137367,0.006522351783487193,0.6861693652397627,0.5659340659340659,0.4340659340659341,0.5595238095238095,0.47424122330906626,0.4598980700331075,0.4559707649789014
711,2.355905013244047e-06,2.355905013244047e-06,1.0,8.638666011191702,4.732722591709447,3.11478709530186,3.11478709530186,3.1146326838312923,0.0,0.0,0.3100433583195145,1.375109878746239,0.08099351259502205,1.4569357665809426,0.08223363676586666,0.01478919796519787,0.3658176954533603,0.0,0.0,0.0,0.0,1.003229236280596,419.3108363795925,95.07704162597656,500.1178283691406,500.1178283691406,1.1911250352859497,0.6636844277381897,0.25,3.974207878112793,0.7142567038536072,0.5272225141525269,7.465670897646301e-05,0.0,4.7464819631061035,3.6790151145007157,0.22489643000915063,0.8815439150140092,0.21882573656133703,0.02777878597781465,0.7497756142874021,0.18794934934860952,0.027522833262746398,,,,,,,,,,,,,,,,,,,,,,,,,,,,,,,,,
712,2.344027108136831e-06,2.344027108136831e-06,1.0,8.690844793577451,4.759704370756407,3.135641355772276,3.135641355772276,3.135535736341734,0.0,0.0,0.3107706227818051,1.38364839553833,0.08123893431715064,1.4614152876106468,0.08517234269026164,0.016610921587090235,0.35798827055338267,0.0,0.0,0.0,0.0,0.9980737083667034,420.06427001953125,95.07704162597656,500.1178283691406,500.1178283691406,1.1908596754074097,0.6692672371864319,0.25,3.9682140350341797,0.7139192223548889,0.5309651494026184,9.348318341400585e-05,0.0,5.348295247232592,3.939299580213186,0.26344762244539005,0.8810609256899035,0.21897844205031525,0.02781537693698664,0.7494924181216472,0.188089160500346,0.027574455868956203,,,,,,,,,,,,,,,,,,,,,,,,,,,,,,,,,
713,2.3321781727819104e-06,2.3321781727819104e-06,1.0,8.553698629946322,4.621547782743299,3.144905605831662,3.144905605831662,3.144753597878121,0.0,0.0,0.3117332998159769,1.3615034270930935,0.08057010516121581,1.450775314021755,0.08156958161979108,0.015076504088938236,0.35639361594174357,0.0,0.0,0.0,0.0,0.9813647044671548,421.68526066960516,97.33171844482422,500.1178283691406,500.1178283691406,1.1906852722167969,0.6721736788749695,0.25,3.961404800415039,0.713840126991272,0.5323382616043091,7.595508652387976e-05,0.0,4.998357266993136,3.7155787542059615,0.25664002076403325,0.8810010616843765,0.21880981487196846,0.027770160873596732,0.7497903205252983,0.18784932913006963,0.02753318941875084,,,,,,,,,,,,,,,,,,,,,,,,,,,,,,,,,
714,2.320358325301764e-06,2.320358325301764e-06,1.0,8.541358986416379,4.6429867100071265,3.1090329788826607,3.1090329788826607,3.1088583598265775,0.0,0.0,0.3104830432582546,1.3689825470383103,0.080654991639627,1.4522535414309115,0.08266406808350538,0.016205144077036028,0.3604445127216545,0.0,0.0,0.0,0.0,1.0015495355064805,418.2165989231419,92.87458038330078,500.1178283691406,500.1178283691406,1.195798635482788,0.6811767220497131,0.25,3.969301223754883,0.7172539234161377,0.539376974105835,7.141076510792115e-05,0.0,5.364688240193032,4.156083928572165,0.22528882527894653,0.8854089588732332,0.21908744565538457,0.02781900526905382,0.7499530234852353,0.18764389970818082,0.027568901863855286,,,,,,,,,,,,,,,,,,,,,,,,,,,,,,,,,
715,2.3085676835288954e-06,2.3085676835288954e-06,1.0,8.521244616121859,4.62470108753926,3.1060472050228634,3.1060472050228634,3.105846495241732,0.0,0.0,0.311433545640997,1.360984695924295,0.08016390554808281,1.456728000898619,0.0857380617510628,0.016739220031209895,0.3568164198785215,0.0,0.0,0.0,0.0,1.0078087416855064,417.3785928262247,87.24759674072266,500.1178283691406,500.1178283691406,1.1951550245285034,0.674901008605957,0.25,3.964437484741211,0.7163688540458679,0.5350981950759888,7.205995388162951e-05,0.0,6.18188498149047,4.416952403816017,0.285500714257696,0.8841042856912356,0.21962542831897736,0.028000920155161136,0.7496709485311766,0.18781874348988403,0.027610181352576695,110.5120842902215,212.96494848427852,0.30692720252996547,48.791944482824306,110.51208443793291,133.4545100682441,156.9197945914776,188.5461116456561,53.24635968889509,89.58092126180959,177.92469522227412,0.6429126642284542,0.8465769144850498,0.025560427049137673,-0.37125648840463316,0.823742306360523,0.7692127051498017,0.7613981155344425,0.5325647116420438,0.9468106805262101,0.9846109451156061,0.9951654566035503,0.4468106805262101,0.18461094511560605,0.045165456603550314,0.0067123080779692736,0.68048209454322,0.554945054945055,0.44505494505494503,0.5558608058608058,0.4778754630914101,0.463474063960078,0.45959215259159003
716,2.2968063650046484e-06,2.2968063650046484e-06,1.0,8.62643169712376,4.681335217243916,3.1478116963360763,3.1478116963360763,3.147686365488413,0.0,0.0,0.3130084976956651,1.3779685014003031,0.08096332958823926,1.4692467644407943,0.08593627488290942,0.016007058901359904,0.35744200485783656,0.0,0.0,0.0,0.0,0.9953927381618602,418.77996661211995,90.72313690185547,500.1178283691406,500.1178283691406,1.1950291395187378,0.6742365956306458,0.25,3.9554824829101562,0.7164368629455566,0.5342487692832947,9.348318341400585e-05,0.0,6.596112755504814,4.588419679048899,0.3043751904908518,0.8842869384868725,0.21926510172921257,0.02790904986495907,0.749758154959292,0.1877994118510066,0.02756671068837514,,,,,,,,,,,,,,,,,,,,,,,,,,,,,,,,,
717,2.2850744869780494e-06,2.2850744869780494e-06,1.0,8.525217842411351,4.631659282220377,3.102532193467424,3.102532193467424,3.1024209035409465,0.0,0.0,0.3109813695018356,1.3544309590313885,0.07963961685026014,1.4703886992222555,0.08501425888892766,0.016240616643650306,0.35329296540569616,0.0,0.0,0.0,0.0,0.992545485496521,412.9401294605152,78.20824432373047,500.1178283691406,500.1178283691406,1.1967806816101074,0.6666312217712402,0.25,3.9784278869628906,0.717681348323822,0.5323632955551147,8.049940793983838e-05,0.0,5.537077362472947,4.10371864486385,0.2588655754249632,0.8858157025801169,0.21959794010664965,0.028191883066618764,0.7492242987091476,0.18803238586799517,0.02770158275961876,,,,,,,,,,,,,,,,,,,,,,,,,,,,,,,,,
718,2.273372166404628e-06,2.273372166404628e-06,1.0,8.601395838969463,4.697607852317192,3.1099361535665153,3.1099361535665153,3.109734039048891,0.0,0.0,0.3119591804775032,1.3705253762167853,0.08022552799131419,1.4655641607336096,0.08516059513833071,0.015469285797931859,0.3546221812029143,0.0,0.0,0.0,0.0,0.9983239045014253,415.53520986196156,85.89495086669922,500.1178283691406,500.1178283691406,1.1949435472488403,0.6744701266288757,0.25,3.9676990509033203,0.716175377368927,0.5348750352859497,6.881401001308764e-05,0.0,5.417539087501732,4.02346805946247,0.2573255135815051,0.8838761803266164,0.21950216389991142,0.028064167630430813,0.7496179406707352,0.18782745382270297,0.027604259802280245,,,,,,,,,,,,,,,,,,,,,,,,,,,,,,,,,
719,2.2616995199452557e-06,2.2616995199452557e-06,1.0,8.508026522559089,4.596755375733247,3.129144030648309,3.129144030648309,3.1290400092666215,0.0,0.0,0.3107172186310227,1.3470335651088405,0.07993417394322318,1.4455938758076847,0.08089642448199762,0.013537992937238636,0.3554181210898064,0.0,0.0,0.0,0.0,0.968173310563371,419.0614953943201,92.87458038330078,500.1178283691406,500.1178283691406,1.195176124572754,0.6657825708389282,0.25,3.9814605712890625,0.7171238660812378,0.530281662940979,6.816482123937927e-05,0.0,4.606365601758699,3.56898232408472,0.22520645718566254,0.8852691360422082,0.21894791239016764,0.027836922807870684,0.750060139475642,0.1876120224997804,0.027498772317493283,,,,,,,,,,,,,,,,,,,,,,,,,,,,,,,,,
720,2.2500566639649796e-06,2.2500566639649796e-06,1.0,8.513876051516146,4.58859126632278,3.1375500382603825,3.1375500382603825,3.1374746464394234,0.0,0.0,0.3110775270977536,1.369143307209015,0.08120287390979561,1.446646329518911,0.08131429089887722,0.01563136245602289,0.35831765749969996,0.0,0.0,0.0,0.0,0.9938590268830996,422.4902789141681,98.86447143554688,500.1178283691406,500.1178283691406,1.191036343574524,0.6631494164466858,0.25,3.962606430053711,0.7149044275283813,0.5284038782119751,6.556806614454578e-05,0.0,4.815157223392177,3.784131795973391,0.21412082297334625,0.8825332554611,0.21831544750445597,0.02751975949551608,0.750310933267748,0.187620833918855,0.02737703828795536,114.68826467912275,196.95063428422208,0.3124175761804918,58.935468170669054,114.68826290253699,135.6207896006391,160.36933896333906,191.33141658984076,52.60349709647043,90.77381545074226,191.2003804082456,0.6435964737919909,0.8448692286649162,0.030859762180008764,-0.36497475477181285,0.8209312272032112,0.7675863646281801,0.7658184161690109,0.5365154371852368,0.9466990941783586,0.9849057406764417,0.995285347051707,0.4466990941783586,0.1849057406764416,0.04528534705170706,0.006521313770949039,0.681354544081538,0.5879120879120879,0.41208791208791207,0.576007326007326,0.4805017182460198,0.46546686551236843,0.46120955303802597
721,2.2384437145318664e-06,2.2384437145318664e-06,1.0,8.513471319868758,4.611408310967523,3.11250917975967,3.11250917975967,3.11238550495457,0.0,0.0,0.31116407868024465,1.3603402311737474,0.0801532558492712,1.4595310655800071,0.08346496290854506,0.01609908348905879,0.356701452989836,0.0,0.0,0.0,0.0,0.9945087835595414,417.5757875184755,85.22650909423828,500.1178283691406,500.1178283691406,1.1961814165115356,0.6720489263534546,0.25,3.960660934448242,0.7174453735351562,0.5347126126289368,9.543074973513098e-05,0.0,6.035016646256318,4.496685443697749,0.25490090462514914,0.8856228783323958,0.2191769609580169,0.028001364874275955,0.7498439147665694,0.18772072888709404,0.02754648608734479,,,,,,,,,,,,,,,,,,,,,,,,,,,,,,,,,
722,2.226860787415843e-06,2.226860787415843e-06,1.0,8.515384545197358,4.610293543016589,3.1106894853952767,3.1106894853952767,3.1105655850590885,0.0,0.0,0.3112159814383533,1.3768057887618605,0.08084148923690254,1.4612560723278973,0.08479340545631744,0.017230105510837323,0.3623117820636646,0.0,0.0,0.0,0.0,1.0246871435964429,418.2413231102196,89.31660461425781,500.1178283691406,500.1178283691406,1.19269859790802,0.6743049621582031,0.25,3.965524673461914,0.7162178158760071,0.5354664921760559,0.00011295884662525708,0.0,6.618277356431291,4.784037686683036,0.27714759762460506,0.8843132418555182,0.21807746428090172,0.02754379909586262,0.7511299880775245,0.18706950343943932,0.02725812908564065,,,,,,,,,,,,,,,,,,,,,,,,,,,,,,,,,
723,2.215307998087545e-06,2.215307998087545e-06,1.0,8.527371999379751,4.583013843845677,3.154260190757545,3.154260190757545,3.1541710286527067,0.0,0.0,0.3121340951404056,1.3689822989541132,0.08127486544686395,1.4514867292868125,0.08286986691323486,0.01588477216333755,0.3598409367574228,0.0,0.0,0.0,0.0,0.9836351114350397,422.97192712732266,101.208984375,500.1178283691406,500.1178283691406,1.190036654472351,0.6626666188240051,0.25,3.9698734283447266,0.7144164443016052,0.52760910987854,6.49188773708374e-05,0.0,5.055673269001213,3.7324888529004276,0.26172269165688994,0.8820156197290163,0.21778508255610596,0.027617415765652787,0.7508818716616243,0.18719808717031736,0.027306601254118455,,,,,,,,,,,,,,,,,,,,,,,,,,,,,,,,,
724,2.203785461717155e-06,2.203785461717155e-06,1.0,8.600065012235898,4.677109834310171,3.1316559314727783,3.1316559314727783,3.131519807351602,0.0,0.0,0.312411661889102,1.3705802672618144,0.08046269306057208,1.4580380948814187,0.08214311241298108,0.015378249500802642,0.35890007663417506,0.0,0.0,0.0,0.0,0.9950911821545781,420.12289346230995,89.66619110107422,500.1178283691406,500.1178283691406,1.192389965057373,0.6679381728172302,0.25,3.970245361328125,0.7157866954803467,0.5316592454910278,6.556806614454578e-05,0.0,6.037904362420778,4.358871318198539,0.2780820866710555,0.883697061925321,0.2182581477068566,0.027633279813705263,0.7508356039588516,0.18720986835054448,0.02733101590058288,,,,,,,,,,,,,,,,,,,,,,,,,,,,,,,,,
725,2.192293293173272e-06,2.192293293173272e-06,1.0,8.56735949902921,4.62705329302195,3.1466112587903,3.1466112587903,3.1464202532897123,0.0,0.0,0.31235458560892054,1.3703170402629956,0.0810059172076148,1.46462323536744,0.08396130699563671,0.016724702398720627,0.35879494290094116,0.0,0.0,0.0,0.0,0.9956203086956127,418.90852562156886,89.31660461425781,500.1178283691406,500.1178283691406,1.191061019897461,0.6677935123443604,0.25,3.9676990509033203,0.715477466583252,0.5316043496131897,7.400752020275464e-05,0.0,6.043597852861559,4.31366188944997,0.286242732479708,0.8834458009616749,0.21763599281375473,0.027572900006497227,0.751408884654174,0.18685669834549362,0.027231326679120194,114.19834845406669,191.15850808443906,0.31116513764623943,60.51757992754926,114.19834784001948,136.34451725172875,161.435536017953,192.43775614901932,54.03548104422433,89.97540691287018,191.2831208602242,0.6441483287988442,0.83858908706573,0.04431599496613163,-0.3576635239179918,0.8114678711133965,0.7568333143636157,0.7589189172576611,0.5434358599265098,0.9473826254347326,0.9852140304002732,0.9953709830861047,0.4473826254347326,0.18521403040027318,0.045370983086104766,0.006010611602177543,0.695999862982345,0.6153846153846154,0.38461538461538464,0.5695970695970696,0.4795420559143627,0.4642366606455583,0.45983249116893654
726,2.1808316070217534e-06,2.1808316070217534e-06,1.0,8.626950882576608,4.684534279075828,3.1459609882251636,3.1459609882251636,3.14583522564656,0.0,0.0,0.3119494802243001,1.38399114802077,0.08142090457919482,1.465156642166344,0.08388948138501193,0.016020720711330306,0.363225071816831,0.0,0.0,0.0,0.0,0.9991657830573417,419.4508675240182,90.72313690185547,500.1178283691406,500.1178283691406,1.1922436952590942,0.6690280437469482,0.25,3.9735069274902344,0.7161895036697388,0.5319451093673706,8.569291812950537e-05,0.0,5.368466013186687,3.8724163931769295,0.2786735757169695,0.88435752649565,0.21777548137548808,0.02743452852843581,0.7517613253077945,0.1866499974920943,0.02716032848567576,,,,,,,,,,,,,,,,,,,,,,,,,,,,,,,,,
727,2.169400517524577e-06,2.169400517524577e-06,1.0,8.538613319396973,4.604528394905296,3.1424774157034383,3.1424774157034383,3.1423314713143013,0.0,0.0,0.31348238925676086,1.3590448853131887,0.07947642466909177,1.4680358976931185,0.08331694635185036,0.01586105630456193,0.34929612278938293,0.0,0.0,0.0,0.0,0.9817681747513849,416.4735973461254,81.96153259277344,500.1178283691406,500.1178283691406,1.1941430568695068,0.6634594202041626,0.25,3.9660396575927734,0.7166603207588196,0.5299855470657349,9.672912728254773e-05,0.0,5.95392236677376,4.276210308074951,0.2817826560959859,0.884755248959,0.21852760902933172,0.027954201541236928,0.7506420773428839,0.1871564279536943,0.02744254203060189,,,,,,,,,,,,,,,,,,,,,,,,,,,,,,,,,
728,2.158000138638699e-06,2.158000138638699e-06,1.0,8.560847024659854,4.648426081683184,3.1252137325905465,3.1252137325905465,3.125041452614037,0.0,0.0,0.31033905776771337,1.3523294088002797,0.07941190475547635,1.4582947911442936,0.08423049395551553,0.015595791836244028,0.3503400727703765,0.0,0.0,0.0,0.0,0.9834084108069137,413.8521745011613,81.32369995117188,500.1178283691406,500.1178283691406,1.1985933780670166,0.6835656762123108,0.25,3.96246337890625,0.718917965888977,0.5407422184944153,8.309616303467187e-05,0.0,5.496519742785273,4.147028736166052,0.2455173582139065,0.887565926925556,0.21912868562582377,0.02801144480503894,0.7509923416215021,0.18671490533931837,0.02748475963803562,,,,,,,,,,,,,,,,,,,,,,,,,,,,,,,,,
729,2.1466305840149255e-06,2.1466305840149255e-06,1.0,8.595789136113348,4.679963859351906,3.1180290467030294,3.1180290467030294,3.1178633586780444,0.0,0.0,0.31242892951578705,1.3766358768617786,0.08081284578184823,1.4724802616480235,0.08678939898271819,0.015796363983001258,0.35826054215431213,0.0,0.0,0.0,0.0,0.9955190017416671,411.7100071262669,75.50650024414062,500.1178283691406,500.1178283691406,1.1980061531066895,0.671792209148407,0.25,3.9759531021118164,0.7195802927017212,0.5361340641975403,8.049940793983838e-05,0.0,5.665230915353105,4.113332265132183,0.27393387373058115,0.8885622362832766,0.2186135919512929,0.02795407981485934,0.7512515686653756,0.18666809958380623,0.02737750707043184,,,,,,,,,,,,,,,,,,,,,,,,,,,,,,,,,
730,2.1352919669967663e-06,2.1352919669967663e-06,1.0,8.465816523577717,4.560582109399744,3.1155137242497624,3.1155137242497624,3.115354228664089,0.0,0.0,0.3126235209606789,1.3526388438972268,0.07981709390878677,1.4633139017465953,0.08408562073836455,0.017692700122810295,0.3507989210051459,0.0,0.0,0.0,0.0,0.9949660575067675,411.9754828375739,76.69554901123047,500.1178283691406,500.1178283691406,1.1973106861114502,0.6757408380508423,0.25,3.9744081497192383,0.7192490100860596,0.5388053059577942,7.985021916613e-05,0.0,6.713185187932607,4.718747035877125,0.29709267601326067,0.8882495922011298,0.21817029166865992,0.027737348869040206,0.7512501832601186,0.1866735083025855,0.027351273777517112,111.89491162981305,194.15214236067064,0.3103532816408812,56.75841346153846,111.89490873998719,134.60693720410276,159.12305342953894,190.39784251755623,62.12432752336775,88.57202095209166,184.87419393788213,0.6471469756577827,0.8448666809529234,0.02906553500675108,-0.3668843111824442,0.8211592085398104,0.7681070462447357,0.7649707147110345,0.5360044905383993,0.9466425224950292,0.9850764937389679,0.9953061073024702,0.4466425224950292,0.18507649373896784,0.0453061073024702,0.006446057861932915,0.6848635454667656,0.5769230769230769,0.4230769230769231,0.5732600732600732,0.47776236950041173,0.46311057539104106,0.45893721786010394
731,2.1239844006193218e-06,2.1239844006193218e-06,1.0,8.555743629867965,4.612917848535486,3.15132838970906,3.15132838970906,3.1512482359602645,0.0,0.0,0.31186825198096196,1.3718264908403963,0.08141589899723595,1.4579232866699632,0.08159603873217428,0.016178593656199204,0.3649364629307309,0.0,0.0,0.0,0.0,1.0151502699465365,414.78901301203547,82.2823257446289,500.1178283691406,500.1178283691406,1.190839171409607,0.6714000105857849,0.25,3.951605796813965,0.7155848145484924,0.534095287322998,9.73783160562561e-05,0.0,7.178302550638044,4.840402841567993,0.3256897703290935,0.8836636849351831,0.21734814668023908,0.027463243217081636,0.7519814243187776,0.18644561759523443,0.027120187878608704,,,,,,,,,,,,,,,,,,,,,,,,,,,,,,,,,
732,2.112707997608143e-06,2.112707997608143e-06,1.0,8.679271723773029,4.752263339790138,3.129080869056083,3.129080869056083,3.128957091151057,0.0,0.0,0.3124378379937765,1.3929364069088086,0.08216315860281119,1.4625796434041616,0.08368647883872728,0.015263244025157514,0.3651242038688144,0.0,0.0,0.0,0.0,1.0080638141245455,415.4647761164485,83.57807159423828,500.1178283691406,500.1178283691406,1.1942050457000732,0.6781615018844604,0.25,3.956998825073242,0.7171444892883301,0.537706732749939,0.00010711614766188171,0.0,6.1116844367336585,4.328432651790413,0.29177746387316594,0.8854734833176071,0.21830461516573624,0.02753142317807352,0.7515219321122041,0.18668488513778997,0.027215765940176474,,,,,,,,,,,,,,,,,,,,,,,,,,,,,,,,,
733,2.1014628703781116e-06,2.1014628703781116e-06,1.0,8.64371953139434,4.733336861069138,3.123498807082305,3.123498807082305,3.123440446080388,0.0,0.0,0.3106611733501022,1.3618788509755522,0.08138861295741957,1.448790360141445,0.08149805584469356,0.017567282655855287,0.3579264573148779,0.0,0.0,0.0,0.0,1.0006604452390928,412.0144884264147,75.50650024414062,500.1178283691406,500.1178283691406,1.1980695724487305,0.6745341420173645,0.25,3.9840641021728516,0.7191244959831238,0.5368118286132812,9.47815609614226e-05,0.0,6.700367259012686,4.69591877428261,0.299155017515478,0.8879441763903644,0.2187110805833662,0.027899993835268793,0.7506856966663051,0.1869996919019802,0.027460257799641508,,,,,,,,,,,,,,,,,,,,,,,,,,,,,,,,,
734,2.090249131032321e-06,2.090249131032321e-06,1.0,8.512976904173154,4.610046296506314,3.1097194439656026,3.1097194439656026,3.1095711218344197,0.0,0.0,0.31217760894749613,1.3737624464808285,0.08070703535466581,1.4616934286581504,0.08350031138271899,0.01600908692548605,0.3561784770037677,0.0,0.0,0.0,0.0,0.9943791756758819,412.94534384237755,76.39654541015625,500.1178283691406,500.1178283691406,1.2003986835479736,0.6829591393470764,0.25,3.9634647369384766,0.7195488214492798,0.539087176322937,0.00010776533643559009,0.0,5.542577479336713,4.131849691674516,0.2545255872239103,0.8882125599964245,0.21986119006131147,0.028053646454134502,0.7505884927672308,0.1870642542033582,0.027473290325016587,,,,,,,,,,,,,,,,,,,,,,,,,,,,,,,,,
735,2.079066891360958e-06,2.079066891360958e-06,1.0,8.518310289125186,4.586704834087475,3.1430722507270605,3.1430722507270605,3.14296251374322,0.0,0.0,0.3129354812003471,1.3522071870597634,0.08013278044558861,1.4564376940598358,0.08515695361672221,0.01533263744912236,0.3488924571791211,0.0,0.0,0.0,0.0,0.9730502012613658,414.8050066973712,79.7507553100586,500.1178283691406,500.1178283691406,1.1974002122879028,0.6712737679481506,0.25,3.9578285217285156,0.7184178829193115,0.5339651107788086,7.920103039242163e-05,0.0,5.2438976764678955,4.000878528968708,0.23704107596859922,0.8869290126336588,0.2190633694062362,0.027934308088309056,0.7503852634816557,0.18731438509515813,0.027443231360332387,108.02569422879061,181.55492193467327,0.2955295416260088,51.36521188505403,108.02569109161523,129.71386887749526,155.13447552023013,186.522244402297,53.1066905430385,83.96439837670141,183.8591766357422,0.6415816480554951,0.8406062815241715,0.03498063120933226,-0.3673225718445678,0.8144613661340394,0.7591990310453604,0.7558034948969322,0.5376528991570796,0.948291405411886,0.9855015598733418,0.9955194188790606,0.44829140541188595,0.18550155987334171,0.045519418879060636,0.006227556222651614,0.6948518211151472,0.5879120879120879,0.41208791208791207,0.5677655677655679,0.47049443517903705,0.4557241449071156,0.4515642800501415
736,2.067916262840189e-06,2.067916262840189e-06,1.0,8.538098348153603,4.607815787598893,3.1386842469911316,3.1386842469911316,3.1386101052567765,0.0,0.0,0.31239880097878947,1.3669356913179964,0.08007672167307622,1.4593530184513814,0.08463039702257595,0.015420498200566382,0.35010576006528493,0.0,0.0,0.0,0.0,0.9933752884735932,415.52089711782094,81.6419906616211,500.1178283691406,500.1178283691406,1.1932604312896729,0.676322340965271,0.25,3.963865280151367,0.715628445148468,0.5357465744018555,7.855184161871325e-05,0.0,5.684478919248323,4.208556355656804,0.2596407840644583,0.8833645807730185,0.2187174929154886,0.02781959733850247,0.7506577533644598,0.18711411630785144,0.02740848819549019,,,,,,,,,,,,,,,,,,,,,,,,,,,,,,,,,
737,2.056797356631044e-06,2.056797356631044e-06,1.0,8.646243430472708,4.718675239666088,3.1399216329729236,3.1399216329729236,3.1397611257192253,0.0,0.0,0.3131901130482957,1.350953063449344,0.07992310670984758,1.458639425200385,0.0826038644724601,0.014608375866570183,0.35295087783723267,0.0,0.0,0.0,0.0,0.9851368585148373,414.4666467615076,79.4398422241211,500.1178283691406,500.1178283691406,1.1934175491333008,0.6692349314689636,0.25,3.971804618835449,0.7161735892295837,0.5317028164863586,0.00012074911190975756,0.0,5.09588724858052,3.9168801420443766,0.23136444136682197,0.8841244868330054,0.21851719513132767,0.02785316582869839,0.7506007278287733,0.18721494400823438,0.02738371677696705,,,,,,,,,,,,,,,,,,,,,,,,,,,,,,,,,
738,2.045710283578314e-06,2.045710283578314e-06,1.0,8.58966250032992,4.682779595658586,3.1123864457413957,3.1123864457413957,3.1122380076227962,0.0,0.0,0.31198712297388026,1.3734490355929814,0.08037839850058427,1.4629587063918243,0.08538936984700125,0.017529797765451507,0.35718405649468704,0.0,0.0,0.0,0.0,1.010657418418575,413.9706957018053,78.20824432373047,500.1178283691406,500.1178283691406,1.192354440689087,0.6704099774360657,0.25,3.969186782836914,0.7160388231277466,0.5338055491447449,8.114859671354676e-05,0.0,6.079921677305892,4.505194536737494,0.2590045109374146,0.8841140866279602,0.21790662367601651,0.02759956815154166,0.7512376582300341,0.18681142136857315,0.027274758831874746,,,,,,,,,,,,,,,,,,,,,,,,,,,,,,,,,
739,2.0346551542094466e-06,2.0346551542094466e-06,1.0,8.61738515544582,4.667399445095578,3.162828812728057,3.162828812728057,3.1627203580495475,0.0,0.0,0.31136544008512756,1.363526763142766,0.08059796539915574,1.4512186823664486,0.0810806155204773,0.01506404354664925,0.35330578000158874,0.0,0.0,0.0,0.0,0.9863722485464972,418.32338817699537,89.31660461425781,500.1178283691406,500.1178283691406,1.1949888467788696,0.6794790625572205,0.25,3.964151382446289,0.7168415188789368,0.5374354720115662,9.023723954546399e-05,0.0,5.5733232369294035,4.103635140367456,0.2637004950338508,0.8849596864468342,0.2187122464985461,0.027775201946496964,0.7507746058541376,0.18705975083080498,0.027356108650565147,,,,,,,,,,,,,,,,,,,,,,,,,,,,,,,,,
740,2.023632078733439e-06,2.023632078733439e-06,1.0,8.543974863516318,4.6198590381725415,3.130398988723755,3.130398988723755,3.1303426575016333,0.0,0.0,0.3128337272115656,1.3698023718756598,0.08090734270376128,1.461686891478461,0.08549275128422557,0.01630978103777444,0.35437263910834854,0.0,0.0,0.0,0.0,0.993751715969395,416.8974724846917,84.89423370361328,500.1178283691406,500.1178283691406,1.1947673559188843,0.6789372563362122,0.25,3.961576461791992,0.7173768281936646,0.5390018820762634,0.00010127344869850635,0.0,6.545724209901449,4.567606914687801,0.3021999142923607,0.88573675703358,0.21842557473762617,0.027665145191791897,0.7508586645126343,0.18707496048630895,0.027303498590717446,115.6541192819784,204.49596497727327,0.32292328743713805,64.13970949361612,115.65411901451728,138.85681123073115,163.7161908342236,194.86710395449197,58.76744515555246,93.49679929156636,186.44761923085088,0.6472844669268644,0.8432169981705795,0.030989086979991996,-0.3657773250282556,0.8172169700754162,0.7667546446607456,0.7684831455620655,0.5390002254799922,0.9466316233633786,0.9850043518675662,0.9952469405877954,0.4466316233633786,0.18500435186756614,0.04524694058779544,0.0066412042191057626,0.6892501864530022,0.6153846153846154,0.38461538461538464,0.5714285714285714,0.48584625657115665,0.47078452525394304,0.466353617895108
741,2.0126411670397406e-06,2.0126411670397406e-06,1.0,8.572609025078851,4.658149461488466,3.123377194275727,3.123377194275727,3.1232289752444706,0.0,0.0,0.3113739458290306,1.373897233524838,0.08084832584938488,1.4555857568173796,0.0822841497893269,0.015875358883341826,0.3578091569848963,0.0,0.0,0.0,0.0,1.0011945914577793,417.4963510874155,86.9074478149414,500.1178283691406,500.1178283691406,1.1973581314086914,0.6697937250137329,0.25,3.971146583557129,0.7191272377967834,0.5333574414253235,9.932588237738122e-05,0.0,5.426762748408962,4.188583541560817,0.2281616617957287,0.8879823620254929,0.21861023234354482,0.027740597422863986,0.7512265250489518,0.1868435655896728,0.027244022871191438,,,,,,,,,,,,,,,,,,,,,,,,,,,,,,,,,
742,2.001682528697161e-06,2.001682528697161e-06,1.0,8.48506094958331,4.558834456108712,3.144408896162703,3.144408896162703,3.1443703690090694,0.0,0.0,0.3104066051341392,1.34350171604672,0.0796110982427726,1.4470865855345856,0.08130475677348473,0.016639380766129173,0.347741802801957,0.0,0.0,0.0,0.0,0.9817647450679058,414.6196099358636,78.51434326171875,500.1178283691406,500.1178283691406,1.1925569772720337,0.6638439893722534,0.25,3.965238571166992,0.7154837846755981,0.5304697751998901,0.00011815235681492407,0.0,5.919565388479748,4.377124019571252,0.26056665780063676,0.883188014094894,0.21864263995273694,0.027846043879115902,0.750200671118659,0.1874613298757656,0.027430217662775837,,,,,,,,,,,,,,,,,,,,,,,,,,,,,,,,,
743,1.990756272952775e-06,1.990756272952775e-06,1.0,8.574371221903208,4.662909185564196,3.1195583085756042,3.1195583085756042,3.1194347110954492,0.0,0.0,0.31231123531186905,1.3662621298351803,0.08008604567195918,1.46460742886002,0.08319998049252741,0.015090377529378276,0.354037503132949,0.0,0.0,0.0,0.0,0.9914683522404851,415.0741717364337,80.37625122070312,500.1178283691406,500.1178283691406,1.1959576606750488,0.6751760244369507,0.25,3.9808740615844727,0.7175684571266174,0.535805881023407,0.00011425722417267383,0.0,5.325802437357001,4.122970477954762,0.22584990216031375,0.8858285820161974,0.21903875631255074,0.02783173740514227,0.7502410460162807,0.18756820623939102,0.02737597612714445,,,,,,,,,,,,,,,,,,,,,,,,,,,,,,,,,
744,1.9798625087308376e-06,1.9798625087308376e-06,1.0,8.48973949535473,4.595322531622809,3.1018203335839347,3.1018203335839347,3.101675832593763,0.0,0.0,0.31177837703679057,1.3674017899745219,0.08041975778099653,1.466317370131209,0.08316067888124569,0.017065225068379094,0.35563228500855937,0.0,0.0,0.0,0.0,1.0015046274339832,416.3293885926943,83.57807159423828,500.1178283691406,500.1178283691406,1.1939306259155273,0.6684882044792175,0.25,3.9784278869628906,0.7167004346847534,0.5333654880523682,8.179778548725513e-05,0.0,5.9273160583264115,4.366818263724044,0.26327224316143133,0.8848314688012406,0.21850307285785675,0.027684866425556107,0.7504150786915341,0.18747872476642197,0.027345597542620993,,,,,,,,,,,,,,,,,,,,,,,,,,,,,,,,,
745,1.969001344631686e-06,1.969001344631686e-06,1.0,8.62593295123126,4.694813773438737,3.134229208972003,3.134229208972003,3.1340571674140723,0.0,0.0,0.31244996190071106,1.3785782440288648,0.08020639107436747,1.470057716240754,0.08489114579719466,0.017982230295200605,0.3554878971866659,0.0,0.0,0.0,0.0,1.0146054190558356,416.05617708773224,84.56327056884766,500.1178283691406,500.1178283691406,1.1909918785095215,0.6683273911476135,0.25,3.9793291091918945,0.7151382565498352,0.5317747592926025,0.0001149064129463822,0.0,6.409372025244945,4.553353055103405,0.28957891082482595,0.8829360201552108,0.21791048025762713,0.027552002084416313,0.7510341244774896,0.18710573420331283,0.027236830896219692,107.50854886233152,181.40405396400158,0.2904731589088134,48.52925478757083,107.5085460468112,131.98148448822354,156.6104996111664,187.85088473452473,45.32398986816406,84.0678202311198,182.70737291418988,0.6389686047537433,0.8358048514238398,0.044069115076083354,-0.36291188707366256,0.8071487280812081,0.7512602169088087,0.7510953683017418,0.5421655382482343,0.9492733652729791,0.9858082925783661,0.9954732273211128,0.4492733652729791,0.18580829257836606,0.04547322732111281,0.005795743006779779,0.7153032631481155,0.6043956043956044,0.3956043956043956,0.5595238095238095,0.47136107402352184,0.4565085636472309,0.45221463472142326
746,1.9581728889306746e-06,1.9581728889306746e-06,1.0,8.558791701858109,4.62959353988235,3.1377024521698824,3.1377024521698824,3.1375689055468583,0.0,0.0,0.3117496492089452,1.3768227970277942,0.08129682885231199,1.4550941957009804,0.08191284335948326,0.014748093344875285,0.3587839176525941,0.0,0.0,0.0,0.0,0.9960230411709966,417.81771768105995,86.9074478149414,500.1178283691406,500.1178283691406,1.1952160596847534,0.6768678426742554,0.25,3.972348213195801,0.7172902226448059,0.5366657972335815,8.828967322433886e-05,0.0,5.248331306753932,3.9559631605406067,0.24624362881783254,0.885593597953384,0.21856719013806936,0.027625873433174315,0.7509128161378809,0.1870611193212303,0.027310308522066555,,,,,,,,,,,,,,,,,,,,,,,,,,,,,,,,,
747,1.94737724957708e-06,1.94737724957708e-06,1.0,8.641261642043656,4.690885988441673,3.1584165740657495,3.1584165740657495,3.1583008895049223,0.0,0.0,0.31204036844743266,1.3782179001215342,0.08121013742040943,1.4587868226541054,0.08051222462106396,0.01479195595114819,0.3588398791648246,0.0,0.0,0.0,0.0,0.9968977167799666,418.29392139331713,88.96839904785156,500.1178283691406,500.1178283691406,1.193810224533081,0.673102080821991,0.25,3.969186782836914,0.716596782207489,0.533793568611145,7.985021916613e-05,0.0,4.91838165714934,3.84204318877813,0.21883996472836734,0.8847139542167252,0.21843824596018405,0.027646199523194415,0.7511904577951174,0.18693087229857575,0.027245622027564694,,,,,,,,,,,,,,,,,,,,,,,,,,,,,,,,,
748,1.936614534193036e-06,1.936614534193036e-06,1.0,8.550936338063833,4.6215607668902425,3.1417681784243197,3.1417681784243197,3.141555792576558,0.0,0.0,0.3133804113478274,1.3591990084261507,0.08060306038808178,1.448823780626864,0.08278428451032252,0.014610641157707653,0.35337506154099024,0.0,0.0,0.0,0.0,0.9622921444274284,422.45866847682646,97.33171844482422,500.1178283691406,500.1178283691406,1.1894810199737549,0.6665636897087097,0.25,3.9788427352905273,0.714293897151947,0.5303851962089539,7.790265284500488e-05,0.0,5.21247764696946,3.8416564013506913,0.2629884171140313,0.8819545620196575,0.21740772232816025,0.02747488474926433,0.7513734794951774,0.18679457097440152,0.02721759188618209,,,,,,,,,,,,,,,,,,,,,,,,,,,,,,,,,
749,1.925884850072455e-06,1.925884850072455e-06,1.0,8.57046635086472,4.618547478237668,3.1646476694055505,3.1646476694055505,3.1646002627707817,0.0,0.0,0.3116165302895211,1.3625984191894531,0.08084043256334357,1.4506671267586786,0.0818772120652972,0.014524458378956124,0.35217384228835236,0.0,0.0,0.0,0.0,0.9741433939418277,422.0373081516575,96.57428741455078,500.1178283691406,500.1178283691406,1.1934316158294678,0.675086259841919,0.25,3.971475601196289,0.716441810131073,0.5352301597595215,9.153561709288074e-05,0.0,5.096948581772882,3.7970295177923665,0.2550386850338525,0.8846765257216789,0.21777057768525304,0.027589896945534525,0.7514221603805954,0.18665321211557132,0.02727098944219383,,,,,,,,,,,,,,,,,,,,,,,,,,,,,,,,,
750,1.9151883041799566e-06,1.9151883041799566e-06,1.0,8.561468884751603,4.644548287262788,3.129992697689984,3.129992697689984,3.129785982338158,0.0,0.0,0.3126326267783706,1.3597902091773781,0.08036311484269194,1.4500438748179256,0.08177699178859994,0.014344938470654794,0.3513632992634902,0.0,0.0,0.0,0.0,0.9751241094357258,420.97474381730365,95.07704162597656,500.1178283691406,500.1178283691406,1.1923158168792725,0.6692450642585754,0.25,3.9694156646728516,0.7159996032714844,0.5320500731468201,8.699129567692212e-05,0.0,5.383381576151462,3.865011039617899,0.2820477268897283,0.8841405092058955,0.21760390054535222,0.027529841742000065,0.7517873757594341,0.18643192664996996,0.02719711124695636,110.94576456258585,194.36146525067926,0.3041365905821596,53.89249789059817,110.94576352769381,134.17598701366202,158.59173878115558,189.78636889216705,51.973824637276785,87.67193319631177,185.1876738175102,0.6405607911553478,0.839928259690207,0.0358492093274416,-0.3660247447428886,0.8126374915986084,0.7586074731528579,0.7583337545222015,0.539585108224038,0.9480246361895805,0.9853484530239641,0.9954010854497112,0.44802463618958055,0.18534845302396408,0.04540108544971122,0.006309559213165736,0.7012029008298392,0.6043956043956044,0.3956043956043956,0.5586080586080585,0.476255948645073,0.4613051191791073,0.4570343210720099
751,1.904525003149807e-06,1.904525003149807e-06,1.0,8.581210497263315,4.6750768004236996,3.1116232872009277,3.1116232872009277,3.1115049607044942,0.0,0.0,0.31073671176626877,1.3728751588512111,0.08010267033367544,1.468906502465944,0.08551510211986464,0.015568502599725852,0.35365050588105174,0.0,0.0,0.0,0.0,0.9981867300497519,414.81672709697,81.00665283203125,500.1178283691406,500.1178283691406,1.1969127655029297,0.6734973788261414,0.25,3.969301223754883,0.7189251184463501,0.5366665124893188,8.828967322433886e-05,0.0,5.376697429128595,4.1397375786626665,0.23005941226385943,0.8878781650517438,0.21794417017215006,0.02774424508616731,0.7514815620473914,0.18647659590115417,0.027317943001115643,,,,,,,,,,,,,,,,,,,,,,,,,,,,,,,,,
752,1.8938950532848537e-06,1.8938950532848537e-06,1.0,8.59711860966038,4.667256393948117,3.1353288470087826,3.1353288470087826,3.1352401875160836,0.0,0.0,0.31212987851452184,1.3884180365382015,0.08152449664634627,1.4590947692458693,0.08117171095029728,0.015018591153863314,0.35949131081233154,0.0,0.0,0.0,0.0,1.0107430300197087,417.7945375184755,88.62154388427734,500.1178283691406,500.1178283691406,1.1901780366897583,0.6717231273651123,0.25,3.9633216857910156,0.715587317943573,0.5346157550811768,9.023723954546399e-05,0.0,5.771756138350512,4.199726069295728,0.27236598902878256,0.8838601160693813,0.21662581772417636,0.027195327034270442,0.7524268933244653,0.18609557361216159,0.02706214493593654,,,,,,,,,,,,,,,,,,,,,,,,,,,,,,,,,
753,1.8832985605554617e-06,1.8832985605554617e-06,1.0,8.513808920576766,4.590279160319148,3.1349698723973454,3.1349698723973454,3.134833812713623,0.0,0.0,0.31147356371621826,1.361611060194067,0.08076622880793907,1.4507307361912083,0.0841393017688313,0.015786068451062247,0.3568101839439289,0.0,0.0,0.0,0.0,0.9965920786599856,416.3957503035262,83.57807159423828,500.1178283691406,500.1178283691406,1.19331693649292,0.6693246960639954,0.25,3.978928565979004,0.7167993783950806,0.5336243510246277,8.893886199804724e-05,0.0,5.909768765037124,4.326020754672386,0.26798815204655296,0.8851368185636159,0.21781314506724075,0.027558821177965886,0.7516872190140389,0.18656341207993998,0.027189491266334378,,,,,,,,,,,,,,,,,,,,,,,,,,,,,,,,,
754,1.8727356305984651e-06,1.8727356305984651e-06,1.0,8.608674423114673,4.656344748832084,3.1601847571295663,3.1601847571295663,3.160086374025087,0.0,0.0,0.3123341637688714,1.3804410083873853,0.0811630110885646,1.4592327298344792,0.07982479962142738,0.013882179744541645,0.3586433054627599,0.0,0.0,0.0,0.0,0.9878095323975021,420.97486918681375,94.70636749267578,500.1178283691406,500.1178283691406,1.1910419464111328,0.6740798354148865,0.25,3.9721336364746094,0.7154900431632996,0.5342133045196533,8.5043729355797e-05,0.0,5.6852381471041085,4.024237006097226,0.2921603454470851,0.8835896398570087,0.2171731071697699,0.027358077315462602,0.7524981595374443,0.1860715203188561,0.02705209521023003,,,,,,,,,,,,,,,,,,,,,,,,,,,,,,,,,
755,1.8622063687161047e-06,1.8622063687161047e-06,1.0,8.617518811612516,4.7069881413434,3.1126678505459346,3.1126678505459346,3.1125274799965523,0.0,0.0,0.3116582938142725,1.3903912112519548,0.08122932920987541,1.4667106866836548,0.08401672783735636,0.016127394134732517,0.3612604157344715,0.0,0.0,0.0,0.0,1.008871703534513,414.6757400100296,80.06289672851562,500.1178283691406,500.1178283691406,1.194833517074585,0.6727893352508545,0.25,3.977741241455078,0.718639075756073,0.5361481308937073,0.00011036209153042358,0.0,4.976816601044423,3.8516222367415556,0.2260871666572436,0.8877425870379886,0.21708044087564624,0.02733300862884199,0.752818445901613,0.18581336776952487,0.027025441110536858,106.2985356089833,205.19965577576014,0.2962546513377902,39.05797979333899,106.29853668851752,130.97479281539313,154.06097872144588,185.68383134641908,59.197114671979634,84.26570735606113,175.25385715650475,0.639229572885191,0.8436316958823632,0.025784028900529297,-0.3745377364348464,0.8188806256935488,0.7629671901679368,0.7573342020419167,0.5335537673310687,0.9480557765657252,0.9849015886262891,0.9951109609452973,0.44805577656572515,0.18490158862628903,0.04511096094529732,0.006572695391587635,0.7034283997116401,0.521978021978022,0.47802197802197804,0.5540293040293041,0.47040172858716367,0.4562775373131364,0.4525050378025888
756,1.8517108798749871e-06,1.8517108798749871e-06,1.0,8.529834824639398,4.59869588387979,3.1404811111656397,3.1404811111656397,3.140327505163244,0.0,0.0,0.31146439587747726,1.370187260009147,0.08028598210296116,1.456233523987435,0.08328713265222472,0.01610873610637075,0.35105904856243647,0.0,0.0,0.0,0.0,0.9991267178509686,417.2399522936022,88.27604675292969,500.1178283691406,500.1178283691406,1.1909326314926147,0.6740913987159729,0.25,3.96429443359375,0.7154516577720642,0.5352357625961304,9.023723954546399e-05,0.0,5.833002944250365,4.219125441602759,0.2766803853988137,0.8835694902652019,0.21703864191029523,0.02739296596799348,0.7523066288716084,0.18611526328164177,0.02710843675241277,,,,,,,,,,,,,,,,,,,,,,,,,,,,,,,,,
757,1.8412492687050332e-06,1.8412492687050332e-06,1.0,8.535709381103516,4.6203552581168505,3.1294043966241785,3.1294043966241785,3.1292183785825163,0.0,0.0,0.31084884662885925,1.354627200075098,0.07969848026294966,1.4545703385327313,0.08163209672312478,0.015474709625532096,0.3515724016202463,0.0,0.0,0.0,0.0,0.9944500600969469,413.185415731894,77.29708862304688,500.1178283691406,500.1178283691406,1.192203402519226,0.6642253398895264,0.25,3.9666976928710938,0.716815173625946,0.5317702293395996,0.00010322101501963147,0.0,5.581892491997899,4.188832958002348,0.24956760381763282,0.8853836381757582,0.21689076198113932,0.02751030048003068,0.752398025345158,0.18607226376597946,0.027084954233991133,,,,,,,,,,,,,,,,,,,,,,,,,,,,,,,,,
758,1.8308216394984329e-06,1.8308216394984329e-06,1.0,8.561326684178534,4.6151457219510466,3.1588658255499764,3.1588658255499764,3.158777075844842,0.0,0.0,0.3118825764269442,1.3578276956403577,0.08046683588543453,1.4516402096361727,0.08314779733081122,0.014459925741460678,0.35381439932294795,0.0,0.0,0.0,0.0,0.9903411929671829,416.9792744404561,85.56007385253906,500.1178283691406,500.1178283691406,1.1923754215240479,0.6667286157608032,0.25,3.976325035095215,0.7166986465454102,0.5310400724411011,0.00010711614766188171,0.0,5.344756877100146,3.9703893532624117,0.2571431321275387,0.885181678308023,0.2171442001252561,0.027338343496258195,0.7527305773786597,0.1859983979044734,0.02696332526770798,,,,,,,,,,,,,,,,,,,,,,,,,,,,,,,,,
759,1.820428096208613e-06,1.820428096208613e-06,1.0,8.594134833361652,4.673398688032821,3.1306020375844597,3.1306020375844597,3.130459772573935,0.0,0.0,0.31313881600225296,1.3606037062567633,0.08014606603899517,1.4568992820945945,0.08382331781290672,0.016512333484668587,0.353220410040907,0.0,0.0,0.0,0.0,0.9972230679280049,417.1844218486064,86.56863403320312,500.1178283691406,500.1178283691406,1.1902590990066528,0.6702789664268494,0.25,3.9688148498535156,0.715491533279419,0.5334687232971191,7.465670897646301e-05,0.0,5.865101769163802,4.058436540333,0.308036467215194,0.8837212130830094,0.2166527566072103,0.027291308685734466,0.7523713224642986,0.1862506395256197,0.02701212148609999,,,,,,,,,,,,,,,,,,,,,,,,,,,,,,,,,
760,1.8100687424491946e-06,1.8100687424491946e-06,1.0,8.538116351978198,4.620395673287882,3.13246911280864,3.13246911280864,3.132366219082394,0.0,0.0,0.31332578127448624,1.3493799583331958,0.08045304627031893,1.4437968602051605,0.08354234987416782,0.016243784203873696,0.35400117812929927,0.0,0.0,0.0,0.0,0.9793573859575633,419.61774588919974,89.31660461425781,500.1178283691406,500.1178283691406,1.1938930749893188,0.666935920715332,0.25,3.9680709838867188,0.717663586139679,0.5326029062271118,6.816482123937927e-05,0.0,6.010801718041703,4.343088762180225,0.27745266506725036,0.8864651274036717,0.21703602897154317,0.027444088378468075,0.7521792344144873,0.18626328336225972,0.027094463591237326,103.41011441408934,182.09211772788433,0.27359555379406414,35.52430674793956,103.41011502114144,126.82883582559681,151.25438907274176,182.76605198336375,44.13734980991909,77.70762971390126,184.50859003481656,0.6354246971620038,0.8394681227840348,0.03291774242469289,-0.3720255792898744,0.8128141933314077,0.7545389667363189,0.7480566667529114,0.5356721372275293,0.9497243817208068,0.9857117574123178,0.9954197696753979,0.44972438172080675,0.1857117574123177,0.04541976967539796,0.006128426025257959,0.7098671914858059,0.5274725274725275,0.4725274725274725,0.5503663003663004,0.46248224058321546,0.44825102806418804,0.44438911462714387
761,1.7997436814929641e-06,1.7997436814929641e-06,1.0,8.563594431490511,4.65878059412982,3.1069050286267257,3.1069050286267257,3.106712837476988,0.0,0.0,0.31155747094669856,1.3940777166469678,0.08179221282134184,1.4600717280362103,0.08473506247675097,0.016989760516161048,0.3640959923331802,0.0,0.0,0.0,0.0,1.0303497298343762,419.39199086782094,91.43470001220703,500.1178283691406,500.1178283691406,1.188002586364746,0.6751874089241028,0.25,3.9776554107666016,0.7151666283607483,0.5367125272750854,9.802750482996448e-05,0.0,5.83164243118183,4.360341872717883,0.25229608567852063,0.8835426730078619,0.2157684037008801,0.026826668228652026,0.7537729321299372,0.18558373483451637,0.026679863851215388,,,,,,,,,,,,,,,,,,,,,,,,,,,,,,,,,
762,1.7894530162708363e-06,1.7894530162708363e-06,1.0,8.516276192020726,4.595519136738133,3.13280175827645,3.13280175827645,3.1326138264424093,0.0,0.0,0.3130766394976023,1.3458151817321777,0.07972093017117397,1.4606665082879968,0.08431415330316569,0.016307275553510803,0.35091059232080307,0.0,0.0,0.0,0.0,0.9827113103222203,415.87035720412797,80.69083404541016,500.1178283691406,500.1178283691406,1.1899288892745972,0.6650350689888,0.25,3.9738073348999023,0.7149785161018372,0.5305019021034241,0.0001324345098365083,0.0,6.540197328941242,4.4349861596081706,0.321888020108695,0.8829262288841041,0.21710990490140142,0.027450153402782774,0.7520974326778103,0.1864360268857028,0.0270536022915228,,,,,,,,,,,,,,,,,,,,,,,,,,,,,,,,,
763,1.779196849370839e-06,1.779196849370839e-06,1.0,8.54106058945527,4.6448893547058105,3.1039399005271293,3.1039399005271293,3.103778465374096,0.0,0.0,0.31138406331474716,1.3672563159787976,0.07928617983251005,1.46581752235825,0.08413213088705733,0.016560327991641855,0.34891739890382095,0.0,0.0,0.0,0.0,1.0058679612907204,415.036996377481,80.06289672851562,500.1178283691406,500.1178283691406,1.198259711265564,0.6840407252311707,0.25,3.9753808975219727,0.7197104692459106,0.5421327948570251,0.00011620479049379895,0.0,6.845898252081227,4.6095327187228845,0.32667233005960367,0.8888815657512562,0.21808707472440358,0.027649068248433037,0.752160990560377,0.1861581745985392,0.0271380477257677,,,,,,,,,,,,,,,,,,,,,,,,,,,,,,,,,
764,1.7689752830370822e-06,1.7689752830370822e-06,1.0,8.551159665391252,4.627999254175134,3.1388002601829736,3.1388002601829736,3.1386372720873035,0.0,0.0,0.312377276452812,1.3550087439047325,0.08045492079612371,1.4455804792610374,0.08034746791865374,0.014544887103241038,0.35305274660522873,0.0,0.0,0.0,0.0,0.977131057429958,417.8610534667969,84.56327056884766,500.1178283691406,500.1178283691406,1.1988534927368164,0.6730237603187561,0.25,3.9733924865722656,0.7205231189727783,0.5358337163925171,7.595508652387976e-05,0.0,6.193672199507017,4.231942759977804,0.3167312341272042,0.8899867599074905,0.21793024604384964,0.02760874817298876,0.7526188138368968,0.18592591140721296,0.02703591758334959,,,,,,,,,,,,,,,,,,,,,,,,,,,,,,,,,
765,1.7587884191687455e-06,1.7587884191687455e-06,1.0,8.59608759751191,4.6691913346986516,3.1353598736427926,3.1353598736427926,3.1352686430956864,0.0,0.0,0.3110793901456369,1.3695344344989673,0.08119998741391543,1.4588289647488981,0.08382653998764786,0.015916874128821736,0.35806451778154114,0.0,0.0,0.0,0.0,0.9931445202311954,417.39145804740286,85.89495086669922,500.1178283691406,500.1178283691406,1.196691870689392,0.6711900234222412,0.25,3.978342056274414,0.7202488780021667,0.5354077219963074,0.00010192263747221472,0.0,4.840068533613875,3.818587699451962,0.21104677073636735,0.8899098538063668,0.21687594418590134,0.02721929343769679,0.7534485008265521,0.18549393157701236,0.026856988165024166,112.21287635132506,202.89597290573823,0.2999379307236913,50.90609483404474,112.2128772189414,133.0605572189861,157.1417320236674,188.2966358141469,43.59096581595285,88.3381488415622,189.6083811884341,0.645569788891844,0.8485861084672185,0.019871171258958528,-0.3728989939154238,0.8260385984326268,0.7734582764342895,0.7640725705406635,0.5303936996169363,0.9468589481092342,0.9847962303536665,0.9952593967382533,0.4468589481092342,0.18479623035366644,0.0452593967382533,0.006900707353644124,0.6863748917223171,0.5659340659340659,0.4340659340659341,0.5622710622710623,0.47536943533590864,0.4608201466418885,0.45691385259340095
766,1.7486363593190508e-06,1.7486363593190508e-06,1.0,8.496113931810534,4.564175309361638,3.14818169619586,3.14818169619586,3.1480656894477637,0.0,0.0,0.3116400709023347,1.3528895281456612,0.08066620999896848,1.4475638415362384,0.07973922658208255,0.015563759468244138,0.3515070644584862,0.0,0.0,0.0,0.0,0.9748621180250838,416.8793005041174,81.96153259277344,500.1178283691406,500.1178283691406,1.19919753074646,0.6741459965705872,0.25,3.9578285217285156,0.7206989526748657,0.5368125438690186,8.049940793983838e-05,0.0,5.865065535178056,4.130497516812505,0.2957457180933089,0.8901636938791018,0.21816311736364621,0.027561181250053482,0.752474536766877,0.18601791399556236,0.027050500282564678,,,,,,,,,,,,,,,,,,,,,,,,,,,,,,,,,
767,1.738519204694264e-06,1.738519204694264e-06,1.0,8.530086916846198,4.61348091589438,3.12654228468199,3.12654228468199,3.126426819208506,0.0,0.0,0.3119078294650928,1.3665606427837063,0.08057912318287669,1.461078708236282,0.08119561608780075,0.015261610812583083,0.35274141704713974,0.0,0.0,0.0,0.0,0.99070526297028,418.2994491989548,88.27604675292969,500.1178283691406,500.1178283691406,1.1956443786621094,0.6725452542304993,0.25,3.962892532348633,0.718769907951355,0.5351312160491943,0.00011295884662525708,0.0,4.779142479638796,3.7582651199521244,0.21361099068212513,0.8878638389948252,0.21727516240364797,0.027381126340982075,0.7526726400530016,0.1859066744108458,0.027018085675867828,,,,,,,,,,,,,,,,,,,,,,,,,,,,,,,,,
768,1.7284370561526773e-06,1.7284370561526773e-06,1.0,8.44736706243979,4.525833671157424,3.1367077569703796,3.1367077569703796,3.136519722036413,0.0,0.0,0.3126751563033542,1.340848366956453,0.07943500870385685,1.4554528610126392,0.08347509811456139,0.015303189476096147,0.34502436744200216,0.0,0.0,0.0,0.0,0.9624956064933056,418.670351595492,87.58907318115234,500.1178283691406,500.1178283691406,1.1975815296173096,0.6752358675003052,0.25,3.965524673461914,0.7200067639350891,0.5383182764053345,0.00010516858134075659,0.0,5.101611555428119,3.9697333993138493,0.22186678539057922,0.8893923147304638,0.21760499437113065,0.027557104624606466,0.7522506037273923,0.18611598860573125,0.02711536458416565,,,,,,,,,,,,,,,,,,,,,,,,,,,,,,,,,
769,1.7183900142036084e-06,1.7183900142036084e-06,1.0,8.578679239427721,4.6439292302002775,3.1463135513099463,3.1463135513099463,3.146204374931954,0.0,0.0,0.31060257715147893,1.365968388480109,0.08096008888773017,1.4513649070585095,0.08279883056073575,0.016405919919142854,0.3542432676295976,0.0,0.0,0.0,0.0,0.9906943988155674,418.5160720412796,88.27604675292969,500.1178283691406,500.1178283691406,1.1935490369796753,0.6745107173919678,0.25,3.9637222290039062,0.7184756994247437,0.5383308529853821,6.037455595487878e-05,0.0,5.097321104358983,4.000673911056003,0.21514186978826585,0.8877165559175852,0.2163222863062008,0.02725739842532454,0.7533108237627391,0.1855492893908475,0.02690514106605504,,,,,,,,,,,,,,,,,,,,,,,,,,,,,,,,,
770,1.7083781790063893e-06,1.7083781790063893e-06,1.0,8.571706952275457,4.6577972721409155,3.1189760066367485,3.1189760066367485,3.118865528622189,0.0,0.0,0.3107968536583153,1.3860217010652698,0.08051313701513652,1.4690018924506936,0.08075626858988323,0.01567115948057255,0.3550080769770854,0.0,0.0,0.0,0.0,1.003761430044432,417.9975717905405,86.56863403320312,500.1178283691406,500.1178283691406,1.1959240436553955,0.6753779053688049,0.25,3.971475601196289,0.7191057801246643,0.5366214513778687,0.00011815235681492407,0.0,5.268679233821663,3.998687771526543,0.24104550797903204,0.8883386012670156,0.21713081042508822,0.02739248877844295,0.7531057370675577,0.1856327669040577,0.02695465027480512,111.5112513238257,207.72843772646408,0.3052106013887328,53.93256506029066,111.51125285379219,133.7639989403686,158.41469772437455,189.9904236146495,55.63397107805525,87.76116130148718,186.61782903256625,0.643480097323347,0.8398342460807364,0.035492101272568195,-0.36867878626339595,0.8130078240461254,0.7564317865004354,0.7526044412980154,0.5396332019289606,0.9478907325721587,0.9852041692811607,0.9953014362460484,0.4478907325721587,0.18520416928116068,0.04530143624604843,0.006125830993912575,0.7071927521812535,0.5824175824175825,0.4175824175824176,0.5567765567765568,0.4765338275049414,0.46139199622384797,0.45717248779076797
771,1.6984016503693824e-06,1.6984016503693824e-06,1.0,8.545847067961821,4.617520164799046,3.142291520092938,3.142291520092938,3.142234144984065,0.0,0.0,0.3115707378129701,1.3636438234432324,0.08017377817147486,1.4508059830278963,0.07950748372319583,0.013516688895587986,0.35122542123536804,0.0,0.0,0.0,0.0,0.9814758365218704,418.06874785552156,88.62154388427734,500.1178283691406,500.1178283691406,1.1993376016616821,0.677564799785614,0.25,3.98443603515625,0.721542239189148,0.5389731526374817,9.283399464029749e-05,0.0,4.592077738529927,3.6265520002390885,0.2102590141690272,0.89152911547068,0.21713317850151578,0.027430434182688996,0.7533884982804995,0.1852874083293451,0.026978739914861886,,,,,,,,,,,,,,,,,,,,,,,,,,,,,,,,,
772,1.6884605277489718e-06,1.6884605277489718e-06,1.0,8.568725199312777,4.632634678402463,3.145899166931977,3.145899166931977,3.14580022322165,0.0,0.0,0.3115059008469453,1.3672394269221537,0.0805622081498842,1.4608265773670093,0.08170061618895144,0.016056996380054468,0.35020238241633855,0.0,0.0,0.0,0.0,0.9918491421519099,416.22896926467484,81.6419906616211,500.1178283691406,500.1178283691406,1.1964356899261475,0.6710284948348999,0.25,3.967470169067383,0.7200591564178467,0.536369264125824,7.660427529758814e-05,0.0,4.936108131666441,3.9648168650833338,0.19677268825454142,0.8897154846706906,0.21660726738942637,0.02737578799998438,0.7534784900175558,0.185279541724437,0.02694646339561488,,,,,,,,,,,,,,,,,,,,,,,,,,,,,,,,,
773,1.6785549102485826e-06,1.6785549102485826e-06,1.0,8.567954566027668,4.648174981813173,3.1313403232677564,3.1313403232677564,3.131232976913452,0.0,0.0,0.3119213959655246,1.3621182425602063,0.08079487709580241,1.4536036865131274,0.08250481313144839,0.0164786639396806,0.35060481082748723,0.0,0.0,0.0,0.0,0.9813308683601586,419.79013886322844,88.27604675292969,500.1178283691406,500.1178283691406,1.195183515548706,0.6750420331954956,0.25,3.96429443359375,0.719018816947937,0.5380032062530518,0.0001097129027567152,0.0,5.331852742143579,3.991509762970177,0.2513840955469712,0.8883337362392528,0.216662230926591,0.02744796353618841,0.7533903814650871,0.18536270591052803,0.026950040882503665,,,,,,,,,,,,,,,,,,,,,,,,,,,,,,,,,
774,1.6686848966176855e-06,1.6686848966176855e-06,1.0,8.560314809953844,4.642143700573896,3.126059390403129,3.126059390403129,3.125955072609154,0.0,0.0,0.31286212238105565,1.372395531551258,0.08108699825164434,1.4586004437627018,0.08207988094639133,0.01720399282419601,0.355043103968775,0.0,0.0,0.0,0.0,1.0006266107430328,417.29260583826016,84.23358917236328,500.1178283691406,500.1178283691406,1.1949809789657593,0.672170102596283,0.25,3.963075876235962,0.7194786071777344,0.5370261669158936,0.00010776533643559009,0.0,6.106734844478401,4.474794613348471,0.267236137263353,0.8890343775620332,0.2163237139985368,0.0272248032930735,0.75371181642687,0.1853099034444706,0.0268316598156014,,,,,,,,,,,,,,,,,,,,,,,,,,,,,,,,,
775,1.658850585250813e-06,1.658850585250813e-06,1.0,8.536220937161833,4.61242911622331,3.133776162121747,3.133776162121747,3.1336432340982796,0.0,0.0,0.3116774526802269,1.3638386436410852,0.08004294305637076,1.4575867234049618,0.08327227216717359,0.017654818161768285,0.35206510569598226,0.0,0.0,0.0,0.0,1.0159834365586977,415.62968073664484,81.00665283203125,500.1178283691406,500.1178283691406,1.1944096088409424,0.6726256608963013,0.25,3.95513916015625,0.7187287211418152,0.5370015501976013,0.00010516858134075659,0.0,6.1581821038916305,4.455582992450611,0.2764775517705251,0.8879418808060724,0.21673454908100334,0.027356911299599183,0.7536408256840061,0.18532084935420268,0.026859251782298088,117.04928725106376,199.00158247452651,0.3120205653299842,63.266191482543945,117.04928494286443,138.1265469326152,163.06855214824864,194.20625397262117,47.607154846191406,91.32509107367937,199.7561618970788,0.6432187378643357,0.8403946913713859,0.04165990433356189,-0.35825600241255123,0.8139638902431044,0.7597368589689185,0.7599037590505455,0.5425481867394367,0.9468755563098447,0.9850303021810201,0.9953185634529279,0.44687555630984466,0.18503030218102,0.04531856345292795,0.006351079714691874,0.7014011612246265,0.6043956043956044,0.3956043956043956,0.5650183150183151,0.4815906639937516,0.46624543182142486,0.4618982225247137
776,1.6490520741865844e-06,1.6490520741865844e-06,1.0,8.650186951095993,4.703766320202802,3.1549179876172864,3.1549179876172864,3.154868828283774,0.0,0.0,0.31268710945103617,1.3660276741594881,0.08028110167061961,1.4653575484817092,0.08261384271286629,0.015182874756991057,0.3453872993185714,0.0,0.0,0.0,0.0,0.9635447457030013,419.3530578613281,86.9074478149414,500.1178283691406,500.1178283691406,1.196128487586975,0.6756080985069275,0.25,3.968700408935547,0.7195496559143066,0.5383118391036987,6.751563246567089e-05,0.0,5.143290832236007,3.836100971376574,0.25415437382356654,0.8889777467057511,0.21687554346548543,0.027437285545307236,0.753175447116027,0.18549698671779116,0.026986905902221397,,,,,,,,,,,,,,,,,,,,,,,,,,,,,,,,,
777,1.6392894611067212e-06,1.6392894611067212e-06,1.0,8.567613202172357,4.666416554837613,3.1056789900805497,3.1056789900805497,3.1055822050249255,0.0,0.0,0.31206265816817413,1.3817789457939766,0.08120570130444862,1.4645821629343807,0.08358938367785634,0.016936351985645456,0.35517065589492386,0.0,0.0,0.0,0.0,1.0162699834720508,415.67741352803,79.7507553100586,500.1178283691406,500.1178283691406,1.1983566284179688,0.6830687522888184,0.25,3.967327117919922,0.7208812236785889,0.5422217845916748,0.00013373288738392503,0.0,6.093032326247241,4.390396108498445,0.2794398792887197,0.8906878877330471,0.21707322951909658,0.02730028593056911,0.7537273684063474,0.1851617577108177,0.026900418908209413,,,,,,,,,,,,,,,,,,,,,,,,,,,,,,,,,
778,1.6295628433350789e-06,1.6295628433350789e-06,1.0,8.677486935177365,4.732515902132602,3.1562403279381828,3.1562403279381828,3.156195949863743,0.0,0.0,0.3115952119633958,1.3659609685073029,0.08080772340700433,1.4530457838161572,0.08210607547615026,0.015856792256739492,0.3523898366335276,0.0,0.0,0.0,0.0,0.9986008164044973,419.0196434227196,87.931884765625,500.1178283691406,500.1178283691406,1.1925430297851562,0.6745909452438354,0.25,3.9756669998168945,0.7176287770271301,0.5374236702919006,9.283399464029749e-05,0.0,5.7147133962528125,4.225961247005978,0.26051212825878933,0.8866515240153751,0.21613693116484461,0.027249746175633895,0.7537807564477663,0.18513274112263242,0.026888770781256056,,,,,,,,,,,,,,,,,,,,,,,,,,,,,,,,,
779,1.6198723178366716e-06,1.6198723178366716e-06,1.0,8.512186346827326,4.61147876687952,3.1123778562288025,3.1123778562288025,3.1122672493393355,0.0,0.0,0.31283043445767583,1.3572230113519204,0.07946632258795402,1.4589476005451099,0.08162376133574022,0.016785374848876853,0.34808416302139694,0.0,0.0,0.0,0.0,0.9973854132600732,416.7266152871622,81.96153259277344,500.1178283691406,500.1178283691406,1.1966562271118164,0.6764853000640869,0.25,3.979572296142578,0.7205431461334229,0.540118932723999,9.283399464029749e-05,0.0,5.6595959244547664,4.3333083391189575,0.23434315859989258,0.8904072255701632,0.21639106442799438,0.027305128052830696,0.7538005951288584,0.18513596138438662,0.026869688434778032,,,,,,,,,,,,,,,,,,,,,,,,,,,,,,,,,
780,1.610217981216711e-06,1.610217981216711e-06,1.0,8.565449817760571,4.637203564514985,3.1340674838504277,3.1340674838504277,3.1339215201300545,0.0,0.0,0.3108452123564643,1.3724213645264909,0.08031456031509347,1.4665313669153162,0.08552273604515437,0.016151457295023108,0.35499964130891337,0.0,0.0,0.0,0.0,1.010692760751054,415.5262789339633,82.6043701171875,500.1178283691406,500.1178283691406,1.1905831098556519,0.6651302576065063,0.25,3.962148666381836,0.7173957228660583,0.5330758690834045,9.348318341400585e-05,0.0,5.028957508705758,4.038856944522342,0.19687988265349765,0.8865102320104032,0.21550632127233454,0.02708954313719595,0.7543838813498214,0.18497766795996073,0.02668546945662112,107.47912281162137,192.01914148886618,0.2813315492487641,40.77688353402274,107.47912402597532,129.14318820415332,153.79250342938673,185.29508327877605,40.75697653634207,81.94527887743573,189.23827262546706,0.6384805734203377,0.8411764825735574,0.03287336064056595,-0.37085937136370967,0.8152933389025422,0.7579530815059888,0.7514545249717652,0.5362133813982924,0.9488825535523644,0.9854470642150887,0.9953175254403898,0.4488825535523644,0.1854470642150886,0.045317525440389805,0.006259215605065293,0.7132303521094231,0.5274725274725275,0.4725274725274725,0.5448717948717949,0.4675463463824529,0.45323483969320305,0.449377045321923
781,1.6005999297196394e-06,1.6005999297196394e-06,1.0,8.592746244894492,4.675116216814196,3.1288958046887374,3.1288958046887374,3.1288231643470557,0.0,0.0,0.3106102605123778,1.3546351677662618,0.07914432279161505,1.4644526919803105,0.0843106681430662,0.01532807870692498,0.34484831344436956,0.0,0.0,0.0,0.0,0.9906077900448361,416.1536980706292,84.56327056884766,500.1178283691406,500.1178283691406,1.195745587348938,0.6693559885025024,0.25,3.9609756469726562,0.7191998958587646,0.5339719653129578,0.00012139830068346594,0.0,5.126906461006886,3.9386916514989494,0.2317605789270788,0.8885048450650396,0.21693621012004646,0.027447692244439513,0.7534381924448786,0.18536847789545316,0.026929327765026607,,,,,,,,,,,,,,,,,,,,,,,,,,,,,,,,,
782,1.5910182592281728e-06,1.5910182592281728e-06,1.0,8.559276941660288,4.639594413138725,3.129813967524348,3.129813967524348,3.1297798801112817,0.0,0.0,0.31242969954336014,1.36745070444571,0.0810547635160588,1.4538421566421922,0.08259439780502706,0.015778213412173697,0.3525158307842306,0.0,0.0,0.0,0.0,0.9827794110452807,419.44960723052156,88.62154388427734,500.1178283691406,500.1178283691406,1.197448968887329,0.6824265718460083,0.25,3.9740076065063477,0.720855176448822,0.5419822335243225,0.00012139830068346594,0.0,4.815942303554432,3.751187666042431,0.2210895750819426,0.890789452436808,0.21654025686753764,0.02717727911029313,0.7543002093160475,0.18489116390009183,0.026751026309825277,,,,,,,,,,,,,,,,,,,,,,,,,,,,,,,,,
783,1.5814730652623395e-06,1.5814730652623395e-06,1.0,8.57437463708826,4.6553630055607975,3.12960443625579,3.12960443625579,3.129467803078729,0.0,0.0,0.31007970909814575,1.3629546390997398,0.07961288436844542,1.4587340548231795,0.08370994736213942,0.01723278031961338,0.35256714192596644,0.0,0.0,0.0,0.0,1.016914124424393,415.9763332057644,84.89423370361328,500.1178283691406,500.1178283691406,1.1906558275222778,0.6689882278442383,0.25,3.9778270721435547,0.7178813219070435,0.5352597236633301,0.00010906371398300684,0.0,5.6806637725314575,4.312678697946909,0.24081430082156352,0.8873137042329118,0.2148685233818518,0.02690422922574185,0.7548915486078005,0.1846431264200726,0.026602125097368215,,,,,,,,,,,,,,,,,,,,,,,,,,,,,,,,,
784,1.5719644429785364e-06,1.5719644429785364e-06,1.0,8.518103625323322,4.616005807309537,3.109115948548188,3.109115948548188,3.108998865694613,0.0,0.0,0.3118796711032455,1.3703767125670974,0.08023906176960147,1.4663312853993595,0.08299590798245894,0.016305416319015865,0.35465238706485647,0.0,0.0,0.0,0.0,1.0204794068594236,416.213510049356,85.56007385253906,500.1178283691406,500.1178283691406,1.1929579973220825,0.6743478775024414,0.25,3.9731922149658203,0.7186007499694824,0.5377507209777832,0.00012009992313604919,0.0,5.259973783750792,4.0531492829322815,0.22943545926914216,0.8880638834592458,0.2156267029208106,0.027050835055273934,0.7546322361843006,0.18467978086020495,0.02670204166222263,,,,,,,,,,,,,,,,,,,,,,,,,,,,,,,,,
785,1.5624924871685734e-06,1.5624924871685734e-06,1.0,8.553140511383882,4.657010349067482,3.1068136756484575,3.1068136756484575,3.106623366072371,0.0,0.0,0.31103806157369873,1.3637847030484997,0.08017646410578005,1.457718849182129,0.0829963603535214,0.01610893150791526,0.3512927909960618,0.0,0.0,0.0,0.0,0.9942376855257395,418.3612712138408,87.24759674072266,500.1178283691406,500.1178283691406,1.198380947113037,0.6766589283943176,0.25,3.970703125,0.7224321365356445,0.5412012338638306,7.465670897646301e-05,0.0,6.224192095769419,4.52073579865533,0.27368311756829095,0.8930602218653705,0.21573152252145716,0.02706928354864185,0.7549439443124307,0.1844264264847781,0.02666525124899439,107.38438398759443,202.2062181422814,0.29237068880767614,44.75637498792711,107.38438390545052,130.28900952506828,154.45113807112935,186.19620439079176,50.88287244524275,83.96047979547072,181.67121489151666,0.6409720832924122,0.8428177989847787,0.03046836117238206,-0.37188336340129335,0.8175512306533405,0.7607526134385866,0.755559928596333,0.5354082469751241,0.9482618220545486,0.9851699148674017,0.9952744479200564,0.44826182205454856,0.18516991486740164,0.045274447920056415,0.006552973153362719,0.7085774609071503,0.5274725274725275,0.4725274725274725,0.5485347985347986,0.47004927170800637,0.4556466931743281,0.451789079950406
786,1.553057292258734e-06,1.553057292258734e-06,1.0,8.567149342717352,4.628788045934729,3.1497054808848612,3.1497054808848612,3.1495749499346757,0.0,0.0,0.31191126398138097,1.3616159509968113,0.08066886341249621,1.4560306555516012,0.08275506031271573,0.014923411597673958,0.34975829317763046,0.0,0.0,0.0,0.0,0.9778548422697428,423.01273902686864,97.71267700195312,500.1178283691406,500.1178283691406,1.1937963962554932,0.6757851839065552,0.25,3.9649810791015625,0.7191550135612488,0.5379924774169922,0.00010841452520929847,0.0,5.2286539238852425,3.964007706255526,0.24186841126597244,0.8887640737198494,0.21574277128722216,0.027030202232905337,0.7548158394323813,0.18463911961864782,0.02662786005719288,,,,,,,,,,,,,,,,,,,,,,,,,,,,,,,,,
787,1.5436589523088247e-06,1.5436589523088247e-06,1.0,8.62318265760267,4.710408636041589,3.1220304837097994,3.1220304837097994,3.1219282601330733,0.0,0.0,0.31053865600276637,1.3668998673155501,0.08077008639638489,1.4571313858032227,0.08463953848223428,0.01663604620340708,0.35551345952459285,0.0,0.0,0.0,0.0,1.012249376322772,416.4518878008868,82.6043701171875,500.1178283691406,500.1178283691406,1.1987441778182983,0.677686333656311,0.25,3.976682662963867,0.7224696278572083,0.5410030484199524,9.672912728254773e-05,0.0,5.316588730425448,4.208325282947437,0.20845386086302084,0.8930490161921527,0.21596763101783958,0.027131139275592728,0.7550701080141841,0.18431750544019648,0.026663954143185873,,,,,,,,,,,,,,,,,,,,,,,,,,,,,,,,,
788,1.5342975610112503e-06,1.5342975610112503e-06,1.0,8.506769399385195,4.613234674608385,3.104331532040158,3.104331532040158,3.104208759359411,0.0,0.0,0.31133333331829793,1.3610025869833458,0.08033234042090338,1.4576390111768567,0.08392346237559577,0.015378775861668022,0.35012672277721196,0.0,0.0,0.0,0.0,0.9870530431335037,417.5301513671875,85.89495086669922,500.1178283691406,500.1178283691406,1.2009741067886353,0.6879619359970093,0.25,3.972662925720215,0.7237093448638916,0.5469946265220642,0.00012139830068346594,0.0,5.42776150477899,4.125029958583213,0.24001267282078603,0.8946085459477192,0.21625715373335658,0.02708231134189142,0.7549588583611153,0.1843430113953513,0.02668181821905278,,,,,,,,,,,,,,,,,,,,,,,,,,,,,,,,,
789,1.5249732116900692e-06,1.5249732116900692e-06,1.0,8.571034495894974,4.654214349952904,3.1222859266641976,3.1222859266641976,3.1221824272258862,0.0,0.0,0.3119390486059962,1.3696952897149164,0.0797658855649265,1.4714266899469737,0.08484510946515444,0.01643928569565351,0.34950611317479935,0.0,0.0,0.0,0.0,1.007599054156123,415.5909630027977,80.37625122070312,500.1178283691406,500.1178283691406,1.1953123807907104,0.6804651021957397,0.25,3.9592645168304443,0.7201289534568787,0.5425904393196106,0.00011555560172009057,0.0,7.027158049312797,4.7959752437230705,0.3175085560809209,0.8900117406973967,0.21583685077525475,0.027123828393381996,0.7549866389583897,0.18438553407385544,0.026651885209454072,,,,,,,,,,,,,,,,,,,,,,,,,,,,,,,,,
790,1.5156859973000702e-06,1.5156859973000702e-06,1.0,8.584478674708185,4.703796193406388,3.09460592914272,3.09460592914272,3.094457162393106,0.0,0.0,0.3091621173394693,1.3424550971469364,0.07892560304419415,1.4635840493279535,0.08572276228585758,0.016112721097227688,0.3423386296710452,0.0,0.0,0.0,0.0,0.9773975127452129,415.6437617121516,77.90332794189453,500.1178283691406,500.1178283691406,1.1963011026382446,0.6689841151237488,0.25,3.9774837493896484,0.7209718227386475,0.5370107293128967,9.99750711510896e-05,0.0,6.227956530210134,4.1908379245448755,0.3270926179050459,0.8911182348792618,0.21577704476343618,0.02731315600308212,0.7547757222845748,0.18440454956647512,0.0267310663554314,108.67276439037951,187.75193856843214,0.30129698847429587,48.60814983242161,108.67276556090124,133.10307561738097,157.50199113044562,189.2285939830703,58.13373565673828,85.80565539811009,180.49081354555875,0.6417589167497879,0.8339699733727524,0.04865301200494426,-0.36094609585618137,0.8044478699192482,0.7453300097675307,0.744431783174248,0.5467402621496593,0.9485524655652315,0.985557612550402,0.9952697768636347,0.44855246556523154,0.18555761255040193,0.04526977686363476,0.005515479621478348,0.7309045915965618,0.5769230769230769,0.4230769230769231,0.5531135531135531,0.4725793691781851,0.4576851216318843,0.45342410630085966
791,1.5064360104258368e-06,1.5064360104258368e-06,1.0,8.510061586225355,4.590182613682103,3.1345900651570915,3.1345900651570915,3.1344695542309737,0.0,0.0,0.31279379612690694,1.3388259797482878,0.07923083430206454,1.4588985378677781,0.08376760589512619,0.01618006592616439,0.3422662704377561,0.0,0.0,0.0,0.0,0.9667187284778904,419.86667612436656,87.58907318115234,500.1178283691406,500.1178283691406,1.1947318315505981,0.6655833125114441,0.25,3.961118698120117,0.7202719449996948,0.5343220829963684,0.00010192263747221472,0.0,5.540768181955492,4.016882348704982,0.2750315088462496,0.8903494863896757,0.21521634749464086,0.02710374107433332,0.7550240159034729,0.18425184931304003,0.0266732096269324,,,,,,,,,,,,,,,,,,,,,,,,,,,,,,,,,
792,1.4972233432808356e-06,1.4972233432808356e-06,1.0,8.558343436266926,4.626766907202231,3.144403129010587,3.144403129010587,3.1442114404729895,0.0,0.0,0.3119524113229803,1.3644193410873413,0.08024306927581092,1.4508889333621875,0.08049721089569298,0.016627408249454724,0.3473721714438619,0.0,0.0,0.0,0.0,0.9865398551966693,420.59747314453125,87.58907318115234,500.1178283691406,500.1178283691406,1.1921660900115967,0.6759485006332397,0.25,3.9678421020507812,0.7193045616149902,0.5407889485359192,7.790265284500488e-05,0.0,5.430828871759209,4.087698031116176,0.24731599399631837,0.8893027450587299,0.2143979503496273,0.026780149169467592,0.7559876023112116,0.1836934460176004,0.02648791841961242,,,,,,,,,,,,,,,,,,,,,,,,,,,,,,,,,
793,1.4880480877064895e-06,1.4880480877064895e-06,1.0,8.584505416251517,4.617837989652479,3.1892740017658956,3.1892740017658956,3.1892708378869132,0.0,0.0,0.31192649941186645,1.3397721809309882,0.07980217321498974,1.4389189417297776,0.07736802936808483,0.012183311445688879,0.34400016311052684,0.0,0.0,0.0,0.0,0.9388024082054963,422.96844317461995,95.44915771484375,500.1178283691406,500.1178283691406,1.1976557970046997,0.6753114461898804,0.25,3.961261749267578,0.7216135859489441,0.5391747355461121,5.9076178407462037e-05,0.0,3.941207273586376,3.1891665490897925,0.19081481188180444,0.8919619515135482,0.21579602803732897,0.027208226556713518,0.7549860364681965,0.18415338364807335,0.02674019814947167,,,,,,,,,,,,,,,,,,,,,,,,,,,,,,,,,
794,1.4789103351712642e-06,1.4789103351712642e-06,1.0,8.581251943433607,4.643600966479327,3.138389097677695,3.138389097677695,3.1383202140395707,0.0,0.0,0.31136582026610504,1.3899317399875537,0.08120829249556,1.4693516621718536,0.08573004381882178,0.01771921792847885,0.36157361196505056,0.0,0.0,0.0,0.0,1.0418370124456044,419.0102802998311,90.01713562011719,500.1178283691406,500.1178283691406,1.1910312175750732,0.6745331287384033,0.25,3.969301223754883,0.7196440696716309,0.5400791168212891,0.00010516858134075659,0.0,5.912639840229137,4.435705189769332,0.24979276437757256,0.8899955008481,0.21345092154837944,0.026542020307199377,0.757184573121973,0.18309497148604006,0.02624591626226902,,,,,,,,,,,,,,,,,,,,,,,,,,,,,,,,,
795,1.4698101767697564e-06,1.4698101767697564e-06,1.0,8.546983757534543,4.645940741977176,3.1088632055231042,3.1088632055231042,3.1087828713494376,0.0,0.0,0.3123261453332128,1.366417263005231,0.08032834388919778,1.46330557320569,0.08420931165282791,0.015562143315233895,0.35200799921074427,0.0,0.0,0.0,0.0,0.9957787958351342,418.96468868771115,90.01713562011719,500.1178283691406,500.1178283691406,1.1999610662460327,0.6848124861717224,0.25,3.969644546508789,0.7238453030586243,0.5459027886390686,0.00010581777011446496,0.0,5.54068618851739,4.256593981304684,0.23175689138899075,0.8949909532392347,0.215412717815992,0.027092817516343015,0.7562308891399486,0.1834586230484215,0.026498889701591956,105.07378982711624,201.1361000388377,0.2847500420408025,39.63321710942866,105.07378687233482,128.3908127304069,152.58176626400822,184.39832288272117,46.23728942871094,82.08387425149134,178.4988900889521,0.6397121538901063,0.8447178622887054,0.025161379849754553,-0.37616321406886044,0.8197587216460465,0.7623048723482764,0.7556146529125587,0.5322485108152811,0.9486002141419866,0.9851969031933937,0.9952874230767833,0.4486002141419866,0.18519690319339366,0.04528742307678335,0.006634457137607765,0.7107988077387987,0.5384615384615384,0.46153846153846156,0.5494505494505495,0.4673413425929599,0.4532607631287077,0.4494928937855658
796,1.460747703221783e-06,1.460747703221783e-06,1.0,8.575364241728911,4.6403222663982495,3.1497770515648096,3.1497770515648096,3.1496795770284294,0.0,0.0,0.3101695534345266,1.3627951837874748,0.08080810046679265,1.4403218449773014,0.08280405311568363,0.0167760029183449,0.3511498739590516,0.0,0.0,0.0,0.0,0.9899350146989565,421.0951001966322,93.23808288574219,500.1178283691406,500.1178283691406,1.1944291591644287,0.6782837510108948,0.25,3.9645519256591797,0.7210737466812134,0.5424320101737976,8.634210690321375e-05,0.0,5.4608570965560705,4.025222325647199,0.2628955025785723,0.891644845137725,0.21432259759387454,0.026741194513601227,0.756298397038434,0.18344697477044286,0.026474549158199412,,,,,,,,,,,,,,,,,,,,,,,,,,,,,,,,,
797,1.451723004871483e-06,1.451723004871483e-06,1.0,8.620197979179588,4.682390238787677,3.141919793309392,3.141919793309392,3.1418805895624935,0.0,0.0,0.31125215743039103,1.380557053797954,0.08089871362254426,1.469515458957569,0.08406567070129756,0.016336191886079474,0.35348448962778656,0.0,0.0,0.0,0.0,0.9994700389939386,421.46823450036953,96.57428741455078,500.1178283691406,500.1178283691406,1.193833827972412,0.6699824333190918,0.25,3.965381622314453,0.7211408615112305,0.5382689833641052,6.686644369196252e-05,0.0,5.320279296990988,4.006768123523609,0.2468876350552247,0.8917529486321114,0.2142322703793242,0.026742864551173674,0.7562222287461564,0.18367009348160512,0.02641198512267422,,,,,,,,,,,,,,,,,,,,,,,,,,,,,,,,,
798,1.4427361716864124e-06,1.4427361716864124e-06,1.0,8.495913789078996,4.582610284959948,3.1209425024084143,3.1209425024084143,3.120866414662954,0.0,0.0,0.31202614549044017,1.3699705375207436,0.08050569650289174,1.4631781610282693,0.08334755796838451,0.016329449425275262,0.3508879139616683,0.0,0.0,0.0,0.0,0.9982125034203401,419.60612941432646,90.72313690185547,500.1178283691406,500.1178283691406,1.1950048208236694,0.6752806901931763,0.25,3.9571704864501953,0.7211691737174988,0.5411510467529297,8.309616303467187e-05,0.0,5.4163164415875,4.11210935019158,0.24079226268649517,0.8916374525508365,0.21483325917978544,0.02685206997636202,0.7560088344522424,0.18375129756089803,0.026472620313634742,,,,,,,,,,,,,,,,,,,,,,,,,,,,,,,,,
799,1.4337872932566437e-06,1.4337872932566437e-06,1.0,8.590201532518542,4.6759129086056275,3.120883477700723,3.120883477700723,3.120783277460047,0.0,0.0,0.3110651849089442,1.374641170372834,0.08094236899066616,1.461782851734677,0.08467491947718568,0.01653899536845652,0.3535037983108211,0.0,0.0,0.0,0.0,1.0047869472890287,420.17998525258656,92.15182495117188,500.1178283691406,500.1178283691406,1.1937099695205688,0.6715626120567322,0.25,3.972348213195801,0.7206511497497559,0.5388600826263428,9.932588237738122e-05,0.0,5.868208385802604,4.269163531226081,0.2724928546241153,0.8910843891066473,0.2143357915652765,0.026770561077707523,0.7561602415265264,0.18369637832448288,0.026426287821015797,,,,,,,,,,,,,,,,,,,,,,,,,,,,,,,,,
800,1.4248764587938821e-06,1.4248764587938821e-06,1.0,8.556855858983221,4.6496752726065145,3.117885157868669,3.117885157868669,3.1177620887756348,0.0,0.0,0.31046977639198303,1.3672524142909694,0.07987477479351533,1.4609849356316231,0.08114315337828688,0.01527268162651642,0.3512652633157936,0.0,0.0,0.0,0.0,0.994127510367213,422.02404867636193,98.86447143554688,500.1178283691406,500.1178283691406,1.1928014755249023,0.6734302639961243,0.25,3.983692169189453,0.7199388146400452,0.538591742515564,8.958805077175561e-05,0.0,4.835538693376489,3.820262246840709,0.20996139435849454,0.8901636181650935,0.21429117708592801,0.02673594739187408,0.7561783871135196,0.18373037914972049,0.02639809905274494,107.06869452340263,189.9859864034795,0.28872975377106797,48.26838537362906,107.0686954060201,128.64503242413593,153.1202002860942,184.36479237712211,43.71352277483259,83.09214883257252,183.94827270507812,0.6364484343224883,0.8405659829543116,0.03561187740834374,-0.37008845778010757,0.8141669993209567,0.7544498930907345,0.7493843816426669,0.5371278224660827,0.9489204410100069,0.9856484386474904,0.9955578253429723,0.44892044101000694,0.18564843864749037,0.04555782534297237,0.006100918692996893,0.7163366046298473,0.5604395604395604,0.43956043956043955,0.5540293040293041,0.4662904386091363,0.4517468615220143,0.44778763674772704
801,1.4160037571305702e-06,1.4160037571305702e-06,1.0,8.602702591870282,4.704394160090266,3.117825327692805,3.117825327692805,3.1177201528806946,0.0,0.0,0.3095094013858486,1.3466102207029187,0.07965836955888851,1.4476076815579388,0.07867490560621829,0.014889505666655463,0.3469615852510607,0.0,0.0,0.0,0.0,0.971338278538472,419.91637688714104,91.0782241821289,500.1178283691406,500.1178283691406,1.197556734085083,0.6711758375167847,0.25,3.9571704864501953,0.7222912311553955,0.5390588641166687,0.00011945073436234082,0.0,5.399057898972486,4.109554611347817,0.2388385736463539,0.8929913221178828,0.21524829679244273,0.02708236243877862,0.7554853800180796,0.1839002306396897,0.026632205457300752,,,,,,,,,,,,,,,,,,,,,,,,,,,,,,,,,
802,1.4071692767190003e-06,1.4071692767190003e-06,1.0,8.609776651537096,4.704288340903617,3.1089083504032446,3.1089083504032446,3.108864249409856,0.0,0.0,0.312531189338581,1.378598470945616,0.0805777025383872,1.4710247903256803,0.08440155193612382,0.016880024381837732,0.3519861698150635,0.0,0.0,0.0,0.0,1.009746300207602,418.71584753088047,86.56863403320312,500.1178283691406,500.1178283691406,1.1981834173202515,0.6781112551689148,0.25,3.9705886840820312,0.7229324579238892,0.5429338812828064,9.47815609614226e-05,0.0,6.7518619476137935,4.696547392252329,0.3044070763454876,0.8938813000111967,0.21508604529741648,0.026942899752710317,0.755903380948144,0.18375159155678106,0.026509707541884604,,,,,,,,,,,,,,,,,,,,,,,,,,,,,,,,,
803,1.398373105630439e-06,1.398373105630439e-06,1.0,8.589221838358286,4.668500230119035,3.1296114212757833,3.1296114212757833,3.129497869594677,0.0,0.0,0.3122352248913533,1.3749117239101514,0.08082242622166066,1.454283375997801,0.08238304446677903,0.014708971006896448,0.353470247742292,0.0,0.0,0.0,0.0,1.0028438664771415,421.73617306271115,96.1977767944336,500.1178283691406,500.1178283691406,1.1895809173583984,0.6686389446258545,0.25,3.978513717651367,0.7182978987693787,0.5363786816596985,9.218480586658911e-05,0.0,5.281115074415465,4.080623156315571,0.22731788669323189,0.8881472478041778,0.2137656606532432,0.0266213899327291,0.7563251691895563,0.1836210199304529,0.02637171876188871,,,,,,,,,,,,,,,,,,,,,,,,,,,,,,,,,
804,1.3896153315542427e-06,1.3896153315542427e-06,1.0,8.592084717106175,4.673936135060078,3.1222440938691833,3.1222440938691833,3.122155898326152,0.0,0.0,0.30974062713416844,1.3913654862223446,0.08175183903123881,1.4642502069473267,0.08295390352204039,0.016146562213229167,0.35674012110039993,0.0,0.0,0.0,0.0,1.0059910368274998,422.80977981154984,98.09510803222656,500.1178283691406,500.1178283691406,1.193440318107605,0.672381579875946,0.25,3.9633216857910156,0.7205842733383179,0.5385180115699768,9.283399464029749e-05,0.0,5.800203805034225,4.196086902876158,0.27656216162021596,0.8910720686654787,0.21406715504221013,0.026627234661498585,0.7564177593669376,0.18350831721280073,0.026383371318917017,,,,,,,,,,,,,,,,,,,,,,,,,,,,,,,,,
805,1.3808960417969897e-06,1.3808960417969897e-06,1.0,8.594028189375594,4.691665494764173,3.10497818122039,3.10497818122039,3.1048454207343026,0.0,0.0,0.3119967829536747,1.3855742957140949,0.08145832038811736,1.4639019676156946,0.08591373345336399,0.017177286067021055,0.35622995366921295,0.0,0.0,0.0,0.0,1.0181872909133498,418.59071391337625,87.58907318115234,500.1178283691406,500.1178283691406,1.192432165145874,0.6730879545211792,0.25,3.9605178833007812,0.7201681733131409,0.5388594269752502,0.0001097129027567152,0.0,5.34016583416913,4.037574333113593,0.24392341764386533,0.8905757842837153,0.21388484175140793,0.026558387923885037,0.7564374595075041,0.1836045187067341,0.026331401807633607,112.50773832300207,190.70625418962828,0.2965933443038247,55.70220366677085,112.50773925995604,132.8196680685767,157.31273065681722,188.13313954951772,42.39394160679409,86.17941186594409,197.0110141920007,0.6403584250469496,0.8460481572168213,0.029376782761797778,-0.36707528586758625,0.8219874434749579,0.7669656687488325,0.7608938230859884,0.5337560157804485,0.9476187732871625,0.9852737161212171,0.9954934685656068,0.4476187732871625,0.185273716121217,0.045493468565606876,0.006551416134555489,0.7013845530240159,0.5824175824175825,0.4175824175824176,0.5650183150183151,0.47265845344780566,0.45782933887708316,0.4537922883263001
806,1.3722153232816043e-06,1.3722153232816043e-06,1.0,8.531207600155392,4.622340292543979,3.1172872105160274,3.1172872105160274,3.1171718030362516,0.0,0.0,0.3120386503838204,1.371531428517522,0.07999637602148829,1.4601584092990771,0.08274609414306847,0.015555488423922577,0.35033707683150833,0.0,0.0,0.0,0.0,0.9917262244868923,421.7880125303526,97.71267700195312,500.1178283691406,500.1178283691406,1.1914844512939453,0.6744354963302612,0.25,3.9720191955566406,0.7188825011253357,0.5396854281425476,8.828967322433886e-05,0.0,5.581958915736224,4.15229489352252,0.25612227603168236,0.8888310612858953,0.21407755001171216,0.02673292492289801,0.7561637098724777,0.18363993675322146,0.026434663028733152,,,,,,,,,,,,,,,,,,,,,,,,,,,,,,,,,
807,1.3635732625464963e-06,1.3635732625464963e-06,1.0,8.736944971857843,4.829141636152525,3.118829359879365,3.118829359879365,3.1187200804014465,0.0,0.0,0.3102226257324219,1.372163959451624,0.08046296057668892,1.4570952750541069,0.08075191080570221,0.015642223640571575,0.3448434045185914,0.0,0.0,0.0,0.0,0.9727638138307108,425.0972562222867,104.01460266113281,500.1178283691406,500.1178283691406,1.1914036273956299,0.6803427934646606,0.25,3.962892532348633,0.7182965278625488,0.5411561727523804,8.76404844506305e-05,0.0,5.590482278450115,4.1447343697419035,0.2586087991515869,0.8880040258974642,0.21431544020369248,0.026733844264133555,0.7558881221590815,0.18377171456813812,0.02648668655672589,,,,,,,,,,,,,,,,,,,,,,,,,,,,,,,,,
808,1.354969945744688e-06,1.354969945744688e-06,1.0,8.490764733907339,4.590140755112107,3.113204562986219,3.113204562986219,3.1130918167732857,0.0,0.0,0.309298421080048,1.3675987043896236,0.08041916636599077,1.452180723886232,0.08184874923648061,0.014735495596117264,0.35275458645176244,0.0,0.0,0.0,0.0,0.9956041381165788,422.74994638803844,100.02985382080078,500.1178283691406,500.1178283691406,1.1933270692825317,0.6714407205581665,0.25,3.978928565979004,0.7203884124755859,0.5378894805908203,9.47815609614226e-05,0.0,4.505201504037187,3.6401355959273674,0.19201492038360976,0.8907918172913629,0.21411943234301903,0.02676598123601965,0.7566564163646182,0.18326815962791443,0.026369980662255675,,,,,,,,,,,,,,,,,,,,,,,,,,,,,,,,,
809,1.3464054586429675e-06,1.3464054586429675e-06,1.0,8.561013659915409,4.598982411461908,3.180473907573803,3.180473907573803,3.1804234272724874,0.0,0.0,0.3123594466093424,1.3274192294558964,0.0790762913388175,1.4516596214191333,0.08507691384167285,0.016257270975541825,0.33354393251844355,0.0,0.0,0.0,0.0,0.9387367722150441,424.5641718684016,96.95226287841797,500.1178283691406,500.1178283691406,1.1925685405731201,0.6732749938964844,0.25,3.9651241302490234,0.7192049026489258,0.5393627882003784,5.2584290670378293e-05,0.0,5.5695457039652645,4.01991547120584,0.27823278865566325,0.8892088339135453,0.21417746189478282,0.026990533680529206,0.7556319059552373,0.18368159556711042,0.02662922754078298,,,,,,,,,,,,,,,,,,,,,,,,,,,,,,,,,
810,1.3378798866210274e-06,1.3378798866210274e-06,1.0,8.521123692796037,4.586726465740719,3.14638816988146,3.14638816988146,3.1463173080135034,0.0,0.0,0.3120533840076343,1.3541191719673775,0.08029350145040332,1.4573664890753257,0.08367852000771342,0.01728439942707081,0.3444777195518081,0.0,0.0,0.0,0.0,0.9769318232665191,420.6866158150338,89.31660461425781,500.1178283691406,500.1178283691406,1.1954927444458008,0.6741322875022888,0.25,3.9709177017211914,0.7215716242790222,0.5414272546768188,0.00010451939256704821,0.0,5.612701477231206,4.260229014061593,0.2409663989179057,0.89233694205413,0.21410165847958745,0.026928522749929816,0.7562372217307219,0.18325847669227704,0.026550301124115248,97.1071003295563,164.77156539991432,0.2539354943113608,21.163390463525122,97.1071022312563,119.49534596461348,143.66303199678345,175.23781099310176,39.10923549107143,70.97699125422987,179.21077695100203,0.6333561751393139,0.8416959979790816,0.02744719364871365,-0.3775209884396973,0.8169311768158916,0.7550053198735481,0.7448533632061737,0.530927861756598,0.9506674161117192,0.9859946158289646,0.9955038486909883,0.45066741611171923,0.1859946158289646,0.045503848690988336,0.005947292837350182,0.7301193351114488,0.47802197802197804,0.521978021978022,0.5375457875457876,0.44867237788307796,0.43568949737064133,0.43233945323051987
811,1.329393314670614e-06,1.329393314670614e-06,1.0,8.512155867911673,4.584914903382997,3.1424708881893673,3.1424708881893673,3.1423716931729704,0.0,0.0,0.31087440010663625,1.356602285359357,0.08021482472886911,1.4478144065753833,0.08123826014029013,0.015851524985722593,0.3486221501150647,0.0,0.0,0.0,0.0,0.9929454681035634,419.3284425477724,88.96839904785156,500.1178283691406,500.1178283691406,1.1942336559295654,0.6689767837524414,0.25,3.9743080139160156,0.722100555896759,0.539478063583374,0.0001025718262459231,0.0,5.255745483411325,4.0579598223840865,0.22790024075705373,0.8932747792553257,0.21314585692173726,0.026694300609665947,0.7571382748114096,0.18287354747991305,0.026318040500218805,,,,,,,,,,,,,,,,,,,,,,,,,,,,,,,,,
812,1.320945827394678e-06,1.320945827394678e-06,1.0,8.561437864561338,4.669208030442934,3.098264339807871,3.098264339807871,3.098123266890242,0.0,0.0,0.31162192773174596,1.3721472202120601,0.08024773444678332,1.4643328705349483,0.08563745938040115,0.017189194196583452,0.3487318125930992,0.0,0.0,0.0,0.0,0.9942580461502075,419.2171969027133,88.96839904785156,500.1178283691406,500.1178283691406,1.1966575384140015,0.6768434047698975,0.25,3.9668121337890625,0.7232509851455688,0.5438172221183777,0.00013308369861021667,0.0,6.445329036261584,4.529657177022986,0.2972186289421347,0.8946478447398624,0.21368958055973053,0.026787098849544656,0.7569398138974164,0.18297545974319046,0.02635985124554183,,,,,,,,,,,,,,,,,,,,,,,,,,,,,,,,,
813,1.3125375090065367e-06,1.3125375090065367e-06,1.0,8.558955811165475,4.630622161401285,3.1482667471911454,3.1482667471911454,3.148157551481917,0.0,0.0,0.31136377034960566,1.3411159869786855,0.07935469426416061,1.4467283197351404,0.07904314924333547,0.01509448220147877,0.34189836479522084,0.0,0.0,0.0,0.0,0.9604142404891349,422.73132241738807,96.57428741455078,500.1178283691406,500.1178283691406,1.1950256824493408,0.669623613357544,0.25,3.9678421020507812,0.7215193510055542,0.5383468270301819,0.00010906371398300684,0.0,4.97670515485712,3.8342874823389828,0.22955301489041816,0.8923567775133494,0.21375230881007942,0.026851821137038438,0.7564177835309828,0.1831731341175131,0.02649106050061213,,,,,,,,,,,,,,,,,,,,,,,,,,,,,,,,,
814,1.3041684433290303e-06,1.3041684433290303e-06,1.0,8.548271913786191,4.614725525314744,3.146369798763378,3.146369798763378,3.14625976536725,0.0,0.0,0.3113520604533118,1.3706553658923588,0.08091758644661388,1.445946780410973,0.08006686958912257,0.015411147400988517,0.35486488567816243,0.0,0.0,0.0,0.0,1.0015777864971676,421.0297546386719,93.23808288574219,500.1178283691406,500.1178283691406,1.1946377754211426,0.6752203106880188,0.25,3.980645179748535,0.7215167880058289,0.5404751300811768,0.00010451939256704821,0.0,5.342159938167882,4.102076599726805,0.2321314510973568,0.8923844389013342,0.2137090064383842,0.02658702533792805,0.757352809648256,0.1827698845315624,0.02626265202825134,,,,,,,,,,,,,,,,,,,,,,,,,,,,,,,,,
815,1.295838713793688e-06,1.295838713793688e-06,1.0,8.512648208721265,4.598153339849936,3.127518628094647,3.127518628094647,3.1274129700016333,0.0,0.0,0.31279267894255147,1.3587823107435897,0.0800855498056154,1.4559279615814622,0.08031971329772794,0.014133074937539326,0.34699175567240326,0.0,0.0,0.0,0.0,0.9677717218527923,420.0485559411951,88.27604675292969,500.1178283691406,500.1178283691406,1.1985913515090942,0.6775192618370056,0.25,3.962606430053711,0.7233130931854248,0.5424363017082214,0.00010192263747221472,0.0,4.894086027467573,3.766697487315616,0.2303573197987531,0.8944824128537565,0.2146837284436097,0.02688056869885406,0.7565110954078468,0.18314672080246178,0.02646964425976212,109.61275524097485,194.36386866688767,0.2968586402705304,53.4119873046875,109.61275405279737,131.1813492136154,155.6545285378382,186.72095788993354,43.854397365025115,86.56758383817451,184.24613819951597,0.6398337943947024,0.8435482370306193,0.02934729778854862,-0.3710337157185301,0.8179835235007213,0.7629985758758441,0.7595829175069645,0.5347846864489767,0.9482363907473639,0.9854008726571408,0.9955043676972574,0.4482363907473639,0.18540087265714078,0.04550436769725741,0.006677534657941134,0.7097602761943762,0.5769230769230769,0.4230769230769231,0.5531135531135531,0.47140806381191525,0.4567536951994503,0.4527156193341528
816,1.2875484034398923e-06,1.2875484034398923e-06,1.0,8.481263933955011,4.605346937437315,3.090592133032309,3.090592133032309,3.090488640037743,0.0,0.0,0.30920981474824855,1.3499155270086753,0.07906299557637524,1.460352076066507,0.08233724574784974,0.01686378732650868,0.34123703917941534,0.0,0.0,0.0,0.0,0.9686477554811014,417.7119816960515,82.2823257446289,500.1178283691406,500.1178283691406,1.1980595588684082,0.6772056818008423,0.25,3.981675148010254,0.7235268950462341,0.5442332625389099,7.465670897646301e-05,0.0,5.262814531455168,4.05748983653816,0.2290266335081613,0.8948478618183652,0.214317290364085,0.026909738426675666,0.7564697410609271,0.18318971991539001,0.026480047082578815,,,,,,,,,,,,,,,,,,,,,,,,,,,,,,,,,
817,1.279297594914058e-06,1.279297594914058e-06,1.0,9.338123630832982,5.386347023216453,3.1518196479694263,3.1518196479694263,3.151832967191129,0.0,0.0,0.31269464702219574,1.3899091772131018,0.08104798439386729,1.4767211385675378,0.08429707818337388,0.01637055499579858,0.35149435255978556,0.0,0.0,0.0,0.0,1.0093131033149925,418.80035400390625,87.24759674072266,500.1178283691406,500.1178283691406,1.194515585899353,0.6750016212463379,0.25,3.9581432342529297,0.7214526534080505,0.5404574275016785,0.00010841452520929847,0.0,5.436433386158299,4.171723401224291,0.2326359756663414,0.8922733068466187,0.2137874372907587,0.026702566827471193,0.7573520766722189,0.18275614364727125,0.026291492168565054,,,,,,,,,,,,,,,,,,,,,,,,,,,,,,,,,
818,1.271086370468804e-06,1.271086370468804e-06,1.0,8.5380923554704,4.6165693772805705,3.1336077226174845,3.1336077226174845,3.1334952212668754,0.0,0.0,0.3127279990428203,1.3668758128140424,0.08080941106419305,1.4464370141158234,0.08178187101273923,0.014902756788541336,0.35362766965015513,0.0,0.0,0.0,0.0,1.0039726479633435,419.0847283440667,88.96839904785156,500.1178283691406,500.1178283691406,1.1966760158538818,0.6771975159645081,0.25,3.9774837493896484,0.7235659956932068,0.5435565710067749,9.413237218771423e-05,0.0,5.818412316812052,4.2868994071676925,0.26321835343623184,0.8951447944383364,0.21339654560024673,0.02661528725277733,0.7577838897705078,0.1824783243843027,0.026224926063740574,,,,,,,,,,,,,,,,,,,,,,,,,,,,,,,,,
819,1.2629148119621327e-06,1.2629148119621327e-06,1.0,8.55310987781834,4.6578474173674715,3.1008322110047213,3.1008322110047213,3.1007302258465743,0.0,0.0,0.3101368425665675,1.3681058513151634,0.07933672366512788,1.4755076653248556,0.0855634676644931,0.016899673866007377,0.34777714352349975,0.0,0.0,0.0,0.0,1.0091956596116762,415.948595201647,82.92766571044922,500.1178283691406,500.1178283691406,1.1977852582931519,0.6736904978752136,0.25,3.969644546508789,0.7238910794258118,0.5417184233665466,0.00011036209153042358,0.0,5.5787214282396675,4.243531576685004,0.2393361756326261,0.8954890821431134,0.21366095301267263,0.026858039149964177,0.7572420835494995,0.18266910072919484,0.026382845348200283,,,,,,,,,,,,,,,,,,,,,,,,,,,,,,,,,
820,1.254783000856617e-06,1.254783000856617e-06,1.0,8.552963475923281,4.651533655218176,3.116763044048,3.116763044048,3.1166585780478813,0.0,0.0,0.3095693153304023,1.3447638814513747,0.07862135566569664,1.4582418493322424,0.08350620952409667,0.016884327526330144,0.34266744594316223,0.0,0.0,0.0,0.0,0.9950124556953842,415.92986318227406,80.69083404541016,500.1178283691406,500.1178283691406,1.19870924949646,0.6768689751625061,0.25,3.968585968017578,0.723866879940033,0.543753981590271,8.699129567692212e-05,0.0,5.539352595806122,4.223280170479336,0.23758596380436084,0.8953553438186646,0.21401699813636574,0.027089110902837804,0.7569572861130173,0.1826783052167377,0.026500712727775443,107.55012671502082,193.6048608274822,0.2989841229490221,52.65938542963384,107.55012527984681,129.97705734054847,154.28220109875778,185.5236379127804,49.406083243233816,86.99707001678703,174.03605320142663,0.6412830089080067,0.840497802434595,0.03493690647983606,-0.3692431396434491,0.8135838933991211,0.7574300039177683,0.7555352549846376,0.5369802542636797,0.9488005505618502,0.9856198933026912,0.9955381031047474,0.4488005505618502,0.18561989330269113,0.045538103104747485,0.006387929159796321,0.7166293241656067,0.5659340659340659,0.4340659340659341,0.5448717948717949,0.4708296303320062,0.4561943322583869,0.4521550084208394
821,1.2466910182185848e-06,1.2466910182185848e-06,1.0,8.636539278803644,4.746134809545569,3.095611540046898,3.095611540046898,3.095532062891367,0.0,0.0,0.31035063878909963,1.3774980016656824,0.08018778707530047,1.4707980478132092,0.08361439648512248,0.017974432809530077,0.34872592381528905,0.0,0.0,0.0,0.0,1.0034727357529305,417.65693293391047,82.92766571044922,500.1178283691406,500.1178283691406,1.200596809387207,0.6830722093582153,0.25,3.96795654296875,0.7256550788879395,0.5477924346923828,0.0001298377547416748,0.0,5.201691216713673,4.085111469835849,0.21465706062868867,0.897773438208812,0.21379270585807594,0.026821134611964226,0.7575206079998532,0.1824477713655781,0.026342546164586738,,,,,,,,,,,,,,,,,,,,,,,,,,,,,,,,,
822,1.2386389447173127e-06,1.2386389447173127e-06,1.0,8.624848546208563,4.677985410432558,3.155825930672723,3.155825930672723,3.1558156335676038,0.0,0.0,0.3131167075118503,1.3603371993915454,0.080036927920741,1.462323929812457,0.08443766902830149,0.01633618911728263,0.3454752693305144,0.0,0.0,0.0,0.0,0.9843935402663978,420.2474629170186,86.56863403320312,500.1178283691406,500.1178283691406,1.194750428199768,0.6760838627815247,0.25,3.9840641021728516,0.7220650911331177,0.543388843536377,9.023723954546399e-05,0.0,5.770266805146192,4.2831679824236275,0.25771751514094643,0.8932168967015034,0.21319149917847402,0.026741269422141282,0.757571093133978,0.18243321252835765,0.026328494721973263,,,,,,,,,,,,,,,,,,,,,,,,,,,,,,,,,
823,1.2306268606242236e-06,1.2306268606242236e-06,1.0,8.647053422154608,4.699076987601615,3.157349328737001,3.157349328737001,3.157267609158078,0.0,0.0,0.31307530080949936,1.3724899710835636,0.08113872974708274,1.451317175014599,0.08254514886318026,0.015627329149661032,0.35195353868845347,0.0,0.0,0.0,0.0,0.9947810704643661,424.1614800530511,100.4213638305664,500.1178283691406,500.1178283691406,1.1883132457733154,0.6711515188217163,0.25,3.9573421478271484,0.7187494039535522,0.5388856530189514,0.00013113613228909156,0.0,5.756290624270568,4.115826307116328,0.2849863608757797,0.8892318123095745,0.2118108401427398,0.026339004218981072,0.7584424872656126,0.1820617060403566,0.026100959830187464,,,,,,,,,,,,,,,,,,,,,,,,,,,,,,,,,
824,1.2226548458120818e-06,1.2226548458120818e-06,1.0,8.535093320382607,4.62473074809925,3.1198314396110742,3.1198314396110742,3.11971251384632,0.0,0.0,0.31126184640703974,1.3686392275062766,0.08025232360169694,1.4599277167706877,0.08315453054131688,0.015220027284797382,0.3460241660878465,0.0,0.0,0.0,0.0,0.9923523455052763,419.50790735193203,90.72313690185547,500.1178283691406,500.1178283691406,1.192925214767456,0.6724246740341187,0.25,3.9731922149658203,0.722109317779541,0.5414010286331177,0.00010711614766188171,0.0,5.536374304745649,4.107854783535004,0.2580243752641782,0.893607870952503,0.2119081737221898,0.026417551612531818,0.7585305732649725,0.18196115461555687,0.026111193706054945,,,,,,,,,,,,,,,,,,,,,,,,,,,,,,,,,
825,1.214722979754202e-06,1.214722979754202e-06,1.0,8.505098188245618,4.601011959282127,3.113488538845165,3.113488538845165,3.1132914891114107,0.0,0.0,0.3122237381097433,1.3644688483831044,0.08028932278220718,1.4555964179941125,0.0847833271364908,0.01759185323592376,0.3482645701717686,0.0,0.0,0.0,0.0,1.0017000307907928,421.0516802813556,90.36944580078125,500.1178283691406,500.1178283691406,1.1958476305007935,0.6792657971382141,0.25,3.9701309204101562,0.7230802774429321,0.5447043776512146,0.00010192263747221472,0.0,5.48752827418817,4.16997308505548,0.24009993631014334,0.8946822930026699,0.21267696812346176,0.026611240328969183,0.75843849053254,0.1818572681497883,0.026200810598360526,108.91616263756386,189.88807780619587,0.29765526030431017,52.35957759815258,108.91616527657499,130.63723631371334,155.65673500472877,186.70785336098305,50.40926470075335,85.55166608233785,183.34156135890794,0.6411681883123047,0.8426453128794605,0.033689528161545225,-0.3674392707896069,0.8170543616632124,0.7608877991347018,0.7583313673031596,0.5363080981283078,0.9481839711141871,0.9855679926757835,0.9955157858351771,0.44818397111418706,0.1855679926757835,0.045515785835177125,0.006481350288230132,0.7135168435699535,0.5714285714285714,0.42857142857142855,0.5558608058608059,0.47049185371660923,0.4561194839713338,0.45212290612059636
826,1.206831341523651e-06,1.206831341523651e-06,1.0,8.62230463285704,4.747929341084248,3.0788891315460205,3.0788891315460205,3.0787574213904305,0.0,0.0,0.30990942265536336,1.3841031693123482,0.08100709590960194,1.4655985316714726,0.0852893516421318,0.014909383085732525,0.3521902597433812,0.0,0.0,0.0,0.0,1.000755968931559,420.62247858820734,90.72313690185547,500.1178283691406,500.1178283691406,1.1908382177352905,0.6707771420478821,0.25,3.9682140350341797,0.7208926677703857,0.5392910838127136,0.0001175031680412157,0.0,4.930725373126365,3.891346705926431,0.21079630045201805,0.8920959234237671,0.21162107747954292,0.026239984089861047,0.7592311598159172,0.18157643764405637,0.025973404984216433,,,,,,,,,,,,,,,,,,,,,,,,,,,,,,,,,
827,1.1989800097924672e-06,1.1989800097924672e-06,1.0,8.567600198694178,4.641633227064803,3.1377223246806376,3.1377223246806376,3.1376126650217415,0.0,0.0,0.3106213969153327,1.365083919989096,0.08088653041301547,1.4488332754856832,0.0841216453023859,0.015879271400941385,0.35238147667936376,0.0,0.0,0.0,0.0,0.9884120016484648,420.62664629961995,86.9074478149414,500.1178283691406,500.1178283691406,1.192448377609253,0.6655005812644958,0.25,3.961862564086914,0.7220233678817749,0.537935733795166,9.99750711510896e-05,0.0,5.222632733551231,4.180525853827193,0.1995366959329413,0.8935649282223469,0.21162197436835314,0.026397178553648898,0.7590663062559592,0.18155688007135648,0.026050558112360334,,,,,,,,,,,,,,,,,,,,,,,,,,,,,,,,,
828,1.1911690628308696e-06,1.1911690628308696e-06,1.0,8.688518137545199,4.776758438832051,3.1158096403688997,3.1158096403688997,3.115703872732214,0.0,0.0,0.3102519206098608,1.3926807899732847,0.08210798634870632,1.4586124291291107,0.08393859802871137,0.01749014700888782,0.35523756170595017,0.0,0.0,0.0,0.0,1.0071988202430107,422.24582651499156,95.8227310180664,500.1178283691406,500.1178283691406,1.1905419826507568,0.6753890514373779,0.25,3.977998733520508,0.7211674451828003,0.5435438752174377,0.00010516858134075659,0.0,5.798501947441617,4.39371877747613,0.2422665686238662,0.8925864148784328,0.21109406287605698,0.026182733929237804,0.7593739226057723,0.18142454245605985,0.0259715103720491,,,,,,,,,,,,,,,,,,,,,,,,,,,,,,,,,
829,1.1833985785064788e-06,1.1833985785064788e-06,1.0,8.559608150172878,4.629166989713101,3.1471665098860457,3.1471665098860457,3.1470486151205526,0.0,0.0,0.3103438205010182,1.359900783848118,0.08015259637220486,1.4412959008603483,0.08027745823602418,0.015431794942029425,0.3478947120743829,0.0,0.0,0.0,0.0,0.986593792567382,423.60480643607474,94.70636749267578,500.1178283691406,500.1178283691406,1.1916875839233398,0.6681843400001526,0.25,3.965238571166992,0.7212252616882324,0.5379272699356079,7.595508652387976e-05,0.0,5.000507335405092,3.9065315240138285,0.21877296402418742,0.8925075853193128,0.21167468702470935,0.026382154608900484,0.7591648778399905,0.18150693017083244,0.02602570770761451,,,,,,,,,,,,,,,,,,,,,,,,,,,,,,,,,
830,1.1756686342835442e-06,1.1756686342835442e-06,1.0,8.630043558172277,4.721834981763685,3.1242918517138505,3.1242918517138505,3.1241491034224227,0.0,0.0,0.31159522887822744,1.3594151171478066,0.08004218903747765,1.4409908797289874,0.08057691942195634,0.01574513430681986,0.34766643756144755,0.0,0.0,0.0,0.0,0.9853571443944364,422.3909087309966,94.33715057373047,500.1178283691406,500.1178283691406,1.1938279867172241,0.6785322427749634,0.25,3.9666976928710938,0.7223454713821411,0.5447823405265808,0.00010322101501963147,0.0,6.022596873141624,4.320267102202854,0.28265710071522154,0.89392368857925,0.21186577951585925,0.026473399704775295,0.7587718995841773,0.18170483813092514,0.026118822395801544,106.72122775067339,186.71471740153066,0.28879368045362785,44.40603591583587,106.72122929949231,128.55783558889962,152.8356247045252,183.99147615644853,49.49120439801897,82.40341925805853,183.6257377292799,0.6385585151227996,0.8395410961365013,0.03663698004733411,-0.36809100078709145,0.8129712010564025,0.753578401149973,0.7483905201701055,0.5377879498015774,0.9489780507058745,0.9855742207510124,0.99544104893243,0.4489780507058745,0.18557422075101238,0.04544104893243006,0.006122197950029038,0.7214441453238314,0.554945054945055,0.44505494505494503,0.5467032967032966,0.4644835126678367,0.45020157774234865,0.44631378127487153
831,1.1679793072221681e-06,1.1679793072221681e-06,1.0,8.676597440564954,4.733319746481405,3.1529952513205037,3.1529952513205037,3.15287041019749,0.0,0.0,0.312228150464393,1.3694688049522605,0.0805070301568186,1.460126039144155,0.08092233599037738,0.01449838957774478,0.3512586169951671,0.0,0.0,0.0,0.0,0.9875679257753733,421.28711762299406,92.51249694824219,500.1178283691406,500.1178283691406,1.1908303499221802,0.6637864708900452,0.25,3.9708032608032227,0.7209463715553284,0.5350057482719421,8.699129567692212e-05,0.0,4.994840538179552,3.6800941389960213,0.2632208954688093,0.8921775479574461,0.21152867860085256,0.02638554009231361,0.7594027438679257,0.18142007049676534,0.025963304312648,,,,,,,,,,,,,,,,,,,,,,,,,,,,,,,,,
832,1.1603306739775407e-06,1.1603306739775407e-06,1.0,8.526185667192614,4.650073747377138,3.0920540770968876,3.0920540770968876,3.091902642636686,0.0,0.0,0.30959486719724294,1.3465756886714213,0.07949716386360091,1.455307022945301,0.08234327538190661,0.01663662215719956,0.345337796050149,0.0,0.0,0.0,0.0,0.9841755757460723,417.55930637668916,79.7507553100586,500.1178283691406,500.1178283691406,1.2004951238632202,0.6758869290351868,0.25,3.972348213195801,0.7261049747467041,0.5441886782646179,0.00011880154558863245,0.0,5.378515504501961,4.094961549784686,0.2386446508600573,0.898492819554097,0.21324815218513077,0.026864072660336625,0.7584446394765699,0.1817790519546818,0.026234712904772244,,,,,,,,,,,,,,,,,,,,,,,,,,,,,,,,,
833,1.1527228107991707e-06,1.1527228107991707e-06,1.0,8.545170358709386,4.620462701127336,3.132298282674841,3.132298282674841,3.132203044118108,0.0,0.0,0.31155165707742843,1.382319959434303,0.08130138679533391,1.457042078714113,0.08108693804289843,0.015258313534227578,0.3559748812301739,0.0,0.0,0.0,0.0,1.0084175580256693,420.50195724899703,89.66619110107422,500.1178283691406,500.1178283691406,1.1925147771835327,0.6712188124656677,0.25,3.965381622314453,0.7223561406135559,0.5406439900398254,0.00012074911190975756,0.0,4.94911704836665,3.753029410903518,0.24167697505919258,0.8940404218596381,0.21151259541511536,0.026244658020299835,0.7595979587451832,0.1813423851051846,0.02591461154657441,,,,,,,,,,,,,,,,,,,,,,,,,,,,,,,,,
834,1.1451557935301305e-06,1.1451557935301305e-06,1.0,8.50972063476975,4.572696608466071,3.150452336749515,3.150452336749515,3.1502166760934367,0.0,0.0,0.31181809386691534,1.3539717455168028,0.07979793474078178,1.4526900020805564,0.0832197209065025,0.015245617996599223,0.34907585140821096,0.0,0.0,0.0,0.0,0.9918343424797058,421.39169641443203,92.51249694824219,500.1178283691406,500.1178283691406,1.192367672920227,0.6686350107192993,0.25,3.9694156646728516,0.7215186953544617,0.5382106304168701,0.00010387020379333985,0.0,5.43581915062827,4.045378018069911,0.25579238271708366,0.8927878495809194,0.21209406409714673,0.02642744709108327,0.7590023343627518,0.18167291178896622,0.02603146725812474,,,,,,,,,,,,,,,,,,,,,,,,,,,,,,,,,
835,1.1376296976062979e-06,1.1376296976062979e-06,1.0,8.495678811459928,4.589357015248892,3.1208205029771134,3.1208205029771134,3.1206197931959823,0.0,0.0,0.3110790478216635,1.349440919386374,0.07878509335018494,1.4625484524546444,0.08086829713067493,0.015340437722467893,0.3390039604257893,0.0,0.0,0.0,0.0,0.9690632417395308,419.4293031434755,84.23358917236328,500.1178283691406,500.1178283691406,1.1998612880706787,0.6813836693763733,0.25,3.9680709838867188,0.7248095273971558,0.5461079478263855,0.00010581777011446496,0.0,5.505610607765816,4.00954853521811,0.2717340871215027,0.8966710003646644,0.21372417219587275,0.026976026141562977,0.7578348662402179,0.18208203686250224,0.02637519284680083,111.27641187395368,207.38734536839212,0.3129000206836314,57.63060693426446,111.2764121156477,135.30408594687884,159.0775805522833,190.12863917307828,55.02638789585659,90.79006337010583,177.2870450227157,0.6473559866255939,0.8387525412393001,0.0386124665414548,-0.36694639486851444,0.8102779762643869,0.7543719483074148,0.7555746402534248,0.5418584821478194,0.94791253083546,0.985341186936197,0.9953912243305987,0.44791253083546,0.18534118693619694,0.04539122433059872,0.006262848648948831,0.7204009427229872,0.5824175824175825,0.4175824175824176,0.5467032967032966,0.4780331219618137,0.46322619493354805,0.45904359110927845
836,1.1301445980556062e-06,1.1301445980556062e-06,1.0,8.565758679364178,4.62659029058508,3.1576895713806152,3.1576895713806152,3.157611054343146,0.0,0.0,0.31074736811019277,1.3438878768199198,0.07977361634776399,1.4483064316414498,0.08020862282530682,0.015295923851128365,0.34580573761785355,0.0,0.0,0.0,0.0,0.9706438989252657,420.8023318728885,90.36944580078125,500.1178283691406,500.1178283691406,1.1948120594024658,0.6745798587799072,0.25,3.975295066833496,0.7231686115264893,0.5423476696014404,9.348318341400585e-05,0.0,4.964997815119253,3.7259399504274935,0.2495585921344457,0.8949281863264136,0.21217047604354652,0.026496076855707814,0.7588916227624223,0.18167298025376089,0.026082242411133404,,,,,,,,,,,,,,,,,,,,,,,,,,,,,,,,,
837,1.1227005694972898e-06,1.1227005694972898e-06,1.0,8.532249321808687,4.601566366247229,3.1426119482195056,3.1426119482195056,3.142534893912238,0.0,0.0,0.31212752735292587,1.3509789511964128,0.08014978619443404,1.456989455867458,0.08438194009500581,0.017552827824712604,0.3514924778326138,0.0,0.0,0.0,0.0,1.011391454451793,416.06581899282094,80.06289672851562,500.1178283691406,500.1178283691406,1.195799708366394,0.6669915914535522,0.25,3.9675846099853516,0.7237533926963806,0.538922905921936,0.00012139830068346594,0.0,6.40537198330905,4.701388260802707,0.26602416330332396,0.895612671568587,0.21247190237045288,0.026612874724574992,0.7587556146286629,0.18177321915690964,0.02611194601332819,,,,,,,,,,,,,,,,,,,,,,,,,,,,,,,,,
838,1.1152976861411483e-06,1.1152976861411483e-06,1.0,8.518028645902067,4.60180630555024,3.1274059592066585,3.1274059592066585,3.1271976586934684,0.0,0.0,0.3093776348474863,1.3659816883705758,0.07978899575568535,1.4619362032091296,0.08182276674621813,0.01466353562333294,0.34908614408325506,0.0,0.0,0.0,0.0,0.9901912357356097,420.61547026763094,92.51249694824219,500.1178283691406,500.1178283691406,1.1944522857666016,0.6690868735313416,0.25,3.9765968322753906,0.7229722142219543,0.5388849377632141,0.0001246442445520078,0.0,5.3428772913443074,3.976053376455565,0.2558216931358421,0.894649051331185,0.212278565844974,0.026439056857614905,0.7588384779723915,0.18176564010413918,0.02607624096846258,,,,,,,,,,,,,,,,,,,,,,,,,,,,,,,,,
839,1.1079360217868018e-06,1.1079360217868018e-06,1.0,8.548366121343664,4.628477779594627,3.131738263207513,3.131738263207513,3.1316362522743844,0.0,0.0,0.3109935401259242,1.3588475826624278,0.07964964331807317,1.4585847661301896,0.08280307698894192,0.015268281366474725,0.35019875257401856,0.0,0.0,0.0,0.0,1.0046214026373785,417.49271619642104,84.23358917236328,500.1178283691406,500.1178283691406,1.1979104280471802,0.6758071780204773,0.25,3.9738073348999023,0.7246732711791992,0.5430296063423157,0.00010841452520929847,0.0,4.876163556769088,3.82575904678654,0.2154161766219627,0.896727130219743,0.21284841444041278,0.026657590843938494,0.7586559089454444,0.1817510369661692,0.0261732760716129,,,,,,,,,,,,,,,,,,,,,,,,,,,,,,,,,
840,1.1006156498229584e-06,1.1006156498229584e-06,1.0,8.552155894202155,4.630176389539564,3.1340344918740763,3.1340344918740763,3.133993406553526,0.0,0.0,0.3111749669990024,1.3606440892090668,0.07980754085489221,1.4591437803732383,0.0816944513369251,0.0160822091888435,0.34319199138396494,0.0,0.0,0.0,0.0,0.9779512608373487,420.4154630093961,91.43470001220703,500.1178283691406,500.1178283691406,1.1989195346832275,0.6758950352668762,0.25,3.9761390686035156,0.7254221439361572,0.5446301698684692,7.660427529758814e-05,0.0,4.9393168816695345,3.905600378642211,0.20928329317432207,0.8976795302855002,0.2129800134413951,0.026630415404970582,0.7582125857069686,0.18201335217501666,0.02625235014066503,123.12505164513222,224.54589156699888,0.3437298587772202,79.41229063599974,123.12505380868998,144.4365378033684,168.44808269024304,198.78656996288262,57.27738407679966,101.4846138769342,193.8326634946077,0.6490965978279042,0.8412881405935243,0.03810873646717934,-0.3618096310363973,0.8138685576074304,0.7616214139006111,0.7657302888396138,0.5437376918705026,0.9457565787937152,0.984739139664068,0.995312335377699,0.4457565787937152,0.18473913966406796,0.045312335377699076,0.006533250915137804,0.7067188994575866,0.6483516483516484,0.3516483516483517,0.566849816849817,0.4935470599230829,0.4778776526205487,0.47334127308248164
841,1.0933366432266804e-06,1.0933366432266804e-06,1.0,8.551619632824048,4.597802935419856,3.1660405171884074,3.1660405171884074,3.165995874920407,0.0,0.0,0.3115568789275917,1.3535226164637386,0.08029208936401315,1.4591637817589012,0.08341297013936816,0.016389941312120977,0.34532883481399435,0.0,0.0,0.0,0.0,0.9819590658754915,420.9182937209671,88.62154388427734,500.1178283691406,500.1178283691406,1.1939024925231934,0.6710453033447266,0.25,3.971804618835449,0.7223728895187378,0.5405302047729492,0.00012334586700459105,0.0,5.633798998755378,4.113512630398209,0.2698510132670745,0.893872773325121,0.21220820336728483,0.02655006356134608,0.758504340777526,0.18185239063726888,0.026193427173672495,,,,,,,,,,,,,,,,,,,,,,,,,,,,,,,,,
842,1.0860990745626538e-06,1.0860990745626538e-06,1.0,8.577087325018805,4.6808053609487175,3.100199248339679,3.100199248339679,3.100105414519439,0.0,0.0,0.3105524858912906,1.3736951512259405,0.08084450944049938,1.4756218259399,0.08532870802524928,0.018056143188496698,0.34971671893789963,0.0,0.0,0.0,0.0,1.0106572122187227,417.51880707611906,81.6419906616211,500.1178283691406,500.1178283691406,1.1975008249282837,0.6769777536392212,0.25,3.971475601196289,0.7253382802009583,0.5461934208869934,0.00013113613228909156,0.0,5.697306571780024,4.372053426665229,0.23261046749336914,0.8977528923266643,0.2122857876726099,0.026403660911160545,0.7590749618169423,0.1815713233238942,0.026065957002543116,,,,,,,,,,,,,,,,,,,,,,,,,,,,,,,,,
843,1.0789030159824722e-06,1.0789030159824722e-06,1.0,8.558123652999466,4.637833028226285,3.1334707285906815,3.1334707285906815,3.1333909550228634,0.0,0.0,0.3108090210605312,1.3376474380493164,0.07767658821634345,1.4741738905777801,0.08410722420022294,0.016507166916051426,0.33507544366089076,0.0,0.0,0.0,0.0,0.9741903672347197,418.43779527818833,83.57807159423828,500.1178283691406,500.1178283691406,1.1951794624328613,0.6707432270050049,0.25,3.9735069274902344,0.7225450873374939,0.5404763221740723,0.00013178532106279992,0.0,5.6387444557370365,4.199496092023076,0.25524270074867883,0.893917352766604,0.2128682539269731,0.026846774929278606,0.7577935714979429,0.18223961100384994,0.026337645746566152,,,,,,,,,,,,,,,,,,,,,,,,,,,,,,,,,
844,1.0717485392239124e-06,1.0717485392239124e-06,1.0,8.525145466263229,4.627886449968493,3.114677261661839,3.114677261661839,3.114553786612846,0.0,0.0,0.3105552325377593,1.3526898880262632,0.08024289448921745,1.4434686351466823,0.08058451780596294,0.016479523770662176,0.345681056783006,0.0,0.0,0.0,0.0,0.9838450841001563,420.5050617939717,87.24759674072266,500.1178283691406,500.1178283691406,1.1931930780410767,0.6734688878059387,0.25,3.9701309204101562,0.7223876714706421,0.5428317189216614,0.00010906371398300684,0.0,5.656982755338824,4.125285164729969,0.27076228739840197,0.8939994509155685,0.21179598851783857,0.026424537286967843,0.7586242411587689,0.18184275401605143,0.02614137761898943,,,,,,,,,,,,,,,,,,,,,,,,,,,,,,,,,
845,1.0646357156102216e-06,1.0646357156102216e-06,1.0,8.536924542607489,4.621676509444778,3.1198150853852966,3.1198150853852966,3.1196823377867005,0.0,0.0,0.3116380507881577,1.3693860285990946,0.08031659442427996,1.4697469762853674,0.08707756589393358,0.017776617843255,0.3510079975869205,0.0,0.0,0.0,0.0,1.0146749132388346,418.3857743546769,86.9074478149414,500.1178283691406,500.1178283691406,1.1935319900512695,0.6664808392524719,0.25,3.965639114379883,0.7226260900497437,0.5384590029716492,0.00013892639757359204,0.0,5.868615636954436,4.34173719303028,0.26017693752330007,0.8942341079583039,0.21213742083794362,0.026371214287103834,0.7589449109257879,0.18174729274736867,0.026040215196238982,122.41470370449862,217.10914800421034,0.33745574319391625,78.2014871953608,122.41470781884473,144.5557440535209,168.92199941119856,198.9069541056624,47.269252232142854,101.18810112531796,193.3766579006029,0.6488507661053243,0.8444663711623029,0.03203830597374369,-0.363131501624095,0.8180333384625497,0.7691815363785819,0.7723119602685177,0.5404043674974301,0.9457244004050325,0.9847272025198792,0.9953175254403898,0.4457244004050325,0.18472720251987917,0.045317525440389805,0.006981153325351017,0.6999001950944566,0.6483516483516484,0.3516483516483517,0.5659340659340659,0.49312655292042007,0.47755824311912715,0.47302235495094413
846,1.0575646160494022e-06,1.0575646160494022e-06,1.0,8.581799339603734,4.668757412884687,3.117268169248426,3.117268169248426,3.1172423749356657,0.0,0.0,0.3128399446203902,1.376447580956124,0.08070239887849705,1.4683658625628497,0.08462985282814181,0.01745519321411848,0.34775628189782837,0.0,0.0,0.0,0.0,1.0050047909891284,419.18424451673354,85.89495086669922,500.1178283691406,500.1178283691406,1.196640968322754,0.6786490678787231,0.25,3.974808692932129,0.7240104675292969,0.5455101728439331,0.00013178532106279992,0.0,6.47600927385124,4.580460446911889,0.2927032292237717,0.8958964959995167,0.21274184657109751,0.02647660964646855,0.7586875380696477,0.18186144007218852,0.026098035779353733,,,,,,,,,,,,,,,,,,,,,,,,,,,,,,,,,
847,1.0505353110335112e-06,1.0505353110335112e-06,1.0,8.475755987940607,4.574837349556588,3.1157315099561536,3.1157315099561536,3.1156126164101265,0.0,0.0,0.31194866589597753,1.3374563552237846,0.0784620514793976,1.4643406223606419,0.08364235025805396,0.01501057286922996,0.33868786048244787,0.0,0.0,0.0,0.0,0.9678786445308376,419.3243012299409,86.9074478149414,500.1178283691406,500.1178283691406,1.1998803615570068,0.6841561794281006,0.25,3.9682140350341797,0.7258909344673157,0.5495567917823792,0.00010062425992479797,0.0,4.988889813423157,3.864532427207844,0.2253722628208997,0.8982351970028233,0.21321295322598638,0.026644722583728866,0.7581070371576257,0.18212122087543076,0.026228553539997822,,,,,,,,,,,,,,,,,,,,,,,,,,,,,,,,,
848,1.0435478706379512e-06,1.0435478706379512e-06,1.0,8.600811674788192,4.682413668245883,3.1251059931677743,3.1251059931677743,3.1250010438867517,0.0,0.0,0.31163709550290497,1.3759507585216213,0.08076539957845533,1.46145786143638,0.08367709291947854,0.016290515170407457,0.35266310701499115,0.0,0.0,0.0,0.0,1.0065028345262683,420.2148099332242,90.36944580078125,500.1178283691406,500.1178283691406,1.1987781524658203,0.6889898180961609,0.25,3.975581169128418,0.7252908945083618,0.5504527688026428,0.00015580530569000975,0.0,6.24933653425526,4.521213960003209,0.27652896667981947,0.8975362052788606,0.21292760082193324,0.02641435626994919,0.7592031230797639,0.18150514968343684,0.026018853324490623,,,,,,,,,,,,,,,,,,,,,,,,,,,,,,,,,
849,1.0366023645207784e-06,1.0366023645207784e-06,1.0,8.582200230778875,4.659853142661017,3.1324150046786747,3.1324150046786747,3.132340431213379,0.0,0.0,0.31227178750811396,1.3650536408295502,0.07999259706687283,1.4647993590380695,0.08068069352491482,0.014916550695292047,0.34497008895551834,0.0,0.0,0.0,0.0,0.9759651051985251,421.1335465714738,91.43470001220703,500.1178283691406,500.1178283691406,1.1980693340301514,0.6811124682426453,0.25,3.9633216857910156,0.7244772911071777,0.5461837649345398,0.00010776533643559009,0.0,5.1451397570403845,3.8180945725054354,0.2579220870957059,0.8963770399222503,0.2132435082583814,0.026624787196114257,0.7585233691576365,0.18187036224313685,0.026151511717487027,,,,,,,,,,,,,,,,,,,,,,,,,,,,,,,,,
850,1.0296988619220007e-06,1.0296988619220007e-06,1.0,8.533223783647692,4.61457719029607,3.133139378315694,3.133139378315694,3.1330156326293945,0.0,0.0,0.31132715859928645,1.3627077115548623,0.08099333408313829,1.44269804696779,0.08114255904345899,0.01577614719752927,0.3545062425168785,0.0,0.0,0.0,0.0,1.0005314946174622,419.1161622743349,86.23113250732422,500.1178283691406,500.1178283691406,1.1923496723175049,0.6642062664031982,0.25,3.9721336364746094,0.7224503755569458,0.5382534861564636,9.99750711510896e-05,0.0,6.371727656673741,4.422501560804006,0.30591798659632247,0.8941920963493554,0.2114096924259856,0.02618885161103429,0.7594948604300216,0.181376688383721,0.02594544874453867,116.67751890748411,206.21117012217434,0.3213555251509598,67.03755422738882,116.67751725005772,138.56805272171226,162.85914468635616,193.66723211402203,54.589447021484375,93.65904342296511,190.67751544454822,0.6447822423095617,0.8413004052959989,0.03676886936288539,-0.3638398135634271,0.8144031091219258,0.7605480314569183,0.7610006565223071,0.541127104015946,0.9470006368206921,0.9851460405790241,0.9953901863180605,0.44700063682069213,0.18514604057902406,0.04539018631806058,0.006455918981045372,0.7118233261139562,0.6043956043956044,0.3956043956043956,0.5613553113553114,0.4824879148586111,0.4671869381525359,0.4628302638756705
851,1.022837431662894e-06,1.022837431662894e-06,1.0,8.6172042408505,4.685977072329135,3.144294990075601,3.144294990075601,3.144230455965609,0.0,0.0,0.31269131560583374,1.361339298454491,0.08077802005651835,1.446611449525163,0.08248167394383533,0.015310370759736444,0.3476228762317348,0.0,0.0,0.0,0.0,0.9725884859626358,422.9958141430004,95.44915771484375,500.1178283691406,500.1178283691406,1.1938369274139404,0.6767572164535522,0.25,3.9728775024414062,0.7227499485015869,0.5434373021125793,9.153561709288074e-05,0.0,5.1228673216458915,3.8495070225483663,0.24856398168212093,0.8944229531932522,0.21204035668759733,0.026324136233007587,0.759263277053833,0.1815351799533174,0.025974895503069903,,,,,,,,,,,,,,,,,,,,,,,,,,,,,,,,,
852,1.0160181421453136e-06,1.0160181421453136e-06,1.0,8.562254184001201,4.648993981851114,3.1282690537942424,3.1282690537942424,3.1281708446708887,0.0,0.0,0.3094620221369975,1.3743496843286462,0.08089330349419568,1.4390958354279801,0.07872994113210086,0.015278754516731243,0.35650223976856954,0.0,0.0,0.0,0.0,1.0157705593753505,421.0052902634079,92.51249694824219,500.1178283691406,500.1178283691406,1.1925747394561768,0.6749230623245239,0.25,3.959745407104492,0.7222685813903809,0.5423575043678284,9.867669360367284e-05,0.0,5.639830959809793,4.246750077685794,0.24700755963277693,0.8939284972242407,0.21152604270625758,0.026158351048424438,0.7597842184272973,0.1812343557138701,0.02588215530724139,,,,,,,,,,,,,,,,,,,,,,,,,,,,,,,,,
853,1.0092410613510123e-06,1.0092410613510123e-06,1.0,8.517197866697568,4.608819510485675,3.1174656507131218,3.1174656507131218,3.117354998717437,0.0,0.0,0.31203038869677363,1.364875368169836,0.08060398959630244,1.455272903313508,0.08584161797488057,0.015709049206831166,0.350603265536798,0.0,0.0,0.0,0.0,0.9944297929067869,419.8550835686761,86.9074478149414,500.1178283691406,500.1178283691406,1.1963436603546143,0.6726725697517395,0.25,3.961719512939453,0.7242552638053894,0.5419912934303284,0.00011036209153042358,0.0,5.76925768723359,4.245857873478451,0.26405473569436316,0.8963469427985113,0.21222766790841077,0.02639103101918826,0.7592376969956063,0.1814482606746055,0.02601890774393404,,,,,,,,,,,,,,,,,,,,,,,,,,,,,,,,,
854,1.002506256840959e-06,1.002506256840959e-06,1.0,8.544311652312407,4.618228487066321,3.1431393043414966,3.1431393043414966,3.1430563926696777,0.0,0.0,0.31258167608364207,1.3485274862598728,0.08028023025474033,1.4438815986787952,0.08126798624525199,0.01473675958963262,0.3459726870059967,0.0,0.0,0.0,0.0,0.974010356374689,420.39086666622677,87.58907318115234,500.1178283691406,500.1178283691406,1.2016056776046753,0.686497688293457,0.25,3.958314895629883,0.7267351150512695,0.5494222044944763,9.47815609614226e-05,0.0,4.9315253560607495,3.867248945945018,0.21581079549915655,0.8992922080529703,0.2134105599409825,0.026686851841372414,0.758769546006177,0.1816504400324177,0.026128276930870237,,,,,,,,,,,,,,,,,,,,,,,,,,,,,,,,,
855,9.958137957546731e-07,9.958137957546731e-07,1.0,8.526872080725592,4.6436102196976945,3.0924167310869373,3.0924167310869373,3.0923116142685347,0.0,0.0,0.31014763584008087,1.3668605089187622,0.07977403639941602,1.4648064149392617,0.0830152825125166,0.016849373328826717,0.3485075831413269,0.0,0.0,0.0,0.0,1.0038569054088078,415.9181229874894,76.69554901123047,500.1178283691406,500.1178283691406,1.1982113122940063,0.6790529489517212,0.25,3.966297149658203,0.7251442074775696,0.546184241771698,0.00011036209153042358,0.0,5.900163479753442,4.436169352080371,0.24812772268036368,0.897337518833779,0.2129130641350875,0.026524277504634212,0.7587797464551153,0.1817326751109716,0.026086830206819484,117.92823267507029,195.01204659909334,0.31190969954251085,66.97414704207536,117.9282342483961,138.12277106393955,162.38805056583985,192.69615501686965,42.818590436662944,91.58540917921437,203.23240064538044,0.6452505845187942,0.8396886000661294,0.041001324831283194,-0.3613246421873012,0.8124742513998795,0.7582921974895411,0.7587597750137142,0.5428495678582352,0.9473618651839696,0.9854216329079039,0.9954913925405305,0.4473618651839696,0.1854216329079038,0.045491392540530584,0.006320977351085424,0.717186736898595,0.6318681318681318,0.36813186813186816,0.5659340659340659,0.47928791984424485,0.46412810896124157,0.459743239231162
856,9.891637448095483e-07,9.891637448095483e-07,1.0,8.567283578821131,4.633876607224748,3.1524320164242305,3.1524320164242305,3.1523154619577767,0.0,0.0,0.3109462527004448,1.3436355945226308,0.08020564309648566,1.4446175162856643,0.08036833598807051,0.015432719795687779,0.3466316429344383,0.0,0.0,0.0,0.0,0.9717096928003672,423.9822940310916,97.33171844482422,500.1178283691406,500.1178283691406,1.1946998834609985,0.6684809923171997,0.25,3.959573745727539,0.7228984832763672,0.5391362905502319,8.893886199804724e-05,0.0,4.978494924467963,3.81605823458852,0.23349158882665108,0.8944944642685555,0.21252285789799047,0.026409101546616166,0.7587086236154711,0.18184434642662872,0.02605817688478006,,,,,,,,,,,,,,,,,,,,,,,,,,,,,,,,,
857,9.825561703001929e-07,9.825561703001929e-07,1.0,8.471937372877791,4.572877426405211,3.119495707589227,3.119495707589227,3.1192978072810815,0.0,0.0,0.31118519322292226,1.339097854253408,0.07952158273877324,1.44350410152126,0.0799173424775536,0.015180558777993193,0.345270980048824,0.0,0.0,0.0,0.0,0.9765282998213897,421.5704452927048,91.0782241821289,500.1178283691406,500.1178283691406,1.1975469589233398,0.6788945198059082,0.25,3.961261749267578,0.7245020270347595,0.5446280837059021,8.309616303467187e-05,0.0,5.582270575536264,4.21305516926018,0.24527929768874557,0.8965549952275044,0.212689575714034,0.026454178163328686,0.75866587258674,0.1817981177890623,0.026100289428959023,,,,,,,,,,,,,,,,,,,,,,,,,,,,,,,,,
858,9.759911380977608e-07,9.759911380977608e-07,1.0,8.580148787111849,4.670217114525872,3.123403884269096,3.123403884269096,3.1233380420787915,0.0,0.0,0.3111707133215827,1.3530101292842143,0.07950509631553211,1.4559714504190393,0.08374434719617302,0.015563182142638677,0.3397813221892795,0.0,0.0,0.0,0.0,0.9678199677853971,422.1875841295397,93.6030044555664,500.1178283691406,500.1178283691406,1.201451301574707,0.6834841370582581,0.25,3.9631786346435547,0.7262406349182129,0.548281729221344,0.00013632964247875854,0.0,5.511867331491934,4.166080006071039,0.24416177757613441,0.8985803819991447,0.21366793924086802,0.026688596686801395,0.757838972516962,0.18220665809270498,0.02628694228022485,,,,,,,,,,,,,,,,,,,,,,,,,,,,,,,,,
859,9.694687136493055e-07,9.694687136493055e-07,1.0,8.531903550431535,4.624390808311668,3.120056912705705,3.120056912705705,3.1199342237936483,0.0,0.0,0.3128129147194527,1.353125040595596,0.07974592354652044,1.455651096395544,0.08381587438083984,0.015277702600468655,0.3423997340975581,0.0,0.0,0.0,0.0,0.9784944637401684,421.4195201976879,89.31660461425781,500.1178283691406,500.1178283691406,1.1978946924209595,0.6759837865829468,0.25,3.9751949310302734,0.7244606614112854,0.543722927570343,0.0001175031680412157,0.0,5.167285081502554,3.9768690644083797,0.23037552570024303,0.8963958073306728,0.21309303230530507,0.026543871927502995,0.7583225433890884,0.18200969937685374,0.02616494370473398,,,,,,,,,,,,,,,,,,,,,,,,,,,,,,,,,
860,9.629889619771192e-07,9.629889619771192e-07,1.0,8.546304638321335,4.6059236204301985,3.148311215478021,3.148311215478021,3.1482323698095374,0.0,0.0,0.31120015157235636,1.3630585348283923,0.07975584117544664,1.465253098590954,0.085732547918687,0.01700836462849701,0.3482849976500949,0.0,0.0,0.0,0.0,1.0098417401313782,419.04059415250214,86.56863403320312,500.1178283691406,500.1178283691406,1.19240140914917,0.6619279384613037,0.25,3.9735069274902344,0.7218624353408813,0.5357614159584045,0.00012853937719425806,0.0,5.02727090184753,3.965097403204119,0.2112823278039503,0.8932543074762499,0.21203280059066978,0.02641839921675824,0.7588560500660458,0.18180514106879364,0.026029848015388928,127.84588367336399,220.48444277479763,0.3475201556547549,86.37932305807595,127.84588085540531,148.35886965772764,172.37568556149526,202.38219127470435,48.419000898088726,104.01842481036519,206.75306568975034,0.6514376605896752,0.8440104231258231,0.035183699745002295,-0.3586631276182555,0.8180828189500919,0.7698232992072966,0.7732357304881693,0.5426337004668882,0.9449692462835259,0.9845486643633169,0.9952796379827472,0.44496924628352585,0.18454866436331685,0.045279637982747256,0.00694430388024657,0.6969164280535345,0.6703296703296703,0.32967032967032966,0.5787545787545787,0.4970809614265358,0.48111242592171,0.47644607894695723
861,9.565519476780888e-07,9.565519476780888e-07,1.0,8.567528814882845,4.654414731103021,3.121320718043559,3.121320718043559,3.1212293908402726,0.0,0.0,0.3115777912977579,1.369662297738565,0.08034303653481845,1.4611911934775275,0.08392849826329463,0.01619068145550586,0.3481352977656029,0.0,0.0,0.0,0.0,0.9941026761725142,421.7065718367293,92.51249694824219,500.1178283691406,500.1178283691406,1.194406509399414,0.6741276383399963,0.25,3.969186782836914,0.7226154208183289,0.5422167181968689,0.00010192263747221472,0.0,5.325158378562412,4.060416145904644,0.23750321450518053,0.8941470432925869,0.2124478043736638,0.026365795953048242,0.7586623929642342,0.18191812851944486,0.026067260753464053,,,,,,,,,,,,,,,,,,,,,,,,,,,,,,,,,
862,9.501577349230492e-07,9.501577349230492e-07,1.0,8.576706757416597,4.6711578369140625,3.1155059981990503,3.1155059981990503,3.1154282221923,0.0,0.0,0.3102305853689039,1.3752602596540708,0.08110397913165994,1.4521633515486847,0.08251138112029514,0.01584017225163611,0.35401831808927897,0.0,0.0,0.0,0.0,1.0031194702999011,423.71806789088896,98.09510803222656,500.1178283691406,500.1178283691406,1.1954699754714966,0.671834409236908,0.25,3.967212677001953,0.7239513993263245,0.5409175157546997,0.00011166046907784033,0.0,5.170311647492486,3.9625639722153947,0.2335928194701433,0.8959904280868737,0.21212595016569705,0.02616046676160516,0.7592643289952665,0.18160265724401217,0.025938153115881456,,,,,,,,,,,,,,,,,,,,,,,,,,,,,,,,,
863,9.438063874561473e-07,9.438063874561473e-07,1.0,8.524529508642248,4.633315344114561,3.100043754319887,3.100043754319887,3.0999244805928825,0.0,0.0,0.31104152267043655,1.3692947239489168,0.07985536975635064,1.4624181502574198,0.08298197388648987,0.015519963917196603,0.35005183155472214,0.0,0.0,0.0,0.0,1.0045469354938816,420.0897398252745,90.01713562011719,500.1178283691406,500.1178283691406,1.2006856203079224,0.67585289478302,0.25,3.9694156646728516,0.7266348600387573,0.543764591217041,0.00010192263747221472,0.0,5.432531796597146,4.0797716411384375,0.249010996365646,0.8992378196200809,0.21315696875791293,0.02647632672577291,0.7588873747232798,0.18172484273846085,0.026062026670252956,,,,,,,,,,,,,,,,,,,,,,,,,,,,,,,,,
864,9.37497968594202e-07,9.37497968594202e-07,1.0,8.559942799645501,4.652979154844542,3.1189913234195195,3.1189913234195195,3.118919411221066,0.0,0.0,0.31245286239160075,1.3537467879218024,0.07964458658888533,1.4582602977752686,0.08361085061285947,0.015650824882794876,0.3445372106255712,0.0,0.0,0.0,0.0,0.9752815744361362,421.09918955210094,91.79256439208984,500.1178283691406,500.1178283691406,1.199384093284607,0.6767944097518921,0.25,3.9708032608032227,0.7261237502098083,0.5453383326530457,0.00012074911190975756,0.0,5.463267700092213,4.1370329776325745,0.24275484842839629,0.8986606517353574,0.21275347310143547,0.02652377529522857,0.7586677509385187,0.1818881071097142,0.026083818813030783,,,,,,,,,,,,,,,,,,,,,,,,,,,,,,,,,
865,9.312325412260783e-07,9.312325412260783e-07,1.0,8.545964434340194,4.672309965700717,3.080236898886191,3.080236898886191,3.080003345334852,0.0,0.0,0.31074798107147217,1.3712449460416227,0.07951443179233654,1.4696680404044487,0.08412880249120094,0.015210451331694384,0.3512703309188018,0.0,0.0,0.0,0.0,1.0049768122466836,418.7911822344806,89.31660461425781,500.1178283691406,500.1178283691406,1.1936984062194824,0.6670122742652893,0.25,3.9785995483398438,0.7230943441390991,0.5385764241218567,0.00012074911190975756,0.0,5.182134154680613,3.976779071060387,0.23259820136681017,0.8948987851271758,0.21196860195817174,0.026238332779423612,0.7592934595571982,0.18169101267247587,0.02589999552111368,114.67286233587579,195.0699001648576,0.3180598346162018,64.42152920398084,114.67286231996962,137.2156278864622,161.7667724011997,192.49824983070218,56.61412920270647,91.99613106897635,187.10132897418478,0.6484309550572467,0.8406105062869436,0.03697820946179386,-0.3635307404857287,0.8129756625760313,0.760231732689636,0.7625003134967558,0.540996896146333,0.9475051109142347,0.9853531240803858,0.9954415679386991,0.4475051109142347,0.18535312408038573,0.045441567938699134,0.006510933645567505,0.7180508823366077,0.6153846153846154,0.38461538461538464,0.5576923076923077,0.4795542791649535,0.46459903649903916,0.46023981580203704
866,9.250101678120546e-07,9.250101678120546e-07,1.0,8.557227237804517,4.645838673050339,3.1230849575352027,3.1230849575352027,3.1230526163771346,0.0,0.0,0.31010508940026565,1.3726750161196735,0.08056459445002917,1.4476058837529775,0.08238758730727273,0.015414116753114236,0.3526484785047737,0.0,0.0,0.0,0.0,1.007400403151641,419.7935221904033,88.96839904785156,500.1178283691406,500.1178283691406,1.203258991241455,0.6916133761405945,0.25,3.9735069274902344,0.728012204170227,0.5524365901947021,0.0001428215302158423,0.0,5.6872258444090145,4.28534002078546,0.24649730149220592,0.9009391729896133,0.21358715440775897,0.026494369263181817,0.7590754579853367,0.18164340185152517,0.026019851651948853,,,,,,,,,,,,,,,,,,,,,,,,,,,,,,,,,
867,9.188309103832035e-07,9.188309103832035e-07,1.0,8.649499648326152,4.749473571777344,3.10616549930057,3.10616549930057,3.1061253612105912,0.0,0.0,0.3111504702954679,1.3882941458676312,0.08174311148153769,1.4572686182486045,0.08166862430201995,0.016286780629810448,0.354427494712778,0.0,0.0,0.0,0.0,1.0033652637455914,421.7864800530511,92.87458038330078,500.1178283691406,500.1178283691406,1.1972814798355103,0.6814764738082886,0.25,3.959745407104492,0.724299430847168,0.5454860925674438,9.607993850883935e-05,0.0,5.39490650151227,4.053983053645572,0.24855360282718847,0.8962104916572571,0.21305567952426704,0.026336220218925864,0.7590524183737265,0.18172826638092865,0.02599312349952556,,,,,,,,,,,,,,,,,,,,,,,,,,,,,,,,,
868,9.126948305407736e-07,9.126948305407736e-07,1.0,8.50117098318564,4.590440350609857,3.119678381327036,3.119678381327036,3.1195501056877344,0.0,0.0,0.3108199995917243,1.3719092961904165,0.08115317591944256,1.4534493942518492,0.08377180862668399,0.017415228664774348,0.3591414867220698,0.0,0.0,0.0,0.0,1.0224228034148346,420.6343994140625,89.31660461425781,500.1178283691406,500.1178283691406,1.1956197023391724,0.6775835156440735,0.25,3.965381622314453,0.7238284349441528,0.5443208813667297,9.218480586658911e-05,0.0,5.476250273150367,4.241989494980992,0.225384289724825,0.8957312864226263,0.21249343535384616,0.0262823254373428,0.7594021123808783,0.18161744282052322,0.025888170895946992,,,,,,,,,,,,,,,,,,,,,,,,,,,,,,,,,
869,9.06601989455575e-07,9.06601989455575e-07,1.0,8.465897959631842,4.560744118046117,3.1160280897810653,3.1160280897810653,3.1159462348834888,0.0,0.0,0.311498378579681,1.3586047855583396,0.0800975716194591,1.4584875235686432,0.08432728887812511,0.015930269599413953,0.3479003141055236,0.0,0.0,0.0,0.0,0.984620857883144,419.8979005555849,86.56863403320312,500.1178283691406,500.1178283691406,1.195762038230896,0.6762701272964478,0.25,3.970703125,0.7235605716705322,0.5442516207695007,0.0001097129027567152,0.0,5.510754863958101,4.106797891694146,0.25476672559801766,0.8953091018908733,0.2127495714136072,0.026396638285872097,0.7587091890541283,0.1819769035320024,0.026028374159658276,,,,,,,,,,,,,,,,,,,,,,,,,,,,,,,,,
870,9.005524478673657e-07,9.005524478673657e-07,1.0,8.579531579404264,4.658328030560468,3.127928656500739,3.127928656500739,3.127889149897807,0.0,0.0,0.3113108510906632,1.3851373388960555,0.08150064985494355,1.4585845116022471,0.08176324043322254,0.014791613507613138,0.3524931000696646,0.0,0.0,0.0,0.0,0.9945489764213562,422.89882598052156,97.71267700195312,500.1178283691406,500.1178283691406,1.1934565305709839,0.679324746131897,0.25,3.966554641723633,0.7226060032844543,0.5448276996612549,0.0001252934333257162,0.0,5.052153308649321,3.841975962793505,0.23953694037431206,0.8942276481035594,0.21213667577988393,0.02609365659992437,0.7592274208326597,0.18178065443361127,0.02587867548336854,117.67206885788467,216.96340052683308,0.3245477357892471,67.14434460231236,117.67207011722034,139.25111428749057,163.31069759365118,194.42751925730417,50.504119873046875,95.57396044472391,189.8640607750934,0.6511282328947967,0.8462033327663542,0.027405227847263437,-0.3669851284443092,0.8215532829322052,0.7698679583447857,0.7693735796616412,0.536558174168152,0.9460690205676995,0.984549183369586,0.9951789507665463,0.4460690205676995,0.18454918336958592,0.04517895076654632,0.007118170980387272,0.7046278231994765,0.5989010989010989,0.4010989010989011,0.555860805860806,0.48515784286044455,0.47039555271084493,0.46623992809391285
871,8.945462660842533e-07,8.945462660842533e-07,1.0,8.447483243169012,4.562939734072299,3.0993734630378516,3.0993734630378516,3.0992542473045557,0.0,0.0,0.3114299798333967,1.3417572137471792,0.07888587413204683,1.4539545806678567,0.08527401502470712,0.016847652729248274,0.3452033122649064,0.0,0.0,0.0,0.0,0.9963802590563491,417.8576734388197,82.2823257446289,500.1178283691406,500.1178283691406,1.1990138292312622,0.6818849444389343,0.25,3.976511001586914,0.7256109714508057,0.5482118129730225,9.023723954546399e-05,0.0,5.957450807094574,4.452024851296399,0.2526963301157941,0.8978923349767118,0.2131475488076339,0.02652935336369115,0.7584566200101698,0.18211590478549133,0.0260809894550491,,,,,,,,,,,,,,,,,,,,,,,,,,,,,,,,,
872,8.885835039820889e-07,8.885835039820889e-07,1.0,8.55571901476061,4.64968897845294,3.116322001895389,3.116322001895389,3.116222716666557,0.0,0.0,0.31134621919812383,1.3784491403682813,0.0812489730683533,1.45160550362355,0.07992401970802127,0.014683074582166769,0.3546924792431496,0.0,0.0,0.0,0.0,1.0008421636916496,424.0269231023015,102.00276947021484,500.1178283691406,500.1178283691406,1.193805456161499,0.6725250482559204,0.25,3.9646949768066406,0.7224600911140442,0.5401309728622437,0.0001025718262459231,0.0,5.409876618836377,4.03146757467373,0.2547949133189534,0.8939502448649019,0.2124856505039576,0.02613551904623573,0.7590762843956819,0.18187676652057752,0.025910638625154626,,,,,,,,,,,,,,,,,,,,,,,,,,,,,,,,,
873,8.826642210038689e-07,8.826642210038689e-07,1.0,8.491230346061087,4.55647967312787,3.1523047846716805,3.1523047846716805,3.152201665414346,0.0,0.0,0.3113570527450458,1.3450928185437176,0.07994948267131238,1.4437076433284863,0.08244820553305987,0.015684993006289005,0.3487127580352732,0.0,0.0,0.0,0.0,0.9945433268675933,423.01719624287375,95.44915771484375,500.1178283691406,500.1178283691406,1.1944187879562378,0.6763916611671448,0.25,3.958314895629883,0.7222392559051514,0.5420771837234497,8.699129567692212e-05,0.0,5.677502949495573,3.928431188738024,0.30807060362917965,0.8935040493269224,0.21303631405572634,0.026463269331567996,0.758439432930302,0.18226129380432335,0.026019664632307517,,,,,,,,,,,,,,,,,,,,,,,,,,,,,,,,,
874,8.767884761591483e-07,8.767884761591483e-07,1.0,8.53409142107577,4.625463408392829,3.123456400793952,3.123456400793952,3.1233755768956364,0.0,0.0,0.3110719315103582,1.3474431714496098,0.07931225293794193,1.456902014242636,0.08249872379206322,0.017147095597072226,0.34027837740408406,0.0,0.0,0.0,0.0,0.9721179121249431,419.56478799355995,84.56327056884766,500.1178283691406,500.1178283691406,1.1992539167404175,0.6736156940460205,0.25,3.964008331298828,0.7254983186721802,0.5435004234313965,0.00010581777011446496,0.0,4.930467458995613,3.8117342269098438,0.2269020618003768,0.8976218184909305,0.21360456862965146,0.02669329644256347,0.7579010660583908,0.18253642602546796,0.026138862292911555,,,,,,,,,,,,,,,,,,,,,,,,,,,,,,,,,
875,8.709563280234446e-07,8.709563280234446e-07,1.0,8.520348291139346,4.592376335247143,3.137184188172624,3.137184188172624,3.1370251694241085,0.0,0.0,0.31270515354903966,1.3617198628348273,0.07975519398176992,1.4622922040320732,0.08381625919325932,0.016118455678224564,0.3466313827682186,0.0,0.0,0.0,0.0,1.0014759833748277,423.97866326409417,98.09510803222656,500.1178283691406,500.1178283691406,1.1942397356033325,0.6781020760536194,0.25,3.9807310104370117,0.7223281860351562,0.5432471036911011,0.00010451939256704821,0.0,5.311043056281838,4.026994945229711,0.24176947869653784,0.8936728287387539,0.2128595363449406,0.02632957712017201,0.7587048475806778,0.18209490099468748,0.025983992661978747,120.08514270153674,219.35594333776382,0.336328389605176,72.00846837641119,120.08514192028456,142.7947636276978,166.9484729938497,197.8317040137782,60.51660810198103,97.8282190367233,191.5660752006199,0.6520398346513703,0.8430488885891392,0.032435338022931665,-0.364905148302175,0.8166766978796655,0.7657998441652241,0.7682549548111209,0.5410632780137442,0.9458821783108318,0.9846254772911402,0.9951929639358114,0.44588217831083177,0.1846254772911402,0.0451929639358114,0.0069100494664875054,0.7074870287358201,0.6098901098901099,0.3901098901098901,0.5576923076923077,0.49051544925832485,0.47531446749037437,0.47093087835953784
876,8.651678347376621e-07,8.651678347376621e-07,1.0,8.539728564185065,4.627901811857481,3.1281489874865556,3.1281489874865556,3.127992939304661,0.0,0.0,0.3122316188103444,1.34260478535214,0.07908547981768041,1.4523417724145424,0.08245693368686212,0.015288469104750737,0.3428495393411533,0.0,0.0,0.0,0.0,0.9772941389599362,422.1916388434333,92.87458038330078,500.1178283691406,500.1178283691406,1.1969213485717773,0.6787891387939453,0.25,3.969186782836914,0.7240308523178101,0.5453624129295349,8.569291812950537e-05,0.0,5.82954505166492,4.3540912302764685,0.2530993084901302,0.895822832713256,0.21314399306838577,0.026514927227352117,0.7583564246023023,0.18224372976535075,0.0260712106183574,,,,,,,,,,,,,,,,,,,,,,,,,,,,,,,,,
877,8.59423054007506e-07,8.59423054007506e-07,1.0,8.538694188401506,4.628754615783691,3.1264779181093783,3.1264779181093783,3.126377505225104,0.0,0.0,0.3109698045898128,1.3514914029353373,0.08053802074612798,1.4457895079174556,0.08202403401200836,0.01457399148745714,0.34537243118157257,0.0,0.0,0.0,0.0,0.9597931359265301,425.5511639569257,103.20514678955078,500.1178283691406,500.1178283691406,1.1974223852157593,0.6761713624000549,0.25,3.9709177017211914,0.7245497107505798,0.543500542640686,8.76404844506305e-05,0.0,4.680351494131862,3.618264228911013,0.22692468002723168,0.8965558103612952,0.21296157103938027,0.02638277819229139,0.7587124447564821,0.1819665496413772,0.02602907023518472,,,,,,,,,,,,,,,,,,,,,,,,,,,,,,,,,
878,8.537220431029106e-07,8.537220431029106e-07,1.0,8.504445939450651,4.5911424482190935,3.1285081618540995,3.1285081618540995,3.128405055484256,0.0,0.0,0.3111321901952898,1.3460506104134224,0.07952218824947202,1.4571795205812197,0.08217831640630155,0.014873308368731995,0.3462163455582954,0.0,0.0,0.0,0.0,0.981111508768958,423.2498597841005,96.95226287841797,500.1178283691406,500.1178283691406,1.1978994607925415,0.6729650497436523,0.25,3.978342056274414,0.7245953679084778,0.5408673286437988,8.893886199804724e-05,0.0,4.607437927980681,3.571968797090891,0.2247385959562148,0.8965105801015287,0.21335032823923472,0.02653927038851622,0.7584095194533065,0.18219703596991463,0.026072256418096053,,,,,,,,,,,,,,,,,,,,,,,,,,,,,,,,,
879,8.480648588574654e-07,8.480648588574654e-07,1.0,8.556304145503688,4.640275549244237,3.1281493741112785,3.1281493741112785,3.1279787437335864,0.0,0.0,0.3103021568543202,1.3664239000629734,0.08063742004939027,1.4487064045828741,0.08295601062678001,0.0166997066573114,0.3531082115463308,0.0,0.0,0.0,0.0,1.0152613520622253,423.28582186312286,98.86447143554688,500.1178283691406,500.1178283691406,1.1946358680725098,0.6711291074752808,0.25,3.981389045715332,0.7233919501304626,0.540353000164032,8.699129567692212e-05,0.0,5.637334353214985,4.265667765527158,0.24331829580155429,0.8952207694182525,0.2122681410731496,0.02618438544104228,0.7592567785366161,0.18177774306890127,0.025881075023396594,,,,,,,,,,,,,,,,,,,,,,,,,,,,,,,,,
880,8.424515576678525e-07,8.424515576678525e-07,1.0,8.484853486757022,4.602733650723019,3.0875458395158923,3.0875458395158923,3.0874075825149947,0.0,0.0,0.310921787410169,1.3684892525544037,0.0797520982655319,1.4696466246166744,0.08687654459798658,0.017016736211607587,0.3503972171126185,0.0,0.0,0.0,0.0,1.015213756947904,419.03086151947844,86.56863403320312,500.1178283691406,500.1178283691406,1.195598840713501,0.6730203628540039,0.25,3.9649810791015625,0.7238923907279968,0.5427896976470947,9.47815609614226e-05,0.0,5.43292063957936,4.265859777862961,0.21481279391681998,0.8957566071201015,0.21270821827488975,0.026373011185913474,0.7586452348812206,0.18220069158721613,0.025968721790893656,115.92405432397193,193.5778299532012,0.3102293505986399,65.65682622888586,115.9240522413408,137.0348255052757,161.97901101475628,192.42094756682837,45.968278067452566,90.39748630967252,198.15487405528194,0.6510381835085804,0.8392504342757865,0.04001777743729777,-0.36270754103953046,0.8113835274380675,0.7576647223703118,0.7585935252944997,0.5423673258806615,0.9477386637353192,0.9855000028545344,0.9954898355217233,0.44773866373531923,0.18550000285453438,0.045489835521723365,0.006277380824482979,0.7195295311972073,0.6263736263736264,0.37362637362637363,0.5576923076923077,0.4786410727998713,0.46349932155111334,0.4591077067940445
881,8.368821954932799e-07,8.368821954932799e-07,1.0,8.508992504429173,4.569187615368818,3.16106763401547,3.16106763401547,3.160935298816578,0.0,0.0,0.3122021273986713,1.3385976069682353,0.07984991552861961,1.4402064117225442,0.07902916671859252,0.014702113534046992,0.34340612066758647,0.0,0.0,0.0,0.0,0.957502949882198,425.68652838629646,103.20514678955078,500.1178283691406,500.1178283691406,1.1931089162826538,0.6727810502052307,0.25,3.9649810791015625,0.7220811247825623,0.5413694977760315,7.985021916613e-05,0.0,5.038594408615215,3.7117120688026017,0.26334374871369887,0.8934432719204877,0.21246810458801887,0.02630946518400231,0.7585396444475329,0.18227718609410362,0.025968241228445155,,,,,,,,,,,,,,,,,,,,,,,,,,,,,,,,,
882,8.313568278549292e-07,8.313568278549292e-07,1.0,8.515800295649347,4.623515773463893,3.104069948196411,3.104069948196411,3.1039179080241435,0.0,0.0,0.3103507128921715,1.3578967468158618,0.07983179189063408,1.4582952647595793,0.08364946455568881,0.016633074969758053,0.3499592719851313,0.0,0.0,0.0,0.0,1.011571774611602,419.9078913508235,89.66619110107422,500.1178283691406,500.1178283691406,1.1958717107772827,0.6754596829414368,0.25,3.975094795227051,0.7237934470176697,0.5434629917144775,0.00013178532106279992,0.0,5.308677549297745,4.199268109089619,0.20898037786357615,0.8956008682379851,0.2128148638718837,0.026370154039279836,0.7587035717190923,0.1821361691565127,0.025966621129899413,,,,,,,,,,,,,,,,,,,,,,,,,,,,,,,,,
883,8.258755098353949e-07,8.258755098353949e-07,1.0,8.544086069674105,4.60126526291306,3.1597337465028503,3.1597337465028503,3.159603602177388,0.0,0.0,0.3122584481497069,1.3517992657584113,0.08030715484071423,1.4430034998300914,0.08092886330308141,0.014923489916868307,0.3452713014306249,0.0,0.0,0.0,0.0,0.9664119804227674,424.85698555611276,98.47904205322266,500.1178283691406,500.1178283691406,1.1924796104431152,0.6649655103683472,0.25,3.970703125,0.7216988801956177,0.5367761850357056,8.893886199804724e-05,0.0,4.409589161743989,3.4607166599582984,0.2151838792642561,0.8929157208751988,0.21256722912595077,0.026345665038034722,0.7585194062542271,0.18229541706072316,0.025969181864245516,,,,,,,,,,,,,,,,,,,,,,,,,,,,,,,,,
884,8.204382960781411e-07,8.204382960781411e-07,1.0,8.506427983979922,4.595380196700225,3.125537782102018,3.125537782102018,3.125370637790577,0.0,0.0,0.3127514848837981,1.344382498715375,0.07899751574606509,1.4576343201302193,0.08246803636083731,0.016407711796361853,0.3427186938556465,0.0,0.0,0.0,0.0,0.9878677339167208,421.0250392604519,88.62154388427734,500.1178283691406,500.1178283691406,1.1944925785064697,0.6777327060699463,0.25,3.969043731689453,0.7222103476524353,0.5432988405227661,0.00010516858134075659,0.0,6.125318151873511,4.466521767345634,0.2708098327954625,0.893465435182726,0.21302450750325178,0.026501155483561592,0.7583296089558988,0.18229581898934133,0.02606242265854333,,,,,,,,,,,,,,,,,,,,,,,,,,,,,,,,,
885,8.150452407869557e-07,8.150452407869557e-07,1.0,8.499498741046802,4.6026455260611865,3.1105584647204423,3.1105584647204423,3.110386268512623,0.0,0.0,0.30988916835269414,1.3571480834806287,0.07952453548441062,1.4518613686432709,0.08377339252950372,0.01583479643749023,0.34667625983019135,0.0,0.0,0.0,0.0,1.001278057291701,421.6397779310072,92.87458038330078,500.1178283691406,500.1178283691406,1.1942278146743774,0.6799983382225037,0.25,3.966554641723633,0.7221024036407471,0.5441127419471741,0.00010776533643559009,0.0,5.59167314300666,4.173465760978493,0.25362844818672514,0.8932625490265924,0.2132977166691342,0.026437332350257282,0.7586646450532449,0.18218783752338305,0.025961318883944203,107.29166538112766,183.46269249111822,0.29753364581538977,55.76780960586045,107.29166756807423,131.83606159196438,156.41801917220417,187.6764889637051,48.0140130179269,85.76281259226245,176.6865692138672,0.652065031572026,0.8353128211454274,0.04325671716690547,-0.3659284786625021,0.8047883810426187,0.7487654629043823,0.7520415601581708,0.5436073375571943,0.9492411868842964,0.9859660704841654,0.9956341192645266,0.4492411868842964,0.18596607048416536,0.04563411926452665,0.006118045899876425,0.732975426610178,0.6098901098901099,0.3901098901098901,0.5439560439560439,0.47084396762343556,0.45613991370895407,0.45187124331573864
886,8.09696397725408e-07,8.09696397725408e-07,1.0,8.582884324563516,4.669790603019096,3.1294337994343526,3.1294337994343526,3.1293636979283512,0.0,0.0,0.31116070457406947,1.341211741035049,0.07887949452206895,1.4510656981854826,0.08459839567139342,0.016348386447675323,0.33969308315096675,0.0,0.0,0.0,0.0,0.9839218854904175,419.88098062051307,88.27604675292969,500.1178283691406,500.1178283691406,1.1961158514022827,0.6761855483055115,0.25,3.966297149658203,0.7229650020599365,0.5431629419326782,9.348318341400585e-05,0.0,5.614386701906049,4.167364695587674,0.2577346526250357,0.8943457635673316,0.21345150672100685,0.02660032210720552,0.757978492491954,0.18245002587099332,0.026153575780021178,,,,,,,,,,,,,,,,,,,,,,,,,,,,,,,,,
887,8.043918202163149e-07,8.043918202163149e-07,1.0,8.586520349657214,4.676272057198189,3.116846496994431,3.116846496994431,3.116774352821144,0.0,0.0,0.31070778418231654,1.3736010081059224,0.08056188606329866,1.4655114347870286,0.08454293234122766,0.01635902966498523,0.34887813514954336,0.0,0.0,0.0,0.0,0.9979088097005278,421.40854706635344,94.70636749267578,500.1178283691406,500.1178283691406,1.1958988904953003,0.678557276725769,0.25,3.967069625854492,0.7228277921676636,0.543260395526886,0.00010646695888817334,0.0,5.938955951381374,4.284904798945865,0.2785087422732583,0.894168235160209,0.213457302064509,0.02655089762363885,0.7582737658474896,0.1823154265010679,0.026086299151584908,,,,,,,,,,,,,,,,,,,,,,,,,,,,,,,,,
888,7.991315611412062e-07,7.991315611412062e-07,1.0,8.495492754755793,4.604388398093146,3.1042877081278206,3.1042877081278206,3.104169761812365,0.0,0.0,0.3102698857719834,1.3550535053820223,0.07948046741453377,1.4565870987402427,0.08341290580259787,0.016689608886686934,0.34391524179561717,0.0,0.0,0.0,0.0,0.9883029992515976,422.179705645587,93.6030044555664,500.1178283691406,500.1178283691406,1.1994819641113281,0.6888507604598999,0.25,3.9744081497192383,0.7249394655227661,0.5500676035881042,0.0001097129027567152,0.0,5.3776746907749695,4.0831288679226025,0.2407259451883676,0.8968131220018541,0.21396335516427015,0.02656737871065333,0.7579004973978609,0.18255632551940712,0.026145766917112713,,,,,,,,,,,,,,,,,,,,,,,,,,,,,,,,,
889,7.93915672939802e-07,7.93915672939802e-07,1.0,8.589959685866898,4.679667150652087,3.120126286068478,3.120126286068478,3.120053007796004,0.0,0.0,0.31299768267451106,1.361809785301621,0.07962447847868945,1.4630740494341463,0.08256305723979666,0.01519181951880455,0.34336089282422455,0.0,0.0,0.0,0.0,0.9850920712625658,423.5903625488281,98.47904205322266,500.1178283691406,500.1178283691406,1.1944082975387573,0.6799777150154114,0.25,3.962892532348633,0.7222967743873596,0.5447373986244202,7.985021916613e-05,0.0,5.375066905408292,3.9745965873872913,0.26054937411325496,0.8935709772883235,0.2131091618054622,0.026319673637280595,0.7583262469317462,0.18240149882999626,0.026021423372062476,,,,,,,,,,,,,,,,,,,,,,,,,,,,,,,,,
890,7.887442076094862e-07,7.887442076094862e-07,1.0,8.557159088753366,4.660794850942251,3.105767501367105,3.105767501367105,3.1056824374843286,0.0,0.0,0.3094559110499717,1.3744741710456643,0.08094305102084134,1.455642506882951,0.08359240448555431,0.01572022420933118,0.3519343931127239,0.0,0.0,0.0,0.0,1.0029966750660457,421.04304050754854,90.72313690185547,500.1178283691406,500.1178283691406,1.1977802515029907,0.6797387003898621,0.25,3.9634647369384766,0.7247514128684998,0.5461506247520447,0.00010387020379333985,0.0,5.261314757772394,4.119290504906629,0.2170606218110567,0.8967600915883038,0.21322452780362722,0.026348235186290096,0.7584464002299953,0.18227374432860194,0.02603132957340898,115.53850987193348,202.26548302047001,0.3147939027150759,63.116255246675934,115.53850976131982,137.29974859203668,161.85985718566934,192.7461322465492,51.99850681849888,91.40383621334105,192.889660379161,0.6510489496571447,0.8424371250900738,0.034320081860652434,-0.3644991042078874,0.8155914125078001,0.7626162492961794,0.7637127463554967,0.5396213325383559,0.9471532246638007,0.985145521572755,0.9953263485469641,0.4471532246638007,0.185145521572755,0.04532634854696416,0.006669749563904983,0.7177316934811255,0.6098901098901099,0.3901098901098901,0.5595238095238095,0.47956582171085116,0.46478718351368065,0.4605632038316229
891,7.836172167047916e-07,7.836172167047916e-07,1.0,8.556886466773781,4.6225370845279175,3.1531805283314474,3.1531805283314474,3.1530668993253967,0.0,0.0,0.31250965192511276,1.3402403045344997,0.07990128808730357,1.4426373050019548,0.08175196569110896,0.015259475296212209,0.34367065494124954,0.0,0.0,0.0,0.0,0.9611606340150576,423.6589000805004,94.33715057373047,500.1178283691406,500.1178283691406,1.197055697441101,0.6793497204780579,0.25,3.972562789916992,0.7232028841972351,0.5441231727600098,7.400752020275464e-05,0.0,5.045923882239574,3.766280290242788,0.2535994640150678,0.8945245001767133,0.21399642366009788,0.026597477294303274,0.7580357193946838,0.18250008853706154,0.026105530962750718,,,,,,,,,,,,,,,,,,,,,,,,,,,,,,,,,
892,7.785347513368792e-07,7.785347513368792e-07,1.0,8.589206953306455,4.6787005501824455,3.1193064612311288,3.1193064612311288,3.119207201777278,0.0,0.0,0.3121375908722749,1.3719527238124125,0.08036753656090917,1.4557174444198608,0.08317589900783591,0.015982593611084128,0.3515008293293618,0.0,0.0,0.0,0.0,1.0012555943953025,422.45424920159417,94.70636749267578,500.1178283691406,500.1178283691406,1.1980290412902832,0.6872712969779968,0.25,3.9740076065063477,0.7247574925422668,0.5492697954177856,0.00012074911190975756,0.0,5.507457647774671,4.10848134433901,0.2540148999604069,0.8966936436859337,0.21355462839474548,0.026296882965677493,0.7587644248395353,0.1821847658705067,0.025923753912384447,,,,,,,,,,,,,,,,,,,,,,,,,,,,,,,,,
893,7.734968621730375e-07,7.734968621730375e-07,1.0,8.493289187147811,4.572754331537195,3.1307601542086214,3.1307601542086214,3.130645648853199,0.0,0.0,0.3109881700696172,1.372443228154569,0.0810230203174256,1.4558377072617814,0.081244345754385,0.014732215138202583,0.35380377721142126,0.0,0.0,0.0,0.0,0.9927286441261703,424.56394009976776,103.20514678955078,500.1178283691406,500.1178283691406,1.1920138597488403,0.6688982248306274,0.25,3.9683284759521484,0.7213374972343445,0.5373508334159851,9.607993850883935e-05,0.0,4.594634747183001,3.577333232840976,0.22141074760420046,0.8924620425378954,0.21253734585401174,0.02617739327251911,0.7589860075228924,0.18213800562394633,0.025847624131553882,,,,,,,,,,,,,,,,,,,,,,,,,,,,,,,,,
894,7.685035994361727e-07,7.685035994361727e-07,1.0,8.515113791903934,4.596973432076944,3.1301166109136633,3.1301166109136633,3.1299639779168205,0.0,0.0,0.3116745658822962,1.3604884373175132,0.07980129988612356,1.456883962089951,0.08246600486942239,0.014410983594889576,0.34674322605133057,0.0,0.0,0.0,0.0,0.9868286558099695,422.5645323057432,94.33715057373047,500.1178283691406,500.1178283691406,1.194413185119629,0.6797859072685242,0.25,3.9544525146484375,0.7225457429885864,0.5443812012672424,0.00012074911190975756,0.0,5.166368861456175,3.8526187990162826,0.25428886277190893,0.8939225899206625,0.21300719235394452,0.02631188400492475,0.7584079181825792,0.182467095755242,0.025957209838403238,,,,,,,,,,,,,,,,,,,,,,,,,,,,,,,,,
895,7.635550129043058e-07,7.635550129043058e-07,1.0,8.504824071317106,4.576909065246582,3.1404347290863863,3.1404347290863863,3.140278513367112,0.0,0.0,0.3122960957320961,1.3420560907673191,0.07892650909520485,1.4659756132074304,0.08479549514280783,0.015889558878198668,0.3410366701113211,0.0,0.0,0.0,0.0,0.9719083019205041,421.94671630859375,93.9693603515625,500.1178283691406,500.1178283691406,1.193956971168518,0.6760693192481995,0.25,3.973607063293457,0.722019612789154,0.5427790284156799,8.958805077175561e-05,0.0,5.281971610881187,3.949489008735966,0.252269928789512,0.8931843396779653,0.2131717893722895,0.026437567244913127,0.758243697720605,0.18248452729470022,0.026021945768514194,116.29588716108721,217.0693200577188,0.3241550127453646,63.98445309649457,116.29588670792343,139.351154435028,162.54311380980104,193.46407873803633,53.03379603794643,95.3331201242846,184.70961728303328,0.653273914414073,0.8452408707159245,0.025565720927553007,-0.37033869915357903,0.8195228708921317,0.7687660045081744,0.7687283507880331,0.5362837981881002,0.9465584434794387,0.9847022902189636,0.9951799887790844,0.44655844347943874,0.18470229021896356,0.04517998877908447,0.007025787864491615,0.7094737847338458,0.5989010989010989,0.4010989010989011,0.5576923076923077,0.48453099198721267,0.4700256374019843,0.4658799451458585
896,7.58651151910082e-07,7.58651151910082e-07,1.0,8.514027389320168,4.604158801001471,3.1262281520946607,3.1262281520946607,3.1260932458413615,0.0,0.0,0.3118779039060747,1.347270952688681,0.07992548928470225,1.4467220693021208,0.08222173285242673,0.016184131514180352,0.34743689282520396,0.0,0.0,0.0,0.0,0.9809319054758227,422.0408861314928,92.87458038330078,500.1178283691406,500.1178283691406,1.19333016872406,0.6738719940185547,0.25,3.96429443359375,0.7221354246139526,0.5418556332588196,9.802750482996448e-05,0.0,5.685581908032701,3.9603188730574943,0.30344528719878633,0.8934604606112918,0.21269144480292862,0.026320273106968082,0.7584586707321374,0.182405967164684,0.02595955359976034,,,,,,,,,,,,,,,,,,,,,,,,,,,,,,,,,
897,7.537920653402735e-07,7.537920653402735e-07,1.0,8.538463089917157,4.623901431624954,3.1204195151457914,3.1204195151457914,3.120320397454339,0.0,0.0,0.31239508615957723,1.367295265197754,0.08053420121605331,1.4655593891401548,0.08679852503779772,0.015779888509093103,0.35108223919932907,0.0,0.0,0.0,0.0,1.0015140642990936,420.518934095228,87.931884765625,500.1178283691406,500.1178283691406,1.1995444297790527,0.6821678876876831,0.25,3.9669551849365234,0.7258160710334778,0.5467795729637146,0.00011101128030413195,0.0,5.112809883581625,4.061159768620053,0.20568926654962386,0.89805884135736,0.21360524361198013,0.02643661593665948,0.7588409137081455,0.182124110089766,0.02591683539385731,,,,,,,,,,,,,,,,,,,,,,,,,,,,,,,,,
898,7.489778016352964e-07,7.489778016352964e-07,1.0,8.589580600326126,4.66873811386727,3.125687328544823,3.125687328544823,3.125577926635742,0.0,0.0,0.31132674378317754,1.3815972611710832,0.0813884777394501,1.4632082468754537,0.08412503048374846,0.01796819580517508,0.3526799235794995,0.0,0.0,0.0,0.0,1.0228817156843237,421.0909786739865,88.96839904785156,500.1178283691406,500.1178283691406,1.1926515102386475,0.6757944822311401,0.25,3.9561691284179688,0.7216587662696838,0.5420041680335999,0.00010581777011446496,0.0,5.810002364016868,4.38151858303998,0.2458662994397262,0.8928254343367912,0.21276918254994057,0.02619857366221982,0.7588410280846261,0.18221063549454147,0.02587897199633959,,,,,,,,,,,,,,,,,,,,,,,,,,,,,,,,,
899,7.442084087887266e-07,7.442084087887266e-07,1.0,8.551212491215887,4.640943424121754,3.1221899213017643,3.1221899213017643,3.122083515734286,0.0,0.0,0.3123839272035135,1.3662630190720428,0.07992208245638255,1.4526014682408925,0.08106410795369663,0.01524140319560428,0.34607742807349645,0.0,0.0,0.0,0.0,0.9947277774681916,421.73407724741344,95.07704162597656,500.1178283691406,500.1178283691406,1.1987708806991577,0.6831631660461426,0.25,3.9675846099853516,0.7245248556137085,0.5460375547409058,9.413237218771423e-05,0.0,4.914751333159369,3.7377990178159766,0.23947342104627045,0.8963000339430731,0.21387130827517123,0.026469691681700783,0.7583872692005055,0.18227966693607536,0.026043758350046905,,,,,,,,,,,,,,,,,,,,,,,,,,,,,,,,,
900,7.394839343468172e-07,7.394839343468172e-07,1.0,8.530238460850072,4.62111894504444,3.119764083140605,3.119764083140605,3.1196022291441223,0.0,0.0,0.3111330093564214,1.3657811139080975,0.0798396302034726,1.4633955278912105,0.08138008788228035,0.013834960557319023,0.34408388508332743,0.0,0.0,0.0,0.0,0.9769378449465778,421.13322819890203,91.79256439208984,500.1178283691406,500.1178283691406,1.1945616006851196,0.6737395524978638,0.25,3.96246337890625,0.7221118807792664,0.5396645665168762,0.00012139830068346594,0.0,4.382172609503205,3.392304380197783,0.22588526685571175,0.8932724369538797,0.21329552337930008,0.02648866977039221,0.7583845306087185,0.18227122683782834,0.026046101557644637,109.40250367384691,196.75427889117316,0.29407499245441526,48.74539364825238,109.40250539636935,131.4018229753245,155.77619260894826,186.764158563493,46.7042966570173,84.61476028797239,188.45698945418647,0.6511666910387217,0.842525042568733,0.02898642732079513,-0.37249549192486175,0.81581701333353,0.7603632254996001,0.7560097201924744,0.5356119123813173,0.9485519465589625,0.9853635042057673,0.9953746161299882,0.44855194655896247,0.1853635042057673,0.04537461612998828,0.006532731908868728,0.7260005013600559,0.5494505494505495,0.45054945054945056,0.5512820512820513,0.4706592585195552,0.45633565114585906,0.45235977657548676
901,7.348044254080318e-07,7.348044254080318e-07,1.0,8.571106227668556,4.637830089878392,3.1454239278226286,3.1454239278226286,3.1453877075298413,0.0,0.0,0.3102187208227209,1.3709314191663586,0.08125458738288364,1.4516260688369338,0.08095809485058526,0.014066374225139216,0.35034096845098445,0.0,0.0,0.0,0.0,0.9828622872764999,423.3789821315456,97.71267700195312,500.1178283691406,500.1178283691406,1.193413257598877,0.676293134689331,0.25,3.96246337890625,0.7219827175140381,0.541407585144043,0.00011036209153042358,0.0,5.8496011221731035,4.06782735038448,0.3045974818752602,0.8932563275904268,0.2127375453710556,0.026241571365578753,0.7591615367580105,0.1818967477695362,0.025863093852594093,,,,,,,,,,,,,,,,,,,,,,,,,,,,,,,,,
902,7.301699286225695e-07,7.301699286225695e-07,1.0,8.53479815818168,4.607679354177939,3.147312086981696,3.147312086981696,3.147224452044513,0.0,0.0,0.3119082571686925,1.3437029735462085,0.07933506742119789,1.4379103602589787,0.08067589867356662,0.014225115068256855,0.3424920238353111,0.0,0.0,0.0,0.0,0.9618752485996968,425.25161083324537,102.00276947021484,500.1178283691406,500.1178283691406,1.193865180015564,0.6765722632408142,0.25,3.961576461791992,0.721824049949646,0.5417530536651611,9.413237218771423e-05,0.0,5.242335150370726,3.773217710288795,0.28024103723662885,0.8929888203337386,0.2129428286004711,0.026355264003615122,0.7583261857161651,0.182312800272091,0.02604883733029301,,,,,,,,,,,,,,,,,,,,,,,,,,,,,,,,,
903,7.255804901919022e-07,7.255804901919022e-07,1.0,8.552340146657583,4.643297504734349,3.1173853100957096,3.1173853100957096,3.11731219291687,0.0,0.0,0.31069233046995626,1.371012317167746,0.08051834406482207,1.4644955686620764,0.0829442733445683,0.015489041377362367,0.3472421910311725,0.0,0.0,0.0,0.0,0.9871899904431524,420.45798224371833,90.36944580078125,500.1178283691406,500.1178283691406,1.1973434686660767,0.6809327602386475,0.25,3.969758987426758,0.7242214679718018,0.5452332496643066,0.00011815235681492407,0.0,5.298868685155301,4.089833525387016,0.22816854532654834,0.8960476872083303,0.21327695411604805,0.026425008284481796,0.758719395946812,0.18205498078384916,0.02599550481583621,,,,,,,,,,,,,,,,,,,,,,,,,,,,,,,,,
904,7.210361558683124e-07,7.210361558683124e-07,1.0,8.506108657733813,4.579479887678817,3.137362273963722,3.137362273963722,3.1372492893322095,0.0,0.0,0.3114722556359059,1.3644297509580046,0.08060427392656738,1.4548364362201176,0.08378717957718952,0.015606174327282084,0.347644100720818,0.0,0.0,0.0,0.0,0.9881146775709616,423.1336570945946,95.8227310180664,500.1178283691406,500.1178283691406,1.1954371929168701,0.6748858094215393,0.25,3.9813175201416016,0.7230027318000793,0.540942370891571,0.00010711614766188171,0.0,5.158835717149683,3.9451936660586178,0.23525502993951053,0.8944730484807814,0.21320053330949834,0.02636227318765344,0.7587825333749926,0.18208910202657855,0.02594700304640306,,,,,,,,,,,,,,,,,,,,,,,,,,,,,,,,,
905,7.165369709544394e-07,7.165369709544394e-07,1.0,8.606942537668589,4.661142581217998,3.1571075143040837,3.1571075143040837,3.15707633946393,0.0,0.0,0.31180607708724767,1.3739485805099074,0.08106383278563216,1.448611095144942,0.08078941652500951,0.01516189704321929,0.35004289569081487,0.0,0.0,0.0,0.0,0.9990304885683833,421.3329228581609,89.66619110107422,500.1178283691406,500.1178283691406,1.1943161487579346,0.6779541969299316,0.25,3.96795654296875,0.7223966717720032,0.5425475239753723,0.0001226966782308827,0.0,5.320332614151207,4.059296843167898,0.2370219800974777,0.8937034816355318,0.21310585737228394,0.026333586589710134,0.7587583419438955,0.18216051926483978,0.02592745055822102,111.26985139113206,196.8672372882157,0.3025378572813615,53.90011223593911,111.26985336760517,134.0517185438492,157.84982941281004,188.64647110996262,47.112159729003906,87.81575769232225,186.80641506029212,0.6540578132757259,0.8459437412790118,0.02270144359186752,-0.37290613682696844,0.8204485159860012,0.7681631956222214,0.7655369812299444,0.5335779933893277,0.9476665218639176,0.9852430947513415,0.995319082459197,0.44766652186391764,0.18524309475134149,0.045319082459197024,0.006857629833310757,0.7145019174686611,0.5714285714285714,0.42857142857142855,0.5622710622710623,0.47428945791754096,0.4601288254853788,0.45611326048498624
906,7.120829803028248e-07,7.120829803028248e-07,1.0,8.53313415114944,4.6074847788424105,3.1377363656018233,3.1377363656018233,3.137613180521372,0.0,0.0,0.3125595104049992,1.3610427766232878,0.0806887233378114,1.4502436470341038,0.08290399107578639,0.01626158709562308,0.34831866058143407,0.0,0.0,0.0,0.0,0.9907410209243362,422.6067826554582,93.9693603515625,500.1178283691406,500.1178283691406,1.1940360069274902,0.6779493689537048,0.25,3.9649810791015625,0.722256600856781,0.5436266660690308,0.00011555560172009057,0.0,5.754448723148656,4.204515426545529,0.26934522682740164,0.8935771906698072,0.2128503213863115,0.026381101912340603,0.758714585690885,0.18214572402271065,0.025955127753518725,,,,,,,,,,,,,,,,,,,,,,,,,,,,,,,,,
907,7.076742283154691e-07,7.076742283154691e-07,1.0,8.506877731632542,4.617204221519264,3.097718825211396,3.097718825211396,3.097606356079514,0.0,0.0,0.3122813693574957,1.36114907909084,0.07899612087655712,1.466312559875282,0.08593073970562704,0.01601789168057007,0.3410789439001599,0.0,0.0,0.0,0.0,0.9860343578699473,418.5720272579709,84.56327056884766,500.1178283691406,500.1178283691406,1.2008476257324219,0.6866981983184814,0.25,3.9705886840820312,0.7253304123878479,0.5483592748641968,0.00011945073436234082,0.0,5.5994893811844495,4.303094523984033,0.23152019210119346,0.8972633336041425,0.21416509433372602,0.02677047876892863,0.757969986748051,0.1823314363892014,0.026204425891911663,,,,,,,,,,,,,,,,,,,,,,,,,,,,,,,,,
908,7.033107589433834e-07,7.033107589433834e-07,1.0,8.520915340732884,4.593497173206226,3.1298583069363155,3.1298583069363155,3.1297574365461194,0.0,0.0,0.31301897039284576,1.3742100548099827,0.080133024905179,1.4726005341555621,0.08644468659484708,0.019564433337969554,0.35036366372495087,0.0,0.0,0.0,0.0,1.0474332313279848,417.0343298009924,82.6043701171875,500.1178283691406,500.1178283691406,1.1930421590805054,0.677020251750946,0.25,3.960203170776367,0.722174882888794,0.543937623500824,0.00013892639757359204,0.0,7.974225630631318,5.319764333802301,0.3328801340449235,0.8936453896599847,0.21214419401980736,0.026336100657243986,0.7592849215945682,0.18176670694673383,0.02586996530157489,,,,,,,,,,,,,,,,,,,,,,,,,,,,,,,,,
909,6.989926156861587e-07,6.989926156861587e-07,1.0,8.529940798475936,4.62496026786598,3.118580367114093,3.118580367114093,3.1184860371254586,0.0,0.0,0.3116602253269505,1.3611052068504128,0.08013481676981256,1.4534359622646023,0.08031315658543561,0.015184503828955663,0.34428313777253433,0.0,0.0,0.0,0.0,0.980234766328657,420.5018475506757,89.66619110107422,500.1178283691406,500.1178283691406,1.1954206228256226,0.6732413172721863,0.25,3.9635791778564453,0.7233392596244812,0.5419967174530029,9.47815609614226e-05,0.0,5.416155989105637,3.9156463565053166,0.2770432822870188,0.8950058221817017,0.21280793604013082,0.02639600302319269,0.758668835098679,0.18206956499331706,0.025997338162080663,,,,,,,,,,,,,,,,,,,,,,,,,,,,,,,,,
910,6.947198415915259e-07,6.947198415915259e-07,1.0,8.477575340786496,4.6009224814337655,3.0858430153614766,3.0858430153614766,3.0857311068354427,0.0,0.0,0.31205482579566335,1.3655698686032682,0.07974928053649696,1.460719701406118,0.08329940184548094,0.016386776193472986,0.34883799665683024,0.0,0.0,0.0,0.0,1.0105402969025277,419.9232078758446,90.72313690185547,500.1178283691406,500.1178283691406,1.1956573724746704,0.6814813613891602,0.25,3.961576461791992,0.7236899733543396,0.5460233092308044,8.958805077175561e-05,0.0,5.7523289725587174,4.317437437740532,0.24944531887228374,0.8955409075762775,0.21253417835042282,0.026263580934421438,0.7590144437712592,0.181929429237907,0.025911702296218357,107.6648314339774,178.8649969954628,0.2879957650659858,51.46042142595564,107.66483245621774,130.37147008534865,154.97626924116105,185.86803421741078,43.32398550851004,82.81744461650996,187.1365449324898,0.6504169283917308,0.8420845383985085,0.03153891002160218,-0.3690787968046213,0.8147345587042352,0.7599151226106483,0.7587720854957858,0.536326424624198,0.9488924146714768,0.9857506828824986,0.995535508073402,0.4488924146714768,0.18575068288249852,0.04553550807340201,0.006660407451061601,0.7208270468698992,0.6098901098901099,0.3901098901098901,0.553113553113553,0.4674491303062046,0.4531120940387904,0.44902459675302875
911,6.904924792549288e-07,6.904924792549288e-07,1.0,8.45673824001003,4.566034987166121,3.1014615200661324,3.1014615200661324,3.1013647607854895,0.0,0.0,0.3109572634503648,1.364143519788175,0.07985917186817608,1.4567562245033883,0.08297304647999841,0.01745523906916984,0.3498480718683552,0.0,0.0,0.0,0.0,1.023983214352582,418.45546743032094,86.9074478149414,500.1178283691406,500.1178283691406,1.1922132968902588,0.6731762886047363,0.25,3.961118698120117,0.7221258878707886,0.542342483997345,0.00012594262209942455,0.0,6.7527270735921086,4.800031873019966,0.2891713494846472,0.8936517109742036,0.21190896710833987,0.026123051707809035,0.7594481481088174,0.18171147035585866,0.02581851088718788,,,,,,,,,,,,,,,,,,,,,,,,,,,,,,,,,
912,6.863105708191023e-07,6.863105708191023e-07,1.0,8.53794222909051,4.609491644678889,3.1406639137783565,3.1406639137783565,3.1405433770772575,0.0,0.0,0.31206175926569346,1.3551433795207255,0.07955936845895406,1.45998879058941,0.08311493281979819,0.014813641954616114,0.3398811893688666,0.0,0.0,0.0,0.0,0.9708907008171082,420.96747403531464,90.72313690185547,500.1178283691406,500.1178283691406,1.1952284574508667,0.6773781180381775,0.25,3.9695301055908203,0.7228318452835083,0.5435437560081482,0.00010451939256704821,0.0,4.785631587376466,3.600566011828345,0.24762992175872578,0.8942824473252168,0.2130237825818964,0.02650460318939106,0.7584314845703743,0.18220437539590373,0.026047026537157392,,,,,,,,,,,,,,,,,,,,,,,,,,,,,,,,,
913,6.82174157973646e-07,6.82174157973646e-07,1.0,8.51222561501168,4.584049482603331,3.1447807260461755,3.1447807260461755,3.1446842825090564,0.0,0.0,0.31190611220694875,1.3399629625114235,0.07835519092308509,1.4563806508038495,0.08248077272563367,0.01497077094894406,0.3370392209774739,0.0,0.0,0.0,0.0,0.9653650022841789,419.96185467694255,87.58907318115234,500.1178283691406,500.1178283691406,1.2008898258209229,0.6797134280204773,0.25,3.9740076065063477,0.7262076139450073,0.5462582111358643,0.0001324345098365083,0.0,5.191157477127539,3.9708412337947534,0.2350759437966486,0.8985564837584624,0.21359133841218175,0.02668917244551955,0.7582793461309897,0.1821606517643542,0.02613994393598389,,,,,,,,,,,,,,,,,,,,,,,,,,,,,,,,,
914,6.78083281954614e-07,6.78083281954614e-07,1.0,8.496278556617531,4.587175852543599,3.122780819196959,3.122780819196959,3.122695014283464,0.0,0.0,0.312393657259039,1.3565700988511782,0.08005244174116366,1.4515425997811395,0.08175863607509716,0.016654638756016218,0.3423926628924705,0.0,0.0,0.0,0.0,0.9893611846743403,420.2005631730363,88.27604675292969,500.1178283691406,500.1178283691406,1.1954165697097778,0.6769589185714722,0.25,3.974207878112793,0.7235673069953918,0.544560968875885,6.751563246567089e-05,0.0,5.848315507979007,4.338874061365385,0.258098497687796,0.8953888239087285,0.21247313312582067,0.026346242458030984,0.7591305745614542,0.18177112614786303,0.025928671899679546,,,,,,,,,,,,,,,,,,,,,,,,,,,,,,,,,
915,6.74037983544103e-07,6.74037983544103e-07,1.0,8.530332565307617,4.607488509770986,3.141354850820593,3.141354850820593,3.1412325678644955,0.0,0.0,0.3115228342043387,1.3430057570740983,0.07944444577033455,1.4443562707385502,0.08167149660152358,0.01667568924509593,0.33948065582159404,0.0,0.0,0.0,0.0,0.9716743681881879,422.6242585053315,92.87458038330078,500.1178283691406,500.1178283691406,1.1963021755218506,0.6820396184921265,0.25,3.968585968017578,0.7234631776809692,0.5464059710502625,7.335833142904626e-05,0.0,5.92693466753573,4.218967163884962,0.28817046238184674,0.8951336242057182,0.21293405101105972,0.026468393115981204,0.7589355401090674,0.18177293764578328,0.02601031631835409,111.8901490850763,200.78342424690493,0.3067986714658824,57.771140926486844,111.89015070803278,134.95913071632577,159.41152013550564,190.3597392343232,48.93742806570871,88.90941749986752,185.915875642196,0.6593458662500663,0.842796749623026,0.030033617048247082,-0.36962005760806477,0.8155615470028259,0.7624845229098624,0.7623487520861423,0.5381102898202627,0.9475404033405319,0.9852218154943093,0.9953315386096548,0.4475404033405319,0.18522181549430927,0.04533153860965489,0.0068467307016601454,0.7185688505931463,0.6098901098901099,0.3901098901098901,0.5567765567765568,0.47620983511864484,0.46174857044940465,0.45761379816538683
916,6.700383030698446e-07,6.700383030698446e-07,1.0,8.490215958775702,4.592912983249974,3.11557141510216,3.11557141510216,3.115405514433577,0.0,0.0,0.31123118545558004,1.3475068259883571,0.07995544565287796,1.4413904724894344,0.08156073586763563,0.015322847568706886,0.34524486515973063,0.0,0.0,0.0,0.0,0.9745552910340799,421.8031772922825,93.23808288574219,500.1178283691406,500.1178283691406,1.195971965789795,0.6831157207489014,0.25,3.975581169128418,0.7242479920387268,0.5481300354003906,0.00010711614766188171,0.0,5.329737979012567,4.065914065451236,0.23712683785544705,0.8963395614881773,0.21226916200405843,0.026221425096328195,0.7595442597930496,0.18150626284045143,0.025854826376244828,,,,,,,,,,,,,,,,,,,,,,,,,,,,,,,,,
917,6.66084280404801e-07,6.66084280404801e-07,1.0,8.492618741215887,4.565885247410955,3.14147213987402,3.14147213987402,3.141345094990086,0.0,0.0,0.31124715869491165,1.3499492374626365,0.07945794058409897,1.4483283532632363,0.0845689450365466,0.01687904040807405,0.3444012939124494,0.0,0.0,0.0,0.0,0.9879490169318946,421.88886570286104,92.51249694824219,500.1178283691406,500.1178283691406,1.1931604146957397,0.6744691133499146,0.25,3.974808692932129,0.7224451303482056,0.5421125292778015,7.660427529758814e-05,0.0,5.7988696823248995,4.194137180173719,0.2767319477867291,0.8940838655909976,0.21181783039827604,0.02623615544792768,0.7597106936815623,0.18144291236593918,0.025816713484960632,,,,,,,,,,,,,,,,,,,,,,,,,,,,,,,,,
918,6.621759549667732e-07,6.621759549667732e-07,1.0,8.505217384647679,4.606415361971469,3.1093808895832784,3.1093808895832784,3.1092479164535933,0.0,0.0,0.31195601257118016,1.364770792626046,0.0797785008074464,1.4569774576135583,0.08231195042262206,0.016812491218081198,0.34875727545570684,0.0,0.0,0.0,0.0,1.0178247368013538,419.5765323123416,89.31660461425781,500.1178283691406,500.1178283691406,1.1952017545700073,0.6753145456314087,0.25,3.9637222290039062,0.7242700457572937,0.5436825752258301,0.00010646695888817334,0.0,6.335310743467228,4.53650413654946,0.28393344537561016,0.8965182046632509,0.21168379284240105,0.026118249003146146,0.7599995394010801,0.1812288998752027,0.025787102612289222,,,,,,,,,,,,,,,,,,,,,,,,,,,,,,,,,
919,6.583133657180028e-07,6.583133657180028e-07,1.0,8.530581680504051,4.6124966982248665,3.1281297142441207,3.1281297142441207,3.1280266014305322,0.0,0.0,0.31151502035759593,1.3688706900622394,0.08017789743639328,1.4528723342998608,0.08402685166613476,0.016037547142823804,0.3482499819349598,0.0,0.0,0.0,0.0,0.9993765821328034,420.5878073202597,90.72313690185547,500.1178283691406,500.1178283691406,1.195739507675171,0.6847295761108398,0.25,3.9731922149658203,0.7240976691246033,0.5490857362747192,0.0001097129027567152,0.0,5.676985413641543,4.227915525436401,0.2552534105025339,0.8961596070109187,0.21222739404923208,0.02613817563129438,0.7597299717568062,0.181386336684227,0.02583205297186568,,,,,,,,,,,,,,,,,,,,,,,,,,,,,,,,,
920,6.54496551164787e-07,6.54496551164787e-07,1.0,8.564168156804266,4.640676646619229,3.1395176036937817,3.1395176036937817,3.139389192735827,0.0,0.0,0.31185774787052256,1.3558654205219165,0.08021714951138238,1.4445369179184373,0.08102670392474613,0.013971918803715223,0.34667344592713023,0.0,0.0,0.0,0.0,0.9764924854845614,421.7366662927576,90.36944580078125,500.1178283691406,500.1178283691406,1.1959706544876099,0.6807044744491577,0.25,3.980502128601074,0.7240801453590393,0.546552300453186,0.00010192263747221472,0.0,4.779641251306276,3.7760932654947847,0.20996303551803633,0.8960724311905939,0.21245174391849622,0.02626446941615762,0.7596539130082002,0.18140537392448736,0.025852939617392177,104.11682805910215,176.48860956657276,0.2797344432185511,43.8845761686891,104.11683001871995,128.0214999103327,152.82194515517563,183.7607186356403,40.897303444998606,80.5673985444298,179.7779819654382,0.6557533775900946,0.8428168912589165,0.026854456729292646,-0.3737295478796199,0.8160128379111804,0.7617789580492295,0.758909115223871,0.5341848602623498,0.949272327260441,0.985801026490599,0.9954934685656068,0.449272327260441,0.18580102649059893,0.045493468565606876,0.006777702867872941,0.7236255286727609,0.5824175824175825,0.4175824175824176,0.5485347985347986,0.4640885536651035,0.45029528688762216,0.44640506316836065
921,6.50725549357091e-07,6.50725549357091e-07,1.0,8.532915553531131,4.616976274026407,3.1300813700701737,3.1300813700701737,3.12993057998451,0.0,0.0,0.31124500084567713,1.3552346358428131,0.07997681875083898,1.4520109247516941,0.08267477486987372,0.015391311444644187,0.34285218248496185,0.0,0.0,0.0,0.0,0.9735311753041035,421.1029877533784,90.36944580078125,500.1178283691406,500.1178283691406,1.1952800750732422,0.6756658554077148,0.25,3.9833059310913086,0.7242327928543091,0.5441596508026123,9.932588237738122e-05,0.0,5.293404463175181,3.9152719813424186,0.26034898550074276,0.8964622906736426,0.2116799966709034,0.026210439517288596,0.7599015703072419,0.1812697564427917,0.02580372742503076,,,,,,,,,,,,,,,,,,,,,,,,,,,,,,,,,
922,6.470003978881742e-07,6.470003978881742e-07,1.0,8.537008504609805,4.642571462167276,3.1029426793794372,3.1029426793794372,3.102826195794183,0.0,0.0,0.3122219886328723,1.361981810750188,0.08040000055287336,1.4602825480538446,0.08560013348186338,0.017222397734184523,0.3501408692147281,0.0,0.0,0.0,0.0,1.0058373841079506,417.1491039379223,78.51434326171875,500.1178283691406,500.1178283691406,1.1979448795318604,0.6775289177894592,0.25,3.9731922149658203,0.726396381855011,0.5472881197929382,0.00012853937719425806,0.0,6.227922545896994,4.5669669106199935,0.26669497300849565,0.8993032912950258,0.21166249022290512,0.026227838938703407,0.7602448882283391,0.18098426710914922,0.0257882087214573,,,,,,,,,,,,,,,,,,,,,,,,,,,,,,,,,
923,6.433211338942105e-07,6.433211338942105e-07,1.0,8.552954905741924,4.64733953733702,3.1152092959429765,3.1152092959429765,3.1150768898628853,0.0,0.0,0.30962721882639704,1.365839510350614,0.08049195823637215,1.4576970918758496,0.08578003439548854,0.016416376670570793,0.349670876522322,0.0,0.0,0.0,0.0,1.0059164424200315,419.81250824799406,87.931884765625,500.1178283691406,500.1178283691406,1.192803144454956,0.672440230846405,0.25,3.969758987426758,0.7236192226409912,0.5439975261688232,0.00013697883125246693,0.0,5.880962776171194,4.315767784376402,0.2661460463815099,0.8958675200874741,0.21085903169335546,0.026047468890209455,0.7605443774042903,0.18095620580621669,0.025658588906800426,,,,,,,,,,,,,,,,,,,,,,,,,,,,,,,,,
924,6.396877940539205e-07,6.396877940539205e-07,1.0,8.609821628879857,4.69926625329095,3.129414687285552,3.129414687285552,3.1293479945208573,0.0,0.0,0.31054326730805476,1.343674179669973,0.079606938402395,1.446742225337673,0.08133267047437462,0.01409769050676275,0.340882560691318,0.0,0.0,0.0,0.0,0.9605753260689813,422.8237758327175,94.70636749267578,500.1178283691406,500.1178283691406,1.19618558883667,0.6820181012153625,0.25,3.978671073913574,0.7239730358123779,0.5460343956947327,0.00011555560172009057,0.0,4.286778119770256,3.481632630567293,0.1878206584776806,0.8959574248339679,0.2123500700737979,0.02626027151740886,0.759543114417308,0.18141978737470266,0.025891410841329676,,,,,,,,,,,,,,,,,,,,,,,,,,,,,,,,,
925,6.361004145882031e-07,6.361004145882031e-07,1.0,8.575468810828957,4.643942388328346,3.1392949014096647,3.1392949014096647,3.139226874789676,0.0,0.0,0.3115959924620551,1.3727368954065684,0.08091681349921871,1.4591606565423914,0.08381478085711196,0.016633228159736137,0.3511964139100668,0.0,0.0,0.0,0.0,1.0049532925760425,421.95966730891047,90.72313690185547,500.1178283691406,500.1178283691406,1.1956946849822998,0.678688108921051,0.25,3.9698734283447266,0.724465548992157,0.5447530150413513,0.00011360803539896546,0.0,6.191716149046615,4.341885785798769,0.2987589092779517,0.896747257258441,0.21181934427570653,0.02605212474795612,0.7604072271166621,0.18099821580422892,0.025701318943017238,107.98834136292174,178.5839973314415,0.2823359518814186,50.08454148847978,107.98834070606677,129.3494312845929,153.6821701684104,184.31316237186525,31.81293705531529,82.76639627855877,190.31135758109716,0.6493853796770049,0.8414589001311833,0.02989549044312575,-0.37323623643358916,0.8140806409766348,0.7586954525223676,0.7560133743077302,0.534642457069426,0.9497752443351763,0.9860371743430288,0.9956901719415869,0.44977524433517635,0.1860371743430288,0.04569017194158698,0.006702446958856816,0.7226414927865914,0.5769230769230769,0.4230769230769231,0.5485347985347986,0.46499604289675806,0.4507455707496994,0.4467351771072372
926,6.325590312597795e-07,6.325590312597795e-07,1.0,8.549537297841665,4.645774287146491,3.114494581480284,3.114494581480284,3.1144074298240043,0.0,0.0,0.31069795747061035,1.368494175575875,0.08093010603978827,1.4561693893896568,0.08256470683861424,0.015136925440684363,0.34681956751926524,0.0,0.0,0.0,0.0,0.9755621471920529,423.5540787980363,97.33171844482422,500.1178283691406,500.1178283691406,1.196921467781067,0.6842736005783081,0.25,3.987819194793701,0.7248791456222534,0.5482320785522461,9.932588237738122e-05,0.0,5.180892855734439,3.897907141092661,0.24763795553535006,0.8972418920413868,0.21199746792380875,0.026103758832087386,0.7601798563390165,0.18101039045565837,0.02579107231183632,,,,,,,,,,,,,,,,,,,,,,,,,,,,,,,,,
927,6.290636793728324e-07,6.290636793728324e-07,1.0,8.527512962753708,4.6038044078930005,3.1363826055784485,3.1363826055784485,3.136304384953267,0.0,0.0,0.31098093132714966,1.3647366439973987,0.0804472001823219,1.4522462213361584,0.08168628972929877,0.015014155805614349,0.34597767607585805,0.0,0.0,0.0,0.0,0.9856011271476746,424.3272292678421,98.86447143554688,500.1178283691406,500.1178283691406,1.1961634159088135,0.6819984912872314,0.25,3.9698734283447266,0.724531888961792,0.5464951992034912,7.855184161871325e-05,0.0,4.86636920071937,3.6237905057700903,0.2553399965554598,0.8968256631413022,0.21184581276532766,0.026081177682892698,0.7602921176601101,0.18094186565360507,0.025768286422700494,,,,,,,,,,,,,,,,,,,,,,,,,,,,,,,,,
928,6.256143937726553e-07,6.256143937726553e-07,1.0,8.526989176466659,4.591545607592608,3.153679493311289,3.153679493311289,3.1535921934488655,0.0,0.0,0.311569640765319,1.3473630241445593,0.07951468481002627,1.4436679434131932,0.08118618168943637,0.014487014743625312,0.3411061083142822,0.0,0.0,0.0,0.0,0.9678985218744021,424.419080579603,96.95226287841797,500.1178283691406,500.1178283691406,1.195743441581726,0.6759490370750427,0.25,3.9737071990966797,0.7242408394813538,0.5432827472686768,9.348318341400585e-05,0.0,4.827704244368785,3.738837377445118,0.22554547913612613,0.8964505115070859,0.2117630642008137,0.02626105851015529,0.7600997235323932,0.18102633308719945,0.025812728984935862,,,,,,,,,,,,,,,,,,,,,,,,,,,,,,,,,
929,6.222112088453042e-07,6.222112088453042e-07,1.0,8.575961370725889,4.663844250343941,3.122907844749657,3.122907844749657,3.122796445279508,0.0,0.0,0.3118193963089505,1.3685714167517584,0.08043582113207998,1.4514523454614587,0.08278424141777528,0.016214918873801425,0.34854203140413437,0.0,0.0,0.0,0.0,1.0095017697360065,420.20412878088047,90.36944580078125,500.1178283691406,500.1178283691406,1.1908884048461914,0.6683997511863708,0.25,3.9793291091918945,0.7227650880813599,0.5413611531257629,9.607993850883935e-05,0.0,6.130563307452846,4.4217062511959595,0.27874388870260114,0.8949399542164158,0.21011668645046852,0.025866835101230723,0.7608738622149905,0.18069153218655973,0.025619200204272528,,,,,,,,,,,,,,,,,,,,,,,,,,,,,,,,,
930,6.188541585172578e-07,6.188541585172578e-07,1.0,8.570061889854637,4.639823526949496,3.138808856139312,3.138808856139312,3.138718166866818,0.0,0.0,0.3111987645561631,1.3740826684075433,0.0806240037687727,1.455848165460535,0.08350454613163664,0.016295082565094973,0.3516990192033149,0.0,0.0,0.0,0.0,1.015069128693761,421.8545655946474,93.9693603515625,500.1178283691406,500.1178283691406,1.191275954246521,0.6693834066390991,0.25,3.974994659423828,0.7225496768951416,0.5407803654670715,9.99750711510896e-05,0.0,5.362860481481294,4.0640643077927665,0.24218347245345134,0.8945569347690892,0.21052385987462224,0.025913634866073326,0.7610645261970727,0.18051556840136246,0.025613121134606568,105.3624637729519,185.64047847772744,0.2839842231551503,45.79472891838996,105.36246633144854,128.49122657405528,152.53498407414344,183.60485355251726,41.450469970703125,82.0492084710173,180.46667878524116,0.6491779128742943,0.8411972489153363,0.029025396504252062,-0.3749626647469655,0.8138420195593864,0.7576603930600558,0.7560902190143285,0.5346076099426047,0.9497103685515418,0.985794279409101,0.9955230519229442,0.4497103685515418,0.18579427940910098,0.04552305192294426,0.006694661864820665,0.7266726144785103,0.5494505494505495,0.45054945054945056,0.5467032967032966,0.46445941749018627,0.45038085332611105,0.44643761209406696
931,6.155432762550754e-07,6.155432762550754e-07,1.0,8.520435513676825,4.589606981019716,3.144525566616574,3.144525566616574,3.144481388298241,0.0,0.0,0.30993779688268097,1.3615707062386178,0.0804518330338839,1.4503825451876666,0.08243865821812604,0.015489982378140494,0.3471064128585764,0.0,0.0,0.0,0.0,0.9816395720920047,425.37435500686234,102.00276947021484,500.1178283691406,500.1178283691406,1.1921799182891846,0.6777690052986145,0.25,3.965639114379883,0.7228493690490723,0.5446874499320984,8.049940793983838e-05,0.0,5.0114835694029525,3.8350912171441154,0.2347393413481724,0.8949487950350787,0.21052223081524307,0.02594724705291761,0.7610141860472189,0.18048661182055603,0.02564028137036272,,,,,,,,,,,,,,,,,,,,,,,,,,,,,,,,,
932,6.122785950650668e-07,6.122785950650668e-07,1.0,8.500124544710726,4.571200654313371,3.138659380577706,3.138659380577706,3.1385701862541406,0.0,0.0,0.31129012881098567,1.3681012939762425,0.08029614147302266,1.4639135244730357,0.08079394537049371,0.01614214825393582,0.34737085853074046,0.0,0.0,0.0,0.0,0.9990628780545415,423.00983655774917,95.44915771484375,500.1178283691406,500.1178283691406,1.190314531326294,0.6656078100204468,0.25,3.9705886840820312,0.7221037745475769,0.5382392406463623,0.00010516858134075659,0.0,5.92061285473205,4.3502102848645805,0.26524324565696356,0.8941004115182001,0.2099929536516602,0.02591510716120939,0.7609807977805266,0.18053767125348788,0.02563956767522,,,,,,,,,,,,,,,,,,,,,,,,,,,,,,,,,
933,6.090601474929602e-07,6.090601474929602e-07,1.0,8.487577721879289,4.58393465506064,3.122606509440654,3.122606509440654,3.122493151071909,0.0,0.0,0.3098976128810161,1.3423944904997542,0.07904680153808079,1.4437307216025688,0.08301687069438599,0.01602823637123849,0.3409071931162396,0.0,0.0,0.0,0.0,0.9722437778034726,423.0130128602724,95.8227310180664,500.1178283691406,500.1178283691406,1.1937732696533203,0.6726768016815186,0.25,3.9835634231567383,0.7237289547920227,0.5432419776916504,0.00010387020379333985,0.0,5.415254592895508,4.061822627041791,0.2499295171882295,0.8960108757019043,0.21083726915153297,0.026128141310166667,0.7604339026116036,0.18075452140859655,0.02578103285584901,,,,,,,,,,,,,,,,,,,,,,,,,,,,,,,,,
934,6.058879656235799e-07,6.058879656235799e-07,1.0,8.510040747152793,4.602539114049963,3.1173621254998283,3.1173621254998283,3.117261706171809,0.0,0.0,0.31053514093966095,1.3677937952247825,0.08041017301179268,1.4528117212089333,0.08541843858925072,0.016688771508130675,0.3499447083151018,0.0,0.0,0.0,0.0,1.0053551986410811,422.2450965675148,91.0782241821289,500.1178283691406,500.1178283691406,1.1996320486068726,0.6819189190864563,0.25,3.9708032608032227,0.7271520495414734,0.5486984252929688,0.00014866422917921766,0.0,5.9233817055418685,4.3166176757297,0.27125789113149557,0.9002462271097544,0.21187191235052572,0.02620141258513605,0.760711483053259,0.18056271970272064,0.025750172148282464,,,,,,,,,,,,,,,,,,,,,,,,,,,,,,,,,
935,6.02762081080525e-07,6.02762081080525e-07,1.0,8.527988794687632,4.605187261426771,3.1421203742156156,3.1421203742156156,3.1420104890256315,0.0,0.0,0.3123451656586415,1.3393440858737842,0.07903562516376779,1.4501677139385327,0.07979933887317374,0.013670649341735485,0.33504660387296936,0.0,0.0,0.0,0.0,0.9412478949572589,426.93056426177156,107.3163833618164,500.1178283691406,500.1178283691406,1.1941778659820557,0.675407350063324,0.25,3.978928565979004,0.7231382727622986,0.5426621437072754,8.049940793983838e-05,0.0,5.2789770839987575,3.800226744767782,0.2801206210410069,0.8950955416705157,0.21139942713685939,0.026225173493494857,0.7599806125099594,0.18098583535568133,0.02587287993849935,104.46033829909105,179.26138893975659,0.2812213469194912,45.07247505607186,104.46033894508508,128.02633142660977,152.4356728949141,183.71444438924573,43.601510184151785,80.91085259489311,179.76241335661516,0.6520105036750007,0.8391456213842157,0.03452967651283528,-0.37111841826967007,0.8103766878702445,0.7540751604691053,0.7536233043344774,0.5376592825544295,0.9496833802255498,0.9859105368133741,0.9955381031047474,0.44968338022554977,0.1859105368133741,0.045538103104747485,0.006489654388535359,0.7339599815026165,0.5714285714285714,0.42857142857142855,0.5467032967032968,0.4636223110687602,0.44952807256153654,0.44556646392895627
936,5.99682525025856e-07,5.99682525025856e-07,1.0,8.55372900576205,4.607844610471983,3.153508218559059,3.153508218559059,3.153381328325014,0.0,0.0,0.3128254163909603,1.3663959922017277,0.0808073584292386,1.4590291622522715,0.08578785810921644,0.016936396387078473,0.3472656438479552,0.0,0.0,0.0,0.0,0.9955295984809464,424.4239947344806,98.47904205322266,500.1178283691406,500.1178283691406,1.1879531145095825,0.6643738150596619,0.25,3.959430694580078,0.7208648920059204,0.5375704169273376,0.00011166046907784033,0.0,5.9429456253309505,4.240499448131871,0.2864650435202785,0.8925640051429337,0.2096585740108748,0.02580211291442046,0.7612049112448821,0.18043169298687498,0.02558199386741664,,,,,,,,,,,,,,,,,,,,,,,,,,,,,,,,,
937,5.966493281597817e-07,5.966493281597817e-07,1.0,8.610142501624855,4.702518991521887,3.1163147075756177,3.1163147075756177,3.1161523445232495,0.0,0.0,0.31103760406777664,1.3765448476817157,0.08064004486879787,1.450940895724941,0.08415408855354464,0.016979476474728937,0.3520954476820456,0.0,0.0,0.0,0.0,1.0195415390504372,422.89030415303,94.70636749267578,500.1178283691406,500.1178283691406,1.191392183303833,0.672851026058197,0.25,3.9578285217285156,0.722894012928009,0.5430131554603577,9.348318341400585e-05,0.0,5.671324167702649,4.268395304679871,0.24737236340892851,0.895110052985114,0.21012419905211474,0.025845935568213463,0.7614809999594817,0.1802000427568281,0.025566011415542784,,,,,,,,,,,,,,,,,,,,,,,,,,,,,,,,,
938,5.936625207203547e-07,5.936625207203547e-07,1.0,8.590760772292679,4.651356001158018,3.144432712245632,3.144432712245632,3.1443278789520264,0.0,0.0,0.31217310557494293,1.380381796811078,0.08078003553925334,1.4634934760428764,0.08434358581497862,0.016282252275158424,0.34836609057478,0.0,0.0,0.0,0.0,1.004750454747999,422.78478591506547,94.70636749267578,500.1178283691406,500.1178283691406,1.1888883113861084,0.6679401993751526,0.25,3.967069625854492,0.7213237881660461,0.5396544337272644,0.00011101128030413195,0.0,5.281183759908418,3.998027371393668,0.24296757069043967,0.8931109357524563,0.2098839282989502,0.02581967639963369,0.7614798755259127,0.1802004406581054,0.025559755948347015,,,,,,,,,,,,,,,,,,,,,,,,,,,,,,,,,
939,5.907221324831706e-07,5.907221324831706e-07,1.0,8.512888470211545,4.587448145892169,3.142667248442366,3.142667248442366,3.142549585651707,0.0,0.0,0.312060889360067,1.3464996685852875,0.07968161698128726,1.4475370903272886,0.08073278456120878,0.016538979259093065,0.3423993547220488,0.0,0.0,0.0,0.0,0.9862793168506107,420.7049148147171,87.58907318115234,500.1178283691406,500.1178283691406,1.195380687713623,0.6767194271087646,0.25,3.964437484741211,0.7251756191253662,0.5461223721504211,9.932588237738122e-05,0.0,5.415149361700625,3.982568594249519,0.26455055470551325,0.8979362748764657,0.21074088239991987,0.026044284622814204,0.7609715397293503,0.18040870371702555,0.025690550890726013,,,,,,,,,,,,,,,,,,,,,,,,,,,,,,,,,
940,5.878281927610694e-07,5.878281927610694e-07,1.0,8.521192434671763,4.630667325612661,3.1062506340645455,3.1062506340645455,3.1061374561206714,0.0,0.0,0.3097402630625544,1.3450828114071407,0.07922313624137156,1.4547626778886125,0.08370011682445938,0.01682624701611899,0.342777641238393,0.0,0.0,0.0,0.0,0.9945007997590143,418.9208134831609,86.56863403320312,500.1178283691406,500.1178283691406,1.199092984199524,0.6773778796195984,0.25,3.9657821655273438,0.7271882891654968,0.5475679039955139,0.00011360803539896546,0.0,5.537975332221469,4.228097941424395,0.2365264040046993,0.9004200970804369,0.21134123890786558,0.026202412473188864,0.7608008481360771,0.18041236899994514,0.025769929829481487,102.52034011253944,178.42220120447956,0.26841684966688417,37.5122132563329,102.52034104756432,125.4759593119513,149.88366510416378,181.0356850078825,35.96576581682478,77.02460056866786,184.14713187839675,0.6479113029047368,0.8370134686679631,0.03523671269985575,-0.3743559151148911,0.8077243325790323,0.7483830936303442,0.7441787678622072,0.5371280384156435,0.9508786516632335,0.9861217723648884,0.9955443311799763,0.4508786516632335,0.18612177236488836,0.04554433117997636,0.006227556222651614,0.7402332102769469,0.5439560439560439,0.45604395604395603,0.532967032967033,0.45888375425404243,0.4447839264604416,0.44090360644590726
941,5.849807304038432e-07,5.849807304038432e-07,1.0,8.472397920247671,4.57004029042012,3.1103649203841752,3.1103649203841752,3.1102198781193913,0.0,0.0,0.31185850823247757,1.3660911128327653,0.07987849515032124,1.4668645182171383,0.08348467644001986,0.01652329121212903,0.3452732997971612,0.0,0.0,0.0,0.0,1.0083173642287384,423.28890743771115,100.02985382080078,500.1178283691406,500.1178283691406,1.1925839185714722,0.681796133518219,0.25,3.964008331298828,0.7233913540840149,0.5476868152618408,9.672912728254773e-05,0.0,5.747329931001405,4.18044654098717,0.27262805664981626,0.8957238761154381,0.21028015259149913,0.025865231514782518,0.7611947446256071,0.18031541882334529,0.025635626318084227,,,,,,,,,,,,,,,,,,,,,,,,,,,,,,,,,
942,5.82179773797952e-07,5.82179773797952e-07,1.0,8.556549793965107,4.642299819636989,3.122760650273916,3.122760650273916,3.122673343967747,0.0,0.0,0.3107093894803846,1.3794167235090926,0.08069777408161678,1.4583913828875568,0.08163838491246507,0.014800336073479942,0.3492797017097473,0.0,0.0,0.0,0.0,0.9999265702995094,423.60018838418495,96.57428741455078,500.1178283691406,500.1178283691406,1.1955121755599976,0.6843647956848145,0.25,3.9556541442871094,0.7250868678092957,0.5485560297966003,0.00011036209153042358,0.0,5.061882234908439,3.9157847987638936,0.2264172461857514,0.8978173136711121,0.21080993639456258,0.025899481380710732,0.7616019571149671,0.1800682895086907,0.025561453673887898,,,,,,,,,,,,,,,,,,,,,,,,,,,,,,,,,
943,5.794253508662365e-07,5.794253508662365e-07,1.0,8.562821620219463,4.671942182489343,3.092066474863001,3.092066474863001,3.091965720460222,0.0,0.0,0.3122582725576452,1.3891818297875893,0.08133775630110018,1.4712295628882743,0.08466882903028179,0.01645421589145789,0.353306560097514,0.0,0.0,0.0,0.0,1.0181908365842458,419.32957582216005,88.27604675292969,500.1178283691406,500.1178283691406,1.1972134113311768,0.6830379366874695,0.25,3.968700408935547,0.7266372442245483,0.5506411194801331,0.00011945073436234082,0.0,6.550168105073877,4.626856617025427,0.29362780575946107,0.8998778623503607,0.21068451654266668,0.02593098736896708,0.761590422810735,0.17996887862682343,0.025613227255038312,,,,,,,,,,,,,,,,,,,,,,,,,,,,,,,,,
944,5.767174890676412e-07,5.767174890676412e-07,1.0,8.628110498995394,4.7041209066236345,3.1304374901024072,3.1304374901024072,3.1303802503121867,0.0,0.0,0.31096968215865056,1.3825025526252952,0.08134084607701043,1.4557061710873165,0.0844808200726638,0.017311626541856175,0.3490849628641799,0.0,0.0,0.0,0.0,1.0141158410020776,421.26206351615286,90.36944580078125,500.1178283691406,500.1178283691406,1.1935207843780518,0.6756318211555481,0.25,3.959888458251953,0.7247434854507446,0.54653000831604,0.0001376280200261753,0.0,5.919328019425675,4.427033593525758,0.25210537767168845,0.897574922522983,0.20996685326099396,0.02583136469931216,0.761670214098853,0.18001863279858152,0.02555314068858688,,,,,,,,,,,,,,,,,,,,,,,,,,,,,,,,,
945,5.740562153969422e-07,5.740562153969422e-07,1.0,8.533590316772461,4.6348261446566195,3.1160250161145187,3.1160250161145187,3.1158348805195577,0.0,0.0,0.3117702716105693,1.348202170552434,0.07883517383723646,1.4475014241966042,0.08109412573882051,0.015717879749482144,0.33850135593800934,0.0,0.0,0.0,0.0,0.9608767419248014,422.46992698875636,92.15182495117188,500.1178283691406,500.1178283691406,1.1995450258255005,0.6804049015045166,0.25,3.967470169067383,0.7271409034729004,0.5479795336723328,9.802750482996448e-05,0.0,6.1571869689065055,4.189870233471329,0.3195155101461154,0.9003402606861012,0.21138186954163216,0.02632376053244681,0.7606926657058097,0.1804240196943283,0.025802331599029334,100.32878462822883,166.17117927563214,0.2636498106551138,35.85484131613931,100.32878278907512,124.8056583849598,148.66694990893782,179.91351693270755,33.63356018066406,76.10613833286966,178.40678339419156,0.6484140430252407,0.8370114207673537,0.034527923575342505,-0.37403601173109685,0.8076133744551952,0.7491340172436496,0.7458434736592762,0.5365115883012329,0.9512300189073983,0.9863075766092179,0.9956476134275226,0.45123001890739833,0.18630757660921782,0.04564761342752266,0.006249354485952836,0.7394661190112516,0.5604395604395604,0.43956043956043955,0.5338827838827839,0.45646526668589193,0.4425231021839184,0.4386319018245398
946,5.714415563844757e-07,5.714415563844757e-07,1.0,8.514831130569046,4.611297426997004,3.1226773584211194,3.1226773584211194,3.1225893884091764,0.0,0.0,0.31049718727936615,1.3483588051151585,0.07994125390777716,1.4433883364136155,0.07982698908528767,0.014595272069847261,0.34322870301233754,0.0,0.0,0.0,0.0,0.9752637196231533,423.2072151802682,97.71267700195312,500.1178283691406,500.1178283691406,1.1974472999572754,0.683116614818573,0.25,3.96246337890625,0.7262686491012573,0.5497097373008728,8.114859671354676e-05,0.0,4.698439823614584,3.6875655683311255,0.2151510486955172,0.899311811537356,0.21101422567625303,0.025971420109272003,0.7612138084463171,0.18021039785565557,0.025661292712430697,,,,,,,,,,,,,,,,,,,,,,,,,,,,,,,,,
947,5.688735380958747e-07,5.688735380958747e-07,1.0,8.60307504035331,4.665394203082935,3.149362203237173,3.149362203237173,3.149255423932462,0.0,0.0,0.31136515494939443,1.3717085445249402,0.08006627545566172,1.4555365008276862,0.08030451985227095,0.01396375145083545,0.3386726661308392,0.0,0.0,0.0,0.0,0.96755554547181,423.97457803262245,97.71267700195312,500.1178283691406,500.1178283691406,1.1933867931365967,0.6746482849121094,0.25,3.964008331298828,0.7233394384384155,0.5432634949684143,0.0001226966782308827,0.0,4.647183334505236,3.6272074531864478,0.21948260008282638,0.8955171414323755,0.21077684897023277,0.026104069038017375,0.7608701103442425,0.18038760165910464,0.02573262623234375,,,,,,,,,,,,,,,,,,,,,,,,,,,,,,,,,
948,5.663521861318105e-07,5.663521861318105e-07,1.0,8.516282429566255,4.6184295834721745,3.109516923492019,3.109516923492019,3.1094150736525252,0.0,0.0,0.31066536339553624,1.3694857584463584,0.0807719186351106,1.4514121203809172,0.08232681453227997,0.015428696047967753,0.3453771770000458,0.0,0.0,0.0,0.0,0.9881850481033325,421.876333700644,92.51249694824219,500.1178283691406,500.1178283691406,1.1962538957595825,0.6857690811157227,0.25,3.971590042114258,0.725579559803009,0.5511554479598999,9.153561709288074e-05,0.0,5.118708117588146,3.9037099754488147,0.23736421656170137,0.8984276088508399,0.2109267780104199,0.025979557301144342,0.761248305037215,0.18019433118201592,0.025648836247824335,,,,,,,,,,,,,,,,,,,,,,,,,,,,,,,,,
949,5.638775256277343e-07,5.638775256277343e-07,1.0,8.544767573073104,4.64363829509632,3.1085565476804167,3.1085565476804167,3.1084711938290983,0.0,0.0,0.3115682521381894,1.3625577543232892,0.08011488062707153,1.4650676862613574,0.08636354594617277,0.018429454491549247,0.3461161867992298,0.0,0.0,0.0,0.0,1.0072494374739158,417.7548993084882,80.06289672851562,500.1178283691406,500.1178283691406,1.1987594366073608,0.6831121444702148,0.25,3.9631786346435547,0.7269866466522217,0.5500262975692749,0.00012074911190975756,0.0,6.698836681005117,4.7780931930284245,0.28672791701625683,0.9002009195250433,0.21117409097181783,0.026150880683515523,0.7610624803079141,0.1802653702529701,0.02571385630683319,,,,,,,,,,,,,,,,,,,,,,,,,,,,,,,,,
950,5.614495812536286e-07,5.614495812536286e-07,1.0,8.561056407722267,4.637027959565859,3.138125142535648,3.138125142535648,3.1380483653094315,0.0,0.0,0.31120154664323135,1.3558359242774345,0.07940461949722187,1.4526238344811104,0.08261105206769866,0.015858662415396522,0.33971377643379,0.0,0.0,0.0,0.0,0.9849744165265882,422.55225269214526,95.44915771484375,500.1178283691406,500.1178283691406,1.1960489749908447,0.6865525245666504,0.25,3.9768686294555664,0.7247664332389832,0.5501870512962341,0.00010516858134075659,0.0,4.987580246216542,3.820042189714071,0.23408907704054224,0.8972584637435707,0.211292574131811,0.02619289863552596,0.7607641638936223,0.18044409236392459,0.02575641860430305,101.96281548384782,175.85398521427405,0.2662494503635673,35.27213767334655,101.96281720470596,124.5816674780939,148.58039905374136,179.7612065500938,35.066196986607146,76.29395427260287,184.1271508258322,0.6467184191540564,0.8429781421997804,0.023933248161168343,-0.37734746679226894,0.8170485214856155,0.7597555915489449,0.7521822285574168,0.531582646159071,0.9498992868334857,0.9857755951834142,0.9954701132834983,0.4498992868334857,0.18577559518341413,0.04547011328349837,0.006759018642186179,0.7262745366701284,0.5054945054945055,0.4945054945054945,0.5384615384615384,0.4559674628979557,0.44249652698636055,0.43885888855208405
951,5.590683772137622e-07,5.590683772137622e-07,1.0,8.51284596726701,4.598322314185065,3.132969759606026,3.132969759606026,3.1328881173520475,0.0,0.0,0.3114313491292902,1.342536897272677,0.07910524610732053,1.44514448256106,0.08189376010685354,0.016382123985503975,0.33974474144948497,0.0,0.0,0.0,0.0,0.9845546467884166,420.4462684425148,83.90519714355469,500.1178283691406,500.1178283691406,1.1952787637710571,0.6801072359085083,0.25,3.983048439025879,0.7248095273971558,0.5482259392738342,9.932588237738122e-05,0.0,5.213401709053968,4.003200983678973,0.23213264446383897,0.8973835384523546,0.2110237829588555,0.02612382500759653,0.7609184513220916,0.1804289773509309,0.025693753583205713,,,,,,,,,,,,,,,,,,,,,,,,,,,,,,,,,
952,5.567339372464475e-07,5.567339372464475e-07,1.0,8.524303758466566,4.61376462111602,3.1200671518171155,3.1200671518171155,3.1198638065441235,0.0,0.0,0.3113014979942425,1.360791283684808,0.07965526931189201,1.4583179048589758,0.08599691264129974,0.01803526160231716,0.346599957427463,0.0,0.0,0.0,0.0,1.0159139004913535,419.89345488677156,88.27604675292969,500.1178283691406,500.1178283691406,1.194961667060852,0.6721329092979431,0.25,3.965639114379883,0.7252499461174011,0.5441364645957947,0.0001246442445520078,0.0,6.119729628434053,4.59927131678607,0.24845187679264275,0.8981228084177584,0.21040229096605972,0.025968185701483005,0.7613476804784827,0.18023234686336,0.025596755179199012,,,,,,,,,,,,,,,,,,,,,,,,,,,,,,,,,
953,5.544462846238036e-07,5.544462846238036e-07,1.0,8.477595187522269,4.570408988643337,3.11757907351932,3.11757907351932,3.1174560044262862,0.0,0.0,0.31197153474833517,1.3684235424608797,0.07984531449305045,1.4577964447640084,0.08194217679871095,0.015564409801988182,0.34174203953227483,0.0,0.0,0.0,0.0,0.9942812718249656,421.9499214790963,90.72313690185547,500.1178283691406,500.1178283691406,1.1986234188079834,0.6801932454109192,0.25,3.975295066833496,0.7271102666854858,0.5480991005897522,0.00011425722417267383,0.0,5.458924085707278,4.101324698409519,0.24869358246843326,0.9003952886607196,0.21107494065890442,0.026038155966513866,0.760958549138662,0.18040351609925967,0.025689974578248488,,,,,,,,,,,,,,,,,,,,,,,,,,,,,,,,,
954,5.522054421515237e-07,5.522054421515237e-07,1.0,8.730007558255583,4.790539110029066,3.1602116790977686,3.1602116790977686,3.160113186449618,0.0,0.0,0.31018740985844584,1.342399635830441,0.07977019864562396,1.4431027786151782,0.07983905358894451,0.013943233338461534,0.34148747010810954,0.0,0.0,0.0,0.0,0.9621659388413301,422.05783905854094,89.66619110107422,500.1178283691406,500.1178283691406,1.1960844993591309,0.678962230682373,0.25,3.9738073348999023,0.7254996299743652,0.5472741723060608,9.348318341400585e-05,0.0,5.036235583795084,3.810267556358028,0.24342944388499407,0.8983049183278471,0.21096198744065053,0.026091488380287145,0.761057119111757,0.18037322606589343,0.02565047995665589,,,,,,,,,,,,,,,,,,,,,,,,,,,,,,,,,
955,5.500114321686516e-07,5.500114321686516e-07,1.0,8.51504322000452,4.615638726466411,3.114561854182063,3.114561854182063,3.1144555839332373,0.0,0.0,0.31027472985757365,1.3611388174263206,0.08055730254666225,1.444377367560928,0.08140745527438216,0.0159366855498504,0.34903995813550176,0.0,0.0,0.0,0.0,0.9923585653305054,422.58196114205026,93.6030044555664,500.1178283691406,500.1178283691406,1.1996452808380127,0.6886937022209167,0.25,3.961862564086914,0.7275063395500183,0.5529685020446777,0.00010646695888817334,0.0,5.396875927577147,4.181735828116134,0.22515620439814962,0.9008531409340936,0.21135040513567022,0.025951910965346003,0.7611036413424724,0.18028465436922536,0.025677157515609585,107.73635407332536,195.35714715872084,0.29184139335784864,49.16457672957536,107.73635255174689,130.38820391878508,154.55895903807738,185.53384760421253,43.093550545828684,84.68276066743127,182.22359698751697,0.6538367122762665,0.8432263954195407,0.025631580585293145,-0.37480934231475443,0.8170349111015968,0.7624919786102856,0.7570099486706133,0.5338025314114273,0.9486339495494767,0.9854429121649361,0.9954150986189763,0.44863394954947666,0.18544291216493602,0.0454150986189763,0.0067444864666520304,0.7225869971283383,0.5769230769230769,0.4230769230769231,0.553113553113553,0.46846759839208574,0.4542343017982913,0.45029567378562885
956,5.478642765473537e-07,5.478642765473537e-07,1.0,8.498066412435996,4.5671946615786165,3.148068853326746,3.148068853326746,3.148002392536885,0.0,0.0,0.3119343462828043,1.3454513324273598,0.07913397816387382,1.448082195745932,0.08215516523734943,0.014893714414053672,0.3380818197856078,0.0,0.0,0.0,0.0,0.972036012121149,420.7493409852724,87.58907318115234,500.1178283691406,500.1178283691406,1.198096752166748,0.6828945875167847,0.25,3.9761390686035156,0.7256110906600952,0.5477297306060791,0.00010841452520929847,0.0,5.766396672339053,4.1205737043071435,0.2854161899625795,0.8982000318733422,0.2119472155699859,0.02630246672275904,0.7605624472772753,0.18061917899428187,0.025767496308764896,,,,,,,,,,,,,,,,,,,,,,,,,,,,,,,,,
957,5.45763996692705e-07,5.45763996692705e-07,1.0,8.53628751393911,4.625979616835311,3.122638128899239,3.122638128899239,3.1225713974720724,0.0,0.0,0.31036176552643646,1.346956668673335,0.07919957267271506,1.460196166425138,0.08693700354244258,0.01766311039997114,0.34040927685595845,0.0,0.0,0.0,0.0,0.9945004775717452,420.06557650179474,87.24759674072266,500.1178283691406,500.1178283691406,1.1973628997802734,0.6732233762741089,0.25,3.9633216857910156,0.7266671657562256,0.5455423593521118,0.00010776533643559009,0.0,5.923802987949268,4.338990068113482,0.2675330227996703,0.8998281536875544,0.2109917611689181,0.026109763899364986,0.7610235745842392,0.18042359239346273,0.025647565118364385,,,,,,,,,,,,,,,,,,,,,,,,,,,,,,,,,
958,5.437106135424742e-07,5.437106135424742e-07,1.0,8.4832684156057,4.587662400426091,3.1088793535490296,3.1088793535490296,3.1087785862587594,0.0,0.0,0.3112525714410318,1.3541054371240977,0.07936658931745065,1.4560575742979307,0.0829302826644601,0.017013668151874398,0.34228328555016907,0.0,0.0,0.0,0.0,0.9987209809793008,416.97219188793287,78.51434326171875,500.1178283691406,500.1178283691406,1.200408697128296,0.67684406042099,0.25,3.973907470703125,0.7287344336509705,0.5493502616882324,0.00010906371398300684,0.0,5.763991030486855,4.510267496109009,0.21750962618551303,0.9024876774968328,0.21117789076792226,0.026184652856475598,0.7609276594342412,0.18040598969201785,0.02569656557327992,,,,,,,,,,,,,,,,,,,,,,,,,,,,,,,,,
959,5.417041475669145e-07,5.417041475669145e-07,1.0,8.507056725991738,4.620149084039636,3.101700415482392,3.101700415482392,3.1015867864763416,0.0,0.0,0.3110256976372487,1.3446146024240029,0.07918111879277874,1.4555505836332165,0.0846266190747957,0.016628657983666337,0.33871524881672216,0.0,0.0,0.0,0.0,0.9750216458294843,418.3319669156461,81.6419906616211,500.1178283691406,500.1178283691406,1.203296184539795,0.6870222091674805,0.25,3.968442916870117,0.7295053005218506,0.5533155798912048,0.00011425722417267383,0.0,5.488152718221819,4.156339358639073,0.24267060848377017,0.9032627473006377,0.21210270072962786,0.026362566680118844,0.760648161978335,0.1804618976406149,0.025790144865577284,,,,,,,,,,,,,,,,,,,,,,,,,,,,,,,,,
960,5.397446187685595e-07,5.397446187685595e-07,1.0,8.516580517227585,4.62364150382377,3.099003695152901,3.099003695152901,3.0988976311039282,0.0,0.0,0.312029424551371,1.3688341346946922,0.07940094021929277,1.4694427541784338,0.08574611613073864,0.01640785519486746,0.3398194534553064,0.0,0.0,0.0,0.0,0.9889792912715191,419.2371364284206,83.57807159423828,500.1178283691406,500.1178283691406,1.2013176679611206,0.6894834041595459,0.25,3.961261749267578,0.7282218933105469,0.5537282824516296,0.00011555560172009057,0.0,5.951841628229296,4.365798254270811,0.2664794315823119,0.9016585285599167,0.21181728106898232,0.026247074324134236,0.7607083256180222,0.1804374943713884,0.02577500105709643,102.34154043092832,186.46157039420754,0.28203919408440753,42.435905687101595,102.34154332541772,127.07144305834983,151.33626395203112,183.01810039845537,46.80926404680525,80.777291911517,171.26575768512228,0.6565205531801818,0.8398691952433919,0.029844246966220875,-0.3755957023038445,0.8114343581786527,0.7551613893296457,0.7528497191335292,0.5360318910698527,0.9498027516674374,0.9858451420234705,0.9955137098101008,0.44980275166743744,0.18584514202347047,0.04551370981010083,0.006547783090671952,0.7336288555029457,0.5604395604395604,0.43956043956043955,0.5366300366300366,0.46326131578330154,0.44935971559895266,0.44548198977833264
961,5.378320466820252e-07,5.378320466820252e-07,1.0,8.579713293024012,4.678159881282497,3.107371394698684,3.107371394698684,3.107293618691934,0.0,0.0,0.3122480479446617,1.3802765205099776,0.0811341339470567,1.4609121213088165,0.08380587449347651,0.0160463174830216,0.34794151944083135,0.0,0.0,0.0,0.0,1.0062544249199532,420.01994117530614,86.56863403320312,500.1178283691406,500.1178283691406,1.200766682624817,0.6869799494743347,0.25,3.9728775024414062,0.7282698750495911,0.5525035262107849,0.00011555560172009057,0.0,5.969718701130635,4.38433248126829,0.2655713441844556,0.9018076771014446,0.21148426508581317,0.026164508248503145,0.7613911113223514,0.18007484561688192,0.02563200402702834,,,,,,,,,,,,,,,,,,,,,,,,,,,,,,,,,
962,5.359664503738149e-07,5.359664503738149e-07,1.0,8.556833383199331,4.641412348360629,3.124119178668873,3.124119178668873,3.1240605921358675,0.0,0.0,0.31167639510051626,1.362634175532573,0.08025005026846319,1.4621748859817918,0.08518098546443759,0.018029389361775405,0.34364071730020884,0.0,0.0,0.0,0.0,1.0036746666238114,418.0005369444151,84.56327056884766,500.1178283691406,500.1178283691406,1.1976550817489624,0.6783478856086731,0.25,3.9754810333251953,0.7265332937240601,0.5479989051818848,0.00012204748945717431,0.0,6.259865880012512,4.488409551414284,0.28298630714348266,0.8996425045503152,0.2110284985722722,0.026133591812607403,0.7611426936613547,0.1802536800906465,0.025659595641332703,,,,,,,,,,,,,,,,,,,,,,,,,,,,,,,,,
963,5.341478484421271e-07,5.341478484421271e-07,1.0,8.525321522274533,4.6315126676817195,3.112471477405445,3.112471477405445,3.112401414561916,0.0,0.0,0.3104395471714638,1.3433366723962732,0.07997663379520983,1.4437017054171175,0.08223259217433028,0.01654214584394484,0.34228803016043996,0.0,0.0,0.0,0.0,0.9768694043159485,420.22544407200166,84.23358917236328,500.1178283691406,500.1178283691406,1.2016733884811401,0.6843642592430115,0.25,3.971590042114258,0.7285923361778259,0.5517268180847168,0.00010387020379333985,0.0,5.378985425910434,4.126426000852843,0.23286165064215364,0.9021636682587701,0.21173177780331792,0.02624740225036402,0.7608084920290354,0.18030297756195068,0.025779656361083727,,,,,,,,,,,,,,,,,,,,,,,,,,,,,,,,,
964,5.323762590166727e-07,5.323762590166727e-07,1.0,8.549893714286185,4.632125802942224,3.1301095678999618,3.1301095678999618,3.129956902684392,0.0,0.0,0.3110916131251567,1.3561515550355654,0.07913199288619531,1.4557973468625867,0.0847870647101789,0.016362532186699478,0.3392295797128935,0.0,0.0,0.0,0.0,0.986118323094136,422.55221310177365,91.43470001220703,500.1178283691406,500.1178283691406,1.1946841478347778,0.6776647567749023,0.25,3.967069625854492,0.7249011397361755,0.5475585460662842,0.0001252934333257162,0.0,5.075848750165991,3.930761730348742,0.2255951814521271,0.8975872880703694,0.21071256254170392,0.02600504911026439,0.761221566715756,0.18026239888088122,0.025613728860342824,,,,,,,,,,,,,,,,,,,,,,,,,,,,,,,,,
965,5.306516997584928e-07,5.306516997584928e-07,1.0,8.55377653482798,4.642512418128349,3.1179353288702063,3.1179353288702063,3.1178984706466264,0.0,0.0,0.31006334279034586,1.3829610605497618,0.08088349450278927,1.4634137572468937,0.0818745022689974,0.016088749886163184,0.35166673201161464,0.0,0.0,0.0,0.0,1.0141793521674904,420.4779390902133,90.01713562011719,500.1178283691406,500.1178283691406,1.1964290142059326,0.6802642345428467,0.25,3.9661827087402344,0.7260941863059998,0.5477654337882996,0.00012594262209942455,0.0,5.696830572308721,4.254465339957057,0.2531873142520237,0.8991306859093744,0.21081949085802645,0.025954578172516177,0.7617870198713766,0.17996184084866498,0.025496742461581488,108.2995365687779,179.0897203251003,0.2781900723504543,46.337408799391525,108.2995384316252,129.02721901484406,153.25651237836388,183.59739369062086,29.970765250069753,81.69262831340464,194.8341575290846,0.645838054531441,0.8402959512544856,0.028908897509513982,-0.3746386438267773,0.8125254453097852,0.7569428741424378,0.7527040193793311,0.5350245927051521,0.9500980662345421,0.9859619184340128,0.9955650914307393,0.45009806623454207,0.18596191843401277,0.04556509143073939,0.006550378122017336,0.7279779152452382,0.5989010989010989,0.4010989010989011,0.543040293040293,0.4637097018760639,0.4493447076324578,0.44533299102069257
966,5.289741878597831e-07,5.289741878597831e-07,1.0,8.569685781324232,4.647595560228503,3.129531209533279,3.129531209533279,3.1293439349612675,0.0,0.0,0.311402197625186,1.3590872722703058,0.07961756192349098,1.4705244624936902,0.08627082216175827,0.018252863762648525,0.3420123260568928,0.0,0.0,0.0,0.0,1.0003863718058612,419.6081922376478,84.23358917236328,500.1178283691406,500.1178283691406,1.195345163345337,0.6741623282432556,0.25,3.970245361328125,0.7250481843948364,0.5446519255638123,0.00011166046907784033,0.0,7.285469633501929,4.796696991533847,0.34160771606590257,0.897752135186582,0.21077850219365712,0.026172321340119518,0.7611104797672581,0.18031738698482513,0.025635312437205703,,,,,,,,,,,,,,,,,,,,,,,,,,,,,,,,,
967,5.273437400437222e-07,5.273437400437222e-07,1.0,8.521466409837878,4.614581365843077,3.118852789337571,3.118852789337571,3.118739057231594,0.0,0.0,0.311037848124633,1.3616107605599068,0.08002620895166655,1.4504837216557682,0.08410172013414872,0.017926132476360008,0.34703738504164927,0.0,0.0,0.0,0.0,1.0128339851224744,420.6086161845439,91.43470001220703,500.1178283691406,500.1178283691406,1.1979261636734009,0.6808428168296814,0.25,3.958944320678711,0.7267336249351501,0.5485823750495911,0.00012074911190975756,0.0,6.395629844150028,4.685050445633966,0.2674606630151836,0.8999260196814666,0.21098026995723312,0.025994855759514345,0.7614820535118515,0.18007513840456266,0.02557917175864851,,,,,,,,,,,,,,,,,,,,,,,,,,,,,,,,,
968,5.257603725643051e-07,5.257603725643051e-07,1.0,8.53433843561121,4.626027648513381,3.120830052607768,3.120830052607768,3.1207667363656535,0.0,0.0,0.309960681844402,1.353188782124906,0.07966846358534452,1.4612906720187213,0.08431115233012147,0.015678754026019894,0.34260724887654587,0.0,0.0,0.0,0.0,0.9870662318693625,418.8028185045397,87.58907318115234,500.1178283691406,500.1178283691406,1.1973419189453125,0.6779698729515076,0.25,3.9669551849365234,0.7263020277023315,0.5471075177192688,0.00011101128030413195,0.0,5.035453772222674,3.936921522424028,0.21815953427246904,0.8993647678478344,0.21090686603172407,0.026187199797179248,0.7612202296385894,0.18015103726773649,0.02566326767004825,,,,,,,,,,,,,,,,,,,,,,,,,,,,,,,,,
969,5.242241012061819e-07,5.242241012061819e-07,1.0,8.55023126344423,4.645871871226543,3.117463678927035,3.117463678927035,3.117407553904765,0.0,0.0,0.3094319975053942,1.3665416788410496,0.08038237137166229,1.4510279313938037,0.08182949401639603,0.015479962215633006,0.34781718777643666,0.0,0.0,0.0,0.0,0.9925207286267668,419.91041606181375,90.01713562011719,500.1178283691406,500.1178283691406,1.1987318992614746,0.682238757610321,0.25,3.9802732467651367,0.727484941482544,0.5496472120285034,0.00014347071898955066,0.0,4.964054098000398,3.9357141836269482,0.20715727388782523,0.9009180842219172,0.21094012824264732,0.02604226425692842,0.7616374299332902,0.17993658418590958,0.02557139078507552,,,,,,,,,,,,,,,,,,,,,,,,,,,,,,,,,
970,5.227349412844994e-07,5.227349412844994e-07,1.0,8.49412896182086,4.590971759847693,3.11958646774292,3.11958646774292,3.1195363482913456,0.0,0.0,0.31137606582126104,1.3332297286471806,0.07899147735254185,1.4595117053470097,0.08454674915284724,0.016449475572822062,0.33388497539468714,0.0,0.0,0.0,0.0,0.9566970290364446,420.4525921795819,87.931884765625,500.1178283691406,500.1178283691406,1.2026612758636475,0.6852399110794067,0.25,3.960203170776367,0.7288027405738831,0.5516632795333862,0.00010451939256704821,0.0,5.26854504765691,3.993532667288909,0.24200464622297185,0.902328460603147,0.2121410543048704,0.026415444759500993,0.7603586332218067,0.18056131174435486,0.02585992795994153,107.79707172938755,183.44009763093857,0.2817906119752653,48.96333644154308,107.79707213361452,129.9345677030153,154.16270271353346,185.15399775715193,33.35458156040737,82.32615714849427,190.55458068847656,0.6485952714592035,0.8406605260495755,0.03124661778010303,-0.37118092923816537,0.8129008377459772,0.7582957278179316,0.7580368864098446,0.5367718758990785,0.9491519178060152,0.9857828612711813,0.9955256469542896,0.44915191780601516,0.18578286127118127,0.04552564695428962,0.006969735187431329,0.724735683082316,0.5769230769230769,0.4230769230769231,0.5421245421245422,0.46531222613303214,0.45119033504154654,0.44723121089103457
971,5.212929076447473e-07,5.212929076447473e-07,1.0,8.51192147022969,4.597292287929638,3.1324819745244206,3.1324819745244206,3.1324166800524735,0.0,0.0,0.3100691921002156,1.340870154870523,0.07942037083007195,1.4478739532264504,0.08372017076692066,0.017443625671738707,0.33890167321707754,0.0,0.0,0.0,0.0,0.9774214947545851,420.09460779138516,88.96839904785156,500.1178283691406,500.1178283691406,1.1992993354797363,0.6782195568084717,0.25,3.9811744689941406,0.7268694043159485,0.5469090342521667,9.672912728254773e-05,0.0,5.088017126998386,3.8690182582752124,0.23958230451993526,0.899959375729432,0.2114624868373613,0.026384778924890467,0.7605414680532507,0.18046982747477455,0.025822878034936415,,,,,,,,,,,,,,,,,,,,,,,,,,,,,,,,,
972,5.198980146626131e-07,5.198980146626131e-07,1.0,8.701099537514352,4.799903508779165,3.1145222702541866,3.1145222702541866,3.1144101941907727,0.0,0.0,0.31210496296753754,1.3390077030336536,0.07844605155893274,1.4658915416614429,0.0855015927069896,0.015378834610502864,0.3347865616953051,0.0,0.0,0.0,0.0,0.9709255808108562,420.34230495143584,87.24759674072266,500.1178283691406,500.1178283691406,1.1997826099395752,0.6811742186546326,0.25,3.9704742431640625,0.726950466632843,0.5481327176094055,0.00013503126493134179,0.0,5.718826163459468,4.171663907734123,0.27053843070295847,0.8999888864723412,0.21178896040529818,0.026364336444719416,0.7603449144878903,0.18060924958538366,0.025847524706576322,,,,,,,,,,,,,,,,,,,,,,,,,,,,,,,,,
973,5.185502762438379e-07,5.185502762438379e-07,1.0,8.467058671487344,4.564548440881677,3.1169584506266825,3.1169584506266825,3.116871363407857,0.0,0.0,0.31127224822302124,1.341330718349766,0.07893344800214509,1.456043256295694,0.0862755396881619,0.0170228301698493,0.3371264290165257,0.0,0.0,0.0,0.0,0.9911296544848262,419.6699787861592,85.22650909423828,500.1178283691406,500.1178283691406,1.2002196311950684,0.674709141254425,0.25,3.968700408935547,0.7277923822402954,0.5453119277954102,0.0001123096578515487,0.0,5.5024976279284505,4.122915409706734,0.25071927541040917,0.9011787627194379,0.2114598674548639,0.026268687753661257,0.7608801899729548,0.18030070654443792,0.025750840888232797,,,,,,,,,,,,,,,,,,,,,,,,,,,,,,,,,
974,5.172497058240761e-07,5.172497058240761e-07,1.0,8.463005078805459,4.548234243650694,3.1294088750272184,3.1294088750272184,3.1292791495452055,0.0,0.0,0.31042204515354055,1.3465786286302515,0.07834246271365397,1.4551569545591199,0.08504936773632024,0.016620296808714803,0.33903822504185344,0.0,0.0,0.0,0.0,1.0078263604963147,418.0571965398015,83.90519714355469,500.1178283691406,500.1178283691406,1.1973239183425903,0.6782771944999695,0.25,3.9811744689941406,0.7263333201408386,0.5468379259109497,0.0001324345098365083,0.0,5.440612723698488,4.147516113680762,0.23767481268887083,0.8994385471215119,0.2107973445106197,0.02609513377821123,0.7613824863691587,0.1801026105075269,0.025613312584322853,,,,,,,,,,,,,,,,,,,,,,,,,,,,,,,,,
975,5.15996316368762e-07,5.15996316368762e-07,1.0,8.48521360191139,4.565531421352077,3.1366620708156274,3.1366620708156274,3.13657131710568,0.0,0.0,0.3104949553270598,1.3496249463107135,0.0799628841514523,1.4478904202177718,0.08169161649169149,0.01625121365980925,0.3397969228995813,0.0,0.0,0.0,0.0,0.9763600971247699,420.59399166622677,86.23113250732422,500.1178283691406,500.1178283691406,1.1963999271392822,0.6791559457778931,0.25,3.9668121337890625,0.7257165908813477,0.5482402443885803,0.0001278901884205497,0.0,5.259608830954577,4.0215650281390625,0.23538704922868184,0.8986614910331933,0.21068563855983116,0.026024895644671208,0.7609357221706493,0.1803429094520775,0.025703053770435823,106.3843757713234,190.54293900979343,0.2792265788398653,41.87601043365814,106.38437701231604,127.6907972503681,151.93381443143758,183.13550555661976,33.57356698172433,82.15344888849776,185.41622858462125,0.652519486972491,0.8462480459835663,0.01795337774231382,-0.3788245569533384,0.8214308592537872,0.7673635413431297,0.7589961569793328,0.5286202502369937,0.9492583140911759,0.9853718083060725,0.9953574889231087,0.4492583140911759,0.18537180830607247,0.04535748892310876,0.0069837483566964,0.7204559573875093,0.5384615384615384,0.46153846153846156,0.5448717948717949,0.4639210680110769,0.4500339762768248,0.44628788117360285
976,5.147901203729824e-07,5.147901203729824e-07,1.0,8.47384719590883,4.5762484009201465,3.116469988951812,3.116469988951812,3.116358802125261,0.0,0.0,0.3095136188172005,1.3368605214196283,0.07890533635745177,1.4483662006017324,0.08464296383632196,0.015795508550631034,0.33490767833348867,0.0,0.0,0.0,0.0,0.9588741531243196,421.78335241369297,89.66619110107422,500.1178283691406,500.1178283691406,1.197264313697815,0.6762092709541321,0.25,3.9720191955566406,0.7258984446525574,0.5464457869529724,9.73783160562561e-05,0.0,5.122804419414417,3.896347445410651,0.239411243059707,0.8987585145073969,0.21120355741397753,0.026258999431455456,0.7606462465750204,0.18047623094674703,0.025769786305121473,,,,,,,,,,,,,,,,,,,,,,,,,,,,,,,,,
977,5.136311298613507e-07,5.136311298613507e-07,1.0,8.545882173486659,4.646256923675537,3.107249659460944,3.107249659460944,3.1071798930297025,0.0,0.0,0.31175066087697,1.3724640382302773,0.0806881107792661,1.4569337368011475,0.08478136330440238,0.017591698120373325,0.3504522748895594,0.0,0.0,0.0,0.0,1.026592493057251,420.2201373126056,88.27604675292969,500.1178283691406,500.1178283691406,1.197242021560669,0.683788537979126,0.25,3.9668121337890625,0.7268680930137634,0.5514624118804932,8.893886199804724e-05,0.0,5.761600557211283,4.375997311360127,0.24048929322545967,0.9002197110975111,0.21052519856272517,0.025890980167566118,0.76197134481894,0.17981356744830673,0.025483109207974898,,,,,,,,,,,,,,,,,,,,,,,,,,,,,,,,,
978,5.125193563878857e-07,5.125193563878857e-07,1.0,8.492663396371377,4.604093171454765,3.092206297694026,3.092206297694026,3.0921879136884534,0.0,0.0,0.3108309450987223,1.3858243194786277,0.08086085681979721,1.4656171798706055,0.08528354260567073,0.017200763135947084,0.3470457683543901,0.0,0.0,0.0,0.0,1.023577864105637,419.65063146642734,89.31660461425781,500.1178283691406,500.1178283691406,1.1960432529449463,0.6783313155174255,0.25,3.965381622314453,0.7263181805610657,0.5480732321739197,0.00014087396389471715,0.0,6.387396269553417,4.514229771253225,0.2932597915098755,0.8995766833021834,0.21022139610470952,0.02583540160510991,0.7620958234812762,0.17974832734546145,0.025453175141199214,,,,,,,,,,,,,,,,,,,,,,,,,,,,,,,,,
979,5.114548110358991e-07,5.114548110358991e-07,1.0,8.548422040166082,4.661868340260273,3.1027832804499447,3.1027832804499447,3.102626452574859,0.0,0.0,0.3091147566163862,1.3515170361544635,0.0792027202409667,1.4480284677969444,0.0826453648104861,0.017856937254200112,0.34764806080508875,0.0,0.0,0.0,0.0,1.006113522761577,418.78122690561656,82.2823257446289,500.1178283691406,500.1178283691406,1.200070858001709,0.6795969009399414,0.25,3.960660934448242,0.7287469506263733,0.550464928150177,9.283399464029749e-05,0.0,5.6828184723854065,4.3450802467964795,0.23540048517991832,0.9026113039738423,0.2107722320266672,0.026059915437488944,0.7617337252642657,0.17982084767238513,0.025591186272936897,,,,,,,,,,,,,,,,,,,,,,,,,,,,,,,,,
980,5.10437504417884e-07,5.10437504417884e-07,1.0,8.544572804425213,4.6069199265660465,3.1550830699302055,3.1550830699302055,3.1550917625427246,0.0,0.0,0.3109964277293231,1.3447446017651945,0.07929472866896037,1.4486356490367167,0.08217765884222211,0.016226901119021146,0.3388673175831099,0.0,0.0,0.0,0.0,0.9671712533847706,423.30258508630703,93.6030044555664,500.1178283691406,500.1178283691406,1.198548436164856,0.6825118064880371,0.25,3.9704742431640625,0.7267943620681763,0.549772322177887,0.0001097129027567152,0.0,5.273429554861945,4.105094772738379,0.22155122581402378,0.8999472727646699,0.2111937935287888,0.02609205855106985,0.7609448577906635,0.18033789702363917,0.025701527206881625,104.26139154539004,181.8529013261399,0.2746697238754795,39.928008341527246,104.2613897495289,127.11600400279025,151.33143219672542,182.4464545102905,35.792284284319194,79.64213233770326,183.7215695588485,0.6468561455869628,0.8378412659132919,0.033839147342048514,-0.37229295609758095,0.8091486182009956,0.7519118578444851,0.7464357174277118,0.5370978870229941,0.9502745283660281,0.9859484242710168,0.995467518252153,0.4502745283660281,0.18594842427101677,0.045467518252153005,0.0062945080313625106,0.737182491427314,0.5659340659340659,0.4340659340659341,0.5357142857142857,0.4614269268791099,0.4473373345457591,0.4434416005080873
981,5.094674466754063e-07,5.094674466754063e-07,1.0,8.474818590525034,4.57819229847676,3.1102412069166028,3.1102412069166028,3.1101377848032357,0.0,0.0,0.3107632857722205,1.3498825930260323,0.07921559585107339,1.4585316664463766,0.08396955186853537,0.016552660475812248,0.3386261124868651,0.0,0.0,0.0,0.0,0.9789263090571841,421.44181287610854,90.36944580078125,500.1178283691406,500.1178283691406,1.1991177797317505,0.6857888102531433,0.25,3.9699878692626953,0.7271067500114441,0.5514236688613892,0.00014606747408438416,0.0,5.582606521812645,4.055743391449387,0.27350362673733497,0.9002832029316876,0.21148405848322688,0.0261487101481573,0.7609606143590566,0.18036300789665533,0.025685464812291635,,,,,,,,,,,,,,,,,,,,,,,,,,,,,,,,,
982,5.085446474790097e-07,5.085446474790097e-07,1.0,8.492075224180478,4.601997491475698,3.1046191550589897,3.1046191550589897,3.1044952418353104,0.0,0.0,0.30987740046269185,1.3596781282811552,0.07991782696665944,1.4507269150501974,0.08205616776202176,0.015252428821514587,0.34262119676615743,0.0,0.0,0.0,0.0,0.9860765853443662,420.6160459776182,90.36944580078125,500.1178283691406,500.1178283691406,1.1991732120513916,0.6832731366157532,0.25,3.981245994567871,0.7269964814186096,0.5498170256614685,8.828967322433886e-05,0.0,4.886765687852292,3.8937555470982113,0.20320396028451765,0.9001086483130584,0.21160864185642553,0.026137425388033327,0.7612028508572966,0.18020464479923248,0.02564667532774242,,,,,,,,,,,,,,,,,,,,,,,,,,,,,,,,,
983,5.07669116028113e-07,5.07669116028113e-07,1.0,8.544091250445392,4.621546590650404,3.1311941920100033,3.1311941920100033,3.131082096615353,0.0,0.0,0.3097640541759697,1.3704211905195907,0.08045636359098796,1.4584728994885006,0.08520776496545689,0.017378333905661427,0.3486684705760028,0.0,0.0,0.0,0.0,1.0162532361778054,420.7248246476457,88.27604675292969,500.1178283691406,500.1178283691406,1.1945205926895142,0.6711891293525696,0.25,3.9646949768066406,0.7248777747154236,0.5420020222663879,0.0001421723414421339,0.0,5.8427458373275964,4.3084237511093555,0.26260291461180896,0.8976160900012867,0.21051191880896286,0.025866481953778782,0.7620331902761717,0.17986613310672142,0.02543304120568005,,,,,,,,,,,,,,,,,,,,,,,,,,,,,,,,,
984,5.068408610509217e-07,5.068408610509217e-07,1.0,8.546058345485378,4.641239127597293,3.1202373182451404,3.1202373182451404,3.120187978486757,0.0,0.0,0.31193567691622553,1.3428658408087653,0.0789363271481282,1.4540539754403603,0.08479135272067946,0.014656449095471888,0.33484821907571843,0.0,0.0,0.0,0.0,0.9637120833268037,421.59560414907094,91.43470001220703,500.1178283691406,500.1178283691406,1.20194673538208,0.6906468272209167,0.25,3.964437484741211,0.7287257313728333,0.55495685338974,0.00011620479049379895,0.0,4.769578057366449,3.8167897913907027,0.1997636383168522,0.902315798643473,0.21183510607964284,0.026211022122486216,0.7607423614811253,0.1804797407743093,0.025723825284355396,,,,,,,,,,,,,,,,,,,,,,,,,,,,,,,,,
985,5.060598908043414e-07,5.060598908043414e-07,1.0,8.576465684014398,4.668515907751547,3.1172080168852934,3.1172080168852934,3.1171710233430603,0.0,0.0,0.311410423066165,1.3703840584368319,0.08039981156990335,1.45652804825757,0.08390071514893223,0.017153945789244528,0.3418156440193589,0.0,0.0,0.0,0.0,0.997022938083958,421.1105503391575,87.58907318115234,500.1178283691406,500.1178283691406,1.198127269744873,0.6787844300270081,0.25,3.9746084213256836,0.7273292541503906,0.5486630797386169,0.00011036209153042358,0.0,5.695808876205135,4.183035842470221,0.26559406514756645,0.900757689733763,0.21077715021532936,0.02597271932943447,0.761524414693987,0.1801072447686582,0.025548009352909552,103.26142988100156,177.80588958558263,0.2695840892512294,37.61086654663086,103.26143207272975,126.14437787703915,149.96314567649048,181.250692057742,33.26751491001674,78.5891860252203,183.1022312330163,0.6471450618250967,0.840091882883087,0.028560889817049597,-0.3754948333369052,0.8125259887369852,0.7560424901200692,0.7503172688785121,0.5334633319408023,0.9505324744817593,0.9859546523462457,0.9955126717975626,0.45053247448175926,0.18595465234624564,0.04551267179756269,0.006621481980880847,0.7328659162874028,0.532967032967033,0.46703296703296704,0.5347985347985349,0.4591127742941563,0.4453309201277219,0.4415539233321017
986,5.053262130738931e-07,5.053262130738931e-07,1.0,8.50965743451505,4.5889741150108545,3.1351129106573157,3.1351129106573157,3.1350284267116235,0.0,0.0,0.3108860358998582,1.3559595410888259,0.08017850143683923,1.4474576776092116,0.08350458690846288,0.015859417541808373,0.34589452276358734,0.0,0.0,0.0,0.0,0.9935272609865343,421.8195314149599,90.01713562011719,500.1178283691406,500.1178283691406,1.1994209289550781,0.6835995316505432,0.25,3.9731922149658203,0.7271114587783813,0.5486297011375427,0.00012009992313604919,0.0,5.293682737124933,4.018662476861799,0.24085694658679413,0.900243430524259,0.21169823327580015,0.026095191167818534,0.7616881567078668,0.1799396985285991,0.02555582148803247,,,,,,,,,,,,,,,,,,,,,,,,,,,,,,,,,
987,5.046398351736375e-07,5.046398351736375e-07,1.0,8.520802588076204,4.618553470920872,3.114305728190654,3.114305728190654,3.1142003536224365,0.0,0.0,0.31283359511478526,1.3600214880865973,0.08027796084816391,1.449987469492732,0.08371107813877028,0.01644803262693254,0.34348200019952413,0.0,0.0,0.0,0.0,0.9889269052325068,422.1508112726985,90.36944580078125,500.1178283691406,500.1178283691406,1.1979153156280518,0.6829704642295837,0.25,3.9743080139160156,0.727088987827301,0.550766110420227,0.00010841452520929847,0.0,6.1229937753161865,4.440392584414096,0.27480040853303045,0.9004444528270412,0.21077854246706576,0.02594741207320948,0.7616922597627382,0.17999797133175102,0.025525849111176824,,,,,,,,,,,,,,,,,,,,,,,,,,,,,,,,,
988,5.040007639461012e-07,5.040007639461012e-07,1.0,8.467451198680982,4.562761074787861,3.1210726209588953,3.1210726209588953,3.121028726165359,0.0,0.0,0.311080995443705,1.3489003568082243,0.07966712177605242,1.4475854892988462,0.08293355075088707,0.015422451662252078,0.34065685401091705,0.0,0.0,0.0,0.0,0.9859675765037537,420.45048894108953,86.23113250732422,500.1178283691406,500.1178283691406,1.1968059539794922,0.6792303323745728,0.25,3.9678421020507812,0.7263492941856384,0.5482469797134399,9.607993850883935e-05,0.0,5.620614815402675,4.185359481218699,0.2553555760929956,0.8995159719441388,0.21059103390655,0.025988423693421726,0.7615640243968448,0.1800511116917069,0.025559530366916914,,,,,,,,,,,,,,,,,,,,,,,,,,,,,,,,,
989,5.034090057622101e-07,5.034090057622101e-07,1.0,8.518476627968454,4.626463529225942,3.109002429085809,3.109002429085809,3.108915071229677,0.0,0.0,0.31057817388225245,1.3450071022317216,0.07927566706328779,1.4515983961723946,0.08249096733492774,0.015062059917663401,0.3393636784843496,0.0,0.0,0.0,0.0,0.9774663383896286,421.61243088180953,92.87458038330078,500.1178283691406,500.1178283691406,1.200607419013977,0.6867870092391968,0.25,3.956684112548828,0.7277376055717468,0.5511847734451294,9.672912728254773e-05,0.0,5.279721007153794,4.034556456514307,0.235839081071205,0.9010242368723895,0.21181651708242055,0.026226537352478183,0.7610902238536525,0.180234828913534,0.02569409233291407,,,,,,,,,,,,,,,,,,,,,,,,,,,,,,,,,
990,5.02864566521223e-07,5.02864566521223e-07,1.0,8.549695517565754,4.65435798103745,3.0994006814183415,3.0994006814183415,3.0993602533598206,0.0,0.0,0.3115274656463314,1.3768248558044434,0.08055718947906752,1.471078373290397,0.08461494844507526,0.017512693976026936,0.35204457189585714,0.0,0.0,0.0,0.0,1.0234465969575417,418.15749049831084,83.57807159423828,500.1178283691406,500.1178283691406,1.2009649276733398,0.6775416135787964,0.25,3.9558258056640625,0.7292606830596924,0.5482364892959595,9.283399464029749e-05,0.0,6.107304460293538,4.453542180963464,0.27078431902027494,0.9032287984280973,0.21102408823129293,0.026004948829476897,0.7618195060137156,0.17989701475646044,0.02552605138437168,108.19922088790726,188.47390565380618,0.28253204208173055,46.49059668740073,108.19922054009182,129.72492323511383,153.83122665854748,184.5064658792497,31.01736559186663,83.6845808398816,188.69186335024625,0.6490958150278996,0.8417700529773255,0.024667708836336854,-0.376511978944963,0.8141998852681416,0.7605881146227392,0.7585135529164155,0.5338466177736342,0.9496351126425256,0.9857309606442736,0.9954633662020004,0.44963511264252565,0.18573096064427352,0.04546336620200042,0.006963507112202409,0.7245213334931873,0.5824175824175825,0.4175824175824176,0.5402930402930403,0.46585978080446905,0.45166626490734435,0.44773219738687786
991,5.023674516506744e-07,5.023674516506744e-07,1.0,8.519449491758603,4.6087836574863745,3.123130379496394,3.123130379496394,3.123104714058541,0.0,0.0,0.3111913614981883,1.3555548416601646,0.08014113143891902,1.4595121435216956,0.0833240424257678,0.01461898535490036,0.3411477751828529,0.0,0.0,0.0,0.0,0.965632084253672,422.60236750422297,94.70636749267578,500.1178283691406,500.1178283691406,1.2008253335952759,0.6865004301071167,0.25,3.965639114379883,0.7286483645439148,0.5528051853179932,0.00010192263747221472,0.0,4.807601453484716,3.8071312678826823,0.2081017312441442,0.9023320964864783,0.21143227976721687,0.0259421743653916,0.7612730200226242,0.18027535242003365,0.025580376285958936,,,,,,,,,,,,,,,,,,,,,,,,,,,,,,,,,
992,5.019176661063224e-07,5.019176661063224e-07,1.0,8.553903579711914,4.6146696838172705,3.1625149701092696,3.1625149701092696,3.1623931704340755,0.0,0.0,0.3121957424524668,1.3351631132332054,0.0796755747617902,1.4351143353694193,0.07877632139905079,0.015088344055756524,0.33893479004099564,0.0,0.0,0.0,0.0,0.9540905179204168,423.5797581028294,93.23808288574219,500.1178283691406,500.1178283691406,1.1947534084320068,0.674406111240387,0.25,3.966554641723633,0.7245409488677979,0.5441715121269226,9.348318341400585e-05,0.0,5.246470815426594,3.9058441278096794,0.25552923761149476,0.897096200569256,0.21076350397354848,0.026099066929639998,0.7610344677358061,0.18039744286923795,0.02563281176058022,,,,,,,,,,,,,,,,,,,,,,,,,,,,,,,,,
993,5.015152143720954e-07,5.015152143720954e-07,1.0,8.538751511960417,4.621596394358455,3.1337440529385128,3.1337440529385128,3.133608424985731,0.0,0.0,0.31033454231313756,1.363717860466725,0.08049032585443677,1.4384118640745007,0.0802000744922741,0.01669535244110267,0.3432923680221712,0.0,0.0,0.0,0.0,0.9871645118739154,420.9737565324113,88.96839904785156,500.1178283691406,500.1178283691406,1.1967028379440308,0.6793855428695679,0.25,3.9764108657836914,0.7263175249099731,0.5488508343696594,8.569291812950537e-05,0.0,5.9703217164890185,4.383521709893201,0.26578132334365573,0.8994480403693946,0.2107301946427371,0.025890642424692977,0.7614880719700375,0.18021519764049634,0.02551679585028339,,,,,,,,,,,,,,,,,,,,,,,,,,,,,,,,,
994,5.011601004600491e-07,5.011601004600491e-07,1.0,8.55000521685626,4.651716644699509,3.1067858000059387,3.1067858000059387,3.106666784028749,0.0,0.0,0.3109709411054044,1.3642906240514807,0.07923296526879878,1.4689536513508976,0.0839945870275433,0.0158300309165104,0.34146985935198293,0.0,0.0,0.0,0.0,0.9898204223529713,422.19656042150547,94.33715057373047,500.1178283691406,500.1178283691406,1.1954389810562134,0.673632800579071,0.25,3.9575138092041016,0.7250251173973083,0.5430430769920349,0.0001278901884205497,0.0,4.723156571388245,3.731600171810872,0.2099351111042951,0.8976386302226299,0.2111761143078675,0.026005232958374796,0.7611978778967986,0.18040105257485364,0.025564637286840258,,,,,,,,,,,,,,,,,,,,,,,,,,,,,,,,,
995,5.008523279103279e-07,5.008523279103279e-07,1.0,8.480996170559445,4.592616003912848,3.107268133678952,3.107268133678952,3.107209740458308,0.0,0.0,0.3105199401443069,1.3427494667671822,0.07869723912429165,1.4460350500570762,0.0820227824151516,0.016009911517235072,0.33624996889281916,0.0,0.0,0.0,0.0,0.9766901022679096,420.48285654428844,87.931884765625,500.1178283691406,500.1178283691406,1.1987367868423462,0.6792114973068237,0.25,3.9712467193603516,0.7267627716064453,0.5480542778968811,0.00012139830068346594,0.0,5.979547979058446,4.278486712558849,0.28447990926020633,0.8998495549769014,0.21139296164383758,0.02620790244357006,0.7606553435325623,0.18056159849102432,0.02573594783206244,107.7149908883231,183.81964804958275,0.2857627210776936,48.566185081398096,107.7149911102377,129.937600248625,154.4823280946035,185.6198302562569,41.85885729108538,82.34060935086983,188.89516813858697,0.6500686459264912,0.8384182869880752,0.03561215726982672,-0.3676912155537613,0.8099745332558236,0.7546006336681991,0.7516799928085365,0.5392131169265307,0.9492349588090675,0.9856863261051331,0.9954187316628598,0.4492349588090675,0.18568632610513303,0.04541873166285981,0.006349522695884644,0.7335463335061624,0.5989010989010989,0.4010989010989011,0.5512820512820512,0.46596740345869747,0.45160074503375935,0.447579978709365
996,5.005918997911279e-07,5.005918997911279e-07,1.0,8.549806968585864,4.652622003813048,3.1087167520780823,3.1087167520780823,3.1086334602252856,0.0,0.0,0.3110327156814369,1.359265130919379,0.07965753720821561,1.461002282194189,0.08287413156515844,0.016434139823792753,0.3406077756269558,0.0,0.0,0.0,0.0,0.9929369704143421,418.9674715609164,83.25223541259766,500.1178283691406,500.1178283691406,1.1970150470733643,0.6776571273803711,0.25,3.9699878692626953,0.7265656590461731,0.5486263632774353,0.00011036209153042358,0.0,6.2018676061888,4.510778011502446,0.2726742494468645,0.8997514779503281,0.21078464026386673,0.026007126664390433,0.7613451851380838,0.1802167002413724,0.025585363291808078,,,,,,,,,,,,,,,,,,,,,,,,,,,,,,,,,
997,5.003788186986664e-07,5.003788186986664e-07,1.0,8.500745695990485,4.597544141717859,3.1127265337351204,3.1127265337351204,3.1126638103175805,0.0,0.0,0.3116544042084668,1.3685993793848399,0.08084582930078378,1.4517389117060482,0.08549196232815047,0.015745471269395704,0.34775456987522746,0.0,0.0,0.0,0.0,1.0018638710717898,422.3840142327386,91.0782241821289,500.1178283691406,500.1178283691406,1.1940488815307617,0.6772651076316833,0.25,3.9605178833007812,0.7247270941734314,0.5463820695877075,0.00010387020379333985,0.0,5.7146570924166085,4.132019117071822,0.27694364679290356,0.8974462232074222,0.2104196749828957,0.02579270338488592,0.7618161294911359,0.18002978007535678,0.025462634660102224,,,,,,,,,,,,,,,,,,,,,,,,,,,,,,,,,
998,5.002130867571576e-07,5.002130867571576e-07,1.0,8.575790779010669,4.667492918066077,3.1206950883607605,3.1206950883607605,3.120611351889533,0.0,0.0,0.3089914112477689,1.364964858905689,0.08027667360934052,1.4539539524026819,0.08314744936856064,0.016693277196404902,0.34435540115511093,0.0,0.0,0.0,0.0,0.999250460315395,421.7422435863598,89.31660461425781,500.1178283691406,500.1178283691406,1.1930629014968872,0.6787503957748413,0.25,3.9818897247314453,0.7243369221687317,0.547441303730011,9.47815609614226e-05,0.0,5.129768097722852,4.078616722210033,0.2049120653191777,0.8970194088446127,0.21006138300573504,0.025803996652767464,0.762011598896336,0.1799419151770102,0.025408206255854788,,,,,,,,,,,,,,,,,,,,,,,,,,,,,,,,,
999,5.00094705618788e-07,5.00094705618788e-07,1.0,8.443608722171268,4.5527561033094255,3.10387092667657,3.10387092667657,3.103772511353364,0.0,0.0,0.31227043029424306,1.3504954125430133,0.07955970242619514,1.4577905487369847,0.08369818611724957,0.01582492105159405,0.34021125492211934,0.0,0.0,0.0,0.0,0.9843290705938597,419.16436932538005,85.22650909423828,500.1178283691406,500.1178283691406,1.1994307041168213,0.6801218390464783,0.25,3.9721336364746094,0.7282122373580933,0.5501633286476135,0.00014087396389471715,0.0,6.009382824640016,4.3516372152276945,0.27585954461332335,0.9018981247334867,0.2108520559362463,0.025968134151519957,0.761444507418452,0.18016221031949325,0.025564194077978265,,,,,,,,,,,,,,,,,,,,,,,,,,,,,,,,,
1000,5.000236764637049e-07,5.000236764637049e-07,1.0,8.563791133262015,4.649789797293173,3.123856544494629,3.123856544494629,3.123807546254751,0.0,0.0,0.3102641476167215,1.369815385019457,0.08046144730335958,1.4582190545829568,0.08289710452427736,0.016785015553437376,0.3478684393135277,0.0,0.0,0.0,0.0,1.0139504928846617,419.3595160406989,86.23113250732422,500.1178283691406,500.1178283691406,1.197164535522461,0.6746705174446106,0.25,3.9666976928710938,0.7269881367683411,0.5458310842514038,0.00013697883125246693,0.0,6.079779270532969,4.450346552036904,0.2680085322165363,0.9004301267701227,0.2103128932617806,0.02589253170063367,0.7621170636769887,0.17977366656870455,0.02544172274301181,107.04859362591753,186.59064791318985,0.2809859442181518,45.452587421123795,107.04859340442334,129.07104707131197,153.7028216700151,184.5082440549899,37.698477608816965,81.60646317356317,188.9504553753397,0.6522119482747791,0.8405600338114789,0.028280311559793526,-0.3736735856768613,0.8129323569228678,0.7587867961892921,0.7531687027107828,0.5356259306012748,0.9494352952289311,0.9857179854875467,0.9954457199888518,0.4494352952289311,0.1857179854875467,0.04544571998885183,0.0065944936548888574,0.7295676314474202,0.5714285714285714,0.42857142857142855,0.5476190476190477,0.464950030116917,0.4507724919489452,0.4468438764522364
